stream,intervention,source,policy,dataset,decoder,mean,minimum,maximum,positive,negative,seeds
fresh,initial_background_trained_readout,cp_hk,lowest_shuffled,covid_political,M2_post_meta/prototype,-0.019229088300540115,-0.04361272741247113,-0.0026728312174478797,0,3,3
fresh,initial_background_trained_readout,cp_hk,lowest_shuffled,covid_political,M2_post_meta/ridge,-0.014767493730709921,-0.03752870912905093,0.0014323481807002603,1,2,3
fresh,initial_background_trained_readout,cp_hk,lowest_shuffled,covid_political,S0_conv_center/prototype,0.0,0.0,0.0,0,0,3
fresh,initial_background_trained_readout,cp_hk,lowest_shuffled,covid_political,S0_conv_center/ridge,0.0,0.0,0.0,0,0,3
fresh,initial_background_trained_readout,cp_hk,lowest_shuffled,covid_political,S0_pool/prototype,0.0,0.0,0.0,0,0,3
fresh,initial_background_trained_readout,cp_hk,lowest_shuffled,covid_political,S0_pool/ridge,0.0,0.0,0.0,0,0,3
fresh,initial_background_trained_readout,cp_hk,lowest_shuffled,covid_political,U1_pre_meta/prototype,-0.02197350396050346,-0.05480561433015052,-0.003981978804976749,0,3,3
fresh,initial_background_trained_readout,cp_hk,lowest_shuffled,covid_political,U1_pre_meta/ridge,-0.02879390010127314,-0.05609356915509256,-0.01441277398003471,0,3,3
fresh,initial_background_trained_readout,cp_hk,lowest_shuffled,covid_political,final_input/prototype,-0.019229088300540115,-0.04361272741247113,-0.0026728312174478797,0,3,3
fresh,initial_background_trained_readout,cp_hk,lowest_shuffled,covid_political,final_input/ridge,-0.014767493730709921,-0.03752870912905093,0.0014323481807002603,1,2,3
fresh,initial_background_trained_readout,cp_hk,lowest_shuffled,covid_political,full_model,0.09319051106770837,-0.03417431866681131,0.2835049099392362,2,1,3
fresh,initial_background_trained_readout,cp_hk,lowest_shuffled,covid_political,raw_center/prototype,0.0,0.0,0.0,0,0,3
fresh,initial_background_trained_readout,cp_hk,lowest_shuffled,covid_political,raw_center/ridge,0.0,0.0,0.0,0,0,3
fresh,initial_background_trained_readout,cp_hk,lowest_shuffled,covid_political,raw_context/prototype,1.1102230246251565e-16,1.1102230246251565e-16,1.1102230246251565e-16,3,0,3
fresh,initial_background_trained_readout,cp_hk,lowest_shuffled,covid_political,raw_context/ridge,0.0,0.0,0.0,0,0,3
fresh,initial_background_trained_readout,cp_hk,lowest_shuffled,covid_political,raw_joint/prototype,0.0,0.0,0.0,0,0,3
fresh,initial_background_trained_readout,cp_hk,lowest_shuffled,covid_political,raw_joint/ridge,0.0,0.0,0.0,0,0,3
fresh,initial_background_trained_readout,cp_hk,lowest_shuffled,election2020,M2_post_meta/prototype,-0.03857421875,-0.065399169921875,0.00091552734375,1,2,3
fresh,initial_background_trained_readout,cp_hk,lowest_shuffled,election2020,M2_post_meta/ridge,-0.034505208333333336,-0.059326171875,0.00421142578125,1,2,3
fresh,initial_background_trained_readout,cp_hk,lowest_shuffled,election2020,S0_conv_center/prototype,0.0,0.0,0.0,0,0,3
fresh,initial_background_trained_readout,cp_hk,lowest_shuffled,election2020,S0_conv_center/ridge,0.0,0.0,0.0,0,0,3
fresh,initial_background_trained_readout,cp_hk,lowest_shuffled,election2020,S0_pool/prototype,0.0,0.0,0.0,0,0,3
fresh,initial_background_trained_readout,cp_hk,lowest_shuffled,election2020,S0_pool/ridge,0.0,0.0,0.0,0,0,3
fresh,initial_background_trained_readout,cp_hk,lowest_shuffled,election2020,U1_pre_meta/prototype,-0.035247802734375,-0.056640625,0.006011962890625,1,2,3
fresh,initial_background_trained_readout,cp_hk,lowest_shuffled,election2020,U1_pre_meta/ridge,-0.059061686197916664,-0.08258056640625,-0.02117919921875,0,3,3
fresh,initial_background_trained_readout,cp_hk,lowest_shuffled,election2020,final_input/prototype,-0.03857421875,-0.065399169921875,0.00091552734375,1,2,3
fresh,initial_background_trained_readout,cp_hk,lowest_shuffled,election2020,final_input/ridge,-0.034505208333333336,-0.059326171875,0.00421142578125,1,2,3
fresh,initial_background_trained_readout,cp_hk,lowest_shuffled,election2020,full_model,0.21507771809895834,0.0380859375,0.479156494140625,3,0,3
fresh,initial_background_trained_readout,cp_hk,lowest_shuffled,election2020,raw_center/prototype,0.0,0.0,0.0,0,0,3
fresh,initial_background_trained_readout,cp_hk,lowest_shuffled,election2020,raw_center/ridge,0.0,0.0,0.0,0,0,3
fresh,initial_background_trained_readout,cp_hk,lowest_shuffled,election2020,raw_context/prototype,0.0,0.0,0.0,0,0,3
fresh,initial_background_trained_readout,cp_hk,lowest_shuffled,election2020,raw_context/ridge,0.0,0.0,0.0,0,0,3
fresh,initial_background_trained_readout,cp_hk,lowest_shuffled,election2020,raw_joint/prototype,0.0,0.0,0.0,0,0,3
fresh,initial_background_trained_readout,cp_hk,lowest_shuffled,election2020,raw_joint/ridge,0.0,0.0,0.0,0,0,3
fresh,initial_background_trained_readout,cp_hk,lowest_shuffled,facebook_page_reference,M2_post_meta/prototype,-0.07919820149739583,-0.12853240966796875,-0.029897689819335938,0,3,3
fresh,initial_background_trained_readout,cp_hk,lowest_shuffled,facebook_page_reference,M2_post_meta/ridge,-0.07146453857421875,-0.12346267700195312,-0.01833343505859375,0,3,3
fresh,initial_background_trained_readout,cp_hk,lowest_shuffled,facebook_page_reference,S0_conv_center/prototype,0.0,0.0,0.0,0,0,3
fresh,initial_background_trained_readout,cp_hk,lowest_shuffled,facebook_page_reference,S0_conv_center/ridge,0.0,0.0,0.0,0,0,3
fresh,initial_background_trained_readout,cp_hk,lowest_shuffled,facebook_page_reference,S0_pool/prototype,0.0,0.0,0.0,0,0,3
fresh,initial_background_trained_readout,cp_hk,lowest_shuffled,facebook_page_reference,S0_pool/ridge,0.0,0.0,0.0,0,0,3
fresh,initial_background_trained_readout,cp_hk,lowest_shuffled,facebook_page_reference,U1_pre_meta/prototype,-0.09210205078125,-0.1302204132080078,-0.05658149719238281,0,3,3
fresh,initial_background_trained_readout,cp_hk,lowest_shuffled,facebook_page_reference,U1_pre_meta/ridge,-0.0928967793782552,-0.1308116912841797,-0.059040069580078125,0,3,3
fresh,initial_background_trained_readout,cp_hk,lowest_shuffled,facebook_page_reference,final_input/prototype,-0.07919820149739583,-0.12853240966796875,-0.029897689819335938,0,3,3
fresh,initial_background_trained_readout,cp_hk,lowest_shuffled,facebook_page_reference,final_input/ridge,-0.07146453857421875,-0.12346267700195312,-0.01833343505859375,0,3,3
fresh,initial_background_trained_readout,cp_hk,lowest_shuffled,facebook_page_reference,full_model,0.005908330281575558,0.0025520324707031805,0.010711669921875056,3,0,3
fresh,initial_background_trained_readout,cp_hk,lowest_shuffled,facebook_page_reference,raw_center/prototype,-1.1102230246251565e-16,-1.1102230246251565e-16,-1.1102230246251565e-16,0,3,3
fresh,initial_background_trained_readout,cp_hk,lowest_shuffled,facebook_page_reference,raw_center/ridge,0.0,0.0,0.0,0,0,3
fresh,initial_background_trained_readout,cp_hk,lowest_shuffled,facebook_page_reference,raw_context/prototype,0.0,0.0,0.0,0,0,3
fresh,initial_background_trained_readout,cp_hk,lowest_shuffled,facebook_page_reference,raw_context/ridge,0.0,0.0,0.0,0,0,3
fresh,initial_background_trained_readout,cp_hk,lowest_shuffled,facebook_page_reference,raw_joint/prototype,0.0,0.0,0.0,0,0,3
fresh,initial_background_trained_readout,cp_hk,lowest_shuffled,facebook_page_reference,raw_joint/ridge,-1.1102230246251565e-16,-1.1102230246251565e-16,-1.1102230246251565e-16,0,3,3
fresh,initial_background_trained_readout,cp_hk,lowest_shuffled,twibot20,M2_post_meta/prototype,-0.002712320398401339,-0.012497372097439507,0.002223968505859486,2,1,3
fresh,initial_background_trained_readout,cp_hk,lowest_shuffled,twibot20,M2_post_meta/ridge,-0.002088122897677976,-0.012270821465386272,0.0032251146104600448,2,1,3
fresh,initial_background_trained_readout,cp_hk,lowest_shuffled,twibot20,S0_conv_center/prototype,0.0,0.0,0.0,0,0,3
fresh,initial_background_trained_readout,cp_hk,lowest_shuffled,twibot20,S0_conv_center/ridge,0.0,0.0,0.0,0,0,3
fresh,initial_background_trained_readout,cp_hk,lowest_shuffled,twibot20,S0_pool/prototype,0.0,0.0,0.0,0,0,3
fresh,initial_background_trained_readout,cp_hk,lowest_shuffled,twibot20,S0_pool/ridge,0.0,0.0,0.0,0,0,3
fresh,initial_background_trained_readout,cp_hk,lowest_shuffled,twibot20,U1_pre_meta/prototype,-0.0013234880235459823,-0.008735020955403683,0.003556781344943638,2,1,3
fresh,initial_background_trained_readout,cp_hk,lowest_shuffled,twibot20,U1_pre_meta/ridge,-0.0022340703893590406,-0.010179943508571987,0.002546734280056473,2,1,3
fresh,initial_background_trained_readout,cp_hk,lowest_shuffled,twibot20,final_input/prototype,-0.002712320398401339,-0.012497372097439507,0.002223968505859486,2,1,3
fresh,initial_background_trained_readout,cp_hk,lowest_shuffled,twibot20,final_input/ridge,-0.002088122897677976,-0.012270821465386272,0.0032251146104600448,2,1,3
fresh,initial_background_trained_readout,cp_hk,lowest_shuffled,twibot20,full_model,0.0025395287407768787,-0.22324180603027338,0.29237429300944007,1,2,3
fresh,initial_background_trained_readout,cp_hk,lowest_shuffled,twibot20,raw_center/prototype,0.0,0.0,0.0,0,0,3
fresh,initial_background_trained_readout,cp_hk,lowest_shuffled,twibot20,raw_center/ridge,0.0,0.0,0.0,0,0,3
fresh,initial_background_trained_readout,cp_hk,lowest_shuffled,twibot20,raw_context/prototype,0.0,0.0,0.0,0,0,3
fresh,initial_background_trained_readout,cp_hk,lowest_shuffled,twibot20,raw_context/ridge,0.0,0.0,0.0,0,0,3
fresh,initial_background_trained_readout,cp_hk,lowest_shuffled,twibot20,raw_joint/prototype,0.0,0.0,0.0,0,0,3
fresh,initial_background_trained_readout,cp_hk,lowest_shuffled,twibot20,raw_joint/ridge,0.0,0.0,0.0,0,0,3
fresh,initial_background_trained_readout,cp_hk,lowest_shuffled,ukr_rus_suspended,M2_post_meta/prototype,-0.00640869140625,-0.013580322265625,0.005096435546875,1,2,3
fresh,initial_background_trained_readout,cp_hk,lowest_shuffled,ukr_rus_suspended,M2_post_meta/ridge,-0.006846110026041667,-0.012969970703125,0.00286865234375,1,2,3
fresh,initial_background_trained_readout,cp_hk,lowest_shuffled,ukr_rus_suspended,S0_conv_center/prototype,0.0,0.0,0.0,0,0,3
fresh,initial_background_trained_readout,cp_hk,lowest_shuffled,ukr_rus_suspended,S0_conv_center/ridge,0.0,0.0,0.0,0,0,3
fresh,initial_background_trained_readout,cp_hk,lowest_shuffled,ukr_rus_suspended,S0_pool/prototype,0.0,0.0,0.0,0,0,3
fresh,initial_background_trained_readout,cp_hk,lowest_shuffled,ukr_rus_suspended,S0_pool/ridge,0.0,0.0,0.0,0,0,3
fresh,initial_background_trained_readout,cp_hk,lowest_shuffled,ukr_rus_suspended,U1_pre_meta/prototype,-0.006947835286458333,-0.01702880859375,0.009796142578125,1,2,3
fresh,initial_background_trained_readout,cp_hk,lowest_shuffled,ukr_rus_suspended,U1_pre_meta/ridge,-0.005228678385416667,-0.015380859375,0.011474609375,1,2,3
fresh,initial_background_trained_readout,cp_hk,lowest_shuffled,ukr_rus_suspended,final_input/prototype,-0.00640869140625,-0.013580322265625,0.005096435546875,1,2,3
fresh,initial_background_trained_readout,cp_hk,lowest_shuffled,ukr_rus_suspended,final_input/ridge,-0.006846110026041667,-0.012969970703125,0.00286865234375,1,2,3
fresh,initial_background_trained_readout,cp_hk,lowest_shuffled,ukr_rus_suspended,full_model,-0.007598876953125,-0.017669677734375,0.007904052734375,1,2,3
fresh,initial_background_trained_readout,cp_hk,lowest_shuffled,ukr_rus_suspended,raw_center/prototype,0.0,0.0,0.0,0,0,3
fresh,initial_background_trained_readout,cp_hk,lowest_shuffled,ukr_rus_suspended,raw_center/ridge,0.0,0.0,0.0,0,0,3
fresh,initial_background_trained_readout,cp_hk,lowest_shuffled,ukr_rus_suspended,raw_context/prototype,0.0,0.0,0.0,0,0,3
fresh,initial_background_trained_readout,cp_hk,lowest_shuffled,ukr_rus_suspended,raw_context/ridge,0.0,0.0,0.0,0,0,3
fresh,initial_background_trained_readout,cp_hk,lowest_shuffled,ukr_rus_suspended,raw_joint/prototype,0.0,0.0,0.0,0,0,3
fresh,initial_background_trained_readout,cp_hk,lowest_shuffled,ukr_rus_suspended,raw_joint/ridge,0.0,0.0,0.0,0,0,3
fresh,initial_background_trained_readout,cp_hk,lowest_sorted,covid_political,M2_post_meta/prototype,-0.01695665901089897,-0.03295418068214695,0.0044747811776619795,1,2,3
fresh,initial_background_trained_readout,cp_hk,lowest_sorted,covid_political,M2_post_meta/ridge,-0.01112346884645062,-0.02757658781828698,0.01084871645326968,1,2,3
fresh,initial_background_trained_readout,cp_hk,lowest_sorted,covid_political,S0_conv_center/prototype,0.0,0.0,0.0,0,0,3
fresh,initial_background_trained_readout,cp_hk,lowest_sorted,covid_political,S0_conv_center/ridge,0.0,0.0,0.0,0,0,3
fresh,initial_background_trained_readout,cp_hk,lowest_sorted,covid_political,S0_pool/prototype,0.0,0.0,0.0,0,0,3
fresh,initial_background_trained_readout,cp_hk,lowest_sorted,covid_political,S0_pool/ridge,0.0,0.0,0.0,0,0,3
fresh,initial_background_trained_readout,cp_hk,lowest_sorted,covid_political,U1_pre_meta/prototype,-0.013582677017023573,-0.02136117440682872,-0.00018762659143534144,0,3,3
fresh,initial_background_trained_readout,cp_hk,lowest_sorted,covid_political,U1_pre_meta/ridge,-0.017058761031539322,-0.02757800066912619,-0.002983093261718639,0,3,3
fresh,initial_background_trained_readout,cp_hk,lowest_sorted,covid_political,final_input/prototype,-0.01695665901089897,-0.03295418068214695,0.0044747811776619795,1,2,3
fresh,initial_background_trained_readout,cp_hk,lowest_sorted,covid_political,final_input/ridge,-0.01112346884645062,-0.02757658781828698,0.01084871645326968,1,2,3
fresh,initial_background_trained_readout,cp_hk,lowest_sorted,covid_political,full_model,0.07700131263261963,-0.11486816406249994,0.21027882893880218,2,1,3
fresh,initial_background_trained_readout,cp_hk,lowest_sorted,covid_political,raw_center/prototype,0.0,0.0,0.0,0,0,3
fresh,initial_background_trained_readout,cp_hk,lowest_sorted,covid_political,raw_center/ridge,0.0,0.0,0.0,0,0,3
fresh,initial_background_trained_readout,cp_hk,lowest_sorted,covid_political,raw_context/prototype,1.1102230246251565e-16,1.1102230246251565e-16,1.1102230246251565e-16,3,0,3
fresh,initial_background_trained_readout,cp_hk,lowest_sorted,covid_political,raw_context/ridge,0.0,0.0,0.0,0,0,3
fresh,initial_background_trained_readout,cp_hk,lowest_sorted,covid_political,raw_joint/prototype,0.0,0.0,0.0,0,0,3
fresh,initial_background_trained_readout,cp_hk,lowest_sorted,covid_political,raw_joint/ridge,0.0,0.0,0.0,0,0,3
fresh,initial_background_trained_readout,cp_hk,lowest_sorted,election2020,M2_post_meta/prototype,-0.05377197265625,-0.062957763671875,-0.046051025390625,0,3,3
fresh,initial_background_trained_readout,cp_hk,lowest_sorted,election2020,M2_post_meta/ridge,-0.044535319010416664,-0.055419921875,-0.037109375,0,3,3
fresh,initial_background_trained_readout,cp_hk,lowest_sorted,election2020,S0_conv_center/prototype,0.0,0.0,0.0,0,0,3
fresh,initial_background_trained_readout,cp_hk,lowest_sorted,election2020,S0_conv_center/ridge,0.0,0.0,0.0,0,0,3
fresh,initial_background_trained_readout,cp_hk,lowest_sorted,election2020,S0_pool/prototype,0.0,0.0,0.0,0,0,3
fresh,initial_background_trained_readout,cp_hk,lowest_sorted,election2020,S0_pool/ridge,0.0,0.0,0.0,0,0,3
fresh,initial_background_trained_readout,cp_hk,lowest_sorted,election2020,U1_pre_meta/prototype,-0.04974365234375,-0.072265625,-0.0252685546875,0,3,3
fresh,initial_background_trained_readout,cp_hk,lowest_sorted,election2020,U1_pre_meta/ridge,-0.06400553385416667,-0.078857421875,-0.0419921875,0,3,3
fresh,initial_background_trained_readout,cp_hk,lowest_sorted,election2020,final_input/prototype,-0.05377197265625,-0.062957763671875,-0.046051025390625,0,3,3
fresh,initial_background_trained_readout,cp_hk,lowest_sorted,election2020,final_input/ridge,-0.044535319010416664,-0.055419921875,-0.037109375,0,3,3
fresh,initial_background_trained_readout,cp_hk,lowest_sorted,election2020,full_model,0.06746419270833333,-0.1114501953125,0.28875732421875,2,1,3
fresh,initial_background_trained_readout,cp_hk,lowest_sorted,election2020,raw_center/prototype,0.0,0.0,0.0,0,0,3
fresh,initial_background_trained_readout,cp_hk,lowest_sorted,election2020,raw_center/ridge,0.0,0.0,0.0,0,0,3
fresh,initial_background_trained_readout,cp_hk,lowest_sorted,election2020,raw_context/prototype,0.0,0.0,0.0,0,0,3
fresh,initial_background_trained_readout,cp_hk,lowest_sorted,election2020,raw_context/ridge,0.0,0.0,0.0,0,0,3
fresh,initial_background_trained_readout,cp_hk,lowest_sorted,election2020,raw_joint/prototype,0.0,0.0,0.0,0,0,3
fresh,initial_background_trained_readout,cp_hk,lowest_sorted,election2020,raw_joint/ridge,0.0,0.0,0.0,0,0,3
fresh,initial_background_trained_readout,cp_hk,lowest_sorted,facebook_page_reference,M2_post_meta/prototype,-0.07555834452311198,-0.09072494506835938,-0.0634002685546875,0,3,3
fresh,initial_background_trained_readout,cp_hk,lowest_sorted,facebook_page_reference,M2_post_meta/ridge,-0.06567128499348958,-0.07452392578125,-0.055461883544921875,0,3,3
fresh,initial_background_trained_readout,cp_hk,lowest_sorted,facebook_page_reference,S0_conv_center/prototype,0.0,0.0,0.0,0,0,3
fresh,initial_background_trained_readout,cp_hk,lowest_sorted,facebook_page_reference,S0_conv_center/ridge,0.0,0.0,0.0,0,0,3
fresh,initial_background_trained_readout,cp_hk,lowest_sorted,facebook_page_reference,S0_pool/prototype,0.0,0.0,0.0,0,0,3
fresh,initial_background_trained_readout,cp_hk,lowest_sorted,facebook_page_reference,S0_pool/ridge,0.0,0.0,0.0,0,0,3
fresh,initial_background_trained_readout,cp_hk,lowest_sorted,facebook_page_reference,U1_pre_meta/prototype,-0.07254664103190105,-0.093017578125,-0.05180549621582031,0,3,3
fresh,initial_background_trained_readout,cp_hk,lowest_sorted,facebook_page_reference,U1_pre_meta/ridge,-0.06939760843912761,-0.08755111694335938,-0.05057334899902344,0,3,3
fresh,initial_background_trained_readout,cp_hk,lowest_sorted,facebook_page_reference,final_input/prototype,-0.07555834452311198,-0.09072494506835938,-0.0634002685546875,0,3,3
fresh,initial_background_trained_readout,cp_hk,lowest_sorted,facebook_page_reference,final_input/ridge,-0.06567128499348958,-0.07452392578125,-0.055461883544921875,0,3,3
fresh,initial_background_trained_readout,cp_hk,lowest_sorted,facebook_page_reference,full_model,0.0011494954427083703,-0.0010566711425780695,0.002292633056640625,2,1,3
fresh,initial_background_trained_readout,cp_hk,lowest_sorted,facebook_page_reference,raw_center/prototype,-1.1102230246251565e-16,-1.1102230246251565e-16,-1.1102230246251565e-16,0,3,3
fresh,initial_background_trained_readout,cp_hk,lowest_sorted,facebook_page_reference,raw_center/ridge,0.0,0.0,0.0,0,0,3
fresh,initial_background_trained_readout,cp_hk,lowest_sorted,facebook_page_reference,raw_context/prototype,0.0,0.0,0.0,0,0,3
fresh,initial_background_trained_readout,cp_hk,lowest_sorted,facebook_page_reference,raw_context/ridge,0.0,0.0,0.0,0,0,3
fresh,initial_background_trained_readout,cp_hk,lowest_sorted,facebook_page_reference,raw_joint/prototype,0.0,0.0,0.0,0,0,3
fresh,initial_background_trained_readout,cp_hk,lowest_sorted,facebook_page_reference,raw_joint/ridge,-1.1102230246251565e-16,-1.1102230246251565e-16,-1.1102230246251565e-16,0,3,3
fresh,initial_background_trained_readout,cp_hk,lowest_sorted,twibot20,M2_post_meta/prototype,-0.0021974069100838913,-0.009382035997178906,0.0017496744791667407,2,1,3
fresh,initial_background_trained_readout,cp_hk,lowest_sorted,twibot20,M2_post_meta/ridge,-0.0012705061170790177,-0.0082355075412327,0.0025944179958766744,2,1,3
fresh,initial_background_trained_readout,cp_hk,lowest_sorted,twibot20,S0_conv_center/prototype,0.0,0.0,0.0,0,0,3
fresh,initial_background_trained_readout,cp_hk,lowest_sorted,twibot20,S0_conv_center/ridge,0.0,0.0,0.0,0,0,3
fresh,initial_background_trained_readout,cp_hk,lowest_sorted,twibot20,S0_pool/prototype,0.0,0.0,0.0,0,0,3
fresh,initial_background_trained_readout,cp_hk,lowest_sorted,twibot20,S0_pool/ridge,0.0,0.0,0.0,0,0,3
fresh,initial_background_trained_readout,cp_hk,lowest_sorted,twibot20,U1_pre_meta/prototype,-0.0005050941749855283,-0.007029639350043304,0.0028330485026041297,2,1,3
fresh,initial_background_trained_readout,cp_hk,lowest_sorted,twibot20,U1_pre_meta/ridge,-0.0011858763518156252,-0.007120556301540737,0.002144495646158817,2,1,3
fresh,initial_background_trained_readout,cp_hk,lowest_sorted,twibot20,final_input/prototype,-0.0021974069100838913,-0.009382035997178906,0.0017496744791667407,2,1,3
fresh,initial_background_trained_readout,cp_hk,lowest_sorted,twibot20,final_input/ridge,-0.0012705061170790177,-0.0082355075412327,0.0025944179958766744,2,1,3
fresh,initial_background_trained_readout,cp_hk,lowest_sorted,twibot20,full_model,-0.10939725240071618,-0.19719992743598092,-0.024539099799262165,0,3,3
fresh,initial_background_trained_readout,cp_hk,lowest_sorted,twibot20,raw_center/prototype,0.0,0.0,0.0,0,0,3
fresh,initial_background_trained_readout,cp_hk,lowest_sorted,twibot20,raw_center/ridge,0.0,0.0,0.0,0,0,3
fresh,initial_background_trained_readout,cp_hk,lowest_sorted,twibot20,raw_context/prototype,0.0,0.0,0.0,0,0,3
fresh,initial_background_trained_readout,cp_hk,lowest_sorted,twibot20,raw_context/ridge,0.0,0.0,0.0,0,0,3
fresh,initial_background_trained_readout,cp_hk,lowest_sorted,twibot20,raw_joint/prototype,0.0,0.0,0.0,0,0,3
fresh,initial_background_trained_readout,cp_hk,lowest_sorted,twibot20,raw_joint/ridge,0.0,0.0,0.0,0,0,3
fresh,initial_background_trained_readout,cp_hk,lowest_sorted,ukr_rus_suspended,M2_post_meta/prototype,0.0032857259114583335,-0.006439208984375,0.01104736328125,2,1,3
fresh,initial_background_trained_readout,cp_hk,lowest_sorted,ukr_rus_suspended,M2_post_meta/ridge,0.001495361328125,-0.008056640625,0.010650634765625,2,1,3
fresh,initial_background_trained_readout,cp_hk,lowest_sorted,ukr_rus_suspended,S0_conv_center/prototype,0.0,0.0,0.0,0,0,3
fresh,initial_background_trained_readout,cp_hk,lowest_sorted,ukr_rus_suspended,S0_conv_center/ridge,0.0,0.0,0.0,0,0,3
fresh,initial_background_trained_readout,cp_hk,lowest_sorted,ukr_rus_suspended,S0_pool/prototype,0.0,0.0,0.0,0,0,3
fresh,initial_background_trained_readout,cp_hk,lowest_sorted,ukr_rus_suspended,S0_pool/ridge,0.0,0.0,0.0,0,0,3
fresh,initial_background_trained_readout,cp_hk,lowest_sorted,ukr_rus_suspended,U1_pre_meta/prototype,-0.0034586588541666665,-0.034423828125,0.021331787109375,2,1,3
fresh,initial_background_trained_readout,cp_hk,lowest_sorted,ukr_rus_suspended,U1_pre_meta/ridge,-0.005635579427083333,-0.03558349609375,0.016845703125,2,1,3
fresh,initial_background_trained_readout,cp_hk,lowest_sorted,ukr_rus_suspended,final_input/prototype,0.0032857259114583335,-0.006439208984375,0.01104736328125,2,1,3
fresh,initial_background_trained_readout,cp_hk,lowest_sorted,ukr_rus_suspended,final_input/ridge,0.001495361328125,-0.008056640625,0.010650634765625,2,1,3
fresh,initial_background_trained_readout,cp_hk,lowest_sorted,ukr_rus_suspended,full_model,-0.002593994140625,-0.109222412109375,0.073760986328125,2,1,3
fresh,initial_background_trained_readout,cp_hk,lowest_sorted,ukr_rus_suspended,raw_center/prototype,0.0,0.0,0.0,0,0,3
fresh,initial_background_trained_readout,cp_hk,lowest_sorted,ukr_rus_suspended,raw_center/ridge,0.0,0.0,0.0,0,0,3
fresh,initial_background_trained_readout,cp_hk,lowest_sorted,ukr_rus_suspended,raw_context/prototype,0.0,0.0,0.0,0,0,3
fresh,initial_background_trained_readout,cp_hk,lowest_sorted,ukr_rus_suspended,raw_context/ridge,0.0,0.0,0.0,0,0,3
fresh,initial_background_trained_readout,cp_hk,lowest_sorted,ukr_rus_suspended,raw_joint/prototype,0.0,0.0,0.0,0,0,3
fresh,initial_background_trained_readout,cp_hk,lowest_sorted,ukr_rus_suspended,raw_joint/ridge,0.0,0.0,0.0,0,0,3
fresh,initial_background_trained_readout,cp_hk,uniform_shuffled,covid_political,M2_post_meta/prototype,0.012992858886718786,-0.04300830982349535,0.07467849166304985,2,1,3
fresh,initial_background_trained_readout,cp_hk,uniform_shuffled,covid_political,M2_post_meta/ridge,0.01558544017650454,-0.03991501419632526,0.07739935980902768,2,1,3
fresh,initial_background_trained_readout,cp_hk,uniform_shuffled,covid_political,S0_conv_center/prototype,0.0,0.0,0.0,0,0,3
fresh,initial_background_trained_readout,cp_hk,uniform_shuffled,covid_political,S0_conv_center/ridge,0.0,0.0,0.0,0,0,3
fresh,initial_background_trained_readout,cp_hk,uniform_shuffled,covid_political,S0_pool/prototype,0.0,0.0,0.0,0,0,3
fresh,initial_background_trained_readout,cp_hk,uniform_shuffled,covid_political,S0_pool/ridge,0.0,0.0,0.0,0,0,3
fresh,initial_background_trained_readout,cp_hk,uniform_shuffled,covid_political,U1_pre_meta/prototype,0.0036124712155189234,-0.07266828748914933,0.07546234130859386,2,1,3
fresh,initial_background_trained_readout,cp_hk,uniform_shuffled,covid_political,U1_pre_meta/ridge,-0.007274298020351104,-0.08332090024594896,0.06050222891348367,2,1,3
fresh,initial_background_trained_readout,cp_hk,uniform_shuffled,covid_political,final_input/prototype,0.012992858886718786,-0.04300830982349535,0.07467849166304985,2,1,3
fresh,initial_background_trained_readout,cp_hk,uniform_shuffled,covid_political,final_input/ridge,0.01558544017650454,-0.03991501419632526,0.07739935980902768,2,1,3
fresh,initial_background_trained_readout,cp_hk,uniform_shuffled,covid_political,full_model,0.12107180371696567,-0.1326488918728298,0.28019827383535884,2,1,3
fresh,initial_background_trained_readout,cp_hk,uniform_shuffled,covid_political,raw_center/prototype,0.0,0.0,0.0,0,0,3
fresh,initial_background_trained_readout,cp_hk,uniform_shuffled,covid_political,raw_center/ridge,0.0,0.0,0.0,0,0,3
fresh,initial_background_trained_readout,cp_hk,uniform_shuffled,covid_political,raw_context/prototype,1.1102230246251565e-16,1.1102230246251565e-16,1.1102230246251565e-16,3,0,3
fresh,initial_background_trained_readout,cp_hk,uniform_shuffled,covid_political,raw_context/ridge,0.0,0.0,0.0,0,0,3
fresh,initial_background_trained_readout,cp_hk,uniform_shuffled,covid_political,raw_joint/prototype,0.0,0.0,0.0,0,0,3
fresh,initial_background_trained_readout,cp_hk,uniform_shuffled,covid_political,raw_joint/ridge,0.0,0.0,0.0,0,0,3
fresh,initial_background_trained_readout,cp_hk,uniform_shuffled,election2020,M2_post_meta/prototype,-0.02532958984375,-0.0733642578125,0.015167236328125,1,2,3
fresh,initial_background_trained_readout,cp_hk,uniform_shuffled,election2020,M2_post_meta/ridge,-0.022420247395833332,-0.07525634765625,0.02294921875,1,2,3
fresh,initial_background_trained_readout,cp_hk,uniform_shuffled,election2020,S0_conv_center/prototype,0.0,0.0,0.0,0,0,3
fresh,initial_background_trained_readout,cp_hk,uniform_shuffled,election2020,S0_conv_center/ridge,0.0,0.0,0.0,0,0,3
fresh,initial_background_trained_readout,cp_hk,uniform_shuffled,election2020,S0_pool/prototype,0.0,0.0,0.0,0,0,3
fresh,initial_background_trained_readout,cp_hk,uniform_shuffled,election2020,S0_pool/ridge,0.0,0.0,0.0,0,0,3
fresh,initial_background_trained_readout,cp_hk,uniform_shuffled,election2020,U1_pre_meta/prototype,-0.034220377604166664,-0.0916748046875,0.0048828125,1,2,3
fresh,initial_background_trained_readout,cp_hk,uniform_shuffled,election2020,U1_pre_meta/ridge,-0.057596842447916664,-0.1212158203125,-0.01318359375,0,3,3
fresh,initial_background_trained_readout,cp_hk,uniform_shuffled,election2020,final_input/prototype,-0.02532958984375,-0.0733642578125,0.015167236328125,1,2,3
fresh,initial_background_trained_readout,cp_hk,uniform_shuffled,election2020,final_input/ridge,-0.022420247395833332,-0.07525634765625,0.02294921875,1,2,3
fresh,initial_background_trained_readout,cp_hk,uniform_shuffled,election2020,full_model,0.052652994791666664,-0.02789306640625,0.17816162109375,2,1,3
fresh,initial_background_trained_readout,cp_hk,uniform_shuffled,election2020,raw_center/prototype,0.0,0.0,0.0,0,0,3
fresh,initial_background_trained_readout,cp_hk,uniform_shuffled,election2020,raw_center/ridge,0.0,0.0,0.0,0,0,3
fresh,initial_background_trained_readout,cp_hk,uniform_shuffled,election2020,raw_context/prototype,0.0,0.0,0.0,0,0,3
fresh,initial_background_trained_readout,cp_hk,uniform_shuffled,election2020,raw_context/ridge,0.0,0.0,0.0,0,0,3
fresh,initial_background_trained_readout,cp_hk,uniform_shuffled,election2020,raw_joint/prototype,0.0,0.0,0.0,0,0,3
fresh,initial_background_trained_readout,cp_hk,uniform_shuffled,election2020,raw_joint/ridge,0.0,0.0,0.0,0,0,3
fresh,initial_background_trained_readout,cp_hk,uniform_shuffled,facebook_page_reference,M2_post_meta/prototype,-0.08221054077148438,-0.11834335327148438,-0.018548965454101562,0,3,3
fresh,initial_background_trained_readout,cp_hk,uniform_shuffled,facebook_page_reference,M2_post_meta/ridge,-0.0749956766764323,-0.11120414733886719,-0.007289886474609375,0,3,3
fresh,initial_background_trained_readout,cp_hk,uniform_shuffled,facebook_page_reference,S0_conv_center/prototype,0.0,0.0,0.0,0,0,3
fresh,initial_background_trained_readout,cp_hk,uniform_shuffled,facebook_page_reference,S0_conv_center/ridge,0.0,0.0,0.0,0,0,3
fresh,initial_background_trained_readout,cp_hk,uniform_shuffled,facebook_page_reference,S0_pool/prototype,0.0,0.0,0.0,0,0,3
fresh,initial_background_trained_readout,cp_hk,uniform_shuffled,facebook_page_reference,S0_pool/ridge,0.0,0.0,0.0,0,0,3
fresh,initial_background_trained_readout,cp_hk,uniform_shuffled,facebook_page_reference,U1_pre_meta/prototype,-0.08674240112304688,-0.11191368103027344,-0.03939056396484375,0,3,3
fresh,initial_background_trained_readout,cp_hk,uniform_shuffled,facebook_page_reference,U1_pre_meta/ridge,-0.08964856465657552,-0.11246490478515625,-0.04481697082519531,0,3,3
fresh,initial_background_trained_readout,cp_hk,uniform_shuffled,facebook_page_reference,final_input/prototype,-0.08221054077148438,-0.11834335327148438,-0.018548965454101562,0,3,3
fresh,initial_background_trained_readout,cp_hk,uniform_shuffled,facebook_page_reference,final_input/ridge,-0.0749956766764323,-0.11120414733886719,-0.007289886474609375,0,3,3
fresh,initial_background_trained_readout,cp_hk,uniform_shuffled,facebook_page_reference,full_model,0.0035610198974609744,0.000551223754882868,0.008987426757812556,3,0,3
fresh,initial_background_trained_readout,cp_hk,uniform_shuffled,facebook_page_reference,raw_center/prototype,-1.1102230246251565e-16,-1.1102230246251565e-16,-1.1102230246251565e-16,0,3,3
fresh,initial_background_trained_readout,cp_hk,uniform_shuffled,facebook_page_reference,raw_center/ridge,0.0,0.0,0.0,0,0,3
fresh,initial_background_trained_readout,cp_hk,uniform_shuffled,facebook_page_reference,raw_context/prototype,0.0,0.0,0.0,0,0,3
fresh,initial_background_trained_readout,cp_hk,uniform_shuffled,facebook_page_reference,raw_context/ridge,0.0,0.0,0.0,0,0,3
fresh,initial_background_trained_readout,cp_hk,uniform_shuffled,facebook_page_reference,raw_joint/prototype,0.0,0.0,0.0,0,0,3
fresh,initial_background_trained_readout,cp_hk,uniform_shuffled,facebook_page_reference,raw_joint/ridge,-1.1102230246251565e-16,-1.1102230246251565e-16,-1.1102230246251565e-16,0,3,3
fresh,initial_background_trained_readout,cp_hk,uniform_shuffled,twibot20,M2_post_meta/prototype,-0.005852593315972247,-0.012064827813042411,0.001731872558593528,1,2,3
fresh,initial_background_trained_readout,cp_hk,uniform_shuffled,twibot20,M2_post_meta/ridge,-0.005439051875361645,-0.012129253811306362,0.0020764668782552453,1,2,3
fresh,initial_background_trained_readout,cp_hk,uniform_shuffled,twibot20,S0_conv_center/prototype,0.0,0.0,0.0,0,0,3
fresh,initial_background_trained_readout,cp_hk,uniform_shuffled,twibot20,S0_conv_center/ridge,0.0,0.0,0.0,0,0,3
fresh,initial_background_trained_readout,cp_hk,uniform_shuffled,twibot20,S0_pool/prototype,0.0,0.0,0.0,0,0,3
fresh,initial_background_trained_readout,cp_hk,uniform_shuffled,twibot20,S0_pool/ridge,0.0,0.0,0.0,0,0,3
fresh,initial_background_trained_readout,cp_hk,uniform_shuffled,twibot20,U1_pre_meta/prototype,-0.00456689905237273,-0.010260264078776116,0.004248089260525112,1,2,3
fresh,initial_background_trained_readout,cp_hk,uniform_shuffled,twibot20,U1_pre_meta/ridge,-0.005523681640624963,-0.012296464708116184,0.0036159091525607145,1,2,3
fresh,initial_background_trained_readout,cp_hk,uniform_shuffled,twibot20,final_input/prototype,-0.005852593315972247,-0.012064827813042411,0.001731872558593528,1,2,3
fresh,initial_background_trained_readout,cp_hk,uniform_shuffled,twibot20,final_input/ridge,-0.005439051875361645,-0.012129253811306362,0.0020764668782552453,1,2,3
fresh,initial_background_trained_readout,cp_hk,uniform_shuffled,twibot20,full_model,0.033397815845630806,-0.05032073126898873,0.10088306003146708,2,1,3
fresh,initial_background_trained_readout,cp_hk,uniform_shuffled,twibot20,raw_center/prototype,0.0,0.0,0.0,0,0,3
fresh,initial_background_trained_readout,cp_hk,uniform_shuffled,twibot20,raw_center/ridge,0.0,0.0,0.0,0,0,3
fresh,initial_background_trained_readout,cp_hk,uniform_shuffled,twibot20,raw_context/prototype,0.0,0.0,0.0,0,0,3
fresh,initial_background_trained_readout,cp_hk,uniform_shuffled,twibot20,raw_context/ridge,0.0,0.0,0.0,0,0,3
fresh,initial_background_trained_readout,cp_hk,uniform_shuffled,twibot20,raw_joint/prototype,0.0,0.0,0.0,0,0,3
fresh,initial_background_trained_readout,cp_hk,uniform_shuffled,twibot20,raw_joint/ridge,0.0,0.0,0.0,0,0,3
fresh,initial_background_trained_readout,cp_hk,uniform_shuffled,ukr_rus_suspended,M2_post_meta/prototype,0.024363199869791668,0.01116943359375,0.0313720703125,3,0,3
fresh,initial_background_trained_readout,cp_hk,uniform_shuffled,ukr_rus_suspended,M2_post_meta/ridge,0.021250406901041668,0.00830078125,0.030426025390625,3,0,3
fresh,initial_background_trained_readout,cp_hk,uniform_shuffled,ukr_rus_suspended,S0_conv_center/prototype,0.0,0.0,0.0,0,0,3
fresh,initial_background_trained_readout,cp_hk,uniform_shuffled,ukr_rus_suspended,S0_conv_center/ridge,0.0,0.0,0.0,0,0,3
fresh,initial_background_trained_readout,cp_hk,uniform_shuffled,ukr_rus_suspended,S0_pool/prototype,0.0,0.0,0.0,0,0,3
fresh,initial_background_trained_readout,cp_hk,uniform_shuffled,ukr_rus_suspended,S0_pool/ridge,0.0,0.0,0.0,0,0,3
fresh,initial_background_trained_readout,cp_hk,uniform_shuffled,ukr_rus_suspended,U1_pre_meta/prototype,0.019694010416666668,0.013214111328125,0.025726318359375,3,0,3
fresh,initial_background_trained_readout,cp_hk,uniform_shuffled,ukr_rus_suspended,U1_pre_meta/ridge,0.0186767578125,0.01385498046875,0.023681640625,3,0,3
fresh,initial_background_trained_readout,cp_hk,uniform_shuffled,ukr_rus_suspended,final_input/prototype,0.024363199869791668,0.01116943359375,0.0313720703125,3,0,3
fresh,initial_background_trained_readout,cp_hk,uniform_shuffled,ukr_rus_suspended,final_input/ridge,0.021250406901041668,0.00830078125,0.030426025390625,3,0,3
fresh,initial_background_trained_readout,cp_hk,uniform_shuffled,ukr_rus_suspended,full_model,-0.047495524088541664,-0.110870361328125,-0.012725830078125,0,3,3
fresh,initial_background_trained_readout,cp_hk,uniform_shuffled,ukr_rus_suspended,raw_center/prototype,0.0,0.0,0.0,0,0,3
fresh,initial_background_trained_readout,cp_hk,uniform_shuffled,ukr_rus_suspended,raw_center/ridge,0.0,0.0,0.0,0,0,3
fresh,initial_background_trained_readout,cp_hk,uniform_shuffled,ukr_rus_suspended,raw_context/prototype,0.0,0.0,0.0,0,0,3
fresh,initial_background_trained_readout,cp_hk,uniform_shuffled,ukr_rus_suspended,raw_context/ridge,0.0,0.0,0.0,0,0,3
fresh,initial_background_trained_readout,cp_hk,uniform_shuffled,ukr_rus_suspended,raw_joint/prototype,0.0,0.0,0.0,0,0,3
fresh,initial_background_trained_readout,cp_hk,uniform_shuffled,ukr_rus_suspended,raw_joint/ridge,0.0,0.0,0.0,0,0,3
fresh,initial_background_trained_readout,cp_hk,uniform_sorted,covid_political,M2_post_meta/prototype,-0.002438957308545523,-0.02928133364076968,0.01165545428240733,2,1,3
fresh,initial_background_trained_readout,cp_hk,uniform_sorted,covid_political,M2_post_meta/ridge,0.001974600332754539,-0.0246192084418404,0.01562810827184613,2,1,3
fresh,initial_background_trained_readout,cp_hk,uniform_sorted,covid_political,S0_conv_center/prototype,0.0,0.0,0.0,0,0,3
fresh,initial_background_trained_readout,cp_hk,uniform_sorted,covid_political,S0_conv_center/ridge,0.0,0.0,0.0,0,0,3
fresh,initial_background_trained_readout,cp_hk,uniform_sorted,covid_political,S0_pool/prototype,0.0,0.0,0.0,0,0,3
fresh,initial_background_trained_readout,cp_hk,uniform_sorted,covid_political,S0_pool/ridge,0.0,0.0,0.0,0,0,3
fresh,initial_background_trained_readout,cp_hk,uniform_sorted,covid_political,U1_pre_meta/prototype,-0.009502175413532044,-0.05321248372395837,0.01649842438874416,2,1,3
fresh,initial_background_trained_readout,cp_hk,uniform_sorted,covid_political,U1_pre_meta/ridge,-0.016351770471643528,-0.06119565610532407,0.01078881157769096,2,1,3
fresh,initial_background_trained_readout,cp_hk,uniform_sorted,covid_political,final_input/prototype,-0.002438957308545523,-0.02928133364076968,0.01165545428240733,2,1,3
fresh,initial_background_trained_readout,cp_hk,uniform_sorted,covid_political,final_input/ridge,0.001974600332754539,-0.0246192084418404,0.01562810827184613,2,1,3
fresh,initial_background_trained_readout,cp_hk,uniform_sorted,covid_political,full_model,-0.04995077627676501,-0.1980480617947049,0.04159715440538203,2,1,3
fresh,initial_background_trained_readout,cp_hk,uniform_sorted,covid_political,raw_center/prototype,0.0,0.0,0.0,0,0,3
fresh,initial_background_trained_readout,cp_hk,uniform_sorted,covid_political,raw_center/ridge,0.0,0.0,0.0,0,0,3
fresh,initial_background_trained_readout,cp_hk,uniform_sorted,covid_political,raw_context/prototype,1.1102230246251565e-16,1.1102230246251565e-16,1.1102230246251565e-16,3,0,3
fresh,initial_background_trained_readout,cp_hk,uniform_sorted,covid_political,raw_context/ridge,0.0,0.0,0.0,0,0,3
fresh,initial_background_trained_readout,cp_hk,uniform_sorted,covid_political,raw_joint/prototype,0.0,0.0,0.0,0,0,3
fresh,initial_background_trained_readout,cp_hk,uniform_sorted,covid_political,raw_joint/ridge,0.0,0.0,0.0,0,0,3
fresh,initial_background_trained_readout,cp_hk,uniform_sorted,election2020,M2_post_meta/prototype,-0.038380940755208336,-0.095794677734375,-0.00341796875,0,3,3
fresh,initial_background_trained_readout,cp_hk,uniform_sorted,election2020,M2_post_meta/ridge,-0.033162434895833336,-0.09368896484375,0.00653076171875,1,2,3
fresh,initial_background_trained_readout,cp_hk,uniform_sorted,election2020,S0_conv_center/prototype,0.0,0.0,0.0,0,0,3
fresh,initial_background_trained_readout,cp_hk,uniform_sorted,election2020,S0_conv_center/ridge,0.0,0.0,0.0,0,0,3
fresh,initial_background_trained_readout,cp_hk,uniform_sorted,election2020,S0_pool/prototype,0.0,0.0,0.0,0,0,3
fresh,initial_background_trained_readout,cp_hk,uniform_sorted,election2020,S0_pool/ridge,0.0,0.0,0.0,0,0,3
fresh,initial_background_trained_readout,cp_hk,uniform_sorted,election2020,U1_pre_meta/prototype,-0.04901123046875,-0.099609375,-0.01031494140625,0,3,3
fresh,initial_background_trained_readout,cp_hk,uniform_sorted,election2020,U1_pre_meta/ridge,-0.07102457682291667,-0.13116455078125,-0.0233154296875,0,3,3
fresh,initial_background_trained_readout,cp_hk,uniform_sorted,election2020,final_input/prototype,-0.038380940755208336,-0.095794677734375,-0.00341796875,0,3,3
fresh,initial_background_trained_readout,cp_hk,uniform_sorted,election2020,final_input/ridge,-0.033162434895833336,-0.09368896484375,0.00653076171875,1,2,3
fresh,initial_background_trained_readout,cp_hk,uniform_sorted,election2020,full_model,0.06302897135416667,-0.0694580078125,0.1612548828125,2,1,3
fresh,initial_background_trained_readout,cp_hk,uniform_sorted,election2020,raw_center/prototype,0.0,0.0,0.0,0,0,3
fresh,initial_background_trained_readout,cp_hk,uniform_sorted,election2020,raw_center/ridge,0.0,0.0,0.0,0,0,3
fresh,initial_background_trained_readout,cp_hk,uniform_sorted,election2020,raw_context/prototype,0.0,0.0,0.0,0,0,3
fresh,initial_background_trained_readout,cp_hk,uniform_sorted,election2020,raw_context/ridge,0.0,0.0,0.0,0,0,3
fresh,initial_background_trained_readout,cp_hk,uniform_sorted,election2020,raw_joint/prototype,0.0,0.0,0.0,0,0,3
fresh,initial_background_trained_readout,cp_hk,uniform_sorted,election2020,raw_joint/ridge,0.0,0.0,0.0,0,0,3
fresh,initial_background_trained_readout,cp_hk,uniform_sorted,facebook_page_reference,M2_post_meta/prototype,-0.08203951517740886,-0.14463233947753906,-0.03839111328125,0,3,3
fresh,initial_background_trained_readout,cp_hk,uniform_sorted,facebook_page_reference,M2_post_meta/ridge,-0.07447115580240886,-0.13703155517578125,-0.027742385864257812,0,3,3
fresh,initial_background_trained_readout,cp_hk,uniform_sorted,facebook_page_reference,S0_conv_center/prototype,0.0,0.0,0.0,0,0,3
fresh,initial_background_trained_readout,cp_hk,uniform_sorted,facebook_page_reference,S0_conv_center/ridge,0.0,0.0,0.0,0,0,3
fresh,initial_background_trained_readout,cp_hk,uniform_sorted,facebook_page_reference,S0_pool/prototype,0.0,0.0,0.0,0,0,3
fresh,initial_background_trained_readout,cp_hk,uniform_sorted,facebook_page_reference,S0_pool/ridge,0.0,0.0,0.0,0,0,3
fresh,initial_background_trained_readout,cp_hk,uniform_sorted,facebook_page_reference,U1_pre_meta/prototype,-0.09522247314453125,-0.15147972106933594,-0.05682182312011719,0,3,3
fresh,initial_background_trained_readout,cp_hk,uniform_sorted,facebook_page_reference,U1_pre_meta/ridge,-0.09686978658040364,-0.15047264099121094,-0.05828857421875,0,3,3
fresh,initial_background_trained_readout,cp_hk,uniform_sorted,facebook_page_reference,final_input/prototype,-0.08203951517740886,-0.14463233947753906,-0.03839111328125,0,3,3
fresh,initial_background_trained_readout,cp_hk,uniform_sorted,facebook_page_reference,final_input/ridge,-0.07447115580240886,-0.13703155517578125,-0.027742385864257812,0,3,3
fresh,initial_background_trained_readout,cp_hk,uniform_sorted,facebook_page_reference,full_model,0.0006351470947265995,-0.003086090087890625,0.0053863525390625555,1,2,3
fresh,initial_background_trained_readout,cp_hk,uniform_sorted,facebook_page_reference,raw_center/prototype,-1.1102230246251565e-16,-1.1102230246251565e-16,-1.1102230246251565e-16,0,3,3
fresh,initial_background_trained_readout,cp_hk,uniform_sorted,facebook_page_reference,raw_center/ridge,0.0,0.0,0.0,0,0,3
fresh,initial_background_trained_readout,cp_hk,uniform_sorted,facebook_page_reference,raw_context/prototype,0.0,0.0,0.0,0,0,3
fresh,initial_background_trained_readout,cp_hk,uniform_sorted,facebook_page_reference,raw_context/ridge,0.0,0.0,0.0,0,0,3
fresh,initial_background_trained_readout,cp_hk,uniform_sorted,facebook_page_reference,raw_joint/prototype,0.0,0.0,0.0,0,0,3
fresh,initial_background_trained_readout,cp_hk,uniform_sorted,facebook_page_reference,raw_joint/ridge,-1.1102230246251565e-16,-1.1102230246251565e-16,-1.1102230246251565e-16,0,3,3
fresh,initial_background_trained_readout,cp_hk,uniform_sorted,twibot20,M2_post_meta/prototype,-0.004043932314272321,-0.015889909532335267,0.004382451375325558,1,2,3
fresh,initial_background_trained_readout,cp_hk,uniform_sorted,twibot20,M2_post_meta/ridge,-0.003330301355432589,-0.015211741129557255,0.005049599541558147,2,1,3
fresh,initial_background_trained_readout,cp_hk,uniform_sorted,twibot20,S0_conv_center/prototype,0.0,0.0,0.0,0,0,3
fresh,initial_background_trained_readout,cp_hk,uniform_sorted,twibot20,S0_conv_center/ridge,0.0,0.0,0.0,0,0,3
fresh,initial_background_trained_readout,cp_hk,uniform_sorted,twibot20,S0_pool/prototype,0.0,0.0,0.0,0,0,3
fresh,initial_background_trained_readout,cp_hk,uniform_sorted,twibot20,S0_pool/ridge,0.0,0.0,0.0,0,0,3
fresh,initial_background_trained_readout,cp_hk,uniform_sorted,twibot20,U1_pre_meta/prototype,-0.004890583179615178,-0.015155156453450558,0.0015595753987630578,1,2,3
fresh,initial_background_trained_readout,cp_hk,uniform_sorted,twibot20,U1_pre_meta/ridge,-0.0055734139901619795,-0.015614191691080692,0.0009875827365452006,1,2,3
fresh,initial_background_trained_readout,cp_hk,uniform_sorted,twibot20,final_input/prototype,-0.004043932314272321,-0.015889909532335267,0.004382451375325558,1,2,3
fresh,initial_background_trained_readout,cp_hk,uniform_sorted,twibot20,final_input/ridge,-0.003330301355432589,-0.015211741129557255,0.005049599541558147,2,1,3
fresh,initial_background_trained_readout,cp_hk,uniform_sorted,twibot20,full_model,0.11256429884168839,-0.077239990234375,0.37395901150173616,2,1,3
fresh,initial_background_trained_readout,cp_hk,uniform_sorted,twibot20,raw_center/prototype,0.0,0.0,0.0,0,0,3
fresh,initial_background_trained_readout,cp_hk,uniform_sorted,twibot20,raw_center/ridge,0.0,0.0,0.0,0,0,3
fresh,initial_background_trained_readout,cp_hk,uniform_sorted,twibot20,raw_context/prototype,0.0,0.0,0.0,0,0,3
fresh,initial_background_trained_readout,cp_hk,uniform_sorted,twibot20,raw_context/ridge,0.0,0.0,0.0,0,0,3
fresh,initial_background_trained_readout,cp_hk,uniform_sorted,twibot20,raw_joint/prototype,0.0,0.0,0.0,0,0,3
fresh,initial_background_trained_readout,cp_hk,uniform_sorted,twibot20,raw_joint/ridge,0.0,0.0,0.0,0,0,3
fresh,initial_background_trained_readout,cp_hk,uniform_sorted,ukr_rus_suspended,M2_post_meta/prototype,0.008504231770833334,-0.00714111328125,0.0216064453125,2,1,3
fresh,initial_background_trained_readout,cp_hk,uniform_sorted,ukr_rus_suspended,M2_post_meta/ridge,0.007619222005208333,-0.0081787109375,0.023345947265625,2,1,3
fresh,initial_background_trained_readout,cp_hk,uniform_sorted,ukr_rus_suspended,S0_conv_center/prototype,0.0,0.0,0.0,0,0,3
fresh,initial_background_trained_readout,cp_hk,uniform_sorted,ukr_rus_suspended,S0_conv_center/ridge,0.0,0.0,0.0,0,0,3
fresh,initial_background_trained_readout,cp_hk,uniform_sorted,ukr_rus_suspended,S0_pool/prototype,0.0,0.0,0.0,0,0,3
fresh,initial_background_trained_readout,cp_hk,uniform_sorted,ukr_rus_suspended,S0_pool/ridge,0.0,0.0,0.0,0,0,3
fresh,initial_background_trained_readout,cp_hk,uniform_sorted,ukr_rus_suspended,U1_pre_meta/prototype,0.00860595703125,-0.00531005859375,0.024139404296875,2,1,3
fresh,initial_background_trained_readout,cp_hk,uniform_sorted,ukr_rus_suspended,U1_pre_meta/ridge,0.009602864583333334,-0.00604248046875,0.02618408203125,2,1,3
fresh,initial_background_trained_readout,cp_hk,uniform_sorted,ukr_rus_suspended,final_input/prototype,0.008504231770833334,-0.00714111328125,0.0216064453125,2,1,3
fresh,initial_background_trained_readout,cp_hk,uniform_sorted,ukr_rus_suspended,final_input/ridge,0.007619222005208333,-0.0081787109375,0.023345947265625,2,1,3
fresh,initial_background_trained_readout,cp_hk,uniform_sorted,ukr_rus_suspended,full_model,0.004323323567708333,-0.103668212890625,0.094512939453125,2,1,3
fresh,initial_background_trained_readout,cp_hk,uniform_sorted,ukr_rus_suspended,raw_center/prototype,0.0,0.0,0.0,0,0,3
fresh,initial_background_trained_readout,cp_hk,uniform_sorted,ukr_rus_suspended,raw_center/ridge,0.0,0.0,0.0,0,0,3
fresh,initial_background_trained_readout,cp_hk,uniform_sorted,ukr_rus_suspended,raw_context/prototype,0.0,0.0,0.0,0,0,3
fresh,initial_background_trained_readout,cp_hk,uniform_sorted,ukr_rus_suspended,raw_context/ridge,0.0,0.0,0.0,0,0,3
fresh,initial_background_trained_readout,cp_hk,uniform_sorted,ukr_rus_suspended,raw_joint/prototype,0.0,0.0,0.0,0,0,3
fresh,initial_background_trained_readout,cp_hk,uniform_sorted,ukr_rus_suspended,raw_joint/ridge,0.0,0.0,0.0,0,0,3
fresh,initial_background_trained_readout,ukr_rus,lowest_shuffled,covid_political,M2_post_meta/prototype,-0.01346380916642557,-0.07134359854239003,0.04267713758680547,1,2,3
fresh,initial_background_trained_readout,ukr_rus,lowest_shuffled,covid_political,M2_post_meta/ridge,-0.010159904574170561,-0.06829494900173616,0.04533697057653352,1,2,3
fresh,initial_background_trained_readout,ukr_rus,lowest_shuffled,covid_political,S0_conv_center/prototype,0.0,0.0,0.0,0,0,3
fresh,initial_background_trained_readout,ukr_rus,lowest_shuffled,covid_political,S0_conv_center/ridge,0.0,0.0,0.0,0,0,3
fresh,initial_background_trained_readout,ukr_rus,lowest_shuffled,covid_political,S0_pool/prototype,0.0,0.0,0.0,0,0,3
fresh,initial_background_trained_readout,ukr_rus,lowest_shuffled,covid_political,S0_pool/ridge,0.0,0.0,0.0,0,0,3
fresh,initial_background_trained_readout,ukr_rus,lowest_shuffled,covid_political,U1_pre_meta/prototype,-0.014270546995563368,-0.06151411268446194,0.02919288917824059,1,2,3
fresh,initial_background_trained_readout,ukr_rus,lowest_shuffled,covid_political,U1_pre_meta/ridge,-0.025259229871961757,-0.06849500868055547,0.0176821108217593,1,2,3
fresh,initial_background_trained_readout,ukr_rus,lowest_shuffled,covid_political,final_input/prototype,-0.01346380916642557,-0.07134359854239003,0.04267713758680547,1,2,3
fresh,initial_background_trained_readout,ukr_rus,lowest_shuffled,covid_political,final_input/ridge,-0.010159904574170561,-0.06829494900173616,0.04533697057653352,1,2,3
fresh,initial_background_trained_readout,ukr_rus,lowest_shuffled,covid_political,full_model,0.07827457380883494,-0.03925266972294561,0.20078984013310192,2,1,3
fresh,initial_background_trained_readout,ukr_rus,lowest_shuffled,covid_political,raw_center/prototype,0.0,0.0,0.0,0,0,3
fresh,initial_background_trained_readout,ukr_rus,lowest_shuffled,covid_political,raw_center/ridge,0.0,0.0,0.0,0,0,3
fresh,initial_background_trained_readout,ukr_rus,lowest_shuffled,covid_political,raw_context/prototype,1.1102230246251565e-16,1.1102230246251565e-16,1.1102230246251565e-16,3,0,3
fresh,initial_background_trained_readout,ukr_rus,lowest_shuffled,covid_political,raw_context/ridge,0.0,0.0,0.0,0,0,3
fresh,initial_background_trained_readout,ukr_rus,lowest_shuffled,covid_political,raw_joint/prototype,0.0,0.0,0.0,0,0,3
fresh,initial_background_trained_readout,ukr_rus,lowest_shuffled,covid_political,raw_joint/ridge,0.0,0.0,0.0,0,0,3
fresh,initial_background_trained_readout,ukr_rus,lowest_shuffled,election2020,M2_post_meta/prototype,-0.047882080078125,-0.082733154296875,-0.021942138671875,0,3,3
fresh,initial_background_trained_readout,ukr_rus,lowest_shuffled,election2020,M2_post_meta/ridge,-0.045735677083333336,-0.08245849609375,-0.0208740234375,0,3,3
fresh,initial_background_trained_readout,ukr_rus,lowest_shuffled,election2020,S0_conv_center/prototype,0.0,0.0,0.0,0,0,3
fresh,initial_background_trained_readout,ukr_rus,lowest_shuffled,election2020,S0_conv_center/ridge,0.0,0.0,0.0,0,0,3
fresh,initial_background_trained_readout,ukr_rus,lowest_shuffled,election2020,S0_pool/prototype,0.0,0.0,0.0,0,0,3
fresh,initial_background_trained_readout,ukr_rus,lowest_shuffled,election2020,S0_pool/ridge,0.0,0.0,0.0,0,0,3
fresh,initial_background_trained_readout,ukr_rus,lowest_shuffled,election2020,U1_pre_meta/prototype,-0.052988688151041664,-0.096038818359375,-0.0213623046875,0,3,3
fresh,initial_background_trained_readout,ukr_rus,lowest_shuffled,election2020,U1_pre_meta/ridge,-0.08258056640625,-0.1265869140625,-0.052490234375,0,3,3
fresh,initial_background_trained_readout,ukr_rus,lowest_shuffled,election2020,final_input/prototype,-0.047882080078125,-0.082733154296875,-0.021942138671875,0,3,3
fresh,initial_background_trained_readout,ukr_rus,lowest_shuffled,election2020,final_input/ridge,-0.045735677083333336,-0.08245849609375,-0.0208740234375,0,3,3
fresh,initial_background_trained_readout,ukr_rus,lowest_shuffled,election2020,full_model,0.184356689453125,0.088836669921875,0.26788330078125,3,0,3
fresh,initial_background_trained_readout,ukr_rus,lowest_shuffled,election2020,raw_center/prototype,0.0,0.0,0.0,0,0,3
fresh,initial_background_trained_readout,ukr_rus,lowest_shuffled,election2020,raw_center/ridge,0.0,0.0,0.0,0,0,3
fresh,initial_background_trained_readout,ukr_rus,lowest_shuffled,election2020,raw_context/prototype,0.0,0.0,0.0,0,0,3
fresh,initial_background_trained_readout,ukr_rus,lowest_shuffled,election2020,raw_context/ridge,0.0,0.0,0.0,0,0,3
fresh,initial_background_trained_readout,ukr_rus,lowest_shuffled,election2020,raw_joint/prototype,0.0,0.0,0.0,0,0,3
fresh,initial_background_trained_readout,ukr_rus,lowest_shuffled,election2020,raw_joint/ridge,0.0,0.0,0.0,0,0,3
fresh,initial_background_trained_readout,ukr_rus,lowest_shuffled,facebook_page_reference,M2_post_meta/prototype,-0.026931126912434895,-0.05611228942871094,-0.010608673095703125,0,3,3
fresh,initial_background_trained_readout,ukr_rus,lowest_shuffled,facebook_page_reference,M2_post_meta/ridge,-0.019320170084635418,-0.049297332763671875,0.000530242919921875,1,2,3
fresh,initial_background_trained_readout,ukr_rus,lowest_shuffled,facebook_page_reference,S0_conv_center/prototype,0.0,0.0,0.0,0,0,3
fresh,initial_background_trained_readout,ukr_rus,lowest_shuffled,facebook_page_reference,S0_conv_center/ridge,0.0,0.0,0.0,0,0,3
fresh,initial_background_trained_readout,ukr_rus,lowest_shuffled,facebook_page_reference,S0_pool/prototype,0.0,0.0,0.0,0,0,3
fresh,initial_background_trained_readout,ukr_rus,lowest_shuffled,facebook_page_reference,S0_pool/ridge,0.0,0.0,0.0,0,0,3
fresh,initial_background_trained_readout,ukr_rus,lowest_shuffled,facebook_page_reference,U1_pre_meta/prototype,-0.03461392720540365,-0.06326866149902344,-0.008642196655273438,0,3,3
fresh,initial_background_trained_readout,ukr_rus,lowest_shuffled,facebook_page_reference,U1_pre_meta/ridge,-0.03780428568522135,-0.06572151184082031,-0.009340286254882812,0,3,3
fresh,initial_background_trained_readout,ukr_rus,lowest_shuffled,facebook_page_reference,final_input/prototype,-0.026931126912434895,-0.05611228942871094,-0.010608673095703125,0,3,3
fresh,initial_background_trained_readout,ukr_rus,lowest_shuffled,facebook_page_reference,final_input/ridge,-0.019320170084635418,-0.049297332763671875,0.000530242919921875,1,2,3
fresh,initial_background_trained_readout,ukr_rus,lowest_shuffled,facebook_page_reference,full_model,0.003146489461263058,0.000375747680664118,0.005311965942382868,3,0,3
fresh,initial_background_trained_readout,ukr_rus,lowest_shuffled,facebook_page_reference,raw_center/prototype,-1.1102230246251565e-16,-1.1102230246251565e-16,-1.1102230246251565e-16,0,3,3
fresh,initial_background_trained_readout,ukr_rus,lowest_shuffled,facebook_page_reference,raw_center/ridge,0.0,0.0,0.0,0,0,3
fresh,initial_background_trained_readout,ukr_rus,lowest_shuffled,facebook_page_reference,raw_context/prototype,0.0,0.0,0.0,0,0,3
fresh,initial_background_trained_readout,ukr_rus,lowest_shuffled,facebook_page_reference,raw_context/ridge,0.0,0.0,0.0,0,0,3
fresh,initial_background_trained_readout,ukr_rus,lowest_shuffled,facebook_page_reference,raw_joint/prototype,0.0,0.0,0.0,0,0,3
fresh,initial_background_trained_readout,ukr_rus,lowest_shuffled,facebook_page_reference,raw_joint/ridge,-1.1102230246251565e-16,-1.1102230246251565e-16,-1.1102230246251565e-16,0,3,3
fresh,initial_background_trained_readout,ukr_rus,lowest_shuffled,twibot20,M2_post_meta/prototype,-0.00619196008752898,-0.012651443481445424,-0.0008169809977213172,0,3,3
fresh,initial_background_trained_readout,ukr_rus,lowest_shuffled,twibot20,M2_post_meta/ridge,-0.005461374918619755,-0.011931313408745647,-0.00012736850314676307,0,3,3
fresh,initial_background_trained_readout,ukr_rus,lowest_shuffled,twibot20,S0_conv_center/prototype,0.0,0.0,0.0,0,0,3
fresh,initial_background_trained_readout,ukr_rus,lowest_shuffled,twibot20,S0_conv_center/ridge,0.0,0.0,0.0,0,0,3
fresh,initial_background_trained_readout,ukr_rus,lowest_shuffled,twibot20,S0_pool/prototype,0.0,0.0,0.0,0,0,3
fresh,initial_background_trained_readout,ukr_rus,lowest_shuffled,twibot20,S0_pool/ridge,0.0,0.0,0.0,0,0,3
fresh,initial_background_trained_readout,ukr_rus,lowest_shuffled,twibot20,U1_pre_meta/prototype,-0.007038822880497693,-0.011069827609591965,-0.004565768771701451,0,3,3
fresh,initial_background_trained_readout,ukr_rus,lowest_shuffled,twibot20,U1_pre_meta/ridge,-0.00783962673611105,-0.011721505059136272,-0.0055637359619139515,0,3,3
fresh,initial_background_trained_readout,ukr_rus,lowest_shuffled,twibot20,final_input/prototype,-0.00619196008752898,-0.012651443481445424,-0.0008169809977213172,0,3,3
fresh,initial_background_trained_readout,ukr_rus,lowest_shuffled,twibot20,final_input/ridge,-0.005461374918619755,-0.011931313408745647,-0.00012736850314676307,0,3,3
fresh,initial_background_trained_readout,ukr_rus,lowest_shuffled,twibot20,full_model,0.04851828681098088,0.016372044881184822,0.10257424248589408,3,0,3
fresh,initial_background_trained_readout,ukr_rus,lowest_shuffled,twibot20,raw_center/prototype,0.0,0.0,0.0,0,0,3
fresh,initial_background_trained_readout,ukr_rus,lowest_shuffled,twibot20,raw_center/ridge,0.0,0.0,0.0,0,0,3
fresh,initial_background_trained_readout,ukr_rus,lowest_shuffled,twibot20,raw_context/prototype,0.0,0.0,0.0,0,0,3
fresh,initial_background_trained_readout,ukr_rus,lowest_shuffled,twibot20,raw_context/ridge,0.0,0.0,0.0,0,0,3
fresh,initial_background_trained_readout,ukr_rus,lowest_shuffled,twibot20,raw_joint/prototype,0.0,0.0,0.0,0,0,3
fresh,initial_background_trained_readout,ukr_rus,lowest_shuffled,twibot20,raw_joint/ridge,0.0,0.0,0.0,0,0,3
fresh,initial_background_trained_readout,ukr_rus,lowest_shuffled,ukr_rus_suspended,M2_post_meta/prototype,0.010203043619791666,0.004150390625,0.01849365234375,3,0,3
fresh,initial_background_trained_readout,ukr_rus,lowest_shuffled,ukr_rus_suspended,M2_post_meta/ridge,0.007924397786458334,0.003021240234375,0.0155029296875,3,0,3
fresh,initial_background_trained_readout,ukr_rus,lowest_shuffled,ukr_rus_suspended,S0_conv_center/prototype,0.0,0.0,0.0,0,0,3
fresh,initial_background_trained_readout,ukr_rus,lowest_shuffled,ukr_rus_suspended,S0_conv_center/ridge,0.0,0.0,0.0,0,0,3
fresh,initial_background_trained_readout,ukr_rus,lowest_shuffled,ukr_rus_suspended,S0_pool/prototype,0.0,0.0,0.0,0,0,3
fresh,initial_background_trained_readout,ukr_rus,lowest_shuffled,ukr_rus_suspended,S0_pool/ridge,0.0,0.0,0.0,0,0,3
fresh,initial_background_trained_readout,ukr_rus,lowest_shuffled,ukr_rus_suspended,U1_pre_meta/prototype,0.014485677083333334,-0.0010986328125,0.0291748046875,2,1,3
fresh,initial_background_trained_readout,ukr_rus,lowest_shuffled,ukr_rus_suspended,U1_pre_meta/ridge,0.014689127604166666,-0.00164794921875,0.02862548828125,2,1,3
fresh,initial_background_trained_readout,ukr_rus,lowest_shuffled,ukr_rus_suspended,final_input/prototype,0.010203043619791666,0.004150390625,0.01849365234375,3,0,3
fresh,initial_background_trained_readout,ukr_rus,lowest_shuffled,ukr_rus_suspended,final_input/ridge,0.007924397786458334,0.003021240234375,0.0155029296875,3,0,3
fresh,initial_background_trained_readout,ukr_rus,lowest_shuffled,ukr_rus_suspended,full_model,-0.008026123046875,-0.051849365234375,0.040435791015625,1,2,3
fresh,initial_background_trained_readout,ukr_rus,lowest_shuffled,ukr_rus_suspended,raw_center/prototype,0.0,0.0,0.0,0,0,3
fresh,initial_background_trained_readout,ukr_rus,lowest_shuffled,ukr_rus_suspended,raw_center/ridge,0.0,0.0,0.0,0,0,3
fresh,initial_background_trained_readout,ukr_rus,lowest_shuffled,ukr_rus_suspended,raw_context/prototype,0.0,0.0,0.0,0,0,3
fresh,initial_background_trained_readout,ukr_rus,lowest_shuffled,ukr_rus_suspended,raw_context/ridge,0.0,0.0,0.0,0,0,3
fresh,initial_background_trained_readout,ukr_rus,lowest_shuffled,ukr_rus_suspended,raw_joint/prototype,0.0,0.0,0.0,0,0,3
fresh,initial_background_trained_readout,ukr_rus,lowest_shuffled,ukr_rus_suspended,raw_joint/ridge,0.0,0.0,0.0,0,0,3
fresh,initial_background_trained_readout,ukr_rus,lowest_sorted,covid_political,M2_post_meta/prototype,0.07248602973090286,0.04370964898003493,0.09760312680844918,3,0,3
fresh,initial_background_trained_readout,ukr_rus,lowest_sorted,covid_political,M2_post_meta/ridge,0.07624835732542438,0.04658875641999427,0.10061334680627887,3,0,3
fresh,initial_background_trained_readout,ukr_rus,lowest_sorted,covid_political,S0_conv_center/prototype,0.0,0.0,0.0,0,0,3
fresh,initial_background_trained_readout,ukr_rus,lowest_sorted,covid_political,S0_conv_center/ridge,0.0,0.0,0.0,0,0,3
fresh,initial_background_trained_readout,ukr_rus,lowest_sorted,covid_political,S0_pool/prototype,0.0,0.0,0.0,0,0,3
fresh,initial_background_trained_readout,ukr_rus,lowest_sorted,covid_political,S0_pool/ridge,0.0,0.0,0.0,0,0,3
fresh,initial_background_trained_readout,ukr_rus,lowest_sorted,covid_political,U1_pre_meta/prototype,0.07016876597463347,0.04410072609230331,0.09517641420717582,3,0,3
fresh,initial_background_trained_readout,ukr_rus,lowest_sorted,covid_political,U1_pre_meta/ridge,0.059815583405671315,0.02751131410951968,0.0876089025426795,3,0,3
fresh,initial_background_trained_readout,ukr_rus,lowest_sorted,covid_political,final_input/prototype,0.07248602973090286,0.04370964898003493,0.09760312680844918,3,0,3
fresh,initial_background_trained_readout,ukr_rus,lowest_sorted,covid_political,final_input/ridge,0.07624835732542438,0.04658875641999427,0.10061334680627887,3,0,3
fresh,initial_background_trained_readout,ukr_rus,lowest_sorted,covid_political,full_model,-0.020817132643711395,-0.2598390932436343,0.21840780752676509,1,2,3
fresh,initial_background_trained_readout,ukr_rus,lowest_sorted,covid_political,raw_center/prototype,0.0,0.0,0.0,0,0,3
fresh,initial_background_trained_readout,ukr_rus,lowest_sorted,covid_political,raw_center/ridge,0.0,0.0,0.0,0,0,3
fresh,initial_background_trained_readout,ukr_rus,lowest_sorted,covid_political,raw_context/prototype,1.1102230246251565e-16,1.1102230246251565e-16,1.1102230246251565e-16,3,0,3
fresh,initial_background_trained_readout,ukr_rus,lowest_sorted,covid_political,raw_context/ridge,0.0,0.0,0.0,0,0,3
fresh,initial_background_trained_readout,ukr_rus,lowest_sorted,covid_political,raw_joint/prototype,0.0,0.0,0.0,0,0,3
fresh,initial_background_trained_readout,ukr_rus,lowest_sorted,covid_political,raw_joint/ridge,0.0,0.0,0.0,0,0,3
fresh,initial_background_trained_readout,ukr_rus,lowest_sorted,election2020,M2_post_meta/prototype,0.025726318359375,-0.016021728515625,0.062774658203125,2,1,3
fresh,initial_background_trained_readout,ukr_rus,lowest_sorted,election2020,M2_post_meta/ridge,0.032368977864583336,-0.01495361328125,0.06976318359375,2,1,3
fresh,initial_background_trained_readout,ukr_rus,lowest_sorted,election2020,S0_conv_center/prototype,0.0,0.0,0.0,0,0,3
fresh,initial_background_trained_readout,ukr_rus,lowest_sorted,election2020,S0_conv_center/ridge,0.0,0.0,0.0,0,0,3
fresh,initial_background_trained_readout,ukr_rus,lowest_sorted,election2020,S0_pool/prototype,0.0,0.0,0.0,0,0,3
fresh,initial_background_trained_readout,ukr_rus,lowest_sorted,election2020,S0_pool/ridge,0.0,0.0,0.0,0,0,3
fresh,initial_background_trained_readout,ukr_rus,lowest_sorted,election2020,U1_pre_meta/prototype,0.020965576171875,-0.022918701171875,0.0433349609375,2,1,3
fresh,initial_background_trained_readout,ukr_rus,lowest_sorted,election2020,U1_pre_meta/ridge,-0.0025227864583333335,-0.05706787109375,0.031005859375,2,1,3
fresh,initial_background_trained_readout,ukr_rus,lowest_sorted,election2020,final_input/prototype,0.025726318359375,-0.016021728515625,0.062774658203125,2,1,3
fresh,initial_background_trained_readout,ukr_rus,lowest_sorted,election2020,final_input/ridge,0.032368977864583336,-0.01495361328125,0.06976318359375,2,1,3
fresh,initial_background_trained_readout,ukr_rus,lowest_sorted,election2020,full_model,0.08194986979166667,-0.1182861328125,0.2484130859375,2,1,3
fresh,initial_background_trained_readout,ukr_rus,lowest_sorted,election2020,raw_center/prototype,0.0,0.0,0.0,0,0,3
fresh,initial_background_trained_readout,ukr_rus,lowest_sorted,election2020,raw_center/ridge,0.0,0.0,0.0,0,0,3
fresh,initial_background_trained_readout,ukr_rus,lowest_sorted,election2020,raw_context/prototype,0.0,0.0,0.0,0,0,3
fresh,initial_background_trained_readout,ukr_rus,lowest_sorted,election2020,raw_context/ridge,0.0,0.0,0.0,0,0,3
fresh,initial_background_trained_readout,ukr_rus,lowest_sorted,election2020,raw_joint/prototype,0.0,0.0,0.0,0,0,3
fresh,initial_background_trained_readout,ukr_rus,lowest_sorted,election2020,raw_joint/ridge,0.0,0.0,0.0,0,0,3
fresh,initial_background_trained_readout,ukr_rus,lowest_sorted,facebook_page_reference,M2_post_meta/prototype,-0.05642573038736979,-0.09518623352050781,-0.020174026489257812,0,3,3
fresh,initial_background_trained_readout,ukr_rus,lowest_sorted,facebook_page_reference,M2_post_meta/ridge,-0.048244476318359375,-0.08743095397949219,-0.014577865600585938,0,3,3
fresh,initial_background_trained_readout,ukr_rus,lowest_sorted,facebook_page_reference,S0_conv_center/prototype,0.0,0.0,0.0,0,0,3
fresh,initial_background_trained_readout,ukr_rus,lowest_sorted,facebook_page_reference,S0_conv_center/ridge,0.0,0.0,0.0,0,0,3
fresh,initial_background_trained_readout,ukr_rus,lowest_sorted,facebook_page_reference,S0_pool/prototype,0.0,0.0,0.0,0,0,3
fresh,initial_background_trained_readout,ukr_rus,lowest_sorted,facebook_page_reference,S0_pool/ridge,0.0,0.0,0.0,0,0,3
fresh,initial_background_trained_readout,ukr_rus,lowest_sorted,facebook_page_reference,U1_pre_meta/prototype,-0.06532986958821614,-0.10186386108398438,-0.0132293701171875,0,3,3
fresh,initial_background_trained_readout,ukr_rus,lowest_sorted,facebook_page_reference,U1_pre_meta/ridge,-0.06825637817382812,-0.10272407531738281,-0.014471054077148438,0,3,3
fresh,initial_background_trained_readout,ukr_rus,lowest_sorted,facebook_page_reference,final_input/prototype,-0.05642573038736979,-0.09518623352050781,-0.020174026489257812,0,3,3
fresh,initial_background_trained_readout,ukr_rus,lowest_sorted,facebook_page_reference,final_input/ridge,-0.048244476318359375,-0.08743095397949219,-0.014577865600585938,0,3,3
fresh,initial_background_trained_readout,ukr_rus,lowest_sorted,facebook_page_reference,full_model,0.0005734761555989953,-0.0022506713867186945,0.0033111572265625,2,1,3
fresh,initial_background_trained_readout,ukr_rus,lowest_sorted,facebook_page_reference,raw_center/prototype,-1.1102230246251565e-16,-1.1102230246251565e-16,-1.1102230246251565e-16,0,3,3
fresh,initial_background_trained_readout,ukr_rus,lowest_sorted,facebook_page_reference,raw_center/ridge,0.0,0.0,0.0,0,0,3
fresh,initial_background_trained_readout,ukr_rus,lowest_sorted,facebook_page_reference,raw_context/prototype,0.0,0.0,0.0,0,0,3
fresh,initial_background_trained_readout,ukr_rus,lowest_sorted,facebook_page_reference,raw_context/ridge,0.0,0.0,0.0,0,0,3
fresh,initial_background_trained_readout,ukr_rus,lowest_sorted,facebook_page_reference,raw_joint/prototype,0.0,0.0,0.0,0,0,3
fresh,initial_background_trained_readout,ukr_rus,lowest_sorted,facebook_page_reference,raw_joint/ridge,-1.1102230246251565e-16,-1.1102230246251565e-16,-1.1102230246251565e-16,0,3,3
fresh,initial_background_trained_readout,ukr_rus,lowest_sorted,twibot20,M2_post_meta/prototype,-0.0047888579191985485,-0.005691104465060937,-0.003726959228515625,0,3,3
fresh,initial_background_trained_readout,ukr_rus,lowest_sorted,twibot20,M2_post_meta/ridge,-0.004307287710684227,-0.005506303575303684,-0.003028021918402679,0,3,3
fresh,initial_background_trained_readout,ukr_rus,lowest_sorted,twibot20,S0_conv_center/prototype,0.0,0.0,0.0,0,0,3
fresh,initial_background_trained_readout,ukr_rus,lowest_sorted,twibot20,S0_conv_center/ridge,0.0,0.0,0.0,0,0,3
fresh,initial_background_trained_readout,ukr_rus,lowest_sorted,twibot20,S0_pool/prototype,0.0,0.0,0.0,0,0,3
fresh,initial_background_trained_readout,ukr_rus,lowest_sorted,twibot20,S0_pool/ridge,0.0,0.0,0.0,0,0,3
fresh,initial_background_trained_readout,ukr_rus,lowest_sorted,twibot20,U1_pre_meta/prototype,-0.004655696727611421,-0.005088382297092076,-0.004316541883680691,0,3,3
fresh,initial_background_trained_readout,ukr_rus,lowest_sorted,twibot20,U1_pre_meta/ridge,-0.005679660373263877,-0.005890104505750893,-0.005516052246093639,0,3,3
fresh,initial_background_trained_readout,ukr_rus,lowest_sorted,twibot20,final_input/prototype,-0.0047888579191985485,-0.005691104465060937,-0.003726959228515625,0,3,3
fresh,initial_background_trained_readout,ukr_rus,lowest_sorted,twibot20,final_input/ridge,-0.004307287710684227,-0.005506303575303684,-0.003028021918402679,0,3,3
fresh,initial_background_trained_readout,ukr_rus,lowest_sorted,twibot20,full_model,0.05257889076515482,-0.010236316257053013,0.14355871412489163,2,1,3
fresh,initial_background_trained_readout,ukr_rus,lowest_sorted,twibot20,raw_center/prototype,0.0,0.0,0.0,0,0,3
fresh,initial_background_trained_readout,ukr_rus,lowest_sorted,twibot20,raw_center/ridge,0.0,0.0,0.0,0,0,3
fresh,initial_background_trained_readout,ukr_rus,lowest_sorted,twibot20,raw_context/prototype,0.0,0.0,0.0,0,0,3
fresh,initial_background_trained_readout,ukr_rus,lowest_sorted,twibot20,raw_context/ridge,0.0,0.0,0.0,0,0,3
fresh,initial_background_trained_readout,ukr_rus,lowest_sorted,twibot20,raw_joint/prototype,0.0,0.0,0.0,0,0,3
fresh,initial_background_trained_readout,ukr_rus,lowest_sorted,twibot20,raw_joint/ridge,0.0,0.0,0.0,0,0,3
fresh,initial_background_trained_readout,ukr_rus,lowest_sorted,ukr_rus_suspended,M2_post_meta/prototype,-0.005940755208333333,-0.01171875,0.0032958984375,1,2,3
fresh,initial_background_trained_readout,ukr_rus,lowest_sorted,ukr_rus_suspended,M2_post_meta/ridge,-0.005523681640625,-0.0125732421875,0.00555419921875,1,2,3
fresh,initial_background_trained_readout,ukr_rus,lowest_sorted,ukr_rus_suspended,S0_conv_center/prototype,0.0,0.0,0.0,0,0,3
fresh,initial_background_trained_readout,ukr_rus,lowest_sorted,ukr_rus_suspended,S0_conv_center/ridge,0.0,0.0,0.0,0,0,3
fresh,initial_background_trained_readout,ukr_rus,lowest_sorted,ukr_rus_suspended,S0_pool/prototype,0.0,0.0,0.0,0,0,3
fresh,initial_background_trained_readout,ukr_rus,lowest_sorted,ukr_rus_suspended,S0_pool/ridge,0.0,0.0,0.0,0,0,3
fresh,initial_background_trained_readout,ukr_rus,lowest_sorted,ukr_rus_suspended,U1_pre_meta/prototype,-0.0027974446614583335,-0.01275634765625,0.00787353515625,1,2,3
fresh,initial_background_trained_readout,ukr_rus,lowest_sorted,ukr_rus_suspended,U1_pre_meta/ridge,0.0010172526041666667,-0.0091552734375,0.00982666015625,2,1,3
fresh,initial_background_trained_readout,ukr_rus,lowest_sorted,ukr_rus_suspended,final_input/prototype,-0.005940755208333333,-0.01171875,0.0032958984375,1,2,3
fresh,initial_background_trained_readout,ukr_rus,lowest_sorted,ukr_rus_suspended,final_input/ridge,-0.005523681640625,-0.0125732421875,0.00555419921875,1,2,3
fresh,initial_background_trained_readout,ukr_rus,lowest_sorted,ukr_rus_suspended,full_model,-0.0030619303385416665,-0.020904541015625,0.010955810546875,2,1,3
fresh,initial_background_trained_readout,ukr_rus,lowest_sorted,ukr_rus_suspended,raw_center/prototype,0.0,0.0,0.0,0,0,3
fresh,initial_background_trained_readout,ukr_rus,lowest_sorted,ukr_rus_suspended,raw_center/ridge,0.0,0.0,0.0,0,0,3
fresh,initial_background_trained_readout,ukr_rus,lowest_sorted,ukr_rus_suspended,raw_context/prototype,0.0,0.0,0.0,0,0,3
fresh,initial_background_trained_readout,ukr_rus,lowest_sorted,ukr_rus_suspended,raw_context/ridge,0.0,0.0,0.0,0,0,3
fresh,initial_background_trained_readout,ukr_rus,lowest_sorted,ukr_rus_suspended,raw_joint/prototype,0.0,0.0,0.0,0,0,3
fresh,initial_background_trained_readout,ukr_rus,lowest_sorted,ukr_rus_suspended,raw_joint/ridge,0.0,0.0,0.0,0,0,3
fresh,initial_background_trained_readout,ukr_rus,uniform_shuffled,covid_political,M2_post_meta/prototype,0.045151887116608815,0.03019883897569442,0.06168054651331012,3,0,3
fresh,initial_background_trained_readout,ukr_rus,uniform_shuffled,covid_political,M2_post_meta/ridge,0.04741517997082367,0.0325164794921875,0.06458678068938073,3,0,3
fresh,initial_background_trained_readout,ukr_rus,uniform_shuffled,covid_political,S0_conv_center/prototype,0.0,0.0,0.0,0,0,3
fresh,initial_background_trained_readout,ukr_rus,uniform_shuffled,covid_political,S0_conv_center/ridge,0.0,0.0,0.0,0,0,3
fresh,initial_background_trained_readout,ukr_rus,uniform_shuffled,covid_political,S0_pool/prototype,0.0,0.0,0.0,0,0,3
fresh,initial_background_trained_readout,ukr_rus,uniform_shuffled,covid_political,S0_pool/ridge,0.0,0.0,0.0,0,0,3
fresh,initial_background_trained_readout,ukr_rus,uniform_shuffled,covid_political,U1_pre_meta/prototype,0.042050114384403904,0.02547906946252887,0.0530895657009548,3,0,3
fresh,initial_background_trained_readout,ukr_rus,uniform_shuffled,covid_political,U1_pre_meta/ridge,0.02928246392144096,0.01698670563874416,0.04140274612991901,3,0,3
fresh,initial_background_trained_readout,ukr_rus,uniform_shuffled,covid_political,final_input/prototype,0.045151887116608815,0.03019883897569442,0.06168054651331012,3,0,3
fresh,initial_background_trained_readout,ukr_rus,uniform_shuffled,covid_political,final_input/ridge,0.04741517997082367,0.0325164794921875,0.06458678068938073,3,0,3
fresh,initial_background_trained_readout,ukr_rus,uniform_shuffled,covid_political,full_model,0.11651319338951582,-0.12227743643301509,0.24729721634476282,2,1,3
fresh,initial_background_trained_readout,ukr_rus,uniform_shuffled,covid_political,raw_center/prototype,0.0,0.0,0.0,0,0,3
fresh,initial_background_trained_readout,ukr_rus,uniform_shuffled,covid_political,raw_center/ridge,0.0,0.0,0.0,0,0,3
fresh,initial_background_trained_readout,ukr_rus,uniform_shuffled,covid_political,raw_context/prototype,1.1102230246251565e-16,1.1102230246251565e-16,1.1102230246251565e-16,3,0,3
fresh,initial_background_trained_readout,ukr_rus,uniform_shuffled,covid_political,raw_context/ridge,0.0,0.0,0.0,0,0,3
fresh,initial_background_trained_readout,ukr_rus,uniform_shuffled,covid_political,raw_joint/prototype,0.0,0.0,0.0,0,0,3
fresh,initial_background_trained_readout,ukr_rus,uniform_shuffled,covid_political,raw_joint/ridge,0.0,0.0,0.0,0,0,3
fresh,initial_background_trained_readout,ukr_rus,uniform_shuffled,election2020,M2_post_meta/prototype,-0.0037434895833333335,-0.011474609375,0.002838134765625,1,2,3
fresh,initial_background_trained_readout,ukr_rus,uniform_shuffled,election2020,M2_post_meta/ridge,-0.0008748372395833334,-0.00872802734375,0.00494384765625,2,1,3
fresh,initial_background_trained_readout,ukr_rus,uniform_shuffled,election2020,S0_conv_center/prototype,0.0,0.0,0.0,0,0,3
fresh,initial_background_trained_readout,ukr_rus,uniform_shuffled,election2020,S0_conv_center/ridge,0.0,0.0,0.0,0,0,3
fresh,initial_background_trained_readout,ukr_rus,uniform_shuffled,election2020,S0_pool/prototype,0.0,0.0,0.0,0,0,3
fresh,initial_background_trained_readout,ukr_rus,uniform_shuffled,election2020,S0_pool/ridge,0.0,0.0,0.0,0,0,3
fresh,initial_background_trained_readout,ukr_rus,uniform_shuffled,election2020,U1_pre_meta/prototype,-0.005533854166666667,-0.0262451171875,0.0064697265625,2,1,3
fresh,initial_background_trained_readout,ukr_rus,uniform_shuffled,election2020,U1_pre_meta/ridge,-0.033467610677083336,-0.05242919921875,-0.02215576171875,0,3,3
fresh,initial_background_trained_readout,ukr_rus,uniform_shuffled,election2020,final_input/prototype,-0.0037434895833333335,-0.011474609375,0.002838134765625,1,2,3
fresh,initial_background_trained_readout,ukr_rus,uniform_shuffled,election2020,final_input/ridge,-0.0008748372395833334,-0.00872802734375,0.00494384765625,2,1,3
fresh,initial_background_trained_readout,ukr_rus,uniform_shuffled,election2020,full_model,0.15459187825520834,-0.0057373046875,0.385528564453125,2,1,3
fresh,initial_background_trained_readout,ukr_rus,uniform_shuffled,election2020,raw_center/prototype,0.0,0.0,0.0,0,0,3
fresh,initial_background_trained_readout,ukr_rus,uniform_shuffled,election2020,raw_center/ridge,0.0,0.0,0.0,0,0,3
fresh,initial_background_trained_readout,ukr_rus,uniform_shuffled,election2020,raw_context/prototype,0.0,0.0,0.0,0,0,3
fresh,initial_background_trained_readout,ukr_rus,uniform_shuffled,election2020,raw_context/ridge,0.0,0.0,0.0,0,0,3
fresh,initial_background_trained_readout,ukr_rus,uniform_shuffled,election2020,raw_joint/prototype,0.0,0.0,0.0,0,0,3
fresh,initial_background_trained_readout,ukr_rus,uniform_shuffled,election2020,raw_joint/ridge,0.0,0.0,0.0,0,0,3
fresh,initial_background_trained_readout,ukr_rus,uniform_shuffled,facebook_page_reference,M2_post_meta/prototype,-0.04995918273925781,-0.06812477111816406,-0.0335845947265625,0,3,3
fresh,initial_background_trained_readout,ukr_rus,uniform_shuffled,facebook_page_reference,M2_post_meta/ridge,-0.04233551025390625,-0.06060981750488281,-0.02361297607421875,0,3,3
fresh,initial_background_trained_readout,ukr_rus,uniform_shuffled,facebook_page_reference,S0_conv_center/prototype,0.0,0.0,0.0,0,0,3
fresh,initial_background_trained_readout,ukr_rus,uniform_shuffled,facebook_page_reference,S0_conv_center/ridge,0.0,0.0,0.0,0,0,3
fresh,initial_background_trained_readout,ukr_rus,uniform_shuffled,facebook_page_reference,S0_pool/prototype,0.0,0.0,0.0,0,0,3
fresh,initial_background_trained_readout,ukr_rus,uniform_shuffled,facebook_page_reference,S0_pool/ridge,0.0,0.0,0.0,0,0,3
fresh,initial_background_trained_readout,ukr_rus,uniform_shuffled,facebook_page_reference,U1_pre_meta/prototype,-0.06470743815104167,-0.08159255981445312,-0.05156135559082031,0,3,3
fresh,initial_background_trained_readout,ukr_rus,uniform_shuffled,facebook_page_reference,U1_pre_meta/ridge,-0.06799379984537761,-0.08319854736328125,-0.05201530456542969,0,3,3
fresh,initial_background_trained_readout,ukr_rus,uniform_shuffled,facebook_page_reference,final_input/prototype,-0.04995918273925781,-0.06812477111816406,-0.0335845947265625,0,3,3
fresh,initial_background_trained_readout,ukr_rus,uniform_shuffled,facebook_page_reference,final_input/ridge,-0.04233551025390625,-0.06060981750488281,-0.02361297607421875,0,3,3
fresh,initial_background_trained_readout,ukr_rus,uniform_shuffled,facebook_page_reference,full_model,0.0033308664957682663,-0.000230789184570257,0.008501052856445368,2,1,3
fresh,initial_background_trained_readout,ukr_rus,uniform_shuffled,facebook_page_reference,raw_center/prototype,-1.1102230246251565e-16,-1.1102230246251565e-16,-1.1102230246251565e-16,0,3,3
fresh,initial_background_trained_readout,ukr_rus,uniform_shuffled,facebook_page_reference,raw_center/ridge,0.0,0.0,0.0,0,0,3
fresh,initial_background_trained_readout,ukr_rus,uniform_shuffled,facebook_page_reference,raw_context/prototype,0.0,0.0,0.0,0,0,3
fresh,initial_background_trained_readout,ukr_rus,uniform_shuffled,facebook_page_reference,raw_context/ridge,0.0,0.0,0.0,0,0,3
fresh,initial_background_trained_readout,ukr_rus,uniform_shuffled,facebook_page_reference,raw_joint/prototype,0.0,0.0,0.0,0,0,3
fresh,initial_background_trained_readout,ukr_rus,uniform_shuffled,facebook_page_reference,raw_joint/ridge,-1.1102230246251565e-16,-1.1102230246251565e-16,-1.1102230246251565e-16,0,3,3
fresh,initial_background_trained_readout,ukr_rus,uniform_shuffled,twibot20,M2_post_meta/prototype,-0.008945888943142374,-0.01792483859592031,0.001319885253906361,1,2,3
fresh,initial_background_trained_readout,ukr_rus,uniform_shuffled,twibot20,M2_post_meta/ridge,-0.008407380845811682,-0.017528533935546875,0.0021762847900389515,1,2,3
fresh,initial_background_trained_readout,ukr_rus,uniform_shuffled,twibot20,S0_conv_center/prototype,0.0,0.0,0.0,0,0,3
fresh,initial_background_trained_readout,ukr_rus,uniform_shuffled,twibot20,S0_conv_center/ridge,0.0,0.0,0.0,0,0,3
fresh,initial_background_trained_readout,ukr_rus,uniform_shuffled,twibot20,S0_pool/prototype,0.0,0.0,0.0,0,0,3
fresh,initial_background_trained_readout,ukr_rus,uniform_shuffled,twibot20,S0_pool/ridge,0.0,0.0,0.0,0,0,3
fresh,initial_background_trained_readout,ukr_rus,uniform_shuffled,twibot20,U1_pre_meta/prototype,-0.0067686858000579235,-0.01351674397786462,0.002790662977430469,1,2,3
fresh,initial_background_trained_readout,ukr_rus,uniform_shuffled,twibot20,U1_pre_meta/ridge,-0.00777491816767939,-0.014216528998480915,0.0018872155083550224,1,2,3
fresh,initial_background_trained_readout,ukr_rus,uniform_shuffled,twibot20,final_input/prototype,-0.008945888943142374,-0.01792483859592031,0.001319885253906361,1,2,3
fresh,initial_background_trained_readout,ukr_rus,uniform_shuffled,twibot20,final_input/ridge,-0.008407380845811682,-0.017528533935546875,0.0021762847900389515,1,2,3
fresh,initial_background_trained_readout,ukr_rus,uniform_shuffled,twibot20,full_model,-0.06857003106011288,-0.16395590040418834,-0.016062630547417633,0,3,3
fresh,initial_background_trained_readout,ukr_rus,uniform_shuffled,twibot20,raw_center/prototype,0.0,0.0,0.0,0,0,3
fresh,initial_background_trained_readout,ukr_rus,uniform_shuffled,twibot20,raw_center/ridge,0.0,0.0,0.0,0,0,3
fresh,initial_background_trained_readout,ukr_rus,uniform_shuffled,twibot20,raw_context/prototype,0.0,0.0,0.0,0,0,3
fresh,initial_background_trained_readout,ukr_rus,uniform_shuffled,twibot20,raw_context/ridge,0.0,0.0,0.0,0,0,3
fresh,initial_background_trained_readout,ukr_rus,uniform_shuffled,twibot20,raw_joint/prototype,0.0,0.0,0.0,0,0,3
fresh,initial_background_trained_readout,ukr_rus,uniform_shuffled,twibot20,raw_joint/ridge,0.0,0.0,0.0,0,0,3
fresh,initial_background_trained_readout,ukr_rus,uniform_shuffled,ukr_rus_suspended,M2_post_meta/prototype,0.004892985026041667,0.002777099609375,0.0067138671875,3,0,3
fresh,initial_background_trained_readout,ukr_rus,uniform_shuffled,ukr_rus_suspended,M2_post_meta/ridge,0.005055745442708333,0.00250244140625,0.010040283203125,3,0,3
fresh,initial_background_trained_readout,ukr_rus,uniform_shuffled,ukr_rus_suspended,S0_conv_center/prototype,0.0,0.0,0.0,0,0,3
fresh,initial_background_trained_readout,ukr_rus,uniform_shuffled,ukr_rus_suspended,S0_conv_center/ridge,0.0,0.0,0.0,0,0,3
fresh,initial_background_trained_readout,ukr_rus,uniform_shuffled,ukr_rus_suspended,S0_pool/prototype,0.0,0.0,0.0,0,0,3
fresh,initial_background_trained_readout,ukr_rus,uniform_shuffled,ukr_rus_suspended,S0_pool/ridge,0.0,0.0,0.0,0,0,3
fresh,initial_background_trained_readout,ukr_rus,uniform_shuffled,ukr_rus_suspended,U1_pre_meta/prototype,0.011647542317708334,0.003173828125,0.017608642578125,3,0,3
fresh,initial_background_trained_readout,ukr_rus,uniform_shuffled,ukr_rus_suspended,U1_pre_meta/ridge,0.014109293619791666,0.003204345703125,0.02069091796875,3,0,3
fresh,initial_background_trained_readout,ukr_rus,uniform_shuffled,ukr_rus_suspended,final_input/prototype,0.004892985026041667,0.002777099609375,0.0067138671875,3,0,3
fresh,initial_background_trained_readout,ukr_rus,uniform_shuffled,ukr_rus_suspended,final_input/ridge,0.005055745442708333,0.00250244140625,0.010040283203125,3,0,3
fresh,initial_background_trained_readout,ukr_rus,uniform_shuffled,ukr_rus_suspended,full_model,-0.037038167317708336,-0.065338134765625,0.010772705078125,1,2,3
fresh,initial_background_trained_readout,ukr_rus,uniform_shuffled,ukr_rus_suspended,raw_center/prototype,0.0,0.0,0.0,0,0,3
fresh,initial_background_trained_readout,ukr_rus,uniform_shuffled,ukr_rus_suspended,raw_center/ridge,0.0,0.0,0.0,0,0,3
fresh,initial_background_trained_readout,ukr_rus,uniform_shuffled,ukr_rus_suspended,raw_context/prototype,0.0,0.0,0.0,0,0,3
fresh,initial_background_trained_readout,ukr_rus,uniform_shuffled,ukr_rus_suspended,raw_context/ridge,0.0,0.0,0.0,0,0,3
fresh,initial_background_trained_readout,ukr_rus,uniform_shuffled,ukr_rus_suspended,raw_joint/prototype,0.0,0.0,0.0,0,0,3
fresh,initial_background_trained_readout,ukr_rus,uniform_shuffled,ukr_rus_suspended,raw_joint/ridge,0.0,0.0,0.0,0,0,3
fresh,initial_background_trained_readout,ukr_rus,uniform_sorted,covid_political,M2_post_meta/prototype,0.06259786346812306,0.02731408013237846,0.09720696343315971,3,0,3
fresh,initial_background_trained_readout,ukr_rus,uniform_sorted,covid_political,M2_post_meta/ridge,0.06582867657696756,0.03045456497757515,0.10075717502170145,3,0,3
fresh,initial_background_trained_readout,ukr_rus,uniform_sorted,covid_political,S0_conv_center/prototype,0.0,0.0,0.0,0,0,3
fresh,initial_background_trained_readout,ukr_rus,uniform_sorted,covid_political,S0_conv_center/ridge,0.0,0.0,0.0,0,0,3
fresh,initial_background_trained_readout,ukr_rus,uniform_sorted,covid_political,S0_pool/prototype,0.0,0.0,0.0,0,0,3
fresh,initial_background_trained_readout,ukr_rus,uniform_sorted,covid_political,S0_pool/ridge,0.0,0.0,0.0,0,0,3
fresh,initial_background_trained_readout,ukr_rus,uniform_sorted,covid_political,U1_pre_meta/prototype,0.06024047474802267,0.01537859881365733,0.09881054913556131,3,0,3
fresh,initial_background_trained_readout,ukr_rus,uniform_sorted,covid_political,U1_pre_meta/ridge,0.04917154194396223,0.00716569688585067,0.08496065492983218,3,0,3
fresh,initial_background_trained_readout,ukr_rus,uniform_sorted,covid_political,final_input/prototype,0.06259786346812306,0.02731408013237846,0.09720696343315971,3,0,3
fresh,initial_background_trained_readout,ukr_rus,uniform_sorted,covid_political,final_input/ridge,0.06582867657696756,0.03045456497757515,0.10075717502170145,3,0,3
fresh,initial_background_trained_readout,ukr_rus,uniform_sorted,covid_political,full_model,0.11822538022641783,-0.1891547309027778,0.36082967122395837,2,1,3
fresh,initial_background_trained_readout,ukr_rus,uniform_sorted,covid_political,raw_center/prototype,0.0,0.0,0.0,0,0,3
fresh,initial_background_trained_readout,ukr_rus,uniform_sorted,covid_political,raw_center/ridge,0.0,0.0,0.0,0,0,3
fresh,initial_background_trained_readout,ukr_rus,uniform_sorted,covid_political,raw_context/prototype,1.1102230246251565e-16,1.1102230246251565e-16,1.1102230246251565e-16,3,0,3
fresh,initial_background_trained_readout,ukr_rus,uniform_sorted,covid_political,raw_context/ridge,0.0,0.0,0.0,0,0,3
fresh,initial_background_trained_readout,ukr_rus,uniform_sorted,covid_political,raw_joint/prototype,0.0,0.0,0.0,0,0,3
fresh,initial_background_trained_readout,ukr_rus,uniform_sorted,covid_political,raw_joint/ridge,0.0,0.0,0.0,0,0,3
fresh,initial_background_trained_readout,ukr_rus,uniform_sorted,election2020,M2_post_meta/prototype,0.01336669921875,-0.034423828125,0.065460205078125,2,1,3
fresh,initial_background_trained_readout,ukr_rus,uniform_sorted,election2020,M2_post_meta/ridge,0.018595377604166668,-0.03253173828125,0.075927734375,2,1,3
fresh,initial_background_trained_readout,ukr_rus,uniform_sorted,election2020,S0_conv_center/prototype,0.0,0.0,0.0,0,0,3
fresh,initial_background_trained_readout,ukr_rus,uniform_sorted,election2020,S0_conv_center/ridge,0.0,0.0,0.0,0,0,3
fresh,initial_background_trained_readout,ukr_rus,uniform_sorted,election2020,S0_pool/prototype,0.0,0.0,0.0,0,0,3
fresh,initial_background_trained_readout,ukr_rus,uniform_sorted,election2020,S0_pool/ridge,0.0,0.0,0.0,0,0,3
fresh,initial_background_trained_readout,ukr_rus,uniform_sorted,election2020,U1_pre_meta/prototype,0.0072021484375,-0.05621337890625,0.05633544921875,2,1,3
fresh,initial_background_trained_readout,ukr_rus,uniform_sorted,election2020,U1_pre_meta/ridge,-0.0191650390625,-0.08819580078125,0.03668212890625,1,2,3
fresh,initial_background_trained_readout,ukr_rus,uniform_sorted,election2020,final_input/prototype,0.01336669921875,-0.034423828125,0.065460205078125,2,1,3
fresh,initial_background_trained_readout,ukr_rus,uniform_sorted,election2020,final_input/ridge,0.018595377604166668,-0.03253173828125,0.075927734375,2,1,3
fresh,initial_background_trained_readout,ukr_rus,uniform_sorted,election2020,full_model,0.08258056640625,-0.163818359375,0.3359375,2,1,3
fresh,initial_background_trained_readout,ukr_rus,uniform_sorted,election2020,raw_center/prototype,0.0,0.0,0.0,0,0,3
fresh,initial_background_trained_readout,ukr_rus,uniform_sorted,election2020,raw_center/ridge,0.0,0.0,0.0,0,0,3
fresh,initial_background_trained_readout,ukr_rus,uniform_sorted,election2020,raw_context/prototype,0.0,0.0,0.0,0,0,3
fresh,initial_background_trained_readout,ukr_rus,uniform_sorted,election2020,raw_context/ridge,0.0,0.0,0.0,0,0,3
fresh,initial_background_trained_readout,ukr_rus,uniform_sorted,election2020,raw_joint/prototype,0.0,0.0,0.0,0,0,3
fresh,initial_background_trained_readout,ukr_rus,uniform_sorted,election2020,raw_joint/ridge,0.0,0.0,0.0,0,0,3
fresh,initial_background_trained_readout,ukr_rus,uniform_sorted,facebook_page_reference,M2_post_meta/prototype,-0.04577827453613281,-0.08154869079589844,-0.01892852783203125,0,3,3
fresh,initial_background_trained_readout,ukr_rus,uniform_sorted,facebook_page_reference,M2_post_meta/ridge,-0.03843243916829427,-0.07604408264160156,-0.009489059448242188,0,3,3
fresh,initial_background_trained_readout,ukr_rus,uniform_sorted,facebook_page_reference,S0_conv_center/prototype,0.0,0.0,0.0,0,0,3
fresh,initial_background_trained_readout,ukr_rus,uniform_sorted,facebook_page_reference,S0_conv_center/ridge,0.0,0.0,0.0,0,0,3
fresh,initial_background_trained_readout,ukr_rus,uniform_sorted,facebook_page_reference,S0_pool/prototype,0.0,0.0,0.0,0,0,3
fresh,initial_background_trained_readout,ukr_rus,uniform_sorted,facebook_page_reference,S0_pool/ridge,0.0,0.0,0.0,0,0,3
fresh,initial_background_trained_readout,ukr_rus,uniform_sorted,facebook_page_reference,U1_pre_meta/prototype,-0.05107943216959635,-0.08013153076171875,-0.031482696533203125,0,3,3
fresh,initial_background_trained_readout,ukr_rus,uniform_sorted,facebook_page_reference,U1_pre_meta/ridge,-0.05518531799316406,-0.08119773864746094,-0.034076690673828125,0,3,3
fresh,initial_background_trained_readout,ukr_rus,uniform_sorted,facebook_page_reference,final_input/prototype,-0.04577827453613281,-0.08154869079589844,-0.01892852783203125,0,3,3
fresh,initial_background_trained_readout,ukr_rus,uniform_sorted,facebook_page_reference,final_input/ridge,-0.03843243916829427,-0.07604408264160156,-0.009489059448242188,0,3,3
fresh,initial_background_trained_readout,ukr_rus,uniform_sorted,facebook_page_reference,full_model,0.0015398661295573286,-0.000579833984375,0.004987716674804743,2,1,3
fresh,initial_background_trained_readout,ukr_rus,uniform_sorted,facebook_page_reference,raw_center/prototype,-1.1102230246251565e-16,-1.1102230246251565e-16,-1.1102230246251565e-16,0,3,3
fresh,initial_background_trained_readout,ukr_rus,uniform_sorted,facebook_page_reference,raw_center/ridge,0.0,0.0,0.0,0,0,3
fresh,initial_background_trained_readout,ukr_rus,uniform_sorted,facebook_page_reference,raw_context/prototype,0.0,0.0,0.0,0,0,3
fresh,initial_background_trained_readout,ukr_rus,uniform_sorted,facebook_page_reference,raw_context/ridge,0.0,0.0,0.0,0,0,3
fresh,initial_background_trained_readout,ukr_rus,uniform_sorted,facebook_page_reference,raw_joint/prototype,0.0,0.0,0.0,0,0,3
fresh,initial_background_trained_readout,ukr_rus,uniform_sorted,facebook_page_reference,raw_joint/ridge,-1.1102230246251565e-16,-1.1102230246251565e-16,-1.1102230246251565e-16,0,3,3
fresh,initial_background_trained_readout,ukr_rus,uniform_sorted,twibot20,M2_post_meta/prototype,-0.003634770711263058,-0.013213475545247544,0.006318622165256138,1,2,3
fresh,initial_background_trained_readout,ukr_rus,uniform_sorted,twibot20,M2_post_meta/ridge,-0.0032831827799479165,-0.013148413764105915,0.0068316989474825895,1,2,3
fresh,initial_background_trained_readout,ukr_rus,uniform_sorted,twibot20,S0_conv_center/prototype,0.0,0.0,0.0,0,0,3
fresh,initial_background_trained_readout,ukr_rus,uniform_sorted,twibot20,S0_conv_center/ridge,0.0,0.0,0.0,0,0,3
fresh,initial_background_trained_readout,ukr_rus,uniform_sorted,twibot20,S0_pool/prototype,0.0,0.0,0.0,0,0,3
fresh,initial_background_trained_readout,ukr_rus,uniform_sorted,twibot20,S0_pool/ridge,0.0,0.0,0.0,0,0,3
fresh,initial_background_trained_readout,ukr_rus,uniform_sorted,twibot20,U1_pre_meta/prototype,-0.003196151168258073,-0.010819117228190067,0.0066981845431857145,1,2,3
fresh,initial_background_trained_readout,ukr_rus,uniform_sorted,twibot20,U1_pre_meta/ridge,-0.004423777262369717,-0.012163798014322769,0.005499309963650223,1,2,3
fresh,initial_background_trained_readout,ukr_rus,uniform_sorted,twibot20,final_input/prototype,-0.003634770711263058,-0.013213475545247544,0.006318622165256138,1,2,3
fresh,initial_background_trained_readout,ukr_rus,uniform_sorted,twibot20,final_input/ridge,-0.0032831827799479165,-0.013148413764105915,0.0068316989474825895,1,2,3
fresh,initial_background_trained_readout,ukr_rus,uniform_sorted,twibot20,full_model,0.1228651823820891,0.022425757514105915,0.31734890407986105,3,0,3
fresh,initial_background_trained_readout,ukr_rus,uniform_sorted,twibot20,raw_center/prototype,0.0,0.0,0.0,0,0,3
fresh,initial_background_trained_readout,ukr_rus,uniform_sorted,twibot20,raw_center/ridge,0.0,0.0,0.0,0,0,3
fresh,initial_background_trained_readout,ukr_rus,uniform_sorted,twibot20,raw_context/prototype,0.0,0.0,0.0,0,0,3
fresh,initial_background_trained_readout,ukr_rus,uniform_sorted,twibot20,raw_context/ridge,0.0,0.0,0.0,0,0,3
fresh,initial_background_trained_readout,ukr_rus,uniform_sorted,twibot20,raw_joint/prototype,0.0,0.0,0.0,0,0,3
fresh,initial_background_trained_readout,ukr_rus,uniform_sorted,twibot20,raw_joint/ridge,0.0,0.0,0.0,0,0,3
fresh,initial_background_trained_readout,ukr_rus,uniform_sorted,ukr_rus_suspended,M2_post_meta/prototype,0.021820068359375,0.01385498046875,0.0296630859375,3,0,3
fresh,initial_background_trained_readout,ukr_rus,uniform_sorted,ukr_rus_suspended,M2_post_meta/ridge,0.021993001302083332,0.01348876953125,0.031341552734375,3,0,3
fresh,initial_background_trained_readout,ukr_rus,uniform_sorted,ukr_rus_suspended,S0_conv_center/prototype,0.0,0.0,0.0,0,0,3
fresh,initial_background_trained_readout,ukr_rus,uniform_sorted,ukr_rus_suspended,S0_conv_center/ridge,0.0,0.0,0.0,0,0,3
fresh,initial_background_trained_readout,ukr_rus,uniform_sorted,ukr_rus_suspended,S0_pool/prototype,0.0,0.0,0.0,0,0,3
fresh,initial_background_trained_readout,ukr_rus,uniform_sorted,ukr_rus_suspended,S0_pool/ridge,0.0,0.0,0.0,0,0,3
fresh,initial_background_trained_readout,ukr_rus,uniform_sorted,ukr_rus_suspended,U1_pre_meta/prototype,0.01885986328125,0.003173828125,0.03466796875,3,0,3
fresh,initial_background_trained_readout,ukr_rus,uniform_sorted,ukr_rus_suspended,U1_pre_meta/ridge,0.022735595703125,0.0048828125,0.039520263671875,3,0,3
fresh,initial_background_trained_readout,ukr_rus,uniform_sorted,ukr_rus_suspended,final_input/prototype,0.021820068359375,0.01385498046875,0.0296630859375,3,0,3
fresh,initial_background_trained_readout,ukr_rus,uniform_sorted,ukr_rus_suspended,final_input/ridge,0.021993001302083332,0.01348876953125,0.031341552734375,3,0,3
fresh,initial_background_trained_readout,ukr_rus,uniform_sorted,ukr_rus_suspended,full_model,0.029286702473958332,-0.011383056640625,0.062957763671875,2,1,3
fresh,initial_background_trained_readout,ukr_rus,uniform_sorted,ukr_rus_suspended,raw_center/prototype,0.0,0.0,0.0,0,0,3
fresh,initial_background_trained_readout,ukr_rus,uniform_sorted,ukr_rus_suspended,raw_center/ridge,0.0,0.0,0.0,0,0,3
fresh,initial_background_trained_readout,ukr_rus,uniform_sorted,ukr_rus_suspended,raw_context/prototype,0.0,0.0,0.0,0,0,3
fresh,initial_background_trained_readout,ukr_rus,uniform_sorted,ukr_rus_suspended,raw_context/ridge,0.0,0.0,0.0,0,0,3
fresh,initial_background_trained_readout,ukr_rus,uniform_sorted,ukr_rus_suspended,raw_joint/prototype,0.0,0.0,0.0,0,0,3
fresh,initial_background_trained_readout,ukr_rus,uniform_sorted,ukr_rus_suspended,raw_joint/ridge,0.0,0.0,0.0,0,0,3
fresh,trained_background_initial_readout,cp_hk,lowest_shuffled,covid_political,M2_post_meta/prototype,-0.27796248447747873,-0.3950110541449652,-0.16246767397280093,0,3,3
fresh,trained_background_initial_readout,cp_hk,lowest_shuffled,covid_political,M2_post_meta/ridge,-0.2665551268024209,-0.39412943522135413,-0.09346234356915506,0,3,3
fresh,trained_background_initial_readout,cp_hk,lowest_shuffled,covid_political,S0_conv_center/prototype,0.0,0.0,0.0,0,0,3
fresh,trained_background_initial_readout,cp_hk,lowest_shuffled,covid_political,S0_conv_center/ridge,0.0,0.0,0.0,0,0,3
fresh,trained_background_initial_readout,cp_hk,lowest_shuffled,covid_political,S0_pool/prototype,0.0,0.0,0.0,0,0,3
fresh,trained_background_initial_readout,cp_hk,lowest_shuffled,covid_political,S0_pool/ridge,3.700743415417188e-17,-1.1102230246251565e-16,1.1102230246251565e-16,2,1,3
fresh,trained_background_initial_readout,cp_hk,lowest_shuffled,covid_political,U1_pre_meta/prototype,-0.05032452241874038,-0.05811338071469918,-0.04517844871238419,0,3,3
fresh,trained_background_initial_readout,cp_hk,lowest_shuffled,covid_political,U1_pre_meta/ridge,-0.0498008257077065,-0.05365894458912068,-0.04473424840856499,0,3,3
fresh,trained_background_initial_readout,cp_hk,lowest_shuffled,covid_political,final_input/prototype,-0.27796248447747873,-0.3950110541449652,-0.16246767397280093,0,3,3
fresh,trained_background_initial_readout,cp_hk,lowest_shuffled,covid_political,final_input/ridge,-0.2665551268024209,-0.39412943522135413,-0.09346234356915506,0,3,3
fresh,trained_background_initial_readout,cp_hk,lowest_shuffled,covid_political,full_model,-0.11455912648895643,-0.12818597864221648,-0.10288521095558456,0,3,3
fresh,trained_background_initial_readout,cp_hk,lowest_shuffled,covid_political,raw_center/prototype,0.0,0.0,0.0,0,0,3
fresh,trained_background_initial_readout,cp_hk,lowest_shuffled,covid_political,raw_center/ridge,0.0,0.0,0.0,0,0,3
fresh,trained_background_initial_readout,cp_hk,lowest_shuffled,covid_political,raw_context/prototype,1.1102230246251565e-16,1.1102230246251565e-16,1.1102230246251565e-16,3,0,3
fresh,trained_background_initial_readout,cp_hk,lowest_shuffled,covid_political,raw_context/ridge,0.0,0.0,0.0,0,0,3
fresh,trained_background_initial_readout,cp_hk,lowest_shuffled,covid_political,raw_joint/prototype,0.0,0.0,0.0,0,0,3
fresh,trained_background_initial_readout,cp_hk,lowest_shuffled,covid_political,raw_joint/ridge,0.0,0.0,0.0,0,0,3
fresh,trained_background_initial_readout,cp_hk,lowest_shuffled,election2020,M2_post_meta/prototype,-0.22808837890625,-0.41552734375,0.1336669921875,1,2,3
fresh,trained_background_initial_readout,cp_hk,lowest_shuffled,election2020,M2_post_meta/ridge,-0.23209635416666666,-0.4146728515625,0.13067626953125,1,2,3
fresh,trained_background_initial_readout,cp_hk,lowest_shuffled,election2020,S0_conv_center/prototype,0.0,0.0,0.0,0,0,3
fresh,trained_background_initial_readout,cp_hk,lowest_shuffled,election2020,S0_conv_center/ridge,0.0,0.0,0.0,0,0,3
fresh,trained_background_initial_readout,cp_hk,lowest_shuffled,election2020,S0_pool/prototype,0.0,0.0,0.0,0,0,3
fresh,trained_background_initial_readout,cp_hk,lowest_shuffled,election2020,S0_pool/ridge,0.0,0.0,0.0,0,0,3
fresh,trained_background_initial_readout,cp_hk,lowest_shuffled,election2020,U1_pre_meta/prototype,-0.10597737630208333,-0.115234375,-0.09088134765625,0,3,3
fresh,trained_background_initial_readout,cp_hk,lowest_shuffled,election2020,U1_pre_meta/ridge,-0.08738199869791667,-0.09844970703125,-0.07275390625,0,3,3
fresh,trained_background_initial_readout,cp_hk,lowest_shuffled,election2020,final_input/prototype,-0.22808837890625,-0.41552734375,0.1336669921875,1,2,3
fresh,trained_background_initial_readout,cp_hk,lowest_shuffled,election2020,final_input/ridge,-0.23209635416666666,-0.4146728515625,0.13067626953125,1,2,3
fresh,trained_background_initial_readout,cp_hk,lowest_shuffled,election2020,full_model,-0.24190266927083334,-0.271484375,-0.189453125,0,3,3
fresh,trained_background_initial_readout,cp_hk,lowest_shuffled,election2020,raw_center/prototype,0.0,0.0,0.0,0,0,3
fresh,trained_background_initial_readout,cp_hk,lowest_shuffled,election2020,raw_center/ridge,0.0,0.0,0.0,0,0,3
fresh,trained_background_initial_readout,cp_hk,lowest_shuffled,election2020,raw_context/prototype,0.0,0.0,0.0,0,0,3
fresh,trained_background_initial_readout,cp_hk,lowest_shuffled,election2020,raw_context/ridge,0.0,0.0,0.0,0,0,3
fresh,trained_background_initial_readout,cp_hk,lowest_shuffled,election2020,raw_joint/prototype,0.0,0.0,0.0,0,0,3
fresh,trained_background_initial_readout,cp_hk,lowest_shuffled,election2020,raw_joint/ridge,0.0,0.0,0.0,0,0,3
fresh,trained_background_initial_readout,cp_hk,lowest_shuffled,facebook_page_reference,M2_post_meta/prototype,-0.08498318990071614,-0.12024688720703125,-0.04476356506347656,0,3,3
fresh,trained_background_initial_readout,cp_hk,lowest_shuffled,facebook_page_reference,M2_post_meta/ridge,-0.09027926127115886,-0.12384605407714844,-0.04781341552734375,0,3,3
fresh,trained_background_initial_readout,cp_hk,lowest_shuffled,facebook_page_reference,S0_conv_center/prototype,0.0,0.0,0.0,0,0,3
fresh,trained_background_initial_readout,cp_hk,lowest_shuffled,facebook_page_reference,S0_conv_center/ridge,0.0,0.0,0.0,0,0,3
fresh,trained_background_initial_readout,cp_hk,lowest_shuffled,facebook_page_reference,S0_pool/prototype,0.0,0.0,0.0,0,0,3
fresh,trained_background_initial_readout,cp_hk,lowest_shuffled,facebook_page_reference,S0_pool/ridge,0.0,0.0,0.0,0,0,3
fresh,trained_background_initial_readout,cp_hk,lowest_shuffled,facebook_page_reference,U1_pre_meta/prototype,0.11915334065755208,0.10250473022460938,0.144073486328125,3,0,3
fresh,trained_background_initial_readout,cp_hk,lowest_shuffled,facebook_page_reference,U1_pre_meta/ridge,0.10891914367675781,0.10016632080078125,0.12434577941894531,3,0,3
fresh,trained_background_initial_readout,cp_hk,lowest_shuffled,facebook_page_reference,final_input/prototype,-0.08498318990071614,-0.12024688720703125,-0.04476356506347656,0,3,3
fresh,trained_background_initial_readout,cp_hk,lowest_shuffled,facebook_page_reference,final_input/ridge,-0.09027926127115886,-0.12384605407714844,-0.04781341552734375,0,3,3
fresh,trained_background_initial_readout,cp_hk,lowest_shuffled,facebook_page_reference,full_model,0.0056769053141276045,-0.0014591217041015625,0.01149749755859375,2,1,3
fresh,trained_background_initial_readout,cp_hk,lowest_shuffled,facebook_page_reference,raw_center/prototype,-1.1102230246251565e-16,-1.1102230246251565e-16,-1.1102230246251565e-16,0,3,3
fresh,trained_background_initial_readout,cp_hk,lowest_shuffled,facebook_page_reference,raw_center/ridge,0.0,0.0,0.0,0,0,3
fresh,trained_background_initial_readout,cp_hk,lowest_shuffled,facebook_page_reference,raw_context/prototype,0.0,0.0,0.0,0,0,3
fresh,trained_background_initial_readout,cp_hk,lowest_shuffled,facebook_page_reference,raw_context/ridge,0.0,0.0,0.0,0,0,3
fresh,trained_background_initial_readout,cp_hk,lowest_shuffled,facebook_page_reference,raw_joint/prototype,0.0,0.0,0.0,0,0,3
fresh,trained_background_initial_readout,cp_hk,lowest_shuffled,facebook_page_reference,raw_joint/ridge,-1.1102230246251565e-16,-1.1102230246251565e-16,-1.1102230246251565e-16,0,3,3
fresh,trained_background_initial_readout,cp_hk,lowest_shuffled,twibot20,M2_post_meta/prototype,-0.014591287683557571,-0.054086049397786384,0.020536846584743862,1,2,3
fresh,trained_background_initial_readout,cp_hk,lowest_shuffled,twibot20,M2_post_meta/ridge,-0.0011079576280381698,-0.04918162027994788,0.030031204223632924,2,1,3
fresh,trained_background_initial_readout,cp_hk,lowest_shuffled,twibot20,S0_conv_center/prototype,0.0,0.0,0.0,0,0,3
fresh,trained_background_initial_readout,cp_hk,lowest_shuffled,twibot20,S0_conv_center/ridge,0.0,0.0,0.0,0,0,3
fresh,trained_background_initial_readout,cp_hk,lowest_shuffled,twibot20,S0_pool/prototype,0.0,0.0,0.0,0,0,3
fresh,trained_background_initial_readout,cp_hk,lowest_shuffled,twibot20,S0_pool/ridge,0.0,0.0,0.0,0,0,3
fresh,trained_background_initial_readout,cp_hk,lowest_shuffled,twibot20,U1_pre_meta/prototype,-0.027245486224139248,-0.04150538974338125,-0.005979961819118973,0,3,3
fresh,trained_background_initial_readout,cp_hk,lowest_shuffled,twibot20,U1_pre_meta/ridge,-0.03179719712999126,-0.043147193060980915,-0.013707054985893974,0,3,3
fresh,trained_background_initial_readout,cp_hk,lowest_shuffled,twibot20,final_input/prototype,-0.014591287683557571,-0.054086049397786384,0.020536846584743862,1,2,3
fresh,trained_background_initial_readout,cp_hk,lowest_shuffled,twibot20,final_input/ridge,-0.0011079576280381698,-0.04918162027994788,0.030031204223632924,2,1,3
fresh,trained_background_initial_readout,cp_hk,lowest_shuffled,twibot20,full_model,-0.002449106287073214,-0.06412887573242188,0.0518516964382596,2,1,3
fresh,trained_background_initial_readout,cp_hk,lowest_shuffled,twibot20,raw_center/prototype,0.0,0.0,0.0,0,0,3
fresh,trained_background_initial_readout,cp_hk,lowest_shuffled,twibot20,raw_center/ridge,0.0,0.0,0.0,0,0,3
fresh,trained_background_initial_readout,cp_hk,lowest_shuffled,twibot20,raw_context/prototype,0.0,0.0,0.0,0,0,3
fresh,trained_background_initial_readout,cp_hk,lowest_shuffled,twibot20,raw_context/ridge,0.0,0.0,0.0,0,0,3
fresh,trained_background_initial_readout,cp_hk,lowest_shuffled,twibot20,raw_joint/prototype,0.0,0.0,0.0,0,0,3
fresh,trained_background_initial_readout,cp_hk,lowest_shuffled,twibot20,raw_joint/ridge,0.0,0.0,0.0,0,0,3
fresh,trained_background_initial_readout,cp_hk,lowest_shuffled,ukr_rus_suspended,M2_post_meta/prototype,-0.033793131510416664,-0.0521240234375,-0.0003662109375,0,3,3
fresh,trained_background_initial_readout,cp_hk,lowest_shuffled,ukr_rus_suspended,M2_post_meta/ridge,-0.036173502604166664,-0.05633544921875,-0.0037841796875,0,3,3
fresh,trained_background_initial_readout,cp_hk,lowest_shuffled,ukr_rus_suspended,S0_conv_center/prototype,0.0,0.0,0.0,0,0,3
fresh,trained_background_initial_readout,cp_hk,lowest_shuffled,ukr_rus_suspended,S0_conv_center/ridge,0.0,0.0,0.0,0,0,3
fresh,trained_background_initial_readout,cp_hk,lowest_shuffled,ukr_rus_suspended,S0_pool/prototype,0.0,0.0,0.0,0,0,3
fresh,trained_background_initial_readout,cp_hk,lowest_shuffled,ukr_rus_suspended,S0_pool/ridge,0.0,0.0,0.0,0,0,3
fresh,trained_background_initial_readout,cp_hk,lowest_shuffled,ukr_rus_suspended,U1_pre_meta/prototype,0.008677164713541666,0.004669189453125,0.0118408203125,3,0,3
fresh,trained_background_initial_readout,cp_hk,lowest_shuffled,ukr_rus_suspended,U1_pre_meta/ridge,0.0155029296875,0.00421142578125,0.0291748046875,3,0,3
fresh,trained_background_initial_readout,cp_hk,lowest_shuffled,ukr_rus_suspended,final_input/prototype,-0.033793131510416664,-0.0521240234375,-0.0003662109375,0,3,3
fresh,trained_background_initial_readout,cp_hk,lowest_shuffled,ukr_rus_suspended,final_input/ridge,-0.036173502604166664,-0.05633544921875,-0.0037841796875,0,3,3
fresh,trained_background_initial_readout,cp_hk,lowest_shuffled,ukr_rus_suspended,full_model,-0.029195149739583332,-0.05462646484375,-0.00543212890625,0,3,3
fresh,trained_background_initial_readout,cp_hk,lowest_shuffled,ukr_rus_suspended,raw_center/prototype,0.0,0.0,0.0,0,0,3
fresh,trained_background_initial_readout,cp_hk,lowest_shuffled,ukr_rus_suspended,raw_center/ridge,0.0,0.0,0.0,0,0,3
fresh,trained_background_initial_readout,cp_hk,lowest_shuffled,ukr_rus_suspended,raw_context/prototype,0.0,0.0,0.0,0,0,3
fresh,trained_background_initial_readout,cp_hk,lowest_shuffled,ukr_rus_suspended,raw_context/ridge,0.0,0.0,0.0,0,0,3
fresh,trained_background_initial_readout,cp_hk,lowest_shuffled,ukr_rus_suspended,raw_joint/prototype,0.0,0.0,0.0,0,0,3
fresh,trained_background_initial_readout,cp_hk,lowest_shuffled,ukr_rus_suspended,raw_joint/ridge,0.0,0.0,0.0,0,0,3
fresh,trained_background_initial_readout,cp_hk,lowest_sorted,covid_political,M2_post_meta/prototype,-0.21933492024739584,-0.449345624005353,-0.09565311008029509,0,3,3
fresh,trained_background_initial_readout,cp_hk,lowest_sorted,covid_political,M2_post_meta/ridge,-0.1915801248432678,-0.4649028071650753,-0.04466897469979747,0,3,3
fresh,trained_background_initial_readout,cp_hk,lowest_sorted,covid_political,S0_conv_center/prototype,0.0,0.0,0.0,0,0,3
fresh,trained_background_initial_readout,cp_hk,lowest_sorted,covid_political,S0_conv_center/ridge,0.0,0.0,0.0,0,0,3
fresh,trained_background_initial_readout,cp_hk,lowest_sorted,covid_political,S0_pool/prototype,0.0,0.0,0.0,0,0,3
fresh,trained_background_initial_readout,cp_hk,lowest_sorted,covid_political,S0_pool/ridge,-1.1102230246251565e-16,-1.1102230246251565e-16,-1.1102230246251565e-16,0,3,3
fresh,trained_background_initial_readout,cp_hk,lowest_sorted,covid_political,U1_pre_meta/prototype,-0.0242496066623263,-0.04930001718026589,-0.00613375063295718,0,3,3
fresh,trained_background_initial_readout,cp_hk,lowest_sorted,covid_political,U1_pre_meta/ridge,-0.031913003803771045,-0.05568440755208315,-0.0147122983579282,0,3,3
fresh,trained_background_initial_readout,cp_hk,lowest_sorted,covid_political,final_input/prototype,-0.21933492024739584,-0.449345624005353,-0.09565311008029509,0,3,3
fresh,trained_background_initial_readout,cp_hk,lowest_sorted,covid_political,final_input/ridge,-0.1915801248432678,-0.4649028071650753,-0.04466897469979747,0,3,3
fresh,trained_background_initial_readout,cp_hk,lowest_sorted,covid_political,full_model,-0.12030462571132339,-0.1503711276584203,-0.06479503490306715,0,3,3
fresh,trained_background_initial_readout,cp_hk,lowest_sorted,covid_political,raw_center/prototype,0.0,0.0,0.0,0,0,3
fresh,trained_background_initial_readout,cp_hk,lowest_sorted,covid_political,raw_center/ridge,0.0,0.0,0.0,0,0,3
fresh,trained_background_initial_readout,cp_hk,lowest_sorted,covid_political,raw_context/prototype,1.1102230246251565e-16,1.1102230246251565e-16,1.1102230246251565e-16,3,0,3
fresh,trained_background_initial_readout,cp_hk,lowest_sorted,covid_political,raw_context/ridge,0.0,0.0,0.0,0,0,3
fresh,trained_background_initial_readout,cp_hk,lowest_sorted,covid_political,raw_joint/prototype,0.0,0.0,0.0,0,0,3
fresh,trained_background_initial_readout,cp_hk,lowest_sorted,covid_political,raw_joint/ridge,0.0,0.0,0.0,0,0,3
fresh,trained_background_initial_readout,cp_hk,lowest_sorted,election2020,M2_post_meta/prototype,-0.20906575520833334,-0.4112548828125,-0.08624267578125,0,3,3
fresh,trained_background_initial_readout,cp_hk,lowest_sorted,election2020,M2_post_meta/ridge,-0.1783447265625,-0.4249267578125,-0.0447998046875,0,3,3
fresh,trained_background_initial_readout,cp_hk,lowest_sorted,election2020,S0_conv_center/prototype,0.0,0.0,0.0,0,0,3
fresh,trained_background_initial_readout,cp_hk,lowest_sorted,election2020,S0_conv_center/ridge,0.0,0.0,0.0,0,0,3
fresh,trained_background_initial_readout,cp_hk,lowest_sorted,election2020,S0_pool/prototype,0.0,0.0,0.0,0,0,3
fresh,trained_background_initial_readout,cp_hk,lowest_sorted,election2020,S0_pool/ridge,0.0,0.0,0.0,0,0,3
fresh,trained_background_initial_readout,cp_hk,lowest_sorted,election2020,U1_pre_meta/prototype,-0.08919270833333333,-0.13092041015625,-0.05169677734375,0,3,3
fresh,trained_background_initial_readout,cp_hk,lowest_sorted,election2020,U1_pre_meta/ridge,-0.0789794921875,-0.11663818359375,-0.04730224609375,0,3,3
fresh,trained_background_initial_readout,cp_hk,lowest_sorted,election2020,final_input/prototype,-0.20906575520833334,-0.4112548828125,-0.08624267578125,0,3,3
fresh,trained_background_initial_readout,cp_hk,lowest_sorted,election2020,final_input/ridge,-0.1783447265625,-0.4249267578125,-0.0447998046875,0,3,3
fresh,trained_background_initial_readout,cp_hk,lowest_sorted,election2020,full_model,-0.3108317057291667,-0.393310546875,-0.26153564453125,0,3,3
fresh,trained_background_initial_readout,cp_hk,lowest_sorted,election2020,raw_center/prototype,0.0,0.0,0.0,0,0,3
fresh,trained_background_initial_readout,cp_hk,lowest_sorted,election2020,raw_center/ridge,0.0,0.0,0.0,0,0,3
fresh,trained_background_initial_readout,cp_hk,lowest_sorted,election2020,raw_context/prototype,0.0,0.0,0.0,0,0,3
fresh,trained_background_initial_readout,cp_hk,lowest_sorted,election2020,raw_context/ridge,0.0,0.0,0.0,0,0,3
fresh,trained_background_initial_readout,cp_hk,lowest_sorted,election2020,raw_joint/prototype,0.0,0.0,0.0,0,0,3
fresh,trained_background_initial_readout,cp_hk,lowest_sorted,election2020,raw_joint/ridge,0.0,0.0,0.0,0,0,3
fresh,trained_background_initial_readout,cp_hk,lowest_sorted,facebook_page_reference,M2_post_meta/prototype,-0.11615880330403645,-0.15793228149414062,-0.09430122375488281,0,3,3
fresh,trained_background_initial_readout,cp_hk,lowest_sorted,facebook_page_reference,M2_post_meta/ridge,-0.1269353230794271,-0.16281890869140625,-0.10316085815429688,0,3,3
fresh,trained_background_initial_readout,cp_hk,lowest_sorted,facebook_page_reference,S0_conv_center/prototype,0.0,0.0,0.0,0,0,3
fresh,trained_background_initial_readout,cp_hk,lowest_sorted,facebook_page_reference,S0_conv_center/ridge,0.0,0.0,0.0,0,0,3
fresh,trained_background_initial_readout,cp_hk,lowest_sorted,facebook_page_reference,S0_pool/prototype,0.0,0.0,0.0,0,0,3
fresh,trained_background_initial_readout,cp_hk,lowest_sorted,facebook_page_reference,S0_pool/ridge,0.0,0.0,0.0,0,0,3
fresh,trained_background_initial_readout,cp_hk,lowest_sorted,facebook_page_reference,U1_pre_meta/prototype,0.09936014811197917,0.08240890502929688,0.11091232299804688,3,0,3
fresh,trained_background_initial_readout,cp_hk,lowest_sorted,facebook_page_reference,U1_pre_meta/ridge,0.0800336201985677,0.06728744506835938,0.08929443359375,3,0,3
fresh,trained_background_initial_readout,cp_hk,lowest_sorted,facebook_page_reference,final_input/prototype,-0.11615880330403645,-0.15793228149414062,-0.09430122375488281,0,3,3
fresh,trained_background_initial_readout,cp_hk,lowest_sorted,facebook_page_reference,final_input/ridge,-0.1269353230794271,-0.16281890869140625,-0.10316085815429688,0,3,3
fresh,trained_background_initial_readout,cp_hk,lowest_sorted,facebook_page_reference,full_model,-0.022702534993489582,-0.060726165771484375,0.007144927978515625,1,2,3
fresh,trained_background_initial_readout,cp_hk,lowest_sorted,facebook_page_reference,raw_center/prototype,-1.1102230246251565e-16,-1.1102230246251565e-16,-1.1102230246251565e-16,0,3,3
fresh,trained_background_initial_readout,cp_hk,lowest_sorted,facebook_page_reference,raw_center/ridge,0.0,0.0,0.0,0,0,3
fresh,trained_background_initial_readout,cp_hk,lowest_sorted,facebook_page_reference,raw_context/prototype,0.0,0.0,0.0,0,0,3
fresh,trained_background_initial_readout,cp_hk,lowest_sorted,facebook_page_reference,raw_context/ridge,0.0,0.0,0.0,0,0,3
fresh,trained_background_initial_readout,cp_hk,lowest_sorted,facebook_page_reference,raw_joint/prototype,0.0,0.0,0.0,0,0,3
fresh,trained_background_initial_readout,cp_hk,lowest_sorted,facebook_page_reference,raw_joint/ridge,-1.1102230246251565e-16,-1.1102230246251565e-16,-1.1102230246251565e-16,0,3,3
fresh,trained_background_initial_readout,cp_hk,lowest_sorted,twibot20,M2_post_meta/prototype,-0.08882367169415517,-0.11645465426974833,-0.05972713894314252,0,3,3
fresh,trained_background_initial_readout,cp_hk,lowest_sorted,twibot20,M2_post_meta/ridge,-0.07634904649522568,-0.10361099243164057,-0.04331949022081172,0,3,3
fresh,trained_background_initial_readout,cp_hk,lowest_sorted,twibot20,S0_conv_center/prototype,0.0,0.0,0.0,0,0,3
fresh,trained_background_initial_readout,cp_hk,lowest_sorted,twibot20,S0_conv_center/ridge,0.0,0.0,0.0,0,0,3
fresh,trained_background_initial_readout,cp_hk,lowest_sorted,twibot20,S0_pool/prototype,0.0,0.0,0.0,0,0,3
fresh,trained_background_initial_readout,cp_hk,lowest_sorted,twibot20,S0_pool/ridge,0.0,0.0,0.0,0,0,3
fresh,trained_background_initial_readout,cp_hk,lowest_sorted,twibot20,U1_pre_meta/prototype,-0.04465880217375573,-0.06882243686252165,-0.018190595838758705,0,3,3
fresh,trained_background_initial_readout,cp_hk,lowest_sorted,twibot20,U1_pre_meta/ridge,-0.04579042505334922,-0.06694984436035156,-0.0215473175048827,0,3,3
fresh,trained_background_initial_readout,cp_hk,lowest_sorted,twibot20,final_input/prototype,-0.08882367169415517,-0.11645465426974833,-0.05972713894314252,0,3,3
fresh,trained_background_initial_readout,cp_hk,lowest_sorted,twibot20,final_input/ridge,-0.07634904649522568,-0.10361099243164057,-0.04331949022081172,0,3,3
fresh,trained_background_initial_readout,cp_hk,lowest_sorted,twibot20,full_model,-0.043734373869719345,-0.09611701965332042,0.020656797620985268,1,2,3
fresh,trained_background_initial_readout,cp_hk,lowest_sorted,twibot20,raw_center/prototype,0.0,0.0,0.0,0,0,3
fresh,trained_background_initial_readout,cp_hk,lowest_sorted,twibot20,raw_center/ridge,0.0,0.0,0.0,0,0,3
fresh,trained_background_initial_readout,cp_hk,lowest_sorted,twibot20,raw_context/prototype,0.0,0.0,0.0,0,0,3
fresh,trained_background_initial_readout,cp_hk,lowest_sorted,twibot20,raw_context/ridge,0.0,0.0,0.0,0,0,3
fresh,trained_background_initial_readout,cp_hk,lowest_sorted,twibot20,raw_joint/prototype,0.0,0.0,0.0,0,0,3
fresh,trained_background_initial_readout,cp_hk,lowest_sorted,twibot20,raw_joint/ridge,0.0,0.0,0.0,0,0,3
fresh,trained_background_initial_readout,cp_hk,lowest_sorted,ukr_rus_suspended,M2_post_meta/prototype,-0.05078125,-0.0567626953125,-0.04180908203125,0,3,3
fresh,trained_background_initial_readout,cp_hk,lowest_sorted,ukr_rus_suspended,M2_post_meta/ridge,-0.047648111979166664,-0.0517578125,-0.04095458984375,0,3,3
fresh,trained_background_initial_readout,cp_hk,lowest_sorted,ukr_rus_suspended,S0_conv_center/prototype,0.0,0.0,0.0,0,0,3
fresh,trained_background_initial_readout,cp_hk,lowest_sorted,ukr_rus_suspended,S0_conv_center/ridge,0.0,0.0,0.0,0,0,3
fresh,trained_background_initial_readout,cp_hk,lowest_sorted,ukr_rus_suspended,S0_pool/prototype,0.0,0.0,0.0,0,0,3
fresh,trained_background_initial_readout,cp_hk,lowest_sorted,ukr_rus_suspended,S0_pool/ridge,0.0,0.0,0.0,0,0,3
fresh,trained_background_initial_readout,cp_hk,lowest_sorted,ukr_rus_suspended,U1_pre_meta/prototype,-0.018798828125,-0.02374267578125,-0.0146484375,0,3,3
fresh,trained_background_initial_readout,cp_hk,lowest_sorted,ukr_rus_suspended,U1_pre_meta/ridge,-0.009195963541666666,-0.01824951171875,-0.00341796875,0,3,3
fresh,trained_background_initial_readout,cp_hk,lowest_sorted,ukr_rus_suspended,final_input/prototype,-0.05078125,-0.0567626953125,-0.04180908203125,0,3,3
fresh,trained_background_initial_readout,cp_hk,lowest_sorted,ukr_rus_suspended,final_input/ridge,-0.047648111979166664,-0.0517578125,-0.04095458984375,0,3,3
fresh,trained_background_initial_readout,cp_hk,lowest_sorted,ukr_rus_suspended,full_model,-0.005279541015625,-0.02459716796875,0.0145263671875,1,2,3
fresh,trained_background_initial_readout,cp_hk,lowest_sorted,ukr_rus_suspended,raw_center/prototype,0.0,0.0,0.0,0,0,3
fresh,trained_background_initial_readout,cp_hk,lowest_sorted,ukr_rus_suspended,raw_center/ridge,0.0,0.0,0.0,0,0,3
fresh,trained_background_initial_readout,cp_hk,lowest_sorted,ukr_rus_suspended,raw_context/prototype,0.0,0.0,0.0,0,0,3
fresh,trained_background_initial_readout,cp_hk,lowest_sorted,ukr_rus_suspended,raw_context/ridge,0.0,0.0,0.0,0,0,3
fresh,trained_background_initial_readout,cp_hk,lowest_sorted,ukr_rus_suspended,raw_joint/prototype,0.0,0.0,0.0,0,0,3
fresh,trained_background_initial_readout,cp_hk,lowest_sorted,ukr_rus_suspended,raw_joint/ridge,0.0,0.0,0.0,0,0,3
fresh,trained_background_initial_readout,cp_hk,uniform_shuffled,covid_political,M2_post_meta/prototype,-0.2377298614125193,-0.39041702835648145,0.04981344717520253,1,2,3
fresh,trained_background_initial_readout,cp_hk,uniform_shuffled,covid_political,M2_post_meta/ridge,-0.24166785346137157,-0.3847763626663774,0.014127943250867858,1,2,3
fresh,trained_background_initial_readout,cp_hk,uniform_shuffled,covid_political,S0_conv_center/prototype,0.0,0.0,0.0,0,0,3
fresh,trained_background_initial_readout,cp_hk,uniform_shuffled,covid_political,S0_conv_center/ridge,0.0,0.0,0.0,0,0,3
fresh,trained_background_initial_readout,cp_hk,uniform_shuffled,covid_political,S0_pool/prototype,0.0,0.0,0.0,0,0,3
fresh,trained_background_initial_readout,cp_hk,uniform_shuffled,covid_political,S0_pool/ridge,-3.700743415417188e-17,-1.1102230246251565e-16,0.0,0,1,3
fresh,trained_background_initial_readout,cp_hk,uniform_shuffled,covid_political,U1_pre_meta/prototype,-0.02232294906804581,-0.04006477638527195,-0.010856628417968639,0,3,3
fresh,trained_background_initial_readout,cp_hk,uniform_shuffled,covid_political,U1_pre_meta/ridge,-0.03637610541449665,-0.05246819390190993,-0.019013864022714322,0,3,3
fresh,trained_background_initial_readout,cp_hk,uniform_shuffled,covid_political,final_input/prototype,-0.2377298614125193,-0.39041702835648145,0.04981344717520253,1,2,3
fresh,trained_background_initial_readout,cp_hk,uniform_shuffled,covid_political,final_input/ridge,-0.24166785346137157,-0.3847763626663774,0.014127943250867858,1,2,3
fresh,trained_background_initial_readout,cp_hk,uniform_shuffled,covid_political,full_model,-0.06073723310305742,-0.10949622260199632,-0.02135891384548627,0,3,3
fresh,trained_background_initial_readout,cp_hk,uniform_shuffled,covid_political,raw_center/prototype,0.0,0.0,0.0,0,0,3
fresh,trained_background_initial_readout,cp_hk,uniform_shuffled,covid_political,raw_center/ridge,0.0,0.0,0.0,0,0,3
fresh,trained_background_initial_readout,cp_hk,uniform_shuffled,covid_political,raw_context/prototype,1.1102230246251565e-16,1.1102230246251565e-16,1.1102230246251565e-16,3,0,3
fresh,trained_background_initial_readout,cp_hk,uniform_shuffled,covid_political,raw_context/ridge,0.0,0.0,0.0,0,0,3
fresh,trained_background_initial_readout,cp_hk,uniform_shuffled,covid_political,raw_joint/prototype,0.0,0.0,0.0,0,0,3
fresh,trained_background_initial_readout,cp_hk,uniform_shuffled,covid_political,raw_joint/ridge,0.0,0.0,0.0,0,0,3
fresh,trained_background_initial_readout,cp_hk,uniform_shuffled,election2020,M2_post_meta/prototype,-0.3342081705729167,-0.48394775390625,-0.1513671875,0,3,3
fresh,trained_background_initial_readout,cp_hk,uniform_shuffled,election2020,M2_post_meta/ridge,-0.4086100260416667,-0.55419921875,-0.1529541015625,0,3,3
fresh,trained_background_initial_readout,cp_hk,uniform_shuffled,election2020,S0_conv_center/prototype,0.0,0.0,0.0,0,0,3
fresh,trained_background_initial_readout,cp_hk,uniform_shuffled,election2020,S0_conv_center/ridge,0.0,0.0,0.0,0,0,3
fresh,trained_background_initial_readout,cp_hk,uniform_shuffled,election2020,S0_pool/prototype,0.0,0.0,0.0,0,0,3
fresh,trained_background_initial_readout,cp_hk,uniform_shuffled,election2020,S0_pool/ridge,0.0,0.0,0.0,0,0,3
fresh,trained_background_initial_readout,cp_hk,uniform_shuffled,election2020,U1_pre_meta/prototype,-0.16200764973958334,-0.23675537109375,-0.06781005859375,0,3,3
fresh,trained_background_initial_readout,cp_hk,uniform_shuffled,election2020,U1_pre_meta/ridge,-0.12713623046875,-0.18023681640625,-0.0552978515625,0,3,3
fresh,trained_background_initial_readout,cp_hk,uniform_shuffled,election2020,final_input/prototype,-0.3342081705729167,-0.48394775390625,-0.1513671875,0,3,3
fresh,trained_background_initial_readout,cp_hk,uniform_shuffled,election2020,final_input/ridge,-0.4086100260416667,-0.55419921875,-0.1529541015625,0,3,3
fresh,trained_background_initial_readout,cp_hk,uniform_shuffled,election2020,full_model,-0.24759928385416666,-0.36505126953125,-0.17449951171875,0,3,3
fresh,trained_background_initial_readout,cp_hk,uniform_shuffled,election2020,raw_center/prototype,0.0,0.0,0.0,0,0,3
fresh,trained_background_initial_readout,cp_hk,uniform_shuffled,election2020,raw_center/ridge,0.0,0.0,0.0,0,0,3
fresh,trained_background_initial_readout,cp_hk,uniform_shuffled,election2020,raw_context/prototype,0.0,0.0,0.0,0,0,3
fresh,trained_background_initial_readout,cp_hk,uniform_shuffled,election2020,raw_context/ridge,0.0,0.0,0.0,0,0,3
fresh,trained_background_initial_readout,cp_hk,uniform_shuffled,election2020,raw_joint/prototype,0.0,0.0,0.0,0,0,3
fresh,trained_background_initial_readout,cp_hk,uniform_shuffled,election2020,raw_joint/ridge,0.0,0.0,0.0,0,0,3
fresh,trained_background_initial_readout,cp_hk,uniform_shuffled,facebook_page_reference,M2_post_meta/prototype,-0.08441734313964844,-0.10166168212890625,-0.06271743774414062,0,3,3
fresh,trained_background_initial_readout,cp_hk,uniform_shuffled,facebook_page_reference,M2_post_meta/ridge,-0.10247802734375,-0.11892318725585938,-0.07851028442382812,0,3,3
fresh,trained_background_initial_readout,cp_hk,uniform_shuffled,facebook_page_reference,S0_conv_center/prototype,0.0,0.0,0.0,0,0,3
fresh,trained_background_initial_readout,cp_hk,uniform_shuffled,facebook_page_reference,S0_conv_center/ridge,0.0,0.0,0.0,0,0,3
fresh,trained_background_initial_readout,cp_hk,uniform_shuffled,facebook_page_reference,S0_pool/prototype,0.0,0.0,0.0,0,0,3
fresh,trained_background_initial_readout,cp_hk,uniform_shuffled,facebook_page_reference,S0_pool/ridge,0.0,0.0,0.0,0,0,3
fresh,trained_background_initial_readout,cp_hk,uniform_shuffled,facebook_page_reference,U1_pre_meta/prototype,0.12032763163248698,0.1095123291015625,0.1343555450439453,3,0,3
fresh,trained_background_initial_readout,cp_hk,uniform_shuffled,facebook_page_reference,U1_pre_meta/ridge,0.1105499267578125,0.10347747802734375,0.1230010986328125,3,0,3
fresh,trained_background_initial_readout,cp_hk,uniform_shuffled,facebook_page_reference,final_input/prototype,-0.08441734313964844,-0.10166168212890625,-0.06271743774414062,0,3,3
fresh,trained_background_initial_readout,cp_hk,uniform_shuffled,facebook_page_reference,final_input/ridge,-0.10247802734375,-0.11892318725585938,-0.07851028442382812,0,3,3
fresh,trained_background_initial_readout,cp_hk,uniform_shuffled,facebook_page_reference,full_model,-0.03346061706542969,-0.041961669921875,-0.026792526245117188,0,3,3
fresh,trained_background_initial_readout,cp_hk,uniform_shuffled,facebook_page_reference,raw_center/prototype,-1.1102230246251565e-16,-1.1102230246251565e-16,-1.1102230246251565e-16,0,3,3
fresh,trained_background_initial_readout,cp_hk,uniform_shuffled,facebook_page_reference,raw_center/ridge,0.0,0.0,0.0,0,0,3
fresh,trained_background_initial_readout,cp_hk,uniform_shuffled,facebook_page_reference,raw_context/prototype,0.0,0.0,0.0,0,0,3
fresh,trained_background_initial_readout,cp_hk,uniform_shuffled,facebook_page_reference,raw_context/ridge,0.0,0.0,0.0,0,0,3
fresh,trained_background_initial_readout,cp_hk,uniform_shuffled,facebook_page_reference,raw_joint/prototype,0.0,0.0,0.0,0,0,3
fresh,trained_background_initial_readout,cp_hk,uniform_shuffled,facebook_page_reference,raw_joint/ridge,-1.1102230246251565e-16,-1.1102230246251565e-16,-1.1102230246251565e-16,0,3,3
fresh,trained_background_initial_readout,cp_hk,uniform_shuffled,twibot20,M2_post_meta/prototype,-0.08907720777723528,-0.15833324856228298,-0.019437577989366406,0,3,3
fresh,trained_background_initial_readout,cp_hk,uniform_shuffled,twibot20,M2_post_meta/ridge,-0.11460996557165076,-0.22680388556586367,-0.0195838080512154,0,3,3
fresh,trained_background_initial_readout,cp_hk,uniform_shuffled,twibot20,S0_conv_center/prototype,0.0,0.0,0.0,0,0,3
fresh,trained_background_initial_readout,cp_hk,uniform_shuffled,twibot20,S0_conv_center/ridge,0.0,0.0,0.0,0,0,3
fresh,trained_background_initial_readout,cp_hk,uniform_shuffled,twibot20,S0_pool/prototype,0.0,0.0,0.0,0,0,3
fresh,trained_background_initial_readout,cp_hk,uniform_shuffled,twibot20,S0_pool/ridge,0.0,0.0,0.0,0,0,3
fresh,trained_background_initial_readout,cp_hk,uniform_shuffled,twibot20,U1_pre_meta/prototype,-0.014819180523907701,-0.026719199286566853,-0.0029864841037325895,0,3,3
fresh,trained_background_initial_readout,cp_hk,uniform_shuffled,twibot20,U1_pre_meta/ridge,-0.030992649219654205,-0.04021178351508237,-0.01918877495659721,0,3,3
fresh,trained_background_initial_readout,cp_hk,uniform_shuffled,twibot20,final_input/prototype,-0.08907720777723528,-0.15833324856228298,-0.019437577989366406,0,3,3
fresh,trained_background_initial_readout,cp_hk,uniform_shuffled,twibot20,final_input/ridge,-0.11460996557165076,-0.22680388556586367,-0.0195838080512154,0,3,3
fresh,trained_background_initial_readout,cp_hk,uniform_shuffled,twibot20,full_model,-0.013469625402379873,-0.023139529758029354,-0.0068516201443142855,0,3,3
fresh,trained_background_initial_readout,cp_hk,uniform_shuffled,twibot20,raw_center/prototype,0.0,0.0,0.0,0,0,3
fresh,trained_background_initial_readout,cp_hk,uniform_shuffled,twibot20,raw_center/ridge,0.0,0.0,0.0,0,0,3
fresh,trained_background_initial_readout,cp_hk,uniform_shuffled,twibot20,raw_context/prototype,0.0,0.0,0.0,0,0,3
fresh,trained_background_initial_readout,cp_hk,uniform_shuffled,twibot20,raw_context/ridge,0.0,0.0,0.0,0,0,3
fresh,trained_background_initial_readout,cp_hk,uniform_shuffled,twibot20,raw_joint/prototype,0.0,0.0,0.0,0,0,3
fresh,trained_background_initial_readout,cp_hk,uniform_shuffled,twibot20,raw_joint/ridge,0.0,0.0,0.0,0,0,3
fresh,trained_background_initial_readout,cp_hk,uniform_shuffled,ukr_rus_suspended,M2_post_meta/prototype,-0.034566243489583336,-0.09014892578125,0.0091552734375,1,2,3
fresh,trained_background_initial_readout,cp_hk,uniform_shuffled,ukr_rus_suspended,M2_post_meta/ridge,-0.037923177083333336,-0.08740234375,0.0,0,2,3
fresh,trained_background_initial_readout,cp_hk,uniform_shuffled,ukr_rus_suspended,S0_conv_center/prototype,0.0,0.0,0.0,0,0,3
fresh,trained_background_initial_readout,cp_hk,uniform_shuffled,ukr_rus_suspended,S0_conv_center/ridge,0.0,0.0,0.0,0,0,3
fresh,trained_background_initial_readout,cp_hk,uniform_shuffled,ukr_rus_suspended,S0_pool/prototype,0.0,0.0,0.0,0,0,3
fresh,trained_background_initial_readout,cp_hk,uniform_shuffled,ukr_rus_suspended,S0_pool/ridge,0.0,0.0,0.0,0,0,3
fresh,trained_background_initial_readout,cp_hk,uniform_shuffled,ukr_rus_suspended,U1_pre_meta/prototype,0.013916015625,0.00750732421875,0.0186767578125,3,0,3
fresh,trained_background_initial_readout,cp_hk,uniform_shuffled,ukr_rus_suspended,U1_pre_meta/ridge,0.021219889322916668,0.01080322265625,0.03668212890625,3,0,3
fresh,trained_background_initial_readout,cp_hk,uniform_shuffled,ukr_rus_suspended,final_input/prototype,-0.034566243489583336,-0.09014892578125,0.0091552734375,1,2,3
fresh,trained_background_initial_readout,cp_hk,uniform_shuffled,ukr_rus_suspended,final_input/ridge,-0.037923177083333336,-0.08740234375,0.0,0,2,3
fresh,trained_background_initial_readout,cp_hk,uniform_shuffled,ukr_rus_suspended,full_model,-0.008036295572916666,-0.0303955078125,0.0198974609375,1,2,3
fresh,trained_background_initial_readout,cp_hk,uniform_shuffled,ukr_rus_suspended,raw_center/prototype,0.0,0.0,0.0,0,0,3
fresh,trained_background_initial_readout,cp_hk,uniform_shuffled,ukr_rus_suspended,raw_center/ridge,0.0,0.0,0.0,0,0,3
fresh,trained_background_initial_readout,cp_hk,uniform_shuffled,ukr_rus_suspended,raw_context/prototype,0.0,0.0,0.0,0,0,3
fresh,trained_background_initial_readout,cp_hk,uniform_shuffled,ukr_rus_suspended,raw_context/ridge,0.0,0.0,0.0,0,0,3
fresh,trained_background_initial_readout,cp_hk,uniform_shuffled,ukr_rus_suspended,raw_joint/prototype,0.0,0.0,0.0,0,0,3
fresh,trained_background_initial_readout,cp_hk,uniform_shuffled,ukr_rus_suspended,raw_joint/ridge,0.0,0.0,0.0,0,0,3
fresh,trained_background_initial_readout,cp_hk,uniform_sorted,covid_political,M2_post_meta/prototype,-0.35532661720558445,-0.5577985975477431,-0.19307341399016198,0,3,3
fresh,trained_background_initial_readout,cp_hk,uniform_sorted,covid_political,M2_post_meta/ridge,-0.37328715383270644,-0.5548129611545138,-0.22427820276331023,0,3,3
fresh,trained_background_initial_readout,cp_hk,uniform_sorted,covid_political,S0_conv_center/prototype,0.0,0.0,0.0,0,0,3
fresh,trained_background_initial_readout,cp_hk,uniform_sorted,covid_political,S0_conv_center/ridge,0.0,0.0,0.0,0,0,3
fresh,trained_background_initial_readout,cp_hk,uniform_sorted,covid_political,S0_pool/prototype,-3.700743415417188e-17,-1.1102230246251565e-16,0.0,0,1,3
fresh,trained_background_initial_readout,cp_hk,uniform_sorted,covid_political,S0_pool/ridge,3.700743415417188e-17,0.0,1.1102230246251565e-16,1,0,3
fresh,trained_background_initial_readout,cp_hk,uniform_sorted,covid_political,U1_pre_meta/prototype,-0.010754055447048624,-0.0145125212492766,-0.007195366753472321,0,3,3
fresh,trained_background_initial_readout,cp_hk,uniform_sorted,covid_political,U1_pre_meta/ridge,-0.018442695523485726,-0.01966744882089111,-0.0170316342954282,0,3,3
fresh,trained_background_initial_readout,cp_hk,uniform_sorted,covid_political,final_input/prototype,-0.35532661720558445,-0.5577985975477431,-0.19307341399016198,0,3,3
fresh,trained_background_initial_readout,cp_hk,uniform_sorted,covid_political,final_input/ridge,-0.37328715383270644,-0.5548129611545138,-0.22427820276331023,0,3,3
fresh,trained_background_initial_readout,cp_hk,uniform_sorted,covid_political,full_model,-0.09433181197554974,-0.12774658203125,-0.06902680573640041,0,3,3
fresh,trained_background_initial_readout,cp_hk,uniform_sorted,covid_political,raw_center/prototype,0.0,0.0,0.0,0,0,3
fresh,trained_background_initial_readout,cp_hk,uniform_sorted,covid_political,raw_center/ridge,0.0,0.0,0.0,0,0,3
fresh,trained_background_initial_readout,cp_hk,uniform_sorted,covid_political,raw_context/prototype,1.1102230246251565e-16,1.1102230246251565e-16,1.1102230246251565e-16,3,0,3
fresh,trained_background_initial_readout,cp_hk,uniform_sorted,covid_political,raw_context/ridge,0.0,0.0,0.0,0,0,3
fresh,trained_background_initial_readout,cp_hk,uniform_sorted,covid_political,raw_joint/prototype,0.0,0.0,0.0,0,0,3
fresh,trained_background_initial_readout,cp_hk,uniform_sorted,covid_political,raw_joint/ridge,0.0,0.0,0.0,0,0,3
fresh,trained_background_initial_readout,cp_hk,uniform_sorted,election2020,M2_post_meta/prototype,-0.4231974283854167,-0.5367431640625,-0.27923583984375,0,3,3
fresh,trained_background_initial_readout,cp_hk,uniform_sorted,election2020,M2_post_meta/ridge,-0.4382731119791667,-0.54248046875,-0.31427001953125,0,3,3
fresh,trained_background_initial_readout,cp_hk,uniform_sorted,election2020,S0_conv_center/prototype,0.0,0.0,0.0,0,0,3
fresh,trained_background_initial_readout,cp_hk,uniform_sorted,election2020,S0_conv_center/ridge,0.0,0.0,0.0,0,0,3
fresh,trained_background_initial_readout,cp_hk,uniform_sorted,election2020,S0_pool/prototype,0.0,0.0,0.0,0,0,3
fresh,trained_background_initial_readout,cp_hk,uniform_sorted,election2020,S0_pool/ridge,0.0,0.0,0.0,0,0,3
fresh,trained_background_initial_readout,cp_hk,uniform_sorted,election2020,U1_pre_meta/prototype,-0.08052571614583333,-0.09814453125,-0.04962158203125,0,3,3
fresh,trained_background_initial_readout,cp_hk,uniform_sorted,election2020,U1_pre_meta/ridge,-0.065185546875,-0.08209228515625,-0.04058837890625,0,3,3
fresh,trained_background_initial_readout,cp_hk,uniform_sorted,election2020,final_input/prototype,-0.4231974283854167,-0.5367431640625,-0.27923583984375,0,3,3
fresh,trained_background_initial_readout,cp_hk,uniform_sorted,election2020,final_input/ridge,-0.4382731119791667,-0.54248046875,-0.31427001953125,0,3,3
fresh,trained_background_initial_readout,cp_hk,uniform_sorted,election2020,full_model,-0.3287150065104167,-0.408447265625,-0.24749755859375,0,3,3
fresh,trained_background_initial_readout,cp_hk,uniform_sorted,election2020,raw_center/prototype,0.0,0.0,0.0,0,0,3
fresh,trained_background_initial_readout,cp_hk,uniform_sorted,election2020,raw_center/ridge,0.0,0.0,0.0,0,0,3
fresh,trained_background_initial_readout,cp_hk,uniform_sorted,election2020,raw_context/prototype,0.0,0.0,0.0,0,0,3
fresh,trained_background_initial_readout,cp_hk,uniform_sorted,election2020,raw_context/ridge,0.0,0.0,0.0,0,0,3
fresh,trained_background_initial_readout,cp_hk,uniform_sorted,election2020,raw_joint/prototype,0.0,0.0,0.0,0,0,3
fresh,trained_background_initial_readout,cp_hk,uniform_sorted,election2020,raw_joint/ridge,0.0,0.0,0.0,0,0,3
fresh,trained_background_initial_readout,cp_hk,uniform_sorted,facebook_page_reference,M2_post_meta/prototype,-0.09626324971516927,-0.11356735229492188,-0.07122039794921875,0,3,3
fresh,trained_background_initial_readout,cp_hk,uniform_sorted,facebook_page_reference,M2_post_meta/ridge,-0.11041005452473958,-0.12711334228515625,-0.07891464233398438,0,3,3
fresh,trained_background_initial_readout,cp_hk,uniform_sorted,facebook_page_reference,S0_conv_center/prototype,0.0,0.0,0.0,0,0,3
fresh,trained_background_initial_readout,cp_hk,uniform_sorted,facebook_page_reference,S0_conv_center/ridge,0.0,0.0,0.0,0,0,3
fresh,trained_background_initial_readout,cp_hk,uniform_sorted,facebook_page_reference,S0_pool/prototype,0.0,0.0,0.0,0,0,3
fresh,trained_background_initial_readout,cp_hk,uniform_sorted,facebook_page_reference,S0_pool/ridge,0.0,0.0,0.0,0,0,3
fresh,trained_background_initial_readout,cp_hk,uniform_sorted,facebook_page_reference,U1_pre_meta/prototype,0.14801851908365884,0.13132667541503906,0.1752777099609375,3,0,3
fresh,trained_background_initial_readout,cp_hk,uniform_sorted,facebook_page_reference,U1_pre_meta/ridge,0.12830225626627603,0.11397552490234375,0.155181884765625,3,0,3
fresh,trained_background_initial_readout,cp_hk,uniform_sorted,facebook_page_reference,final_input/prototype,-0.09626324971516927,-0.11356735229492188,-0.07122039794921875,0,3,3
fresh,trained_background_initial_readout,cp_hk,uniform_sorted,facebook_page_reference,final_input/ridge,-0.11041005452473958,-0.12711334228515625,-0.07891464233398438,0,3,3
fresh,trained_background_initial_readout,cp_hk,uniform_sorted,facebook_page_reference,full_model,-0.0050207773844401045,-0.024921417236328125,0.008213043212890625,2,1,3
fresh,trained_background_initial_readout,cp_hk,uniform_sorted,facebook_page_reference,raw_center/prototype,-1.1102230246251565e-16,-1.1102230246251565e-16,-1.1102230246251565e-16,0,3,3
fresh,trained_background_initial_readout,cp_hk,uniform_sorted,facebook_page_reference,raw_center/ridge,0.0,0.0,0.0,0,0,3
fresh,trained_background_initial_readout,cp_hk,uniform_sorted,facebook_page_reference,raw_context/prototype,0.0,0.0,0.0,0,0,3
fresh,trained_background_initial_readout,cp_hk,uniform_sorted,facebook_page_reference,raw_context/ridge,0.0,0.0,0.0,0,0,3
fresh,trained_background_initial_readout,cp_hk,uniform_sorted,facebook_page_reference,raw_joint/prototype,0.0,0.0,0.0,0,0,3
fresh,trained_background_initial_readout,cp_hk,uniform_sorted,facebook_page_reference,raw_joint/ridge,-1.1102230246251565e-16,-1.1102230246251565e-16,-1.1102230246251565e-16,0,3,3
fresh,trained_background_initial_readout,cp_hk,uniform_sorted,twibot20,M2_post_meta/prototype,0.013831315217194773,-0.11610349019368488,0.13497755262586808,2,1,3
fresh,trained_background_initial_readout,cp_hk,uniform_sorted,twibot20,M2_post_meta/ridge,0.03938413549352578,-0.08194202846950954,0.14195315043131512,2,1,3
fresh,trained_background_initial_readout,cp_hk,uniform_sorted,twibot20,S0_conv_center/prototype,0.0,0.0,0.0,0,0,3
fresh,trained_background_initial_readout,cp_hk,uniform_sorted,twibot20,S0_conv_center/ridge,0.0,0.0,0.0,0,0,3
fresh,trained_background_initial_readout,cp_hk,uniform_sorted,twibot20,S0_pool/prototype,0.0,0.0,0.0,0,0,3
fresh,trained_background_initial_readout,cp_hk,uniform_sorted,twibot20,S0_pool/ridge,0.0,0.0,0.0,0,0,3
fresh,trained_background_initial_readout,cp_hk,uniform_sorted,twibot20,U1_pre_meta/prototype,-0.03185342859338828,-0.04969088236490882,-0.013743506537543304,0,3,3
fresh,trained_background_initial_readout,cp_hk,uniform_sorted,twibot20,U1_pre_meta/ridge,-0.03884018792046443,-0.050784216986762054,-0.026346206665039174,0,3,3
fresh,trained_background_initial_readout,cp_hk,uniform_sorted,twibot20,final_input/prototype,0.013831315217194773,-0.11610349019368488,0.13497755262586808,2,1,3
fresh,trained_background_initial_readout,cp_hk,uniform_sorted,twibot20,final_input/ridge,0.03938413549352578,-0.08194202846950954,0.14195315043131512,2,1,3
fresh,trained_background_initial_readout,cp_hk,uniform_sorted,twibot20,full_model,-0.06042021292227288,-0.10430908203124989,-0.020058102077908035,0,3,3
fresh,trained_background_initial_readout,cp_hk,uniform_sorted,twibot20,raw_center/prototype,0.0,0.0,0.0,0,0,3
fresh,trained_background_initial_readout,cp_hk,uniform_sorted,twibot20,raw_center/ridge,0.0,0.0,0.0,0,0,3
fresh,trained_background_initial_readout,cp_hk,uniform_sorted,twibot20,raw_context/prototype,0.0,0.0,0.0,0,0,3
fresh,trained_background_initial_readout,cp_hk,uniform_sorted,twibot20,raw_context/ridge,0.0,0.0,0.0,0,0,3
fresh,trained_background_initial_readout,cp_hk,uniform_sorted,twibot20,raw_joint/prototype,0.0,0.0,0.0,0,0,3
fresh,trained_background_initial_readout,cp_hk,uniform_sorted,twibot20,raw_joint/ridge,0.0,0.0,0.0,0,0,3
fresh,trained_background_initial_readout,cp_hk,uniform_sorted,ukr_rus_suspended,M2_post_meta/prototype,0.0340576171875,-0.00128173828125,0.05792236328125,2,1,3
fresh,trained_background_initial_readout,cp_hk,uniform_sorted,ukr_rus_suspended,M2_post_meta/ridge,0.037943522135416664,-0.0050048828125,0.066162109375,2,1,3
fresh,trained_background_initial_readout,cp_hk,uniform_sorted,ukr_rus_suspended,S0_conv_center/prototype,0.0,0.0,0.0,0,0,3
fresh,trained_background_initial_readout,cp_hk,uniform_sorted,ukr_rus_suspended,S0_conv_center/ridge,0.0,0.0,0.0,0,0,3
fresh,trained_background_initial_readout,cp_hk,uniform_sorted,ukr_rus_suspended,S0_pool/prototype,0.0,0.0,0.0,0,0,3
fresh,trained_background_initial_readout,cp_hk,uniform_sorted,ukr_rus_suspended,S0_pool/ridge,0.0,0.0,0.0,0,0,3
fresh,trained_background_initial_readout,cp_hk,uniform_sorted,ukr_rus_suspended,U1_pre_meta/prototype,0.00323486328125,-0.015380859375,0.0218505859375,2,1,3
fresh,trained_background_initial_readout,cp_hk,uniform_sorted,ukr_rus_suspended,U1_pre_meta/ridge,0.0036824544270833335,-0.014892578125,0.01513671875,2,1,3
fresh,trained_background_initial_readout,cp_hk,uniform_sorted,ukr_rus_suspended,final_input/prototype,0.0340576171875,-0.00128173828125,0.05792236328125,2,1,3
fresh,trained_background_initial_readout,cp_hk,uniform_sorted,ukr_rus_suspended,final_input/ridge,0.037943522135416664,-0.0050048828125,0.066162109375,2,1,3
fresh,trained_background_initial_readout,cp_hk,uniform_sorted,ukr_rus_suspended,full_model,-0.01214599609375,-0.018798828125,-0.00390625,0,3,3
fresh,trained_background_initial_readout,cp_hk,uniform_sorted,ukr_rus_suspended,raw_center/prototype,0.0,0.0,0.0,0,0,3
fresh,trained_background_initial_readout,cp_hk,uniform_sorted,ukr_rus_suspended,raw_center/ridge,0.0,0.0,0.0,0,0,3
fresh,trained_background_initial_readout,cp_hk,uniform_sorted,ukr_rus_suspended,raw_context/prototype,0.0,0.0,0.0,0,0,3
fresh,trained_background_initial_readout,cp_hk,uniform_sorted,ukr_rus_suspended,raw_context/ridge,0.0,0.0,0.0,0,0,3
fresh,trained_background_initial_readout,cp_hk,uniform_sorted,ukr_rus_suspended,raw_joint/prototype,0.0,0.0,0.0,0,0,3
fresh,trained_background_initial_readout,cp_hk,uniform_sorted,ukr_rus_suspended,raw_joint/ridge,0.0,0.0,0.0,0,0,3
fresh,trained_background_initial_readout,ukr_rus,lowest_shuffled,covid_political,M2_post_meta/prototype,-0.3313923588505498,-0.5589644820601853,-0.12261510778356488,0,3,3
fresh,trained_background_initial_readout,ukr_rus,lowest_shuffled,covid_political,M2_post_meta/ridge,-0.33620641260971257,-0.5731641981336806,-0.1259915387188948,0,3,3
fresh,trained_background_initial_readout,ukr_rus,lowest_shuffled,covid_political,S0_conv_center/prototype,0.0,0.0,0.0,0,0,3
fresh,trained_background_initial_readout,ukr_rus,lowest_shuffled,covid_political,S0_conv_center/ridge,0.0,0.0,0.0,0,0,3
fresh,trained_background_initial_readout,ukr_rus,lowest_shuffled,covid_political,S0_pool/prototype,7.401486830834377e-17,0.0,1.1102230246251565e-16,2,0,3
fresh,trained_background_initial_readout,ukr_rus,lowest_shuffled,covid_political,S0_pool/ridge,0.0,0.0,0.0,0,0,3
fresh,trained_background_initial_readout,ukr_rus,lowest_shuffled,covid_political,U1_pre_meta/prototype,-0.03377693082079466,-0.0370262993706596,-0.03053905345775465,0,3,3
fresh,trained_background_initial_readout,ukr_rus,lowest_shuffled,covid_political,U1_pre_meta/ridge,-0.03107706705729174,-0.03540039062500022,-0.02824910481770815,0,3,3
fresh,trained_background_initial_readout,ukr_rus,lowest_shuffled,covid_political,final_input/prototype,-0.3313923588505498,-0.5589644820601853,-0.12261510778356488,0,3,3
fresh,trained_background_initial_readout,ukr_rus,lowest_shuffled,covid_political,final_input/ridge,-0.33620641260971257,-0.5731641981336806,-0.1259915387188948,0,3,3
fresh,trained_background_initial_readout,ukr_rus,lowest_shuffled,covid_political,full_model,-0.08447651804229354,-0.11426741988570577,-0.05207852964048043,0,3,3
fresh,trained_background_initial_readout,ukr_rus,lowest_shuffled,covid_political,raw_center/prototype,0.0,0.0,0.0,0,0,3
fresh,trained_background_initial_readout,ukr_rus,lowest_shuffled,covid_political,raw_center/ridge,0.0,0.0,0.0,0,0,3
fresh,trained_background_initial_readout,ukr_rus,lowest_shuffled,covid_political,raw_context/prototype,1.1102230246251565e-16,1.1102230246251565e-16,1.1102230246251565e-16,3,0,3
fresh,trained_background_initial_readout,ukr_rus,lowest_shuffled,covid_political,raw_context/ridge,0.0,0.0,0.0,0,0,3
fresh,trained_background_initial_readout,ukr_rus,lowest_shuffled,covid_political,raw_joint/prototype,0.0,0.0,0.0,0,0,3
fresh,trained_background_initial_readout,ukr_rus,lowest_shuffled,covid_political,raw_joint/ridge,0.0,0.0,0.0,0,0,3
fresh,trained_background_initial_readout,ukr_rus,lowest_shuffled,election2020,M2_post_meta/prototype,-0.2764485677083333,-0.44537353515625,-0.08453369140625,0,3,3
fresh,trained_background_initial_readout,ukr_rus,lowest_shuffled,election2020,M2_post_meta/ridge,-0.2776285807291667,-0.44488525390625,-0.087646484375,0,3,3
fresh,trained_background_initial_readout,ukr_rus,lowest_shuffled,election2020,S0_conv_center/prototype,0.0,0.0,0.0,0,0,3
fresh,trained_background_initial_readout,ukr_rus,lowest_shuffled,election2020,S0_conv_center/ridge,0.0,0.0,0.0,0,0,3
fresh,trained_background_initial_readout,ukr_rus,lowest_shuffled,election2020,S0_pool/prototype,0.0,0.0,0.0,0,0,3
fresh,trained_background_initial_readout,ukr_rus,lowest_shuffled,election2020,S0_pool/ridge,0.0,0.0,0.0,0,0,3
fresh,trained_background_initial_readout,ukr_rus,lowest_shuffled,election2020,U1_pre_meta/prototype,-0.026346842447916668,-0.03680419921875,-0.01995849609375,0,3,3
fresh,trained_background_initial_readout,ukr_rus,lowest_shuffled,election2020,U1_pre_meta/ridge,-0.01898193359375,-0.02587890625,-0.01409912109375,0,3,3
fresh,trained_background_initial_readout,ukr_rus,lowest_shuffled,election2020,final_input/prototype,-0.2764485677083333,-0.44537353515625,-0.08453369140625,0,3,3
fresh,trained_background_initial_readout,ukr_rus,lowest_shuffled,election2020,final_input/ridge,-0.2776285807291667,-0.44488525390625,-0.087646484375,0,3,3
fresh,trained_background_initial_readout,ukr_rus,lowest_shuffled,election2020,full_model,-0.15627034505208334,-0.2293701171875,-0.09954833984375,0,3,3
fresh,trained_background_initial_readout,ukr_rus,lowest_shuffled,election2020,raw_center/prototype,0.0,0.0,0.0,0,0,3
fresh,trained_background_initial_readout,ukr_rus,lowest_shuffled,election2020,raw_center/ridge,0.0,0.0,0.0,0,0,3
fresh,trained_background_initial_readout,ukr_rus,lowest_shuffled,election2020,raw_context/prototype,0.0,0.0,0.0,0,0,3
fresh,trained_background_initial_readout,ukr_rus,lowest_shuffled,election2020,raw_context/ridge,0.0,0.0,0.0,0,0,3
fresh,trained_background_initial_readout,ukr_rus,lowest_shuffled,election2020,raw_joint/prototype,0.0,0.0,0.0,0,0,3
fresh,trained_background_initial_readout,ukr_rus,lowest_shuffled,election2020,raw_joint/ridge,0.0,0.0,0.0,0,0,3
fresh,trained_background_initial_readout,ukr_rus,lowest_shuffled,facebook_page_reference,M2_post_meta/prototype,-0.11915397644042969,-0.150482177734375,-0.08462142944335938,0,3,3
fresh,trained_background_initial_readout,ukr_rus,lowest_shuffled,facebook_page_reference,M2_post_meta/ridge,-0.13712120056152344,-0.17751312255859375,-0.10754966735839844,0,3,3
fresh,trained_background_initial_readout,ukr_rus,lowest_shuffled,facebook_page_reference,S0_conv_center/prototype,0.0,0.0,0.0,0,0,3
fresh,trained_background_initial_readout,ukr_rus,lowest_shuffled,facebook_page_reference,S0_conv_center/ridge,0.0,0.0,0.0,0,0,3
fresh,trained_background_initial_readout,ukr_rus,lowest_shuffled,facebook_page_reference,S0_pool/prototype,0.0,0.0,0.0,0,0,3
fresh,trained_background_initial_readout,ukr_rus,lowest_shuffled,facebook_page_reference,S0_pool/ridge,0.0,0.0,0.0,0,0,3
fresh,trained_background_initial_readout,ukr_rus,lowest_shuffled,facebook_page_reference,U1_pre_meta/prototype,0.0757293701171875,0.0683441162109375,0.08364486694335938,3,0,3
fresh,trained_background_initial_readout,ukr_rus,lowest_shuffled,facebook_page_reference,U1_pre_meta/ridge,0.07428359985351562,0.06798934936523438,0.08014297485351562,3,0,3
fresh,trained_background_initial_readout,ukr_rus,lowest_shuffled,facebook_page_reference,final_input/prototype,-0.11915397644042969,-0.150482177734375,-0.08462142944335938,0,3,3
fresh,trained_background_initial_readout,ukr_rus,lowest_shuffled,facebook_page_reference,final_input/ridge,-0.13712120056152344,-0.17751312255859375,-0.10754966735839844,0,3,3
fresh,trained_background_initial_readout,ukr_rus,lowest_shuffled,facebook_page_reference,full_model,-0.02369244893391927,-0.04845428466796875,-0.00104522705078125,0,3,3
fresh,trained_background_initial_readout,ukr_rus,lowest_shuffled,facebook_page_reference,raw_center/prototype,-1.1102230246251565e-16,-1.1102230246251565e-16,-1.1102230246251565e-16,0,3,3
fresh,trained_background_initial_readout,ukr_rus,lowest_shuffled,facebook_page_reference,raw_center/ridge,0.0,0.0,0.0,0,0,3
fresh,trained_background_initial_readout,ukr_rus,lowest_shuffled,facebook_page_reference,raw_context/prototype,0.0,0.0,0.0,0,0,3
fresh,trained_background_initial_readout,ukr_rus,lowest_shuffled,facebook_page_reference,raw_context/ridge,0.0,0.0,0.0,0,0,3
fresh,trained_background_initial_readout,ukr_rus,lowest_shuffled,facebook_page_reference,raw_joint/prototype,0.0,0.0,0.0,0,0,3
fresh,trained_background_initial_readout,ukr_rus,lowest_shuffled,facebook_page_reference,raw_joint/ridge,-1.1102230246251565e-16,-1.1102230246251565e-16,-1.1102230246251565e-16,0,3,3
fresh,trained_background_initial_readout,ukr_rus,lowest_shuffled,twibot20,M2_post_meta/prototype,-0.12257922137225115,-0.15478981865776908,-0.06618499755859375,0,3,3
fresh,trained_background_initial_readout,ukr_rus,lowest_shuffled,twibot20,M2_post_meta/ridge,-0.1363336775037978,-0.16830952962239593,-0.07403967115614152,0,3,3
fresh,trained_background_initial_readout,ukr_rus,lowest_shuffled,twibot20,S0_conv_center/prototype,0.0,0.0,0.0,0,0,3
fresh,trained_background_initial_readout,ukr_rus,lowest_shuffled,twibot20,S0_conv_center/ridge,0.0,0.0,0.0,0,0,3
fresh,trained_background_initial_readout,ukr_rus,lowest_shuffled,twibot20,S0_pool/prototype,0.0,0.0,0.0,0,0,3
fresh,trained_background_initial_readout,ukr_rus,lowest_shuffled,twibot20,S0_pool/ridge,0.0,0.0,0.0,0,0,3
fresh,trained_background_initial_readout,ukr_rus,lowest_shuffled,twibot20,U1_pre_meta/prototype,0.019908834386754875,0.009961658053927902,0.02893744574652779,3,0,3
fresh,trained_background_initial_readout,ukr_rus,lowest_shuffled,twibot20,U1_pre_meta/ridge,0.007521028871889435,-0.0012613932291666297,0.015675438774956474,2,1,3
fresh,trained_background_initial_readout,ukr_rus,lowest_shuffled,twibot20,final_input/prototype,-0.12257922137225115,-0.15478981865776908,-0.06618499755859375,0,3,3
fresh,trained_background_initial_readout,ukr_rus,lowest_shuffled,twibot20,final_input/ridge,-0.1363336775037978,-0.16830952962239593,-0.07403967115614152,0,3,3
fresh,trained_background_initial_readout,ukr_rus,lowest_shuffled,twibot20,full_model,-0.01216351544415506,-0.04178386264377165,0.021950827704535603,1,2,3
fresh,trained_background_initial_readout,ukr_rus,lowest_shuffled,twibot20,raw_center/prototype,0.0,0.0,0.0,0,0,3
fresh,trained_background_initial_readout,ukr_rus,lowest_shuffled,twibot20,raw_center/ridge,0.0,0.0,0.0,0,0,3
fresh,trained_background_initial_readout,ukr_rus,lowest_shuffled,twibot20,raw_context/prototype,0.0,0.0,0.0,0,0,3
fresh,trained_background_initial_readout,ukr_rus,lowest_shuffled,twibot20,raw_context/ridge,0.0,0.0,0.0,0,0,3
fresh,trained_background_initial_readout,ukr_rus,lowest_shuffled,twibot20,raw_joint/prototype,0.0,0.0,0.0,0,0,3
fresh,trained_background_initial_readout,ukr_rus,lowest_shuffled,twibot20,raw_joint/ridge,0.0,0.0,0.0,0,0,3
fresh,trained_background_initial_readout,ukr_rus,lowest_shuffled,ukr_rus_suspended,M2_post_meta/prototype,-0.078155517578125,-0.13726806640625,-0.027923583984375,0,3,3
fresh,trained_background_initial_readout,ukr_rus,lowest_shuffled,ukr_rus_suspended,M2_post_meta/ridge,-0.07151285807291667,-0.12213134765625,-0.02301025390625,0,3,3
fresh,trained_background_initial_readout,ukr_rus,lowest_shuffled,ukr_rus_suspended,S0_conv_center/prototype,0.0,0.0,0.0,0,0,3
fresh,trained_background_initial_readout,ukr_rus,lowest_shuffled,ukr_rus_suspended,S0_conv_center/ridge,0.0,0.0,0.0,0,0,3
fresh,trained_background_initial_readout,ukr_rus,lowest_shuffled,ukr_rus_suspended,S0_pool/prototype,0.0,0.0,0.0,0,0,3
fresh,trained_background_initial_readout,ukr_rus,lowest_shuffled,ukr_rus_suspended,S0_pool/ridge,0.0,0.0,0.0,0,0,3
fresh,trained_background_initial_readout,ukr_rus,lowest_shuffled,ukr_rus_suspended,U1_pre_meta/prototype,0.008524576822916666,-0.00213623046875,0.02569580078125,2,1,3
fresh,trained_background_initial_readout,ukr_rus,lowest_shuffled,ukr_rus_suspended,U1_pre_meta/ridge,0.015482584635416666,0.002197265625,0.03643798828125,3,0,3
fresh,trained_background_initial_readout,ukr_rus,lowest_shuffled,ukr_rus_suspended,final_input/prototype,-0.078155517578125,-0.13726806640625,-0.027923583984375,0,3,3
fresh,trained_background_initial_readout,ukr_rus,lowest_shuffled,ukr_rus_suspended,final_input/ridge,-0.07151285807291667,-0.12213134765625,-0.02301025390625,0,3,3
fresh,trained_background_initial_readout,ukr_rus,lowest_shuffled,ukr_rus_suspended,full_model,-0.016642252604166668,-0.030487060546875,0.00836181640625,1,2,3
fresh,trained_background_initial_readout,ukr_rus,lowest_shuffled,ukr_rus_suspended,raw_center/prototype,0.0,0.0,0.0,0,0,3
fresh,trained_background_initial_readout,ukr_rus,lowest_shuffled,ukr_rus_suspended,raw_center/ridge,0.0,0.0,0.0,0,0,3
fresh,trained_background_initial_readout,ukr_rus,lowest_shuffled,ukr_rus_suspended,raw_context/prototype,0.0,0.0,0.0,0,0,3
fresh,trained_background_initial_readout,ukr_rus,lowest_shuffled,ukr_rus_suspended,raw_context/ridge,0.0,0.0,0.0,0,0,3
fresh,trained_background_initial_readout,ukr_rus,lowest_shuffled,ukr_rus_suspended,raw_joint/prototype,0.0,0.0,0.0,0,0,3
fresh,trained_background_initial_readout,ukr_rus,lowest_shuffled,ukr_rus_suspended,raw_joint/ridge,0.0,0.0,0.0,0,0,3
fresh,trained_background_initial_readout,ukr_rus,lowest_sorted,covid_political,M2_post_meta/prototype,-0.37324326126663787,-0.6142402931495949,-0.10127879955150476,0,3,3
fresh,trained_background_initial_readout,ukr_rus,lowest_sorted,covid_political,M2_post_meta/ridge,-0.3930690435715663,-0.6137825294777198,-0.160867761682581,0,3,3
fresh,trained_background_initial_readout,ukr_rus,lowest_sorted,covid_political,S0_conv_center/prototype,0.0,0.0,0.0,0,0,3
fresh,trained_background_initial_readout,ukr_rus,lowest_sorted,covid_political,S0_conv_center/ridge,0.0,0.0,0.0,0,0,3
fresh,trained_background_initial_readout,ukr_rus,lowest_sorted,covid_political,S0_pool/prototype,3.700743415417188e-17,0.0,1.1102230246251565e-16,1,0,3
fresh,trained_background_initial_readout,ukr_rus,lowest_sorted,covid_political,S0_pool/ridge,-7.401486830834377e-17,-1.1102230246251565e-16,0.0,0,2,3
fresh,trained_background_initial_readout,ukr_rus,lowest_sorted,covid_political,U1_pre_meta/prototype,-0.030767370153356472,-0.03207623517071734,-0.029485914442274552,0,3,3
fresh,trained_background_initial_readout,ukr_rus,lowest_sorted,covid_political,U1_pre_meta/ridge,-0.026979705433786545,-0.0274937947591144,-0.02603092900028925,0,3,3
fresh,trained_background_initial_readout,ukr_rus,lowest_sorted,covid_political,final_input/prototype,-0.37324326126663787,-0.6142402931495949,-0.10127879955150476,0,3,3
fresh,trained_background_initial_readout,ukr_rus,lowest_sorted,covid_political,final_input/ridge,-0.3930690435715663,-0.6137825294777198,-0.160867761682581,0,3,3
fresh,trained_background_initial_readout,ukr_rus,lowest_sorted,covid_political,full_model,-0.17404485631872105,-0.20636523211443858,-0.1354816578052661,0,3,3
fresh,trained_background_initial_readout,ukr_rus,lowest_sorted,covid_political,raw_center/prototype,0.0,0.0,0.0,0,0,3
fresh,trained_background_initial_readout,ukr_rus,lowest_sorted,covid_political,raw_center/ridge,0.0,0.0,0.0,0,0,3
fresh,trained_background_initial_readout,ukr_rus,lowest_sorted,covid_political,raw_context/prototype,1.1102230246251565e-16,1.1102230246251565e-16,1.1102230246251565e-16,3,0,3
fresh,trained_background_initial_readout,ukr_rus,lowest_sorted,covid_political,raw_context/ridge,0.0,0.0,0.0,0,0,3
fresh,trained_background_initial_readout,ukr_rus,lowest_sorted,covid_political,raw_joint/prototype,0.0,0.0,0.0,0,0,3
fresh,trained_background_initial_readout,ukr_rus,lowest_sorted,covid_political,raw_joint/ridge,0.0,0.0,0.0,0,0,3
fresh,trained_background_initial_readout,ukr_rus,lowest_sorted,election2020,M2_post_meta/prototype,-0.4244486490885417,-0.5517578125,-0.207305908203125,0,3,3
fresh,trained_background_initial_readout,ukr_rus,lowest_sorted,election2020,M2_post_meta/ridge,-0.4266357421875,-0.55322265625,-0.21270751953125,0,3,3
fresh,trained_background_initial_readout,ukr_rus,lowest_sorted,election2020,S0_conv_center/prototype,0.0,0.0,0.0,0,0,3
fresh,trained_background_initial_readout,ukr_rus,lowest_sorted,election2020,S0_conv_center/ridge,0.0,0.0,0.0,0,0,3
fresh,trained_background_initial_readout,ukr_rus,lowest_sorted,election2020,S0_pool/prototype,0.0,0.0,0.0,0,0,3
fresh,trained_background_initial_readout,ukr_rus,lowest_sorted,election2020,S0_pool/ridge,0.0,0.0,0.0,0,0,3
fresh,trained_background_initial_readout,ukr_rus,lowest_sorted,election2020,U1_pre_meta/prototype,-0.029317220052083332,-0.04339599609375,-0.019287109375,0,3,3
fresh,trained_background_initial_readout,ukr_rus,lowest_sorted,election2020,U1_pre_meta/ridge,-0.021484375,-0.03021240234375,-0.01409912109375,0,3,3
fresh,trained_background_initial_readout,ukr_rus,lowest_sorted,election2020,final_input/prototype,-0.4244486490885417,-0.5517578125,-0.207305908203125,0,3,3
fresh,trained_background_initial_readout,ukr_rus,lowest_sorted,election2020,final_input/ridge,-0.4266357421875,-0.55322265625,-0.21270751953125,0,3,3
fresh,trained_background_initial_readout,ukr_rus,lowest_sorted,election2020,full_model,-0.21561686197916666,-0.309814453125,-0.0740966796875,0,3,3
fresh,trained_background_initial_readout,ukr_rus,lowest_sorted,election2020,raw_center/prototype,0.0,0.0,0.0,0,0,3
fresh,trained_background_initial_readout,ukr_rus,lowest_sorted,election2020,raw_center/ridge,0.0,0.0,0.0,0,0,3
fresh,trained_background_initial_readout,ukr_rus,lowest_sorted,election2020,raw_context/prototype,0.0,0.0,0.0,0,0,3
fresh,trained_background_initial_readout,ukr_rus,lowest_sorted,election2020,raw_context/ridge,0.0,0.0,0.0,0,0,3
fresh,trained_background_initial_readout,ukr_rus,lowest_sorted,election2020,raw_joint/prototype,0.0,0.0,0.0,0,0,3
fresh,trained_background_initial_readout,ukr_rus,lowest_sorted,election2020,raw_joint/ridge,0.0,0.0,0.0,0,0,3
fresh,trained_background_initial_readout,ukr_rus,lowest_sorted,facebook_page_reference,M2_post_meta/prototype,-0.07633272806803386,-0.11695671081542969,-0.017042160034179688,0,3,3
fresh,trained_background_initial_readout,ukr_rus,lowest_sorted,facebook_page_reference,M2_post_meta/ridge,-0.08069419860839844,-0.12026596069335938,-0.01332855224609375,0,3,3
fresh,trained_background_initial_readout,ukr_rus,lowest_sorted,facebook_page_reference,S0_conv_center/prototype,0.0,0.0,0.0,0,0,3
fresh,trained_background_initial_readout,ukr_rus,lowest_sorted,facebook_page_reference,S0_conv_center/ridge,0.0,0.0,0.0,0,0,3
fresh,trained_background_initial_readout,ukr_rus,lowest_sorted,facebook_page_reference,S0_pool/prototype,0.0,0.0,0.0,0,0,3
fresh,trained_background_initial_readout,ukr_rus,lowest_sorted,facebook_page_reference,S0_pool/ridge,0.0,0.0,0.0,0,0,3
fresh,trained_background_initial_readout,ukr_rus,lowest_sorted,facebook_page_reference,U1_pre_meta/prototype,0.06681378682454427,0.05683135986328125,0.08599472045898438,3,0,3
fresh,trained_background_initial_readout,ukr_rus,lowest_sorted,facebook_page_reference,U1_pre_meta/ridge,0.06617228190104167,0.0570068359375,0.08232879638671875,3,0,3
fresh,trained_background_initial_readout,ukr_rus,lowest_sorted,facebook_page_reference,final_input/prototype,-0.07633272806803386,-0.11695671081542969,-0.017042160034179688,0,3,3
fresh,trained_background_initial_readout,ukr_rus,lowest_sorted,facebook_page_reference,final_input/ridge,-0.08069419860839844,-0.12026596069335938,-0.01332855224609375,0,3,3
fresh,trained_background_initial_readout,ukr_rus,lowest_sorted,facebook_page_reference,full_model,-0.08391380310058594,-0.10160446166992188,-0.0736846923828125,0,3,3
fresh,trained_background_initial_readout,ukr_rus,lowest_sorted,facebook_page_reference,raw_center/prototype,-1.1102230246251565e-16,-1.1102230246251565e-16,-1.1102230246251565e-16,0,3,3
fresh,trained_background_initial_readout,ukr_rus,lowest_sorted,facebook_page_reference,raw_center/ridge,0.0,0.0,0.0,0,0,3
fresh,trained_background_initial_readout,ukr_rus,lowest_sorted,facebook_page_reference,raw_context/prototype,0.0,0.0,0.0,0,0,3
fresh,trained_background_initial_readout,ukr_rus,lowest_sorted,facebook_page_reference,raw_context/ridge,0.0,0.0,0.0,0,0,3
fresh,trained_background_initial_readout,ukr_rus,lowest_sorted,facebook_page_reference,raw_joint/prototype,0.0,0.0,0.0,0,0,3
fresh,trained_background_initial_readout,ukr_rus,lowest_sorted,facebook_page_reference,raw_joint/ridge,-1.1102230246251565e-16,-1.1102230246251565e-16,-1.1102230246251565e-16,0,3,3
fresh,trained_background_initial_readout,ukr_rus,lowest_sorted,twibot20,M2_post_meta/prototype,-0.06809163976598669,-0.1680340237087673,0.08692359924316406,1,2,3
fresh,trained_background_initial_readout,ukr_rus,lowest_sorted,twibot20,M2_post_meta/ridge,-0.06064725805211946,-0.1553906334771049,0.09703254699707031,1,2,3
fresh,trained_background_initial_readout,ukr_rus,lowest_sorted,twibot20,S0_conv_center/prototype,0.0,0.0,0.0,0,0,3
fresh,trained_background_initial_readout,ukr_rus,lowest_sorted,twibot20,S0_conv_center/ridge,0.0,0.0,0.0,0,0,3
fresh,trained_background_initial_readout,ukr_rus,lowest_sorted,twibot20,S0_pool/prototype,0.0,0.0,0.0,0,0,3
fresh,trained_background_initial_readout,ukr_rus,lowest_sorted,twibot20,S0_pool/ridge,0.0,0.0,0.0,0,0,3
fresh,trained_background_initial_readout,ukr_rus,lowest_sorted,twibot20,U1_pre_meta/prototype,0.019116931491427902,0.0168170928955077,0.02265336778428817,3,0,3
fresh,trained_background_initial_readout,ukr_rus,lowest_sorted,twibot20,U1_pre_meta/ridge,0.003910983050310975,0.0033543904622393983,0.004922231038411384,3,0,3
fresh,trained_background_initial_readout,ukr_rus,lowest_sorted,twibot20,final_input/prototype,-0.06809163976598669,-0.1680340237087673,0.08692359924316406,1,2,3
fresh,trained_background_initial_readout,ukr_rus,lowest_sorted,twibot20,final_input/ridge,-0.06064725805211946,-0.1553906334771049,0.09703254699707031,1,2,3
fresh,trained_background_initial_readout,ukr_rus,lowest_sorted,twibot20,full_model,-0.015784298932110863,-0.028362274169921986,0.0002460479736328125,1,2,3
fresh,trained_background_initial_readout,ukr_rus,lowest_sorted,twibot20,raw_center/prototype,0.0,0.0,0.0,0,0,3
fresh,trained_background_initial_readout,ukr_rus,lowest_sorted,twibot20,raw_center/ridge,0.0,0.0,0.0,0,0,3
fresh,trained_background_initial_readout,ukr_rus,lowest_sorted,twibot20,raw_context/prototype,0.0,0.0,0.0,0,0,3
fresh,trained_background_initial_readout,ukr_rus,lowest_sorted,twibot20,raw_context/ridge,0.0,0.0,0.0,0,0,3
fresh,trained_background_initial_readout,ukr_rus,lowest_sorted,twibot20,raw_joint/prototype,0.0,0.0,0.0,0,0,3
fresh,trained_background_initial_readout,ukr_rus,lowest_sorted,twibot20,raw_joint/ridge,0.0,0.0,0.0,0,0,3
fresh,trained_background_initial_readout,ukr_rus,lowest_sorted,ukr_rus_suspended,M2_post_meta/prototype,-0.021219889322916668,-0.0977783203125,0.04461669921875,1,2,3
fresh,trained_background_initial_readout,ukr_rus,lowest_sorted,ukr_rus_suspended,M2_post_meta/ridge,-0.0230712890625,-0.107177734375,0.04595947265625,1,2,3
fresh,trained_background_initial_readout,ukr_rus,lowest_sorted,ukr_rus_suspended,S0_conv_center/prototype,0.0,0.0,0.0,0,0,3
fresh,trained_background_initial_readout,ukr_rus,lowest_sorted,ukr_rus_suspended,S0_conv_center/ridge,0.0,0.0,0.0,0,0,3
fresh,trained_background_initial_readout,ukr_rus,lowest_sorted,ukr_rus_suspended,S0_pool/prototype,0.0,0.0,0.0,0,0,3
fresh,trained_background_initial_readout,ukr_rus,lowest_sorted,ukr_rus_suspended,S0_pool/ridge,0.0,0.0,0.0,0,0,3
fresh,trained_background_initial_readout,ukr_rus,lowest_sorted,ukr_rus_suspended,U1_pre_meta/prototype,-0.006083170572916667,-0.0096435546875,-0.00238037109375,0,3,3
fresh,trained_background_initial_readout,ukr_rus,lowest_sorted,ukr_rus_suspended,U1_pre_meta/ridge,0.012308756510416666,0.004150390625,0.01739501953125,3,0,3
fresh,trained_background_initial_readout,ukr_rus,lowest_sorted,ukr_rus_suspended,final_input/prototype,-0.021219889322916668,-0.0977783203125,0.04461669921875,1,2,3
fresh,trained_background_initial_readout,ukr_rus,lowest_sorted,ukr_rus_suspended,final_input/ridge,-0.0230712890625,-0.107177734375,0.04595947265625,1,2,3
fresh,trained_background_initial_readout,ukr_rus,lowest_sorted,ukr_rus_suspended,full_model,-0.009928385416666666,-0.03778076171875,0.0128173828125,1,2,3
fresh,trained_background_initial_readout,ukr_rus,lowest_sorted,ukr_rus_suspended,raw_center/prototype,0.0,0.0,0.0,0,0,3
fresh,trained_background_initial_readout,ukr_rus,lowest_sorted,ukr_rus_suspended,raw_center/ridge,0.0,0.0,0.0,0,0,3
fresh,trained_background_initial_readout,ukr_rus,lowest_sorted,ukr_rus_suspended,raw_context/prototype,0.0,0.0,0.0,0,0,3
fresh,trained_background_initial_readout,ukr_rus,lowest_sorted,ukr_rus_suspended,raw_context/ridge,0.0,0.0,0.0,0,0,3
fresh,trained_background_initial_readout,ukr_rus,lowest_sorted,ukr_rus_suspended,raw_joint/prototype,0.0,0.0,0.0,0,0,3
fresh,trained_background_initial_readout,ukr_rus,lowest_sorted,ukr_rus_suspended,raw_joint/ridge,0.0,0.0,0.0,0,0,3
fresh,trained_background_initial_readout,ukr_rus,uniform_shuffled,covid_political,M2_post_meta/prototype,-0.4069719667787905,-0.6943449797453702,-0.21115479645905655,0,3,3
fresh,trained_background_initial_readout,ukr_rus,uniform_shuffled,covid_political,M2_post_meta/ridge,-0.41424701831958916,-0.6915311460141782,-0.23910352918836797,0,3,3
fresh,trained_background_initial_readout,ukr_rus,uniform_shuffled,covid_political,S0_conv_center/prototype,0.0,0.0,0.0,0,0,3
fresh,trained_background_initial_readout,ukr_rus,uniform_shuffled,covid_political,S0_conv_center/ridge,0.0,0.0,0.0,0,0,3
fresh,trained_background_initial_readout,ukr_rus,uniform_shuffled,covid_political,S0_pool/prototype,3.700743415417188e-17,-1.1102230246251565e-16,1.1102230246251565e-16,2,1,3
fresh,trained_background_initial_readout,ukr_rus,uniform_shuffled,covid_political,S0_pool/ridge,3.700743415417188e-17,-1.1102230246251565e-16,1.1102230246251565e-16,2,1,3
fresh,trained_background_initial_readout,ukr_rus,uniform_shuffled,covid_political,U1_pre_meta/prototype,-0.031908953631365665,-0.03560497142650465,-0.025761922200520537,0,3,3
fresh,trained_background_initial_readout,ukr_rus,uniform_shuffled,covid_political,U1_pre_meta/ridge,-0.029660071855709663,-0.03255321361400454,-0.024204960575809786,0,3,3
fresh,trained_background_initial_readout,ukr_rus,uniform_shuffled,covid_political,final_input/prototype,-0.4069719667787905,-0.6943449797453702,-0.21115479645905655,0,3,3
fresh,trained_background_initial_readout,ukr_rus,uniform_shuffled,covid_political,final_input/ridge,-0.41424701831958916,-0.6915311460141782,-0.23910352918836797,0,3,3
fresh,trained_background_initial_readout,ukr_rus,uniform_shuffled,covid_political,full_model,-0.09202924186800743,-0.10865077265986711,-0.06127647117332191,0,3,3
fresh,trained_background_initial_readout,ukr_rus,uniform_shuffled,covid_political,raw_center/prototype,0.0,0.0,0.0,0,0,3
fresh,trained_background_initial_readout,ukr_rus,uniform_shuffled,covid_political,raw_center/ridge,0.0,0.0,0.0,0,0,3
fresh,trained_background_initial_readout,ukr_rus,uniform_shuffled,covid_political,raw_context/prototype,1.1102230246251565e-16,1.1102230246251565e-16,1.1102230246251565e-16,3,0,3
fresh,trained_background_initial_readout,ukr_rus,uniform_shuffled,covid_political,raw_context/ridge,0.0,0.0,0.0,0,0,3
fresh,trained_background_initial_readout,ukr_rus,uniform_shuffled,covid_political,raw_joint/prototype,0.0,0.0,0.0,0,0,3
fresh,trained_background_initial_readout,ukr_rus,uniform_shuffled,covid_political,raw_joint/ridge,0.0,0.0,0.0,0,0,3
fresh,trained_background_initial_readout,ukr_rus,uniform_shuffled,election2020,M2_post_meta/prototype,-0.457183837890625,-0.73907470703125,-0.258941650390625,0,3,3
fresh,trained_background_initial_readout,ukr_rus,uniform_shuffled,election2020,M2_post_meta/ridge,-0.45703125,-0.73956298828125,-0.25738525390625,0,3,3
fresh,trained_background_initial_readout,ukr_rus,uniform_shuffled,election2020,S0_conv_center/prototype,0.0,0.0,0.0,0,0,3
fresh,trained_background_initial_readout,ukr_rus,uniform_shuffled,election2020,S0_conv_center/ridge,0.0,0.0,0.0,0,0,3
fresh,trained_background_initial_readout,ukr_rus,uniform_shuffled,election2020,S0_pool/prototype,0.0,0.0,0.0,0,0,3
fresh,trained_background_initial_readout,ukr_rus,uniform_shuffled,election2020,S0_pool/ridge,0.0,0.0,0.0,0,0,3
fresh,trained_background_initial_readout,ukr_rus,uniform_shuffled,election2020,U1_pre_meta/prototype,-0.025899251302083332,-0.0302734375,-0.01983642578125,0,3,3
fresh,trained_background_initial_readout,ukr_rus,uniform_shuffled,election2020,U1_pre_meta/ridge,-0.019917805989583332,-0.0218505859375,-0.01629638671875,0,3,3
fresh,trained_background_initial_readout,ukr_rus,uniform_shuffled,election2020,final_input/prototype,-0.457183837890625,-0.73907470703125,-0.258941650390625,0,3,3
fresh,trained_background_initial_readout,ukr_rus,uniform_shuffled,election2020,final_input/ridge,-0.45703125,-0.73956298828125,-0.25738525390625,0,3,3
fresh,trained_background_initial_readout,ukr_rus,uniform_shuffled,election2020,full_model,-0.12090047200520833,-0.165069580078125,-0.0880126953125,0,3,3
fresh,trained_background_initial_readout,ukr_rus,uniform_shuffled,election2020,raw_center/prototype,0.0,0.0,0.0,0,0,3
fresh,trained_background_initial_readout,ukr_rus,uniform_shuffled,election2020,raw_center/ridge,0.0,0.0,0.0,0,0,3
fresh,trained_background_initial_readout,ukr_rus,uniform_shuffled,election2020,raw_context/prototype,0.0,0.0,0.0,0,0,3
fresh,trained_background_initial_readout,ukr_rus,uniform_shuffled,election2020,raw_context/ridge,0.0,0.0,0.0,0,0,3
fresh,trained_background_initial_readout,ukr_rus,uniform_shuffled,election2020,raw_joint/prototype,0.0,0.0,0.0,0,0,3
fresh,trained_background_initial_readout,ukr_rus,uniform_shuffled,election2020,raw_joint/ridge,0.0,0.0,0.0,0,0,3
fresh,trained_background_initial_readout,ukr_rus,uniform_shuffled,facebook_page_reference,M2_post_meta/prototype,-0.10963948567708333,-0.14235305786132812,-0.0773773193359375,0,3,3
fresh,trained_background_initial_readout,ukr_rus,uniform_shuffled,facebook_page_reference,M2_post_meta/ridge,-0.11915906270345052,-0.15282440185546875,-0.08322906494140625,0,3,3
fresh,trained_background_initial_readout,ukr_rus,uniform_shuffled,facebook_page_reference,S0_conv_center/prototype,0.0,0.0,0.0,0,0,3
fresh,trained_background_initial_readout,ukr_rus,uniform_shuffled,facebook_page_reference,S0_conv_center/ridge,0.0,0.0,0.0,0,0,3
fresh,trained_background_initial_readout,ukr_rus,uniform_shuffled,facebook_page_reference,S0_pool/prototype,0.0,0.0,0.0,0,0,3
fresh,trained_background_initial_readout,ukr_rus,uniform_shuffled,facebook_page_reference,S0_pool/ridge,0.0,0.0,0.0,0,0,3
fresh,trained_background_initial_readout,ukr_rus,uniform_shuffled,facebook_page_reference,U1_pre_meta/prototype,0.06352933247884114,0.053203582763671875,0.07649993896484375,3,0,3
fresh,trained_background_initial_readout,ukr_rus,uniform_shuffled,facebook_page_reference,U1_pre_meta/ridge,0.06513150533040364,0.056629180908203125,0.07960700988769531,3,0,3
fresh,trained_background_initial_readout,ukr_rus,uniform_shuffled,facebook_page_reference,final_input/prototype,-0.10963948567708333,-0.14235305786132812,-0.0773773193359375,0,3,3
fresh,trained_background_initial_readout,ukr_rus,uniform_shuffled,facebook_page_reference,final_input/ridge,-0.11915906270345052,-0.15282440185546875,-0.08322906494140625,0,3,3
fresh,trained_background_initial_readout,ukr_rus,uniform_shuffled,facebook_page_reference,full_model,-0.059519449869791664,-0.0660552978515625,-0.04840660095214844,0,3,3
fresh,trained_background_initial_readout,ukr_rus,uniform_shuffled,facebook_page_reference,raw_center/prototype,-1.1102230246251565e-16,-1.1102230246251565e-16,-1.1102230246251565e-16,0,3,3
fresh,trained_background_initial_readout,ukr_rus,uniform_shuffled,facebook_page_reference,raw_center/ridge,0.0,0.0,0.0,0,0,3
fresh,trained_background_initial_readout,ukr_rus,uniform_shuffled,facebook_page_reference,raw_context/prototype,0.0,0.0,0.0,0,0,3
fresh,trained_background_initial_readout,ukr_rus,uniform_shuffled,facebook_page_reference,raw_context/ridge,0.0,0.0,0.0,0,0,3
fresh,trained_background_initial_readout,ukr_rus,uniform_shuffled,facebook_page_reference,raw_joint/prototype,0.0,0.0,0.0,0,0,3
fresh,trained_background_initial_readout,ukr_rus,uniform_shuffled,facebook_page_reference,raw_joint/ridge,-1.1102230246251565e-16,-1.1102230246251565e-16,-1.1102230246251565e-16,0,3,3
fresh,trained_background_initial_readout,ukr_rus,uniform_shuffled,twibot20,M2_post_meta/prototype,-0.11246207908347801,-0.14146232604980474,-0.08559354146321618,0,3,3
fresh,trained_background_initial_readout,ukr_rus,uniform_shuffled,twibot20,M2_post_meta/ridge,-0.11775391190140334,-0.14629533555772567,-0.09848870171440971,0,3,3
fresh,trained_background_initial_readout,ukr_rus,uniform_shuffled,twibot20,S0_conv_center/prototype,0.0,0.0,0.0,0,0,3
fresh,trained_background_initial_readout,ukr_rus,uniform_shuffled,twibot20,S0_conv_center/ridge,0.0,0.0,0.0,0,0,3
fresh,trained_background_initial_readout,ukr_rus,uniform_shuffled,twibot20,S0_pool/prototype,0.0,0.0,0.0,0,0,3
fresh,trained_background_initial_readout,ukr_rus,uniform_shuffled,twibot20,S0_pool/ridge,0.0,0.0,0.0,0,0,3
fresh,trained_background_initial_readout,ukr_rus,uniform_shuffled,twibot20,U1_pre_meta/prototype,0.021111241093388317,0.006288740370008705,0.030641131930881138,3,0,3
fresh,trained_background_initial_readout,ukr_rus,uniform_shuffled,twibot20,U1_pre_meta/ridge,0.0047392668547454235,-0.006342358059353237,0.010740704006618973,2,1,3
fresh,trained_background_initial_readout,ukr_rus,uniform_shuffled,twibot20,final_input/prototype,-0.11246207908347801,-0.14146232604980474,-0.08559354146321618,0,3,3
fresh,trained_background_initial_readout,ukr_rus,uniform_shuffled,twibot20,final_input/ridge,-0.11775391190140334,-0.14629533555772567,-0.09848870171440971,0,3,3
fresh,trained_background_initial_readout,ukr_rus,uniform_shuffled,twibot20,full_model,-0.051170349121093785,-0.08984353807237422,-0.02652231852213549,0,3,3
fresh,trained_background_initial_readout,ukr_rus,uniform_shuffled,twibot20,raw_center/prototype,0.0,0.0,0.0,0,0,3
fresh,trained_background_initial_readout,ukr_rus,uniform_shuffled,twibot20,raw_center/ridge,0.0,0.0,0.0,0,0,3
fresh,trained_background_initial_readout,ukr_rus,uniform_shuffled,twibot20,raw_context/prototype,0.0,0.0,0.0,0,0,3
fresh,trained_background_initial_readout,ukr_rus,uniform_shuffled,twibot20,raw_context/ridge,0.0,0.0,0.0,0,0,3
fresh,trained_background_initial_readout,ukr_rus,uniform_shuffled,twibot20,raw_joint/prototype,0.0,0.0,0.0,0,0,3
fresh,trained_background_initial_readout,ukr_rus,uniform_shuffled,twibot20,raw_joint/ridge,0.0,0.0,0.0,0,0,3
fresh,trained_background_initial_readout,ukr_rus,uniform_shuffled,ukr_rus_suspended,M2_post_meta/prototype,-0.023651123046875,-0.05828857421875,0.032562255859375,1,2,3
fresh,trained_background_initial_readout,ukr_rus,uniform_shuffled,ukr_rus_suspended,M2_post_meta/ridge,-0.026082356770833332,-0.06182861328125,0.033935546875,1,2,3
fresh,trained_background_initial_readout,ukr_rus,uniform_shuffled,ukr_rus_suspended,S0_conv_center/prototype,0.0,0.0,0.0,0,0,3
fresh,trained_background_initial_readout,ukr_rus,uniform_shuffled,ukr_rus_suspended,S0_conv_center/ridge,0.0,0.0,0.0,0,0,3
fresh,trained_background_initial_readout,ukr_rus,uniform_shuffled,ukr_rus_suspended,S0_pool/prototype,0.0,0.0,0.0,0,0,3
fresh,trained_background_initial_readout,ukr_rus,uniform_shuffled,ukr_rus_suspended,S0_pool/ridge,0.0,0.0,0.0,0,0,3
fresh,trained_background_initial_readout,ukr_rus,uniform_shuffled,ukr_rus_suspended,U1_pre_meta/prototype,-0.037200927734375,-0.069183349609375,-0.00701904296875,0,3,3
fresh,trained_background_initial_readout,ukr_rus,uniform_shuffled,ukr_rus_suspended,U1_pre_meta/ridge,-0.034871419270833336,-0.0604248046875,-0.00335693359375,0,3,3
fresh,trained_background_initial_readout,ukr_rus,uniform_shuffled,ukr_rus_suspended,final_input/prototype,-0.023651123046875,-0.05828857421875,0.032562255859375,1,2,3
fresh,trained_background_initial_readout,ukr_rus,uniform_shuffled,ukr_rus_suspended,final_input/ridge,-0.026082356770833332,-0.06182861328125,0.033935546875,1,2,3
fresh,trained_background_initial_readout,ukr_rus,uniform_shuffled,ukr_rus_suspended,full_model,-0.003977457682291667,-0.049041748046875,0.0299072265625,2,1,3
fresh,trained_background_initial_readout,ukr_rus,uniform_shuffled,ukr_rus_suspended,raw_center/prototype,0.0,0.0,0.0,0,0,3
fresh,trained_background_initial_readout,ukr_rus,uniform_shuffled,ukr_rus_suspended,raw_center/ridge,0.0,0.0,0.0,0,0,3
fresh,trained_background_initial_readout,ukr_rus,uniform_shuffled,ukr_rus_suspended,raw_context/prototype,0.0,0.0,0.0,0,0,3
fresh,trained_background_initial_readout,ukr_rus,uniform_shuffled,ukr_rus_suspended,raw_context/ridge,0.0,0.0,0.0,0,0,3
fresh,trained_background_initial_readout,ukr_rus,uniform_shuffled,ukr_rus_suspended,raw_joint/prototype,0.0,0.0,0.0,0,0,3
fresh,trained_background_initial_readout,ukr_rus,uniform_shuffled,ukr_rus_suspended,raw_joint/ridge,0.0,0.0,0.0,0,0,3
fresh,trained_background_initial_readout,ukr_rus,uniform_sorted,covid_political,M2_post_meta/prototype,-0.3006153813114873,-0.4325798882378472,-0.06684253833912046,0,3,3
fresh,trained_background_initial_readout,ukr_rus,uniform_sorted,covid_political,M2_post_meta/ridge,-0.3129170735677083,-0.43534003363715285,-0.0763716521086516,0,3,3
fresh,trained_background_initial_readout,ukr_rus,uniform_sorted,covid_political,S0_conv_center/prototype,0.0,0.0,0.0,0,0,3
fresh,trained_background_initial_readout,ukr_rus,uniform_sorted,covid_political,S0_conv_center/ridge,0.0,0.0,0.0,0,0,3
fresh,trained_background_initial_readout,ukr_rus,uniform_sorted,covid_political,S0_pool/prototype,0.0,-1.1102230246251565e-16,1.1102230246251565e-16,1,1,3
fresh,trained_background_initial_readout,ukr_rus,uniform_sorted,covid_political,S0_pool/ridge,3.700743415417188e-17,0.0,1.1102230246251565e-16,1,0,3
fresh,trained_background_initial_readout,ukr_rus,uniform_sorted,covid_political,U1_pre_meta/prototype,-0.03835061155719507,-0.04369834617332169,-0.0312127007378471,0,3,3
fresh,trained_background_initial_readout,ukr_rus,uniform_sorted,covid_political,U1_pre_meta/ridge,-0.03329740924599737,-0.03659764042607072,-0.03001347294560197,0,3,3
fresh,trained_background_initial_readout,ukr_rus,uniform_sorted,covid_political,final_input/prototype,-0.3006153813114873,-0.4325798882378472,-0.06684253833912046,0,3,3
fresh,trained_background_initial_readout,ukr_rus,uniform_sorted,covid_political,final_input/ridge,-0.3129170735677083,-0.43534003363715285,-0.0763716521086516,0,3,3
fresh,trained_background_initial_readout,ukr_rus,uniform_sorted,covid_political,full_model,-0.15748162917148914,-0.24418583622685197,-0.0807664659288192,0,3,3
fresh,trained_background_initial_readout,ukr_rus,uniform_sorted,covid_political,raw_center/prototype,0.0,0.0,0.0,0,0,3
fresh,trained_background_initial_readout,ukr_rus,uniform_sorted,covid_political,raw_center/ridge,0.0,0.0,0.0,0,0,3
fresh,trained_background_initial_readout,ukr_rus,uniform_sorted,covid_political,raw_context/prototype,1.1102230246251565e-16,1.1102230246251565e-16,1.1102230246251565e-16,3,0,3
fresh,trained_background_initial_readout,ukr_rus,uniform_sorted,covid_political,raw_context/ridge,0.0,0.0,0.0,0,0,3
fresh,trained_background_initial_readout,ukr_rus,uniform_sorted,covid_political,raw_joint/prototype,0.0,0.0,0.0,0,0,3
fresh,trained_background_initial_readout,ukr_rus,uniform_sorted,covid_political,raw_joint/ridge,0.0,0.0,0.0,0,0,3
fresh,trained_background_initial_readout,ukr_rus,uniform_sorted,election2020,M2_post_meta/prototype,-0.4024454752604167,-0.70391845703125,-0.112060546875,0,3,3
fresh,trained_background_initial_readout,ukr_rus,uniform_sorted,election2020,M2_post_meta/ridge,-0.4049886067708333,-0.70831298828125,-0.1138916015625,0,3,3
fresh,trained_background_initial_readout,ukr_rus,uniform_sorted,election2020,S0_conv_center/prototype,0.0,0.0,0.0,0,0,3
fresh,trained_background_initial_readout,ukr_rus,uniform_sorted,election2020,S0_conv_center/ridge,0.0,0.0,0.0,0,0,3
fresh,trained_background_initial_readout,ukr_rus,uniform_sorted,election2020,S0_pool/prototype,0.0,0.0,0.0,0,0,3
fresh,trained_background_initial_readout,ukr_rus,uniform_sorted,election2020,S0_pool/ridge,0.0,0.0,0.0,0,0,3
fresh,trained_background_initial_readout,ukr_rus,uniform_sorted,election2020,U1_pre_meta/prototype,-0.024881998697916668,-0.0289306640625,-0.0189208984375,0,3,3
fresh,trained_background_initial_readout,ukr_rus,uniform_sorted,election2020,U1_pre_meta/ridge,-0.017923990885416668,-0.02105712890625,-0.01611328125,0,3,3
fresh,trained_background_initial_readout,ukr_rus,uniform_sorted,election2020,final_input/prototype,-0.4024454752604167,-0.70391845703125,-0.112060546875,0,3,3
fresh,trained_background_initial_readout,ukr_rus,uniform_sorted,election2020,final_input/ridge,-0.4049886067708333,-0.70831298828125,-0.1138916015625,0,3,3
fresh,trained_background_initial_readout,ukr_rus,uniform_sorted,election2020,full_model,-0.2954813639322917,-0.4991455078125,-0.08203125,0,3,3
fresh,trained_background_initial_readout,ukr_rus,uniform_sorted,election2020,raw_center/prototype,0.0,0.0,0.0,0,0,3
fresh,trained_background_initial_readout,ukr_rus,uniform_sorted,election2020,raw_center/ridge,0.0,0.0,0.0,0,0,3
fresh,trained_background_initial_readout,ukr_rus,uniform_sorted,election2020,raw_context/prototype,0.0,0.0,0.0,0,0,3
fresh,trained_background_initial_readout,ukr_rus,uniform_sorted,election2020,raw_context/ridge,0.0,0.0,0.0,0,0,3
fresh,trained_background_initial_readout,ukr_rus,uniform_sorted,election2020,raw_joint/prototype,0.0,0.0,0.0,0,0,3
fresh,trained_background_initial_readout,ukr_rus,uniform_sorted,election2020,raw_joint/ridge,0.0,0.0,0.0,0,0,3
fresh,trained_background_initial_readout,ukr_rus,uniform_sorted,facebook_page_reference,M2_post_meta/prototype,-0.1280523935953776,-0.156494140625,-0.09546852111816406,0,3,3
fresh,trained_background_initial_readout,ukr_rus,uniform_sorted,facebook_page_reference,M2_post_meta/ridge,-0.13343493143717447,-0.1502513885498047,-0.10071945190429688,0,3,3
fresh,trained_background_initial_readout,ukr_rus,uniform_sorted,facebook_page_reference,S0_conv_center/prototype,0.0,0.0,0.0,0,0,3
fresh,trained_background_initial_readout,ukr_rus,uniform_sorted,facebook_page_reference,S0_conv_center/ridge,0.0,0.0,0.0,0,0,3
fresh,trained_background_initial_readout,ukr_rus,uniform_sorted,facebook_page_reference,S0_pool/prototype,0.0,0.0,0.0,0,0,3
fresh,trained_background_initial_readout,ukr_rus,uniform_sorted,facebook_page_reference,S0_pool/ridge,0.0,0.0,0.0,0,0,3
fresh,trained_background_initial_readout,ukr_rus,uniform_sorted,facebook_page_reference,U1_pre_meta/prototype,0.05504608154296875,0.047210693359375,0.061107635498046875,3,0,3
fresh,trained_background_initial_readout,ukr_rus,uniform_sorted,facebook_page_reference,U1_pre_meta/ridge,0.057149251302083336,0.05268096923828125,0.06502151489257812,3,0,3
fresh,trained_background_initial_readout,ukr_rus,uniform_sorted,facebook_page_reference,final_input/prototype,-0.1280523935953776,-0.156494140625,-0.09546852111816406,0,3,3
fresh,trained_background_initial_readout,ukr_rus,uniform_sorted,facebook_page_reference,final_input/ridge,-0.13343493143717447,-0.1502513885498047,-0.10071945190429688,0,3,3
fresh,trained_background_initial_readout,ukr_rus,uniform_sorted,facebook_page_reference,full_model,-0.10645993550618489,-0.15213394165039062,-0.03774261474609375,0,3,3
fresh,trained_background_initial_readout,ukr_rus,uniform_sorted,facebook_page_reference,raw_center/prototype,-1.1102230246251565e-16,-1.1102230246251565e-16,-1.1102230246251565e-16,0,3,3
fresh,trained_background_initial_readout,ukr_rus,uniform_sorted,facebook_page_reference,raw_center/ridge,0.0,0.0,0.0,0,0,3
fresh,trained_background_initial_readout,ukr_rus,uniform_sorted,facebook_page_reference,raw_context/prototype,0.0,0.0,0.0,0,0,3
fresh,trained_background_initial_readout,ukr_rus,uniform_sorted,facebook_page_reference,raw_context/ridge,0.0,0.0,0.0,0,0,3
fresh,trained_background_initial_readout,ukr_rus,uniform_sorted,facebook_page_reference,raw_joint/prototype,0.0,0.0,0.0,0,0,3
fresh,trained_background_initial_readout,ukr_rus,uniform_sorted,facebook_page_reference,raw_joint/ridge,-1.1102230246251565e-16,-1.1102230246251565e-16,-1.1102230246251565e-16,0,3,3
fresh,trained_background_initial_readout,ukr_rus,uniform_sorted,twibot20,M2_post_meta/prototype,-0.07090978269223813,-0.19428931342230893,-0.00578138563368058,0,3,3
fresh,trained_background_initial_readout,ukr_rus,uniform_sorted,twibot20,M2_post_meta/ridge,-0.0863475799560547,-0.21874343024359816,-0.019558164808485268,0,3,3
fresh,trained_background_initial_readout,ukr_rus,uniform_sorted,twibot20,S0_conv_center/prototype,0.0,0.0,0.0,0,0,3
fresh,trained_background_initial_readout,ukr_rus,uniform_sorted,twibot20,S0_conv_center/ridge,0.0,0.0,0.0,0,0,3
fresh,trained_background_initial_readout,ukr_rus,uniform_sorted,twibot20,S0_pool/prototype,0.0,0.0,0.0,0,0,3
fresh,trained_background_initial_readout,ukr_rus,uniform_sorted,twibot20,S0_pool/ridge,0.0,0.0,0.0,0,0,3
fresh,trained_background_initial_readout,ukr_rus,uniform_sorted,twibot20,U1_pre_meta/prototype,0.025665848343460602,0.015598932902018192,0.0433152516682942,3,0,3
fresh,trained_background_initial_readout,ukr_rus,uniform_sorted,twibot20,U1_pre_meta/ridge,0.010139041476779428,0.0009990268283419645,0.02500682406955279,3,0,3
fresh,trained_background_initial_readout,ukr_rus,uniform_sorted,twibot20,final_input/prototype,-0.07090978269223813,-0.19428931342230893,-0.00578138563368058,0,3,3
fresh,trained_background_initial_readout,ukr_rus,uniform_sorted,twibot20,final_input/ridge,-0.0863475799560547,-0.21874343024359816,-0.019558164808485268,0,3,3
fresh,trained_background_initial_readout,ukr_rus,uniform_sorted,twibot20,full_model,-0.04310904608832452,-0.06302558051215268,-0.028081893920898215,0,3,3
fresh,trained_background_initial_readout,ukr_rus,uniform_sorted,twibot20,raw_center/prototype,0.0,0.0,0.0,0,0,3
fresh,trained_background_initial_readout,ukr_rus,uniform_sorted,twibot20,raw_center/ridge,0.0,0.0,0.0,0,0,3
fresh,trained_background_initial_readout,ukr_rus,uniform_sorted,twibot20,raw_context/prototype,0.0,0.0,0.0,0,0,3
fresh,trained_background_initial_readout,ukr_rus,uniform_sorted,twibot20,raw_context/ridge,0.0,0.0,0.0,0,0,3
fresh,trained_background_initial_readout,ukr_rus,uniform_sorted,twibot20,raw_joint/prototype,0.0,0.0,0.0,0,0,3
fresh,trained_background_initial_readout,ukr_rus,uniform_sorted,twibot20,raw_joint/ridge,0.0,0.0,0.0,0,0,3
fresh,trained_background_initial_readout,ukr_rus,uniform_sorted,ukr_rus_suspended,M2_post_meta/prototype,0.037251790364583336,-6.103515625e-05,0.0665283203125,2,1,3
fresh,trained_background_initial_readout,ukr_rus,uniform_sorted,ukr_rus_suspended,M2_post_meta/ridge,0.04107666015625,0.003173828125,0.07568359375,3,0,3
fresh,trained_background_initial_readout,ukr_rus,uniform_sorted,ukr_rus_suspended,S0_conv_center/prototype,0.0,0.0,0.0,0,0,3
fresh,trained_background_initial_readout,ukr_rus,uniform_sorted,ukr_rus_suspended,S0_conv_center/ridge,0.0,0.0,0.0,0,0,3
fresh,trained_background_initial_readout,ukr_rus,uniform_sorted,ukr_rus_suspended,S0_pool/prototype,0.0,0.0,0.0,0,0,3
fresh,trained_background_initial_readout,ukr_rus,uniform_sorted,ukr_rus_suspended,S0_pool/ridge,0.0,0.0,0.0,0,0,3
fresh,trained_background_initial_readout,ukr_rus,uniform_sorted,ukr_rus_suspended,U1_pre_meta/prototype,-0.014851888020833334,-0.04833984375,0.0269775390625,1,2,3
fresh,trained_background_initial_readout,ukr_rus,uniform_sorted,ukr_rus_suspended,U1_pre_meta/ridge,-0.004557291666666667,-0.0291748046875,0.027587890625,1,2,3
fresh,trained_background_initial_readout,ukr_rus,uniform_sorted,ukr_rus_suspended,final_input/prototype,0.037251790364583336,-6.103515625e-05,0.0665283203125,2,1,3
fresh,trained_background_initial_readout,ukr_rus,uniform_sorted,ukr_rus_suspended,final_input/ridge,0.04107666015625,0.003173828125,0.07568359375,3,0,3
fresh,trained_background_initial_readout,ukr_rus,uniform_sorted,ukr_rus_suspended,full_model,0.007303873697916667,-0.03887939453125,0.063232421875,1,2,3
fresh,trained_background_initial_readout,ukr_rus,uniform_sorted,ukr_rus_suspended,raw_center/prototype,0.0,0.0,0.0,0,0,3
fresh,trained_background_initial_readout,ukr_rus,uniform_sorted,ukr_rus_suspended,raw_center/ridge,0.0,0.0,0.0,0,0,3
fresh,trained_background_initial_readout,ukr_rus,uniform_sorted,ukr_rus_suspended,raw_context/prototype,0.0,0.0,0.0,0,0,3
fresh,trained_background_initial_readout,ukr_rus,uniform_sorted,ukr_rus_suspended,raw_context/ridge,0.0,0.0,0.0,0,0,3
fresh,trained_background_initial_readout,ukr_rus,uniform_sorted,ukr_rus_suspended,raw_joint/prototype,0.0,0.0,0.0,0,0,3
fresh,trained_background_initial_readout,ukr_rus,uniform_sorted,ukr_rus_suspended,raw_joint/ridge,0.0,0.0,0.0,0,0,3
original,initial_background_trained_readout,cp_hk,lowest_shuffled,covid_political,M2_post_meta/prototype,-0.029080143681278942,-0.04319424099392366,-0.01544867621527779,0,3,3
original,initial_background_trained_readout,cp_hk,lowest_shuffled,covid_political,M2_post_meta/ridge,-0.024993990674430866,-0.0375937002676503,-0.01167692961516198,0,3,3
original,initial_background_trained_readout,cp_hk,lowest_shuffled,covid_political,S0_conv_center/prototype,0.0,0.0,0.0,0,0,3
original,initial_background_trained_readout,cp_hk,lowest_shuffled,covid_political,S0_conv_center/ridge,0.0,0.0,0.0,0,0,3
original,initial_background_trained_readout,cp_hk,lowest_shuffled,covid_political,S0_pool/prototype,0.0,0.0,0.0,0,0,3
original,initial_background_trained_readout,cp_hk,lowest_shuffled,covid_political,S0_pool/ridge,0.0,0.0,0.0,0,0,3
original,initial_background_trained_readout,cp_hk,lowest_shuffled,covid_political,U1_pre_meta/prototype,-0.030711703830295162,-0.0512972231264468,-0.01542409261067712,0,3,3
original,initial_background_trained_readout,cp_hk,lowest_shuffled,covid_political,U1_pre_meta/ridge,-0.036296985767505806,-0.05281773319950811,-0.02579102692780666,0,3,3
original,initial_background_trained_readout,cp_hk,lowest_shuffled,covid_political,final_input/prototype,-0.029080143681278942,-0.04319424099392366,-0.01544867621527779,0,3,3
original,initial_background_trained_readout,cp_hk,lowest_shuffled,covid_political,final_input/ridge,-0.024993990674430866,-0.0375937002676503,-0.01167692961516198,0,3,3
original,initial_background_trained_readout,cp_hk,lowest_shuffled,covid_political,full_model,0.08128837302879056,-0.051962110731336775,0.2510206434461806,2,1,3
original,initial_background_trained_readout,cp_hk,lowest_shuffled,covid_political,raw_center/prototype,0.0,0.0,0.0,0,0,3
original,initial_background_trained_readout,cp_hk,lowest_shuffled,covid_political,raw_center/ridge,0.0,0.0,0.0,0,0,3
original,initial_background_trained_readout,cp_hk,lowest_shuffled,covid_political,raw_context/prototype,1.1102230246251565e-16,1.1102230246251565e-16,1.1102230246251565e-16,3,0,3
original,initial_background_trained_readout,cp_hk,lowest_shuffled,covid_political,raw_context/ridge,0.0,0.0,0.0,0,0,3
original,initial_background_trained_readout,cp_hk,lowest_shuffled,covid_political,raw_joint/prototype,0.0,0.0,0.0,0,0,3
original,initial_background_trained_readout,cp_hk,lowest_shuffled,covid_political,raw_joint/ridge,0.0,0.0,0.0,0,0,3
original,initial_background_trained_readout,cp_hk,lowest_shuffled,election2020,M2_post_meta/prototype,-0.045125325520833336,-0.079132080078125,0.00457763671875,1,2,3
original,initial_background_trained_readout,cp_hk,lowest_shuffled,election2020,M2_post_meta/ridge,-0.040262858072916664,-0.0704345703125,0.0093994140625,1,2,3
original,initial_background_trained_readout,cp_hk,lowest_shuffled,election2020,S0_conv_center/prototype,0.0,0.0,0.0,0,0,3
original,initial_background_trained_readout,cp_hk,lowest_shuffled,election2020,S0_conv_center/ridge,0.0,0.0,0.0,0,0,3
original,initial_background_trained_readout,cp_hk,lowest_shuffled,election2020,S0_pool/prototype,0.0,0.0,0.0,0,0,3
original,initial_background_trained_readout,cp_hk,lowest_shuffled,election2020,S0_pool/ridge,0.0,0.0,0.0,0,0,3
original,initial_background_trained_readout,cp_hk,lowest_shuffled,election2020,U1_pre_meta/prototype,-0.046590169270833336,-0.07305908203125,0.005523681640625,1,2,3
original,initial_background_trained_readout,cp_hk,lowest_shuffled,election2020,U1_pre_meta/ridge,-0.06732177734375,-0.1011962890625,-0.01507568359375,0,3,3
original,initial_background_trained_readout,cp_hk,lowest_shuffled,election2020,final_input/prototype,-0.045125325520833336,-0.079132080078125,0.00457763671875,1,2,3
original,initial_background_trained_readout,cp_hk,lowest_shuffled,election2020,final_input/ridge,-0.040262858072916664,-0.0704345703125,0.0093994140625,1,2,3
original,initial_background_trained_readout,cp_hk,lowest_shuffled,election2020,full_model,0.2610880533854167,0.13287353515625,0.4925537109375,3,0,3
original,initial_background_trained_readout,cp_hk,lowest_shuffled,election2020,raw_center/prototype,0.0,0.0,0.0,0,0,3
original,initial_background_trained_readout,cp_hk,lowest_shuffled,election2020,raw_center/ridge,0.0,0.0,0.0,0,0,3
original,initial_background_trained_readout,cp_hk,lowest_shuffled,election2020,raw_context/prototype,0.0,0.0,0.0,0,0,3
original,initial_background_trained_readout,cp_hk,lowest_shuffled,election2020,raw_context/ridge,0.0,0.0,0.0,0,0,3
original,initial_background_trained_readout,cp_hk,lowest_shuffled,election2020,raw_joint/prototype,0.0,0.0,0.0,0,0,3
original,initial_background_trained_readout,cp_hk,lowest_shuffled,election2020,raw_joint/ridge,0.0,0.0,0.0,0,0,3
original,initial_background_trained_readout,cp_hk,lowest_shuffled,facebook_page_reference,M2_post_meta/prototype,-0.07234827677408855,-0.12019920349121094,-0.009674072265625,0,3,3
original,initial_background_trained_readout,cp_hk,lowest_shuffled,facebook_page_reference,M2_post_meta/ridge,-0.06363868713378906,-0.11152076721191406,9.5367431640625e-05,1,2,3
original,initial_background_trained_readout,cp_hk,lowest_shuffled,facebook_page_reference,S0_conv_center/prototype,0.0,0.0,0.0,0,0,3
original,initial_background_trained_readout,cp_hk,lowest_shuffled,facebook_page_reference,S0_conv_center/ridge,0.0,0.0,0.0,0,0,3
original,initial_background_trained_readout,cp_hk,lowest_shuffled,facebook_page_reference,S0_pool/prototype,0.0,0.0,0.0,0,0,3
original,initial_background_trained_readout,cp_hk,lowest_shuffled,facebook_page_reference,S0_pool/ridge,0.0,0.0,0.0,0,0,3
original,initial_background_trained_readout,cp_hk,lowest_shuffled,facebook_page_reference,U1_pre_meta/prototype,-0.08400726318359375,-0.12378692626953125,-0.036640167236328125,0,3,3
original,initial_background_trained_readout,cp_hk,lowest_shuffled,facebook_page_reference,U1_pre_meta/ridge,-0.08500226338704427,-0.12212181091308594,-0.042697906494140625,0,3,3
original,initial_background_trained_readout,cp_hk,lowest_shuffled,facebook_page_reference,final_input/prototype,-0.07234827677408855,-0.12019920349121094,-0.009674072265625,0,3,3
original,initial_background_trained_readout,cp_hk,lowest_shuffled,facebook_page_reference,final_input/ridge,-0.06363868713378906,-0.11152076721191406,9.5367431640625e-05,1,2,3
original,initial_background_trained_readout,cp_hk,lowest_shuffled,facebook_page_reference,full_model,0.005903879801432292,0.003322601318359375,0.008220672607421875,3,0,3
original,initial_background_trained_readout,cp_hk,lowest_shuffled,facebook_page_reference,raw_center/prototype,0.0,0.0,0.0,0,0,3
original,initial_background_trained_readout,cp_hk,lowest_shuffled,facebook_page_reference,raw_center/ridge,-1.1102230246251565e-16,-1.1102230246251565e-16,-1.1102230246251565e-16,0,3,3
original,initial_background_trained_readout,cp_hk,lowest_shuffled,facebook_page_reference,raw_context/prototype,0.0,0.0,0.0,0,0,3
original,initial_background_trained_readout,cp_hk,lowest_shuffled,facebook_page_reference,raw_context/ridge,0.0,0.0,0.0,0,0,3
original,initial_background_trained_readout,cp_hk,lowest_shuffled,facebook_page_reference,raw_joint/prototype,0.0,0.0,0.0,0,0,3
original,initial_background_trained_readout,cp_hk,lowest_shuffled,facebook_page_reference,raw_joint/ridge,-1.1102230246251565e-16,-1.1102230246251565e-16,-1.1102230246251565e-16,0,3,3
original,initial_background_trained_readout,cp_hk,lowest_shuffled,twibot20,M2_post_meta/prototype,-0.001238928900824628,-0.00855339898003471,0.0029521518283420756,2,1,3
original,initial_background_trained_readout,cp_hk,lowest_shuffled,twibot20,M2_post_meta/ridge,-0.00037306326406982837,-0.008336808946397656,0.00436570909288192,2,1,3
original,initial_background_trained_readout,cp_hk,lowest_shuffled,twibot20,S0_conv_center/prototype,0.0,0.0,0.0,0,0,3
original,initial_background_trained_readout,cp_hk,lowest_shuffled,twibot20,S0_conv_center/ridge,0.0,0.0,0.0,0,0,3
original,initial_background_trained_readout,cp_hk,lowest_shuffled,twibot20,S0_pool/prototype,0.0,0.0,0.0,0,0,3
original,initial_background_trained_readout,cp_hk,lowest_shuffled,twibot20,S0_pool/ridge,0.0,0.0,0.0,0,0,3
original,initial_background_trained_readout,cp_hk,lowest_shuffled,twibot20,U1_pre_meta/prototype,-0.0016439225938585194,-0.006667455037434822,0.001116858588324554,2,1,3
original,initial_background_trained_readout,cp_hk,lowest_shuffled,twibot20,U1_pre_meta/ridge,-0.0038207725242332216,-0.009104198879665848,-0.0007542504204643974,0,3,3
original,initial_background_trained_readout,cp_hk,lowest_shuffled,twibot20,final_input/prototype,-0.001238928900824628,-0.00855339898003471,0.0029521518283420756,2,1,3
original,initial_background_trained_readout,cp_hk,lowest_shuffled,twibot20,final_input/ridge,-0.00037306326406982837,-0.008336808946397656,0.00436570909288192,2,1,3
original,initial_background_trained_readout,cp_hk,lowest_shuffled,twibot20,full_model,-0.009383590133101768,-0.23732799953884554,0.2755177815755209,1,2,3
original,initial_background_trained_readout,cp_hk,lowest_shuffled,twibot20,raw_center/prototype,0.0,0.0,0.0,0,0,3
original,initial_background_trained_readout,cp_hk,lowest_shuffled,twibot20,raw_center/ridge,0.0,0.0,0.0,0,0,3
original,initial_background_trained_readout,cp_hk,lowest_shuffled,twibot20,raw_context/prototype,0.0,0.0,0.0,0,0,3
original,initial_background_trained_readout,cp_hk,lowest_shuffled,twibot20,raw_context/ridge,0.0,0.0,0.0,0,0,3
original,initial_background_trained_readout,cp_hk,lowest_shuffled,twibot20,raw_joint/prototype,0.0,0.0,0.0,0,0,3
original,initial_background_trained_readout,cp_hk,lowest_shuffled,twibot20,raw_joint/ridge,0.0,0.0,0.0,0,0,3
original,initial_background_trained_readout,cp_hk,lowest_shuffled,ukr_rus_suspended,M2_post_meta/prototype,-0.013102213541666666,-0.016571044921875,-0.008056640625,0,3,3
original,initial_background_trained_readout,cp_hk,lowest_shuffled,ukr_rus_suspended,M2_post_meta/ridge,-0.01190185546875,-0.015533447265625,-0.00555419921875,0,3,3
original,initial_background_trained_readout,cp_hk,lowest_shuffled,ukr_rus_suspended,S0_conv_center/prototype,0.0,0.0,0.0,0,0,3
original,initial_background_trained_readout,cp_hk,lowest_shuffled,ukr_rus_suspended,S0_conv_center/ridge,0.0,0.0,0.0,0,0,3
original,initial_background_trained_readout,cp_hk,lowest_shuffled,ukr_rus_suspended,S0_pool/prototype,0.0,0.0,0.0,0,0,3
original,initial_background_trained_readout,cp_hk,lowest_shuffled,ukr_rus_suspended,S0_pool/ridge,0.0,0.0,0.0,0,0,3
original,initial_background_trained_readout,cp_hk,lowest_shuffled,ukr_rus_suspended,U1_pre_meta/prototype,-0.019744873046875,-0.024322509765625,-0.01715087890625,0,3,3
original,initial_background_trained_readout,cp_hk,lowest_shuffled,ukr_rus_suspended,U1_pre_meta/ridge,-0.017781575520833332,-0.021942138671875,-0.011749267578125,0,3,3
original,initial_background_trained_readout,cp_hk,lowest_shuffled,ukr_rus_suspended,final_input/prototype,-0.013102213541666666,-0.016571044921875,-0.008056640625,0,3,3
original,initial_background_trained_readout,cp_hk,lowest_shuffled,ukr_rus_suspended,final_input/ridge,-0.01190185546875,-0.015533447265625,-0.00555419921875,0,3,3
original,initial_background_trained_readout,cp_hk,lowest_shuffled,ukr_rus_suspended,full_model,-0.006276448567708333,-0.0289306640625,0.021270751953125,1,2,3
original,initial_background_trained_readout,cp_hk,lowest_shuffled,ukr_rus_suspended,raw_center/prototype,0.0,0.0,0.0,0,0,3
original,initial_background_trained_readout,cp_hk,lowest_shuffled,ukr_rus_suspended,raw_center/ridge,0.0,0.0,0.0,0,0,3
original,initial_background_trained_readout,cp_hk,lowest_shuffled,ukr_rus_suspended,raw_context/prototype,0.0,0.0,0.0,0,0,3
original,initial_background_trained_readout,cp_hk,lowest_shuffled,ukr_rus_suspended,raw_context/ridge,0.0,0.0,0.0,0,0,3
original,initial_background_trained_readout,cp_hk,lowest_shuffled,ukr_rus_suspended,raw_joint/prototype,0.0,0.0,0.0,0,0,3
original,initial_background_trained_readout,cp_hk,lowest_shuffled,ukr_rus_suspended,raw_joint/ridge,0.0,0.0,0.0,0,0,3
original,initial_background_trained_readout,cp_hk,lowest_sorted,covid_political,M2_post_meta/prototype,-0.02548274287471064,-0.04248103389033564,-0.00824568006727433,0,3,3
original,initial_background_trained_readout,cp_hk,lowest_sorted,covid_political,M2_post_meta/ridge,-0.01992600052445015,-0.03666376184534137,-0.0019209120008679692,0,3,3
original,initial_background_trained_readout,cp_hk,lowest_sorted,covid_political,S0_conv_center/prototype,0.0,0.0,0.0,0,0,3
original,initial_background_trained_readout,cp_hk,lowest_sorted,covid_political,S0_conv_center/ridge,0.0,0.0,0.0,0,0,3
original,initial_background_trained_readout,cp_hk,lowest_sorted,covid_political,S0_pool/prototype,0.0,0.0,0.0,0,0,3
original,initial_background_trained_readout,cp_hk,lowest_sorted,covid_political,S0_pool/ridge,0.0,0.0,0.0,0,0,3
original,initial_background_trained_readout,cp_hk,lowest_sorted,covid_political,U1_pre_meta/prototype,-0.021861229413821365,-0.03303047462745956,-0.00931859899450227,0,3,3
original,initial_background_trained_readout,cp_hk,lowest_sorted,covid_political,U1_pre_meta/ridge,-0.023972216947579117,-0.03798958107277195,-0.01093094437210651,0,3,3
original,initial_background_trained_readout,cp_hk,lowest_sorted,covid_political,final_input/prototype,-0.02548274287471064,-0.04248103389033564,-0.00824568006727433,0,3,3
original,initial_background_trained_readout,cp_hk,lowest_sorted,covid_political,final_input/ridge,-0.01992600052445015,-0.03666376184534137,-0.0019209120008679692,0,3,3
original,initial_background_trained_readout,cp_hk,lowest_sorted,covid_political,full_model,0.06830738208912039,-0.1146254362883391,0.19051615397135413,2,1,3
original,initial_background_trained_readout,cp_hk,lowest_sorted,covid_political,raw_center/prototype,0.0,0.0,0.0,0,0,3
original,initial_background_trained_readout,cp_hk,lowest_sorted,covid_political,raw_center/ridge,0.0,0.0,0.0,0,0,3
original,initial_background_trained_readout,cp_hk,lowest_sorted,covid_political,raw_context/prototype,1.1102230246251565e-16,1.1102230246251565e-16,1.1102230246251565e-16,3,0,3
original,initial_background_trained_readout,cp_hk,lowest_sorted,covid_political,raw_context/ridge,0.0,0.0,0.0,0,0,3
original,initial_background_trained_readout,cp_hk,lowest_sorted,covid_political,raw_joint/prototype,0.0,0.0,0.0,0,0,3
original,initial_background_trained_readout,cp_hk,lowest_sorted,covid_political,raw_joint/ridge,0.0,0.0,0.0,0,0,3
original,initial_background_trained_readout,cp_hk,lowest_sorted,election2020,M2_post_meta/prototype,-0.040781656901041664,-0.044769287109375,-0.037841796875,0,3,3
original,initial_background_trained_readout,cp_hk,lowest_sorted,election2020,M2_post_meta/ridge,-0.031636555989583336,-0.03558349609375,-0.0296630859375,0,3,3
original,initial_background_trained_readout,cp_hk,lowest_sorted,election2020,S0_conv_center/prototype,0.0,0.0,0.0,0,0,3
original,initial_background_trained_readout,cp_hk,lowest_sorted,election2020,S0_conv_center/ridge,0.0,0.0,0.0,0,0,3
original,initial_background_trained_readout,cp_hk,lowest_sorted,election2020,S0_pool/prototype,0.0,0.0,0.0,0,0,3
original,initial_background_trained_readout,cp_hk,lowest_sorted,election2020,S0_pool/ridge,0.0,0.0,0.0,0,0,3
original,initial_background_trained_readout,cp_hk,lowest_sorted,election2020,U1_pre_meta/prototype,-0.038716634114583336,-0.05133056640625,-0.0260009765625,0,3,3
original,initial_background_trained_readout,cp_hk,lowest_sorted,election2020,U1_pre_meta/ridge,-0.048909505208333336,-0.05560302734375,-0.0389404296875,0,3,3
original,initial_background_trained_readout,cp_hk,lowest_sorted,election2020,final_input/prototype,-0.040781656901041664,-0.044769287109375,-0.037841796875,0,3,3
original,initial_background_trained_readout,cp_hk,lowest_sorted,election2020,final_input/ridge,-0.031636555989583336,-0.03558349609375,-0.0296630859375,0,3,3
original,initial_background_trained_readout,cp_hk,lowest_sorted,election2020,full_model,0.076416015625,-0.1480712890625,0.33489990234375,2,1,3
original,initial_background_trained_readout,cp_hk,lowest_sorted,election2020,raw_center/prototype,0.0,0.0,0.0,0,0,3
original,initial_background_trained_readout,cp_hk,lowest_sorted,election2020,raw_center/ridge,0.0,0.0,0.0,0,0,3
original,initial_background_trained_readout,cp_hk,lowest_sorted,election2020,raw_context/prototype,0.0,0.0,0.0,0,0,3
original,initial_background_trained_readout,cp_hk,lowest_sorted,election2020,raw_context/ridge,0.0,0.0,0.0,0,0,3
original,initial_background_trained_readout,cp_hk,lowest_sorted,election2020,raw_joint/prototype,0.0,0.0,0.0,0,0,3
original,initial_background_trained_readout,cp_hk,lowest_sorted,election2020,raw_joint/ridge,0.0,0.0,0.0,0,0,3
original,initial_background_trained_readout,cp_hk,lowest_sorted,facebook_page_reference,M2_post_meta/prototype,-0.07606252034505208,-0.08678436279296875,-0.058704376220703125,0,3,3
original,initial_background_trained_readout,cp_hk,lowest_sorted,facebook_page_reference,M2_post_meta/ridge,-0.06552696228027344,-0.07364273071289062,-0.05034828186035156,0,3,3
original,initial_background_trained_readout,cp_hk,lowest_sorted,facebook_page_reference,S0_conv_center/prototype,0.0,0.0,0.0,0,0,3
original,initial_background_trained_readout,cp_hk,lowest_sorted,facebook_page_reference,S0_conv_center/ridge,0.0,0.0,0.0,0,0,3
original,initial_background_trained_readout,cp_hk,lowest_sorted,facebook_page_reference,S0_pool/prototype,0.0,0.0,0.0,0,0,3
original,initial_background_trained_readout,cp_hk,lowest_sorted,facebook_page_reference,S0_pool/ridge,0.0,0.0,0.0,0,0,3
original,initial_background_trained_readout,cp_hk,lowest_sorted,facebook_page_reference,U1_pre_meta/prototype,-0.07715797424316406,-0.09213829040527344,-0.06066703796386719,0,3,3
original,initial_background_trained_readout,cp_hk,lowest_sorted,facebook_page_reference,U1_pre_meta/ridge,-0.07427279154459636,-0.08993911743164062,-0.054859161376953125,0,3,3
original,initial_background_trained_readout,cp_hk,lowest_sorted,facebook_page_reference,final_input/prototype,-0.07606252034505208,-0.08678436279296875,-0.058704376220703125,0,3,3
original,initial_background_trained_readout,cp_hk,lowest_sorted,facebook_page_reference,final_input/ridge,-0.06552696228027344,-0.07364273071289062,-0.05034828186035156,0,3,3
original,initial_background_trained_readout,cp_hk,lowest_sorted,facebook_page_reference,full_model,0.0048198699951171875,-0.003787994384765625,0.013666152954101562,2,1,3
original,initial_background_trained_readout,cp_hk,lowest_sorted,facebook_page_reference,raw_center/prototype,0.0,0.0,0.0,0,0,3
original,initial_background_trained_readout,cp_hk,lowest_sorted,facebook_page_reference,raw_center/ridge,-1.1102230246251565e-16,-1.1102230246251565e-16,-1.1102230246251565e-16,0,3,3
original,initial_background_trained_readout,cp_hk,lowest_sorted,facebook_page_reference,raw_context/prototype,0.0,0.0,0.0,0,0,3
original,initial_background_trained_readout,cp_hk,lowest_sorted,facebook_page_reference,raw_context/ridge,0.0,0.0,0.0,0,0,3
original,initial_background_trained_readout,cp_hk,lowest_sorted,facebook_page_reference,raw_joint/prototype,0.0,0.0,0.0,0,0,3
original,initial_background_trained_readout,cp_hk,lowest_sorted,facebook_page_reference,raw_joint/ridge,-1.1102230246251565e-16,-1.1102230246251565e-16,-1.1102230246251565e-16,0,3,3
original,initial_background_trained_readout,cp_hk,lowest_sorted,twibot20,M2_post_meta/prototype,-0.0015366872151691597,-0.007339265611436607,0.0030161539713543517,1,2,3
original,initial_background_trained_readout,cp_hk,lowest_sorted,twibot20,M2_post_meta/ridge,-0.00010709409360528295,-0.005302217271592857,0.004161834716796875,2,1,3
original,initial_background_trained_readout,cp_hk,lowest_sorted,twibot20,S0_conv_center/prototype,0.0,0.0,0.0,0,0,3
original,initial_background_trained_readout,cp_hk,lowest_sorted,twibot20,S0_conv_center/ridge,0.0,0.0,0.0,0,0,3
original,initial_background_trained_readout,cp_hk,lowest_sorted,twibot20,S0_pool/prototype,0.0,0.0,0.0,0,0,3
original,initial_background_trained_readout,cp_hk,lowest_sorted,twibot20,S0_pool/ridge,0.0,0.0,0.0,0,0,3
original,initial_background_trained_readout,cp_hk,lowest_sorted,twibot20,U1_pre_meta/prototype,-0.0020521658438223587,-0.006882985432942745,0.00225067138671875,1,2,3
original,initial_background_trained_readout,cp_hk,lowest_sorted,twibot20,U1_pre_meta/ridge,-0.0035507060863353423,-0.006587346394856808,-0.0006383260091145093,0,3,3
original,initial_background_trained_readout,cp_hk,lowest_sorted,twibot20,final_input/prototype,-0.0015366872151691597,-0.007339265611436607,0.0030161539713543517,1,2,3
original,initial_background_trained_readout,cp_hk,lowest_sorted,twibot20,final_input/ridge,-0.00010709409360528295,-0.005302217271592857,0.004161834716796875,2,1,3
original,initial_background_trained_readout,cp_hk,lowest_sorted,twibot20,full_model,-0.11373569347240305,-0.1965781317816841,-0.03418117099338108,0,3,3
original,initial_background_trained_readout,cp_hk,lowest_sorted,twibot20,raw_center/prototype,0.0,0.0,0.0,0,0,3
original,initial_background_trained_readout,cp_hk,lowest_sorted,twibot20,raw_center/ridge,0.0,0.0,0.0,0,0,3
original,initial_background_trained_readout,cp_hk,lowest_sorted,twibot20,raw_context/prototype,0.0,0.0,0.0,0,0,3
original,initial_background_trained_readout,cp_hk,lowest_sorted,twibot20,raw_context/ridge,0.0,0.0,0.0,0,0,3
original,initial_background_trained_readout,cp_hk,lowest_sorted,twibot20,raw_joint/prototype,0.0,0.0,0.0,0,0,3
original,initial_background_trained_readout,cp_hk,lowest_sorted,twibot20,raw_joint/ridge,0.0,0.0,0.0,0,0,3
original,initial_background_trained_readout,cp_hk,lowest_sorted,ukr_rus_suspended,M2_post_meta/prototype,0.01806640625,-0.007049560546875,0.036102294921875,2,1,3
original,initial_background_trained_readout,cp_hk,lowest_sorted,ukr_rus_suspended,M2_post_meta/ridge,0.0174560546875,-0.003265380859375,0.033203125,2,1,3
original,initial_background_trained_readout,cp_hk,lowest_sorted,ukr_rus_suspended,S0_conv_center/prototype,0.0,0.0,0.0,0,0,3
original,initial_background_trained_readout,cp_hk,lowest_sorted,ukr_rus_suspended,S0_conv_center/ridge,0.0,0.0,0.0,0,0,3
original,initial_background_trained_readout,cp_hk,lowest_sorted,ukr_rus_suspended,S0_pool/prototype,0.0,0.0,0.0,0,0,3
original,initial_background_trained_readout,cp_hk,lowest_sorted,ukr_rus_suspended,S0_pool/ridge,0.0,0.0,0.0,0,0,3
original,initial_background_trained_readout,cp_hk,lowest_sorted,ukr_rus_suspended,U1_pre_meta/prototype,0.010579427083333334,-0.007293701171875,0.0252685546875,2,1,3
original,initial_background_trained_readout,cp_hk,lowest_sorted,ukr_rus_suspended,U1_pre_meta/ridge,0.010243733723958334,-0.00836181640625,0.02642822265625,2,1,3
original,initial_background_trained_readout,cp_hk,lowest_sorted,ukr_rus_suspended,final_input/prototype,0.01806640625,-0.007049560546875,0.036102294921875,2,1,3
original,initial_background_trained_readout,cp_hk,lowest_sorted,ukr_rus_suspended,final_input/ridge,0.0174560546875,-0.003265380859375,0.033203125,2,1,3
original,initial_background_trained_readout,cp_hk,lowest_sorted,ukr_rus_suspended,full_model,-0.0018819173177083333,-0.0338134765625,0.058380126953125,1,2,3
original,initial_background_trained_readout,cp_hk,lowest_sorted,ukr_rus_suspended,raw_center/prototype,0.0,0.0,0.0,0,0,3
original,initial_background_trained_readout,cp_hk,lowest_sorted,ukr_rus_suspended,raw_center/ridge,0.0,0.0,0.0,0,0,3
original,initial_background_trained_readout,cp_hk,lowest_sorted,ukr_rus_suspended,raw_context/prototype,0.0,0.0,0.0,0,0,3
original,initial_background_trained_readout,cp_hk,lowest_sorted,ukr_rus_suspended,raw_context/ridge,0.0,0.0,0.0,0,0,3
original,initial_background_trained_readout,cp_hk,lowest_sorted,ukr_rus_suspended,raw_joint/prototype,0.0,0.0,0.0,0,0,3
original,initial_background_trained_readout,cp_hk,lowest_sorted,ukr_rus_suspended,raw_joint/ridge,0.0,0.0,0.0,0,0,3
original,initial_background_trained_readout,cp_hk,uniform_shuffled,covid_political,M2_post_meta/prototype,0.0009195775161554934,-0.04735847755714706,0.05297879819516793,1,2,3
original,initial_background_trained_readout,cp_hk,uniform_shuffled,covid_political,M2_post_meta/ridge,0.003105069384162884,-0.04525191695601849,0.05618936044198508,1,2,3
original,initial_background_trained_readout,cp_hk,uniform_shuffled,covid_political,S0_conv_center/prototype,0.0,0.0,0.0,0,0,3
original,initial_background_trained_readout,cp_hk,uniform_shuffled,covid_political,S0_conv_center/ridge,0.0,0.0,0.0,0,0,3
original,initial_background_trained_readout,cp_hk,uniform_shuffled,covid_political,S0_pool/prototype,0.0,0.0,0.0,0,0,3
original,initial_background_trained_readout,cp_hk,uniform_shuffled,covid_political,S0_pool/ridge,0.0,0.0,0.0,0,0,3
original,initial_background_trained_readout,cp_hk,uniform_shuffled,covid_political,U1_pre_meta/prototype,-0.005896014931761173,-0.07115823251229747,0.0541701140227141,1,2,3
original,initial_background_trained_readout,cp_hk,uniform_shuffled,covid_political,U1_pre_meta/ridge,-0.015573289659288206,-0.08264640525535294,0.04210465042679401,1,2,3
original,initial_background_trained_readout,cp_hk,uniform_shuffled,covid_political,final_input/prototype,0.0009195775161554934,-0.04735847755714706,0.05297879819516793,1,2,3
original,initial_background_trained_readout,cp_hk,uniform_shuffled,covid_political,final_input/ridge,0.003105069384162884,-0.04525191695601849,0.05618936044198508,1,2,3
original,initial_background_trained_readout,cp_hk,uniform_shuffled,covid_political,full_model,0.10820336989414547,-0.12200249565972221,0.25243095115379055,2,1,3
original,initial_background_trained_readout,cp_hk,uniform_shuffled,covid_political,raw_center/prototype,0.0,0.0,0.0,0,0,3
original,initial_background_trained_readout,cp_hk,uniform_shuffled,covid_political,raw_center/ridge,0.0,0.0,0.0,0,0,3
original,initial_background_trained_readout,cp_hk,uniform_shuffled,covid_political,raw_context/prototype,1.1102230246251565e-16,1.1102230246251565e-16,1.1102230246251565e-16,3,0,3
original,initial_background_trained_readout,cp_hk,uniform_shuffled,covid_political,raw_context/ridge,0.0,0.0,0.0,0,0,3
original,initial_background_trained_readout,cp_hk,uniform_shuffled,covid_political,raw_joint/prototype,0.0,0.0,0.0,0,0,3
original,initial_background_trained_readout,cp_hk,uniform_shuffled,covid_political,raw_joint/ridge,0.0,0.0,0.0,0,0,3
original,initial_background_trained_readout,cp_hk,uniform_shuffled,election2020,M2_post_meta/prototype,-0.028238932291666668,-0.0836181640625,0.026885986328125,1,2,3
original,initial_background_trained_readout,cp_hk,uniform_shuffled,election2020,M2_post_meta/ridge,-0.024943033854166668,-0.08392333984375,0.0335693359375,1,2,3
original,initial_background_trained_readout,cp_hk,uniform_shuffled,election2020,S0_conv_center/prototype,0.0,0.0,0.0,0,0,3
original,initial_background_trained_readout,cp_hk,uniform_shuffled,election2020,S0_conv_center/ridge,0.0,0.0,0.0,0,0,3
original,initial_background_trained_readout,cp_hk,uniform_shuffled,election2020,S0_pool/prototype,0.0,0.0,0.0,0,0,3
original,initial_background_trained_readout,cp_hk,uniform_shuffled,election2020,S0_pool/ridge,0.0,0.0,0.0,0,0,3
original,initial_background_trained_readout,cp_hk,uniform_shuffled,election2020,U1_pre_meta/prototype,-0.046956380208333336,-0.10601806640625,0.00506591796875,1,2,3
original,initial_background_trained_readout,cp_hk,uniform_shuffled,election2020,U1_pre_meta/ridge,-0.0654296875,-0.129150390625,-0.01214599609375,0,3,3
original,initial_background_trained_readout,cp_hk,uniform_shuffled,election2020,final_input/prototype,-0.028238932291666668,-0.0836181640625,0.026885986328125,1,2,3
original,initial_background_trained_readout,cp_hk,uniform_shuffled,election2020,final_input/ridge,-0.024943033854166668,-0.08392333984375,0.0335693359375,1,2,3
original,initial_background_trained_readout,cp_hk,uniform_shuffled,election2020,full_model,0.07940673828125,-0.0211181640625,0.2386474609375,2,1,3
original,initial_background_trained_readout,cp_hk,uniform_shuffled,election2020,raw_center/prototype,0.0,0.0,0.0,0,0,3
original,initial_background_trained_readout,cp_hk,uniform_shuffled,election2020,raw_center/ridge,0.0,0.0,0.0,0,0,3
original,initial_background_trained_readout,cp_hk,uniform_shuffled,election2020,raw_context/prototype,0.0,0.0,0.0,0,0,3
original,initial_background_trained_readout,cp_hk,uniform_shuffled,election2020,raw_context/ridge,0.0,0.0,0.0,0,0,3
original,initial_background_trained_readout,cp_hk,uniform_shuffled,election2020,raw_joint/prototype,0.0,0.0,0.0,0,0,3
original,initial_background_trained_readout,cp_hk,uniform_shuffled,election2020,raw_joint/ridge,0.0,0.0,0.0,0,0,3
original,initial_background_trained_readout,cp_hk,uniform_shuffled,facebook_page_reference,M2_post_meta/prototype,-0.08298619588216145,-0.11857223510742188,-0.019472122192382812,0,3,3
original,initial_background_trained_readout,cp_hk,uniform_shuffled,facebook_page_reference,M2_post_meta/ridge,-0.07501284281412761,-0.11325454711914062,-0.00934600830078125,0,3,3
original,initial_background_trained_readout,cp_hk,uniform_shuffled,facebook_page_reference,S0_conv_center/prototype,0.0,0.0,0.0,0,0,3
original,initial_background_trained_readout,cp_hk,uniform_shuffled,facebook_page_reference,S0_conv_center/ridge,0.0,0.0,0.0,0,0,3
original,initial_background_trained_readout,cp_hk,uniform_shuffled,facebook_page_reference,S0_pool/prototype,0.0,0.0,0.0,0,0,3
original,initial_background_trained_readout,cp_hk,uniform_shuffled,facebook_page_reference,S0_pool/ridge,0.0,0.0,0.0,0,0,3
original,initial_background_trained_readout,cp_hk,uniform_shuffled,facebook_page_reference,U1_pre_meta/prototype,-0.09336217244466145,-0.12199211120605469,-0.04538917541503906,0,3,3
original,initial_background_trained_readout,cp_hk,uniform_shuffled,facebook_page_reference,U1_pre_meta/ridge,-0.09697850545247395,-0.12345504760742188,-0.053070068359375,0,3,3
original,initial_background_trained_readout,cp_hk,uniform_shuffled,facebook_page_reference,final_input/prototype,-0.08298619588216145,-0.11857223510742188,-0.019472122192382812,0,3,3
original,initial_background_trained_readout,cp_hk,uniform_shuffled,facebook_page_reference,final_input/ridge,-0.07501284281412761,-0.11325454711914062,-0.00934600830078125,0,3,3
original,initial_background_trained_readout,cp_hk,uniform_shuffled,facebook_page_reference,full_model,0.0018507639567057292,0.00146484375,0.00213623046875,3,0,3
original,initial_background_trained_readout,cp_hk,uniform_shuffled,facebook_page_reference,raw_center/prototype,0.0,0.0,0.0,0,0,3
original,initial_background_trained_readout,cp_hk,uniform_shuffled,facebook_page_reference,raw_center/ridge,-1.1102230246251565e-16,-1.1102230246251565e-16,-1.1102230246251565e-16,0,3,3
original,initial_background_trained_readout,cp_hk,uniform_shuffled,facebook_page_reference,raw_context/prototype,0.0,0.0,0.0,0,0,3
original,initial_background_trained_readout,cp_hk,uniform_shuffled,facebook_page_reference,raw_context/ridge,0.0,0.0,0.0,0,0,3
original,initial_background_trained_readout,cp_hk,uniform_shuffled,facebook_page_reference,raw_joint/prototype,0.0,0.0,0.0,0,0,3
original,initial_background_trained_readout,cp_hk,uniform_shuffled,facebook_page_reference,raw_joint/ridge,-1.1102230246251565e-16,-1.1102230246251565e-16,-1.1102230246251565e-16,0,3,3
original,initial_background_trained_readout,cp_hk,uniform_shuffled,twibot20,M2_post_meta/prototype,-0.0036715754756219874,-0.007279502020941631,0.0013586680094401782,1,2,3
original,initial_background_trained_readout,cp_hk,uniform_shuffled,twibot20,M2_post_meta/ridge,-0.0028065575493707215,-0.006885316636827232,0.0021832784016926343,1,2,3
original,initial_background_trained_readout,cp_hk,uniform_shuffled,twibot20,S0_conv_center/prototype,0.0,0.0,0.0,0,0,3
original,initial_background_trained_readout,cp_hk,uniform_shuffled,twibot20,S0_conv_center/ridge,0.0,0.0,0.0,0,0,3
original,initial_background_trained_readout,cp_hk,uniform_shuffled,twibot20,S0_pool/prototype,0.0,0.0,0.0,0,0,3
original,initial_background_trained_readout,cp_hk,uniform_shuffled,twibot20,S0_pool/ridge,0.0,0.0,0.0,0,0,3
original,initial_background_trained_readout,cp_hk,uniform_shuffled,twibot20,U1_pre_meta/prototype,-0.0039460923936631325,-0.0072322421603732145,0.0013788011338976558,1,2,3
original,initial_background_trained_readout,cp_hk,uniform_shuffled,twibot20,U1_pre_meta/ridge,-0.005553775363498288,-0.009890874226888058,0.0004893408881292416,1,2,3
original,initial_background_trained_readout,cp_hk,uniform_shuffled,twibot20,final_input/prototype,-0.0036715754756219874,-0.007279502020941631,0.0013586680094401782,1,2,3
original,initial_background_trained_readout,cp_hk,uniform_shuffled,twibot20,final_input/ridge,-0.0028065575493707215,-0.006885316636827232,0.0021832784016926343,1,2,3
original,initial_background_trained_readout,cp_hk,uniform_shuffled,twibot20,full_model,0.016384266040943323,-0.03673934936523432,0.06732665167914498,2,1,3
original,initial_background_trained_readout,cp_hk,uniform_shuffled,twibot20,raw_center/prototype,0.0,0.0,0.0,0,0,3
original,initial_background_trained_readout,cp_hk,uniform_shuffled,twibot20,raw_center/ridge,0.0,0.0,0.0,0,0,3
original,initial_background_trained_readout,cp_hk,uniform_shuffled,twibot20,raw_context/prototype,0.0,0.0,0.0,0,0,3
original,initial_background_trained_readout,cp_hk,uniform_shuffled,twibot20,raw_context/ridge,0.0,0.0,0.0,0,0,3
original,initial_background_trained_readout,cp_hk,uniform_shuffled,twibot20,raw_joint/prototype,0.0,0.0,0.0,0,0,3
original,initial_background_trained_readout,cp_hk,uniform_shuffled,twibot20,raw_joint/ridge,0.0,0.0,0.0,0,0,3
original,initial_background_trained_readout,cp_hk,uniform_shuffled,ukr_rus_suspended,M2_post_meta/prototype,0.018229166666666668,0.00360107421875,0.03875732421875,3,0,3
original,initial_background_trained_readout,cp_hk,uniform_shuffled,ukr_rus_suspended,M2_post_meta/ridge,0.013844807942708334,-0.001312255859375,0.03424072265625,2,1,3
original,initial_background_trained_readout,cp_hk,uniform_shuffled,ukr_rus_suspended,S0_conv_center/prototype,0.0,0.0,0.0,0,0,3
original,initial_background_trained_readout,cp_hk,uniform_shuffled,ukr_rus_suspended,S0_conv_center/ridge,0.0,0.0,0.0,0,0,3
original,initial_background_trained_readout,cp_hk,uniform_shuffled,ukr_rus_suspended,S0_pool/prototype,0.0,0.0,0.0,0,0,3
original,initial_background_trained_readout,cp_hk,uniform_shuffled,ukr_rus_suspended,S0_pool/ridge,0.0,0.0,0.0,0,0,3
original,initial_background_trained_readout,cp_hk,uniform_shuffled,ukr_rus_suspended,U1_pre_meta/prototype,0.008524576822916666,-0.0101318359375,0.0384521484375,1,2,3
original,initial_background_trained_readout,cp_hk,uniform_shuffled,ukr_rus_suspended,U1_pre_meta/ridge,0.005686442057291667,-0.014007568359375,0.0306396484375,2,1,3
original,initial_background_trained_readout,cp_hk,uniform_shuffled,ukr_rus_suspended,final_input/prototype,0.018229166666666668,0.00360107421875,0.03875732421875,3,0,3
original,initial_background_trained_readout,cp_hk,uniform_shuffled,ukr_rus_suspended,final_input/ridge,0.013844807942708334,-0.001312255859375,0.03424072265625,2,1,3
original,initial_background_trained_readout,cp_hk,uniform_shuffled,ukr_rus_suspended,full_model,-0.016225179036458332,-0.04833984375,0.012237548828125,1,2,3
original,initial_background_trained_readout,cp_hk,uniform_shuffled,ukr_rus_suspended,raw_center/prototype,0.0,0.0,0.0,0,0,3
original,initial_background_trained_readout,cp_hk,uniform_shuffled,ukr_rus_suspended,raw_center/ridge,0.0,0.0,0.0,0,0,3
original,initial_background_trained_readout,cp_hk,uniform_shuffled,ukr_rus_suspended,raw_context/prototype,0.0,0.0,0.0,0,0,3
original,initial_background_trained_readout,cp_hk,uniform_shuffled,ukr_rus_suspended,raw_context/ridge,0.0,0.0,0.0,0,0,3
original,initial_background_trained_readout,cp_hk,uniform_shuffled,ukr_rus_suspended,raw_joint/prototype,0.0,0.0,0.0,0,0,3
original,initial_background_trained_readout,cp_hk,uniform_shuffled,ukr_rus_suspended,raw_joint/ridge,0.0,0.0,0.0,0,0,3
original,initial_background_trained_readout,cp_hk,uniform_sorted,covid_political,M2_post_meta/prototype,-0.01226750126591436,-0.04032982720269096,0.00594103777850119,1,2,3
original,initial_background_trained_readout,cp_hk,uniform_sorted,covid_political,M2_post_meta/ridge,-0.008623570571711037,-0.03623538547092009,0.01092698838975692,1,2,3
original,initial_background_trained_readout,cp_hk,uniform_sorted,covid_political,S0_conv_center/prototype,0.0,0.0,0.0,0,0,3
original,initial_background_trained_readout,cp_hk,uniform_sorted,covid_political,S0_conv_center/ridge,0.0,0.0,0.0,0,0,3
original,initial_background_trained_readout,cp_hk,uniform_sorted,covid_political,S0_pool/prototype,0.0,0.0,0.0,0,0,3
original,initial_background_trained_readout,cp_hk,uniform_sorted,covid_political,S0_pool/ridge,0.0,0.0,0.0,0,0,3
original,initial_background_trained_readout,cp_hk,uniform_sorted,covid_political,U1_pre_meta/prototype,-0.019662739318094185,-0.06166415744357645,0.0032521000614872397,1,2,3
original,initial_background_trained_readout,cp_hk,uniform_sorted,covid_political,U1_pre_meta/ridge,-0.025574201419029736,-0.06944953070746529,-0.00197544804325811,0,3,3
original,initial_background_trained_readout,cp_hk,uniform_sorted,covid_political,final_input/prototype,-0.01226750126591436,-0.04032982720269096,0.00594103777850119,1,2,3
original,initial_background_trained_readout,cp_hk,uniform_sorted,covid_political,final_input/ridge,-0.008623570571711037,-0.03623538547092009,0.01092698838975692,1,2,3
original,initial_background_trained_readout,cp_hk,uniform_sorted,covid_political,full_model,-0.0414471096462673,-0.16540809913917814,0.042384394892939825,1,2,3
original,initial_background_trained_readout,cp_hk,uniform_sorted,covid_political,raw_center/prototype,0.0,0.0,0.0,0,0,3
original,initial_background_trained_readout,cp_hk,uniform_sorted,covid_political,raw_center/ridge,0.0,0.0,0.0,0,0,3
original,initial_background_trained_readout,cp_hk,uniform_sorted,covid_political,raw_context/prototype,1.1102230246251565e-16,1.1102230246251565e-16,1.1102230246251565e-16,3,0,3
original,initial_background_trained_readout,cp_hk,uniform_sorted,covid_political,raw_context/ridge,0.0,0.0,0.0,0,0,3
original,initial_background_trained_readout,cp_hk,uniform_sorted,covid_political,raw_joint/prototype,0.0,0.0,0.0,0,0,3
original,initial_background_trained_readout,cp_hk,uniform_sorted,covid_political,raw_joint/ridge,0.0,0.0,0.0,0,0,3
original,initial_background_trained_readout,cp_hk,uniform_sorted,election2020,M2_post_meta/prototype,-0.033945719401041664,-0.0904541015625,-0.004486083984375,0,3,3
original,initial_background_trained_readout,cp_hk,uniform_sorted,election2020,M2_post_meta/ridge,-0.02813720703125,-0.0888671875,0.0074462890625,1,2,3
original,initial_background_trained_readout,cp_hk,uniform_sorted,election2020,S0_conv_center/prototype,0.0,0.0,0.0,0,0,3
original,initial_background_trained_readout,cp_hk,uniform_sorted,election2020,S0_conv_center/ridge,0.0,0.0,0.0,0,0,3
original,initial_background_trained_readout,cp_hk,uniform_sorted,election2020,S0_pool/prototype,0.0,0.0,0.0,0,0,3
original,initial_background_trained_readout,cp_hk,uniform_sorted,election2020,S0_pool/ridge,0.0,0.0,0.0,0,0,3
original,initial_background_trained_readout,cp_hk,uniform_sorted,election2020,U1_pre_meta/prototype,-0.052103678385416664,-0.100799560546875,-0.018310546875,0,3,3
original,initial_background_trained_readout,cp_hk,uniform_sorted,election2020,U1_pre_meta/ridge,-0.06752522786458333,-0.12445068359375,-0.02337646484375,0,3,3
original,initial_background_trained_readout,cp_hk,uniform_sorted,election2020,final_input/prototype,-0.033945719401041664,-0.0904541015625,-0.004486083984375,0,3,3
original,initial_background_trained_readout,cp_hk,uniform_sorted,election2020,final_input/ridge,-0.02813720703125,-0.0888671875,0.0074462890625,1,2,3
original,initial_background_trained_readout,cp_hk,uniform_sorted,election2020,full_model,0.05426025390625,-0.175537109375,0.17431640625,2,1,3
original,initial_background_trained_readout,cp_hk,uniform_sorted,election2020,raw_center/prototype,0.0,0.0,0.0,0,0,3
original,initial_background_trained_readout,cp_hk,uniform_sorted,election2020,raw_center/ridge,0.0,0.0,0.0,0,0,3
original,initial_background_trained_readout,cp_hk,uniform_sorted,election2020,raw_context/prototype,0.0,0.0,0.0,0,0,3
original,initial_background_trained_readout,cp_hk,uniform_sorted,election2020,raw_context/ridge,0.0,0.0,0.0,0,0,3
original,initial_background_trained_readout,cp_hk,uniform_sorted,election2020,raw_joint/prototype,0.0,0.0,0.0,0,0,3
original,initial_background_trained_readout,cp_hk,uniform_sorted,election2020,raw_joint/ridge,0.0,0.0,0.0,0,0,3
original,initial_background_trained_readout,cp_hk,uniform_sorted,facebook_page_reference,M2_post_meta/prototype,-0.08053270975748698,-0.13054847717285156,-0.049678802490234375,0,3,3
original,initial_background_trained_readout,cp_hk,uniform_sorted,facebook_page_reference,M2_post_meta/ridge,-0.07203483581542969,-0.12336921691894531,-0.04246330261230469,0,3,3
original,initial_background_trained_readout,cp_hk,uniform_sorted,facebook_page_reference,S0_conv_center/prototype,0.0,0.0,0.0,0,0,3
original,initial_background_trained_readout,cp_hk,uniform_sorted,facebook_page_reference,S0_conv_center/ridge,0.0,0.0,0.0,0,0,3
original,initial_background_trained_readout,cp_hk,uniform_sorted,facebook_page_reference,S0_pool/prototype,0.0,0.0,0.0,0,0,3
original,initial_background_trained_readout,cp_hk,uniform_sorted,facebook_page_reference,S0_pool/ridge,0.0,0.0,0.0,0,0,3
original,initial_background_trained_readout,cp_hk,uniform_sorted,facebook_page_reference,U1_pre_meta/prototype,-0.09405136108398438,-0.13648414611816406,-0.04872703552246094,0,3,3
original,initial_background_trained_readout,cp_hk,uniform_sorted,facebook_page_reference,U1_pre_meta/ridge,-0.0950775146484375,-0.13651275634765625,-0.048030853271484375,0,3,3
original,initial_background_trained_readout,cp_hk,uniform_sorted,facebook_page_reference,final_input/prototype,-0.08053270975748698,-0.13054847717285156,-0.049678802490234375,0,3,3
original,initial_background_trained_readout,cp_hk,uniform_sorted,facebook_page_reference,final_input/ridge,-0.07203483581542969,-0.12336921691894531,-0.04246330261230469,0,3,3
original,initial_background_trained_readout,cp_hk,uniform_sorted,facebook_page_reference,full_model,0.0022335052490234375,0.0004177093505859375,0.0053005218505859375,3,0,3
original,initial_background_trained_readout,cp_hk,uniform_sorted,facebook_page_reference,raw_center/prototype,0.0,0.0,0.0,0,0,3
original,initial_background_trained_readout,cp_hk,uniform_sorted,facebook_page_reference,raw_center/ridge,-1.1102230246251565e-16,-1.1102230246251565e-16,-1.1102230246251565e-16,0,3,3
original,initial_background_trained_readout,cp_hk,uniform_sorted,facebook_page_reference,raw_context/prototype,0.0,0.0,0.0,0,0,3
original,initial_background_trained_readout,cp_hk,uniform_sorted,facebook_page_reference,raw_context/ridge,0.0,0.0,0.0,0,0,3
original,initial_background_trained_readout,cp_hk,uniform_sorted,facebook_page_reference,raw_joint/prototype,0.0,0.0,0.0,0,0,3
original,initial_background_trained_readout,cp_hk,uniform_sorted,facebook_page_reference,raw_joint/ridge,-1.1102230246251565e-16,-1.1102230246251565e-16,-1.1102230246251565e-16,0,3,3
original,initial_background_trained_readout,cp_hk,uniform_sorted,twibot20,M2_post_meta/prototype,-0.0036248807553891003,-0.014888975355360157,0.00450642903645837,1,2,3
original,initial_background_trained_readout,cp_hk,uniform_sorted,twibot20,M2_post_meta/ridge,-0.002125068947120982,-0.014204449123806473,0.0066867404513888395,2,1,3
original,initial_background_trained_readout,cp_hk,uniform_sorted,twibot20,S0_conv_center/prototype,0.0,0.0,0.0,0,0,3
original,initial_background_trained_readout,cp_hk,uniform_sorted,twibot20,S0_conv_center/ridge,0.0,0.0,0.0,0,0,3
original,initial_background_trained_readout,cp_hk,uniform_sorted,twibot20,S0_pool/prototype,0.0,0.0,0.0,0,0,3
original,initial_background_trained_readout,cp_hk,uniform_sorted,twibot20,S0_pool/ridge,0.0,0.0,0.0,0,0,3
original,initial_background_trained_readout,cp_hk,uniform_sorted,twibot20,U1_pre_meta/prototype,-0.005889680650499145,-0.016322241889105804,0.001032935248480804,1,2,3
original,initial_background_trained_readout,cp_hk,uniform_sorted,twibot20,U1_pre_meta/ridge,-0.0069027653446904385,-0.018200768364800557,0.0008112589518228797,1,2,3
original,initial_background_trained_readout,cp_hk,uniform_sorted,twibot20,final_input/prototype,-0.0036248807553891003,-0.014888975355360157,0.00450642903645837,1,2,3
original,initial_background_trained_readout,cp_hk,uniform_sorted,twibot20,final_input/ridge,-0.002125068947120982,-0.014204449123806473,0.0066867404513888395,2,1,3
original,initial_background_trained_readout,cp_hk,uniform_sorted,twibot20,full_model,0.10003238254123265,-0.07816272311740446,0.36796548631456166,2,1,3
original,initial_background_trained_readout,cp_hk,uniform_sorted,twibot20,raw_center/prototype,0.0,0.0,0.0,0,0,3
original,initial_background_trained_readout,cp_hk,uniform_sorted,twibot20,raw_center/ridge,0.0,0.0,0.0,0,0,3
original,initial_background_trained_readout,cp_hk,uniform_sorted,twibot20,raw_context/prototype,0.0,0.0,0.0,0,0,3
original,initial_background_trained_readout,cp_hk,uniform_sorted,twibot20,raw_context/ridge,0.0,0.0,0.0,0,0,3
original,initial_background_trained_readout,cp_hk,uniform_sorted,twibot20,raw_joint/prototype,0.0,0.0,0.0,0,0,3
original,initial_background_trained_readout,cp_hk,uniform_sorted,twibot20,raw_joint/ridge,0.0,0.0,0.0,0,0,3
original,initial_background_trained_readout,cp_hk,uniform_sorted,ukr_rus_suspended,M2_post_meta/prototype,0.020548502604166668,0.01519775390625,0.028594970703125,3,0,3
original,initial_background_trained_readout,cp_hk,uniform_sorted,ukr_rus_suspended,M2_post_meta/ridge,0.017628987630208332,0.01287841796875,0.024871826171875,3,0,3
original,initial_background_trained_readout,cp_hk,uniform_sorted,ukr_rus_suspended,S0_conv_center/prototype,0.0,0.0,0.0,0,0,3
original,initial_background_trained_readout,cp_hk,uniform_sorted,ukr_rus_suspended,S0_conv_center/ridge,0.0,0.0,0.0,0,0,3
original,initial_background_trained_readout,cp_hk,uniform_sorted,ukr_rus_suspended,S0_pool/prototype,0.0,0.0,0.0,0,0,3
original,initial_background_trained_readout,cp_hk,uniform_sorted,ukr_rus_suspended,S0_pool/ridge,0.0,0.0,0.0,0,0,3
original,initial_background_trained_readout,cp_hk,uniform_sorted,ukr_rus_suspended,U1_pre_meta/prototype,0.016713460286458332,0.00811767578125,0.022705078125,3,0,3
original,initial_background_trained_readout,cp_hk,uniform_sorted,ukr_rus_suspended,U1_pre_meta/ridge,0.015146891276041666,0.005157470703125,0.02642822265625,3,0,3
original,initial_background_trained_readout,cp_hk,uniform_sorted,ukr_rus_suspended,final_input/prototype,0.020548502604166668,0.01519775390625,0.028594970703125,3,0,3
original,initial_background_trained_readout,cp_hk,uniform_sorted,ukr_rus_suspended,final_input/ridge,0.017628987630208332,0.01287841796875,0.024871826171875,3,0,3
original,initial_background_trained_readout,cp_hk,uniform_sorted,ukr_rus_suspended,full_model,0.023203531901041668,-0.03033447265625,0.061309814453125,2,1,3
original,initial_background_trained_readout,cp_hk,uniform_sorted,ukr_rus_suspended,raw_center/prototype,0.0,0.0,0.0,0,0,3
original,initial_background_trained_readout,cp_hk,uniform_sorted,ukr_rus_suspended,raw_center/ridge,0.0,0.0,0.0,0,0,3
original,initial_background_trained_readout,cp_hk,uniform_sorted,ukr_rus_suspended,raw_context/prototype,0.0,0.0,0.0,0,0,3
original,initial_background_trained_readout,cp_hk,uniform_sorted,ukr_rus_suspended,raw_context/ridge,0.0,0.0,0.0,0,0,3
original,initial_background_trained_readout,cp_hk,uniform_sorted,ukr_rus_suspended,raw_joint/prototype,0.0,0.0,0.0,0,0,3
original,initial_background_trained_readout,cp_hk,uniform_sorted,ukr_rus_suspended,raw_joint/ridge,0.0,0.0,0.0,0,0,3
original,initial_background_trained_readout,ukr_rus,lowest_shuffled,covid_political,M2_post_meta/prototype,-0.02339680989583341,-0.07476354528356488,0.02461101390697329,1,2,3
original,initial_background_trained_readout,ukr_rus,lowest_shuffled,covid_political,M2_post_meta/ridge,-0.020463260603539684,-0.07224725793909137,0.02664043285228601,1,2,3
original,initial_background_trained_readout,ukr_rus,lowest_shuffled,covid_political,S0_conv_center/prototype,0.0,0.0,0.0,0,0,3
original,initial_background_trained_readout,ukr_rus,lowest_shuffled,covid_political,S0_conv_center/ridge,0.0,0.0,0.0,0,0,3
original,initial_background_trained_readout,ukr_rus,lowest_shuffled,covid_political,S0_pool/prototype,0.0,0.0,0.0,0,0,3
original,initial_background_trained_readout,ukr_rus,lowest_shuffled,covid_political,S0_pool/ridge,0.0,0.0,0.0,0,0,3
original,initial_background_trained_readout,ukr_rus,lowest_shuffled,covid_political,U1_pre_meta/prototype,-0.025148273986062824,-0.06984767207392928,0.014769377531828831,1,2,3
original,initial_background_trained_readout,ukr_rus,lowest_shuffled,covid_political,U1_pre_meta/ridge,-0.03468897313247491,-0.07514021131727433,0.0035996613679109,1,2,3
original,initial_background_trained_readout,ukr_rus,lowest_shuffled,covid_political,final_input/prototype,-0.02339680989583341,-0.07476354528356488,0.02461101390697329,1,2,3
original,initial_background_trained_readout,ukr_rus,lowest_shuffled,covid_political,final_input/ridge,-0.020463260603539684,-0.07224725793909137,0.02664043285228601,1,2,3
original,initial_background_trained_readout,ukr_rus,lowest_shuffled,covid_political,full_model,0.08902476746358991,-0.008735939308449014,0.1798194602683738,2,1,3
original,initial_background_trained_readout,ukr_rus,lowest_shuffled,covid_political,raw_center/prototype,0.0,0.0,0.0,0,0,3
original,initial_background_trained_readout,ukr_rus,lowest_shuffled,covid_political,raw_center/ridge,0.0,0.0,0.0,0,0,3
original,initial_background_trained_readout,ukr_rus,lowest_shuffled,covid_political,raw_context/prototype,1.1102230246251565e-16,1.1102230246251565e-16,1.1102230246251565e-16,3,0,3
original,initial_background_trained_readout,ukr_rus,lowest_shuffled,covid_political,raw_context/ridge,0.0,0.0,0.0,0,0,3
original,initial_background_trained_readout,ukr_rus,lowest_shuffled,covid_political,raw_joint/prototype,0.0,0.0,0.0,0,0,3
original,initial_background_trained_readout,ukr_rus,lowest_shuffled,covid_political,raw_joint/ridge,0.0,0.0,0.0,0,0,3
original,initial_background_trained_readout,ukr_rus,lowest_shuffled,election2020,M2_post_meta/prototype,-0.050282796223958336,-0.08966064453125,-0.024993896484375,0,3,3
original,initial_background_trained_readout,ukr_rus,lowest_shuffled,election2020,M2_post_meta/ridge,-0.047078450520833336,-0.089111328125,-0.02203369140625,0,3,3
original,initial_background_trained_readout,ukr_rus,lowest_shuffled,election2020,S0_conv_center/prototype,0.0,0.0,0.0,0,0,3
original,initial_background_trained_readout,ukr_rus,lowest_shuffled,election2020,S0_conv_center/ridge,0.0,0.0,0.0,0,0,3
original,initial_background_trained_readout,ukr_rus,lowest_shuffled,election2020,S0_pool/prototype,0.0,0.0,0.0,0,0,3
original,initial_background_trained_readout,ukr_rus,lowest_shuffled,election2020,S0_pool/ridge,0.0,0.0,0.0,0,0,3
original,initial_background_trained_readout,ukr_rus,lowest_shuffled,election2020,U1_pre_meta/prototype,-0.063262939453125,-0.110260009765625,-0.033447265625,0,3,3
original,initial_background_trained_readout,ukr_rus,lowest_shuffled,election2020,U1_pre_meta/ridge,-0.087493896484375,-0.1329345703125,-0.0576171875,0,3,3
original,initial_background_trained_readout,ukr_rus,lowest_shuffled,election2020,final_input/prototype,-0.050282796223958336,-0.08966064453125,-0.024993896484375,0,3,3
original,initial_background_trained_readout,ukr_rus,lowest_shuffled,election2020,final_input/ridge,-0.047078450520833336,-0.089111328125,-0.02203369140625,0,3,3
original,initial_background_trained_readout,ukr_rus,lowest_shuffled,election2020,full_model,0.17413330078125,0.05810546875,0.27587890625,3,0,3
original,initial_background_trained_readout,ukr_rus,lowest_shuffled,election2020,raw_center/prototype,0.0,0.0,0.0,0,0,3
original,initial_background_trained_readout,ukr_rus,lowest_shuffled,election2020,raw_center/ridge,0.0,0.0,0.0,0,0,3
original,initial_background_trained_readout,ukr_rus,lowest_shuffled,election2020,raw_context/prototype,0.0,0.0,0.0,0,0,3
original,initial_background_trained_readout,ukr_rus,lowest_shuffled,election2020,raw_context/ridge,0.0,0.0,0.0,0,0,3
original,initial_background_trained_readout,ukr_rus,lowest_shuffled,election2020,raw_joint/prototype,0.0,0.0,0.0,0,0,3
original,initial_background_trained_readout,ukr_rus,lowest_shuffled,election2020,raw_joint/ridge,0.0,0.0,0.0,0,0,3
original,initial_background_trained_readout,ukr_rus,lowest_shuffled,facebook_page_reference,M2_post_meta/prototype,-0.019954681396484375,-0.05109977722167969,0.011541366577148438,1,2,3
original,initial_background_trained_readout,ukr_rus,lowest_shuffled,facebook_page_reference,M2_post_meta/ridge,-0.011877695719401041,-0.043262481689453125,0.020998001098632812,1,2,3
original,initial_background_trained_readout,ukr_rus,lowest_shuffled,facebook_page_reference,S0_conv_center/prototype,0.0,0.0,0.0,0,0,3
original,initial_background_trained_readout,ukr_rus,lowest_shuffled,facebook_page_reference,S0_conv_center/ridge,0.0,0.0,0.0,0,0,3
original,initial_background_trained_readout,ukr_rus,lowest_shuffled,facebook_page_reference,S0_pool/prototype,0.0,0.0,0.0,0,0,3
original,initial_background_trained_readout,ukr_rus,lowest_shuffled,facebook_page_reference,S0_pool/ridge,0.0,0.0,0.0,0,0,3
original,initial_background_trained_readout,ukr_rus,lowest_shuffled,facebook_page_reference,U1_pre_meta/prototype,-0.031438191731770836,-0.05765724182128906,-0.014629364013671875,0,3,3
original,initial_background_trained_readout,ukr_rus,lowest_shuffled,facebook_page_reference,U1_pre_meta/ridge,-0.03556505839029948,-0.06048393249511719,-0.022489547729492188,0,3,3
original,initial_background_trained_readout,ukr_rus,lowest_shuffled,facebook_page_reference,final_input/prototype,-0.019954681396484375,-0.05109977722167969,0.011541366577148438,1,2,3
original,initial_background_trained_readout,ukr_rus,lowest_shuffled,facebook_page_reference,final_input/ridge,-0.011877695719401041,-0.043262481689453125,0.020998001098632812,1,2,3
original,initial_background_trained_readout,ukr_rus,lowest_shuffled,facebook_page_reference,full_model,0.002368927001953125,-0.003955841064453125,0.0055751800537109375,2,1,3
original,initial_background_trained_readout,ukr_rus,lowest_shuffled,facebook_page_reference,raw_center/prototype,0.0,0.0,0.0,0,0,3
original,initial_background_trained_readout,ukr_rus,lowest_shuffled,facebook_page_reference,raw_center/ridge,-1.1102230246251565e-16,-1.1102230246251565e-16,-1.1102230246251565e-16,0,3,3
original,initial_background_trained_readout,ukr_rus,lowest_shuffled,facebook_page_reference,raw_context/prototype,0.0,0.0,0.0,0,0,3
original,initial_background_trained_readout,ukr_rus,lowest_shuffled,facebook_page_reference,raw_context/ridge,0.0,0.0,0.0,0,0,3
original,initial_background_trained_readout,ukr_rus,lowest_shuffled,facebook_page_reference,raw_joint/prototype,0.0,0.0,0.0,0,0,3
original,initial_background_trained_readout,ukr_rus,lowest_shuffled,facebook_page_reference,raw_joint/ridge,-1.1102230246251565e-16,-1.1102230246251565e-16,-1.1102230246251565e-16,0,3,3
original,initial_background_trained_readout,ukr_rus,lowest_shuffled,twibot20,M2_post_meta/prototype,-0.004338723641854725,-0.012298160129123215,0.0017511579725477677,1,2,3
original,initial_background_trained_readout,ukr_rus,lowest_shuffled,twibot20,M2_post_meta/ridge,-0.003548586810076748,-0.011576546563042633,0.0022619035508897323,1,2,3
original,initial_background_trained_readout,ukr_rus,lowest_shuffled,twibot20,S0_conv_center/prototype,0.0,0.0,0.0,0,0,3
original,initial_background_trained_readout,ukr_rus,lowest_shuffled,twibot20,S0_conv_center/ridge,0.0,0.0,0.0,0,0,3
original,initial_background_trained_readout,ukr_rus,lowest_shuffled,twibot20,S0_pool/prototype,0.0,0.0,0.0,0,0,3
original,initial_background_trained_readout,ukr_rus,lowest_shuffled,twibot20,S0_pool/ridge,0.0,0.0,0.0,0,0,3
original,initial_background_trained_readout,ukr_rus,lowest_shuffled,twibot20,U1_pre_meta/prototype,-0.006500738638418713,-0.01311238606770826,-0.0027927822536892855,0,3,3
original,initial_background_trained_readout,ukr_rus,lowest_shuffled,twibot20,U1_pre_meta/ridge,-0.008857373838071577,-0.015107472737630467,-0.005634307861328125,0,3,3
original,initial_background_trained_readout,ukr_rus,lowest_shuffled,twibot20,final_input/prototype,-0.004338723641854725,-0.012298160129123215,0.0017511579725477677,1,2,3
original,initial_background_trained_readout,ukr_rus,lowest_shuffled,twibot20,final_input/ridge,-0.003548586810076748,-0.011576546563042633,0.0022619035508897323,1,2,3
original,initial_background_trained_readout,ukr_rus,lowest_shuffled,twibot20,full_model,0.0413067429154008,-0.01425425211588538,0.09382099575466585,2,1,3
original,initial_background_trained_readout,ukr_rus,lowest_shuffled,twibot20,raw_center/prototype,0.0,0.0,0.0,0,0,3
original,initial_background_trained_readout,ukr_rus,lowest_shuffled,twibot20,raw_center/ridge,0.0,0.0,0.0,0,0,3
original,initial_background_trained_readout,ukr_rus,lowest_shuffled,twibot20,raw_context/prototype,0.0,0.0,0.0,0,0,3
original,initial_background_trained_readout,ukr_rus,lowest_shuffled,twibot20,raw_context/ridge,0.0,0.0,0.0,0,0,3
original,initial_background_trained_readout,ukr_rus,lowest_shuffled,twibot20,raw_joint/prototype,0.0,0.0,0.0,0,0,3
original,initial_background_trained_readout,ukr_rus,lowest_shuffled,twibot20,raw_joint/ridge,0.0,0.0,0.0,0,0,3
original,initial_background_trained_readout,ukr_rus,lowest_shuffled,ukr_rus_suspended,M2_post_meta/prototype,0.010477701822916666,-0.0089111328125,0.02520751953125,2,1,3
original,initial_background_trained_readout,ukr_rus,lowest_shuffled,ukr_rus_suspended,M2_post_meta/ridge,0.008799235026041666,-0.00933837890625,0.020782470703125,2,1,3
original,initial_background_trained_readout,ukr_rus,lowest_shuffled,ukr_rus_suspended,S0_conv_center/prototype,0.0,0.0,0.0,0,0,3
original,initial_background_trained_readout,ukr_rus,lowest_shuffled,ukr_rus_suspended,S0_conv_center/ridge,0.0,0.0,0.0,0,0,3
original,initial_background_trained_readout,ukr_rus,lowest_shuffled,ukr_rus_suspended,S0_pool/prototype,0.0,0.0,0.0,0,0,3
original,initial_background_trained_readout,ukr_rus,lowest_shuffled,ukr_rus_suspended,S0_pool/ridge,0.0,0.0,0.0,0,0,3
original,initial_background_trained_readout,ukr_rus,lowest_shuffled,ukr_rus_suspended,U1_pre_meta/prototype,0.0013936360677083333,-0.00823974609375,0.00909423828125,2,1,3
original,initial_background_trained_readout,ukr_rus,lowest_shuffled,ukr_rus_suspended,U1_pre_meta/ridge,0.0005594889322916666,-0.00335693359375,0.00616455078125,1,2,3
original,initial_background_trained_readout,ukr_rus,lowest_shuffled,ukr_rus_suspended,final_input/prototype,0.010477701822916666,-0.0089111328125,0.02520751953125,2,1,3
original,initial_background_trained_readout,ukr_rus,lowest_shuffled,ukr_rus_suspended,final_input/ridge,0.008799235026041666,-0.00933837890625,0.020782470703125,2,1,3
original,initial_background_trained_readout,ukr_rus,lowest_shuffled,ukr_rus_suspended,full_model,-0.004079182942708333,-0.014129638671875,0.002685546875,1,2,3
original,initial_background_trained_readout,ukr_rus,lowest_shuffled,ukr_rus_suspended,raw_center/prototype,0.0,0.0,0.0,0,0,3
original,initial_background_trained_readout,ukr_rus,lowest_shuffled,ukr_rus_suspended,raw_center/ridge,0.0,0.0,0.0,0,0,3
original,initial_background_trained_readout,ukr_rus,lowest_shuffled,ukr_rus_suspended,raw_context/prototype,0.0,0.0,0.0,0,0,3
original,initial_background_trained_readout,ukr_rus,lowest_shuffled,ukr_rus_suspended,raw_context/ridge,0.0,0.0,0.0,0,0,3
original,initial_background_trained_readout,ukr_rus,lowest_shuffled,ukr_rus_suspended,raw_joint/prototype,0.0,0.0,0.0,0,0,3
original,initial_background_trained_readout,ukr_rus,lowest_shuffled,ukr_rus_suspended,raw_joint/ridge,0.0,0.0,0.0,0,0,3
original,initial_background_trained_readout,ukr_rus,lowest_sorted,covid_political,M2_post_meta/prototype,0.057820638020833294,0.02462203414351838,0.08686659071180558,3,0,3
original,initial_background_trained_readout,ukr_rus,lowest_sorted,covid_political,M2_post_meta/ridge,0.061756840458622654,0.0280012907805266,0.08967081705729163,3,0,3
original,initial_background_trained_readout,ukr_rus,lowest_sorted,covid_political,S0_conv_center/prototype,0.0,0.0,0.0,0,0,3
original,initial_background_trained_readout,ukr_rus,lowest_sorted,covid_political,S0_conv_center/ridge,0.0,0.0,0.0,0,0,3
original,initial_background_trained_readout,ukr_rus,lowest_sorted,covid_political,S0_pool/prototype,0.0,0.0,0.0,0,0,3
original,initial_background_trained_readout,ukr_rus,lowest_sorted,covid_political,S0_pool/ridge,0.0,0.0,0.0,0,0,3
original,initial_background_trained_readout,ukr_rus,lowest_sorted,covid_political,U1_pre_meta/prototype,0.05710074342327354,0.02380625406901027,0.08354554352936927,3,0,3
original,initial_background_trained_readout,ukr_rus,lowest_sorted,covid_political,U1_pre_meta/ridge,0.04954321590470675,0.01064611364293977,0.07870878996672437,3,0,3
original,initial_background_trained_readout,ukr_rus,lowest_sorted,covid_political,final_input/prototype,0.057820638020833294,0.02462203414351838,0.08686659071180558,3,0,3
original,initial_background_trained_readout,ukr_rus,lowest_sorted,covid_political,final_input/ridge,0.061756840458622654,0.0280012907805266,0.08967081705729163,3,0,3
original,initial_background_trained_readout,ukr_rus,lowest_sorted,covid_political,full_model,-0.02530999831211418,-0.2376895480685763,0.17851794207537608,1,2,3
original,initial_background_trained_readout,ukr_rus,lowest_sorted,covid_political,raw_center/prototype,0.0,0.0,0.0,0,0,3
original,initial_background_trained_readout,ukr_rus,lowest_sorted,covid_political,raw_center/ridge,0.0,0.0,0.0,0,0,3
original,initial_background_trained_readout,ukr_rus,lowest_sorted,covid_political,raw_context/prototype,1.1102230246251565e-16,1.1102230246251565e-16,1.1102230246251565e-16,3,0,3
original,initial_background_trained_readout,ukr_rus,lowest_sorted,covid_political,raw_context/ridge,0.0,0.0,0.0,0,0,3
original,initial_background_trained_readout,ukr_rus,lowest_sorted,covid_political,raw_joint/prototype,0.0,0.0,0.0,0,0,3
original,initial_background_trained_readout,ukr_rus,lowest_sorted,covid_political,raw_joint/ridge,0.0,0.0,0.0,0,0,3
original,initial_background_trained_readout,ukr_rus,lowest_sorted,election2020,M2_post_meta/prototype,0.024505615234375,-0.023162841796875,0.066162109375,2,1,3
original,initial_background_trained_readout,ukr_rus,lowest_sorted,election2020,M2_post_meta/ridge,0.030354817708333332,-0.02044677734375,0.0714111328125,2,1,3
original,initial_background_trained_readout,ukr_rus,lowest_sorted,election2020,S0_conv_center/prototype,0.0,0.0,0.0,0,0,3
original,initial_background_trained_readout,ukr_rus,lowest_sorted,election2020,S0_conv_center/ridge,0.0,0.0,0.0,0,0,3
original,initial_background_trained_readout,ukr_rus,lowest_sorted,election2020,S0_pool/prototype,0.0,0.0,0.0,0,0,3
original,initial_background_trained_readout,ukr_rus,lowest_sorted,election2020,S0_pool/ridge,0.0,0.0,0.0,0,0,3
original,initial_background_trained_readout,ukr_rus,lowest_sorted,election2020,U1_pre_meta/prototype,0.012339274088541666,-0.0411376953125,0.042510986328125,2,1,3
original,initial_background_trained_readout,ukr_rus,lowest_sorted,election2020,U1_pre_meta/ridge,-0.008544921875,-0.0716552734375,0.0235595703125,2,1,3
original,initial_background_trained_readout,ukr_rus,lowest_sorted,election2020,final_input/prototype,0.024505615234375,-0.023162841796875,0.066162109375,2,1,3
original,initial_background_trained_readout,ukr_rus,lowest_sorted,election2020,final_input/ridge,0.030354817708333332,-0.02044677734375,0.0714111328125,2,1,3
original,initial_background_trained_readout,ukr_rus,lowest_sorted,election2020,full_model,0.09033203125,-0.12982177734375,0.28472900390625,2,1,3
original,initial_background_trained_readout,ukr_rus,lowest_sorted,election2020,raw_center/prototype,0.0,0.0,0.0,0,0,3
original,initial_background_trained_readout,ukr_rus,lowest_sorted,election2020,raw_center/ridge,0.0,0.0,0.0,0,0,3
original,initial_background_trained_readout,ukr_rus,lowest_sorted,election2020,raw_context/prototype,0.0,0.0,0.0,0,0,3
original,initial_background_trained_readout,ukr_rus,lowest_sorted,election2020,raw_context/ridge,0.0,0.0,0.0,0,0,3
original,initial_background_trained_readout,ukr_rus,lowest_sorted,election2020,raw_joint/prototype,0.0,0.0,0.0,0,0,3
original,initial_background_trained_readout,ukr_rus,lowest_sorted,election2020,raw_joint/ridge,0.0,0.0,0.0,0,0,3
original,initial_background_trained_readout,ukr_rus,lowest_sorted,facebook_page_reference,M2_post_meta/prototype,-0.028687159220377605,-0.06474876403808594,0.00792694091796875,1,2,3
original,initial_background_trained_readout,ukr_rus,lowest_sorted,facebook_page_reference,M2_post_meta/ridge,-0.02006085713704427,-0.05667877197265625,0.018236160278320312,1,2,3
original,initial_background_trained_readout,ukr_rus,lowest_sorted,facebook_page_reference,S0_conv_center/prototype,0.0,0.0,0.0,0,0,3
original,initial_background_trained_readout,ukr_rus,lowest_sorted,facebook_page_reference,S0_conv_center/ridge,0.0,0.0,0.0,0,0,3
original,initial_background_trained_readout,ukr_rus,lowest_sorted,facebook_page_reference,S0_pool/prototype,0.0,0.0,0.0,0,0,3
original,initial_background_trained_readout,ukr_rus,lowest_sorted,facebook_page_reference,S0_pool/ridge,0.0,0.0,0.0,0,0,3
original,initial_background_trained_readout,ukr_rus,lowest_sorted,facebook_page_reference,U1_pre_meta/prototype,-0.04246648152669271,-0.06903839111328125,-0.026123046875,0,3,3
original,initial_background_trained_readout,ukr_rus,lowest_sorted,facebook_page_reference,U1_pre_meta/ridge,-0.046254475911458336,-0.07116889953613281,-0.03257560729980469,0,3,3
original,initial_background_trained_readout,ukr_rus,lowest_sorted,facebook_page_reference,final_input/prototype,-0.028687159220377605,-0.06474876403808594,0.00792694091796875,1,2,3
original,initial_background_trained_readout,ukr_rus,lowest_sorted,facebook_page_reference,final_input/ridge,-0.02006085713704427,-0.05667877197265625,0.018236160278320312,1,2,3
original,initial_background_trained_readout,ukr_rus,lowest_sorted,facebook_page_reference,full_model,0.0027828216552734375,-0.0063228607177734375,0.009382247924804688,2,1,3
original,initial_background_trained_readout,ukr_rus,lowest_sorted,facebook_page_reference,raw_center/prototype,0.0,0.0,0.0,0,0,3
original,initial_background_trained_readout,ukr_rus,lowest_sorted,facebook_page_reference,raw_center/ridge,-1.1102230246251565e-16,-1.1102230246251565e-16,-1.1102230246251565e-16,0,3,3
original,initial_background_trained_readout,ukr_rus,lowest_sorted,facebook_page_reference,raw_context/prototype,0.0,0.0,0.0,0,0,3
original,initial_background_trained_readout,ukr_rus,lowest_sorted,facebook_page_reference,raw_context/ridge,0.0,0.0,0.0,0,0,3
original,initial_background_trained_readout,ukr_rus,lowest_sorted,facebook_page_reference,raw_joint/prototype,0.0,0.0,0.0,0,0,3
original,initial_background_trained_readout,ukr_rus,lowest_sorted,facebook_page_reference,raw_joint/ridge,-1.1102230246251565e-16,-1.1102230246251565e-16,-1.1102230246251565e-16,0,3,3
original,initial_background_trained_readout,ukr_rus,lowest_sorted,twibot20,M2_post_meta/prototype,-0.004010518391927047,-0.00863054063585067,-0.0007741716172959823,0,3,3
original,initial_background_trained_readout,ukr_rus,lowest_sorted,twibot20,M2_post_meta/ridge,-0.003335246333369568,-0.00854746500651049,0.0004225836859809151,1,2,3
original,initial_background_trained_readout,ukr_rus,lowest_sorted,twibot20,S0_conv_center/prototype,0.0,0.0,0.0,0,0,3
original,initial_background_trained_readout,ukr_rus,lowest_sorted,twibot20,S0_conv_center/ridge,0.0,0.0,0.0,0,0,3
original,initial_background_trained_readout,ukr_rus,lowest_sorted,twibot20,S0_pool/prototype,0.0,0.0,0.0,0,0,3
original,initial_background_trained_readout,ukr_rus,lowest_sorted,twibot20,S0_pool/ridge,0.0,0.0,0.0,0,0,3
original,initial_background_trained_readout,ukr_rus,lowest_sorted,twibot20,U1_pre_meta/prototype,-0.005194558037651971,-0.009785546196831585,-0.001348071628146874,0,3,3
original,initial_background_trained_readout,ukr_rus,lowest_sorted,twibot20,U1_pre_meta/ridge,-0.0074840828224465765,-0.012446933322482812,-0.002926508585612053,0,3,3
original,initial_background_trained_readout,ukr_rus,lowest_sorted,twibot20,final_input/prototype,-0.004010518391927047,-0.00863054063585067,-0.0007741716172959823,0,3,3
original,initial_background_trained_readout,ukr_rus,lowest_sorted,twibot20,final_input/ridge,-0.003335246333369568,-0.00854746500651049,0.0004225836859809151,1,2,3
original,initial_background_trained_readout,ukr_rus,lowest_sorted,twibot20,full_model,0.043525625158239344,-0.018224504258897545,0.1370896233452692,2,1,3
original,initial_background_trained_readout,ukr_rus,lowest_sorted,twibot20,raw_center/prototype,0.0,0.0,0.0,0,0,3
original,initial_background_trained_readout,ukr_rus,lowest_sorted,twibot20,raw_center/ridge,0.0,0.0,0.0,0,0,3
original,initial_background_trained_readout,ukr_rus,lowest_sorted,twibot20,raw_context/prototype,0.0,0.0,0.0,0,0,3
original,initial_background_trained_readout,ukr_rus,lowest_sorted,twibot20,raw_context/ridge,0.0,0.0,0.0,0,0,3
original,initial_background_trained_readout,ukr_rus,lowest_sorted,twibot20,raw_joint/prototype,0.0,0.0,0.0,0,0,3
original,initial_background_trained_readout,ukr_rus,lowest_sorted,twibot20,raw_joint/ridge,0.0,0.0,0.0,0,0,3
original,initial_background_trained_readout,ukr_rus,lowest_sorted,ukr_rus_suspended,M2_post_meta/prototype,0.009165445963541666,-0.008209228515625,0.03448486328125,2,1,3
original,initial_background_trained_readout,ukr_rus,lowest_sorted,ukr_rus_suspended,M2_post_meta/ridge,0.007965087890625,-0.00616455078125,0.03021240234375,1,2,3
original,initial_background_trained_readout,ukr_rus,lowest_sorted,ukr_rus_suspended,S0_conv_center/prototype,0.0,0.0,0.0,0,0,3
original,initial_background_trained_readout,ukr_rus,lowest_sorted,ukr_rus_suspended,S0_conv_center/ridge,0.0,0.0,0.0,0,0,3
original,initial_background_trained_readout,ukr_rus,lowest_sorted,ukr_rus_suspended,S0_pool/prototype,0.0,0.0,0.0,0,0,3
original,initial_background_trained_readout,ukr_rus,lowest_sorted,ukr_rus_suspended,S0_pool/ridge,0.0,0.0,0.0,0,0,3
original,initial_background_trained_readout,ukr_rus,lowest_sorted,ukr_rus_suspended,U1_pre_meta/prototype,-0.001983642578125,-0.021148681640625,0.017578125,1,2,3
original,initial_background_trained_readout,ukr_rus,lowest_sorted,ukr_rus_suspended,U1_pre_meta/ridge,-0.0021260579427083335,-0.025146484375,0.014007568359375,2,1,3
original,initial_background_trained_readout,ukr_rus,lowest_sorted,ukr_rus_suspended,final_input/prototype,0.009165445963541666,-0.008209228515625,0.03448486328125,2,1,3
original,initial_background_trained_readout,ukr_rus,lowest_sorted,ukr_rus_suspended,final_input/ridge,0.007965087890625,-0.00616455078125,0.03021240234375,1,2,3
original,initial_background_trained_readout,ukr_rus,lowest_sorted,ukr_rus_suspended,full_model,0.004160563151041667,-0.03875732421875,0.044647216796875,2,1,3
original,initial_background_trained_readout,ukr_rus,lowest_sorted,ukr_rus_suspended,raw_center/prototype,0.0,0.0,0.0,0,0,3
original,initial_background_trained_readout,ukr_rus,lowest_sorted,ukr_rus_suspended,raw_center/ridge,0.0,0.0,0.0,0,0,3
original,initial_background_trained_readout,ukr_rus,lowest_sorted,ukr_rus_suspended,raw_context/prototype,0.0,0.0,0.0,0,0,3
original,initial_background_trained_readout,ukr_rus,lowest_sorted,ukr_rus_suspended,raw_context/ridge,0.0,0.0,0.0,0,0,3
original,initial_background_trained_readout,ukr_rus,lowest_sorted,ukr_rus_suspended,raw_joint/prototype,0.0,0.0,0.0,0,0,3
original,initial_background_trained_readout,ukr_rus,lowest_sorted,ukr_rus_suspended,raw_joint/ridge,0.0,0.0,0.0,0,0,3
original,initial_background_trained_readout,ukr_rus,uniform_shuffled,covid_political,M2_post_meta/prototype,0.028143611955054066,0.01837638572410305,0.04164886474609375,3,0,3
original,initial_background_trained_readout,ukr_rus,uniform_shuffled,covid_political,M2_post_meta/ridge,0.030234725387008148,0.02021902578848389,0.0442600956669561,3,0,3
original,initial_background_trained_readout,ukr_rus,uniform_shuffled,covid_political,S0_conv_center/prototype,0.0,0.0,0.0,0,0,3
original,initial_background_trained_readout,ukr_rus,uniform_shuffled,covid_political,S0_conv_center/ridge,0.0,0.0,0.0,0,0,3
original,initial_background_trained_readout,ukr_rus,uniform_shuffled,covid_political,S0_pool/prototype,0.0,0.0,0.0,0,0,3
original,initial_background_trained_readout,ukr_rus,uniform_shuffled,covid_political,S0_pool/ridge,0.0,0.0,0.0,0,0,3
original,initial_background_trained_readout,ukr_rus,uniform_shuffled,covid_political,U1_pre_meta/prototype,0.025531344943576412,0.01455208107277206,0.03632863362630212,3,0,3
original,initial_background_trained_readout,ukr_rus,uniform_shuffled,covid_political,U1_pre_meta/ridge,0.014760806236737997,0.00856865776909721,0.02534823947482634,3,0,3
original,initial_background_trained_readout,ukr_rus,uniform_shuffled,covid_political,final_input/prototype,0.028143611955054066,0.01837638572410305,0.04164886474609375,3,0,3
original,initial_background_trained_readout,ukr_rus,uniform_shuffled,covid_political,final_input/ridge,0.030234725387008148,0.02021902578848389,0.0442600956669561,3,0,3
original,initial_background_trained_readout,ukr_rus,uniform_shuffled,covid_political,full_model,0.11878251440731095,-0.09748275191695599,0.26520001446759256,2,1,3
original,initial_background_trained_readout,ukr_rus,uniform_shuffled,covid_political,raw_center/prototype,0.0,0.0,0.0,0,0,3
original,initial_background_trained_readout,ukr_rus,uniform_shuffled,covid_political,raw_center/ridge,0.0,0.0,0.0,0,0,3
original,initial_background_trained_readout,ukr_rus,uniform_shuffled,covid_political,raw_context/prototype,1.1102230246251565e-16,1.1102230246251565e-16,1.1102230246251565e-16,3,0,3
original,initial_background_trained_readout,ukr_rus,uniform_shuffled,covid_political,raw_context/ridge,0.0,0.0,0.0,0,0,3
original,initial_background_trained_readout,ukr_rus,uniform_shuffled,covid_political,raw_joint/prototype,0.0,0.0,0.0,0,0,3
original,initial_background_trained_readout,ukr_rus,uniform_shuffled,covid_political,raw_joint/ridge,0.0,0.0,0.0,0,0,3
original,initial_background_trained_readout,ukr_rus,uniform_shuffled,election2020,M2_post_meta/prototype,-0.005096435546875,-0.0164794921875,0.007110595703125,1,2,3
original,initial_background_trained_readout,ukr_rus,uniform_shuffled,election2020,M2_post_meta/ridge,-0.0005900065104166666,-0.0120849609375,0.01263427734375,1,2,3
original,initial_background_trained_readout,ukr_rus,uniform_shuffled,election2020,S0_conv_center/prototype,0.0,0.0,0.0,0,0,3
original,initial_background_trained_readout,ukr_rus,uniform_shuffled,election2020,S0_conv_center/ridge,0.0,0.0,0.0,0,0,3
original,initial_background_trained_readout,ukr_rus,uniform_shuffled,election2020,S0_pool/prototype,0.0,0.0,0.0,0,0,3
original,initial_background_trained_readout,ukr_rus,uniform_shuffled,election2020,S0_pool/ridge,0.0,0.0,0.0,0,0,3
original,initial_background_trained_readout,ukr_rus,uniform_shuffled,election2020,U1_pre_meta/prototype,-0.013387044270833334,-0.035247802734375,0.0042724609375,1,2,3
original,initial_background_trained_readout,ukr_rus,uniform_shuffled,election2020,U1_pre_meta/ridge,-0.036458333333333336,-0.05462646484375,-0.02166748046875,0,3,3
original,initial_background_trained_readout,ukr_rus,uniform_shuffled,election2020,final_input/prototype,-0.005096435546875,-0.0164794921875,0.007110595703125,1,2,3
original,initial_background_trained_readout,ukr_rus,uniform_shuffled,election2020,final_input/ridge,-0.0005900065104166666,-0.0120849609375,0.01263427734375,1,2,3
original,initial_background_trained_readout,ukr_rus,uniform_shuffled,election2020,full_model,0.1942138671875,0.0677490234375,0.41070556640625,3,0,3
original,initial_background_trained_readout,ukr_rus,uniform_shuffled,election2020,raw_center/prototype,0.0,0.0,0.0,0,0,3
original,initial_background_trained_readout,ukr_rus,uniform_shuffled,election2020,raw_center/ridge,0.0,0.0,0.0,0,0,3
original,initial_background_trained_readout,ukr_rus,uniform_shuffled,election2020,raw_context/prototype,0.0,0.0,0.0,0,0,3
original,initial_background_trained_readout,ukr_rus,uniform_shuffled,election2020,raw_context/ridge,0.0,0.0,0.0,0,0,3
original,initial_background_trained_readout,ukr_rus,uniform_shuffled,election2020,raw_joint/prototype,0.0,0.0,0.0,0,0,3
original,initial_background_trained_readout,ukr_rus,uniform_shuffled,election2020,raw_joint/ridge,0.0,0.0,0.0,0,0,3
original,initial_background_trained_readout,ukr_rus,uniform_shuffled,facebook_page_reference,M2_post_meta/prototype,-0.030942281087239582,-0.04134178161621094,-0.016057968139648438,0,3,3
original,initial_background_trained_readout,ukr_rus,uniform_shuffled,facebook_page_reference,M2_post_meta/ridge,-0.022488911946614582,-0.03323554992675781,-0.007045745849609375,0,3,3
original,initial_background_trained_readout,ukr_rus,uniform_shuffled,facebook_page_reference,S0_conv_center/prototype,0.0,0.0,0.0,0,0,3
original,initial_background_trained_readout,ukr_rus,uniform_shuffled,facebook_page_reference,S0_conv_center/ridge,0.0,0.0,0.0,0,0,3
original,initial_background_trained_readout,ukr_rus,uniform_shuffled,facebook_page_reference,S0_pool/prototype,0.0,0.0,0.0,0,0,3
original,initial_background_trained_readout,ukr_rus,uniform_shuffled,facebook_page_reference,S0_pool/ridge,0.0,0.0,0.0,0,0,3
original,initial_background_trained_readout,ukr_rus,uniform_shuffled,facebook_page_reference,U1_pre_meta/prototype,-0.0410149892171224,-0.044727325439453125,-0.03642845153808594,0,3,3
original,initial_background_trained_readout,ukr_rus,uniform_shuffled,facebook_page_reference,U1_pre_meta/ridge,-0.04570325215657552,-0.047992706298828125,-0.04119873046875,0,3,3
original,initial_background_trained_readout,ukr_rus,uniform_shuffled,facebook_page_reference,final_input/prototype,-0.030942281087239582,-0.04134178161621094,-0.016057968139648438,0,3,3
original,initial_background_trained_readout,ukr_rus,uniform_shuffled,facebook_page_reference,final_input/ridge,-0.022488911946614582,-0.03323554992675781,-0.007045745849609375,0,3,3
original,initial_background_trained_readout,ukr_rus,uniform_shuffled,facebook_page_reference,full_model,0.0032971700032552085,0.0019168853759765625,0.0056591033935546875,3,0,3
original,initial_background_trained_readout,ukr_rus,uniform_shuffled,facebook_page_reference,raw_center/prototype,0.0,0.0,0.0,0,0,3
original,initial_background_trained_readout,ukr_rus,uniform_shuffled,facebook_page_reference,raw_center/ridge,-1.1102230246251565e-16,-1.1102230246251565e-16,-1.1102230246251565e-16,0,3,3
original,initial_background_trained_readout,ukr_rus,uniform_shuffled,facebook_page_reference,raw_context/prototype,0.0,0.0,0.0,0,0,3
original,initial_background_trained_readout,ukr_rus,uniform_shuffled,facebook_page_reference,raw_context/ridge,0.0,0.0,0.0,0,0,3
original,initial_background_trained_readout,ukr_rus,uniform_shuffled,facebook_page_reference,raw_joint/prototype,0.0,0.0,0.0,0,0,3
original,initial_background_trained_readout,ukr_rus,uniform_shuffled,facebook_page_reference,raw_joint/ridge,-1.1102230246251565e-16,-1.1102230246251565e-16,-1.1102230246251565e-16,0,3,3
original,initial_background_trained_readout,ukr_rus,uniform_shuffled,twibot20,M2_post_meta/prototype,-0.006393079404477679,-0.015379375881618862,0.003038194444444531,1,2,3
original,initial_background_trained_readout,ukr_rus,uniform_shuffled,twibot20,M2_post_meta/ridge,-0.005732218424479203,-0.01490444607204866,0.003926171196831585,1,2,3
original,initial_background_trained_readout,ukr_rus,uniform_shuffled,twibot20,S0_conv_center/prototype,0.0,0.0,0.0,0,0,3
original,initial_background_trained_readout,ukr_rus,uniform_shuffled,twibot20,S0_conv_center/ridge,0.0,0.0,0.0,0,0,3
original,initial_background_trained_readout,ukr_rus,uniform_shuffled,twibot20,S0_pool/prototype,0.0,0.0,0.0,0,0,3
original,initial_background_trained_readout,ukr_rus,uniform_shuffled,twibot20,S0_pool/ridge,0.0,0.0,0.0,0,0,3
original,initial_background_trained_readout,ukr_rus,uniform_shuffled,twibot20,U1_pre_meta/prototype,-0.006157627812138355,-0.013955222235785492,0.003223419189453014,1,2,3
original,initial_background_trained_readout,ukr_rus,uniform_shuffled,twibot20,U1_pre_meta/ridge,-0.00863449661820026,-0.01588927374945759,0.0005499521891275672,1,2,3
original,initial_background_trained_readout,ukr_rus,uniform_shuffled,twibot20,final_input/prototype,-0.006393079404477679,-0.015379375881618862,0.003038194444444531,1,2,3
original,initial_background_trained_readout,ukr_rus,uniform_shuffled,twibot20,final_input/ridge,-0.005732218424479203,-0.01490444607204866,0.003926171196831585,1,2,3
original,initial_background_trained_readout,ukr_rus,uniform_shuffled,twibot20,full_model,-0.07535107930501304,-0.16723505655924487,-0.02654944525824654,0,3,3
original,initial_background_trained_readout,ukr_rus,uniform_shuffled,twibot20,raw_center/prototype,0.0,0.0,0.0,0,0,3
original,initial_background_trained_readout,ukr_rus,uniform_shuffled,twibot20,raw_center/ridge,0.0,0.0,0.0,0,0,3
original,initial_background_trained_readout,ukr_rus,uniform_shuffled,twibot20,raw_context/prototype,0.0,0.0,0.0,0,0,3
original,initial_background_trained_readout,ukr_rus,uniform_shuffled,twibot20,raw_context/ridge,0.0,0.0,0.0,0,0,3
original,initial_background_trained_readout,ukr_rus,uniform_shuffled,twibot20,raw_joint/prototype,0.0,0.0,0.0,0,0,3
original,initial_background_trained_readout,ukr_rus,uniform_shuffled,twibot20,raw_joint/ridge,0.0,0.0,0.0,0,0,3
original,initial_background_trained_readout,ukr_rus,uniform_shuffled,ukr_rus_suspended,M2_post_meta/prototype,0.007405598958333333,9.1552734375e-05,0.019805908203125,3,0,3
original,initial_background_trained_readout,ukr_rus,uniform_shuffled,ukr_rus_suspended,M2_post_meta/ridge,0.004831949869791667,-0.001251220703125,0.0150146484375,2,1,3
original,initial_background_trained_readout,ukr_rus,uniform_shuffled,ukr_rus_suspended,S0_conv_center/prototype,0.0,0.0,0.0,0,0,3
original,initial_background_trained_readout,ukr_rus,uniform_shuffled,ukr_rus_suspended,S0_conv_center/ridge,0.0,0.0,0.0,0,0,3
original,initial_background_trained_readout,ukr_rus,uniform_shuffled,ukr_rus_suspended,S0_pool/prototype,0.0,0.0,0.0,0,0,3
original,initial_background_trained_readout,ukr_rus,uniform_shuffled,ukr_rus_suspended,S0_pool/ridge,0.0,0.0,0.0,0,0,3
original,initial_background_trained_readout,ukr_rus,uniform_shuffled,ukr_rus_suspended,U1_pre_meta/prototype,0.00128173828125,-0.009735107421875,0.00836181640625,2,1,3
original,initial_background_trained_readout,ukr_rus,uniform_shuffled,ukr_rus_suspended,U1_pre_meta/ridge,0.001190185546875,-0.01275634765625,0.0142822265625,2,1,3
original,initial_background_trained_readout,ukr_rus,uniform_shuffled,ukr_rus_suspended,final_input/prototype,0.007405598958333333,9.1552734375e-05,0.019805908203125,3,0,3
original,initial_background_trained_readout,ukr_rus,uniform_shuffled,ukr_rus_suspended,final_input/ridge,0.004831949869791667,-0.001251220703125,0.0150146484375,2,1,3
original,initial_background_trained_readout,ukr_rus,uniform_shuffled,ukr_rus_suspended,full_model,0.008656819661458334,-0.0438232421875,0.0584716796875,2,1,3
original,initial_background_trained_readout,ukr_rus,uniform_shuffled,ukr_rus_suspended,raw_center/prototype,0.0,0.0,0.0,0,0,3
original,initial_background_trained_readout,ukr_rus,uniform_shuffled,ukr_rus_suspended,raw_center/ridge,0.0,0.0,0.0,0,0,3
original,initial_background_trained_readout,ukr_rus,uniform_shuffled,ukr_rus_suspended,raw_context/prototype,0.0,0.0,0.0,0,0,3
original,initial_background_trained_readout,ukr_rus,uniform_shuffled,ukr_rus_suspended,raw_context/ridge,0.0,0.0,0.0,0,0,3
original,initial_background_trained_readout,ukr_rus,uniform_shuffled,ukr_rus_suspended,raw_joint/prototype,0.0,0.0,0.0,0,0,3
original,initial_background_trained_readout,ukr_rus,uniform_shuffled,ukr_rus_suspended,raw_joint/ridge,0.0,0.0,0.0,0,0,3
original,initial_background_trained_readout,ukr_rus,uniform_sorted,covid_political,M2_post_meta/prototype,0.049390722204137684,0.01366424560546875,0.0818690547236689,3,0,3
original,initial_background_trained_readout,ukr_rus,uniform_sorted,covid_political,M2_post_meta/ridge,0.05222913953993058,0.01551112422236689,0.08578886809172459,3,0,3
original,initial_background_trained_readout,ukr_rus,uniform_sorted,covid_political,S0_conv_center/prototype,0.0,0.0,0.0,0,0,3
original,initial_background_trained_readout,ukr_rus,uniform_sorted,covid_political,S0_conv_center/ridge,0.0,0.0,0.0,0,0,3
original,initial_background_trained_readout,ukr_rus,uniform_sorted,covid_political,S0_pool/prototype,0.0,0.0,0.0,0,0,3
original,initial_background_trained_readout,ukr_rus,uniform_sorted,covid_political,S0_pool/ridge,0.0,0.0,0.0,0,0,3
original,initial_background_trained_readout,ukr_rus,uniform_sorted,covid_political,U1_pre_meta/prototype,0.04889405803915895,0.0016976815682870905,0.08304143834997102,3,0,3
original,initial_background_trained_readout,ukr_rus,uniform_sorted,covid_political,U1_pre_meta/ridge,0.039302778832706387,-0.005058853714554501,0.07168635615596064,2,1,3
original,initial_background_trained_readout,ukr_rus,uniform_sorted,covid_political,final_input/prototype,0.049390722204137684,0.01366424560546875,0.0818690547236689,3,0,3
original,initial_background_trained_readout,ukr_rus,uniform_sorted,covid_political,final_input/ridge,0.05222913953993058,0.01551112422236689,0.08578886809172459,3,0,3
original,initial_background_trained_readout,ukr_rus,uniform_sorted,covid_political,full_model,0.1042865706078801,-0.17611016167534715,0.34972240306712976,2,1,3
original,initial_background_trained_readout,ukr_rus,uniform_sorted,covid_political,raw_center/prototype,0.0,0.0,0.0,0,0,3
original,initial_background_trained_readout,ukr_rus,uniform_sorted,covid_political,raw_center/ridge,0.0,0.0,0.0,0,0,3
original,initial_background_trained_readout,ukr_rus,uniform_sorted,covid_political,raw_context/prototype,1.1102230246251565e-16,1.1102230246251565e-16,1.1102230246251565e-16,3,0,3
original,initial_background_trained_readout,ukr_rus,uniform_sorted,covid_political,raw_context/ridge,0.0,0.0,0.0,0,0,3
original,initial_background_trained_readout,ukr_rus,uniform_sorted,covid_political,raw_joint/prototype,0.0,0.0,0.0,0,0,3
original,initial_background_trained_readout,ukr_rus,uniform_sorted,covid_political,raw_joint/ridge,0.0,0.0,0.0,0,0,3
original,initial_background_trained_readout,ukr_rus,uniform_sorted,election2020,M2_post_meta/prototype,0.020985921223958332,-0.026702880859375,0.07171630859375,2,1,3
original,initial_background_trained_readout,ukr_rus,uniform_sorted,election2020,M2_post_meta/ridge,0.026468912760416668,-0.024658203125,0.08306884765625,2,1,3
original,initial_background_trained_readout,ukr_rus,uniform_sorted,election2020,S0_conv_center/prototype,0.0,0.0,0.0,0,0,3
original,initial_background_trained_readout,ukr_rus,uniform_sorted,election2020,S0_conv_center/ridge,0.0,0.0,0.0,0,0,3
original,initial_background_trained_readout,ukr_rus,uniform_sorted,election2020,S0_pool/prototype,0.0,0.0,0.0,0,0,3
original,initial_background_trained_readout,ukr_rus,uniform_sorted,election2020,S0_pool/ridge,0.0,0.0,0.0,0,0,3
original,initial_background_trained_readout,ukr_rus,uniform_sorted,election2020,U1_pre_meta/prototype,0.0040283203125,-0.058868408203125,0.048980712890625,2,1,3
original,initial_background_trained_readout,ukr_rus,uniform_sorted,election2020,U1_pre_meta/ridge,-0.0186767578125,-0.08502197265625,0.03070068359375,1,2,3
original,initial_background_trained_readout,ukr_rus,uniform_sorted,election2020,final_input/prototype,0.020985921223958332,-0.026702880859375,0.07171630859375,2,1,3
original,initial_background_trained_readout,ukr_rus,uniform_sorted,election2020,final_input/ridge,0.026468912760416668,-0.024658203125,0.08306884765625,2,1,3
original,initial_background_trained_readout,ukr_rus,uniform_sorted,election2020,full_model,0.0706787109375,-0.21343994140625,0.3427734375,2,1,3
original,initial_background_trained_readout,ukr_rus,uniform_sorted,election2020,raw_center/prototype,0.0,0.0,0.0,0,0,3
original,initial_background_trained_readout,ukr_rus,uniform_sorted,election2020,raw_center/ridge,0.0,0.0,0.0,0,0,3
original,initial_background_trained_readout,ukr_rus,uniform_sorted,election2020,raw_context/prototype,0.0,0.0,0.0,0,0,3
original,initial_background_trained_readout,ukr_rus,uniform_sorted,election2020,raw_context/ridge,0.0,0.0,0.0,0,0,3
original,initial_background_trained_readout,ukr_rus,uniform_sorted,election2020,raw_joint/prototype,0.0,0.0,0.0,0,0,3
original,initial_background_trained_readout,ukr_rus,uniform_sorted,election2020,raw_joint/ridge,0.0,0.0,0.0,0,0,3
original,initial_background_trained_readout,ukr_rus,uniform_sorted,facebook_page_reference,M2_post_meta/prototype,-0.0412743886311849,-0.07205009460449219,-0.011585235595703125,0,3,3
original,initial_background_trained_readout,ukr_rus,uniform_sorted,facebook_page_reference,M2_post_meta/ridge,-0.033214569091796875,-0.06456756591796875,-0.0033321380615234375,0,3,3
original,initial_background_trained_readout,ukr_rus,uniform_sorted,facebook_page_reference,S0_conv_center/prototype,0.0,0.0,0.0,0,0,3
original,initial_background_trained_readout,ukr_rus,uniform_sorted,facebook_page_reference,S0_conv_center/ridge,0.0,0.0,0.0,0,0,3
original,initial_background_trained_readout,ukr_rus,uniform_sorted,facebook_page_reference,S0_pool/prototype,0.0,0.0,0.0,0,0,3
original,initial_background_trained_readout,ukr_rus,uniform_sorted,facebook_page_reference,S0_pool/ridge,0.0,0.0,0.0,0,0,3
original,initial_background_trained_readout,ukr_rus,uniform_sorted,facebook_page_reference,U1_pre_meta/prototype,-0.04923121134440104,-0.07781219482421875,-0.03287315368652344,0,3,3
original,initial_background_trained_readout,ukr_rus,uniform_sorted,facebook_page_reference,U1_pre_meta/ridge,-0.05426025390625,-0.07811737060546875,-0.03597831726074219,0,3,3
original,initial_background_trained_readout,ukr_rus,uniform_sorted,facebook_page_reference,final_input/prototype,-0.0412743886311849,-0.07205009460449219,-0.011585235595703125,0,3,3
original,initial_background_trained_readout,ukr_rus,uniform_sorted,facebook_page_reference,final_input/ridge,-0.033214569091796875,-0.06456756591796875,-0.0033321380615234375,0,3,3
original,initial_background_trained_readout,ukr_rus,uniform_sorted,facebook_page_reference,full_model,0.0026677449544270835,0.0001430511474609375,0.005153656005859375,3,0,3
original,initial_background_trained_readout,ukr_rus,uniform_sorted,facebook_page_reference,raw_center/prototype,0.0,0.0,0.0,0,0,3
original,initial_background_trained_readout,ukr_rus,uniform_sorted,facebook_page_reference,raw_center/ridge,-1.1102230246251565e-16,-1.1102230246251565e-16,-1.1102230246251565e-16,0,3,3
original,initial_background_trained_readout,ukr_rus,uniform_sorted,facebook_page_reference,raw_context/prototype,0.0,0.0,0.0,0,0,3
original,initial_background_trained_readout,ukr_rus,uniform_sorted,facebook_page_reference,raw_context/ridge,0.0,0.0,0.0,0,0,3
original,initial_background_trained_readout,ukr_rus,uniform_sorted,facebook_page_reference,raw_joint/prototype,0.0,0.0,0.0,0,0,3
original,initial_background_trained_readout,ukr_rus,uniform_sorted,facebook_page_reference,raw_joint/ridge,-1.1102230246251565e-16,-1.1102230246251565e-16,-1.1102230246251565e-16,0,3,3
original,initial_background_trained_readout,ukr_rus,uniform_sorted,twibot20,M2_post_meta/prototype,-0.002991075868959747,-0.013058768378363617,0.00874582926432299,1,2,3
original,initial_background_trained_readout,ukr_rus,uniform_sorted,twibot20,M2_post_meta/ridge,-0.002632211755823214,-0.013056013319227455,0.009233474731445312,1,2,3
original,initial_background_trained_readout,ukr_rus,uniform_sorted,twibot20,S0_conv_center/prototype,0.0,0.0,0.0,0,0,3
original,initial_background_trained_readout,ukr_rus,uniform_sorted,twibot20,S0_conv_center/ridge,0.0,0.0,0.0,0,0,3
original,initial_background_trained_readout,ukr_rus,uniform_sorted,twibot20,S0_pool/prototype,0.0,0.0,0.0,0,0,3
original,initial_background_trained_readout,ukr_rus,uniform_sorted,twibot20,S0_pool/ridge,0.0,0.0,0.0,0,0,3
original,initial_background_trained_readout,ukr_rus,uniform_sorted,twibot20,U1_pre_meta/prototype,-0.003941571270978013,-0.01250627305772567,0.007803810967339397,1,2,3
original,initial_background_trained_readout,ukr_rus,uniform_sorted,twibot20,U1_pre_meta/ridge,-0.006733152601454018,-0.015273835923936718,0.004894892374674442,1,2,3
original,initial_background_trained_readout,ukr_rus,uniform_sorted,twibot20,final_input/prototype,-0.002991075868959747,-0.013058768378363617,0.00874582926432299,1,2,3
original,initial_background_trained_readout,ukr_rus,uniform_sorted,twibot20,final_input/ridge,-0.002632211755823214,-0.013056013319227455,0.009233474731445312,1,2,3
original,initial_background_trained_readout,ukr_rus,uniform_sorted,twibot20,full_model,0.12352908099139183,0.026448355780707478,0.3173792097303603,3,0,3
original,initial_background_trained_readout,ukr_rus,uniform_sorted,twibot20,raw_center/prototype,0.0,0.0,0.0,0,0,3
original,initial_background_trained_readout,ukr_rus,uniform_sorted,twibot20,raw_center/ridge,0.0,0.0,0.0,0,0,3
original,initial_background_trained_readout,ukr_rus,uniform_sorted,twibot20,raw_context/prototype,0.0,0.0,0.0,0,0,3
original,initial_background_trained_readout,ukr_rus,uniform_sorted,twibot20,raw_context/ridge,0.0,0.0,0.0,0,0,3
original,initial_background_trained_readout,ukr_rus,uniform_sorted,twibot20,raw_joint/prototype,0.0,0.0,0.0,0,0,3
original,initial_background_trained_readout,ukr_rus,uniform_sorted,twibot20,raw_joint/ridge,0.0,0.0,0.0,0,0,3
original,initial_background_trained_readout,ukr_rus,uniform_sorted,ukr_rus_suspended,M2_post_meta/prototype,0.0166015625,-0.000885009765625,0.0352783203125,2,1,3
original,initial_background_trained_readout,ukr_rus,uniform_sorted,ukr_rus_suspended,M2_post_meta/ridge,0.014312744140625,-0.005157470703125,0.030517578125,2,1,3
original,initial_background_trained_readout,ukr_rus,uniform_sorted,ukr_rus_suspended,S0_conv_center/prototype,0.0,0.0,0.0,0,0,3
original,initial_background_trained_readout,ukr_rus,uniform_sorted,ukr_rus_suspended,S0_conv_center/ridge,0.0,0.0,0.0,0,0,3
original,initial_background_trained_readout,ukr_rus,uniform_sorted,ukr_rus_suspended,S0_pool/prototype,0.0,0.0,0.0,0,0,3
original,initial_background_trained_readout,ukr_rus,uniform_sorted,ukr_rus_suspended,S0_pool/ridge,0.0,0.0,0.0,0,0,3
original,initial_background_trained_readout,ukr_rus,uniform_sorted,ukr_rus_suspended,U1_pre_meta/prototype,-0.0011698404947916667,-0.00958251953125,0.00982666015625,1,2,3
original,initial_background_trained_readout,ukr_rus,uniform_sorted,ukr_rus_suspended,U1_pre_meta/ridge,-0.0006917317708333334,-0.005035400390625,0.006683349609375,1,2,3
original,initial_background_trained_readout,ukr_rus,uniform_sorted,ukr_rus_suspended,final_input/prototype,0.0166015625,-0.000885009765625,0.0352783203125,2,1,3
original,initial_background_trained_readout,ukr_rus,uniform_sorted,ukr_rus_suspended,final_input/ridge,0.014312744140625,-0.005157470703125,0.030517578125,2,1,3
original,initial_background_trained_readout,ukr_rus,uniform_sorted,ukr_rus_suspended,full_model,-0.006642659505208333,-0.0714111328125,0.038360595703125,2,1,3
original,initial_background_trained_readout,ukr_rus,uniform_sorted,ukr_rus_suspended,raw_center/prototype,0.0,0.0,0.0,0,0,3
original,initial_background_trained_readout,ukr_rus,uniform_sorted,ukr_rus_suspended,raw_center/ridge,0.0,0.0,0.0,0,0,3
original,initial_background_trained_readout,ukr_rus,uniform_sorted,ukr_rus_suspended,raw_context/prototype,0.0,0.0,0.0,0,0,3
original,initial_background_trained_readout,ukr_rus,uniform_sorted,ukr_rus_suspended,raw_context/ridge,0.0,0.0,0.0,0,0,3
original,initial_background_trained_readout,ukr_rus,uniform_sorted,ukr_rus_suspended,raw_joint/prototype,0.0,0.0,0.0,0,0,3
original,initial_background_trained_readout,ukr_rus,uniform_sorted,ukr_rus_suspended,raw_joint/ridge,0.0,0.0,0.0,0,0,3
original,trained_background_initial_readout,cp_hk,lowest_shuffled,covid_political,M2_post_meta/prototype,-0.24608254138334304,-0.33828961407696767,-0.12985540319372113,0,3,3
original,trained_background_initial_readout,cp_hk,lowest_shuffled,covid_political,M2_post_meta/ridge,-0.24160832534601662,-0.3377352114076967,-0.07377907081886576,0,3,3
original,trained_background_initial_readout,cp_hk,lowest_shuffled,covid_political,S0_conv_center/prototype,0.0,0.0,0.0,0,0,3
original,trained_background_initial_readout,cp_hk,lowest_shuffled,covid_political,S0_conv_center/ridge,0.0,0.0,0.0,0,0,3
original,trained_background_initial_readout,cp_hk,lowest_shuffled,covid_political,S0_pool/prototype,0.0,0.0,0.0,0,0,3
original,trained_background_initial_readout,cp_hk,lowest_shuffled,covid_political,S0_pool/ridge,3.700743415417188e-17,0.0,1.1102230246251565e-16,1,0,3
original,trained_background_initial_readout,cp_hk,lowest_shuffled,covid_political,U1_pre_meta/prototype,-0.06112256462191368,-0.06776230423538787,-0.05440945095486116,0,3,3
original,trained_background_initial_readout,cp_hk,lowest_shuffled,covid_political,U1_pre_meta/ridge,-0.06130369209948864,-0.06318268952546291,-0.05782911512586775,0,3,3
original,trained_background_initial_readout,cp_hk,lowest_shuffled,covid_political,final_input/prototype,-0.24608254138334304,-0.33828961407696767,-0.12985540319372113,0,3,3
original,trained_background_initial_readout,cp_hk,lowest_shuffled,covid_political,final_input/ridge,-0.24160832534601662,-0.3377352114076967,-0.07377907081886576,0,3,3
original,trained_background_initial_readout,cp_hk,lowest_shuffled,covid_political,full_model,-0.11954328748914926,-0.12928150318287035,-0.10399910255714673,0,3,3
original,trained_background_initial_readout,cp_hk,lowest_shuffled,covid_political,raw_center/prototype,0.0,0.0,0.0,0,0,3
original,trained_background_initial_readout,cp_hk,lowest_shuffled,covid_political,raw_center/ridge,0.0,0.0,0.0,0,0,3
original,trained_background_initial_readout,cp_hk,lowest_shuffled,covid_political,raw_context/prototype,1.1102230246251565e-16,1.1102230246251565e-16,1.1102230246251565e-16,3,0,3
original,trained_background_initial_readout,cp_hk,lowest_shuffled,covid_political,raw_context/ridge,0.0,0.0,0.0,0,0,3
original,trained_background_initial_readout,cp_hk,lowest_shuffled,covid_political,raw_joint/prototype,0.0,0.0,0.0,0,0,3
original,trained_background_initial_readout,cp_hk,lowest_shuffled,covid_political,raw_joint/ridge,0.0,0.0,0.0,0,0,3
original,trained_background_initial_readout,cp_hk,lowest_shuffled,election2020,M2_post_meta/prototype,-0.20198567708333334,-0.3714599609375,0.127685546875,1,2,3
original,trained_background_initial_readout,cp_hk,lowest_shuffled,election2020,M2_post_meta/ridge,-0.20427449544270834,-0.383331298828125,0.13128662109375,1,2,3
original,trained_background_initial_readout,cp_hk,lowest_shuffled,election2020,S0_conv_center/prototype,0.0,0.0,0.0,0,0,3
original,trained_background_initial_readout,cp_hk,lowest_shuffled,election2020,S0_conv_center/ridge,0.0,0.0,0.0,0,0,3
original,trained_background_initial_readout,cp_hk,lowest_shuffled,election2020,S0_pool/prototype,0.0,0.0,0.0,0,0,3
original,trained_background_initial_readout,cp_hk,lowest_shuffled,election2020,S0_pool/ridge,0.0,0.0,0.0,0,0,3
original,trained_background_initial_readout,cp_hk,lowest_shuffled,election2020,U1_pre_meta/prototype,-0.09031168619791667,-0.11468505859375,-0.073974609375,0,3,3
original,trained_background_initial_readout,cp_hk,lowest_shuffled,election2020,U1_pre_meta/ridge,-0.07462565104166667,-0.09912109375,-0.057861328125,0,3,3
original,trained_background_initial_readout,cp_hk,lowest_shuffled,election2020,final_input/prototype,-0.20198567708333334,-0.3714599609375,0.127685546875,1,2,3
original,trained_background_initial_readout,cp_hk,lowest_shuffled,election2020,final_input/ridge,-0.20427449544270834,-0.383331298828125,0.13128662109375,1,2,3
original,trained_background_initial_readout,cp_hk,lowest_shuffled,election2020,full_model,-0.23581949869791666,-0.2938232421875,-0.19012451171875,0,3,3
original,trained_background_initial_readout,cp_hk,lowest_shuffled,election2020,raw_center/prototype,0.0,0.0,0.0,0,0,3
original,trained_background_initial_readout,cp_hk,lowest_shuffled,election2020,raw_center/ridge,0.0,0.0,0.0,0,0,3
original,trained_background_initial_readout,cp_hk,lowest_shuffled,election2020,raw_context/prototype,0.0,0.0,0.0,0,0,3
original,trained_background_initial_readout,cp_hk,lowest_shuffled,election2020,raw_context/ridge,0.0,0.0,0.0,0,0,3
original,trained_background_initial_readout,cp_hk,lowest_shuffled,election2020,raw_joint/prototype,0.0,0.0,0.0,0,0,3
original,trained_background_initial_readout,cp_hk,lowest_shuffled,election2020,raw_joint/ridge,0.0,0.0,0.0,0,0,3
original,trained_background_initial_readout,cp_hk,lowest_shuffled,facebook_page_reference,M2_post_meta/prototype,-0.10517374674479167,-0.13187789916992188,-0.07525634765625,0,3,3
original,trained_background_initial_readout,cp_hk,lowest_shuffled,facebook_page_reference,M2_post_meta/ridge,-0.11012522379557292,-0.13409042358398438,-0.08757781982421875,0,3,3
original,trained_background_initial_readout,cp_hk,lowest_shuffled,facebook_page_reference,S0_conv_center/prototype,0.0,0.0,0.0,0,0,3
original,trained_background_initial_readout,cp_hk,lowest_shuffled,facebook_page_reference,S0_conv_center/ridge,0.0,0.0,0.0,0,0,3
original,trained_background_initial_readout,cp_hk,lowest_shuffled,facebook_page_reference,S0_pool/prototype,0.0,0.0,0.0,0,0,3
original,trained_background_initial_readout,cp_hk,lowest_shuffled,facebook_page_reference,S0_pool/ridge,0.0,0.0,0.0,0,0,3
original,trained_background_initial_readout,cp_hk,lowest_shuffled,facebook_page_reference,U1_pre_meta/prototype,0.11916859944661458,0.102203369140625,0.1293182373046875,3,0,3
original,trained_background_initial_readout,cp_hk,lowest_shuffled,facebook_page_reference,U1_pre_meta/ridge,0.11368942260742188,0.10287094116210938,0.12186431884765625,3,0,3
original,trained_background_initial_readout,cp_hk,lowest_shuffled,facebook_page_reference,final_input/prototype,-0.10517374674479167,-0.13187789916992188,-0.07525634765625,0,3,3
original,trained_background_initial_readout,cp_hk,lowest_shuffled,facebook_page_reference,final_input/ridge,-0.11012522379557292,-0.13409042358398438,-0.08757781982421875,0,3,3
original,trained_background_initial_readout,cp_hk,lowest_shuffled,facebook_page_reference,full_model,-0.01360321044921875,-0.02275848388671875,-0.0014820098876953125,0,3,3
original,trained_background_initial_readout,cp_hk,lowest_shuffled,facebook_page_reference,raw_center/prototype,0.0,0.0,0.0,0,0,3
original,trained_background_initial_readout,cp_hk,lowest_shuffled,facebook_page_reference,raw_center/ridge,-1.1102230246251565e-16,-1.1102230246251565e-16,-1.1102230246251565e-16,0,3,3
original,trained_background_initial_readout,cp_hk,lowest_shuffled,facebook_page_reference,raw_context/prototype,0.0,0.0,0.0,0,0,3
original,trained_background_initial_readout,cp_hk,lowest_shuffled,facebook_page_reference,raw_context/ridge,0.0,0.0,0.0,0,0,3
original,trained_background_initial_readout,cp_hk,lowest_shuffled,facebook_page_reference,raw_joint/prototype,0.0,0.0,0.0,0,0,3
original,trained_background_initial_readout,cp_hk,lowest_shuffled,facebook_page_reference,raw_joint/ridge,-1.1102230246251565e-16,-1.1102230246251565e-16,-1.1102230246251565e-16,0,3,3
original,trained_background_initial_readout,cp_hk,lowest_shuffled,twibot20,M2_post_meta/prototype,-0.021617253621419235,-0.055278778076171875,0.011406580607096428,1,2,3
original,trained_background_initial_readout,cp_hk,lowest_shuffled,twibot20,M2_post_meta/ridge,-0.007217901724356157,-0.053636762830946094,0.02405971950954866,2,1,3
original,trained_background_initial_readout,cp_hk,lowest_shuffled,twibot20,S0_conv_center/prototype,0.0,0.0,0.0,0,0,3
original,trained_background_initial_readout,cp_hk,lowest_shuffled,twibot20,S0_conv_center/ridge,0.0,0.0,0.0,0,0,3
original,trained_background_initial_readout,cp_hk,lowest_shuffled,twibot20,S0_pool/prototype,0.0,0.0,0.0,0,0,3
original,trained_background_initial_readout,cp_hk,lowest_shuffled,twibot20,S0_pool/ridge,0.0,0.0,0.0,0,0,3
original,trained_background_initial_readout,cp_hk,lowest_shuffled,twibot20,U1_pre_meta/prototype,-0.020272855405454315,-0.03651279873318136,0.006260342068142188,1,2,3
original,trained_background_initial_readout,cp_hk,lowest_shuffled,twibot20,U1_pre_meta/ridge,-0.021595778288664696,-0.03664249844021272,0.00369940863715279,1,2,3
original,trained_background_initial_readout,cp_hk,lowest_shuffled,twibot20,final_input/prototype,-0.021617253621419235,-0.055278778076171875,0.011406580607096428,1,2,3
original,trained_background_initial_readout,cp_hk,lowest_shuffled,twibot20,final_input/ridge,-0.007217901724356157,-0.053636762830946094,0.02405971950954866,2,1,3
original,trained_background_initial_readout,cp_hk,lowest_shuffled,twibot20,full_model,-0.001582251654730878,-0.060491349962022656,0.055133819580078236,2,1,3
original,trained_background_initial_readout,cp_hk,lowest_shuffled,twibot20,raw_center/prototype,0.0,0.0,0.0,0,0,3
original,trained_background_initial_readout,cp_hk,lowest_shuffled,twibot20,raw_center/ridge,0.0,0.0,0.0,0,0,3
original,trained_background_initial_readout,cp_hk,lowest_shuffled,twibot20,raw_context/prototype,0.0,0.0,0.0,0,0,3
original,trained_background_initial_readout,cp_hk,lowest_shuffled,twibot20,raw_context/ridge,0.0,0.0,0.0,0,0,3
original,trained_background_initial_readout,cp_hk,lowest_shuffled,twibot20,raw_joint/prototype,0.0,0.0,0.0,0,0,3
original,trained_background_initial_readout,cp_hk,lowest_shuffled,twibot20,raw_joint/ridge,0.0,0.0,0.0,0,0,3
original,trained_background_initial_readout,cp_hk,lowest_shuffled,ukr_rus_suspended,M2_post_meta/prototype,-0.00726318359375,-0.03387451171875,0.0198974609375,1,2,3
original,trained_background_initial_readout,cp_hk,lowest_shuffled,ukr_rus_suspended,M2_post_meta/ridge,-0.005269368489583333,-0.03302001953125,0.016357421875,2,1,3
original,trained_background_initial_readout,cp_hk,lowest_shuffled,ukr_rus_suspended,S0_conv_center/prototype,0.0,0.0,0.0,0,0,3
original,trained_background_initial_readout,cp_hk,lowest_shuffled,ukr_rus_suspended,S0_conv_center/ridge,0.0,0.0,0.0,0,0,3
original,trained_background_initial_readout,cp_hk,lowest_shuffled,ukr_rus_suspended,S0_pool/prototype,0.0,0.0,0.0,0,0,3
original,trained_background_initial_readout,cp_hk,lowest_shuffled,ukr_rus_suspended,S0_pool/ridge,0.0,0.0,0.0,0,0,3
original,trained_background_initial_readout,cp_hk,lowest_shuffled,ukr_rus_suspended,U1_pre_meta/prototype,-0.023173014322916668,-0.03887939453125,-0.00640869140625,0,3,3
original,trained_background_initial_readout,cp_hk,lowest_shuffled,ukr_rus_suspended,U1_pre_meta/ridge,-0.03338623046875,-0.05609130859375,-0.00445556640625,0,3,3
original,trained_background_initial_readout,cp_hk,lowest_shuffled,ukr_rus_suspended,final_input/prototype,-0.00726318359375,-0.03387451171875,0.0198974609375,1,2,3
original,trained_background_initial_readout,cp_hk,lowest_shuffled,ukr_rus_suspended,final_input/ridge,-0.005269368489583333,-0.03302001953125,0.016357421875,2,1,3
original,trained_background_initial_readout,cp_hk,lowest_shuffled,ukr_rus_suspended,full_model,-0.025797526041666668,-0.046630859375,0.0064697265625,1,2,3
original,trained_background_initial_readout,cp_hk,lowest_shuffled,ukr_rus_suspended,raw_center/prototype,0.0,0.0,0.0,0,0,3
original,trained_background_initial_readout,cp_hk,lowest_shuffled,ukr_rus_suspended,raw_center/ridge,0.0,0.0,0.0,0,0,3
original,trained_background_initial_readout,cp_hk,lowest_shuffled,ukr_rus_suspended,raw_context/prototype,0.0,0.0,0.0,0,0,3
original,trained_background_initial_readout,cp_hk,lowest_shuffled,ukr_rus_suspended,raw_context/ridge,0.0,0.0,0.0,0,0,3
original,trained_background_initial_readout,cp_hk,lowest_shuffled,ukr_rus_suspended,raw_joint/prototype,0.0,0.0,0.0,0,0,3
original,trained_background_initial_readout,cp_hk,lowest_shuffled,ukr_rus_suspended,raw_joint/ridge,0.0,0.0,0.0,0,0,3
original,trained_background_initial_readout,cp_hk,lowest_sorted,covid_political,M2_post_meta/prototype,-0.2058042361412519,-0.40159070050274875,-0.10214148627387154,0,3,3
original,trained_background_initial_readout,cp_hk,lowest_sorted,covid_political,M2_post_meta/ridge,-0.18239847819010416,-0.42204821551287625,-0.05385787398726849,0,3,3
original,trained_background_initial_readout,cp_hk,lowest_sorted,covid_political,S0_conv_center/prototype,0.0,0.0,0.0,0,0,3
original,trained_background_initial_readout,cp_hk,lowest_sorted,covid_political,S0_conv_center/ridge,0.0,0.0,0.0,0,0,3
original,trained_background_initial_readout,cp_hk,lowest_sorted,covid_political,S0_pool/prototype,0.0,0.0,0.0,0,0,3
original,trained_background_initial_readout,cp_hk,lowest_sorted,covid_political,S0_pool/ridge,-3.700743415417188e-17,-1.1102230246251565e-16,0.0,0,1,3
original,trained_background_initial_readout,cp_hk,lowest_sorted,covid_political,U1_pre_meta/prototype,-0.025718688964843788,-0.04706686514395264,-0.0010166874638311008,0,3,3
original,trained_background_initial_readout,cp_hk,lowest_sorted,covid_political,U1_pre_meta/ridge,-0.03719800784264079,-0.05756434687861678,-0.014031304253472321,0,3,3
original,trained_background_initial_readout,cp_hk,lowest_sorted,covid_political,final_input/prototype,-0.2058042361412519,-0.40159070050274875,-0.10214148627387154,0,3,3
original,trained_background_initial_readout,cp_hk,lowest_sorted,covid_political,final_input/ridge,-0.18239847819010416,-0.42204821551287625,-0.05385787398726849,0,3,3
original,trained_background_initial_readout,cp_hk,lowest_sorted,covid_political,full_model,-0.11699629418643909,-0.1586233068395545,-0.07054703323929401,0,3,3
original,trained_background_initial_readout,cp_hk,lowest_sorted,covid_political,raw_center/prototype,0.0,0.0,0.0,0,0,3
original,trained_background_initial_readout,cp_hk,lowest_sorted,covid_political,raw_center/ridge,0.0,0.0,0.0,0,0,3
original,trained_background_initial_readout,cp_hk,lowest_sorted,covid_political,raw_context/prototype,1.1102230246251565e-16,1.1102230246251565e-16,1.1102230246251565e-16,3,0,3
original,trained_background_initial_readout,cp_hk,lowest_sorted,covid_political,raw_context/ridge,0.0,0.0,0.0,0,0,3
original,trained_background_initial_readout,cp_hk,lowest_sorted,covid_political,raw_joint/prototype,0.0,0.0,0.0,0,0,3
original,trained_background_initial_readout,cp_hk,lowest_sorted,covid_political,raw_joint/ridge,0.0,0.0,0.0,0,0,3
original,trained_background_initial_readout,cp_hk,lowest_sorted,election2020,M2_post_meta/prototype,-0.21242268880208334,-0.4251708984375,-0.04583740234375,0,3,3
original,trained_background_initial_readout,cp_hk,lowest_sorted,election2020,M2_post_meta/ridge,-0.18776448567708334,-0.43670654296875,-0.001953125,0,3,3
original,trained_background_initial_readout,cp_hk,lowest_sorted,election2020,S0_conv_center/prototype,0.0,0.0,0.0,0,0,3
original,trained_background_initial_readout,cp_hk,lowest_sorted,election2020,S0_conv_center/ridge,0.0,0.0,0.0,0,0,3
original,trained_background_initial_readout,cp_hk,lowest_sorted,election2020,S0_pool/prototype,0.0,0.0,0.0,0,0,3
original,trained_background_initial_readout,cp_hk,lowest_sorted,election2020,S0_pool/ridge,0.0,0.0,0.0,0,0,3
original,trained_background_initial_readout,cp_hk,lowest_sorted,election2020,U1_pre_meta/prototype,-0.06837972005208333,-0.08746337890625,-0.0421142578125,0,3,3
original,trained_background_initial_readout,cp_hk,lowest_sorted,election2020,U1_pre_meta/ridge,-0.057759602864583336,-0.07159423828125,-0.03460693359375,0,3,3
original,trained_background_initial_readout,cp_hk,lowest_sorted,election2020,final_input/prototype,-0.21242268880208334,-0.4251708984375,-0.04583740234375,0,3,3
original,trained_background_initial_readout,cp_hk,lowest_sorted,election2020,final_input/ridge,-0.18776448567708334,-0.43670654296875,-0.001953125,0,3,3
original,trained_background_initial_readout,cp_hk,lowest_sorted,election2020,full_model,-0.3058064778645833,-0.33349609375,-0.2811279296875,0,3,3
original,trained_background_initial_readout,cp_hk,lowest_sorted,election2020,raw_center/prototype,0.0,0.0,0.0,0,0,3
original,trained_background_initial_readout,cp_hk,lowest_sorted,election2020,raw_center/ridge,0.0,0.0,0.0,0,0,3
original,trained_background_initial_readout,cp_hk,lowest_sorted,election2020,raw_context/prototype,0.0,0.0,0.0,0,0,3
original,trained_background_initial_readout,cp_hk,lowest_sorted,election2020,raw_context/ridge,0.0,0.0,0.0,0,0,3
original,trained_background_initial_readout,cp_hk,lowest_sorted,election2020,raw_joint/prototype,0.0,0.0,0.0,0,0,3
original,trained_background_initial_readout,cp_hk,lowest_sorted,election2020,raw_joint/ridge,0.0,0.0,0.0,0,0,3
original,trained_background_initial_readout,cp_hk,lowest_sorted,facebook_page_reference,M2_post_meta/prototype,-0.123382568359375,-0.1468067169189453,-0.09502029418945312,0,3,3
original,trained_background_initial_readout,cp_hk,lowest_sorted,facebook_page_reference,M2_post_meta/ridge,-0.1299279530843099,-0.150604248046875,-0.10524940490722656,0,3,3
original,trained_background_initial_readout,cp_hk,lowest_sorted,facebook_page_reference,S0_conv_center/prototype,0.0,0.0,0.0,0,0,3
original,trained_background_initial_readout,cp_hk,lowest_sorted,facebook_page_reference,S0_conv_center/ridge,0.0,0.0,0.0,0,0,3
original,trained_background_initial_readout,cp_hk,lowest_sorted,facebook_page_reference,S0_pool/prototype,0.0,0.0,0.0,0,0,3
original,trained_background_initial_readout,cp_hk,lowest_sorted,facebook_page_reference,S0_pool/ridge,0.0,0.0,0.0,0,0,3
original,trained_background_initial_readout,cp_hk,lowest_sorted,facebook_page_reference,U1_pre_meta/prototype,0.09831746419270833,0.09145736694335938,0.10371017456054688,3,0,3
original,trained_background_initial_readout,cp_hk,lowest_sorted,facebook_page_reference,U1_pre_meta/ridge,0.08403396606445312,0.08181381225585938,0.08618545532226562,3,0,3
original,trained_background_initial_readout,cp_hk,lowest_sorted,facebook_page_reference,final_input/prototype,-0.123382568359375,-0.1468067169189453,-0.09502029418945312,0,3,3
original,trained_background_initial_readout,cp_hk,lowest_sorted,facebook_page_reference,final_input/ridge,-0.1299279530843099,-0.150604248046875,-0.10524940490722656,0,3,3
original,trained_background_initial_readout,cp_hk,lowest_sorted,facebook_page_reference,full_model,-0.030169169108072918,-0.051998138427734375,-0.013988494873046875,0,3,3
original,trained_background_initial_readout,cp_hk,lowest_sorted,facebook_page_reference,raw_center/prototype,0.0,0.0,0.0,0,0,3
original,trained_background_initial_readout,cp_hk,lowest_sorted,facebook_page_reference,raw_center/ridge,-1.1102230246251565e-16,-1.1102230246251565e-16,-1.1102230246251565e-16,0,3,3
original,trained_background_initial_readout,cp_hk,lowest_sorted,facebook_page_reference,raw_context/prototype,0.0,0.0,0.0,0,0,3
original,trained_background_initial_readout,cp_hk,lowest_sorted,facebook_page_reference,raw_context/ridge,0.0,0.0,0.0,0,0,3
original,trained_background_initial_readout,cp_hk,lowest_sorted,facebook_page_reference,raw_joint/prototype,0.0,0.0,0.0,0,0,3
original,trained_background_initial_readout,cp_hk,lowest_sorted,facebook_page_reference,raw_joint/ridge,-1.1102230246251565e-16,-1.1102230246251565e-16,-1.1102230246251565e-16,0,3,3
original,trained_background_initial_readout,cp_hk,lowest_sorted,twibot20,M2_post_meta/prototype,-0.0901848828351056,-0.12069087558322483,-0.060485415988498215,0,3,3
original,trained_background_initial_readout,cp_hk,lowest_sorted,twibot20,M2_post_meta/ridge,-0.07605651572898581,-0.10698403252495653,-0.04152743021647132,0,3,3
original,trained_background_initial_readout,cp_hk,lowest_sorted,twibot20,S0_conv_center/prototype,0.0,0.0,0.0,0,0,3
original,trained_background_initial_readout,cp_hk,lowest_sorted,twibot20,S0_conv_center/ridge,0.0,0.0,0.0,0,0,3
original,trained_background_initial_readout,cp_hk,lowest_sorted,twibot20,S0_pool/prototype,0.0,0.0,0.0,0,0,3
original,trained_background_initial_readout,cp_hk,lowest_sorted,twibot20,S0_pool/ridge,0.0,0.0,0.0,0,0,3
original,trained_background_initial_readout,cp_hk,lowest_sorted,twibot20,U1_pre_meta/prototype,-0.042846962257667785,-0.06008063422309029,-0.023455937703450447,0,3,3
original,trained_background_initial_readout,cp_hk,lowest_sorted,twibot20,U1_pre_meta/ridge,-0.04162477563928679,-0.05642975701226127,-0.024402406480577343,0,3,3
original,trained_background_initial_readout,cp_hk,lowest_sorted,twibot20,final_input/prototype,-0.0901848828351056,-0.12069087558322483,-0.060485415988498215,0,3,3
original,trained_background_initial_readout,cp_hk,lowest_sorted,twibot20,final_input/ridge,-0.07605651572898581,-0.10698403252495653,-0.04152743021647132,0,3,3
original,trained_background_initial_readout,cp_hk,lowest_sorted,twibot20,full_model,-0.03562574033383977,-0.08649147881401908,0.04075050354003884,1,2,3
original,trained_background_initial_readout,cp_hk,lowest_sorted,twibot20,raw_center/prototype,0.0,0.0,0.0,0,0,3
original,trained_background_initial_readout,cp_hk,lowest_sorted,twibot20,raw_center/ridge,0.0,0.0,0.0,0,0,3
original,trained_background_initial_readout,cp_hk,lowest_sorted,twibot20,raw_context/prototype,0.0,0.0,0.0,0,0,3
original,trained_background_initial_readout,cp_hk,lowest_sorted,twibot20,raw_context/ridge,0.0,0.0,0.0,0,0,3
original,trained_background_initial_readout,cp_hk,lowest_sorted,twibot20,raw_joint/prototype,0.0,0.0,0.0,0,0,3
original,trained_background_initial_readout,cp_hk,lowest_sorted,twibot20,raw_joint/ridge,0.0,0.0,0.0,0,0,3
original,trained_background_initial_readout,cp_hk,lowest_sorted,ukr_rus_suspended,M2_post_meta/prototype,0.030466715494791668,-0.00067138671875,0.076568603515625,2,1,3
original,trained_background_initial_readout,cp_hk,lowest_sorted,ukr_rus_suspended,M2_post_meta/ridge,0.027242024739583332,-0.01202392578125,0.079345703125,2,1,3
original,trained_background_initial_readout,cp_hk,lowest_sorted,ukr_rus_suspended,S0_conv_center/prototype,0.0,0.0,0.0,0,0,3
original,trained_background_initial_readout,cp_hk,lowest_sorted,ukr_rus_suspended,S0_conv_center/ridge,0.0,0.0,0.0,0,0,3
original,trained_background_initial_readout,cp_hk,lowest_sorted,ukr_rus_suspended,S0_pool/prototype,0.0,0.0,0.0,0,0,3
original,trained_background_initial_readout,cp_hk,lowest_sorted,ukr_rus_suspended,S0_pool/ridge,0.0,0.0,0.0,0,0,3
original,trained_background_initial_readout,cp_hk,lowest_sorted,ukr_rus_suspended,U1_pre_meta/prototype,0.010976155598958334,0.000396728515625,0.020751953125,3,0,3
original,trained_background_initial_readout,cp_hk,lowest_sorted,ukr_rus_suspended,U1_pre_meta/ridge,-2.0345052083333332e-05,-0.01385498046875,0.014404296875,1,2,3
original,trained_background_initial_readout,cp_hk,lowest_sorted,ukr_rus_suspended,final_input/prototype,0.030466715494791668,-0.00067138671875,0.076568603515625,2,1,3
original,trained_background_initial_readout,cp_hk,lowest_sorted,ukr_rus_suspended,final_input/ridge,0.027242024739583332,-0.01202392578125,0.079345703125,2,1,3
original,trained_background_initial_readout,cp_hk,lowest_sorted,ukr_rus_suspended,full_model,-0.02197265625,-0.08404541015625,0.026611328125,1,2,3
original,trained_background_initial_readout,cp_hk,lowest_sorted,ukr_rus_suspended,raw_center/prototype,0.0,0.0,0.0,0,0,3
original,trained_background_initial_readout,cp_hk,lowest_sorted,ukr_rus_suspended,raw_center/ridge,0.0,0.0,0.0,0,0,3
original,trained_background_initial_readout,cp_hk,lowest_sorted,ukr_rus_suspended,raw_context/prototype,0.0,0.0,0.0,0,0,3
original,trained_background_initial_readout,cp_hk,lowest_sorted,ukr_rus_suspended,raw_context/ridge,0.0,0.0,0.0,0,0,3
original,trained_background_initial_readout,cp_hk,lowest_sorted,ukr_rus_suspended,raw_joint/prototype,0.0,0.0,0.0,0,0,3
original,trained_background_initial_readout,cp_hk,lowest_sorted,ukr_rus_suspended,raw_joint/ridge,0.0,0.0,0.0,0,0,3
original,trained_background_initial_readout,cp_hk,uniform_shuffled,covid_political,M2_post_meta/prototype,-0.22485426914544746,-0.37818739149305564,0.026023582175926152,1,2,3
original,trained_background_initial_readout,cp_hk,uniform_shuffled,covid_political,M2_post_meta/ridge,-0.2361683786651235,-0.3449427286783854,-0.02121480305989598,0,3,3
original,trained_background_initial_readout,cp_hk,uniform_shuffled,covid_political,S0_conv_center/prototype,0.0,0.0,0.0,0,0,3
original,trained_background_initial_readout,cp_hk,uniform_shuffled,covid_political,S0_conv_center/ridge,0.0,0.0,0.0,0,0,3
original,trained_background_initial_readout,cp_hk,uniform_shuffled,covid_political,S0_pool/prototype,0.0,0.0,0.0,0,0,3
original,trained_background_initial_readout,cp_hk,uniform_shuffled,covid_political,S0_pool/ridge,0.0,0.0,0.0,0,0,3
original,trained_background_initial_readout,cp_hk,uniform_shuffled,covid_political,U1_pre_meta/prototype,-0.025900475772810478,-0.04596201578776027,-0.015517340766059151,0,3,3
original,trained_background_initial_readout,cp_hk,uniform_shuffled,covid_political,U1_pre_meta/ridge,-0.04760337170259458,-0.0687532778139468,-0.02663619429976849,0,3,3
original,trained_background_initial_readout,cp_hk,uniform_shuffled,covid_political,final_input/prototype,-0.22485426914544746,-0.37818739149305564,0.026023582175926152,1,2,3
original,trained_background_initial_readout,cp_hk,uniform_shuffled,covid_political,final_input/ridge,-0.2361683786651235,-0.3449427286783854,-0.02121480305989598,0,3,3
original,trained_background_initial_readout,cp_hk,uniform_shuffled,covid_political,full_model,-0.06146475709514857,-0.10853689688223378,-0.01747357403790506,0,3,3
original,trained_background_initial_readout,cp_hk,uniform_shuffled,covid_political,raw_center/prototype,0.0,0.0,0.0,0,0,3
original,trained_background_initial_readout,cp_hk,uniform_shuffled,covid_political,raw_center/ridge,0.0,0.0,0.0,0,0,3
original,trained_background_initial_readout,cp_hk,uniform_shuffled,covid_political,raw_context/prototype,1.1102230246251565e-16,1.1102230246251565e-16,1.1102230246251565e-16,3,0,3
original,trained_background_initial_readout,cp_hk,uniform_shuffled,covid_political,raw_context/ridge,0.0,0.0,0.0,0,0,3
original,trained_background_initial_readout,cp_hk,uniform_shuffled,covid_political,raw_joint/prototype,0.0,0.0,0.0,0,0,3
original,trained_background_initial_readout,cp_hk,uniform_shuffled,covid_political,raw_joint/ridge,0.0,0.0,0.0,0,0,3
original,trained_background_initial_readout,cp_hk,uniform_shuffled,election2020,M2_post_meta/prototype,-0.2908528645833333,-0.42120361328125,-0.128173828125,0,3,3
original,trained_background_initial_readout,cp_hk,uniform_shuffled,election2020,M2_post_meta/ridge,-0.3491007486979167,-0.4736328125,-0.1278076171875,0,3,3
original,trained_background_initial_readout,cp_hk,uniform_shuffled,election2020,S0_conv_center/prototype,0.0,0.0,0.0,0,0,3
original,trained_background_initial_readout,cp_hk,uniform_shuffled,election2020,S0_conv_center/ridge,0.0,0.0,0.0,0,0,3
original,trained_background_initial_readout,cp_hk,uniform_shuffled,election2020,S0_pool/prototype,0.0,0.0,0.0,0,0,3
original,trained_background_initial_readout,cp_hk,uniform_shuffled,election2020,S0_pool/ridge,0.0,0.0,0.0,0,0,3
original,trained_background_initial_readout,cp_hk,uniform_shuffled,election2020,U1_pre_meta/prototype,-0.12363688151041667,-0.16802978515625,-0.044921875,0,3,3
original,trained_background_initial_readout,cp_hk,uniform_shuffled,election2020,U1_pre_meta/ridge,-0.10164388020833333,-0.138427734375,-0.032958984375,0,3,3
original,trained_background_initial_readout,cp_hk,uniform_shuffled,election2020,final_input/prototype,-0.2908528645833333,-0.42120361328125,-0.128173828125,0,3,3
original,trained_background_initial_readout,cp_hk,uniform_shuffled,election2020,final_input/ridge,-0.3491007486979167,-0.4736328125,-0.1278076171875,0,3,3
original,trained_background_initial_readout,cp_hk,uniform_shuffled,election2020,full_model,-0.22925821940104166,-0.380096435546875,-0.1478271484375,0,3,3
original,trained_background_initial_readout,cp_hk,uniform_shuffled,election2020,raw_center/prototype,0.0,0.0,0.0,0,0,3
original,trained_background_initial_readout,cp_hk,uniform_shuffled,election2020,raw_center/ridge,0.0,0.0,0.0,0,0,3
original,trained_background_initial_readout,cp_hk,uniform_shuffled,election2020,raw_context/prototype,0.0,0.0,0.0,0,0,3
original,trained_background_initial_readout,cp_hk,uniform_shuffled,election2020,raw_context/ridge,0.0,0.0,0.0,0,0,3
original,trained_background_initial_readout,cp_hk,uniform_shuffled,election2020,raw_joint/prototype,0.0,0.0,0.0,0,0,3
original,trained_background_initial_readout,cp_hk,uniform_shuffled,election2020,raw_joint/ridge,0.0,0.0,0.0,0,0,3
original,trained_background_initial_readout,cp_hk,uniform_shuffled,facebook_page_reference,M2_post_meta/prototype,-0.12122726440429688,-0.13602066040039062,-0.10975837707519531,0,3,3
original,trained_background_initial_readout,cp_hk,uniform_shuffled,facebook_page_reference,M2_post_meta/ridge,-0.1220258076985677,-0.13463401794433594,-0.11568832397460938,0,3,3
original,trained_background_initial_readout,cp_hk,uniform_shuffled,facebook_page_reference,S0_conv_center/prototype,0.0,0.0,0.0,0,0,3
original,trained_background_initial_readout,cp_hk,uniform_shuffled,facebook_page_reference,S0_conv_center/ridge,0.0,0.0,0.0,0,0,3
original,trained_background_initial_readout,cp_hk,uniform_shuffled,facebook_page_reference,S0_pool/prototype,0.0,0.0,0.0,0,0,3
original,trained_background_initial_readout,cp_hk,uniform_shuffled,facebook_page_reference,S0_pool/ridge,0.0,0.0,0.0,0,0,3
original,trained_background_initial_readout,cp_hk,uniform_shuffled,facebook_page_reference,U1_pre_meta/prototype,0.10225677490234375,0.0891571044921875,0.12264633178710938,3,0,3
original,trained_background_initial_readout,cp_hk,uniform_shuffled,facebook_page_reference,U1_pre_meta/ridge,0.10509109497070312,0.09395980834960938,0.120452880859375,3,0,3
original,trained_background_initial_readout,cp_hk,uniform_shuffled,facebook_page_reference,final_input/prototype,-0.12122726440429688,-0.13602066040039062,-0.10975837707519531,0,3,3
original,trained_background_initial_readout,cp_hk,uniform_shuffled,facebook_page_reference,final_input/ridge,-0.1220258076985677,-0.13463401794433594,-0.11568832397460938,0,3,3
original,trained_background_initial_readout,cp_hk,uniform_shuffled,facebook_page_reference,full_model,-0.06825192769368489,-0.06969451904296875,-0.06722831726074219,0,3,3
original,trained_background_initial_readout,cp_hk,uniform_shuffled,facebook_page_reference,raw_center/prototype,0.0,0.0,0.0,0,0,3
original,trained_background_initial_readout,cp_hk,uniform_shuffled,facebook_page_reference,raw_center/ridge,-1.1102230246251565e-16,-1.1102230246251565e-16,-1.1102230246251565e-16,0,3,3
original,trained_background_initial_readout,cp_hk,uniform_shuffled,facebook_page_reference,raw_context/prototype,0.0,0.0,0.0,0,0,3
original,trained_background_initial_readout,cp_hk,uniform_shuffled,facebook_page_reference,raw_context/ridge,0.0,0.0,0.0,0,0,3
original,trained_background_initial_readout,cp_hk,uniform_shuffled,facebook_page_reference,raw_joint/prototype,0.0,0.0,0.0,0,0,3
original,trained_background_initial_readout,cp_hk,uniform_shuffled,facebook_page_reference,raw_joint/ridge,-1.1102230246251565e-16,-1.1102230246251565e-16,-1.1102230246251565e-16,0,3,3
original,trained_background_initial_readout,cp_hk,uniform_shuffled,twibot20,M2_post_meta/prototype,-0.08190698976869937,-0.14039823744032132,-0.01906861199272991,0,3,3
original,trained_background_initial_readout,cp_hk,uniform_shuffled,twibot20,M2_post_meta/ridge,-0.10313712226019965,-0.2080779605441624,-0.015848583645290626,0,3,3
original,trained_background_initial_readout,cp_hk,uniform_shuffled,twibot20,S0_conv_center/prototype,0.0,0.0,0.0,0,0,3
original,trained_background_initial_readout,cp_hk,uniform_shuffled,twibot20,S0_conv_center/ridge,0.0,0.0,0.0,0,0,3
original,trained_background_initial_readout,cp_hk,uniform_shuffled,twibot20,S0_pool/prototype,0.0,0.0,0.0,0,0,3
original,trained_background_initial_readout,cp_hk,uniform_shuffled,twibot20,S0_pool/ridge,0.0,0.0,0.0,0,0,3
original,trained_background_initial_readout,cp_hk,uniform_shuffled,twibot20,U1_pre_meta/prototype,-0.004510455661349777,-0.01768832736545134,0.010078854031033035,1,2,3
original,trained_background_initial_readout,cp_hk,uniform_shuffled,twibot20,U1_pre_meta/ridge,-0.014535480075412313,-0.026237911648220424,-0.0025787353515625,0,3,3
original,trained_background_initial_readout,cp_hk,uniform_shuffled,twibot20,final_input/prototype,-0.08190698976869937,-0.14039823744032132,-0.01906861199272991,0,3,3
original,trained_background_initial_readout,cp_hk,uniform_shuffled,twibot20,final_input/ridge,-0.10313712226019965,-0.2080779605441624,-0.015848583645290626,0,3,3
original,trained_background_initial_readout,cp_hk,uniform_shuffled,twibot20,full_model,0.005259407891167522,0.0029460059271918526,0.00768364800347221,3,0,3
original,trained_background_initial_readout,cp_hk,uniform_shuffled,twibot20,raw_center/prototype,0.0,0.0,0.0,0,0,3
original,trained_background_initial_readout,cp_hk,uniform_shuffled,twibot20,raw_center/ridge,0.0,0.0,0.0,0,0,3
original,trained_background_initial_readout,cp_hk,uniform_shuffled,twibot20,raw_context/prototype,0.0,0.0,0.0,0,0,3
original,trained_background_initial_readout,cp_hk,uniform_shuffled,twibot20,raw_context/ridge,0.0,0.0,0.0,0,0,3
original,trained_background_initial_readout,cp_hk,uniform_shuffled,twibot20,raw_joint/prototype,0.0,0.0,0.0,0,0,3
original,trained_background_initial_readout,cp_hk,uniform_shuffled,twibot20,raw_joint/ridge,0.0,0.0,0.0,0,0,3
original,trained_background_initial_readout,cp_hk,uniform_shuffled,ukr_rus_suspended,M2_post_meta/prototype,0.016682942708333332,-0.0321044921875,0.05059814453125,2,1,3
original,trained_background_initial_readout,cp_hk,uniform_shuffled,ukr_rus_suspended,M2_post_meta/ridge,0.02325439453125,-0.026611328125,0.06195068359375,2,1,3
original,trained_background_initial_readout,cp_hk,uniform_shuffled,ukr_rus_suspended,S0_conv_center/prototype,0.0,0.0,0.0,0,0,3
original,trained_background_initial_readout,cp_hk,uniform_shuffled,ukr_rus_suspended,S0_conv_center/ridge,0.0,0.0,0.0,0,0,3
original,trained_background_initial_readout,cp_hk,uniform_shuffled,ukr_rus_suspended,S0_pool/prototype,0.0,0.0,0.0,0,0,3
original,trained_background_initial_readout,cp_hk,uniform_shuffled,ukr_rus_suspended,S0_pool/ridge,0.0,0.0,0.0,0,0,3
original,trained_background_initial_readout,cp_hk,uniform_shuffled,ukr_rus_suspended,U1_pre_meta/prototype,-0.010172526041666666,-0.0283203125,0.01080322265625,1,2,3
original,trained_background_initial_readout,cp_hk,uniform_shuffled,ukr_rus_suspended,U1_pre_meta/ridge,-0.004313151041666667,-0.0321044921875,0.02056884765625,1,2,3
original,trained_background_initial_readout,cp_hk,uniform_shuffled,ukr_rus_suspended,final_input/prototype,0.016682942708333332,-0.0321044921875,0.05059814453125,2,1,3
original,trained_background_initial_readout,cp_hk,uniform_shuffled,ukr_rus_suspended,final_input/ridge,0.02325439453125,-0.026611328125,0.06195068359375,2,1,3
original,trained_background_initial_readout,cp_hk,uniform_shuffled,ukr_rus_suspended,full_model,-0.02191162109375,-0.03155517578125,-0.015869140625,0,3,3
original,trained_background_initial_readout,cp_hk,uniform_shuffled,ukr_rus_suspended,raw_center/prototype,0.0,0.0,0.0,0,0,3
original,trained_background_initial_readout,cp_hk,uniform_shuffled,ukr_rus_suspended,raw_center/ridge,0.0,0.0,0.0,0,0,3
original,trained_background_initial_readout,cp_hk,uniform_shuffled,ukr_rus_suspended,raw_context/prototype,0.0,0.0,0.0,0,0,3
original,trained_background_initial_readout,cp_hk,uniform_shuffled,ukr_rus_suspended,raw_context/ridge,0.0,0.0,0.0,0,0,3
original,trained_background_initial_readout,cp_hk,uniform_shuffled,ukr_rus_suspended,raw_joint/prototype,0.0,0.0,0.0,0,0,3
original,trained_background_initial_readout,cp_hk,uniform_shuffled,ukr_rus_suspended,raw_joint/ridge,0.0,0.0,0.0,0,0,3
original,trained_background_initial_readout,cp_hk,uniform_sorted,covid_political,M2_post_meta/prototype,-0.3093792008764949,-0.5076203522858795,-0.15277014838324632,0,3,3
original,trained_background_initial_readout,cp_hk,uniform_sorted,covid_political,M2_post_meta/ridge,-0.3330808097933546,-0.5108266759801795,-0.19047800699869788,0,3,3
original,trained_background_initial_readout,cp_hk,uniform_sorted,covid_political,S0_conv_center/prototype,0.0,0.0,0.0,0,0,3
original,trained_background_initial_readout,cp_hk,uniform_sorted,covid_political,S0_conv_center/ridge,0.0,0.0,0.0,0,0,3
original,trained_background_initial_readout,cp_hk,uniform_sorted,covid_political,S0_pool/prototype,0.0,0.0,0.0,0,0,3
original,trained_background_initial_readout,cp_hk,uniform_sorted,covid_political,S0_pool/ridge,0.0,-1.1102230246251565e-16,1.1102230246251565e-16,1,1,3
original,trained_background_initial_readout,cp_hk,uniform_sorted,covid_political,U1_pre_meta/prototype,-0.011003282335069383,-0.014360781069154949,-0.00826659025969323,0,3,3
original,trained_background_initial_readout,cp_hk,uniform_sorted,covid_political,U1_pre_meta/ridge,-0.02291898374204282,-0.0262784604673032,-0.01922918249059613,0,3,3
original,trained_background_initial_readout,cp_hk,uniform_sorted,covid_political,final_input/prototype,-0.3093792008764949,-0.5076203522858795,-0.15277014838324632,0,3,3
original,trained_background_initial_readout,cp_hk,uniform_sorted,covid_political,final_input/ridge,-0.3330808097933546,-0.5108266759801795,-0.19047800699869788,0,3,3
original,trained_background_initial_readout,cp_hk,uniform_sorted,covid_political,full_model,-0.08615093466676312,-0.11855457447193285,-0.06891236481843177,0,3,3
original,trained_background_initial_readout,cp_hk,uniform_sorted,covid_political,raw_center/prototype,0.0,0.0,0.0,0,0,3
original,trained_background_initial_readout,cp_hk,uniform_sorted,covid_political,raw_center/ridge,0.0,0.0,0.0,0,0,3
original,trained_background_initial_readout,cp_hk,uniform_sorted,covid_political,raw_context/prototype,1.1102230246251565e-16,1.1102230246251565e-16,1.1102230246251565e-16,3,0,3
original,trained_background_initial_readout,cp_hk,uniform_sorted,covid_political,raw_context/ridge,0.0,0.0,0.0,0,0,3
original,trained_background_initial_readout,cp_hk,uniform_sorted,covid_political,raw_joint/prototype,0.0,0.0,0.0,0,0,3
original,trained_background_initial_readout,cp_hk,uniform_sorted,covid_political,raw_joint/ridge,0.0,0.0,0.0,0,0,3
original,trained_background_initial_readout,cp_hk,uniform_sorted,election2020,M2_post_meta/prototype,-0.40570068359375,-0.51129150390625,-0.28009033203125,0,3,3
original,trained_background_initial_readout,cp_hk,uniform_sorted,election2020,M2_post_meta/ridge,-0.41571044921875,-0.51519775390625,-0.3067626953125,0,3,3
original,trained_background_initial_readout,cp_hk,uniform_sorted,election2020,S0_conv_center/prototype,0.0,0.0,0.0,0,0,3
original,trained_background_initial_readout,cp_hk,uniform_sorted,election2020,S0_conv_center/ridge,0.0,0.0,0.0,0,0,3
original,trained_background_initial_readout,cp_hk,uniform_sorted,election2020,S0_pool/prototype,0.0,0.0,0.0,0,0,3
original,trained_background_initial_readout,cp_hk,uniform_sorted,election2020,S0_pool/ridge,0.0,0.0,0.0,0,0,3
original,trained_background_initial_readout,cp_hk,uniform_sorted,election2020,U1_pre_meta/prototype,-0.0509033203125,-0.06939697265625,-0.039794921875,0,3,3
original,trained_background_initial_readout,cp_hk,uniform_sorted,election2020,U1_pre_meta/ridge,-0.037679036458333336,-0.05157470703125,-0.0283203125,0,3,3
original,trained_background_initial_readout,cp_hk,uniform_sorted,election2020,final_input/prototype,-0.40570068359375,-0.51129150390625,-0.28009033203125,0,3,3
original,trained_background_initial_readout,cp_hk,uniform_sorted,election2020,final_input/ridge,-0.41571044921875,-0.51519775390625,-0.3067626953125,0,3,3
original,trained_background_initial_readout,cp_hk,uniform_sorted,election2020,full_model,-0.2750651041666667,-0.30889892578125,-0.21990966796875,0,3,3
original,trained_background_initial_readout,cp_hk,uniform_sorted,election2020,raw_center/prototype,0.0,0.0,0.0,0,0,3
original,trained_background_initial_readout,cp_hk,uniform_sorted,election2020,raw_center/ridge,0.0,0.0,0.0,0,0,3
original,trained_background_initial_readout,cp_hk,uniform_sorted,election2020,raw_context/prototype,0.0,0.0,0.0,0,0,3
original,trained_background_initial_readout,cp_hk,uniform_sorted,election2020,raw_context/ridge,0.0,0.0,0.0,0,0,3
original,trained_background_initial_readout,cp_hk,uniform_sorted,election2020,raw_joint/prototype,0.0,0.0,0.0,0,0,3
original,trained_background_initial_readout,cp_hk,uniform_sorted,election2020,raw_joint/ridge,0.0,0.0,0.0,0,0,3
original,trained_background_initial_readout,cp_hk,uniform_sorted,facebook_page_reference,M2_post_meta/prototype,-0.13950729370117188,-0.1637744903564453,-0.12590408325195312,0,3,3
original,trained_background_initial_readout,cp_hk,uniform_sorted,facebook_page_reference,M2_post_meta/ridge,-0.14426867167154947,-0.16905593872070312,-0.12978172302246094,0,3,3
original,trained_background_initial_readout,cp_hk,uniform_sorted,facebook_page_reference,S0_conv_center/prototype,0.0,0.0,0.0,0,0,3
original,trained_background_initial_readout,cp_hk,uniform_sorted,facebook_page_reference,S0_conv_center/ridge,0.0,0.0,0.0,0,0,3
original,trained_background_initial_readout,cp_hk,uniform_sorted,facebook_page_reference,S0_pool/prototype,0.0,0.0,0.0,0,0,3
original,trained_background_initial_readout,cp_hk,uniform_sorted,facebook_page_reference,S0_pool/ridge,0.0,0.0,0.0,0,0,3
original,trained_background_initial_readout,cp_hk,uniform_sorted,facebook_page_reference,U1_pre_meta/prototype,0.12431971232096355,0.11102676391601562,0.13685989379882812,3,0,3
original,trained_background_initial_readout,cp_hk,uniform_sorted,facebook_page_reference,U1_pre_meta/ridge,0.11552810668945312,0.10851669311523438,0.127593994140625,3,0,3
original,trained_background_initial_readout,cp_hk,uniform_sorted,facebook_page_reference,final_input/prototype,-0.13950729370117188,-0.1637744903564453,-0.12590408325195312,0,3,3
original,trained_background_initial_readout,cp_hk,uniform_sorted,facebook_page_reference,final_input/ridge,-0.14426867167154947,-0.16905593872070312,-0.12978172302246094,0,3,3
original,trained_background_initial_readout,cp_hk,uniform_sorted,facebook_page_reference,full_model,-0.025641759236653645,-0.038219451904296875,-0.002166748046875,0,3,3
original,trained_background_initial_readout,cp_hk,uniform_sorted,facebook_page_reference,raw_center/prototype,0.0,0.0,0.0,0,0,3
original,trained_background_initial_readout,cp_hk,uniform_sorted,facebook_page_reference,raw_center/ridge,-1.1102230246251565e-16,-1.1102230246251565e-16,-1.1102230246251565e-16,0,3,3
original,trained_background_initial_readout,cp_hk,uniform_sorted,facebook_page_reference,raw_context/prototype,0.0,0.0,0.0,0,0,3
original,trained_background_initial_readout,cp_hk,uniform_sorted,facebook_page_reference,raw_context/ridge,0.0,0.0,0.0,0,0,3
original,trained_background_initial_readout,cp_hk,uniform_sorted,facebook_page_reference,raw_joint/prototype,0.0,0.0,0.0,0,0,3
original,trained_background_initial_readout,cp_hk,uniform_sorted,facebook_page_reference,raw_joint/ridge,-1.1102230246251565e-16,-1.1102230246251565e-16,-1.1102230246251565e-16,0,3,3
original,trained_background_initial_readout,cp_hk,uniform_sorted,twibot20,M2_post_meta/prototype,-0.006432497942889137,-0.1321476830376519,0.11584960089789503,1,2,3
original,trained_background_initial_readout,cp_hk,uniform_sorted,twibot20,M2_post_meta/ridge,0.021624671088324665,-0.09508429633246529,0.12107043796115452,2,1,3
original,trained_background_initial_readout,cp_hk,uniform_sorted,twibot20,S0_conv_center/prototype,0.0,0.0,0.0,0,0,3
original,trained_background_initial_readout,cp_hk,uniform_sorted,twibot20,S0_conv_center/ridge,0.0,0.0,0.0,0,0,3
original,trained_background_initial_readout,cp_hk,uniform_sorted,twibot20,S0_pool/prototype,0.0,0.0,0.0,0,0,3
original,trained_background_initial_readout,cp_hk,uniform_sorted,twibot20,S0_pool/ridge,0.0,0.0,0.0,0,0,3
original,trained_background_initial_readout,cp_hk,uniform_sorted,twibot20,U1_pre_meta/prototype,-0.015289447925708854,-0.024815241495768192,0.00027105543348537875,1,2,3
original,trained_background_initial_readout,cp_hk,uniform_sorted,twibot20,U1_pre_meta/ridge,-0.017809479324905952,-0.02318233913845491,-0.00770738389756942,0,3,3
original,trained_background_initial_readout,cp_hk,uniform_sorted,twibot20,final_input/prototype,-0.006432497942889137,-0.1321476830376519,0.11584960089789503,1,2,3
original,trained_background_initial_readout,cp_hk,uniform_sorted,twibot20,final_input/ridge,0.021624671088324665,-0.09508429633246529,0.12107043796115452,2,1,3
original,trained_background_initial_readout,cp_hk,uniform_sorted,twibot20,full_model,-0.04992619267216436,-0.07879744635687946,-0.009975221421983482,0,3,3
original,trained_background_initial_readout,cp_hk,uniform_sorted,twibot20,raw_center/prototype,0.0,0.0,0.0,0,0,3
original,trained_background_initial_readout,cp_hk,uniform_sorted,twibot20,raw_center/ridge,0.0,0.0,0.0,0,0,3
original,trained_background_initial_readout,cp_hk,uniform_sorted,twibot20,raw_context/prototype,0.0,0.0,0.0,0,0,3
original,trained_background_initial_readout,cp_hk,uniform_sorted,twibot20,raw_context/ridge,0.0,0.0,0.0,0,0,3
original,trained_background_initial_readout,cp_hk,uniform_sorted,twibot20,raw_joint/prototype,0.0,0.0,0.0,0,0,3
original,trained_background_initial_readout,cp_hk,uniform_sorted,twibot20,raw_joint/ridge,0.0,0.0,0.0,0,0,3
original,trained_background_initial_readout,cp_hk,uniform_sorted,ukr_rus_suspended,M2_post_meta/prototype,0.01519775390625,0.001220703125,0.03778076171875,3,0,3
original,trained_background_initial_readout,cp_hk,uniform_sorted,ukr_rus_suspended,M2_post_meta/ridge,0.015889485677083332,-0.00018310546875,0.03985595703125,2,1,3
original,trained_background_initial_readout,cp_hk,uniform_sorted,ukr_rus_suspended,S0_conv_center/prototype,0.0,0.0,0.0,0,0,3
original,trained_background_initial_readout,cp_hk,uniform_sorted,ukr_rus_suspended,S0_conv_center/ridge,0.0,0.0,0.0,0,0,3
original,trained_background_initial_readout,cp_hk,uniform_sorted,ukr_rus_suspended,S0_pool/prototype,0.0,0.0,0.0,0,0,3
original,trained_background_initial_readout,cp_hk,uniform_sorted,ukr_rus_suspended,S0_pool/ridge,0.0,0.0,0.0,0,0,3
original,trained_background_initial_readout,cp_hk,uniform_sorted,ukr_rus_suspended,U1_pre_meta/prototype,-0.033945719401041664,-0.05645751953125,-0.019439697265625,0,3,3
original,trained_background_initial_readout,cp_hk,uniform_sorted,ukr_rus_suspended,U1_pre_meta/ridge,-0.033284505208333336,-0.0572509765625,-0.01495361328125,0,3,3
original,trained_background_initial_readout,cp_hk,uniform_sorted,ukr_rus_suspended,final_input/prototype,0.01519775390625,0.001220703125,0.03778076171875,3,0,3
original,trained_background_initial_readout,cp_hk,uniform_sorted,ukr_rus_suspended,final_input/ridge,0.015889485677083332,-0.00018310546875,0.03985595703125,2,1,3
original,trained_background_initial_readout,cp_hk,uniform_sorted,ukr_rus_suspended,full_model,-0.058919270833333336,-0.0792236328125,-0.0369873046875,0,3,3
original,trained_background_initial_readout,cp_hk,uniform_sorted,ukr_rus_suspended,raw_center/prototype,0.0,0.0,0.0,0,0,3
original,trained_background_initial_readout,cp_hk,uniform_sorted,ukr_rus_suspended,raw_center/ridge,0.0,0.0,0.0,0,0,3
original,trained_background_initial_readout,cp_hk,uniform_sorted,ukr_rus_suspended,raw_context/prototype,0.0,0.0,0.0,0,0,3
original,trained_background_initial_readout,cp_hk,uniform_sorted,ukr_rus_suspended,raw_context/ridge,0.0,0.0,0.0,0,0,3
original,trained_background_initial_readout,cp_hk,uniform_sorted,ukr_rus_suspended,raw_joint/prototype,0.0,0.0,0.0,0,0,3
original,trained_background_initial_readout,cp_hk,uniform_sorted,ukr_rus_suspended,raw_joint/ridge,0.0,0.0,0.0,0,0,3
original,trained_background_initial_readout,ukr_rus,lowest_shuffled,covid_political,M2_post_meta/prototype,-0.3088199003243152,-0.5133969342267073,-0.11114869294343155,0,3,3
original,trained_background_initial_readout,ukr_rus,lowest_shuffled,covid_political,M2_post_meta/ridge,-0.31686542652271416,-0.5312240035445601,-0.1157808657045718,0,3,3
original,trained_background_initial_readout,ukr_rus,lowest_shuffled,covid_political,S0_conv_center/prototype,0.0,0.0,0.0,0,0,3
original,trained_background_initial_readout,ukr_rus,lowest_shuffled,covid_political,S0_conv_center/ridge,0.0,0.0,0.0,0,0,3
original,trained_background_initial_readout,ukr_rus,lowest_shuffled,covid_political,S0_pool/prototype,0.0,-1.1102230246251565e-16,1.1102230246251565e-16,1,1,3
original,trained_background_initial_readout,ukr_rus,lowest_shuffled,covid_political,S0_pool/ridge,0.0,0.0,0.0,0,0,3
original,trained_background_initial_readout,ukr_rus,lowest_shuffled,covid_political,U1_pre_meta/prototype,-0.038803100585937424,-0.04479641384548605,-0.03087163854528352,0,3,3
original,trained_background_initial_readout,ukr_rus,lowest_shuffled,covid_political,U1_pre_meta/ridge,-0.035654421205873886,-0.04177234790943307,-0.02883289478443285,0,3,3
original,trained_background_initial_readout,ukr_rus,lowest_shuffled,covid_political,final_input/prototype,-0.3088199003243152,-0.5133969342267073,-0.11114869294343155,0,3,3
original,trained_background_initial_readout,ukr_rus,lowest_shuffled,covid_political,final_input/ridge,-0.31686542652271416,-0.5312240035445601,-0.1157808657045718,0,3,3
original,trained_background_initial_readout,ukr_rus,lowest_shuffled,covid_political,full_model,-0.08515666443624607,-0.10166422526041663,-0.05340660942925335,0,3,3
original,trained_background_initial_readout,ukr_rus,lowest_shuffled,covid_political,raw_center/prototype,0.0,0.0,0.0,0,0,3
original,trained_background_initial_readout,ukr_rus,lowest_shuffled,covid_political,raw_center/ridge,0.0,0.0,0.0,0,0,3
original,trained_background_initial_readout,ukr_rus,lowest_shuffled,covid_political,raw_context/prototype,1.1102230246251565e-16,1.1102230246251565e-16,1.1102230246251565e-16,3,0,3
original,trained_background_initial_readout,ukr_rus,lowest_shuffled,covid_political,raw_context/ridge,0.0,0.0,0.0,0,0,3
original,trained_background_initial_readout,ukr_rus,lowest_shuffled,covid_political,raw_joint/prototype,0.0,0.0,0.0,0,0,3
original,trained_background_initial_readout,ukr_rus,lowest_shuffled,covid_political,raw_joint/ridge,0.0,0.0,0.0,0,0,3
original,trained_background_initial_readout,ukr_rus,lowest_shuffled,election2020,M2_post_meta/prototype,-0.2813822428385417,-0.47027587890625,-0.094757080078125,0,3,3
original,trained_background_initial_readout,ukr_rus,lowest_shuffled,election2020,M2_post_meta/ridge,-0.2811686197916667,-0.470703125,-0.09228515625,0,3,3
original,trained_background_initial_readout,ukr_rus,lowest_shuffled,election2020,S0_conv_center/prototype,0.0,0.0,0.0,0,0,3
original,trained_background_initial_readout,ukr_rus,lowest_shuffled,election2020,S0_conv_center/ridge,0.0,0.0,0.0,0,0,3
original,trained_background_initial_readout,ukr_rus,lowest_shuffled,election2020,S0_pool/prototype,0.0,0.0,0.0,0,0,3
original,trained_background_initial_readout,ukr_rus,lowest_shuffled,election2020,S0_pool/ridge,0.0,0.0,0.0,0,0,3
original,trained_background_initial_readout,ukr_rus,lowest_shuffled,election2020,U1_pre_meta/prototype,-0.031229654947916668,-0.036376953125,-0.02252197265625,0,3,3
original,trained_background_initial_readout,ukr_rus,lowest_shuffled,election2020,U1_pre_meta/ridge,-0.018880208333333332,-0.0220947265625,-0.013671875,0,3,3
original,trained_background_initial_readout,ukr_rus,lowest_shuffled,election2020,final_input/prototype,-0.2813822428385417,-0.47027587890625,-0.094757080078125,0,3,3
original,trained_background_initial_readout,ukr_rus,lowest_shuffled,election2020,final_input/ridge,-0.2811686197916667,-0.470703125,-0.09228515625,0,3,3
original,trained_background_initial_readout,ukr_rus,lowest_shuffled,election2020,full_model,-0.12144978841145833,-0.1844482421875,-0.06781005859375,0,3,3
original,trained_background_initial_readout,ukr_rus,lowest_shuffled,election2020,raw_center/prototype,0.0,0.0,0.0,0,0,3
original,trained_background_initial_readout,ukr_rus,lowest_shuffled,election2020,raw_center/ridge,0.0,0.0,0.0,0,0,3
original,trained_background_initial_readout,ukr_rus,lowest_shuffled,election2020,raw_context/prototype,0.0,0.0,0.0,0,0,3
original,trained_background_initial_readout,ukr_rus,lowest_shuffled,election2020,raw_context/ridge,0.0,0.0,0.0,0,0,3
original,trained_background_initial_readout,ukr_rus,lowest_shuffled,election2020,raw_joint/prototype,0.0,0.0,0.0,0,0,3
original,trained_background_initial_readout,ukr_rus,lowest_shuffled,election2020,raw_joint/ridge,0.0,0.0,0.0,0,0,3
original,trained_background_initial_readout,ukr_rus,lowest_shuffled,facebook_page_reference,M2_post_meta/prototype,-0.12199719746907552,-0.15907669067382812,-0.07958412170410156,0,3,3
original,trained_background_initial_readout,ukr_rus,lowest_shuffled,facebook_page_reference,M2_post_meta/ridge,-0.14380518595377603,-0.18927001953125,-0.10882568359375,0,3,3
original,trained_background_initial_readout,ukr_rus,lowest_shuffled,facebook_page_reference,S0_conv_center/prototype,0.0,0.0,0.0,0,0,3
original,trained_background_initial_readout,ukr_rus,lowest_shuffled,facebook_page_reference,S0_conv_center/ridge,0.0,0.0,0.0,0,0,3
original,trained_background_initial_readout,ukr_rus,lowest_shuffled,facebook_page_reference,S0_pool/prototype,0.0,0.0,0.0,0,0,3
original,trained_background_initial_readout,ukr_rus,lowest_shuffled,facebook_page_reference,S0_pool/ridge,0.0,0.0,0.0,0,0,3
original,trained_background_initial_readout,ukr_rus,lowest_shuffled,facebook_page_reference,U1_pre_meta/prototype,0.06790860493977864,0.061244964599609375,0.0774078369140625,3,0,3
original,trained_background_initial_readout,ukr_rus,lowest_shuffled,facebook_page_reference,U1_pre_meta/ridge,0.06514867146809895,0.060581207275390625,0.06926345825195312,3,0,3
original,trained_background_initial_readout,ukr_rus,lowest_shuffled,facebook_page_reference,final_input/prototype,-0.12199719746907552,-0.15907669067382812,-0.07958412170410156,0,3,3
original,trained_background_initial_readout,ukr_rus,lowest_shuffled,facebook_page_reference,final_input/ridge,-0.14380518595377603,-0.18927001953125,-0.10882568359375,0,3,3
original,trained_background_initial_readout,ukr_rus,lowest_shuffled,facebook_page_reference,full_model,-0.049786885579427086,-0.08804893493652344,-0.0045623779296875,0,3,3
original,trained_background_initial_readout,ukr_rus,lowest_shuffled,facebook_page_reference,raw_center/prototype,0.0,0.0,0.0,0,0,3
original,trained_background_initial_readout,ukr_rus,lowest_shuffled,facebook_page_reference,raw_center/ridge,-1.1102230246251565e-16,-1.1102230246251565e-16,-1.1102230246251565e-16,0,3,3
original,trained_background_initial_readout,ukr_rus,lowest_shuffled,facebook_page_reference,raw_context/prototype,0.0,0.0,0.0,0,0,3
original,trained_background_initial_readout,ukr_rus,lowest_shuffled,facebook_page_reference,raw_context/ridge,0.0,0.0,0.0,0,0,3
original,trained_background_initial_readout,ukr_rus,lowest_shuffled,facebook_page_reference,raw_joint/prototype,0.0,0.0,0.0,0,0,3
original,trained_background_initial_readout,ukr_rus,lowest_shuffled,facebook_page_reference,raw_joint/ridge,-1.1102230246251565e-16,-1.1102230246251565e-16,-1.1102230246251565e-16,0,3,3
original,trained_background_initial_readout,ukr_rus,lowest_shuffled,twibot20,M2_post_meta/prototype,-0.13631375630696616,-0.17122056749131953,-0.08702596028645837,0,3,3
original,trained_background_initial_readout,ukr_rus,lowest_shuffled,twibot20,M2_post_meta/ridge,-0.15046275103533707,-0.18553733825683583,-0.0932943556043837,0,3,3
original,trained_background_initial_readout,ukr_rus,lowest_shuffled,twibot20,S0_conv_center/prototype,0.0,0.0,0.0,0,0,3
original,trained_background_initial_readout,ukr_rus,lowest_shuffled,twibot20,S0_conv_center/ridge,0.0,0.0,0.0,0,0,3
original,trained_background_initial_readout,ukr_rus,lowest_shuffled,twibot20,S0_pool/prototype,0.0,0.0,0.0,0,0,3
original,trained_background_initial_readout,ukr_rus,lowest_shuffled,twibot20,S0_pool/ridge,0.0,0.0,0.0,0,0,3
original,trained_background_initial_readout,ukr_rus,lowest_shuffled,twibot20,U1_pre_meta/prototype,0.022627230043764473,0.015648947821723103,0.02824401855468761,3,0,3
original,trained_background_initial_readout,ukr_rus,lowest_shuffled,twibot20,U1_pre_meta/ridge,0.008776700055157701,0.0009947882758247761,0.013741175333658817,3,0,3
original,trained_background_initial_readout,ukr_rus,lowest_shuffled,twibot20,final_input/prototype,-0.13631375630696616,-0.17122056749131953,-0.08702596028645837,0,3,3
original,trained_background_initial_readout,ukr_rus,lowest_shuffled,twibot20,final_input/ridge,-0.15046275103533707,-0.18553733825683583,-0.0932943556043837,0,3,3
original,trained_background_initial_readout,ukr_rus,lowest_shuffled,twibot20,full_model,-0.048520264802155655,-0.07525528801812065,-0.002111858791775112,0,3,3
original,trained_background_initial_readout,ukr_rus,lowest_shuffled,twibot20,raw_center/prototype,0.0,0.0,0.0,0,0,3
original,trained_background_initial_readout,ukr_rus,lowest_shuffled,twibot20,raw_center/ridge,0.0,0.0,0.0,0,0,3
original,trained_background_initial_readout,ukr_rus,lowest_shuffled,twibot20,raw_context/prototype,0.0,0.0,0.0,0,0,3
original,trained_background_initial_readout,ukr_rus,lowest_shuffled,twibot20,raw_context/ridge,0.0,0.0,0.0,0,0,3
original,trained_background_initial_readout,ukr_rus,lowest_shuffled,twibot20,raw_joint/prototype,0.0,0.0,0.0,0,0,3
original,trained_background_initial_readout,ukr_rus,lowest_shuffled,twibot20,raw_joint/ridge,0.0,0.0,0.0,0,0,3
original,trained_background_initial_readout,ukr_rus,lowest_shuffled,ukr_rus_suspended,M2_post_meta/prototype,-0.037831624348958336,-0.08197021484375,-0.000732421875,0,3,3
original,trained_background_initial_readout,ukr_rus,lowest_shuffled,ukr_rus_suspended,M2_post_meta/ridge,-0.038411458333333336,-0.0753173828125,0.00079345703125,1,2,3
original,trained_background_initial_readout,ukr_rus,lowest_shuffled,ukr_rus_suspended,S0_conv_center/prototype,0.0,0.0,0.0,0,0,3
original,trained_background_initial_readout,ukr_rus,lowest_shuffled,ukr_rus_suspended,S0_conv_center/ridge,0.0,0.0,0.0,0,0,3
original,trained_background_initial_readout,ukr_rus,lowest_shuffled,ukr_rus_suspended,S0_pool/prototype,0.0,0.0,0.0,0,0,3
original,trained_background_initial_readout,ukr_rus,lowest_shuffled,ukr_rus_suspended,S0_pool/ridge,0.0,0.0,0.0,0,0,3
original,trained_background_initial_readout,ukr_rus,lowest_shuffled,ukr_rus_suspended,U1_pre_meta/prototype,0.0159912109375,-0.008056640625,0.036407470703125,2,1,3
original,trained_background_initial_readout,ukr_rus,lowest_shuffled,ukr_rus_suspended,U1_pre_meta/ridge,0.00274658203125,-0.018310546875,0.02294921875,2,1,3
original,trained_background_initial_readout,ukr_rus,lowest_shuffled,ukr_rus_suspended,final_input/prototype,-0.037831624348958336,-0.08197021484375,-0.000732421875,0,3,3
original,trained_background_initial_readout,ukr_rus,lowest_shuffled,ukr_rus_suspended,final_input/ridge,-0.038411458333333336,-0.0753173828125,0.00079345703125,1,2,3
original,trained_background_initial_readout,ukr_rus,lowest_shuffled,ukr_rus_suspended,full_model,0.013621012369791666,-0.01812744140625,0.0482177734375,2,1,3
original,trained_background_initial_readout,ukr_rus,lowest_shuffled,ukr_rus_suspended,raw_center/prototype,0.0,0.0,0.0,0,0,3
original,trained_background_initial_readout,ukr_rus,lowest_shuffled,ukr_rus_suspended,raw_center/ridge,0.0,0.0,0.0,0,0,3
original,trained_background_initial_readout,ukr_rus,lowest_shuffled,ukr_rus_suspended,raw_context/prototype,0.0,0.0,0.0,0,0,3
original,trained_background_initial_readout,ukr_rus,lowest_shuffled,ukr_rus_suspended,raw_context/ridge,0.0,0.0,0.0,0,0,3
original,trained_background_initial_readout,ukr_rus,lowest_shuffled,ukr_rus_suspended,raw_joint/prototype,0.0,0.0,0.0,0,0,3
original,trained_background_initial_readout,ukr_rus,lowest_shuffled,ukr_rus_suspended,raw_joint/ridge,0.0,0.0,0.0,0,0,3
original,trained_background_initial_readout,ukr_rus,lowest_sorted,covid_political,M2_post_meta/prototype,-0.36452371102792247,-0.5792120474356192,-0.08648173014322902,0,3,3
original,trained_background_initial_readout,ukr_rus,lowest_sorted,covid_political,M2_post_meta/ridge,-0.38750212869526424,-0.5838883011429399,-0.1463264182761861,0,3,3
original,trained_background_initial_readout,ukr_rus,lowest_sorted,covid_political,S0_conv_center/prototype,0.0,0.0,0.0,0,0,3
original,trained_background_initial_readout,ukr_rus,lowest_sorted,covid_political,S0_conv_center/ridge,0.0,0.0,0.0,0,0,3
original,trained_background_initial_readout,ukr_rus,lowest_sorted,covid_political,S0_pool/prototype,0.0,-1.1102230246251565e-16,1.1102230246251565e-16,1,1,3
original,trained_background_initial_readout,ukr_rus,lowest_sorted,covid_political,S0_pool/ridge,0.0,-1.1102230246251565e-16,1.1102230246251565e-16,1,1,3
original,trained_background_initial_readout,ukr_rus,lowest_sorted,covid_political,U1_pre_meta/prototype,-0.035524438928674774,-0.04049597846137154,-0.02899622034143534,0,3,3
original,trained_background_initial_readout,ukr_rus,lowest_sorted,covid_political,U1_pre_meta/ridge,-0.032053252797067756,-0.03765925654658553,-0.02794053819444431,0,3,3
original,trained_background_initial_readout,ukr_rus,lowest_sorted,covid_political,final_input/prototype,-0.36452371102792247,-0.5792120474356192,-0.08648173014322902,0,3,3
original,trained_background_initial_readout,ukr_rus,lowest_sorted,covid_political,final_input/ridge,-0.38750212869526424,-0.5838883011429399,-0.1463264182761861,0,3,3
original,trained_background_initial_readout,ukr_rus,lowest_sorted,covid_political,full_model,-0.17654692096474733,-0.2041473388671875,-0.12431702790436938,0,3,3
original,trained_background_initial_readout,ukr_rus,lowest_sorted,covid_political,raw_center/prototype,0.0,0.0,0.0,0,0,3
original,trained_background_initial_readout,ukr_rus,lowest_sorted,covid_political,raw_center/ridge,0.0,0.0,0.0,0,0,3
original,trained_background_initial_readout,ukr_rus,lowest_sorted,covid_political,raw_context/prototype,1.1102230246251565e-16,1.1102230246251565e-16,1.1102230246251565e-16,3,0,3
original,trained_background_initial_readout,ukr_rus,lowest_sorted,covid_political,raw_context/ridge,0.0,0.0,0.0,0,0,3
original,trained_background_initial_readout,ukr_rus,lowest_sorted,covid_political,raw_joint/prototype,0.0,0.0,0.0,0,0,3
original,trained_background_initial_readout,ukr_rus,lowest_sorted,covid_political,raw_joint/ridge,0.0,0.0,0.0,0,0,3
original,trained_background_initial_readout,ukr_rus,lowest_sorted,election2020,M2_post_meta/prototype,-0.3856302897135417,-0.534698486328125,-0.190826416015625,0,3,3
original,trained_background_initial_readout,ukr_rus,lowest_sorted,election2020,M2_post_meta/ridge,-0.38348388671875,-0.533203125,-0.19012451171875,0,3,3
original,trained_background_initial_readout,ukr_rus,lowest_sorted,election2020,S0_conv_center/prototype,0.0,0.0,0.0,0,0,3
original,trained_background_initial_readout,ukr_rus,lowest_sorted,election2020,S0_conv_center/ridge,0.0,0.0,0.0,0,0,3
original,trained_background_initial_readout,ukr_rus,lowest_sorted,election2020,S0_pool/prototype,0.0,0.0,0.0,0,0,3
original,trained_background_initial_readout,ukr_rus,lowest_sorted,election2020,S0_pool/ridge,0.0,0.0,0.0,0,0,3
original,trained_background_initial_readout,ukr_rus,lowest_sorted,election2020,U1_pre_meta/prototype,-0.034688313802083336,-0.05242919921875,-0.01849365234375,0,3,3
original,trained_background_initial_readout,ukr_rus,lowest_sorted,election2020,U1_pre_meta/ridge,-0.0235595703125,-0.03900146484375,-0.01153564453125,0,3,3
original,trained_background_initial_readout,ukr_rus,lowest_sorted,election2020,final_input/prototype,-0.3856302897135417,-0.534698486328125,-0.190826416015625,0,3,3
original,trained_background_initial_readout,ukr_rus,lowest_sorted,election2020,final_input/ridge,-0.38348388671875,-0.533203125,-0.19012451171875,0,3,3
original,trained_background_initial_readout,ukr_rus,lowest_sorted,election2020,full_model,-0.22603352864583334,-0.344146728515625,-0.090728759765625,0,3,3
original,trained_background_initial_readout,ukr_rus,lowest_sorted,election2020,raw_center/prototype,0.0,0.0,0.0,0,0,3
original,trained_background_initial_readout,ukr_rus,lowest_sorted,election2020,raw_center/ridge,0.0,0.0,0.0,0,0,3
original,trained_background_initial_readout,ukr_rus,lowest_sorted,election2020,raw_context/prototype,0.0,0.0,0.0,0,0,3
original,trained_background_initial_readout,ukr_rus,lowest_sorted,election2020,raw_context/ridge,0.0,0.0,0.0,0,0,3
original,trained_background_initial_readout,ukr_rus,lowest_sorted,election2020,raw_joint/prototype,0.0,0.0,0.0,0,0,3
original,trained_background_initial_readout,ukr_rus,lowest_sorted,election2020,raw_joint/ridge,0.0,0.0,0.0,0,0,3
original,trained_background_initial_readout,ukr_rus,lowest_sorted,facebook_page_reference,M2_post_meta/prototype,-0.10851478576660156,-0.14702606201171875,-0.05500602722167969,0,3,3
original,trained_background_initial_readout,ukr_rus,lowest_sorted,facebook_page_reference,M2_post_meta/ridge,-0.11060714721679688,-0.14904403686523438,-0.05554008483886719,0,3,3
original,trained_background_initial_readout,ukr_rus,lowest_sorted,facebook_page_reference,S0_conv_center/prototype,0.0,0.0,0.0,0,0,3
original,trained_background_initial_readout,ukr_rus,lowest_sorted,facebook_page_reference,S0_conv_center/ridge,0.0,0.0,0.0,0,0,3
original,trained_background_initial_readout,ukr_rus,lowest_sorted,facebook_page_reference,S0_pool/prototype,0.0,0.0,0.0,0,0,3
original,trained_background_initial_readout,ukr_rus,lowest_sorted,facebook_page_reference,S0_pool/ridge,0.0,0.0,0.0,0,0,3
original,trained_background_initial_readout,ukr_rus,lowest_sorted,facebook_page_reference,U1_pre_meta/prototype,0.056994120279947914,0.0482177734375,0.06780624389648438,3,0,3
original,trained_background_initial_readout,ukr_rus,lowest_sorted,facebook_page_reference,U1_pre_meta/ridge,0.05615997314453125,0.04427337646484375,0.06617355346679688,3,0,3
original,trained_background_initial_readout,ukr_rus,lowest_sorted,facebook_page_reference,final_input/prototype,-0.10851478576660156,-0.14702606201171875,-0.05500602722167969,0,3,3
original,trained_background_initial_readout,ukr_rus,lowest_sorted,facebook_page_reference,final_input/ridge,-0.11060714721679688,-0.14904403686523438,-0.05554008483886719,0,3,3
original,trained_background_initial_readout,ukr_rus,lowest_sorted,facebook_page_reference,full_model,-0.08275985717773438,-0.10806655883789062,-0.05859375,0,3,3
original,trained_background_initial_readout,ukr_rus,lowest_sorted,facebook_page_reference,raw_center/prototype,0.0,0.0,0.0,0,0,3
original,trained_background_initial_readout,ukr_rus,lowest_sorted,facebook_page_reference,raw_center/ridge,-1.1102230246251565e-16,-1.1102230246251565e-16,-1.1102230246251565e-16,0,3,3
original,trained_background_initial_readout,ukr_rus,lowest_sorted,facebook_page_reference,raw_context/prototype,0.0,0.0,0.0,0,0,3
original,trained_background_initial_readout,ukr_rus,lowest_sorted,facebook_page_reference,raw_context/ridge,0.0,0.0,0.0,0,0,3
original,trained_background_initial_readout,ukr_rus,lowest_sorted,facebook_page_reference,raw_joint/prototype,0.0,0.0,0.0,0,0,3
original,trained_background_initial_readout,ukr_rus,lowest_sorted,facebook_page_reference,raw_joint/ridge,-1.1102230246251565e-16,-1.1102230246251565e-16,-1.1102230246251565e-16,0,3,3
original,trained_background_initial_readout,ukr_rus,lowest_sorted,twibot20,M2_post_meta/prototype,-0.07517503809045865,-0.17351362440321189,0.07043435838487411,1,2,3
original,trained_background_initial_readout,ukr_rus,lowest_sorted,twibot20,M2_post_meta/ridge,-0.06764652110912178,-0.1680895487467448,0.08682208591037333,1,2,3
original,trained_background_initial_readout,ukr_rus,lowest_sorted,twibot20,S0_conv_center/prototype,0.0,0.0,0.0,0,0,3
original,trained_background_initial_readout,ukr_rus,lowest_sorted,twibot20,S0_conv_center/ridge,0.0,0.0,0.0,0,0,3
original,trained_background_initial_readout,ukr_rus,lowest_sorted,twibot20,S0_pool/prototype,0.0,0.0,0.0,0,0,3
original,trained_background_initial_readout,ukr_rus,lowest_sorted,twibot20,S0_pool/ridge,0.0,0.0,0.0,0,0,3
original,trained_background_initial_readout,ukr_rus,lowest_sorted,twibot20,U1_pre_meta/prototype,0.027235666910807293,0.0160369873046875,0.03318977355957031,3,0,3
original,trained_background_initial_readout,ukr_rus,lowest_sorted,twibot20,U1_pre_meta/ridge,0.015853669908311645,0.0036366780598959814,0.022754033406575447,3,0,3
original,trained_background_initial_readout,ukr_rus,lowest_sorted,twibot20,final_input/prototype,-0.07517503809045865,-0.17351362440321189,0.07043435838487411,1,2,3
original,trained_background_initial_readout,ukr_rus,lowest_sorted,twibot20,final_input/ridge,-0.06764652110912178,-0.1680895487467448,0.08682208591037333,1,2,3
original,trained_background_initial_readout,ukr_rus,lowest_sorted,twibot20,full_model,-0.03256317421242046,-0.038342369927300446,-0.021108203464084152,0,3,3
original,trained_background_initial_readout,ukr_rus,lowest_sorted,twibot20,raw_center/prototype,0.0,0.0,0.0,0,0,3
original,trained_background_initial_readout,ukr_rus,lowest_sorted,twibot20,raw_center/ridge,0.0,0.0,0.0,0,0,3
original,trained_background_initial_readout,ukr_rus,lowest_sorted,twibot20,raw_context/prototype,0.0,0.0,0.0,0,0,3
original,trained_background_initial_readout,ukr_rus,lowest_sorted,twibot20,raw_context/ridge,0.0,0.0,0.0,0,0,3
original,trained_background_initial_readout,ukr_rus,lowest_sorted,twibot20,raw_joint/prototype,0.0,0.0,0.0,0,0,3
original,trained_background_initial_readout,ukr_rus,lowest_sorted,twibot20,raw_joint/ridge,0.0,0.0,0.0,0,0,3
original,trained_background_initial_readout,ukr_rus,lowest_sorted,ukr_rus_suspended,M2_post_meta/prototype,0.044840494791666664,-0.00897216796875,0.076171875,2,1,3
original,trained_background_initial_readout,ukr_rus,lowest_sorted,ukr_rus_suspended,M2_post_meta/ridge,0.044209798177083336,-0.0076904296875,0.0721435546875,2,1,3
original,trained_background_initial_readout,ukr_rus,lowest_sorted,ukr_rus_suspended,S0_conv_center/prototype,0.0,0.0,0.0,0,0,3
original,trained_background_initial_readout,ukr_rus,lowest_sorted,ukr_rus_suspended,S0_conv_center/ridge,0.0,0.0,0.0,0,0,3
original,trained_background_initial_readout,ukr_rus,lowest_sorted,ukr_rus_suspended,S0_pool/prototype,0.0,0.0,0.0,0,0,3
original,trained_background_initial_readout,ukr_rus,lowest_sorted,ukr_rus_suspended,S0_pool/ridge,0.0,0.0,0.0,0,0,3
original,trained_background_initial_readout,ukr_rus,lowest_sorted,ukr_rus_suspended,U1_pre_meta/prototype,-0.010009765625,-0.0228271484375,0.01153564453125,1,2,3
original,trained_background_initial_readout,ukr_rus,lowest_sorted,ukr_rus_suspended,U1_pre_meta/ridge,-0.018758138020833332,-0.0318603515625,0.001708984375,1,2,3
original,trained_background_initial_readout,ukr_rus,lowest_sorted,ukr_rus_suspended,final_input/prototype,0.044840494791666664,-0.00897216796875,0.076171875,2,1,3
original,trained_background_initial_readout,ukr_rus,lowest_sorted,ukr_rus_suspended,final_input/ridge,0.044209798177083336,-0.0076904296875,0.0721435546875,2,1,3
original,trained_background_initial_readout,ukr_rus,lowest_sorted,ukr_rus_suspended,full_model,0.0086669921875,-0.00103759765625,0.02630615234375,2,1,3
original,trained_background_initial_readout,ukr_rus,lowest_sorted,ukr_rus_suspended,raw_center/prototype,0.0,0.0,0.0,0,0,3
original,trained_background_initial_readout,ukr_rus,lowest_sorted,ukr_rus_suspended,raw_center/ridge,0.0,0.0,0.0,0,0,3
original,trained_background_initial_readout,ukr_rus,lowest_sorted,ukr_rus_suspended,raw_context/prototype,0.0,0.0,0.0,0,0,3
original,trained_background_initial_readout,ukr_rus,lowest_sorted,ukr_rus_suspended,raw_context/ridge,0.0,0.0,0.0,0,0,3
original,trained_background_initial_readout,ukr_rus,lowest_sorted,ukr_rus_suspended,raw_joint/prototype,0.0,0.0,0.0,0,0,3
original,trained_background_initial_readout,ukr_rus,lowest_sorted,ukr_rus_suspended,raw_joint/ridge,0.0,0.0,0.0,0,0,3
original,trained_background_initial_readout,ukr_rus,uniform_shuffled,covid_political,M2_post_meta/prototype,-0.3793580796983507,-0.6461291842990451,-0.20959416142216447,0,3,3
original,trained_background_initial_readout,ukr_rus,uniform_shuffled,covid_political,M2_post_meta/ridge,-0.3972885696976274,-0.6511778654875577,-0.25904761420355904,0,3,3
original,trained_background_initial_readout,ukr_rus,uniform_shuffled,covid_political,S0_conv_center/prototype,0.0,0.0,0.0,0,0,3
original,trained_background_initial_readout,ukr_rus,uniform_shuffled,covid_political,S0_conv_center/ridge,0.0,0.0,0.0,0,0,3
original,trained_background_initial_readout,ukr_rus,uniform_shuffled,covid_political,S0_pool/prototype,0.0,-1.1102230246251565e-16,1.1102230246251565e-16,1,1,3
original,trained_background_initial_readout,ukr_rus,uniform_shuffled,covid_political,S0_pool/ridge,0.0,0.0,0.0,0,0,3
original,trained_background_initial_readout,ukr_rus,uniform_shuffled,covid_political,U1_pre_meta/prototype,-0.03515116373697913,-0.04052790889033553,-0.0289555302372686,0,3,3
original,trained_background_initial_readout,ukr_rus,uniform_shuffled,covid_political,U1_pre_meta/ridge,-0.03137979389708723,-0.03668241147641804,-0.02409108479817712,0,3,3
original,trained_background_initial_readout,ukr_rus,uniform_shuffled,covid_political,final_input/prototype,-0.3793580796983507,-0.6461291842990451,-0.20959416142216447,0,3,3
original,trained_background_initial_readout,ukr_rus,uniform_shuffled,covid_political,final_input/ridge,-0.3972885696976274,-0.6511778654875577,-0.25904761420355904,0,3,3
original,trained_background_initial_readout,ukr_rus,uniform_shuffled,covid_political,full_model,-0.09295494173779906,-0.11501425283926503,-0.06145590322989014,0,3,3
original,trained_background_initial_readout,ukr_rus,uniform_shuffled,covid_political,raw_center/prototype,0.0,0.0,0.0,0,0,3
original,trained_background_initial_readout,ukr_rus,uniform_shuffled,covid_political,raw_center/ridge,0.0,0.0,0.0,0,0,3
original,trained_background_initial_readout,ukr_rus,uniform_shuffled,covid_political,raw_context/prototype,1.1102230246251565e-16,1.1102230246251565e-16,1.1102230246251565e-16,3,0,3
original,trained_background_initial_readout,ukr_rus,uniform_shuffled,covid_political,raw_context/ridge,0.0,0.0,0.0,0,0,3
original,trained_background_initial_readout,ukr_rus,uniform_shuffled,covid_political,raw_joint/prototype,0.0,0.0,0.0,0,0,3
original,trained_background_initial_readout,ukr_rus,uniform_shuffled,covid_political,raw_joint/ridge,0.0,0.0,0.0,0,0,3
original,trained_background_initial_readout,ukr_rus,uniform_shuffled,election2020,M2_post_meta/prototype,-0.4219868977864583,-0.68621826171875,-0.28460693359375,0,3,3
original,trained_background_initial_readout,ukr_rus,uniform_shuffled,election2020,M2_post_meta/ridge,-0.4208577473958333,-0.68756103515625,-0.28155517578125,0,3,3
original,trained_background_initial_readout,ukr_rus,uniform_shuffled,election2020,S0_conv_center/prototype,0.0,0.0,0.0,0,0,3
original,trained_background_initial_readout,ukr_rus,uniform_shuffled,election2020,S0_conv_center/ridge,0.0,0.0,0.0,0,0,3
original,trained_background_initial_readout,ukr_rus,uniform_shuffled,election2020,S0_pool/prototype,0.0,0.0,0.0,0,0,3
original,trained_background_initial_readout,ukr_rus,uniform_shuffled,election2020,S0_pool/ridge,0.0,0.0,0.0,0,0,3
original,trained_background_initial_readout,ukr_rus,uniform_shuffled,election2020,U1_pre_meta/prototype,-0.022216796875,-0.02691650390625,-0.014892578125,0,3,3
original,trained_background_initial_readout,ukr_rus,uniform_shuffled,election2020,U1_pre_meta/ridge,-0.010782877604166666,-0.01287841796875,-0.00689697265625,0,3,3
original,trained_background_initial_readout,ukr_rus,uniform_shuffled,election2020,final_input/prototype,-0.4219868977864583,-0.68621826171875,-0.28460693359375,0,3,3
original,trained_background_initial_readout,ukr_rus,uniform_shuffled,election2020,final_input/ridge,-0.4208577473958333,-0.68756103515625,-0.28155517578125,0,3,3
original,trained_background_initial_readout,ukr_rus,uniform_shuffled,election2020,full_model,-0.12157185872395833,-0.177947998046875,-0.091064453125,0,3,3
original,trained_background_initial_readout,ukr_rus,uniform_shuffled,election2020,raw_center/prototype,0.0,0.0,0.0,0,0,3
original,trained_background_initial_readout,ukr_rus,uniform_shuffled,election2020,raw_center/ridge,0.0,0.0,0.0,0,0,3
original,trained_background_initial_readout,ukr_rus,uniform_shuffled,election2020,raw_context/prototype,0.0,0.0,0.0,0,0,3
original,trained_background_initial_readout,ukr_rus,uniform_shuffled,election2020,raw_context/ridge,0.0,0.0,0.0,0,0,3
original,trained_background_initial_readout,ukr_rus,uniform_shuffled,election2020,raw_joint/prototype,0.0,0.0,0.0,0,0,3
original,trained_background_initial_readout,ukr_rus,uniform_shuffled,election2020,raw_joint/ridge,0.0,0.0,0.0,0,0,3
original,trained_background_initial_readout,ukr_rus,uniform_shuffled,facebook_page_reference,M2_post_meta/prototype,-0.10449981689453125,-0.15860557556152344,-0.05236244201660156,0,3,3
original,trained_background_initial_readout,ukr_rus,uniform_shuffled,facebook_page_reference,M2_post_meta/ridge,-0.11782201131184895,-0.16945648193359375,-0.06281852722167969,0,3,3
original,trained_background_initial_readout,ukr_rus,uniform_shuffled,facebook_page_reference,S0_conv_center/prototype,0.0,0.0,0.0,0,0,3
original,trained_background_initial_readout,ukr_rus,uniform_shuffled,facebook_page_reference,S0_conv_center/ridge,0.0,0.0,0.0,0,0,3
original,trained_background_initial_readout,ukr_rus,uniform_shuffled,facebook_page_reference,S0_pool/prototype,0.0,0.0,0.0,0,0,3
original,trained_background_initial_readout,ukr_rus,uniform_shuffled,facebook_page_reference,S0_pool/ridge,0.0,0.0,0.0,0,0,3
original,trained_background_initial_readout,ukr_rus,uniform_shuffled,facebook_page_reference,U1_pre_meta/prototype,0.046305338541666664,0.044338226318359375,0.048187255859375,3,0,3
original,trained_background_initial_readout,ukr_rus,uniform_shuffled,facebook_page_reference,U1_pre_meta/ridge,0.04762395222981771,0.042999267578125,0.050632476806640625,3,0,3
original,trained_background_initial_readout,ukr_rus,uniform_shuffled,facebook_page_reference,final_input/prototype,-0.10449981689453125,-0.15860557556152344,-0.05236244201660156,0,3,3
original,trained_background_initial_readout,ukr_rus,uniform_shuffled,facebook_page_reference,final_input/ridge,-0.11782201131184895,-0.16945648193359375,-0.06281852722167969,0,3,3
original,trained_background_initial_readout,ukr_rus,uniform_shuffled,facebook_page_reference,full_model,-0.07534472147623698,-0.08297348022460938,-0.06703948974609375,0,3,3
original,trained_background_initial_readout,ukr_rus,uniform_shuffled,facebook_page_reference,raw_center/prototype,0.0,0.0,0.0,0,0,3
original,trained_background_initial_readout,ukr_rus,uniform_shuffled,facebook_page_reference,raw_center/ridge,-1.1102230246251565e-16,-1.1102230246251565e-16,-1.1102230246251565e-16,0,3,3
original,trained_background_initial_readout,ukr_rus,uniform_shuffled,facebook_page_reference,raw_context/prototype,0.0,0.0,0.0,0,0,3
original,trained_background_initial_readout,ukr_rus,uniform_shuffled,facebook_page_reference,raw_context/ridge,0.0,0.0,0.0,0,0,3
original,trained_background_initial_readout,ukr_rus,uniform_shuffled,facebook_page_reference,raw_joint/prototype,0.0,0.0,0.0,0,0,3
original,trained_background_initial_readout,ukr_rus,uniform_shuffled,facebook_page_reference,raw_joint/ridge,-1.1102230246251565e-16,-1.1102230246251565e-16,-1.1102230246251565e-16,0,3,3
original,trained_background_initial_readout,ukr_rus,uniform_shuffled,twibot20,M2_post_meta/prototype,-0.15380110564055263,-0.1831978691948784,-0.13827832539876306,0,3,3
original,trained_background_initial_readout,ukr_rus,uniform_shuffled,twibot20,M2_post_meta/ridge,-0.15399975246853298,-0.17596711052788622,-0.13226721021864152,0,3,3
original,trained_background_initial_readout,ukr_rus,uniform_shuffled,twibot20,S0_conv_center/prototype,0.0,0.0,0.0,0,0,3
original,trained_background_initial_readout,ukr_rus,uniform_shuffled,twibot20,S0_conv_center/ridge,0.0,0.0,0.0,0,0,3
original,trained_background_initial_readout,ukr_rus,uniform_shuffled,twibot20,S0_pool/prototype,0.0,0.0,0.0,0,0,3
original,trained_background_initial_readout,ukr_rus,uniform_shuffled,twibot20,S0_pool/ridge,0.0,0.0,0.0,0,0,3
original,trained_background_initial_readout,ukr_rus,uniform_shuffled,twibot20,U1_pre_meta/prototype,0.030119224830910007,0.01401095920138895,0.038399166531033035,3,0,3
original,trained_background_initial_readout,ukr_rus,uniform_shuffled,twibot20,U1_pre_meta/ridge,0.018674709178783295,0.0063815646701388395,0.024873521592882142,3,0,3
original,trained_background_initial_readout,ukr_rus,uniform_shuffled,twibot20,final_input/prototype,-0.15380110564055263,-0.1831978691948784,-0.13827832539876306,0,3,3
original,trained_background_initial_readout,ukr_rus,uniform_shuffled,twibot20,final_input/ridge,-0.15399975246853298,-0.17596711052788622,-0.13226721021864152,0,3,3
original,trained_background_initial_readout,ukr_rus,uniform_shuffled,twibot20,full_model,-0.0566703655101635,-0.0945544772677952,-0.020388921101888058,0,3,3
original,trained_background_initial_readout,ukr_rus,uniform_shuffled,twibot20,raw_center/prototype,0.0,0.0,0.0,0,0,3
original,trained_background_initial_readout,ukr_rus,uniform_shuffled,twibot20,raw_center/ridge,0.0,0.0,0.0,0,0,3
original,trained_background_initial_readout,ukr_rus,uniform_shuffled,twibot20,raw_context/prototype,0.0,0.0,0.0,0,0,3
original,trained_background_initial_readout,ukr_rus,uniform_shuffled,twibot20,raw_context/ridge,0.0,0.0,0.0,0,0,3
original,trained_background_initial_readout,ukr_rus,uniform_shuffled,twibot20,raw_joint/prototype,0.0,0.0,0.0,0,0,3
original,trained_background_initial_readout,ukr_rus,uniform_shuffled,twibot20,raw_joint/ridge,0.0,0.0,0.0,0,0,3
original,trained_background_initial_readout,ukr_rus,uniform_shuffled,ukr_rus_suspended,M2_post_meta/prototype,-0.03179931640625,-0.060791015625,0.016204833984375,1,2,3
original,trained_background_initial_readout,ukr_rus,uniform_shuffled,ukr_rus_suspended,M2_post_meta/ridge,-0.032572428385416664,-0.0604248046875,0.00970458984375,1,2,3
original,trained_background_initial_readout,ukr_rus,uniform_shuffled,ukr_rus_suspended,S0_conv_center/prototype,0.0,0.0,0.0,0,0,3
original,trained_background_initial_readout,ukr_rus,uniform_shuffled,ukr_rus_suspended,S0_conv_center/ridge,0.0,0.0,0.0,0,0,3
original,trained_background_initial_readout,ukr_rus,uniform_shuffled,ukr_rus_suspended,S0_pool/prototype,0.0,0.0,0.0,0,0,3
original,trained_background_initial_readout,ukr_rus,uniform_shuffled,ukr_rus_suspended,S0_pool/ridge,0.0,0.0,0.0,0,0,3
original,trained_background_initial_readout,ukr_rus,uniform_shuffled,ukr_rus_suspended,U1_pre_meta/prototype,-0.007344563802083333,-0.03997802734375,0.0093994140625,2,1,3
original,trained_background_initial_readout,ukr_rus,uniform_shuffled,ukr_rus_suspended,U1_pre_meta/ridge,-0.016520182291666668,-0.0406494140625,-0.00115966796875,0,3,3
original,trained_background_initial_readout,ukr_rus,uniform_shuffled,ukr_rus_suspended,final_input/prototype,-0.03179931640625,-0.060791015625,0.016204833984375,1,2,3
original,trained_background_initial_readout,ukr_rus,uniform_shuffled,ukr_rus_suspended,final_input/ridge,-0.032572428385416664,-0.0604248046875,0.00970458984375,1,2,3
original,trained_background_initial_readout,ukr_rus,uniform_shuffled,ukr_rus_suspended,full_model,0.0125732421875,-0.010986328125,0.05047607421875,1,2,3
original,trained_background_initial_readout,ukr_rus,uniform_shuffled,ukr_rus_suspended,raw_center/prototype,0.0,0.0,0.0,0,0,3
original,trained_background_initial_readout,ukr_rus,uniform_shuffled,ukr_rus_suspended,raw_center/ridge,0.0,0.0,0.0,0,0,3
original,trained_background_initial_readout,ukr_rus,uniform_shuffled,ukr_rus_suspended,raw_context/prototype,0.0,0.0,0.0,0,0,3
original,trained_background_initial_readout,ukr_rus,uniform_shuffled,ukr_rus_suspended,raw_context/ridge,0.0,0.0,0.0,0,0,3
original,trained_background_initial_readout,ukr_rus,uniform_shuffled,ukr_rus_suspended,raw_joint/prototype,0.0,0.0,0.0,0,0,3
original,trained_background_initial_readout,ukr_rus,uniform_shuffled,ukr_rus_suspended,raw_joint/ridge,0.0,0.0,0.0,0,0,3
original,trained_background_initial_readout,ukr_rus,uniform_sorted,covid_political,M2_post_meta/prototype,-0.28444577440803426,-0.40058672869646983,-0.0695037841796875,0,3,3
original,trained_background_initial_readout,ukr_rus,uniform_sorted,covid_political,M2_post_meta/ridge,-0.3062455919053819,-0.43072029396339717,-0.0884690461335359,0,3,3
original,trained_background_initial_readout,ukr_rus,uniform_sorted,covid_political,S0_conv_center/prototype,0.0,0.0,0.0,0,0,3
original,trained_background_initial_readout,ukr_rus,uniform_sorted,covid_political,S0_conv_center/ridge,0.0,0.0,0.0,0,0,3
original,trained_background_initial_readout,ukr_rus,uniform_sorted,covid_political,S0_pool/prototype,-7.401486830834377e-17,-1.1102230246251565e-16,0.0,0,2,3
original,trained_background_initial_readout,ukr_rus,uniform_sorted,covid_political,S0_pool/ridge,7.401486830834377e-17,0.0,1.1102230246251565e-16,2,0,3
original,trained_background_initial_readout,ukr_rus,uniform_sorted,covid_political,U1_pre_meta/prototype,-0.04689176582995754,-0.05735891836660878,-0.03558999520760986,0,3,3
original,trained_background_initial_readout,ukr_rus,uniform_sorted,covid_political,U1_pre_meta/ridge,-0.038373405550732875,-0.0516221788194442,-0.03027400264033575,0,3,3
original,trained_background_initial_readout,ukr_rus,uniform_sorted,covid_political,final_input/prototype,-0.28444577440803426,-0.40058672869646983,-0.0695037841796875,0,3,3
original,trained_background_initial_readout,ukr_rus,uniform_sorted,covid_political,final_input/ridge,-0.3062455919053819,-0.43072029396339717,-0.0884690461335359,0,3,3
original,trained_background_initial_readout,ukr_rus,uniform_sorted,covid_political,full_model,-0.1610005696614584,-0.2392134489836516,-0.08458737973813679,0,3,3
original,trained_background_initial_readout,ukr_rus,uniform_sorted,covid_political,raw_center/prototype,0.0,0.0,0.0,0,0,3
original,trained_background_initial_readout,ukr_rus,uniform_sorted,covid_political,raw_center/ridge,0.0,0.0,0.0,0,0,3
original,trained_background_initial_readout,ukr_rus,uniform_sorted,covid_political,raw_context/prototype,1.1102230246251565e-16,1.1102230246251565e-16,1.1102230246251565e-16,3,0,3
original,trained_background_initial_readout,ukr_rus,uniform_sorted,covid_political,raw_context/ridge,0.0,0.0,0.0,0,0,3
original,trained_background_initial_readout,ukr_rus,uniform_sorted,covid_political,raw_joint/prototype,0.0,0.0,0.0,0,0,3
original,trained_background_initial_readout,ukr_rus,uniform_sorted,covid_political,raw_joint/ridge,0.0,0.0,0.0,0,0,3
original,trained_background_initial_readout,ukr_rus,uniform_sorted,election2020,M2_post_meta/prototype,-0.41448974609375,-0.7213134765625,-0.12249755859375,0,3,3
original,trained_background_initial_readout,ukr_rus,uniform_sorted,election2020,M2_post_meta/ridge,-0.4192097981770833,-0.735595703125,-0.12091064453125,0,3,3
original,trained_background_initial_readout,ukr_rus,uniform_sorted,election2020,S0_conv_center/prototype,0.0,0.0,0.0,0,0,3
original,trained_background_initial_readout,ukr_rus,uniform_sorted,election2020,S0_conv_center/ridge,0.0,0.0,0.0,0,0,3
original,trained_background_initial_readout,ukr_rus,uniform_sorted,election2020,S0_pool/prototype,0.0,0.0,0.0,0,0,3
original,trained_background_initial_readout,ukr_rus,uniform_sorted,election2020,S0_pool/ridge,0.0,0.0,0.0,0,0,3
original,trained_background_initial_readout,ukr_rus,uniform_sorted,election2020,U1_pre_meta/prototype,-0.024373372395833332,-0.032470703125,-0.0186767578125,0,3,3
original,trained_background_initial_readout,ukr_rus,uniform_sorted,election2020,U1_pre_meta/ridge,-0.014729817708333334,-0.0230712890625,-0.00958251953125,0,3,3
original,trained_background_initial_readout,ukr_rus,uniform_sorted,election2020,final_input/prototype,-0.41448974609375,-0.7213134765625,-0.12249755859375,0,3,3
original,trained_background_initial_readout,ukr_rus,uniform_sorted,election2020,final_input/ridge,-0.4192097981770833,-0.735595703125,-0.12091064453125,0,3,3
original,trained_background_initial_readout,ukr_rus,uniform_sorted,election2020,full_model,-0.3083902994791667,-0.50726318359375,-0.072021484375,0,3,3
original,trained_background_initial_readout,ukr_rus,uniform_sorted,election2020,raw_center/prototype,0.0,0.0,0.0,0,0,3
original,trained_background_initial_readout,ukr_rus,uniform_sorted,election2020,raw_center/ridge,0.0,0.0,0.0,0,0,3
original,trained_background_initial_readout,ukr_rus,uniform_sorted,election2020,raw_context/prototype,0.0,0.0,0.0,0,0,3
original,trained_background_initial_readout,ukr_rus,uniform_sorted,election2020,raw_context/ridge,0.0,0.0,0.0,0,0,3
original,trained_background_initial_readout,ukr_rus,uniform_sorted,election2020,raw_joint/prototype,0.0,0.0,0.0,0,0,3
original,trained_background_initial_readout,ukr_rus,uniform_sorted,election2020,raw_joint/ridge,0.0,0.0,0.0,0,0,3
original,trained_background_initial_readout,ukr_rus,uniform_sorted,facebook_page_reference,M2_post_meta/prototype,-0.14015897115071616,-0.16881752014160156,-0.1172027587890625,0,3,3
original,trained_background_initial_readout,ukr_rus,uniform_sorted,facebook_page_reference,M2_post_meta/ridge,-0.148590087890625,-0.17053604125976562,-0.12806129455566406,0,3,3
original,trained_background_initial_readout,ukr_rus,uniform_sorted,facebook_page_reference,S0_conv_center/prototype,0.0,0.0,0.0,0,0,3
original,trained_background_initial_readout,ukr_rus,uniform_sorted,facebook_page_reference,S0_conv_center/ridge,0.0,0.0,0.0,0,0,3
original,trained_background_initial_readout,ukr_rus,uniform_sorted,facebook_page_reference,S0_pool/prototype,0.0,0.0,0.0,0,0,3
original,trained_background_initial_readout,ukr_rus,uniform_sorted,facebook_page_reference,S0_pool/ridge,0.0,0.0,0.0,0,0,3
original,trained_background_initial_readout,ukr_rus,uniform_sorted,facebook_page_reference,U1_pre_meta/prototype,0.05119450887044271,0.04312896728515625,0.05615997314453125,3,0,3
original,trained_background_initial_readout,ukr_rus,uniform_sorted,facebook_page_reference,U1_pre_meta/ridge,0.051403045654296875,0.046558380126953125,0.0574951171875,3,0,3
original,trained_background_initial_readout,ukr_rus,uniform_sorted,facebook_page_reference,final_input/prototype,-0.14015897115071616,-0.16881752014160156,-0.1172027587890625,0,3,3
original,trained_background_initial_readout,ukr_rus,uniform_sorted,facebook_page_reference,final_input/ridge,-0.148590087890625,-0.17053604125976562,-0.12806129455566406,0,3,3
original,trained_background_initial_readout,ukr_rus,uniform_sorted,facebook_page_reference,full_model,-0.10094706217447917,-0.1379852294921875,-0.05546379089355469,0,3,3
original,trained_background_initial_readout,ukr_rus,uniform_sorted,facebook_page_reference,raw_center/prototype,0.0,0.0,0.0,0,0,3
original,trained_background_initial_readout,ukr_rus,uniform_sorted,facebook_page_reference,raw_center/ridge,-1.1102230246251565e-16,-1.1102230246251565e-16,-1.1102230246251565e-16,0,3,3
original,trained_background_initial_readout,ukr_rus,uniform_sorted,facebook_page_reference,raw_context/prototype,0.0,0.0,0.0,0,0,3
original,trained_background_initial_readout,ukr_rus,uniform_sorted,facebook_page_reference,raw_context/ridge,0.0,0.0,0.0,0,0,3
original,trained_background_initial_readout,ukr_rus,uniform_sorted,facebook_page_reference,raw_joint/prototype,0.0,0.0,0.0,0,0,3
original,trained_background_initial_readout,ukr_rus,uniform_sorted,facebook_page_reference,raw_joint/ridge,-1.1102230246251565e-16,-1.1102230246251565e-16,-1.1102230246251565e-16,0,3,3
original,trained_background_initial_readout,ukr_rus,uniform_sorted,twibot20,M2_post_meta/prototype,-0.07977852997956443,-0.20465448167588962,-0.005135430230034599,0,3,3
original,trained_background_initial_readout,ukr_rus,uniform_sorted,twibot20,M2_post_meta/ridge,-0.0833536077428748,-0.21127298143174927,-0.012779447767469643,0,3,3
original,trained_background_initial_readout,ukr_rus,uniform_sorted,twibot20,S0_conv_center/prototype,0.0,0.0,0.0,0,0,3
original,trained_background_initial_readout,ukr_rus,uniform_sorted,twibot20,S0_conv_center/ridge,0.0,0.0,0.0,0,0,3
original,trained_background_initial_readout,ukr_rus,uniform_sorted,twibot20,S0_pool/prototype,0.0,0.0,0.0,0,0,3
original,trained_background_initial_readout,ukr_rus,uniform_sorted,twibot20,S0_pool/ridge,0.0,0.0,0.0,0,0,3
original,trained_background_initial_readout,ukr_rus,uniform_sorted,twibot20,U1_pre_meta/prototype,0.023703751740632256,0.014924367268880245,0.037300533718533146,3,0,3
original,trained_background_initial_readout,ukr_rus,uniform_sorted,twibot20,U1_pre_meta/ridge,0.011855655246310826,0.004866494072808147,0.022705078125,3,0,3
original,trained_background_initial_readout,ukr_rus,uniform_sorted,twibot20,final_input/prototype,-0.07977852997956443,-0.20465448167588962,-0.005135430230034599,0,3,3
original,trained_background_initial_readout,ukr_rus,uniform_sorted,twibot20,final_input/ridge,-0.0833536077428748,-0.21127298143174927,-0.012779447767469643,0,3,3
original,trained_background_initial_readout,ukr_rus,uniform_sorted,twibot20,full_model,-0.06443320380316837,-0.07272847493489576,-0.05208502875434029,0,3,3
original,trained_background_initial_readout,ukr_rus,uniform_sorted,twibot20,raw_center/prototype,0.0,0.0,0.0,0,0,3
original,trained_background_initial_readout,ukr_rus,uniform_sorted,twibot20,raw_center/ridge,0.0,0.0,0.0,0,0,3
original,trained_background_initial_readout,ukr_rus,uniform_sorted,twibot20,raw_context/prototype,0.0,0.0,0.0,0,0,3
original,trained_background_initial_readout,ukr_rus,uniform_sorted,twibot20,raw_context/ridge,0.0,0.0,0.0,0,0,3
original,trained_background_initial_readout,ukr_rus,uniform_sorted,twibot20,raw_joint/prototype,0.0,0.0,0.0,0,0,3
original,trained_background_initial_readout,ukr_rus,uniform_sorted,twibot20,raw_joint/ridge,0.0,0.0,0.0,0,0,3
original,trained_background_initial_readout,ukr_rus,uniform_sorted,ukr_rus_suspended,M2_post_meta/prototype,-0.015726725260416668,-0.057159423828125,0.034912109375,1,2,3
original,trained_background_initial_readout,ukr_rus,uniform_sorted,ukr_rus_suspended,M2_post_meta/ridge,-0.011210123697916666,-0.05621337890625,0.04034423828125,1,2,3
original,trained_background_initial_readout,ukr_rus,uniform_sorted,ukr_rus_suspended,S0_conv_center/prototype,0.0,0.0,0.0,0,0,3
original,trained_background_initial_readout,ukr_rus,uniform_sorted,ukr_rus_suspended,S0_conv_center/ridge,0.0,0.0,0.0,0,0,3
original,trained_background_initial_readout,ukr_rus,uniform_sorted,ukr_rus_suspended,S0_pool/prototype,0.0,0.0,0.0,0,0,3
original,trained_background_initial_readout,ukr_rus,uniform_sorted,ukr_rus_suspended,S0_pool/ridge,0.0,0.0,0.0,0,0,3
original,trained_background_initial_readout,ukr_rus,uniform_sorted,ukr_rus_suspended,U1_pre_meta/prototype,-0.023417154947916668,-0.0294189453125,-0.01226806640625,0,3,3
original,trained_background_initial_readout,ukr_rus,uniform_sorted,ukr_rus_suspended,U1_pre_meta/ridge,-0.02789306640625,-0.04052734375,-0.0125732421875,0,3,3
original,trained_background_initial_readout,ukr_rus,uniform_sorted,ukr_rus_suspended,final_input/prototype,-0.015726725260416668,-0.057159423828125,0.034912109375,1,2,3
original,trained_background_initial_readout,ukr_rus,uniform_sorted,ukr_rus_suspended,final_input/ridge,-0.011210123697916666,-0.05621337890625,0.04034423828125,1,2,3
original,trained_background_initial_readout,ukr_rus,uniform_sorted,ukr_rus_suspended,full_model,0.010599772135416666,-0.001708984375,0.02276611328125,2,1,3
original,trained_background_initial_readout,ukr_rus,uniform_sorted,ukr_rus_suspended,raw_center/prototype,0.0,0.0,0.0,0,0,3
original,trained_background_initial_readout,ukr_rus,uniform_sorted,ukr_rus_suspended,raw_center/ridge,0.0,0.0,0.0,0,0,3
original,trained_background_initial_readout,ukr_rus,uniform_sorted,ukr_rus_suspended,raw_context/prototype,0.0,0.0,0.0,0,0,3
original,trained_background_initial_readout,ukr_rus,uniform_sorted,ukr_rus_suspended,raw_context/ridge,0.0,0.0,0.0,0,0,3
original,trained_background_initial_readout,ukr_rus,uniform_sorted,ukr_rus_suspended,raw_joint/prototype,0.0,0.0,0.0,0,0,3
original,trained_background_initial_readout,ukr_rus,uniform_sorted,ukr_rus_suspended,raw_joint/ridge,0.0,0.0,0.0,0,0,3
