stream,source,seed,policy,parent_model_id,dataset,decoder,trained_readout_effect_trained_background_roc_auc,trained_readout_effect_initial_background_roc_auc,background_by_readout_interaction_roc_auc,trained_readout_effect_trained_background_accuracy,trained_readout_effect_initial_background_accuracy,background_by_readout_interaction_accuracy,trained_readout_effect_trained_background_f1,trained_readout_effect_initial_background_f1,background_by_readout_interaction_f1,trained_readout_effect_trained_background_nll,trained_readout_effect_initial_background_nll,background_by_readout_interaction_nll
fresh,cp_hk,0,lowest_shuffled,memberctl_cp_hk_lowest_shuffled_s0,covid_political,M2_post_meta/prototype,0.3950110541449652,-0.0026728312174478797,0.39768388536241306,0.1142578125,-0.04947916666666674,0.16373697916666674,0.6485761986502692,-0.005817087695104306,0.6543932863453734,-0.05358999967575073,-0.0006558895111083984,-0.052934110164642334
fresh,cp_hk,0,lowest_shuffled,memberctl_cp_hk_lowest_shuffled_s0,covid_political,M2_post_meta/ridge,0.39412943522135413,0.0014323481807002603,0.39269708704065387,0.1220703125,-0.04850260416666663,0.17057291666666663,0.659116334113906,-0.0036532633342103438,0.6627695974481164,-0.15459537506103516,-0.00524824857711792,-0.14934712648391724
fresh,cp_hk,0,lowest_shuffled,memberctl_cp_hk_lowest_shuffled_s0,covid_political,S0_conv_center/prototype,-0.0,0.0,-0.0,-0.0,0.0,-0.0,-0.0,5.551115123125783e-17,-5.551115123125783e-17,-0.0,0.0,-0.0
fresh,cp_hk,0,lowest_shuffled,memberctl_cp_hk_lowest_shuffled_s0,covid_political,S0_conv_center/ridge,-0.0,0.0,-0.0,-0.0,0.0,-0.0,-0.0,0.0,-0.0,-0.0,0.0,-0.0
fresh,cp_hk,0,lowest_shuffled,memberctl_cp_hk_lowest_shuffled_s0,covid_political,S0_pool/prototype,-0.0,0.0,-0.0,-0.0,0.0,-0.0,-0.0,0.0,-0.0,-0.0,0.0,-0.0
fresh,cp_hk,0,lowest_shuffled,memberctl_cp_hk_lowest_shuffled_s0,covid_political,S0_pool/ridge,-1.1102230246251565e-16,0.0,-1.1102230246251565e-16,-0.0,0.0,-0.0,-0.0,0.0,-0.0,-0.0,0.0,-0.0
fresh,cp_hk,0,lowest_shuffled,memberctl_cp_hk_lowest_shuffled_s0,covid_political,U1_pre_meta/prototype,0.04517844871238419,-0.003981978804976749,0.04916042751736094,0.08203125,-0.03190104166666663,0.11393229166666663,0.1057482171612607,-0.011808342300145602,0.11755655946140631,-0.02981281280517578,1.8894672393798828e-05,-0.02983170747756958
fresh,cp_hk,0,lowest_shuffled,memberctl_cp_hk_lowest_shuffled_s0,covid_political,U1_pre_meta/ridge,0.04473424840856499,-0.01587535716869215,0.06060960557725714,0.0927734375,-0.03971354166666663,0.13248697916666663,0.12364541042156352,-0.024540424772443226,0.14818583519400674,-0.07041311264038086,0.000478208065032959,-0.07089132070541382
fresh,cp_hk,0,lowest_shuffled,memberctl_cp_hk_lowest_shuffled_s0,covid_political,final_input/prototype,0.3950110541449652,-0.0026728312174478797,0.39768388536241306,0.1142578125,-0.04947916666666674,0.16373697916666674,0.6485761986502692,-0.005817087695104306,0.6543932863453734,-0.05358999967575073,-0.0006558895111083984,-0.052934110164642334
fresh,cp_hk,0,lowest_shuffled,memberctl_cp_hk_lowest_shuffled_s0,covid_political,final_input/ridge,0.39412943522135413,0.0014323481807002603,0.39269708704065387,0.1220703125,-0.04850260416666663,0.17057291666666663,0.659116334113906,-0.0036532633342103438,0.6627695974481164,-0.15459537506103516,-0.00524824857711792,-0.14934712648391724
fresh,cp_hk,0,lowest_shuffled,memberctl_cp_hk_lowest_shuffled_s0,covid_political,full_model,0.10288521095558456,-0.03417431866681131,0.13705952962239587,0.06705729166666663,0.0,0.06705729166666663,0.12816665540210725,0.0,0.12816665540210725,-0.08372068405151367,-0.005819439888000488,-0.07790124416351318
fresh,cp_hk,0,lowest_shuffled,memberctl_cp_hk_lowest_shuffled_s0,covid_political,raw_center/prototype,-0.0,0.0,-0.0,-0.0,0.0,-0.0,-0.0,0.0,-0.0,-0.0,0.0,-0.0
fresh,cp_hk,0,lowest_shuffled,memberctl_cp_hk_lowest_shuffled_s0,covid_political,raw_center/ridge,-0.0,0.0,-0.0,-0.0,0.0,-0.0,-0.0,0.0,-0.0,-0.0,0.0,-0.0
fresh,cp_hk,0,lowest_shuffled,memberctl_cp_hk_lowest_shuffled_s0,covid_political,raw_context/prototype,-1.1102230246251565e-16,1.1102230246251565e-16,-2.220446049250313e-16,-0.0,0.0,-0.0,-0.0,0.0,-0.0,-0.0,0.0,-0.0
fresh,cp_hk,0,lowest_shuffled,memberctl_cp_hk_lowest_shuffled_s0,covid_political,raw_context/ridge,-0.0,0.0,-0.0,-0.0,0.0,-0.0,-0.0,0.0,-0.0,-0.0,0.0,-0.0
fresh,cp_hk,0,lowest_shuffled,memberctl_cp_hk_lowest_shuffled_s0,covid_political,raw_joint/prototype,-0.0,0.0,-0.0,-0.0,0.0,-0.0,-0.0,0.0,-0.0,-0.0,0.0,-0.0
fresh,cp_hk,0,lowest_shuffled,memberctl_cp_hk_lowest_shuffled_s0,covid_political,raw_joint/ridge,-0.0,0.0,-0.0,-0.0,0.0,-0.0,-0.0,0.0,-0.0,-0.0,0.0,-0.0
fresh,cp_hk,0,lowest_shuffled,memberctl_cp_hk_lowest_shuffled_s0,election2020,M2_post_meta/prototype,0.41552734375,-0.051239013671875,0.466766357421875,0.4296875,-0.06640625,0.49609375,0.9090803932909196,-0.07055518836748176,0.9796355816584014,-0.07063037157058716,-8.082389831542969e-05,-0.07054954767227173
fresh,cp_hk,0,lowest_shuffled,memberctl_cp_hk_lowest_shuffled_s0,election2020,M2_post_meta/ridge,0.4146728515625,-0.04840087890625,0.46307373046875,0.4296875,-0.07421875,0.50390625,0.9090803932909196,-0.0782953694198596,0.9873757627107792,-0.21547335386276245,-0.0004974603652954102,-0.21497589349746704
fresh,cp_hk,0,lowest_shuffled,memberctl_cp_hk_lowest_shuffled_s0,election2020,S0_conv_center/prototype,-0.0,0.0,-0.0,-0.0,0.0,-0.0,-0.0,0.0,-0.0,-0.0,0.0,-0.0
fresh,cp_hk,0,lowest_shuffled,memberctl_cp_hk_lowest_shuffled_s0,election2020,S0_conv_center/ridge,-0.0,0.0,-0.0,-0.0,0.0,-0.0,-0.0,0.0,-0.0,-0.0,0.0,-0.0
fresh,cp_hk,0,lowest_shuffled,memberctl_cp_hk_lowest_shuffled_s0,election2020,S0_pool/prototype,-0.0,0.0,-0.0,-0.0,0.0,-0.0,-0.0,0.0,-0.0,-0.0,0.0,-0.0
fresh,cp_hk,0,lowest_shuffled,memberctl_cp_hk_lowest_shuffled_s0,election2020,S0_pool/ridge,-0.0,0.0,-0.0,-0.0,0.0,-0.0,-0.0,0.0,-0.0,-0.0,0.0,-0.0
fresh,cp_hk,0,lowest_shuffled,memberctl_cp_hk_lowest_shuffled_s0,election2020,U1_pre_meta/prototype,0.09088134765625,-0.05511474609375,0.14599609375,0.125,-0.05859375,0.18359375,0.12235009085402782,-0.06249158249158249,0.1848416733456103,-0.03926140069961548,0.0008365511894226074,-0.040097951889038086
fresh,cp_hk,0,lowest_shuffled,memberctl_cp_hk_lowest_shuffled_s0,election2020,U1_pre_meta/ridge,0.07275390625,-0.08258056640625,0.15533447265625,0.1171875,-0.078125,0.1953125,0.11465778316172015,-0.08221696519094279,0.19687474835266294,-0.11678826808929449,0.006719708442687988,-0.12350797653198248
fresh,cp_hk,0,lowest_shuffled,memberctl_cp_hk_lowest_shuffled_s0,election2020,final_input/prototype,0.41552734375,-0.051239013671875,0.466766357421875,0.4296875,-0.06640625,0.49609375,0.9090803932909196,-0.07055518836748176,0.9796355816584014,-0.07063037157058716,-8.082389831542969e-05,-0.07054954767227173
fresh,cp_hk,0,lowest_shuffled,memberctl_cp_hk_lowest_shuffled_s0,election2020,final_input/ridge,0.4146728515625,-0.04840087890625,0.46307373046875,0.4296875,-0.07421875,0.50390625,0.9090803932909196,-0.0782953694198596,0.9873757627107792,-0.21547335386276245,-0.0004974603652954102,-0.21497589349746704
fresh,cp_hk,0,lowest_shuffled,memberctl_cp_hk_lowest_shuffled_s0,election2020,full_model,0.189453125,0.12799072265625,0.06146240234375,0.27734375,0.0,0.27734375,0.32709447415329773,0.0,0.32709447415329773,-0.5549755766987802,-0.010865569114685059,-0.5441100075840951
fresh,cp_hk,0,lowest_shuffled,memberctl_cp_hk_lowest_shuffled_s0,election2020,raw_center/prototype,-0.0,0.0,-0.0,-0.0,0.0,-0.0,-0.0,0.0,-0.0,-0.0,0.0,-0.0
fresh,cp_hk,0,lowest_shuffled,memberctl_cp_hk_lowest_shuffled_s0,election2020,raw_center/ridge,-0.0,0.0,-0.0,-0.0,0.0,-0.0,-0.0,0.0,-0.0,-0.0,0.0,-0.0
fresh,cp_hk,0,lowest_shuffled,memberctl_cp_hk_lowest_shuffled_s0,election2020,raw_context/prototype,-0.0,0.0,-0.0,-0.0,0.0,-0.0,-0.0,0.0,-0.0,-0.0,0.0,-0.0
fresh,cp_hk,0,lowest_shuffled,memberctl_cp_hk_lowest_shuffled_s0,election2020,raw_context/ridge,-0.0,0.0,-0.0,-0.0,0.0,-0.0,-0.0,0.0,-0.0,-0.0,0.0,-0.0
fresh,cp_hk,0,lowest_shuffled,memberctl_cp_hk_lowest_shuffled_s0,election2020,raw_joint/prototype,-0.0,0.0,-0.0,-0.0,0.0,-0.0,-0.0,0.0,-0.0,-0.0,0.0,-0.0
fresh,cp_hk,0,lowest_shuffled,memberctl_cp_hk_lowest_shuffled_s0,election2020,raw_joint/ridge,-0.0,0.0,-0.0,-0.0,0.0,-0.0,-0.0,0.0,-0.0,-0.0,0.0,-0.0
fresh,cp_hk,0,lowest_shuffled,memberctl_cp_hk_lowest_shuffled_s0,facebook_page_reference,M2_post_meta/prototype,0.12024688720703125,-0.029897689819335938,0.1501445770263672,0.083984375,-0.029296875,0.11328125,0.05864639626575807,-0.02796787377625709,0.08661427004201516,-0.006648659706115723,-0.0002745985984802246,-0.006374061107635498
fresh,cp_hk,0,lowest_shuffled,memberctl_cp_hk_lowest_shuffled_s0,facebook_page_reference,M2_post_meta/ridge,0.12384605407714844,-0.01833343505859375,0.1421794891357422,0.08984375,-0.03125,0.12109375,0.06718676860664685,-0.032638032638032666,0.09982480124467952,-0.030471980571746826,-0.002555549144744873,-0.027916431427001953
fresh,cp_hk,0,lowest_shuffled,memberctl_cp_hk_lowest_shuffled_s0,facebook_page_reference,S0_conv_center/prototype,-0.0,0.0,-0.0,-0.0,0.0,-0.0,-0.0,0.0,-0.0,-0.0,0.0,-0.0
fresh,cp_hk,0,lowest_shuffled,memberctl_cp_hk_lowest_shuffled_s0,facebook_page_reference,S0_conv_center/ridge,-0.0,0.0,-0.0,-0.0,0.0,-0.0,-0.0,0.0,-0.0,-0.0,0.0,-0.0
fresh,cp_hk,0,lowest_shuffled,memberctl_cp_hk_lowest_shuffled_s0,facebook_page_reference,S0_pool/prototype,-0.0,0.0,-0.0,-0.0,0.0,-0.0,-0.0,0.0,-0.0,-0.0,0.0,-0.0
fresh,cp_hk,0,lowest_shuffled,memberctl_cp_hk_lowest_shuffled_s0,facebook_page_reference,S0_pool/ridge,-0.0,0.0,-0.0,-0.0,0.0,-0.0,-0.0,0.0,-0.0,-0.0,0.0,-0.0
fresh,cp_hk,0,lowest_shuffled,memberctl_cp_hk_lowest_shuffled_s0,facebook_page_reference,U1_pre_meta/prototype,-0.144073486328125,-0.05658149719238281,-0.08749198913574219,-0.130859375,-0.0419921875,-0.0888671875,-0.13801196004535599,-0.0359518025459139,-0.10206015749944208,0.010103285312652588,0.00012981891632080078,0.009973466396331787
fresh,cp_hk,0,lowest_shuffled,memberctl_cp_hk_lowest_shuffled_s0,facebook_page_reference,U1_pre_meta/ridge,-0.12434577941894531,-0.059040069580078125,-0.06530570983886719,-0.1171875,-0.0537109375,-0.0634765625,-0.12797593653335682,-0.04995907889236284,-0.07801685764099398,0.03270357847213745,0.0011363625526428223,0.03156721591949463
fresh,cp_hk,0,lowest_shuffled,memberctl_cp_hk_lowest_shuffled_s0,facebook_page_reference,final_input/prototype,0.12024688720703125,-0.029897689819335938,0.1501445770263672,0.083984375,-0.029296875,0.11328125,0.05864639626575807,-0.02796787377625709,0.08661427004201516,-0.006648659706115723,-0.0002745985984802246,-0.006374061107635498
fresh,cp_hk,0,lowest_shuffled,memberctl_cp_hk_lowest_shuffled_s0,facebook_page_reference,final_input/ridge,0.12384605407714844,-0.01833343505859375,0.1421794891357422,0.08984375,-0.03125,0.12109375,0.06718676860664685,-0.032638032638032666,0.09982480124467952,-0.030471980571746826,-0.002555549144744873,-0.027916431427001953
fresh,cp_hk,0,lowest_shuffled,memberctl_cp_hk_lowest_shuffled_s0,facebook_page_reference,full_model,-0.006992340087890625,0.0044612884521484375,-0.011453628540039062,0.0029296875,-0.0146484375,0.017578125,-0.012043986734159517,0.02476008333048746,-0.036804070064646977,0.10161978006362915,2.682209014892578e-05,0.10159295797348022
fresh,cp_hk,0,lowest_shuffled,memberctl_cp_hk_lowest_shuffled_s0,facebook_page_reference,raw_center/prototype,1.1102230246251565e-16,-1.1102230246251565e-16,2.220446049250313e-16,-0.0,0.0,-0.0,-0.0,0.0,-0.0,-0.0,0.0,-0.0
fresh,cp_hk,0,lowest_shuffled,memberctl_cp_hk_lowest_shuffled_s0,facebook_page_reference,raw_center/ridge,-0.0,0.0,-0.0,-0.0,0.0,-0.0,-0.0,0.0,-0.0,-0.0,0.0,-0.0
fresh,cp_hk,0,lowest_shuffled,memberctl_cp_hk_lowest_shuffled_s0,facebook_page_reference,raw_context/prototype,-0.0,0.0,-0.0,-0.0,0.0,-0.0,-0.0,0.0,-0.0,-0.0,0.0,-0.0
fresh,cp_hk,0,lowest_shuffled,memberctl_cp_hk_lowest_shuffled_s0,facebook_page_reference,raw_context/ridge,-0.0,0.0,-0.0,-0.0,0.0,-0.0,-0.0,0.0,-0.0,-0.0,0.0,-0.0
fresh,cp_hk,0,lowest_shuffled,memberctl_cp_hk_lowest_shuffled_s0,facebook_page_reference,raw_joint/prototype,-0.0,0.0,-0.0,-0.0,0.0,-0.0,-0.0,0.0,-0.0,-0.0,0.0,-0.0
fresh,cp_hk,0,lowest_shuffled,memberctl_cp_hk_lowest_shuffled_s0,facebook_page_reference,raw_joint/ridge,1.1102230246251565e-16,-1.1102230246251565e-16,2.220446049250313e-16,-0.0,0.0,-0.0,-0.0,0.0,-0.0,-0.0,0.0,-0.0
fresh,cp_hk,0,lowest_shuffled,memberctl_cp_hk_lowest_shuffled_s0,twibot20,M2_post_meta/prototype,0.01022466023763019,0.0021364423963760037,0.008088217841254186,-0.055013020833333315,-0.0022786458333333703,-0.052734374999999944,0.2049237849730579,-0.005836383997216976,0.21076016897027489,0.005958139896392822,-0.0017595887184143066,0.007717728614807129
fresh,cp_hk,0,lowest_shuffled,memberctl_cp_hk_lowest_shuffled_s0,twibot20,M2_post_meta/ridge,-0.015826543172200447,0.0027813381618922994,-0.018607881334092746,-0.08170572916666669,-0.0013020833333333703,-0.08040364583333331,0.12929732375561848,-0.004623716814579959,0.13392104057019844,0.06207174062728882,-0.010985851287841797,0.07305759191513062
fresh,cp_hk,0,lowest_shuffled,memberctl_cp_hk_lowest_shuffled_s0,twibot20,S0_conv_center/prototype,-0.0,0.0,-0.0,-0.0,0.0,-0.0,-0.0,0.0,-0.0,-0.0,0.0,-0.0
fresh,cp_hk,0,lowest_shuffled,memberctl_cp_hk_lowest_shuffled_s0,twibot20,S0_conv_center/ridge,-0.0,0.0,-0.0,-0.0,0.0,-0.0,-0.0,0.0,-0.0,-0.0,0.0,-0.0
fresh,cp_hk,0,lowest_shuffled,memberctl_cp_hk_lowest_shuffled_s0,twibot20,S0_pool/prototype,-0.0,0.0,-0.0,-0.0,0.0,-0.0,-0.0,0.0,-0.0,-0.0,0.0,-0.0
fresh,cp_hk,0,lowest_shuffled,memberctl_cp_hk_lowest_shuffled_s0,twibot20,S0_pool/ridge,-0.0,0.0,-0.0,-0.0,0.0,-0.0,-0.0,0.0,-0.0,-0.0,0.0,-0.0
fresh,cp_hk,0,lowest_shuffled,memberctl_cp_hk_lowest_shuffled_s0,twibot20,U1_pre_meta/prototype,0.04150538974338125,0.003556781344943638,0.03794860839843761,0.033203125,0.0,0.033203125,0.047461963677271846,-0.002808154851247302,0.05027011852851915,-0.004819750785827637,0.0015453100204467773,-0.006365060806274414
fresh,cp_hk,0,lowest_shuffled,memberctl_cp_hk_lowest_shuffled_s0,twibot20,U1_pre_meta/ridge,0.043147193060980915,0.002546734280056473,0.04060045878092444,0.0263671875,0.0016276041666666297,0.02473958333333337,0.038948954634800526,-0.001048838834350363,0.03999779346915089,-0.012724995613098145,0.003499448299407959,-0.016224443912506104
fresh,cp_hk,0,lowest_shuffled,memberctl_cp_hk_lowest_shuffled_s0,twibot20,final_input/prototype,0.01022466023763019,0.0021364423963760037,0.008088217841254186,-0.055013020833333315,-0.0022786458333333703,-0.052734374999999944,0.2049237849730579,-0.005836383997216976,0.21076016897027489,0.005958139896392822,-0.0017595887184143066,0.007717728614807129
fresh,cp_hk,0,lowest_shuffled,memberctl_cp_hk_lowest_shuffled_s0,twibot20,final_input/ridge,-0.015826543172200447,0.0027813381618922994,-0.018607881334092746,-0.08170572916666669,-0.0013020833333333703,-0.08040364583333331,0.12929732375561848,-0.004623716814579959,0.13392104057019844,0.06207174062728882,-0.010985851287841797,0.07305759191513062
fresh,cp_hk,0,lowest_shuffled,memberctl_cp_hk_lowest_shuffled_s0,twibot20,full_model,0.06412887573242188,0.29237429300944007,-0.2282454172770182,0.04752604166666663,0.0,0.04752604166666663,0.007970610026109548,0.0,0.007970610026109548,0.3261182904243467,-0.06375491619110107,0.3898732066154478
fresh,cp_hk,0,lowest_shuffled,memberctl_cp_hk_lowest_shuffled_s0,twibot20,raw_center/prototype,-0.0,0.0,-0.0,-0.0,0.0,-0.0,-5.551115123125783e-17,5.551115123125783e-17,-1.1102230246251565e-16,-0.0,0.0,-0.0
fresh,cp_hk,0,lowest_shuffled,memberctl_cp_hk_lowest_shuffled_s0,twibot20,raw_center/ridge,-0.0,0.0,-0.0,-0.0,0.0,-0.0,-5.551115123125783e-17,5.551115123125783e-17,-1.1102230246251565e-16,-0.0,0.0,-0.0
fresh,cp_hk,0,lowest_shuffled,memberctl_cp_hk_lowest_shuffled_s0,twibot20,raw_context/prototype,-0.0,0.0,-0.0,-0.0,0.0,-0.0,-0.0,0.0,-0.0,-0.0,0.0,-0.0
fresh,cp_hk,0,lowest_shuffled,memberctl_cp_hk_lowest_shuffled_s0,twibot20,raw_context/ridge,-0.0,0.0,-0.0,-0.0,0.0,-0.0,-0.0,0.0,-0.0,-0.0,0.0,-0.0
fresh,cp_hk,0,lowest_shuffled,memberctl_cp_hk_lowest_shuffled_s0,twibot20,raw_joint/prototype,-0.0,0.0,-0.0,-0.0,0.0,-0.0,-0.0,0.0,-0.0,-0.0,0.0,-0.0
fresh,cp_hk,0,lowest_shuffled,memberctl_cp_hk_lowest_shuffled_s0,twibot20,raw_joint/ridge,-0.0,0.0,-0.0,-0.0,0.0,-0.0,-0.0,0.0,-0.0,-0.0,0.0,-0.0
fresh,cp_hk,0,lowest_shuffled,memberctl_cp_hk_lowest_shuffled_s0,ukr_rus_suspended,M2_post_meta/prototype,0.0521240234375,0.005096435546875,0.047027587890625,0.00390625,0.01953125,-0.015625,-0.5381299734748011,-0.01574352368684706,-0.522386449787954,-0.0015230774879455566,-5.882978439331055e-05,-0.001464247703552246
fresh,cp_hk,0,lowest_shuffled,memberctl_cp_hk_lowest_shuffled_s0,ukr_rus_suspended,M2_post_meta/ridge,0.04840087890625,0.00286865234375,0.0455322265625,-0.0,0.0390625,-0.0390625,-0.5512418615866893,0.008584169453734747,-0.559826031040424,0.03497666120529175,-0.0004614591598510742,0.03543812036514282
fresh,cp_hk,0,lowest_shuffled,memberctl_cp_hk_lowest_shuffled_s0,ukr_rus_suspended,S0_conv_center/prototype,-0.0,0.0,-0.0,-0.0,0.0,-0.0,-0.0,0.0,-0.0,-0.0,0.0,-0.0
fresh,cp_hk,0,lowest_shuffled,memberctl_cp_hk_lowest_shuffled_s0,ukr_rus_suspended,S0_conv_center/ridge,-0.0,0.0,-0.0,-0.0,0.0,-0.0,-0.0,0.0,-0.0,-0.0,0.0,-0.0
fresh,cp_hk,0,lowest_shuffled,memberctl_cp_hk_lowest_shuffled_s0,ukr_rus_suspended,S0_pool/prototype,-0.0,0.0,-0.0,-0.0,0.0,-0.0,-0.0,0.0,-0.0,-0.0,0.0,-0.0
fresh,cp_hk,0,lowest_shuffled,memberctl_cp_hk_lowest_shuffled_s0,ukr_rus_suspended,S0_pool/ridge,-0.0,0.0,-0.0,-0.0,0.0,-0.0,-0.0,0.0,-0.0,-0.0,0.0,-0.0
fresh,cp_hk,0,lowest_shuffled,memberctl_cp_hk_lowest_shuffled_s0,ukr_rus_suspended,U1_pre_meta/prototype,-0.009521484375,-0.01361083984375,0.00408935546875,-0.03125,0.01171875,-0.04296875,-0.03482409063804409,-0.001387757564787151,-0.03343633307325694,-0.0010854601860046387,2.7894973754882812e-05,-0.0011133551597595215
fresh,cp_hk,0,lowest_shuffled,memberctl_cp_hk_lowest_shuffled_s0,ukr_rus_suspended,U1_pre_meta/ridge,-0.01312255859375,-0.015380859375,0.00225830078125,-0.0234375,0.00390625,-0.02734375,-0.0190248348143085,-0.009050592813829361,-0.009974242000479139,-0.0028371214866638184,0.00016635656356811523,-0.0030034780502319336
fresh,cp_hk,0,lowest_shuffled,memberctl_cp_hk_lowest_shuffled_s0,ukr_rus_suspended,final_input/prototype,0.0521240234375,0.005096435546875,0.047027587890625,0.00390625,0.01953125,-0.015625,-0.5381299734748011,-0.01574352368684706,-0.522386449787954,-0.0015230774879455566,-5.882978439331055e-05,-0.001464247703552246
fresh,cp_hk,0,lowest_shuffled,memberctl_cp_hk_lowest_shuffled_s0,ukr_rus_suspended,final_input/ridge,0.04840087890625,0.00286865234375,0.0455322265625,-0.0,0.0390625,-0.0390625,-0.5512418615866893,0.008584169453734747,-0.559826031040424,0.03497666120529175,-0.0004614591598510742,0.03543812036514282
fresh,cp_hk,0,lowest_shuffled,memberctl_cp_hk_lowest_shuffled_s0,ukr_rus_suspended,full_model,0.05462646484375,-0.017669677734375,0.072296142578125,0.04296875,0.0078125,0.03515625,0.021244985886198164,0.05970149253731343,-0.03845650665111527,0.10924255847930908,-0.10042864084243774,0.20967119932174683
fresh,cp_hk,0,lowest_shuffled,memberctl_cp_hk_lowest_shuffled_s0,ukr_rus_suspended,raw_center/prototype,-0.0,0.0,-0.0,-0.0,0.0,-0.0,-0.0,0.0,-0.0,-0.0,0.0,-0.0
fresh,cp_hk,0,lowest_shuffled,memberctl_cp_hk_lowest_shuffled_s0,ukr_rus_suspended,raw_center/ridge,-0.0,0.0,-0.0,-0.0,0.0,-0.0,-0.0,0.0,-0.0,-0.0,0.0,-0.0
fresh,cp_hk,0,lowest_shuffled,memberctl_cp_hk_lowest_shuffled_s0,ukr_rus_suspended,raw_context/prototype,-0.0,0.0,-0.0,-0.0,0.0,-0.0,-0.0,0.0,-0.0,-0.0,0.0,-0.0
fresh,cp_hk,0,lowest_shuffled,memberctl_cp_hk_lowest_shuffled_s0,ukr_rus_suspended,raw_context/ridge,-0.0,0.0,-0.0,-0.0,0.0,-0.0,-0.0,0.0,-0.0,-0.0,0.0,-0.0
fresh,cp_hk,0,lowest_shuffled,memberctl_cp_hk_lowest_shuffled_s0,ukr_rus_suspended,raw_joint/prototype,-0.0,0.0,-0.0,-0.0,0.0,-0.0,-0.0,0.0,-0.0,-0.0,0.0,-0.0
fresh,cp_hk,0,lowest_shuffled,memberctl_cp_hk_lowest_shuffled_s0,ukr_rus_suspended,raw_joint/ridge,-0.0,0.0,-0.0,-0.0,0.0,-0.0,-0.0,0.0,-0.0,-0.0,0.0,-0.0
fresh,cp_hk,0,lowest_sorted,memberctl_cp_hk_lowest_sorted_s0,covid_political,M2_post_meta/prototype,0.09565311008029509,-0.03295418068214695,0.12860729076244204,0.34309895833333337,-0.05143229166666674,0.3945312500000001,-0.13138891945917214,-0.044003255547105324,-0.08738566391206681,-0.051476240158081055,-0.0012121200561523438,-0.05026412010192871
fresh,cp_hk,0,lowest_sorted,memberctl_cp_hk_lowest_sorted_s0,covid_political,M2_post_meta/ridge,0.04466897469979747,-0.02757658781828698,0.07224556251808445,0.35123697916666663,-0.05013020833333326,0.4013671874999999,-0.15076482688965048,-0.039355732400052745,-0.11140909448959774,-0.0754731297492981,-0.0081443190574646,-0.0673288106918335
fresh,cp_hk,0,lowest_sorted,memberctl_cp_hk_lowest_sorted_s0,covid_political,S0_conv_center/prototype,-0.0,0.0,-0.0,-0.0,0.0,-0.0,-0.0,5.551115123125783e-17,-5.551115123125783e-17,-0.0,0.0,-0.0
fresh,cp_hk,0,lowest_sorted,memberctl_cp_hk_lowest_sorted_s0,covid_political,S0_conv_center/ridge,-0.0,0.0,-0.0,-0.0,0.0,-0.0,-0.0,0.0,-0.0,-0.0,0.0,-0.0
fresh,cp_hk,0,lowest_sorted,memberctl_cp_hk_lowest_sorted_s0,covid_political,S0_pool/prototype,-0.0,0.0,-0.0,-0.0,0.0,-0.0,-0.0,0.0,-0.0,-0.0,0.0,-0.0
fresh,cp_hk,0,lowest_sorted,memberctl_cp_hk_lowest_sorted_s0,covid_political,S0_pool/ridge,1.1102230246251565e-16,0.0,1.1102230246251565e-16,-0.0,0.0,-0.0,-0.0,0.0,-0.0,-0.0,0.0,-0.0
fresh,cp_hk,0,lowest_sorted,memberctl_cp_hk_lowest_sorted_s0,covid_political,U1_pre_meta/prototype,0.04930001718026589,-0.01919923005280666,0.06849924723307255,0.09244791666666663,-0.02213541666666663,0.11458333333333326,0.11371740038693934,-0.017754288246091543,0.13147168863303088,-0.020296692848205566,-0.0016669631004333496,-0.018629729747772217
fresh,cp_hk,0,lowest_sorted,memberctl_cp_hk_lowest_sorted_s0,covid_political,U1_pre_meta/ridge,0.05568440755208315,-0.02757800066912619,0.08326240822120934,0.11295572916666663,-0.033203125,0.14615885416666663,0.14020959639702057,-0.031332749445562635,0.1715423458425832,-0.06154823303222656,-0.005336761474609375,-0.05621147155761719
fresh,cp_hk,0,lowest_sorted,memberctl_cp_hk_lowest_sorted_s0,covid_political,final_input/prototype,0.09565311008029509,-0.03295418068214695,0.12860729076244204,0.34309895833333337,-0.05143229166666674,0.3945312500000001,-0.13138891945917214,-0.044003255547105324,-0.08738566391206681,-0.051476240158081055,-0.0012121200561523438,-0.05026412010192871
fresh,cp_hk,0,lowest_sorted,memberctl_cp_hk_lowest_sorted_s0,covid_political,final_input/ridge,0.04466897469979747,-0.02757658781828698,0.07224556251808445,0.35123697916666663,-0.05013020833333326,0.4013671874999999,-0.15076482688965048,-0.039355732400052745,-0.11140909448959774,-0.0754731297492981,-0.0081443190574646,-0.0673288106918335
fresh,cp_hk,0,lowest_sorted,memberctl_cp_hk_lowest_sorted_s0,covid_political,full_model,0.1457477145724827,-0.11486816406249994,0.26061587863498265,-0.03092447916666674,0.0,-0.03092447916666674,0.29133923150316593,0.0,0.29133923150316593,0.18573445081710815,-0.00683283805847168,0.19256728887557983
fresh,cp_hk,0,lowest_sorted,memberctl_cp_hk_lowest_sorted_s0,covid_political,raw_center/prototype,-0.0,0.0,-0.0,-0.0,0.0,-0.0,-0.0,0.0,-0.0,-0.0,0.0,-0.0
fresh,cp_hk,0,lowest_sorted,memberctl_cp_hk_lowest_sorted_s0,covid_political,raw_center/ridge,-0.0,0.0,-0.0,-0.0,0.0,-0.0,-0.0,0.0,-0.0,-0.0,0.0,-0.0
fresh,cp_hk,0,lowest_sorted,memberctl_cp_hk_lowest_sorted_s0,covid_political,raw_context/prototype,-1.1102230246251565e-16,1.1102230246251565e-16,-2.220446049250313e-16,-0.0,0.0,-0.0,-0.0,0.0,-0.0,-0.0,0.0,-0.0
fresh,cp_hk,0,lowest_sorted,memberctl_cp_hk_lowest_sorted_s0,covid_political,raw_context/ridge,-0.0,0.0,-0.0,-0.0,0.0,-0.0,-0.0,0.0,-0.0,-0.0,0.0,-0.0
fresh,cp_hk,0,lowest_sorted,memberctl_cp_hk_lowest_sorted_s0,covid_political,raw_joint/prototype,-0.0,0.0,-0.0,-0.0,0.0,-0.0,-0.0,0.0,-0.0,-0.0,0.0,-0.0
fresh,cp_hk,0,lowest_sorted,memberctl_cp_hk_lowest_sorted_s0,covid_political,raw_joint/ridge,-0.0,0.0,-0.0,-0.0,0.0,-0.0,-0.0,0.0,-0.0,-0.0,0.0,-0.0
fresh,cp_hk,0,lowest_sorted,memberctl_cp_hk_lowest_sorted_s0,election2020,M2_post_meta/prototype,0.12969970703125,-0.062957763671875,0.192657470703125,0.1015625,-0.0703125,0.171875,-0.4900662251655629,-0.06938997821350756,-0.42067624695205535,0.01775181293487549,-9.834766387939453e-05,0.017850160598754883
fresh,cp_hk,0,lowest_sorted,memberctl_cp_hk_lowest_sorted_s0,election2020,M2_post_meta/ridge,0.0653076171875,-0.055419921875,0.1207275390625,0.10546875,-0.0859375,0.19140625,-0.4850498338870432,-0.08118081180811798,-0.4038690220789252,0.08051443099975586,-0.0006902217864990234,0.08120465278625488
fresh,cp_hk,0,lowest_sorted,memberctl_cp_hk_lowest_sorted_s0,election2020,S0_conv_center/prototype,-0.0,0.0,-0.0,-0.0,0.0,-0.0,-0.0,0.0,-0.0,-0.0,0.0,-0.0
fresh,cp_hk,0,lowest_sorted,memberctl_cp_hk_lowest_sorted_s0,election2020,S0_conv_center/ridge,-0.0,0.0,-0.0,-0.0,0.0,-0.0,-0.0,0.0,-0.0,-0.0,0.0,-0.0
fresh,cp_hk,0,lowest_sorted,memberctl_cp_hk_lowest_sorted_s0,election2020,S0_pool/prototype,-0.0,0.0,-0.0,-0.0,0.0,-0.0,-0.0,0.0,-0.0,-0.0,0.0,-0.0
fresh,cp_hk,0,lowest_sorted,memberctl_cp_hk_lowest_sorted_s0,election2020,S0_pool/ridge,-0.0,0.0,-0.0,-0.0,0.0,-0.0,-0.0,0.0,-0.0,-0.0,0.0,-0.0
fresh,cp_hk,0,lowest_sorted,memberctl_cp_hk_lowest_sorted_s0,election2020,U1_pre_meta/prototype,0.13092041015625,-0.05169677734375,0.1826171875,0.1796875,-0.0390625,0.21875,0.17489294568402058,-0.04552889489692469,0.22042184058094527,-0.02323925495147705,0.0007171630859375,-0.02395641803741455
fresh,cp_hk,0,lowest_sorted,memberctl_cp_hk_lowest_sorted_s0,election2020,U1_pre_meta/ridge,0.11663818359375,-0.0711669921875,0.18780517578125,0.1796875,-0.0625,0.2421875,0.17215461703650692,-0.061192141192141114,0.23334675822864803,-0.09279805421829224,0.0054479241371154785,-0.09824597835540771
fresh,cp_hk,0,lowest_sorted,memberctl_cp_hk_lowest_sorted_s0,election2020,final_input/prototype,0.12969970703125,-0.062957763671875,0.192657470703125,0.1015625,-0.0703125,0.171875,-0.4900662251655629,-0.06938997821350756,-0.42067624695205535,0.01775181293487549,-9.834766387939453e-05,0.017850160598754883
fresh,cp_hk,0,lowest_sorted,memberctl_cp_hk_lowest_sorted_s0,election2020,final_input/ridge,0.0653076171875,-0.055419921875,0.1207275390625,0.10546875,-0.0859375,0.19140625,-0.4850498338870432,-0.08118081180811798,-0.4038690220789252,0.08051443099975586,-0.0006902217864990234,0.08120465278625488
fresh,cp_hk,0,lowest_sorted,memberctl_cp_hk_lowest_sorted_s0,election2020,full_model,0.27764892578125,-0.1114501953125,0.38909912109375,0.41015625,0.0,0.41015625,0.7941075710859884,0.0,0.7941075710859884,-0.4983093738555908,0.1287757158279419,-0.6270850896835327
fresh,cp_hk,0,lowest_sorted,memberctl_cp_hk_lowest_sorted_s0,election2020,raw_center/prototype,-0.0,0.0,-0.0,-0.0,0.0,-0.0,-0.0,0.0,-0.0,-0.0,0.0,-0.0
fresh,cp_hk,0,lowest_sorted,memberctl_cp_hk_lowest_sorted_s0,election2020,raw_center/ridge,-0.0,0.0,-0.0,-0.0,0.0,-0.0,-0.0,0.0,-0.0,-0.0,0.0,-0.0
fresh,cp_hk,0,lowest_sorted,memberctl_cp_hk_lowest_sorted_s0,election2020,raw_context/prototype,-0.0,0.0,-0.0,-0.0,0.0,-0.0,-0.0,0.0,-0.0,-0.0,0.0,-0.0
fresh,cp_hk,0,lowest_sorted,memberctl_cp_hk_lowest_sorted_s0,election2020,raw_context/ridge,-0.0,0.0,-0.0,-0.0,0.0,-0.0,-0.0,0.0,-0.0,-0.0,0.0,-0.0
fresh,cp_hk,0,lowest_sorted,memberctl_cp_hk_lowest_sorted_s0,election2020,raw_joint/prototype,-0.0,0.0,-0.0,-0.0,0.0,-0.0,-0.0,0.0,-0.0,-0.0,0.0,-0.0
fresh,cp_hk,0,lowest_sorted,memberctl_cp_hk_lowest_sorted_s0,election2020,raw_joint/ridge,-0.0,0.0,-0.0,-0.0,0.0,-0.0,-0.0,0.0,-0.0,-0.0,0.0,-0.0
fresh,cp_hk,0,lowest_sorted,memberctl_cp_hk_lowest_sorted_s0,facebook_page_reference,M2_post_meta/prototype,0.09624290466308594,-0.09072494506835938,0.1869678497314453,0.056640625,-0.08203125,0.138671875,0.07241779847341123,-0.08383233532934131,0.15625013380275254,-0.011285603046417236,-0.0003350973129272461,-0.01095050573348999
fresh,cp_hk,0,lowest_sorted,memberctl_cp_hk_lowest_sorted_s0,facebook_page_reference,M2_post_meta/ridge,0.11482620239257812,-0.07452392578125,0.18935012817382812,0.0712890625,-0.0791015625,0.150390625,0.08900517063081692,-0.07977281682460968,0.1687779874554266,-0.03670567274093628,-0.0028368234634399414,-0.03386884927749634
fresh,cp_hk,0,lowest_sorted,memberctl_cp_hk_lowest_sorted_s0,facebook_page_reference,S0_conv_center/prototype,-0.0,0.0,-0.0,-0.0,0.0,-0.0,-0.0,0.0,-0.0,-0.0,0.0,-0.0
fresh,cp_hk,0,lowest_sorted,memberctl_cp_hk_lowest_sorted_s0,facebook_page_reference,S0_conv_center/ridge,-0.0,0.0,-0.0,-0.0,0.0,-0.0,-0.0,0.0,-0.0,-0.0,0.0,-0.0
fresh,cp_hk,0,lowest_sorted,memberctl_cp_hk_lowest_sorted_s0,facebook_page_reference,S0_pool/prototype,-0.0,0.0,-0.0,-0.0,0.0,-0.0,-0.0,0.0,-0.0,-0.0,0.0,-0.0
fresh,cp_hk,0,lowest_sorted,memberctl_cp_hk_lowest_sorted_s0,facebook_page_reference,S0_pool/ridge,-0.0,0.0,-0.0,-0.0,0.0,-0.0,-0.0,0.0,-0.0,-0.0,0.0,-0.0
fresh,cp_hk,0,lowest_sorted,memberctl_cp_hk_lowest_sorted_s0,facebook_page_reference,U1_pre_meta/prototype,-0.11091232299804688,-0.093017578125,-0.017894744873046875,-0.091796875,-0.06640625,-0.025390625,-0.09874197906112803,-0.06989676564283953,-0.028845213418288496,0.005144715309143066,-0.0002938508987426758,0.005438566207885742
fresh,cp_hk,0,lowest_sorted,memberctl_cp_hk_lowest_sorted_s0,facebook_page_reference,U1_pre_meta/ridge,-0.08929443359375,-0.08755111694335938,-0.001743316650390625,-0.0634765625,-0.0810546875,0.017578125,-0.06800246691526757,-0.08538300283854405,0.017380535923276486,0.01635676622390747,-0.001608729362487793,0.017965495586395264
fresh,cp_hk,0,lowest_sorted,memberctl_cp_hk_lowest_sorted_s0,facebook_page_reference,final_input/prototype,0.09624290466308594,-0.09072494506835938,0.1869678497314453,0.056640625,-0.08203125,0.138671875,0.07241779847341123,-0.08383233532934131,0.15625013380275254,-0.011285603046417236,-0.0003350973129272461,-0.01095050573348999
fresh,cp_hk,0,lowest_sorted,memberctl_cp_hk_lowest_sorted_s0,facebook_page_reference,final_input/ridge,0.11482620239257812,-0.07452392578125,0.18935012817382812,0.0712890625,-0.0791015625,0.150390625,0.08900517063081692,-0.07977281682460968,0.1687779874554266,-0.03670567274093628,-0.0028368234634399414,-0.03386884927749634
fresh,cp_hk,0,lowest_sorted,memberctl_cp_hk_lowest_sorted_s0,facebook_page_reference,full_model,0.0145263671875,0.002292633056640625,0.012233734130859375,0.0224609375,-0.0078125,0.0302734375,0.031719276739197055,0.00821672915715893,0.023502547582038125,0.18164467811584473,1.6748905181884766e-05,0.18162792921066284
fresh,cp_hk,0,lowest_sorted,memberctl_cp_hk_lowest_sorted_s0,facebook_page_reference,raw_center/prototype,1.1102230246251565e-16,-1.1102230246251565e-16,2.220446049250313e-16,-0.0,0.0,-0.0,-0.0,0.0,-0.0,-0.0,0.0,-0.0
fresh,cp_hk,0,lowest_sorted,memberctl_cp_hk_lowest_sorted_s0,facebook_page_reference,raw_center/ridge,-0.0,0.0,-0.0,-0.0,0.0,-0.0,-0.0,0.0,-0.0,-0.0,0.0,-0.0
fresh,cp_hk,0,lowest_sorted,memberctl_cp_hk_lowest_sorted_s0,facebook_page_reference,raw_context/prototype,-0.0,0.0,-0.0,-0.0,0.0,-0.0,-0.0,0.0,-0.0,-0.0,0.0,-0.0
fresh,cp_hk,0,lowest_sorted,memberctl_cp_hk_lowest_sorted_s0,facebook_page_reference,raw_context/ridge,-0.0,0.0,-0.0,-0.0,0.0,-0.0,-0.0,0.0,-0.0,-0.0,0.0,-0.0
fresh,cp_hk,0,lowest_sorted,memberctl_cp_hk_lowest_sorted_s0,facebook_page_reference,raw_joint/prototype,-0.0,0.0,-0.0,-0.0,0.0,-0.0,-0.0,0.0,-0.0,-0.0,0.0,-0.0
fresh,cp_hk,0,lowest_sorted,memberctl_cp_hk_lowest_sorted_s0,facebook_page_reference,raw_joint/ridge,1.1102230246251565e-16,-1.1102230246251565e-16,2.220446049250313e-16,-0.0,0.0,-0.0,-0.0,0.0,-0.0,-0.0,0.0,-0.0
fresh,cp_hk,0,lowest_sorted,memberctl_cp_hk_lowest_sorted_s0,twibot20,M2_post_meta/prototype,0.05972713894314252,0.0010401407877604907,0.05868699815538203,0.04622395833333337,0.0022786458333333703,0.0439453125,0.17925038994403159,-0.0024468135742696795,0.18169720351830126,-0.01807236671447754,-0.004321575164794922,-0.013750791549682617
fresh,cp_hk,0,lowest_sorted,memberctl_cp_hk_lowest_sorted_s0,twibot20,M2_post_meta/ridge,0.04331949022081172,0.001829571194118973,0.041489919026692745,0.02994791666666663,0.00390625,0.02604166666666663,0.16518568797723115,-0.0013137107974856566,0.1664993987747168,-0.020459473133087158,-0.02067357301712036,0.00021409988403320312
fresh,cp_hk,0,lowest_sorted,memberctl_cp_hk_lowest_sorted_s0,twibot20,S0_conv_center/prototype,-0.0,0.0,-0.0,-0.0,0.0,-0.0,-0.0,0.0,-0.0,-0.0,0.0,-0.0
fresh,cp_hk,0,lowest_sorted,memberctl_cp_hk_lowest_sorted_s0,twibot20,S0_conv_center/ridge,-0.0,0.0,-0.0,-0.0,0.0,-0.0,-0.0,0.0,-0.0,-0.0,0.0,-0.0
fresh,cp_hk,0,lowest_sorted,memberctl_cp_hk_lowest_sorted_s0,twibot20,S0_pool/prototype,-0.0,0.0,-0.0,-0.0,0.0,-0.0,-0.0,0.0,-0.0,-0.0,0.0,-0.0
fresh,cp_hk,0,lowest_sorted,memberctl_cp_hk_lowest_sorted_s0,twibot20,S0_pool/ridge,-0.0,0.0,-0.0,-0.0,0.0,-0.0,-0.0,0.0,-0.0,-0.0,0.0,-0.0
fresh,cp_hk,0,lowest_sorted,memberctl_cp_hk_lowest_sorted_s0,twibot20,U1_pre_meta/prototype,0.04696337381998683,0.0026813083224825895,0.04428206549750424,0.04296875,-0.001953125,0.044921875,0.05646717537995838,-0.007353130522794293,0.06382030590275267,-0.0036329030990600586,-0.0030081868171691895,-0.0006247162818908691
fresh,cp_hk,0,lowest_sorted,memberctl_cp_hk_lowest_sorted_s0,twibot20,U1_pre_meta/ridge,0.04887411329481339,0.0014184315999350439,0.04745568169487835,0.0400390625,-0.0016276041666667407,0.04166666666666674,0.057757961018372495,-0.008173510094346526,0.06593147111271902,-0.012412190437316895,-0.005032002925872803,-0.007380187511444092
fresh,cp_hk,0,lowest_sorted,memberctl_cp_hk_lowest_sorted_s0,twibot20,final_input/prototype,0.05972713894314252,0.0010401407877604907,0.05868699815538203,0.04622395833333337,0.0022786458333333703,0.0439453125,0.17925038994403159,-0.0024468135742696795,0.18169720351830126,-0.01807236671447754,-0.004321575164794922,-0.013750791549682617
fresh,cp_hk,0,lowest_sorted,memberctl_cp_hk_lowest_sorted_s0,twibot20,final_input/ridge,0.04331949022081172,0.001829571194118973,0.041489919026692745,0.02994791666666663,0.00390625,0.02604166666666663,0.16518568797723115,-0.0013137107974856566,0.1664993987747168,-0.020459473133087158,-0.02067357301712036,0.00021409988403320312
fresh,cp_hk,0,lowest_sorted,memberctl_cp_hk_lowest_sorted_s0,twibot20,full_model,0.05574289957682288,-0.024539099799262165,0.08028199937608504,0.06510416666666674,0.0,0.06510416666666674,-0.026957590062161918,0.0,-0.026957590062161918,0.2916027307510375,-0.0003789067268371582,0.29198163747787464
fresh,cp_hk,0,lowest_sorted,memberctl_cp_hk_lowest_sorted_s0,twibot20,raw_center/prototype,-0.0,0.0,-0.0,-0.0,0.0,-0.0,-5.551115123125783e-17,5.551115123125783e-17,-1.1102230246251565e-16,-0.0,0.0,-0.0
fresh,cp_hk,0,lowest_sorted,memberctl_cp_hk_lowest_sorted_s0,twibot20,raw_center/ridge,-0.0,0.0,-0.0,-0.0,0.0,-0.0,-5.551115123125783e-17,5.551115123125783e-17,-1.1102230246251565e-16,-0.0,0.0,-0.0
fresh,cp_hk,0,lowest_sorted,memberctl_cp_hk_lowest_sorted_s0,twibot20,raw_context/prototype,-0.0,0.0,-0.0,-0.0,0.0,-0.0,-0.0,0.0,-0.0,-0.0,0.0,-0.0
fresh,cp_hk,0,lowest_sorted,memberctl_cp_hk_lowest_sorted_s0,twibot20,raw_context/ridge,-0.0,0.0,-0.0,-0.0,0.0,-0.0,-0.0,0.0,-0.0,-0.0,0.0,-0.0
fresh,cp_hk,0,lowest_sorted,memberctl_cp_hk_lowest_sorted_s0,twibot20,raw_joint/prototype,-0.0,0.0,-0.0,-0.0,0.0,-0.0,-0.0,0.0,-0.0,-0.0,0.0,-0.0
fresh,cp_hk,0,lowest_sorted,memberctl_cp_hk_lowest_sorted_s0,twibot20,raw_joint/ridge,-0.0,0.0,-0.0,-0.0,0.0,-0.0,-0.0,0.0,-0.0,-0.0,0.0,-0.0
fresh,cp_hk,0,lowest_sorted,memberctl_cp_hk_lowest_sorted_s0,ukr_rus_suspended,M2_post_meta/prototype,0.0567626953125,-0.006439208984375,0.063201904296875,0.04296875,0.00390625,0.0390625,-0.08655176082561983,-0.01980031881869282,-0.06675144200692701,0.0010009407997131348,-0.00010961294174194336,0.0011105537414550781
fresh,cp_hk,0,lowest_sorted,memberctl_cp_hk_lowest_sorted_s0,ukr_rus_suspended,M2_post_meta/ridge,0.0517578125,-0.008056640625,0.059814453125,0.03125,0.01171875,0.01953125,-0.08485568984875513,-0.008832376264697794,-0.07602331358405734,0.011782526969909668,-0.0006268620491027832,0.012409389019012451
fresh,cp_hk,0,lowest_sorted,memberctl_cp_hk_lowest_sorted_s0,ukr_rus_suspended,S0_conv_center/prototype,-0.0,0.0,-0.0,-0.0,0.0,-0.0,-0.0,0.0,-0.0,-0.0,0.0,-0.0
fresh,cp_hk,0,lowest_sorted,memberctl_cp_hk_lowest_sorted_s0,ukr_rus_suspended,S0_conv_center/ridge,-0.0,0.0,-0.0,-0.0,0.0,-0.0,-0.0,0.0,-0.0,-0.0,0.0,-0.0
fresh,cp_hk,0,lowest_sorted,memberctl_cp_hk_lowest_sorted_s0,ukr_rus_suspended,S0_pool/prototype,-0.0,0.0,-0.0,-0.0,0.0,-0.0,-5.551115123125783e-17,0.0,-5.551115123125783e-17,-0.0,0.0,-0.0
fresh,cp_hk,0,lowest_sorted,memberctl_cp_hk_lowest_sorted_s0,ukr_rus_suspended,S0_pool/ridge,-0.0,0.0,-0.0,-0.0,0.0,-0.0,-0.0,0.0,-0.0,-0.0,0.0,-0.0
fresh,cp_hk,0,lowest_sorted,memberctl_cp_hk_lowest_sorted_s0,ukr_rus_suspended,U1_pre_meta/prototype,0.02374267578125,-0.034423828125,0.05816650390625,-0.0078125,-0.03515625,0.02734375,0.003401842664776722,-0.044510296934865856,0.04791213959964258,-0.0011382699012756348,-3.737211227416992e-05,-0.0011008977890014648
fresh,cp_hk,0,lowest_sorted,memberctl_cp_hk_lowest_sorted_s0,ukr_rus_suspended,U1_pre_meta/ridge,0.00341796875,-0.03558349609375,0.03900146484375,-0.00390625,-0.05078125,0.046875,0.005545852866378653,-0.0478196016495569,0.05336545451593555,-0.003565549850463867,0.00047653913497924805,-0.004042088985443115
fresh,cp_hk,0,lowest_sorted,memberctl_cp_hk_lowest_sorted_s0,ukr_rus_suspended,final_input/prototype,0.0567626953125,-0.006439208984375,0.063201904296875,0.04296875,0.00390625,0.0390625,-0.08655176082561983,-0.01980031881869282,-0.06675144200692701,0.0010009407997131348,-0.00010961294174194336,0.0011105537414550781
fresh,cp_hk,0,lowest_sorted,memberctl_cp_hk_lowest_sorted_s0,ukr_rus_suspended,final_input/ridge,0.0517578125,-0.008056640625,0.059814453125,0.03125,0.01171875,0.01953125,-0.08485568984875513,-0.008832376264697794,-0.07602331358405734,0.011782526969909668,-0.0006268620491027832,0.012409389019012451
fresh,cp_hk,0,lowest_sorted,memberctl_cp_hk_lowest_sorted_s0,ukr_rus_suspended,full_model,0.02459716796875,0.027679443359375,-0.003082275390625,-0.0,0.0,-0.0,-0.11445783132530118,0.0,-0.11445783132530118,0.21277642250061035,-0.03488898277282715,0.2476654052734375
fresh,cp_hk,0,lowest_sorted,memberctl_cp_hk_lowest_sorted_s0,ukr_rus_suspended,raw_center/prototype,-0.0,0.0,-0.0,-0.0,0.0,-0.0,-0.0,0.0,-0.0,-0.0,0.0,-0.0
fresh,cp_hk,0,lowest_sorted,memberctl_cp_hk_lowest_sorted_s0,ukr_rus_suspended,raw_center/ridge,-0.0,0.0,-0.0,-0.0,0.0,-0.0,-0.0,0.0,-0.0,-0.0,0.0,-0.0
fresh,cp_hk,0,lowest_sorted,memberctl_cp_hk_lowest_sorted_s0,ukr_rus_suspended,raw_context/prototype,-0.0,0.0,-0.0,-0.0,0.0,-0.0,-0.0,0.0,-0.0,-0.0,0.0,-0.0
fresh,cp_hk,0,lowest_sorted,memberctl_cp_hk_lowest_sorted_s0,ukr_rus_suspended,raw_context/ridge,-0.0,0.0,-0.0,-0.0,0.0,-0.0,-0.0,0.0,-0.0,-0.0,0.0,-0.0
fresh,cp_hk,0,lowest_sorted,memberctl_cp_hk_lowest_sorted_s0,ukr_rus_suspended,raw_joint/prototype,-0.0,0.0,-0.0,-0.0,0.0,-0.0,-0.0,0.0,-0.0,-0.0,0.0,-0.0
fresh,cp_hk,0,lowest_sorted,memberctl_cp_hk_lowest_sorted_s0,ukr_rus_suspended,raw_joint/ridge,-0.0,0.0,-0.0,-0.0,0.0,-0.0,-0.0,0.0,-0.0,-0.0,0.0,-0.0
fresh,cp_hk,0,uniform_shuffled,memberctl_cp_hk_uniform_shuffled_s0,covid_political,M2_post_meta/prototype,0.39041702835648145,0.07467849166304985,0.3157385366934316,0.2828776041666667,0.01009114583333326,0.2727864583333334,0.02706959599094233,0.08728546765512346,-0.06021587166418113,-0.06773251295089722,-0.0007207393646240234,-0.0670117735862732
fresh,cp_hk,0,uniform_shuffled,memberctl_cp_hk_uniform_shuffled_s0,covid_political,M2_post_meta/ridge,0.35435514096860526,0.07739935980902768,0.2769557811595776,0.2679036458333333,0.0087890625,0.2591145833333333,-0.06959694779536174,0.08583543735869309,-0.15543238515405483,-0.1482245922088623,-0.0062721967697143555,-0.14195239543914795
fresh,cp_hk,0,uniform_shuffled,memberctl_cp_hk_uniform_shuffled_s0,covid_political,S0_conv_center/prototype,-0.0,0.0,-0.0,-0.0,0.0,-0.0,-0.0,5.551115123125783e-17,-5.551115123125783e-17,-0.0,0.0,-0.0
fresh,cp_hk,0,uniform_shuffled,memberctl_cp_hk_uniform_shuffled_s0,covid_political,S0_conv_center/ridge,-0.0,0.0,-0.0,-0.0,0.0,-0.0,-0.0,0.0,-0.0,-0.0,0.0,-0.0
fresh,cp_hk,0,uniform_shuffled,memberctl_cp_hk_uniform_shuffled_s0,covid_political,S0_pool/prototype,-0.0,0.0,-0.0,-0.0,0.0,-0.0,-0.0,0.0,-0.0,-0.0,0.0,-0.0
fresh,cp_hk,0,uniform_shuffled,memberctl_cp_hk_uniform_shuffled_s0,covid_political,S0_pool/ridge,-0.0,0.0,-0.0,-0.0,0.0,-0.0,-0.0,0.0,-0.0,-0.0,0.0,-0.0
fresh,cp_hk,0,uniform_shuffled,memberctl_cp_hk_uniform_shuffled_s0,covid_political,U1_pre_meta/prototype,0.01604744240089684,0.07546234130859386,-0.05941489890769702,0.02766927083333326,0.03125,-0.0035807291666667407,0.034086032795814236,0.09161429943052218,-0.05752826663470795,-0.004678249359130859,0.00014829635620117188,-0.004826545715332031
fresh,cp_hk,0,uniform_shuffled,memberctl_cp_hk_uniform_shuffled_s0,covid_political,U1_pre_meta/ridge,0.0376462583188657,0.06050222891348367,-0.02285597059461797,0.0517578125,0.01822916666666674,0.03352864583333326,0.06467292799472735,0.0681638634205668,-0.0034909354258394476,-0.02341747283935547,-0.0004881620407104492,-0.02292931079864502
fresh,cp_hk,0,uniform_shuffled,memberctl_cp_hk_uniform_shuffled_s0,covid_political,final_input/prototype,0.39041702835648145,0.07467849166304985,0.3157385366934316,0.2828776041666667,0.01009114583333326,0.2727864583333334,0.02706959599094233,0.08728546765512346,-0.06021587166418113,-0.06773251295089722,-0.0007207393646240234,-0.0670117735862732
fresh,cp_hk,0,uniform_shuffled,memberctl_cp_hk_uniform_shuffled_s0,covid_political,final_input/ridge,0.35435514096860526,0.07739935980902768,0.2769557811595776,0.2679036458333333,0.0087890625,0.2591145833333333,-0.06959694779536174,0.08583543735869309,-0.15543238515405483,-0.1482245922088623,-0.0062721967697143555,-0.14195239543914795
fresh,cp_hk,0,uniform_shuffled,memberctl_cp_hk_uniform_shuffled_s0,covid_political,full_model,0.02135891384548627,-0.1326488918728298,0.15400780571831607,-0.11067708333333326,0.0,-0.11067708333333326,0.17319845717196708,0.0,0.17319845717196708,0.23003137111663818,-0.0026319026947021484,0.23266327381134033
fresh,cp_hk,0,uniform_shuffled,memberctl_cp_hk_uniform_shuffled_s0,covid_political,raw_center/prototype,-0.0,0.0,-0.0,-0.0,0.0,-0.0,-0.0,0.0,-0.0,-0.0,0.0,-0.0
fresh,cp_hk,0,uniform_shuffled,memberctl_cp_hk_uniform_shuffled_s0,covid_political,raw_center/ridge,-0.0,0.0,-0.0,-0.0,0.0,-0.0,-0.0,0.0,-0.0,-0.0,0.0,-0.0
fresh,cp_hk,0,uniform_shuffled,memberctl_cp_hk_uniform_shuffled_s0,covid_political,raw_context/prototype,-1.1102230246251565e-16,1.1102230246251565e-16,-2.220446049250313e-16,-0.0,0.0,-0.0,-0.0,0.0,-0.0,-0.0,0.0,-0.0
fresh,cp_hk,0,uniform_shuffled,memberctl_cp_hk_uniform_shuffled_s0,covid_political,raw_context/ridge,-0.0,0.0,-0.0,-0.0,0.0,-0.0,-0.0,0.0,-0.0,-0.0,0.0,-0.0
fresh,cp_hk,0,uniform_shuffled,memberctl_cp_hk_uniform_shuffled_s0,covid_political,raw_joint/prototype,-0.0,0.0,-0.0,-0.0,0.0,-0.0,-0.0,0.0,-0.0,-0.0,0.0,-0.0
fresh,cp_hk,0,uniform_shuffled,memberctl_cp_hk_uniform_shuffled_s0,covid_political,raw_joint/ridge,-0.0,0.0,-0.0,-0.0,0.0,-0.0,-0.0,0.0,-0.0,-0.0,0.0,-0.0
fresh,cp_hk,0,uniform_shuffled,memberctl_cp_hk_uniform_shuffled_s0,election2020,M2_post_meta/prototype,0.3673095703125,0.015167236328125,0.352142333984375,0.07421875,0.00390625,0.0703125,-0.18195488721804515,-0.00038268095342219866,-0.18157220626462295,-0.01186072826385498,-0.0002847909927368164,-0.011575937271118164
fresh,cp_hk,0,uniform_shuffled,memberctl_cp_hk_uniform_shuffled_s0,election2020,M2_post_meta/ridge,0.55419921875,0.02294921875,0.53125,0.0625,0.00390625,0.05859375,-0.25,-0.0003579886545133082,-0.2496420113454867,-0.012317895889282227,-0.002470850944519043,-0.009847044944763184
fresh,cp_hk,0,uniform_shuffled,memberctl_cp_hk_uniform_shuffled_s0,election2020,S0_conv_center/prototype,-0.0,0.0,-0.0,-0.0,0.0,-0.0,-0.0,0.0,-0.0,-0.0,0.0,-0.0
fresh,cp_hk,0,uniform_shuffled,memberctl_cp_hk_uniform_shuffled_s0,election2020,S0_conv_center/ridge,-0.0,0.0,-0.0,-0.0,0.0,-0.0,-0.0,0.0,-0.0,-0.0,0.0,-0.0
fresh,cp_hk,0,uniform_shuffled,memberctl_cp_hk_uniform_shuffled_s0,election2020,S0_pool/prototype,-0.0,0.0,-0.0,-0.0,0.0,-0.0,-1.1102230246251565e-16,0.0,-1.1102230246251565e-16,-0.0,0.0,-0.0
fresh,cp_hk,0,uniform_shuffled,memberctl_cp_hk_uniform_shuffled_s0,election2020,S0_pool/ridge,-0.0,0.0,-0.0,-0.0,0.0,-0.0,1.1102230246251565e-16,0.0,1.1102230246251565e-16,-0.0,0.0,-0.0
fresh,cp_hk,0,uniform_shuffled,memberctl_cp_hk_uniform_shuffled_s0,election2020,U1_pre_meta/prototype,0.23675537109375,0.0048828125,0.23187255859375,0.21875,0.0,0.21875,0.2043795620437956,-0.005528346192552824,0.20990790823634842,-0.006681621074676514,0.0005148053169250488,-0.0071964263916015625
fresh,cp_hk,0,uniform_shuffled,memberctl_cp_hk_uniform_shuffled_s0,election2020,U1_pre_meta/ridge,0.18023681640625,-0.01318359375,0.19342041015625,0.19921875,-0.015625,0.21484375,0.18503635667814766,-0.022737411287597098,0.20777376796574476,-0.044008851051330566,0.00373077392578125,-0.047739624977111816
fresh,cp_hk,0,uniform_shuffled,memberctl_cp_hk_uniform_shuffled_s0,election2020,final_input/prototype,0.3673095703125,0.015167236328125,0.352142333984375,0.07421875,0.00390625,0.0703125,-0.18195488721804515,-0.00038268095342219866,-0.18157220626462295,-0.01186072826385498,-0.0002847909927368164,-0.011575937271118164
fresh,cp_hk,0,uniform_shuffled,memberctl_cp_hk_uniform_shuffled_s0,election2020,final_input/ridge,0.55419921875,0.02294921875,0.53125,0.0625,0.00390625,0.05859375,-0.25,-0.0003579886545133082,-0.2496420113454867,-0.012317895889282227,-0.002470850944519043,-0.009847044944763184
fresh,cp_hk,0,uniform_shuffled,memberctl_cp_hk_uniform_shuffled_s0,election2020,full_model,0.17449951171875,-0.02789306640625,0.202392578125,0.26171875,0.0,0.26171875,0.6706560283687943,0.0,0.6706560283687943,-0.1493108868598938,0.052466392517089844,-0.20177727937698364
fresh,cp_hk,0,uniform_shuffled,memberctl_cp_hk_uniform_shuffled_s0,election2020,raw_center/prototype,-0.0,0.0,-0.0,-0.0,0.0,-0.0,-0.0,0.0,-0.0,-0.0,0.0,-0.0
fresh,cp_hk,0,uniform_shuffled,memberctl_cp_hk_uniform_shuffled_s0,election2020,raw_center/ridge,-0.0,0.0,-0.0,-0.0,0.0,-0.0,-0.0,0.0,-0.0,-0.0,0.0,-0.0
fresh,cp_hk,0,uniform_shuffled,memberctl_cp_hk_uniform_shuffled_s0,election2020,raw_context/prototype,-0.0,0.0,-0.0,-0.0,0.0,-0.0,-0.0,0.0,-0.0,-0.0,0.0,-0.0
fresh,cp_hk,0,uniform_shuffled,memberctl_cp_hk_uniform_shuffled_s0,election2020,raw_context/ridge,-0.0,0.0,-0.0,-0.0,0.0,-0.0,-0.0,0.0,-0.0,-0.0,0.0,-0.0
fresh,cp_hk,0,uniform_shuffled,memberctl_cp_hk_uniform_shuffled_s0,election2020,raw_joint/prototype,-0.0,0.0,-0.0,-0.0,0.0,-0.0,-0.0,0.0,-0.0,-0.0,0.0,-0.0
fresh,cp_hk,0,uniform_shuffled,memberctl_cp_hk_uniform_shuffled_s0,election2020,raw_joint/ridge,-0.0,0.0,-0.0,-0.0,0.0,-0.0,-0.0,0.0,-0.0,-0.0,0.0,-0.0
fresh,cp_hk,0,uniform_shuffled,memberctl_cp_hk_uniform_shuffled_s0,facebook_page_reference,M2_post_meta/prototype,0.06271743774414062,-0.018548965454101562,0.08126640319824219,0.0302734375,-0.03125,0.0615234375,0.03621419206946086,-0.02541297053642233,0.06162716260588319,-0.009539127349853516,-0.0004004836082458496,-0.009138643741607666
fresh,cp_hk,0,uniform_shuffled,memberctl_cp_hk_uniform_shuffled_s0,facebook_page_reference,M2_post_meta/ridge,0.07851028442382812,-0.007289886474609375,0.0858001708984375,0.0439453125,-0.033203125,0.0771484375,0.045264604592596736,-0.026725962209833254,0.07199056680242999,-0.028682470321655273,-0.003653228282928467,-0.025029242038726807
fresh,cp_hk,0,uniform_shuffled,memberctl_cp_hk_uniform_shuffled_s0,facebook_page_reference,S0_conv_center/prototype,-0.0,0.0,-0.0,-0.0,0.0,-0.0,-0.0,0.0,-0.0,-0.0,0.0,-0.0
fresh,cp_hk,0,uniform_shuffled,memberctl_cp_hk_uniform_shuffled_s0,facebook_page_reference,S0_conv_center/ridge,-0.0,0.0,-0.0,-0.0,0.0,-0.0,-0.0,0.0,-0.0,-0.0,0.0,-0.0
fresh,cp_hk,0,uniform_shuffled,memberctl_cp_hk_uniform_shuffled_s0,facebook_page_reference,S0_pool/prototype,-0.0,0.0,-0.0,-0.0,0.0,-0.0,-0.0,0.0,-0.0,-0.0,0.0,-0.0
fresh,cp_hk,0,uniform_shuffled,memberctl_cp_hk_uniform_shuffled_s0,facebook_page_reference,S0_pool/ridge,-0.0,0.0,-0.0,-0.0,0.0,-0.0,-0.0,0.0,-0.0,-0.0,0.0,-0.0
fresh,cp_hk,0,uniform_shuffled,memberctl_cp_hk_uniform_shuffled_s0,facebook_page_reference,U1_pre_meta/prototype,-0.1343555450439453,-0.03939056396484375,-0.09496498107910156,-0.115234375,-0.037109375,-0.078125,-0.12440759206886187,-0.03266151081946722,-0.09174608124939465,0.009655654430389404,4.8160552978515625e-05,0.009607493877410889
fresh,cp_hk,0,uniform_shuffled,memberctl_cp_hk_uniform_shuffled_s0,facebook_page_reference,U1_pre_meta/ridge,-0.1230010986328125,-0.04481697082519531,-0.07818412780761719,-0.0986328125,-0.05078125,-0.0478515625,-0.10112102493708541,-0.0441456268749052,-0.056975398062180216,0.03284960985183716,0.0004902482032775879,0.03235936164855957
fresh,cp_hk,0,uniform_shuffled,memberctl_cp_hk_uniform_shuffled_s0,facebook_page_reference,final_input/prototype,0.06271743774414062,-0.018548965454101562,0.08126640319824219,0.0302734375,-0.03125,0.0615234375,0.03621419206946086,-0.02541297053642233,0.06162716260588319,-0.009539127349853516,-0.0004004836082458496,-0.009138643741607666
fresh,cp_hk,0,uniform_shuffled,memberctl_cp_hk_uniform_shuffled_s0,facebook_page_reference,final_input/ridge,0.07851028442382812,-0.007289886474609375,0.0858001708984375,0.0439453125,-0.033203125,0.0771484375,0.045264604592596736,-0.026725962209833254,0.07199056680242999,-0.028682470321655273,-0.003653228282928467,-0.025029242038726807
fresh,cp_hk,0,uniform_shuffled,memberctl_cp_hk_uniform_shuffled_s0,facebook_page_reference,full_model,0.026792526245117188,0.0011444091796875,0.025648117065429688,0.046875,-0.0087890625,0.0556640625,0.05485026508095714,-0.03399608928813419,0.08884635436909133,0.13827306032180786,5.137920379638672e-05,0.13822168111801147
fresh,cp_hk,0,uniform_shuffled,memberctl_cp_hk_uniform_shuffled_s0,facebook_page_reference,raw_center/prototype,1.1102230246251565e-16,-1.1102230246251565e-16,2.220446049250313e-16,-0.0,0.0,-0.0,-0.0,0.0,-0.0,-0.0,0.0,-0.0
fresh,cp_hk,0,uniform_shuffled,memberctl_cp_hk_uniform_shuffled_s0,facebook_page_reference,raw_center/ridge,-0.0,0.0,-0.0,-0.0,0.0,-0.0,-0.0,0.0,-0.0,-0.0,0.0,-0.0
fresh,cp_hk,0,uniform_shuffled,memberctl_cp_hk_uniform_shuffled_s0,facebook_page_reference,raw_context/prototype,-0.0,0.0,-0.0,-0.0,0.0,-0.0,-0.0,0.0,-0.0,-0.0,0.0,-0.0
fresh,cp_hk,0,uniform_shuffled,memberctl_cp_hk_uniform_shuffled_s0,facebook_page_reference,raw_context/ridge,-0.0,0.0,-0.0,-0.0,0.0,-0.0,-0.0,0.0,-0.0,-0.0,0.0,-0.0
fresh,cp_hk,0,uniform_shuffled,memberctl_cp_hk_uniform_shuffled_s0,facebook_page_reference,raw_joint/prototype,-0.0,0.0,-0.0,-0.0,0.0,-0.0,-0.0,0.0,-0.0,-0.0,0.0,-0.0
fresh,cp_hk,0,uniform_shuffled,memberctl_cp_hk_uniform_shuffled_s0,facebook_page_reference,raw_joint/ridge,1.1102230246251565e-16,-1.1102230246251565e-16,2.220446049250313e-16,-0.0,0.0,-0.0,-0.0,0.0,-0.0,-0.0,0.0,-0.0
fresh,cp_hk,0,uniform_shuffled,memberctl_cp_hk_uniform_shuffled_s0,twibot20,M2_post_meta/prototype,0.15833324856228298,-0.007224824693467857,0.16555807325575084,0.00651041666666663,-0.00390625,0.01041666666666663,0.001464530892448468,-0.006193928110052371,0.007658459002500839,-0.00171738862991333,-0.0013884902000427246,-0.00032889842987060547
fresh,cp_hk,0,uniform_shuffled,memberctl_cp_hk_uniform_shuffled_s0,twibot20,M2_post_meta/ridge,0.22680388556586367,-0.006264368693033817,0.2330682542588975,0.0107421875,-0.00423177083333337,0.01497395833333337,0.00279708994549277,-0.006386419114497555,0.009183509059990325,0.026594221591949463,-0.008859217166900635,0.0354534387588501
fresh,cp_hk,0,uniform_shuffled,memberctl_cp_hk_uniform_shuffled_s0,twibot20,S0_conv_center/prototype,-0.0,0.0,-0.0,-0.0,0.0,-0.0,-0.0,0.0,-0.0,-0.0,0.0,-0.0
fresh,cp_hk,0,uniform_shuffled,memberctl_cp_hk_uniform_shuffled_s0,twibot20,S0_conv_center/ridge,-0.0,0.0,-0.0,-0.0,0.0,-0.0,-0.0,0.0,-0.0,-0.0,0.0,-0.0
fresh,cp_hk,0,uniform_shuffled,memberctl_cp_hk_uniform_shuffled_s0,twibot20,S0_pool/prototype,-0.0,0.0,-0.0,-0.0,0.0,-0.0,-0.0,0.0,-0.0,-0.0,0.0,-0.0
fresh,cp_hk,0,uniform_shuffled,memberctl_cp_hk_uniform_shuffled_s0,twibot20,S0_pool/ridge,-0.0,0.0,-0.0,-0.0,0.0,-0.0,-0.0,0.0,-0.0,-0.0,0.0,-0.0
fresh,cp_hk,0,uniform_shuffled,memberctl_cp_hk_uniform_shuffled_s0,twibot20,U1_pre_meta/prototype,0.0029864841037325895,-0.0076885223388671875,0.010675006442599777,0.0107421875,-0.004557291666666741,0.01529947916666674,0.014663873720213716,-0.004470671835454687,0.019134545555668403,-0.0005636811256408691,0.0034384727478027344,-0.0040021538734436035
fresh,cp_hk,0,uniform_shuffled,memberctl_cp_hk_uniform_shuffled_s0,twibot20,U1_pre_meta/ridge,0.01918877495659721,-0.00789048936631942,0.02707926432291663,0.029296875,-0.0022786458333333703,0.03157552083333337,0.03453813880423229,-0.002469136919068804,0.03700727572330109,-0.005076229572296143,0.010035991668701172,-0.015112221240997314
fresh,cp_hk,0,uniform_shuffled,memberctl_cp_hk_uniform_shuffled_s0,twibot20,final_input/prototype,0.15833324856228298,-0.007224824693467857,0.16555807325575084,0.00651041666666663,-0.00390625,0.01041666666666663,0.001464530892448468,-0.006193928110052371,0.007658459002500839,-0.00171738862991333,-0.0013884902000427246,-0.00032889842987060547
fresh,cp_hk,0,uniform_shuffled,memberctl_cp_hk_uniform_shuffled_s0,twibot20,final_input/ridge,0.22680388556586367,-0.006264368693033817,0.2330682542588975,0.0107421875,-0.00423177083333337,0.01497395833333337,0.00279708994549277,-0.006386419114497555,0.009183509059990325,0.026594221591949463,-0.008859217166900635,0.0354534387588501
fresh,cp_hk,0,uniform_shuffled,memberctl_cp_hk_uniform_shuffled_s0,twibot20,full_model,0.023139529758029354,-0.05032073126898873,0.07346026102701808,0.02278645833333326,0.0,0.02278645833333326,0.011409510741356543,0.0,0.011409510741356543,0.2812137007713318,0.08118546009063721,0.20002824068069458
fresh,cp_hk,0,uniform_shuffled,memberctl_cp_hk_uniform_shuffled_s0,twibot20,raw_center/prototype,-0.0,0.0,-0.0,-0.0,0.0,-0.0,-5.551115123125783e-17,5.551115123125783e-17,-1.1102230246251565e-16,-0.0,0.0,-0.0
fresh,cp_hk,0,uniform_shuffled,memberctl_cp_hk_uniform_shuffled_s0,twibot20,raw_center/ridge,-0.0,0.0,-0.0,-0.0,0.0,-0.0,-5.551115123125783e-17,5.551115123125783e-17,-1.1102230246251565e-16,-0.0,0.0,-0.0
fresh,cp_hk,0,uniform_shuffled,memberctl_cp_hk_uniform_shuffled_s0,twibot20,raw_context/prototype,-0.0,0.0,-0.0,-0.0,0.0,-0.0,-0.0,0.0,-0.0,-0.0,0.0,-0.0
fresh,cp_hk,0,uniform_shuffled,memberctl_cp_hk_uniform_shuffled_s0,twibot20,raw_context/ridge,-0.0,0.0,-0.0,-0.0,0.0,-0.0,-0.0,0.0,-0.0,-0.0,0.0,-0.0
fresh,cp_hk,0,uniform_shuffled,memberctl_cp_hk_uniform_shuffled_s0,twibot20,raw_joint/prototype,-0.0,0.0,-0.0,-0.0,0.0,-0.0,-0.0,0.0,-0.0,-0.0,0.0,-0.0
fresh,cp_hk,0,uniform_shuffled,memberctl_cp_hk_uniform_shuffled_s0,twibot20,raw_joint/ridge,-0.0,0.0,-0.0,-0.0,0.0,-0.0,-0.0,0.0,-0.0,-0.0,0.0,-0.0
fresh,cp_hk,0,uniform_shuffled,memberctl_cp_hk_uniform_shuffled_s0,ukr_rus_suspended,M2_post_meta/prototype,0.09014892578125,0.030548095703125,0.059600830078125,0.08984375,0.05859375,0.03125,-0.09007809726659566,0.04694326106422808,-0.13702135833082374,-0.0032672882080078125,-4.762411117553711e-05,-0.0032196640968322754
fresh,cp_hk,0,uniform_shuffled,memberctl_cp_hk_uniform_shuffled_s0,ukr_rus_suspended,M2_post_meta/ridge,0.08740234375,0.0250244140625,0.0623779296875,0.07421875,0.0703125,0.00390625,-0.061974904528096064,0.052671425481289225,-0.11464633000938529,0.0055179595947265625,-0.00040209293365478516,0.005920052528381348
fresh,cp_hk,0,uniform_shuffled,memberctl_cp_hk_uniform_shuffled_s0,ukr_rus_suspended,S0_conv_center/prototype,-0.0,0.0,-0.0,-0.0,0.0,-0.0,-0.0,0.0,-0.0,-0.0,0.0,-0.0
fresh,cp_hk,0,uniform_shuffled,memberctl_cp_hk_uniform_shuffled_s0,ukr_rus_suspended,S0_conv_center/ridge,-0.0,0.0,-0.0,-0.0,0.0,-0.0,-0.0,0.0,-0.0,-0.0,0.0,-0.0
fresh,cp_hk,0,uniform_shuffled,memberctl_cp_hk_uniform_shuffled_s0,ukr_rus_suspended,S0_pool/prototype,-0.0,0.0,-0.0,-0.0,0.0,-0.0,-0.0,0.0,-0.0,-0.0,0.0,-0.0
fresh,cp_hk,0,uniform_shuffled,memberctl_cp_hk_uniform_shuffled_s0,ukr_rus_suspended,S0_pool/ridge,-0.0,0.0,-0.0,-0.0,0.0,-0.0,-0.0,0.0,-0.0,-0.0,0.0,-0.0
fresh,cp_hk,0,uniform_shuffled,memberctl_cp_hk_uniform_shuffled_s0,ukr_rus_suspended,U1_pre_meta/prototype,-0.0186767578125,0.0201416015625,-0.038818359375,-0.03515625,0.05078125,-0.0859375,-0.028780183551635086,0.04815797229590335,-0.07693815584753844,0.00016796588897705078,4.51207160949707e-05,0.00012284517288208008
fresh,cp_hk,0,uniform_shuffled,memberctl_cp_hk_uniform_shuffled_s0,ukr_rus_suspended,U1_pre_meta/ridge,-0.03668212890625,0.01849365234375,-0.05517578125,-0.05859375,0.03515625,-0.09375,-0.0399344665164858,0.032802829354553475,-0.07273729587103928,0.0005514025688171387,0.00010877847671508789,0.0004426240921020508
fresh,cp_hk,0,uniform_shuffled,memberctl_cp_hk_uniform_shuffled_s0,ukr_rus_suspended,final_input/prototype,0.09014892578125,0.030548095703125,0.059600830078125,0.08984375,0.05859375,0.03125,-0.09007809726659566,0.04694326106422808,-0.13702135833082374,-0.0032672882080078125,-4.762411117553711e-05,-0.0032196640968322754
fresh,cp_hk,0,uniform_shuffled,memberctl_cp_hk_uniform_shuffled_s0,ukr_rus_suspended,final_input/ridge,0.08740234375,0.0250244140625,0.0623779296875,0.07421875,0.0703125,0.00390625,-0.061974904528096064,0.052671425481289225,-0.11464633000938529,0.0055179595947265625,-0.00040209293365478516,0.005920052528381348
fresh,cp_hk,0,uniform_shuffled,memberctl_cp_hk_uniform_shuffled_s0,ukr_rus_suspended,full_model,0.0303955078125,-0.018890380859375,0.049285888671875,0.0234375,0.0,0.0234375,-0.032198142414860687,0.0,-0.032198142414860687,0.14686554670333862,-0.06991922855377197,0.2167847752571106
fresh,cp_hk,0,uniform_shuffled,memberctl_cp_hk_uniform_shuffled_s0,ukr_rus_suspended,raw_center/prototype,-0.0,0.0,-0.0,-0.0,0.0,-0.0,-0.0,0.0,-0.0,-0.0,0.0,-0.0
fresh,cp_hk,0,uniform_shuffled,memberctl_cp_hk_uniform_shuffled_s0,ukr_rus_suspended,raw_center/ridge,-0.0,0.0,-0.0,-0.0,0.0,-0.0,-0.0,0.0,-0.0,-0.0,0.0,-0.0
fresh,cp_hk,0,uniform_shuffled,memberctl_cp_hk_uniform_shuffled_s0,ukr_rus_suspended,raw_context/prototype,-0.0,0.0,-0.0,-0.0,0.0,-0.0,-0.0,0.0,-0.0,-0.0,0.0,-0.0
fresh,cp_hk,0,uniform_shuffled,memberctl_cp_hk_uniform_shuffled_s0,ukr_rus_suspended,raw_context/ridge,-0.0,0.0,-0.0,-0.0,0.0,-0.0,-0.0,0.0,-0.0,-0.0,0.0,-0.0
fresh,cp_hk,0,uniform_shuffled,memberctl_cp_hk_uniform_shuffled_s0,ukr_rus_suspended,raw_joint/prototype,-0.0,0.0,-0.0,-0.0,0.0,-0.0,-0.0,0.0,-0.0,-0.0,0.0,-0.0
fresh,cp_hk,0,uniform_shuffled,memberctl_cp_hk_uniform_shuffled_s0,ukr_rus_suspended,raw_joint/ridge,-0.0,0.0,-0.0,-0.0,0.0,-0.0,-0.0,0.0,-0.0,-0.0,0.0,-0.0
fresh,cp_hk,0,uniform_sorted,memberctl_cp_hk_uniform_sorted_s0,covid_political,M2_post_meta/prototype,0.19307341399016198,0.01030900743272578,0.1827644065574362,-0.07194010416666663,-0.01139322916666674,-0.06054687499999989,0.5319451017510648,0.01614835793257452,0.5157967438184903,-0.0034412145614624023,-0.0005598068237304688,-0.0028814077377319336
fresh,cp_hk,0,uniform_sorted,memberctl_cp_hk_uniform_sorted_s0,covid_political,M2_post_meta/ridge,0.22427820276331023,0.01562810827184613,0.2086500944914641,0.03059895833333337,-0.00911458333333326,0.03971354166666663,0.5834363411619283,0.01933849653004771,0.5640978446318806,-0.051612913608551025,-0.004616737365722656,-0.04699617624282837
fresh,cp_hk,0,uniform_sorted,memberctl_cp_hk_uniform_sorted_s0,covid_political,S0_conv_center/prototype,-0.0,0.0,-0.0,-0.0,0.0,-0.0,-0.0,5.551115123125783e-17,-5.551115123125783e-17,-0.0,0.0,-0.0
fresh,cp_hk,0,uniform_sorted,memberctl_cp_hk_uniform_sorted_s0,covid_political,S0_conv_center/ridge,-0.0,0.0,-0.0,-0.0,0.0,-0.0,-0.0,0.0,-0.0,-0.0,0.0,-0.0
fresh,cp_hk,0,uniform_sorted,memberctl_cp_hk_uniform_sorted_s0,covid_political,S0_pool/prototype,1.1102230246251565e-16,0.0,1.1102230246251565e-16,-0.0,0.0,-0.0,-0.0,0.0,-0.0,-0.0,0.0,-0.0
fresh,cp_hk,0,uniform_sorted,memberctl_cp_hk_uniform_sorted_s0,covid_political,S0_pool/ridge,-0.0,0.0,-0.0,-0.0,0.0,-0.0,-0.0,0.0,-0.0,-0.0,0.0,-0.0
fresh,cp_hk,0,uniform_sorted,memberctl_cp_hk_uniform_sorted_s0,covid_political,U1_pre_meta/prototype,0.0145125212492766,0.00820753309461808,0.00630498815465852,0.0400390625,0.00846354166666674,0.03157552083333326,0.05399357701292806,0.014611606370682317,0.039381970642245745,-0.016179978847503662,6.181001663208008e-05,-0.016241788864135742
fresh,cp_hk,0,uniform_sorted,memberctl_cp_hk_uniform_sorted_s0,covid_political,U1_pre_meta/ridge,0.01862900345413787,0.0013515331127025298,0.01727747034143534,0.05013020833333337,0.0013020833333333703,0.048828125,0.07003801470227133,0.006441251778853574,0.06359676292341776,-0.044850170612335205,0.0005165338516235352,-0.04536670446395874
fresh,cp_hk,0,uniform_sorted,memberctl_cp_hk_uniform_sorted_s0,covid_political,final_input/prototype,0.19307341399016198,0.01030900743272578,0.1827644065574362,-0.07194010416666663,-0.01139322916666674,-0.06054687499999989,0.5319451017510648,0.01614835793257452,0.5157967438184903,-0.0034412145614624023,-0.0005598068237304688,-0.0028814077377319336
fresh,cp_hk,0,uniform_sorted,memberctl_cp_hk_uniform_sorted_s0,covid_political,final_input/ridge,0.22427820276331023,0.01562810827184613,0.2086500944914641,0.03059895833333337,-0.00911458333333326,0.03971354166666663,0.5834363411619283,0.01933849653004771,0.5640978446318806,-0.051612913608551025,-0.004616737365722656,-0.04699617624282837
fresh,cp_hk,0,uniform_sorted,memberctl_cp_hk_uniform_sorted_s0,covid_political,full_model,0.06902680573640041,0.04159715440538203,0.02742965133101838,-0.05240885416666674,0.0,-0.05240885416666674,0.0978717469442082,0.0,0.0978717469442082,0.0829087495803833,-0.015087723731994629,0.09799647331237793
fresh,cp_hk,0,uniform_sorted,memberctl_cp_hk_uniform_sorted_s0,covid_political,raw_center/prototype,-0.0,0.0,-0.0,-0.0,0.0,-0.0,-0.0,0.0,-0.0,-0.0,0.0,-0.0
fresh,cp_hk,0,uniform_sorted,memberctl_cp_hk_uniform_sorted_s0,covid_political,raw_center/ridge,-0.0,0.0,-0.0,-0.0,0.0,-0.0,-0.0,0.0,-0.0,-0.0,0.0,-0.0
fresh,cp_hk,0,uniform_sorted,memberctl_cp_hk_uniform_sorted_s0,covid_political,raw_context/prototype,-1.1102230246251565e-16,1.1102230246251565e-16,-2.220446049250313e-16,-0.0,0.0,-0.0,-0.0,0.0,-0.0,-0.0,0.0,-0.0
fresh,cp_hk,0,uniform_sorted,memberctl_cp_hk_uniform_sorted_s0,covid_political,raw_context/ridge,-0.0,0.0,-0.0,-0.0,0.0,-0.0,-0.0,0.0,-0.0,-0.0,0.0,-0.0
fresh,cp_hk,0,uniform_sorted,memberctl_cp_hk_uniform_sorted_s0,covid_political,raw_joint/prototype,-0.0,0.0,-0.0,-0.0,0.0,-0.0,-0.0,0.0,-0.0,-0.0,0.0,-0.0
fresh,cp_hk,0,uniform_sorted,memberctl_cp_hk_uniform_sorted_s0,covid_political,raw_joint/ridge,-0.0,0.0,-0.0,-0.0,0.0,-0.0,-0.0,0.0,-0.0,-0.0,0.0,-0.0
fresh,cp_hk,0,uniform_sorted,memberctl_cp_hk_uniform_sorted_s0,election2020,M2_post_meta/prototype,0.27923583984375,-0.00341796875,0.28265380859375,0.1796875,-0.02734375,0.20703125,0.5543478260869565,-0.0158654859793379,0.5702133120662944,-0.017249226570129395,-0.0004112720489501953,-0.0168379545211792
fresh,cp_hk,0,uniform_sorted,memberctl_cp_hk_uniform_sorted_s0,election2020,M2_post_meta/ridge,0.31427001953125,0.00653076171875,0.3077392578125,0.15625,-0.0234375,0.1796875,0.5,-0.013747718704623768,0.5137477187046238,-0.08897179365158081,-0.0032013654708862305,-0.08577042818069458
fresh,cp_hk,0,uniform_sorted,memberctl_cp_hk_uniform_sorted_s0,election2020,S0_conv_center/prototype,-0.0,0.0,-0.0,-0.0,0.0,-0.0,-0.0,0.0,-0.0,-0.0,0.0,-0.0
fresh,cp_hk,0,uniform_sorted,memberctl_cp_hk_uniform_sorted_s0,election2020,S0_conv_center/ridge,-0.0,0.0,-0.0,-0.0,0.0,-0.0,-0.0,0.0,-0.0,-0.0,0.0,-0.0
fresh,cp_hk,0,uniform_sorted,memberctl_cp_hk_uniform_sorted_s0,election2020,S0_pool/prototype,-0.0,0.0,-0.0,-0.0,0.0,-0.0,-0.0,0.0,-0.0,-0.0,0.0,-0.0
fresh,cp_hk,0,uniform_sorted,memberctl_cp_hk_uniform_sorted_s0,election2020,S0_pool/ridge,-0.0,0.0,-0.0,-0.0,0.0,-0.0,-0.0,0.0,-0.0,-0.0,0.0,-0.0
fresh,cp_hk,0,uniform_sorted,memberctl_cp_hk_uniform_sorted_s0,election2020,U1_pre_meta/prototype,0.04962158203125,-0.01031494140625,0.0599365234375,0.08203125,-0.01953125,0.1015625,0.08098495212038304,-0.016758893280632403,0.09774384540101544,-0.01312410831451416,4.70280647277832e-05,-0.013171136379241943
fresh,cp_hk,0,uniform_sorted,memberctl_cp_hk_uniform_sorted_s0,election2020,U1_pre_meta/ridge,0.04058837890625,-0.0233154296875,0.06390380859375,0.0703125,-0.0234375,0.09375,0.06976424811169601,-0.024562104562104503,0.09432635267380052,-0.06518226861953735,0.0012291669845581055,-0.06641143560409546
fresh,cp_hk,0,uniform_sorted,memberctl_cp_hk_uniform_sorted_s0,election2020,final_input/prototype,0.27923583984375,-0.00341796875,0.28265380859375,0.1796875,-0.02734375,0.20703125,0.5543478260869565,-0.0158654859793379,0.5702133120662944,-0.017249226570129395,-0.0004112720489501953,-0.0168379545211792
fresh,cp_hk,0,uniform_sorted,memberctl_cp_hk_uniform_sorted_s0,election2020,final_input/ridge,0.31427001953125,0.00653076171875,0.3077392578125,0.15625,-0.0234375,0.1796875,0.5,-0.013747718704623768,0.5137477187046238,-0.08897179365158081,-0.0032013654708862305,-0.08577042818069458
fresh,cp_hk,0,uniform_sorted,memberctl_cp_hk_uniform_sorted_s0,election2020,full_model,0.24749755859375,0.1612548828125,0.08624267578125,0.359375,0.0,0.359375,0.5514963880288959,0.0,0.5514963880288959,-0.42273229360580444,0.10843122005462646,-0.5311635136604309
fresh,cp_hk,0,uniform_sorted,memberctl_cp_hk_uniform_sorted_s0,election2020,raw_center/prototype,-0.0,0.0,-0.0,-0.0,0.0,-0.0,-0.0,0.0,-0.0,-0.0,0.0,-0.0
fresh,cp_hk,0,uniform_sorted,memberctl_cp_hk_uniform_sorted_s0,election2020,raw_center/ridge,-0.0,0.0,-0.0,-0.0,0.0,-0.0,-0.0,0.0,-0.0,-0.0,0.0,-0.0
fresh,cp_hk,0,uniform_sorted,memberctl_cp_hk_uniform_sorted_s0,election2020,raw_context/prototype,-0.0,0.0,-0.0,-0.0,0.0,-0.0,-0.0,0.0,-0.0,-0.0,0.0,-0.0
fresh,cp_hk,0,uniform_sorted,memberctl_cp_hk_uniform_sorted_s0,election2020,raw_context/ridge,-0.0,0.0,-0.0,-0.0,0.0,-0.0,-0.0,0.0,-0.0,-0.0,0.0,-0.0
fresh,cp_hk,0,uniform_sorted,memberctl_cp_hk_uniform_sorted_s0,election2020,raw_joint/prototype,-0.0,0.0,-0.0,-0.0,0.0,-0.0,-0.0,0.0,-0.0,-0.0,0.0,-0.0
fresh,cp_hk,0,uniform_sorted,memberctl_cp_hk_uniform_sorted_s0,election2020,raw_joint/ridge,-0.0,0.0,-0.0,-0.0,0.0,-0.0,-0.0,0.0,-0.0,-0.0,0.0,-0.0
fresh,cp_hk,0,uniform_sorted,memberctl_cp_hk_uniform_sorted_s0,facebook_page_reference,M2_post_meta/prototype,0.11356735229492188,-0.03839111328125,0.15195846557617188,0.0732421875,-0.0390625,0.1123046875,0.08502105514868297,-0.03455564313416393,0.1195766982828469,-0.006358206272125244,-0.0002345442771911621,-0.006123661994934082
fresh,cp_hk,0,uniform_sorted,memberctl_cp_hk_uniform_sorted_s0,facebook_page_reference,M2_post_meta/ridge,0.12711334228515625,-0.027742385864257812,0.15485572814941406,0.08203125,-0.0390625,0.12109375,0.09459287783946835,-0.033907211532334225,0.12850008937180257,-0.03073328733444214,-0.0021380186080932617,-0.028595268726348877
fresh,cp_hk,0,uniform_sorted,memberctl_cp_hk_uniform_sorted_s0,facebook_page_reference,S0_conv_center/prototype,-0.0,0.0,-0.0,-0.0,0.0,-0.0,-0.0,0.0,-0.0,-0.0,0.0,-0.0
fresh,cp_hk,0,uniform_sorted,memberctl_cp_hk_uniform_sorted_s0,facebook_page_reference,S0_conv_center/ridge,-0.0,0.0,-0.0,-0.0,0.0,-0.0,-0.0,0.0,-0.0,-0.0,0.0,-0.0
fresh,cp_hk,0,uniform_sorted,memberctl_cp_hk_uniform_sorted_s0,facebook_page_reference,S0_pool/prototype,-0.0,0.0,-0.0,-0.0,0.0,-0.0,-0.0,0.0,-0.0,-0.0,0.0,-0.0
fresh,cp_hk,0,uniform_sorted,memberctl_cp_hk_uniform_sorted_s0,facebook_page_reference,S0_pool/ridge,-0.0,0.0,-0.0,-0.0,0.0,-0.0,-0.0,0.0,-0.0,-0.0,0.0,-0.0
fresh,cp_hk,0,uniform_sorted,memberctl_cp_hk_uniform_sorted_s0,facebook_page_reference,U1_pre_meta/prototype,-0.1752777099609375,-0.07736587524414062,-0.09791183471679688,-0.1513671875,-0.0595703125,-0.091796875,-0.1615961364461529,-0.0569250093223167,-0.1046711271238362,0.008824825286865234,0.00024181604385375977,0.008583009243011475
fresh,cp_hk,0,uniform_sorted,memberctl_cp_hk_uniform_sorted_s0,facebook_page_reference,U1_pre_meta/ridge,-0.155181884765625,-0.08184814453125,-0.073333740234375,-0.1181640625,-0.0771484375,-0.041015625,-0.12572981444770737,-0.07425346351631712,-0.05147635093139025,0.034108638763427734,0.002290070056915283,0.03181856870651245
fresh,cp_hk,0,uniform_sorted,memberctl_cp_hk_uniform_sorted_s0,facebook_page_reference,final_input/prototype,0.11356735229492188,-0.03839111328125,0.15195846557617188,0.0732421875,-0.0390625,0.1123046875,0.08502105514868297,-0.03455564313416393,0.1195766982828469,-0.006358206272125244,-0.0002345442771911621,-0.006123661994934082
fresh,cp_hk,0,uniform_sorted,memberctl_cp_hk_uniform_sorted_s0,facebook_page_reference,final_input/ridge,0.12711334228515625,-0.027742385864257812,0.15485572814941406,0.08203125,-0.0390625,0.12109375,0.09459287783946835,-0.033907211532334225,0.12850008937180257,-0.03073328733444214,-0.0021380186080932617,-0.028595268726348877
fresh,cp_hk,0,uniform_sorted,memberctl_cp_hk_uniform_sorted_s0,facebook_page_reference,full_model,-0.0016460418701171875,-0.003086090087890625,0.0014400482177734375,0.0009765625,-0.0126953125,0.013671875,0.002137817298390021,-0.018000882639963633,0.020138699938353655,0.3301998972892761,0.0001773238182067871,0.33002257347106934
fresh,cp_hk,0,uniform_sorted,memberctl_cp_hk_uniform_sorted_s0,facebook_page_reference,raw_center/prototype,1.1102230246251565e-16,-1.1102230246251565e-16,2.220446049250313e-16,-0.0,0.0,-0.0,-0.0,0.0,-0.0,-0.0,0.0,-0.0
fresh,cp_hk,0,uniform_sorted,memberctl_cp_hk_uniform_sorted_s0,facebook_page_reference,raw_center/ridge,-0.0,0.0,-0.0,-0.0,0.0,-0.0,-0.0,0.0,-0.0,-0.0,0.0,-0.0
fresh,cp_hk,0,uniform_sorted,memberctl_cp_hk_uniform_sorted_s0,facebook_page_reference,raw_context/prototype,-0.0,0.0,-0.0,-0.0,0.0,-0.0,-0.0,0.0,-0.0,-0.0,0.0,-0.0
fresh,cp_hk,0,uniform_sorted,memberctl_cp_hk_uniform_sorted_s0,facebook_page_reference,raw_context/ridge,-0.0,0.0,-0.0,-0.0,0.0,-0.0,-0.0,0.0,-0.0,-0.0,0.0,-0.0
fresh,cp_hk,0,uniform_sorted,memberctl_cp_hk_uniform_sorted_s0,facebook_page_reference,raw_joint/prototype,-0.0,0.0,-0.0,-0.0,0.0,-0.0,-0.0,0.0,-0.0,-0.0,0.0,-0.0
fresh,cp_hk,0,uniform_sorted,memberctl_cp_hk_uniform_sorted_s0,facebook_page_reference,raw_joint/ridge,1.1102230246251565e-16,-1.1102230246251565e-16,2.220446049250313e-16,-0.0,0.0,-0.0,-0.0,0.0,-0.0,-0.0,0.0,-0.0
fresh,cp_hk,0,uniform_sorted,memberctl_cp_hk_uniform_sorted_s0,twibot20,M2_post_meta/prototype,0.11610349019368488,0.004382451375325558,0.11172103881835932,0.08170572916666669,-0.0016276041666666297,0.08333333333333331,0.08785245241530248,-0.0014332070672452568,0.08928565948254774,-0.005854964256286621,-0.002229630947113037,-0.003625333309173584
fresh,cp_hk,0,uniform_sorted,memberctl_cp_hk_uniform_sorted_s0,twibot20,M2_post_meta/ridge,0.08194202846950954,0.005049599541558147,0.0768924289279514,0.06087239583333337,0.00032552083333337034,0.060546875,0.07380107276912784,-0.000563639290868112,0.07436471205999595,0.019307196140289307,-0.013295412063598633,0.03260260820388794
fresh,cp_hk,0,uniform_sorted,memberctl_cp_hk_uniform_sorted_s0,twibot20,S0_conv_center/prototype,-0.0,0.0,-0.0,-0.0,0.0,-0.0,-0.0,0.0,-0.0,-0.0,0.0,-0.0
fresh,cp_hk,0,uniform_sorted,memberctl_cp_hk_uniform_sorted_s0,twibot20,S0_conv_center/ridge,-0.0,0.0,-0.0,-0.0,0.0,-0.0,-0.0,0.0,-0.0,-0.0,0.0,-0.0
fresh,cp_hk,0,uniform_sorted,memberctl_cp_hk_uniform_sorted_s0,twibot20,S0_pool/prototype,-0.0,0.0,-0.0,-0.0,0.0,-0.0,-0.0,0.0,-0.0,-0.0,0.0,-0.0
fresh,cp_hk,0,uniform_sorted,memberctl_cp_hk_uniform_sorted_s0,twibot20,S0_pool/ridge,-0.0,0.0,-0.0,-0.0,0.0,-0.0,-0.0,0.0,-0.0,-0.0,0.0,-0.0
fresh,cp_hk,0,uniform_sorted,memberctl_cp_hk_uniform_sorted_s0,twibot20,U1_pre_meta/prototype,0.03212589687771272,0.0015595753987630578,0.030566321478949665,0.03971354166666663,-0.0006510416666667407,0.04036458333333337,0.04838301480355811,0.0011432341978617755,0.047239780605696335,-0.003961443901062012,-9.763240814208984e-05,-0.003863811492919922
fresh,cp_hk,0,uniform_sorted,memberctl_cp_hk_uniform_sorted_s0,twibot20,U1_pre_meta/ridge,0.039390140109592076,0.0009875827365452006,0.038402557373046875,0.04459635416666663,0.0,0.04459635416666663,0.05178612893559498,0.0015471820189318919,0.050238946916663085,-0.011426568031311035,-0.0001677870750427246,-0.01125878095626831
fresh,cp_hk,0,uniform_sorted,memberctl_cp_hk_uniform_sorted_s0,twibot20,final_input/prototype,0.11610349019368488,0.004382451375325558,0.11172103881835932,0.08170572916666669,-0.0016276041666666297,0.08333333333333331,0.08785245241530248,-0.0014332070672452568,0.08928565948254774,-0.005854964256286621,-0.002229630947113037,-0.003625333309173584
fresh,cp_hk,0,uniform_sorted,memberctl_cp_hk_uniform_sorted_s0,twibot20,final_input/ridge,0.08194202846950954,0.005049599541558147,0.0768924289279514,0.06087239583333337,0.00032552083333337034,0.060546875,0.07380107276912784,-0.000563639290868112,0.07436471205999595,0.019307196140289307,-0.013295412063598633,0.03260260820388794
fresh,cp_hk,0,uniform_sorted,memberctl_cp_hk_uniform_sorted_s0,twibot20,full_model,0.020058102077908035,0.37395901150173616,-0.3539009094238281,0.02018229166666674,0.0,0.02018229166666674,0.051945708715583794,0.0,0.051945708715583794,0.42673343420028687,0.09468328952789307,0.3320501446723938
fresh,cp_hk,0,uniform_sorted,memberctl_cp_hk_uniform_sorted_s0,twibot20,raw_center/prototype,-0.0,0.0,-0.0,-0.0,0.0,-0.0,-5.551115123125783e-17,5.551115123125783e-17,-1.1102230246251565e-16,-0.0,0.0,-0.0
fresh,cp_hk,0,uniform_sorted,memberctl_cp_hk_uniform_sorted_s0,twibot20,raw_center/ridge,-0.0,0.0,-0.0,-0.0,0.0,-0.0,-5.551115123125783e-17,5.551115123125783e-17,-1.1102230246251565e-16,-0.0,0.0,-0.0
fresh,cp_hk,0,uniform_sorted,memberctl_cp_hk_uniform_sorted_s0,twibot20,raw_context/prototype,-0.0,0.0,-0.0,-0.0,0.0,-0.0,-0.0,0.0,-0.0,-0.0,0.0,-0.0
fresh,cp_hk,0,uniform_sorted,memberctl_cp_hk_uniform_sorted_s0,twibot20,raw_context/ridge,-0.0,0.0,-0.0,-0.0,0.0,-0.0,-0.0,0.0,-0.0,-0.0,0.0,-0.0
fresh,cp_hk,0,uniform_sorted,memberctl_cp_hk_uniform_sorted_s0,twibot20,raw_joint/prototype,-0.0,0.0,-0.0,-0.0,0.0,-0.0,-0.0,0.0,-0.0,-0.0,0.0,-0.0
fresh,cp_hk,0,uniform_sorted,memberctl_cp_hk_uniform_sorted_s0,twibot20,raw_joint/ridge,-0.0,0.0,-0.0,-0.0,0.0,-0.0,-0.0,0.0,-0.0,-0.0,0.0,-0.0
fresh,cp_hk,0,uniform_sorted,memberctl_cp_hk_uniform_sorted_s0,ukr_rus_suspended,M2_post_meta/prototype,-0.05792236328125,0.01104736328125,-0.0689697265625,-0.0,0.03515625,-0.03515625,-0.22807017543859653,0.02126903414527459,-0.24933920958387112,0.0008522868156433105,-3.421306610107422e-05,0.0008864998817443848
fresh,cp_hk,0,uniform_sorted,memberctl_cp_hk_uniform_sorted_s0,ukr_rus_suspended,M2_post_meta/ridge,-0.066162109375,0.0076904296875,-0.0738525390625,-0.03125,0.0390625,-0.0703125,-0.24293785310734461,0.01934183284297708,-0.2622796859503217,-0.014242410659790039,-0.0002720355987548828,-0.013970375061035156
fresh,cp_hk,0,uniform_sorted,memberctl_cp_hk_uniform_sorted_s0,ukr_rus_suspended,S0_conv_center/prototype,-0.0,0.0,-0.0,-0.0,0.0,-0.0,-0.0,0.0,-0.0,-0.0,0.0,-0.0
fresh,cp_hk,0,uniform_sorted,memberctl_cp_hk_uniform_sorted_s0,ukr_rus_suspended,S0_conv_center/ridge,-0.0,0.0,-0.0,-0.0,0.0,-0.0,-0.0,0.0,-0.0,-0.0,0.0,-0.0
fresh,cp_hk,0,uniform_sorted,memberctl_cp_hk_uniform_sorted_s0,ukr_rus_suspended,S0_pool/prototype,-0.0,0.0,-0.0,-0.0,0.0,-0.0,-0.0,0.0,-0.0,-0.0,0.0,-0.0
fresh,cp_hk,0,uniform_sorted,memberctl_cp_hk_uniform_sorted_s0,ukr_rus_suspended,S0_pool/ridge,-0.0,0.0,-0.0,-0.0,0.0,-0.0,-0.0,0.0,-0.0,-0.0,0.0,-0.0
fresh,cp_hk,0,uniform_sorted,memberctl_cp_hk_uniform_sorted_s0,ukr_rus_suspended,U1_pre_meta/prototype,0.015380859375,-0.00531005859375,0.02069091796875,-0.0,0.01171875,-0.01171875,0.003816338700059596,0.02028058652378073,-0.016464247823721134,-0.0012685656547546387,6.455183029174805e-05,-0.0013331174850463867
fresh,cp_hk,0,uniform_sorted,memberctl_cp_hk_uniform_sorted_s0,ukr_rus_suspended,U1_pre_meta/ridge,0.014892578125,-0.00604248046875,0.02093505859375,0.01953125,-0.0078125,0.02734375,0.009360009360009358,0.0030995738086012636,0.0062604355514080945,-0.006585180759429932,0.00035876035690307617,-0.006943941116333008
fresh,cp_hk,0,uniform_sorted,memberctl_cp_hk_uniform_sorted_s0,ukr_rus_suspended,final_input/prototype,-0.05792236328125,0.01104736328125,-0.0689697265625,-0.0,0.03515625,-0.03515625,-0.22807017543859653,0.02126903414527459,-0.24933920958387112,0.0008522868156433105,-3.421306610107422e-05,0.0008864998817443848
fresh,cp_hk,0,uniform_sorted,memberctl_cp_hk_uniform_sorted_s0,ukr_rus_suspended,final_input/ridge,-0.066162109375,0.0076904296875,-0.0738525390625,-0.03125,0.0390625,-0.0703125,-0.24293785310734461,0.01934183284297708,-0.2622796859503217,-0.014242410659790039,-0.0002720355987548828,-0.013970375061035156
fresh,cp_hk,0,uniform_sorted,memberctl_cp_hk_uniform_sorted_s0,ukr_rus_suspended,full_model,0.00390625,0.094512939453125,-0.090606689453125,0.03515625,0.0,0.03515625,0.16668711405553516,0.0,0.16668711405553516,0.19787448644638062,-0.025927603244781494,0.2238020896911621
fresh,cp_hk,0,uniform_sorted,memberctl_cp_hk_uniform_sorted_s0,ukr_rus_suspended,raw_center/prototype,-0.0,0.0,-0.0,-0.0,0.0,-0.0,-0.0,0.0,-0.0,-0.0,0.0,-0.0
fresh,cp_hk,0,uniform_sorted,memberctl_cp_hk_uniform_sorted_s0,ukr_rus_suspended,raw_center/ridge,-0.0,0.0,-0.0,-0.0,0.0,-0.0,-0.0,0.0,-0.0,-0.0,0.0,-0.0
fresh,cp_hk,0,uniform_sorted,memberctl_cp_hk_uniform_sorted_s0,ukr_rus_suspended,raw_context/prototype,-0.0,0.0,-0.0,-0.0,0.0,-0.0,-0.0,0.0,-0.0,-0.0,0.0,-0.0
fresh,cp_hk,0,uniform_sorted,memberctl_cp_hk_uniform_sorted_s0,ukr_rus_suspended,raw_context/ridge,-0.0,0.0,-0.0,-0.0,0.0,-0.0,-0.0,0.0,-0.0,-0.0,0.0,-0.0
fresh,cp_hk,0,uniform_sorted,memberctl_cp_hk_uniform_sorted_s0,ukr_rus_suspended,raw_joint/prototype,-0.0,0.0,-0.0,-0.0,0.0,-0.0,-0.0,0.0,-0.0,-0.0,0.0,-0.0
fresh,cp_hk,0,uniform_sorted,memberctl_cp_hk_uniform_sorted_s0,ukr_rus_suspended,raw_joint/ridge,-0.0,0.0,-0.0,-0.0,0.0,-0.0,-0.0,0.0,-0.0,-0.0,0.0,-0.0
fresh,cp_hk,1,lowest_shuffled,memberctl_cp_hk_lowest_shuffled_s1,covid_political,M2_post_meta/prototype,0.2764087253146701,-0.01140170627170134,0.28781043158637143,-0.0546875,-0.01497395833333337,-0.03971354166666663,0.575812274368231,0.0014723926380367791,0.5743398817301942,-0.021120309829711914,-0.00024402141571044922,-0.020876288414001465
fresh,cp_hk,1,lowest_shuffled,memberctl_cp_hk_lowest_shuffled_s1,covid_political,M2_post_meta/ridge,0.31207360161675346,-0.008206120243779091,0.32027972186053255,0.0244140625,-0.01790364583333326,0.04231770833333326,0.6449312277126846,-0.00183899810427951,0.6467702258169641,-0.10916578769683838,-0.0022256970405578613,-0.10694009065628052
fresh,cp_hk,1,lowest_shuffled,memberctl_cp_hk_lowest_shuffled_s1,covid_political,S0_conv_center/prototype,-0.0,0.0,-0.0,-0.0,0.0,-0.0,-0.0,0.0,-0.0,-0.0,0.0,-0.0
fresh,cp_hk,1,lowest_shuffled,memberctl_cp_hk_lowest_shuffled_s1,covid_political,S0_conv_center/ridge,-0.0,0.0,-0.0,-0.0,0.0,-0.0,-0.0,0.0,-0.0,-0.0,0.0,-0.0
fresh,cp_hk,1,lowest_shuffled,memberctl_cp_hk_lowest_shuffled_s1,covid_political,S0_pool/prototype,-0.0,0.0,-0.0,-0.0,0.0,-0.0,-0.0,0.0,-0.0,-0.0,0.0,-0.0
fresh,cp_hk,1,lowest_shuffled,memberctl_cp_hk_lowest_shuffled_s1,covid_political,S0_pool/ridge,1.1102230246251565e-16,0.0,1.1102230246251565e-16,-0.0,0.0,-0.0,-0.0,0.0,-0.0,-0.0,0.0,-0.0
fresh,cp_hk,1,lowest_shuffled,memberctl_cp_hk_lowest_shuffled_s1,covid_political,U1_pre_meta/prototype,0.04768173782913776,-0.00713291874638311,0.05481465657552087,0.09375,-0.0498046875,0.1435546875,0.12048580166011358,-0.001332448293618782,0.12181824995373236,-0.02176910638809204,0.00041115283966064453,-0.022180259227752686
fresh,cp_hk,1,lowest_shuffled,memberctl_cp_hk_lowest_shuffled_s1,covid_political,U1_pre_meta/ridge,0.05365894458912068,-0.01441277398003471,0.06807171856915539,0.10709635416666663,-0.04915364583333337,0.15625,0.14558759169882685,-0.0016687297709194748,0.14725632146974632,-0.06601899862289429,0.0031926631927490234,-0.06921166181564331
fresh,cp_hk,1,lowest_shuffled,memberctl_cp_hk_lowest_shuffled_s1,covid_political,final_input/prototype,0.2764087253146701,-0.01140170627170134,0.28781043158637143,-0.0546875,-0.01497395833333337,-0.03971354166666663,0.575812274368231,0.0014723926380367791,0.5743398817301942,-0.021120309829711914,-0.00024402141571044922,-0.020876288414001465
fresh,cp_hk,1,lowest_shuffled,memberctl_cp_hk_lowest_shuffled_s1,covid_political,final_input/ridge,0.31207360161675346,-0.008206120243779091,0.32027972186053255,0.0244140625,-0.01790364583333326,0.04231770833333326,0.6449312277126846,-0.00183899810427951,0.6467702258169641,-0.10916578769683838,-0.0022256970405578613,-0.10694009065628052
fresh,cp_hk,1,lowest_shuffled,memberctl_cp_hk_lowest_shuffled_s1,covid_political,full_model,0.11260618986906823,0.2835049099392362,-0.170898720070168,-0.02213541666666674,-0.4251302083333333,0.4029947916666666,0.04221517735723479,0.41146424517593644,-0.36924906781870165,0.5341672301292419,0.1055607795715332,0.42860645055770874
fresh,cp_hk,1,lowest_shuffled,memberctl_cp_hk_lowest_shuffled_s1,covid_political,raw_center/prototype,-0.0,0.0,-0.0,-0.0,0.0,-0.0,-0.0,0.0,-0.0,-0.0,0.0,-0.0
fresh,cp_hk,1,lowest_shuffled,memberctl_cp_hk_lowest_shuffled_s1,covid_political,raw_center/ridge,-0.0,0.0,-0.0,-0.0,0.0,-0.0,-0.0,0.0,-0.0,-0.0,0.0,-0.0
fresh,cp_hk,1,lowest_shuffled,memberctl_cp_hk_lowest_shuffled_s1,covid_political,raw_context/prototype,-1.1102230246251565e-16,1.1102230246251565e-16,-2.220446049250313e-16,-0.0,0.0,-0.0,-0.0,0.0,-0.0,-0.0,0.0,-0.0
fresh,cp_hk,1,lowest_shuffled,memberctl_cp_hk_lowest_shuffled_s1,covid_political,raw_context/ridge,-0.0,0.0,-0.0,-0.0,0.0,-0.0,-0.0,0.0,-0.0,-0.0,0.0,-0.0
fresh,cp_hk,1,lowest_shuffled,memberctl_cp_hk_lowest_shuffled_s1,covid_political,raw_joint/prototype,-0.0,0.0,-0.0,-0.0,0.0,-0.0,-0.0,0.0,-0.0,-0.0,0.0,-0.0
fresh,cp_hk,1,lowest_shuffled,memberctl_cp_hk_lowest_shuffled_s1,covid_political,raw_joint/ridge,-0.0,0.0,-0.0,-0.0,0.0,-0.0,-0.0,0.0,-0.0,-0.0,0.0,-0.0
fresh,cp_hk,1,lowest_shuffled,memberctl_cp_hk_lowest_shuffled_s1,election2020,M2_post_meta/prototype,0.40240478515625,0.00091552734375,0.4014892578125,0.3203125,-0.00390625,0.32421875,0.8402777777777778,-0.0024419376244193547,0.8427197154021971,-0.02057647705078125,-6.955862045288086e-05,-0.02050691843032837
fresh,cp_hk,1,lowest_shuffled,memberctl_cp_hk_lowest_shuffled_s1,election2020,M2_post_meta/ridge,0.41229248046875,0.00421142578125,0.4080810546875,0.3828125,-0.01171875,0.39453125,0.8897058823529411,-0.012007534139067633,0.9017134164920088,-0.1296628713607788,-0.0006729960441589355,-0.12898987531661987
fresh,cp_hk,1,lowest_shuffled,memberctl_cp_hk_lowest_shuffled_s1,election2020,S0_conv_center/prototype,-0.0,0.0,-0.0,-0.0,0.0,-0.0,-0.0,0.0,-0.0,-0.0,0.0,-0.0
fresh,cp_hk,1,lowest_shuffled,memberctl_cp_hk_lowest_shuffled_s1,election2020,S0_conv_center/ridge,-0.0,0.0,-0.0,-0.0,0.0,-0.0,-0.0,0.0,-0.0,-0.0,0.0,-0.0
fresh,cp_hk,1,lowest_shuffled,memberctl_cp_hk_lowest_shuffled_s1,election2020,S0_pool/prototype,-0.0,0.0,-0.0,-0.0,0.0,-0.0,-0.0,0.0,-0.0,-0.0,0.0,-0.0
fresh,cp_hk,1,lowest_shuffled,memberctl_cp_hk_lowest_shuffled_s1,election2020,S0_pool/ridge,-0.0,0.0,-0.0,-0.0,0.0,-0.0,-0.0,0.0,-0.0,-0.0,0.0,-0.0
fresh,cp_hk,1,lowest_shuffled,memberctl_cp_hk_lowest_shuffled_s1,election2020,U1_pre_meta/prototype,0.11181640625,0.006011962890625,0.105804443359375,0.17578125,-0.00390625,0.1796875,0.16798806354407414,-0.00027334353815877677,0.16826140708223292,-0.024900436401367188,0.0009337663650512695,-0.025834202766418457
fresh,cp_hk,1,lowest_shuffled,memberctl_cp_hk_lowest_shuffled_s1,election2020,U1_pre_meta/ridge,0.09844970703125,-0.02117919921875,0.11962890625,0.15625,-0.00390625,0.16015625,0.14850114399801795,0.001657842665383269,0.14684330133263468,-0.10429763793945312,0.007914960384368896,-0.11221259832382202
fresh,cp_hk,1,lowest_shuffled,memberctl_cp_hk_lowest_shuffled_s1,election2020,final_input/prototype,0.40240478515625,0.00091552734375,0.4014892578125,0.3203125,-0.00390625,0.32421875,0.8402777777777778,-0.0024419376244193547,0.8427197154021971,-0.02057647705078125,-6.955862045288086e-05,-0.02050691843032837
fresh,cp_hk,1,lowest_shuffled,memberctl_cp_hk_lowest_shuffled_s1,election2020,final_input/ridge,0.41229248046875,0.00421142578125,0.4080810546875,0.3828125,-0.01171875,0.39453125,0.8897058823529411,-0.012007534139067633,0.9017134164920088,-0.1296628713607788,-0.0006729960441589355,-0.12898987531661987
fresh,cp_hk,1,lowest_shuffled,memberctl_cp_hk_lowest_shuffled_s1,election2020,full_model,0.271484375,0.479156494140625,-0.207672119140625,0.28125,0.0,0.28125,0.31375213349462283,0.6666666666666666,-0.3529145331720438,-0.5165989398956299,-0.0481528639793396,-0.4684460759162903
fresh,cp_hk,1,lowest_shuffled,memberctl_cp_hk_lowest_shuffled_s1,election2020,raw_center/prototype,-0.0,0.0,-0.0,-0.0,0.0,-0.0,-0.0,0.0,-0.0,-0.0,0.0,-0.0
fresh,cp_hk,1,lowest_shuffled,memberctl_cp_hk_lowest_shuffled_s1,election2020,raw_center/ridge,-0.0,0.0,-0.0,-0.0,0.0,-0.0,-0.0,0.0,-0.0,-0.0,0.0,-0.0
fresh,cp_hk,1,lowest_shuffled,memberctl_cp_hk_lowest_shuffled_s1,election2020,raw_context/prototype,-0.0,0.0,-0.0,-0.0,0.0,-0.0,-0.0,0.0,-0.0,-0.0,0.0,-0.0
fresh,cp_hk,1,lowest_shuffled,memberctl_cp_hk_lowest_shuffled_s1,election2020,raw_context/ridge,-0.0,0.0,-0.0,-0.0,0.0,-0.0,-0.0,0.0,-0.0,-0.0,0.0,-0.0
fresh,cp_hk,1,lowest_shuffled,memberctl_cp_hk_lowest_shuffled_s1,election2020,raw_joint/prototype,-0.0,0.0,-0.0,-0.0,0.0,-0.0,-0.0,0.0,-0.0,-0.0,0.0,-0.0
fresh,cp_hk,1,lowest_shuffled,memberctl_cp_hk_lowest_shuffled_s1,election2020,raw_joint/ridge,-0.0,0.0,-0.0,-0.0,0.0,-0.0,-0.0,0.0,-0.0,-0.0,0.0,-0.0
fresh,cp_hk,1,lowest_shuffled,memberctl_cp_hk_lowest_shuffled_s1,facebook_page_reference,M2_post_meta/prototype,0.08993911743164062,-0.12853240966796875,0.21847152709960938,0.078125,-0.123046875,0.201171875,0.0753491109202532,-0.13421131433281253,0.20956042525306573,-0.008663475513458252,-5.14984130859375e-05,-0.008611977100372314
fresh,cp_hk,1,lowest_shuffled,memberctl_cp_hk_lowest_shuffled_s1,facebook_page_reference,M2_post_meta/ridge,0.09917831420898438,-0.12346267700195312,0.2226409912109375,0.072265625,-0.11328125,0.185546875,0.0718001011825713,-0.12312592085485097,0.19492602203742226,-0.033651530742645264,-0.00048339366912841797,-0.033168137073516846
fresh,cp_hk,1,lowest_shuffled,memberctl_cp_hk_lowest_shuffled_s1,facebook_page_reference,S0_conv_center/prototype,-0.0,0.0,-0.0,-0.0,0.0,-0.0,-0.0,0.0,-0.0,-0.0,0.0,-0.0
fresh,cp_hk,1,lowest_shuffled,memberctl_cp_hk_lowest_shuffled_s1,facebook_page_reference,S0_conv_center/ridge,-0.0,0.0,-0.0,-0.0,0.0,-0.0,-0.0,0.0,-0.0,-0.0,0.0,-0.0
fresh,cp_hk,1,lowest_shuffled,memberctl_cp_hk_lowest_shuffled_s1,facebook_page_reference,S0_pool/prototype,-0.0,0.0,-0.0,-0.0,0.0,-0.0,-0.0,0.0,-0.0,-0.0,0.0,-0.0
fresh,cp_hk,1,lowest_shuffled,memberctl_cp_hk_lowest_shuffled_s1,facebook_page_reference,S0_pool/ridge,-0.0,0.0,-0.0,-0.0,0.0,-0.0,-0.0,0.0,-0.0,-0.0,0.0,-0.0
fresh,cp_hk,1,lowest_shuffled,memberctl_cp_hk_lowest_shuffled_s1,facebook_page_reference,U1_pre_meta/prototype,-0.11088180541992188,-0.1302204132080078,0.019338607788085938,-0.09375,-0.12890625,0.03515625,-0.10826075122482304,-0.13719636759464982,0.028935616369826778,0.010226011276245117,0.0002759099006652832,0.009950101375579834
fresh,cp_hk,1,lowest_shuffled,memberctl_cp_hk_lowest_shuffled_s1,facebook_page_reference,U1_pre_meta/ridge,-0.10016632080078125,-0.1308116912841797,0.030645370483398438,-0.072265625,-0.125,0.052734375,-0.08613741947075282,-0.13412705941877756,0.04798963994802474,0.028434336185455322,0.002613842487335205,0.025820493698120117
fresh,cp_hk,1,lowest_shuffled,memberctl_cp_hk_lowest_shuffled_s1,facebook_page_reference,final_input/prototype,0.08993911743164062,-0.12853240966796875,0.21847152709960938,0.078125,-0.123046875,0.201171875,0.0753491109202532,-0.13421131433281253,0.20956042525306573,-0.008663475513458252,-5.14984130859375e-05,-0.008611977100372314
fresh,cp_hk,1,lowest_shuffled,memberctl_cp_hk_lowest_shuffled_s1,facebook_page_reference,final_input/ridge,0.09917831420898438,-0.12346267700195312,0.2226409912109375,0.072265625,-0.11328125,0.185546875,0.0718001011825713,-0.12312592085485097,0.19492602203742226,-0.033651530742645264,-0.00048339366912841797,-0.033168137073516846
fresh,cp_hk,1,lowest_shuffled,memberctl_cp_hk_lowest_shuffled_s1,facebook_page_reference,full_model,0.0014591217041015625,0.0025520324707031805,-0.001092910766601618,0.0126953125,-0.0009765625,0.013671875,0.002479124709983571,-0.01677299308878255,0.019252117798766122,0.23621010780334462,4.887580871582031e-06,0.23620522022247303
fresh,cp_hk,1,lowest_shuffled,memberctl_cp_hk_lowest_shuffled_s1,facebook_page_reference,raw_center/prototype,1.1102230246251565e-16,-1.1102230246251565e-16,2.220446049250313e-16,-0.0,0.0,-0.0,-0.0,0.0,-0.0,-0.0,0.0,-0.0
fresh,cp_hk,1,lowest_shuffled,memberctl_cp_hk_lowest_shuffled_s1,facebook_page_reference,raw_center/ridge,-0.0,0.0,-0.0,-0.0,0.0,-0.0,-0.0,0.0,-0.0,-0.0,0.0,-0.0
fresh,cp_hk,1,lowest_shuffled,memberctl_cp_hk_lowest_shuffled_s1,facebook_page_reference,raw_context/prototype,-0.0,0.0,-0.0,-0.0,0.0,-0.0,-0.0,0.0,-0.0,-0.0,0.0,-0.0
fresh,cp_hk,1,lowest_shuffled,memberctl_cp_hk_lowest_shuffled_s1,facebook_page_reference,raw_context/ridge,-0.0,0.0,-0.0,-0.0,0.0,-0.0,-0.0,0.0,-0.0,-0.0,0.0,-0.0
fresh,cp_hk,1,lowest_shuffled,memberctl_cp_hk_lowest_shuffled_s1,facebook_page_reference,raw_joint/prototype,-0.0,0.0,-0.0,-0.0,0.0,-0.0,-0.0,0.0,-0.0,-0.0,0.0,-0.0
fresh,cp_hk,1,lowest_shuffled,memberctl_cp_hk_lowest_shuffled_s1,facebook_page_reference,raw_joint/ridge,1.1102230246251565e-16,-1.1102230246251565e-16,2.220446049250313e-16,-0.0,0.0,-0.0,-0.0,0.0,-0.0,-0.0,0.0,-0.0
fresh,cp_hk,1,lowest_shuffled,memberctl_cp_hk_lowest_shuffled_s1,twibot20,M2_post_meta/prototype,0.054086049397786384,-0.012497372097439507,0.06658342149522589,-0.009114583333333315,-0.00520833333333337,-0.0039062499999999445,0.32334107224819186,-0.012204048401531775,0.33554512064972364,0.005922377109527588,-0.0004985332489013672,0.006420910358428955
fresh,cp_hk,1,lowest_shuffled,memberctl_cp_hk_lowest_shuffled_s1,twibot20,M2_post_meta/ridge,0.04918162027994788,-0.012270821465386272,0.06145244174533415,-0.01236979166666663,-0.0068359375,-0.00553385416666663,0.2953003450670635,-0.012642092009140127,0.3079424370762036,0.057182490825653076,-0.003804028034210205,0.06098651885986328
fresh,cp_hk,1,lowest_shuffled,memberctl_cp_hk_lowest_shuffled_s1,twibot20,S0_conv_center/prototype,-0.0,0.0,-0.0,-0.0,0.0,-0.0,-0.0,0.0,-0.0,-0.0,0.0,-0.0
fresh,cp_hk,1,lowest_shuffled,memberctl_cp_hk_lowest_shuffled_s1,twibot20,S0_conv_center/ridge,-0.0,0.0,-0.0,-0.0,0.0,-0.0,-0.0,0.0,-0.0,-0.0,0.0,-0.0
fresh,cp_hk,1,lowest_shuffled,memberctl_cp_hk_lowest_shuffled_s1,twibot20,S0_pool/prototype,-0.0,0.0,-0.0,-0.0,0.0,-0.0,-0.0,0.0,-0.0,-0.0,0.0,-0.0
fresh,cp_hk,1,lowest_shuffled,memberctl_cp_hk_lowest_shuffled_s1,twibot20,S0_pool/ridge,-0.0,0.0,-0.0,-0.0,0.0,-0.0,-0.0,0.0,-0.0,-0.0,0.0,-0.0
fresh,cp_hk,1,lowest_shuffled,memberctl_cp_hk_lowest_shuffled_s1,twibot20,U1_pre_meta/prototype,0.03425110710991752,-0.008735020955403683,0.042986128065321205,0.03548177083333337,0.004557291666666741,0.03092447916666663,0.050093569832105445,-0.00433199428540143,0.054425564117506875,-0.0028084516525268555,0.001951456069946289,-0.0047599077224731445
fresh,cp_hk,1,lowest_shuffled,memberctl_cp_hk_lowest_shuffled_s1,twibot20,U1_pre_meta/ridge,0.038537343343098884,-0.010179943508571987,0.04871728685167087,0.03678385416666663,0.00390625,0.03287760416666663,0.05191399838403965,-0.004837414792367212,0.05675141317640686,-0.011348962783813477,0.010079920291900635,-0.02142888307571411
fresh,cp_hk,1,lowest_shuffled,memberctl_cp_hk_lowest_shuffled_s1,twibot20,final_input/prototype,0.054086049397786384,-0.012497372097439507,0.06658342149522589,-0.009114583333333315,-0.00520833333333337,-0.0039062499999999445,0.32334107224819186,-0.012204048401531775,0.33554512064972364,0.005922377109527588,-0.0004985332489013672,0.006420910358428955
fresh,cp_hk,1,lowest_shuffled,memberctl_cp_hk_lowest_shuffled_s1,twibot20,final_input/ridge,0.04918162027994788,-0.012270821465386272,0.06145244174533415,-0.01236979166666663,-0.0068359375,-0.00553385416666663,0.2953003450670635,-0.012642092009140127,0.3079424370762036,0.057182490825653076,-0.003804028034210205,0.06098651885986328
fresh,cp_hk,1,lowest_shuffled,memberctl_cp_hk_lowest_shuffled_s1,twibot20,full_model,-0.004929860432942634,-0.06151390075683605,0.056584040323893414,0.0087890625,0.0,0.0087890625,-0.06200117472273092,0.0,-0.06200117472273092,0.5640450716018677,-0.04792428016662598,0.6119693517684937
fresh,cp_hk,1,lowest_shuffled,memberctl_cp_hk_lowest_shuffled_s1,twibot20,raw_center/prototype,-0.0,0.0,-0.0,-0.0,0.0,-0.0,-5.551115123125783e-17,5.551115123125783e-17,-1.1102230246251565e-16,-0.0,0.0,-0.0
fresh,cp_hk,1,lowest_shuffled,memberctl_cp_hk_lowest_shuffled_s1,twibot20,raw_center/ridge,-0.0,0.0,-0.0,-0.0,0.0,-0.0,-5.551115123125783e-17,5.551115123125783e-17,-1.1102230246251565e-16,-0.0,0.0,-0.0
fresh,cp_hk,1,lowest_shuffled,memberctl_cp_hk_lowest_shuffled_s1,twibot20,raw_context/prototype,-0.0,0.0,-0.0,-0.0,0.0,-0.0,-0.0,0.0,-0.0,-0.0,0.0,-0.0
fresh,cp_hk,1,lowest_shuffled,memberctl_cp_hk_lowest_shuffled_s1,twibot20,raw_context/ridge,-0.0,0.0,-0.0,-0.0,0.0,-0.0,-0.0,0.0,-0.0,-0.0,0.0,-0.0
fresh,cp_hk,1,lowest_shuffled,memberctl_cp_hk_lowest_shuffled_s1,twibot20,raw_joint/prototype,-0.0,0.0,-0.0,-0.0,0.0,-0.0,-0.0,0.0,-0.0,-0.0,0.0,-0.0
fresh,cp_hk,1,lowest_shuffled,memberctl_cp_hk_lowest_shuffled_s1,twibot20,raw_joint/ridge,-0.0,0.0,-0.0,-0.0,0.0,-0.0,-0.0,0.0,-0.0,-0.0,0.0,-0.0
fresh,cp_hk,1,lowest_shuffled,memberctl_cp_hk_lowest_shuffled_s1,ukr_rus_suspended,M2_post_meta/prototype,0.0003662109375,-0.0107421875,0.0111083984375,-0.0,-0.0390625,0.0390625,-0.06243032329988851,-0.02098911189820285,-0.04144121140168566,0.00014328956604003906,-3.135204315185547e-05,0.00017464160919189453
fresh,cp_hk,1,lowest_shuffled,memberctl_cp_hk_lowest_shuffled_s1,ukr_rus_suspended,M2_post_meta/ridge,0.0037841796875,-0.01043701171875,0.01422119140625,-0.0078125,-0.03515625,0.02734375,-0.06356631810676938,-0.02631578947368418,-0.0372505286330852,0.015071630477905273,-0.0002739429473876953,0.015345573425292969
fresh,cp_hk,1,lowest_shuffled,memberctl_cp_hk_lowest_shuffled_s1,ukr_rus_suspended,S0_conv_center/prototype,-0.0,0.0,-0.0,-0.0,0.0,-0.0,-0.0,0.0,-0.0,-0.0,0.0,-0.0
fresh,cp_hk,1,lowest_shuffled,memberctl_cp_hk_lowest_shuffled_s1,ukr_rus_suspended,S0_conv_center/ridge,-0.0,0.0,-0.0,-0.0,0.0,-0.0,-0.0,0.0,-0.0,-0.0,0.0,-0.0
fresh,cp_hk,1,lowest_shuffled,memberctl_cp_hk_lowest_shuffled_s1,ukr_rus_suspended,S0_pool/prototype,-0.0,0.0,-0.0,-0.0,0.0,-0.0,-0.0,0.0,-0.0,-0.0,0.0,-0.0
fresh,cp_hk,1,lowest_shuffled,memberctl_cp_hk_lowest_shuffled_s1,ukr_rus_suspended,S0_pool/ridge,-0.0,0.0,-0.0,-0.0,0.0,-0.0,-0.0,0.0,-0.0,-0.0,0.0,-0.0
fresh,cp_hk,1,lowest_shuffled,memberctl_cp_hk_lowest_shuffled_s1,ukr_rus_suspended,U1_pre_meta/prototype,-0.0118408203125,0.009796142578125,-0.021636962890625,-0.05078125,0.01953125,-0.0703125,-0.0496426990450895,0.0023053201999939654,-0.051948019245083465,-0.0006473660469055176,9.5367431640625e-07,-0.0006483197212219238
fresh,cp_hk,1,lowest_shuffled,memberctl_cp_hk_lowest_shuffled_s1,ukr_rus_suspended,U1_pre_meta/ridge,-0.0291748046875,0.011474609375,-0.0406494140625,-0.0390625,0.0,-0.0390625,-0.03137400793650791,-0.018796992481203034,-0.012577015455304874,-0.002909243106842041,-0.00010120868682861328,-0.0028080344200134277
fresh,cp_hk,1,lowest_shuffled,memberctl_cp_hk_lowest_shuffled_s1,ukr_rus_suspended,final_input/prototype,0.0003662109375,-0.0107421875,0.0111083984375,-0.0,-0.0390625,0.0390625,-0.06243032329988851,-0.02098911189820285,-0.04144121140168566,0.00014328956604003906,-3.135204315185547e-05,0.00017464160919189453
fresh,cp_hk,1,lowest_shuffled,memberctl_cp_hk_lowest_shuffled_s1,ukr_rus_suspended,final_input/ridge,0.0037841796875,-0.01043701171875,0.01422119140625,-0.0078125,-0.03515625,0.02734375,-0.06356631810676938,-0.02631578947368418,-0.0372505286330852,0.015071630477905273,-0.0002739429473876953,0.015345573425292969
fresh,cp_hk,1,lowest_shuffled,memberctl_cp_hk_lowest_shuffled_s1,ukr_rus_suspended,full_model,0.02752685546875,0.007904052734375,0.019622802734375,0.01953125,0.0,0.01953125,0.04750547260430621,0.0,0.04750547260430621,0.30634021759033203,0.01924312114715576,0.28709709644317627
fresh,cp_hk,1,lowest_shuffled,memberctl_cp_hk_lowest_shuffled_s1,ukr_rus_suspended,raw_center/prototype,-0.0,0.0,-0.0,-0.0,0.0,-0.0,-0.0,0.0,-0.0,-0.0,0.0,-0.0
fresh,cp_hk,1,lowest_shuffled,memberctl_cp_hk_lowest_shuffled_s1,ukr_rus_suspended,raw_center/ridge,-0.0,0.0,-0.0,-0.0,0.0,-0.0,-0.0,0.0,-0.0,-0.0,0.0,-0.0
fresh,cp_hk,1,lowest_shuffled,memberctl_cp_hk_lowest_shuffled_s1,ukr_rus_suspended,raw_context/prototype,-0.0,0.0,-0.0,-0.0,0.0,-0.0,-0.0,0.0,-0.0,-0.0,0.0,-0.0
fresh,cp_hk,1,lowest_shuffled,memberctl_cp_hk_lowest_shuffled_s1,ukr_rus_suspended,raw_context/ridge,-0.0,0.0,-0.0,-0.0,0.0,-0.0,-0.0,0.0,-0.0,-0.0,0.0,-0.0
fresh,cp_hk,1,lowest_shuffled,memberctl_cp_hk_lowest_shuffled_s1,ukr_rus_suspended,raw_joint/prototype,-0.0,0.0,-0.0,-0.0,0.0,-0.0,-0.0,0.0,-0.0,-0.0,0.0,-0.0
fresh,cp_hk,1,lowest_shuffled,memberctl_cp_hk_lowest_shuffled_s1,ukr_rus_suspended,raw_joint/ridge,-0.0,0.0,-0.0,-0.0,0.0,-0.0,-0.0,0.0,-0.0,-0.0,0.0,-0.0
fresh,cp_hk,1,lowest_sorted,memberctl_cp_hk_lowest_sorted_s1,covid_political,M2_post_meta/prototype,0.11300602665653936,-0.02239057752821194,0.1353966041847513,0.0673828125,0.015625,0.0517578125,0.019582352334500563,-0.020333627428852863,0.039915979763353426,0.0016623735427856445,-0.0005625486373901367,0.0022249221801757812
fresh,cp_hk,1,lowest_sorted,memberctl_cp_hk_lowest_sorted_s1,covid_political,M2_post_meta/ridge,0.06516859266493058,-0.01664253517433456,0.08181112783926514,0.0654296875,0.01171875,0.0537109375,0.017972161135723308,-0.02006252083277027,0.03803468196849358,0.08662289381027222,-0.004744589328765869,0.09136748313903809
fresh,cp_hk,1,lowest_sorted,memberctl_cp_hk_lowest_sorted_s1,covid_political,S0_conv_center/prototype,-0.0,0.0,-0.0,-0.0,0.0,-0.0,-0.0,0.0,-0.0,-0.0,0.0,-0.0
fresh,cp_hk,1,lowest_sorted,memberctl_cp_hk_lowest_sorted_s1,covid_political,S0_conv_center/ridge,-0.0,0.0,-0.0,-0.0,0.0,-0.0,-0.0,0.0,-0.0,-0.0,0.0,-0.0
fresh,cp_hk,1,lowest_sorted,memberctl_cp_hk_lowest_sorted_s1,covid_political,S0_pool/prototype,-0.0,0.0,-0.0,-0.0,0.0,-0.0,-0.0,0.0,-0.0,-0.0,0.0,-0.0
fresh,cp_hk,1,lowest_sorted,memberctl_cp_hk_lowest_sorted_s1,covid_political,S0_pool/ridge,1.1102230246251565e-16,0.0,1.1102230246251565e-16,-0.0,0.0,-0.0,-0.0,0.0,-0.0,-0.0,0.0,-0.0
fresh,cp_hk,1,lowest_sorted,memberctl_cp_hk_lowest_sorted_s1,covid_political,U1_pre_meta/prototype,0.00613375063295718,-0.02136117440682872,0.0274949250397859,0.025390625,-0.01822916666666674,0.04361979166666674,0.033518153692006725,-0.030905806281816606,0.06442395997382333,-0.006171464920043945,-0.0008178949356079102,-0.005353569984436035
fresh,cp_hk,1,lowest_sorted,memberctl_cp_hk_lowest_sorted_s1,covid_political,U1_pre_meta/ridge,0.0147122983579282,-0.02061518916377314,0.03532748752170134,0.04720052083333326,-0.02115885416666663,0.06835937499999989,0.06331684159350237,-0.03135744438733157,0.09467428598083394,-0.02719014883041382,-0.004528403282165527,-0.02266174554824829
fresh,cp_hk,1,lowest_sorted,memberctl_cp_hk_lowest_sorted_s1,covid_political,final_input/prototype,0.11300602665653936,-0.02239057752821194,0.1353966041847513,0.0673828125,0.015625,0.0517578125,0.019582352334500563,-0.020333627428852863,0.039915979763353426,0.0016623735427856445,-0.0005625486373901367,0.0022249221801757812
fresh,cp_hk,1,lowest_sorted,memberctl_cp_hk_lowest_sorted_s1,covid_political,final_input/ridge,0.06516859266493058,-0.01664253517433456,0.08181112783926514,0.0654296875,0.01171875,0.0537109375,0.017972161135723308,-0.02006252083277027,0.03803468196849358,0.08662289381027222,-0.004744589328765869,0.09136748313903809
fresh,cp_hk,1,lowest_sorted,memberctl_cp_hk_lowest_sorted_s1,covid_political,full_model,0.06479503490306715,0.21027882893880218,-0.14548379403573503,-0.10286458333333337,0.0,-0.10286458333333337,0.12997270701045227,0.0,0.12997270701045227,0.718839168548584,0.027224421501159668,0.6916147470474243
fresh,cp_hk,1,lowest_sorted,memberctl_cp_hk_lowest_sorted_s1,covid_political,raw_center/prototype,-0.0,0.0,-0.0,-0.0,0.0,-0.0,-0.0,0.0,-0.0,-0.0,0.0,-0.0
fresh,cp_hk,1,lowest_sorted,memberctl_cp_hk_lowest_sorted_s1,covid_political,raw_center/ridge,-0.0,0.0,-0.0,-0.0,0.0,-0.0,-0.0,0.0,-0.0,-0.0,0.0,-0.0
fresh,cp_hk,1,lowest_sorted,memberctl_cp_hk_lowest_sorted_s1,covid_political,raw_context/prototype,-1.1102230246251565e-16,1.1102230246251565e-16,-2.220446049250313e-16,-0.0,0.0,-0.0,-0.0,0.0,-0.0,-0.0,0.0,-0.0
fresh,cp_hk,1,lowest_sorted,memberctl_cp_hk_lowest_sorted_s1,covid_political,raw_context/ridge,-0.0,0.0,-0.0,-0.0,0.0,-0.0,-0.0,0.0,-0.0,-0.0,0.0,-0.0
fresh,cp_hk,1,lowest_sorted,memberctl_cp_hk_lowest_sorted_s1,covid_political,raw_joint/prototype,-0.0,0.0,-0.0,-0.0,0.0,-0.0,-0.0,0.0,-0.0,-0.0,0.0,-0.0
fresh,cp_hk,1,lowest_sorted,memberctl_cp_hk_lowest_sorted_s1,covid_political,raw_joint/ridge,-0.0,0.0,-0.0,-0.0,0.0,-0.0,-0.0,0.0,-0.0,-0.0,0.0,-0.0
fresh,cp_hk,1,lowest_sorted,memberctl_cp_hk_lowest_sorted_s1,election2020,M2_post_meta/prototype,0.08624267578125,-0.05230712890625,0.1385498046875,-0.0078125,-0.04296875,0.03515625,-2.7702557638620284e-05,-0.03615378534348723,0.03612608278584861,-0.0011398792266845703,-0.00039076805114746094,-0.0007491111755371094
fresh,cp_hk,1,lowest_sorted,memberctl_cp_hk_lowest_sorted_s1,election2020,M2_post_meta/ridge,0.0447998046875,-0.04107666015625,0.08587646484375,0.00390625,-0.05078125,0.0546875,0.007022393477411071,-0.04306343476018559,0.050085828237596663,0.04331845045089722,-0.0032871365547180176,0.046605587005615234
fresh,cp_hk,1,lowest_sorted,memberctl_cp_hk_lowest_sorted_s1,election2020,S0_conv_center/prototype,-0.0,0.0,-0.0,-0.0,0.0,-0.0,-0.0,0.0,-0.0,-0.0,0.0,-0.0
fresh,cp_hk,1,lowest_sorted,memberctl_cp_hk_lowest_sorted_s1,election2020,S0_conv_center/ridge,-0.0,0.0,-0.0,-0.0,0.0,-0.0,-0.0,0.0,-0.0,-0.0,0.0,-0.0
fresh,cp_hk,1,lowest_sorted,memberctl_cp_hk_lowest_sorted_s1,election2020,S0_pool/prototype,-0.0,0.0,-0.0,-0.0,0.0,-0.0,-0.0,0.0,-0.0,-0.0,0.0,-0.0
fresh,cp_hk,1,lowest_sorted,memberctl_cp_hk_lowest_sorted_s1,election2020,S0_pool/ridge,-0.0,0.0,-0.0,-0.0,0.0,-0.0,-0.0,0.0,-0.0,-0.0,0.0,-0.0
fresh,cp_hk,1,lowest_sorted,memberctl_cp_hk_lowest_sorted_s1,election2020,U1_pre_meta/prototype,0.05169677734375,-0.072265625,0.12396240234375,0.08203125,-0.08203125,0.1640625,0.08360272988505757,-0.0655505335508545,0.14915326343591206,-0.007889389991760254,0.0001354813575744629,-0.008024871349334717
fresh,cp_hk,1,lowest_sorted,memberctl_cp_hk_lowest_sorted_s1,election2020,U1_pre_meta/ridge,0.04730224609375,-0.078857421875,0.12615966796875,0.07421875,-0.078125,0.15234375,0.07392774834635318,-0.06588780689250928,0.13981555523886247,-0.04324615001678467,0.0019453167915344238,-0.04519146680831909
fresh,cp_hk,1,lowest_sorted,memberctl_cp_hk_lowest_sorted_s1,election2020,final_input/prototype,0.08624267578125,-0.05230712890625,0.1385498046875,-0.0078125,-0.04296875,0.03515625,-2.7702557638620284e-05,-0.03615378534348723,0.03612608278584861,-0.0011398792266845703,-0.00039076805114746094,-0.0007491111755371094
fresh,cp_hk,1,lowest_sorted,memberctl_cp_hk_lowest_sorted_s1,election2020,final_input/ridge,0.0447998046875,-0.04107666015625,0.08587646484375,0.00390625,-0.05078125,0.0546875,0.007022393477411071,-0.04306343476018559,0.050085828237596663,0.04331845045089722,-0.0032871365547180176,0.046605587005615234
fresh,cp_hk,1,lowest_sorted,memberctl_cp_hk_lowest_sorted_s1,election2020,full_model,0.393310546875,0.28875732421875,0.10455322265625,0.359375,0.0,0.359375,0.5788770053475936,0.0,0.5788770053475936,-0.37471133470535284,-0.03666353225708008,-0.33804780244827276
fresh,cp_hk,1,lowest_sorted,memberctl_cp_hk_lowest_sorted_s1,election2020,raw_center/prototype,-0.0,0.0,-0.0,-0.0,0.0,-0.0,-0.0,0.0,-0.0,-0.0,0.0,-0.0
fresh,cp_hk,1,lowest_sorted,memberctl_cp_hk_lowest_sorted_s1,election2020,raw_center/ridge,-0.0,0.0,-0.0,-0.0,0.0,-0.0,-0.0,0.0,-0.0,-0.0,0.0,-0.0
fresh,cp_hk,1,lowest_sorted,memberctl_cp_hk_lowest_sorted_s1,election2020,raw_context/prototype,-0.0,0.0,-0.0,-0.0,0.0,-0.0,-0.0,0.0,-0.0,-0.0,0.0,-0.0
fresh,cp_hk,1,lowest_sorted,memberctl_cp_hk_lowest_sorted_s1,election2020,raw_context/ridge,-0.0,0.0,-0.0,-0.0,0.0,-0.0,-0.0,0.0,-0.0,-0.0,0.0,-0.0
fresh,cp_hk,1,lowest_sorted,memberctl_cp_hk_lowest_sorted_s1,election2020,raw_joint/prototype,-0.0,0.0,-0.0,-0.0,0.0,-0.0,-0.0,0.0,-0.0,-0.0,0.0,-0.0
fresh,cp_hk,1,lowest_sorted,memberctl_cp_hk_lowest_sorted_s1,election2020,raw_joint/ridge,-0.0,0.0,-0.0,-0.0,0.0,-0.0,-0.0,0.0,-0.0,-0.0,0.0,-0.0
fresh,cp_hk,1,lowest_sorted,memberctl_cp_hk_lowest_sorted_s1,facebook_page_reference,M2_post_meta/prototype,0.09430122375488281,-0.07254981994628906,0.16685104370117188,0.06640625,-0.0673828125,0.1337890625,0.09849319012159541,-0.07011640490754711,0.16860959502914252,-0.0041120052337646484,-0.00022411346435546875,-0.0038878917694091797
fresh,cp_hk,1,lowest_sorted,memberctl_cp_hk_lowest_sorted_s1,facebook_page_reference,M2_post_meta/ridge,0.10316085815429688,-0.06702804565429688,0.17018890380859375,0.0693359375,-0.0703125,0.1396484375,0.0992250158058603,-0.0716381620217954,0.1708631778276557,-0.024342715740203857,-0.0020783543586730957,-0.02226436138153076
fresh,cp_hk,1,lowest_sorted,memberctl_cp_hk_lowest_sorted_s1,facebook_page_reference,S0_conv_center/prototype,-0.0,0.0,-0.0,-0.0,0.0,-0.0,-0.0,0.0,-0.0,-0.0,0.0,-0.0
fresh,cp_hk,1,lowest_sorted,memberctl_cp_hk_lowest_sorted_s1,facebook_page_reference,S0_conv_center/ridge,-0.0,0.0,-0.0,-0.0,0.0,-0.0,-0.0,0.0,-0.0,-0.0,0.0,-0.0
fresh,cp_hk,1,lowest_sorted,memberctl_cp_hk_lowest_sorted_s1,facebook_page_reference,S0_pool/prototype,-0.0,0.0,-0.0,-0.0,0.0,-0.0,-0.0,0.0,-0.0,-0.0,0.0,-0.0
fresh,cp_hk,1,lowest_sorted,memberctl_cp_hk_lowest_sorted_s1,facebook_page_reference,S0_pool/ridge,-0.0,0.0,-0.0,-0.0,0.0,-0.0,-0.0,0.0,-0.0,-0.0,0.0,-0.0
fresh,cp_hk,1,lowest_sorted,memberctl_cp_hk_lowest_sorted_s1,facebook_page_reference,U1_pre_meta/prototype,-0.10475921630859375,-0.07281684875488281,-0.03194236755371094,-0.1083984375,-0.0654296875,-0.04296875,-0.11210488889889536,-0.06661574169286366,-0.0454891472060317,0.0050203800201416016,-0.00016611814498901367,0.005186498165130615
fresh,cp_hk,1,lowest_sorted,memberctl_cp_hk_lowest_sorted_s1,facebook_page_reference,U1_pre_meta/ridge,-0.08351898193359375,-0.070068359375,-0.01345062255859375,-0.0830078125,-0.0654296875,-0.017578125,-0.08821512205103332,-0.0704225904962279,-0.017792531554805424,0.01571887731552124,-0.0012542009353637695,0.01697307825088501
fresh,cp_hk,1,lowest_sorted,memberctl_cp_hk_lowest_sorted_s1,facebook_page_reference,final_input/prototype,0.09430122375488281,-0.07254981994628906,0.16685104370117188,0.06640625,-0.0673828125,0.1337890625,0.09849319012159541,-0.07011640490754711,0.16860959502914252,-0.0041120052337646484,-0.00022411346435546875,-0.0038878917694091797
fresh,cp_hk,1,lowest_sorted,memberctl_cp_hk_lowest_sorted_s1,facebook_page_reference,final_input/ridge,0.10316085815429688,-0.06702804565429688,0.17018890380859375,0.0693359375,-0.0703125,0.1396484375,0.0992250158058603,-0.0716381620217954,0.1708631778276557,-0.024342715740203857,-0.0020783543586730957,-0.02226436138153076
fresh,cp_hk,1,lowest_sorted,memberctl_cp_hk_lowest_sorted_s1,facebook_page_reference,full_model,-0.007144927978515625,0.0022125244140625555,-0.00935745239257818,-0.001953125,-0.0029296875,0.0009765625,0.004316341488869724,-0.03519617540389053,0.03951251689276025,0.2106531858444214,-5.632638931274414e-05,0.21070951223373413
fresh,cp_hk,1,lowest_sorted,memberctl_cp_hk_lowest_sorted_s1,facebook_page_reference,raw_center/prototype,1.1102230246251565e-16,-1.1102230246251565e-16,2.220446049250313e-16,-0.0,0.0,-0.0,-0.0,0.0,-0.0,-0.0,0.0,-0.0
fresh,cp_hk,1,lowest_sorted,memberctl_cp_hk_lowest_sorted_s1,facebook_page_reference,raw_center/ridge,-0.0,0.0,-0.0,-0.0,0.0,-0.0,-0.0,0.0,-0.0,-0.0,0.0,-0.0
fresh,cp_hk,1,lowest_sorted,memberctl_cp_hk_lowest_sorted_s1,facebook_page_reference,raw_context/prototype,-0.0,0.0,-0.0,-0.0,0.0,-0.0,-0.0,0.0,-0.0,-0.0,0.0,-0.0
fresh,cp_hk,1,lowest_sorted,memberctl_cp_hk_lowest_sorted_s1,facebook_page_reference,raw_context/ridge,-0.0,0.0,-0.0,-0.0,0.0,-0.0,-0.0,0.0,-0.0,-0.0,0.0,-0.0
fresh,cp_hk,1,lowest_sorted,memberctl_cp_hk_lowest_sorted_s1,facebook_page_reference,raw_joint/prototype,-0.0,0.0,-0.0,-0.0,0.0,-0.0,-0.0,0.0,-0.0,-0.0,0.0,-0.0
fresh,cp_hk,1,lowest_sorted,memberctl_cp_hk_lowest_sorted_s1,facebook_page_reference,raw_joint/ridge,1.1102230246251565e-16,-1.1102230246251565e-16,2.220446049250313e-16,-0.0,0.0,-0.0,-0.0,0.0,-0.0,-0.0,0.0,-0.0
fresh,cp_hk,1,lowest_sorted,memberctl_cp_hk_lowest_sorted_s1,twibot20,M2_post_meta/prototype,0.09028922186957467,-0.009382035997178906,0.09967125786675357,0.04361979166666674,-0.005533854166666741,0.04915364583333348,-0.01343987838756977,-0.0066532438789340675,-0.006786634508635703,-0.00948113203048706,-0.0020189881324768066,-0.007462143898010254
fresh,cp_hk,1,lowest_sorted,memberctl_cp_hk_lowest_sorted_s1,twibot20,M2_post_meta/ridge,0.08211665683322478,-0.0082355075412327,0.09035216437445748,0.03515625,-0.0087890625,0.0439453125,-0.016035993773588997,-0.009710913201683158,-0.006325080571905839,-0.001679837703704834,-0.012693285942077637,0.011013448238372803
fresh,cp_hk,1,lowest_sorted,memberctl_cp_hk_lowest_sorted_s1,twibot20,S0_conv_center/prototype,-0.0,0.0,-0.0,-0.0,0.0,-0.0,-0.0,0.0,-0.0,-0.0,0.0,-0.0
fresh,cp_hk,1,lowest_sorted,memberctl_cp_hk_lowest_sorted_s1,twibot20,S0_conv_center/ridge,-0.0,0.0,-0.0,-0.0,0.0,-0.0,-0.0,0.0,-0.0,-0.0,0.0,-0.0
fresh,cp_hk,1,lowest_sorted,memberctl_cp_hk_lowest_sorted_s1,twibot20,S0_pool/prototype,-0.0,0.0,-0.0,-0.0,0.0,-0.0,-0.0,0.0,-0.0,-0.0,0.0,-0.0
fresh,cp_hk,1,lowest_sorted,memberctl_cp_hk_lowest_sorted_s1,twibot20,S0_pool/ridge,-0.0,0.0,-0.0,-0.0,0.0,-0.0,-0.0,0.0,-0.0,-0.0,0.0,-0.0
fresh,cp_hk,1,lowest_sorted,memberctl_cp_hk_lowest_sorted_s1,twibot20,U1_pre_meta/prototype,0.06882243686252165,-0.007029639350043304,0.07585207621256496,0.0576171875,0.00423177083333337,0.05338541666666663,0.07145254904072018,0.0012469641752087535,0.07020558486551143,-0.004681825637817383,-0.0021008849143981934,-0.0025809407234191895
fresh,cp_hk,1,lowest_sorted,memberctl_cp_hk_lowest_sorted_s1,twibot20,U1_pre_meta/ridge,0.06694984436035156,-0.007120556301540737,0.0740704006618923,0.06119791666666674,-0.00032552083333337034,0.06152343750000011,0.07724098995478801,-0.0031034439757419152,0.08034443393052992,-0.016808509826660156,-0.006098449230194092,-0.010710060596466064
fresh,cp_hk,1,lowest_sorted,memberctl_cp_hk_lowest_sorted_s1,twibot20,final_input/prototype,0.09028922186957467,-0.009382035997178906,0.09967125786675357,0.04361979166666674,-0.005533854166666741,0.04915364583333348,-0.01343987838756977,-0.0066532438789340675,-0.006786634508635703,-0.00948113203048706,-0.0020189881324768066,-0.007462143898010254
fresh,cp_hk,1,lowest_sorted,memberctl_cp_hk_lowest_sorted_s1,twibot20,final_input/ridge,0.08211665683322478,-0.0082355075412327,0.09035216437445748,0.03515625,-0.0087890625,0.0439453125,-0.016035993773588997,-0.009710913201683158,-0.006325080571905839,-0.001679837703704834,-0.012693285942077637,0.011013448238372803
fresh,cp_hk,1,lowest_sorted,memberctl_cp_hk_lowest_sorted_s1,twibot20,full_model,0.09611701965332042,-0.10645272996690547,0.2025697496202259,0.07584635416666663,0.0,0.07584635416666663,0.0030724933296246704,0.0,0.0030724933296246704,0.3382863402366638,-0.028683722019195557,0.3669700622558594
fresh,cp_hk,1,lowest_sorted,memberctl_cp_hk_lowest_sorted_s1,twibot20,raw_center/prototype,-0.0,0.0,-0.0,-0.0,0.0,-0.0,-5.551115123125783e-17,5.551115123125783e-17,-1.1102230246251565e-16,-0.0,0.0,-0.0
fresh,cp_hk,1,lowest_sorted,memberctl_cp_hk_lowest_sorted_s1,twibot20,raw_center/ridge,-0.0,0.0,-0.0,-0.0,0.0,-0.0,-5.551115123125783e-17,5.551115123125783e-17,-1.1102230246251565e-16,-0.0,0.0,-0.0
fresh,cp_hk,1,lowest_sorted,memberctl_cp_hk_lowest_sorted_s1,twibot20,raw_context/prototype,-0.0,0.0,-0.0,-0.0,0.0,-0.0,-0.0,0.0,-0.0,-0.0,0.0,-0.0
fresh,cp_hk,1,lowest_sorted,memberctl_cp_hk_lowest_sorted_s1,twibot20,raw_context/ridge,-0.0,0.0,-0.0,-0.0,0.0,-0.0,-0.0,0.0,-0.0,-0.0,0.0,-0.0
fresh,cp_hk,1,lowest_sorted,memberctl_cp_hk_lowest_sorted_s1,twibot20,raw_joint/prototype,-0.0,0.0,-0.0,-0.0,0.0,-0.0,-0.0,0.0,-0.0,-0.0,0.0,-0.0
fresh,cp_hk,1,lowest_sorted,memberctl_cp_hk_lowest_sorted_s1,twibot20,raw_joint/ridge,-0.0,0.0,-0.0,-0.0,0.0,-0.0,-0.0,0.0,-0.0,-0.0,0.0,-0.0
fresh,cp_hk,1,lowest_sorted,memberctl_cp_hk_lowest_sorted_s1,ukr_rus_suspended,M2_post_meta/prototype,0.04180908203125,0.0052490234375,0.03656005859375,-0.00390625,-0.03515625,0.03125,-0.045062878435025655,-0.007524841624593992,-0.03753803681043166,-0.0016382336616516113,-6.151199340820312e-05,-0.0015767216682434082
fresh,cp_hk,1,lowest_sorted,memberctl_cp_hk_lowest_sorted_s1,ukr_rus_suspended,M2_post_meta/ridge,0.04095458984375,0.00189208984375,0.0390625,-0.01171875,-0.01171875,0.0,-0.05581610792658209,0.012145748987854255,-0.06796185691443635,-0.002178668975830078,-0.00047010183334350586,-0.0017085671424865723
fresh,cp_hk,1,lowest_sorted,memberctl_cp_hk_lowest_sorted_s1,ukr_rus_suspended,S0_conv_center/prototype,-0.0,0.0,-0.0,-0.0,0.0,-0.0,-0.0,0.0,-0.0,-0.0,0.0,-0.0
fresh,cp_hk,1,lowest_sorted,memberctl_cp_hk_lowest_sorted_s1,ukr_rus_suspended,S0_conv_center/ridge,-0.0,0.0,-0.0,-0.0,0.0,-0.0,-0.0,0.0,-0.0,-0.0,0.0,-0.0
fresh,cp_hk,1,lowest_sorted,memberctl_cp_hk_lowest_sorted_s1,ukr_rus_suspended,S0_pool/prototype,-0.0,0.0,-0.0,-0.0,0.0,-0.0,-0.0,0.0,-0.0,-0.0,0.0,-0.0
fresh,cp_hk,1,lowest_sorted,memberctl_cp_hk_lowest_sorted_s1,ukr_rus_suspended,S0_pool/ridge,-0.0,0.0,-0.0,-0.0,0.0,-0.0,-0.0,0.0,-0.0,-0.0,0.0,-0.0
fresh,cp_hk,1,lowest_sorted,memberctl_cp_hk_lowest_sorted_s1,ukr_rus_suspended,U1_pre_meta/prototype,0.0146484375,0.021331787109375,-0.006683349609375,-0.0234375,0.0234375,-0.046875,-0.03152531072908238,0.00045445594049653426,-0.03197976666957891,-0.0006200671195983887,-0.00012052059173583984,-0.0004995465278625488
fresh,cp_hk,1,lowest_sorted,memberctl_cp_hk_lowest_sorted_s1,ukr_rus_suspended,U1_pre_meta/ridge,0.00592041015625,0.016845703125,-0.01092529296875,0.01171875,0.01953125,-0.0078125,0.0098633607818297,-0.0011499336576735741,0.011013294439503274,-0.002713143825531006,-0.0005912184715270996,-0.0021219253540039062
fresh,cp_hk,1,lowest_sorted,memberctl_cp_hk_lowest_sorted_s1,ukr_rus_suspended,final_input/prototype,0.04180908203125,0.0052490234375,0.03656005859375,-0.00390625,-0.03515625,0.03125,-0.045062878435025655,-0.007524841624593992,-0.03753803681043166,-0.0016382336616516113,-6.151199340820312e-05,-0.0015767216682434082
fresh,cp_hk,1,lowest_sorted,memberctl_cp_hk_lowest_sorted_s1,ukr_rus_suspended,final_input/ridge,0.04095458984375,0.00189208984375,0.0390625,-0.01171875,-0.01171875,0.0,-0.05581610792658209,0.012145748987854255,-0.06796185691443635,-0.002178668975830078,-0.00047010183334350586,-0.0017085671424865723
fresh,cp_hk,1,lowest_sorted,memberctl_cp_hk_lowest_sorted_s1,ukr_rus_suspended,full_model,-0.0145263671875,0.073760986328125,-0.088287353515625,-0.046875,0.0,-0.046875,-0.08146591970121386,0.0,-0.08146591970121386,0.24567866325378418,0.06046348810195923,0.18521517515182495
fresh,cp_hk,1,lowest_sorted,memberctl_cp_hk_lowest_sorted_s1,ukr_rus_suspended,raw_center/prototype,-0.0,0.0,-0.0,-0.0,0.0,-0.0,-0.0,0.0,-0.0,-0.0,0.0,-0.0
fresh,cp_hk,1,lowest_sorted,memberctl_cp_hk_lowest_sorted_s1,ukr_rus_suspended,raw_center/ridge,-0.0,0.0,-0.0,-0.0,0.0,-0.0,-0.0,0.0,-0.0,-0.0,0.0,-0.0
fresh,cp_hk,1,lowest_sorted,memberctl_cp_hk_lowest_sorted_s1,ukr_rus_suspended,raw_context/prototype,-0.0,0.0,-0.0,-0.0,0.0,-0.0,-0.0,0.0,-0.0,-0.0,0.0,-0.0
fresh,cp_hk,1,lowest_sorted,memberctl_cp_hk_lowest_sorted_s1,ukr_rus_suspended,raw_context/ridge,-0.0,0.0,-0.0,-0.0,0.0,-0.0,-0.0,0.0,-0.0,-0.0,0.0,-0.0
fresh,cp_hk,1,lowest_sorted,memberctl_cp_hk_lowest_sorted_s1,ukr_rus_suspended,raw_joint/prototype,-0.0,0.0,-0.0,-0.0,0.0,-0.0,-0.0,0.0,-0.0,-0.0,0.0,-0.0
fresh,cp_hk,1,lowest_sorted,memberctl_cp_hk_lowest_sorted_s1,ukr_rus_suspended,raw_joint/ridge,-0.0,0.0,-0.0,-0.0,0.0,-0.0,-0.0,0.0,-0.0,-0.0,0.0,-0.0
fresh,cp_hk,1,uniform_shuffled,memberctl_cp_hk_uniform_shuffled_s1,covid_political,M2_post_meta/prototype,-0.04981344717520253,0.00730839482060186,-0.05712184199580439,0.3580729166666667,0.01920572916666663,0.33886718750000006,0.11849658873501856,0.011116577449507836,0.10738001128551072,-0.03916889429092407,-0.0001519918441772461,-0.039016902446746826
fresh,cp_hk,1,uniform_shuffled,memberctl_cp_hk_uniform_shuffled_s1,covid_political,M2_post_meta/ridge,-0.014127943250867858,0.009271974916811199,-0.023399918167679057,0.41927083333333337,0.0205078125,0.39876302083333337,0.17857554549197202,0.011788380056501457,0.16678716543547056,-0.15299105644226074,-0.0014362931251525879,-0.15155476331710815
fresh,cp_hk,1,uniform_shuffled,memberctl_cp_hk_uniform_shuffled_s1,covid_political,S0_conv_center/prototype,-0.0,0.0,-0.0,-0.0,0.0,-0.0,-0.0,0.0,-0.0,-0.0,0.0,-0.0
fresh,cp_hk,1,uniform_shuffled,memberctl_cp_hk_uniform_shuffled_s1,covid_political,S0_conv_center/ridge,-0.0,0.0,-0.0,-0.0,0.0,-0.0,-0.0,0.0,-0.0,-0.0,0.0,-0.0
fresh,cp_hk,1,uniform_shuffled,memberctl_cp_hk_uniform_shuffled_s1,covid_political,S0_pool/prototype,-0.0,0.0,-0.0,-0.0,0.0,-0.0,-0.0,0.0,-0.0,-0.0,0.0,-0.0
fresh,cp_hk,1,uniform_shuffled,memberctl_cp_hk_uniform_shuffled_s1,covid_political,S0_pool/ridge,1.1102230246251565e-16,0.0,1.1102230246251565e-16,-0.0,0.0,-0.0,-0.0,0.0,-0.0,-0.0,0.0,-0.0
fresh,cp_hk,1,uniform_shuffled,memberctl_cp_hk_uniform_shuffled_s1,covid_political,U1_pre_meta/prototype,0.010856628417968639,0.00804335982711224,0.0028132685908563992,0.044921875,-0.00390625,0.048828125,0.05512642259967804,0.005715844998496589,0.04941057760118145,-0.010032296180725098,0.0003962516784667969,-0.010428547859191895
fresh,cp_hk,1,uniform_shuffled,memberctl_cp_hk_uniform_shuffled_s1,covid_political,U1_pre_meta/ridge,0.019013864022714322,0.0009957772714119795,0.018018086751302342,0.06640625,-0.0009765625,0.0673828125,0.09266161294399555,0.008119850502242232,0.08454176244175332,-0.03687018156051636,0.0030198097229003906,-0.03988999128341675
fresh,cp_hk,1,uniform_shuffled,memberctl_cp_hk_uniform_shuffled_s1,covid_political,final_input/prototype,-0.04981344717520253,0.00730839482060186,-0.05712184199580439,0.3580729166666667,0.01920572916666663,0.33886718750000006,0.11849658873501856,0.011116577449507836,0.10738001128551072,-0.03916889429092407,-0.0001519918441772461,-0.039016902446746826
fresh,cp_hk,1,uniform_shuffled,memberctl_cp_hk_uniform_shuffled_s1,covid_political,final_input/ridge,-0.014127943250867858,0.009271974916811199,-0.023399918167679057,0.41927083333333337,0.0205078125,0.39876302083333337,0.17857554549197202,0.011788380056501457,0.16678716543547056,-0.15299105644226074,-0.0014362931251525879,-0.15155476331710815
fresh,cp_hk,1,uniform_shuffled,memberctl_cp_hk_uniform_shuffled_s1,covid_political,full_model,0.05135656286168966,0.28019827383535884,-0.22884171097366918,-0.05794270833333337,0.0,-0.05794270833333337,0.005534621660426509,0.0,0.005534621660426509,0.07162851095199585,-0.036161184310913086,0.10778969526290894
fresh,cp_hk,1,uniform_shuffled,memberctl_cp_hk_uniform_shuffled_s1,covid_political,raw_center/prototype,-0.0,0.0,-0.0,-0.0,0.0,-0.0,-0.0,0.0,-0.0,-0.0,0.0,-0.0
fresh,cp_hk,1,uniform_shuffled,memberctl_cp_hk_uniform_shuffled_s1,covid_political,raw_center/ridge,-0.0,0.0,-0.0,-0.0,0.0,-0.0,-0.0,0.0,-0.0,-0.0,0.0,-0.0
fresh,cp_hk,1,uniform_shuffled,memberctl_cp_hk_uniform_shuffled_s1,covid_political,raw_context/prototype,-1.1102230246251565e-16,1.1102230246251565e-16,-2.220446049250313e-16,-0.0,0.0,-0.0,-0.0,0.0,-0.0,-0.0,0.0,-0.0
fresh,cp_hk,1,uniform_shuffled,memberctl_cp_hk_uniform_shuffled_s1,covid_political,raw_context/ridge,-0.0,0.0,-0.0,-0.0,0.0,-0.0,-0.0,0.0,-0.0,-0.0,0.0,-0.0
fresh,cp_hk,1,uniform_shuffled,memberctl_cp_hk_uniform_shuffled_s1,covid_political,raw_joint/prototype,-0.0,0.0,-0.0,-0.0,0.0,-0.0,-0.0,0.0,-0.0,-0.0,0.0,-0.0
fresh,cp_hk,1,uniform_shuffled,memberctl_cp_hk_uniform_shuffled_s1,covid_political,raw_joint/ridge,-0.0,0.0,-0.0,-0.0,0.0,-0.0,-0.0,0.0,-0.0,-0.0,0.0,-0.0
fresh,cp_hk,1,uniform_shuffled,memberctl_cp_hk_uniform_shuffled_s1,election2020,M2_post_meta/prototype,0.1513671875,-0.0733642578125,0.2247314453125,0.3359375,-0.04296875,0.37890625,0.1406340895869692,-0.044226573652597745,0.18486066323956696,-0.02037978172302246,-7.152557373046875e-07,-0.020379066467285156
fresh,cp_hk,1,uniform_shuffled,memberctl_cp_hk_uniform_shuffled_s1,election2020,M2_post_meta/ridge,0.1529541015625,-0.07525634765625,0.22821044921875,0.35546875,-0.05859375,0.4140625,0.16765771955177566,-0.058183351339956224,0.2258410708917319,-0.08924305438995361,7.170438766479492e-05,-0.08931475877761841
fresh,cp_hk,1,uniform_shuffled,memberctl_cp_hk_uniform_shuffled_s1,election2020,S0_conv_center/prototype,-0.0,0.0,-0.0,-0.0,0.0,-0.0,-0.0,0.0,-0.0,-0.0,0.0,-0.0
fresh,cp_hk,1,uniform_shuffled,memberctl_cp_hk_uniform_shuffled_s1,election2020,S0_conv_center/ridge,-0.0,0.0,-0.0,-0.0,0.0,-0.0,-0.0,0.0,-0.0,-0.0,0.0,-0.0
fresh,cp_hk,1,uniform_shuffled,memberctl_cp_hk_uniform_shuffled_s1,election2020,S0_pool/prototype,-0.0,0.0,-0.0,-0.0,0.0,-0.0,-0.0,0.0,-0.0,-0.0,0.0,-0.0
fresh,cp_hk,1,uniform_shuffled,memberctl_cp_hk_uniform_shuffled_s1,election2020,S0_pool/ridge,-0.0,0.0,-0.0,-0.0,0.0,-0.0,-0.0,0.0,-0.0,-0.0,0.0,-0.0
fresh,cp_hk,1,uniform_shuffled,memberctl_cp_hk_uniform_shuffled_s1,election2020,U1_pre_meta/prototype,0.06781005859375,-0.0916748046875,0.15948486328125,0.09765625,-0.0625,0.16015625,0.09488745210727967,-0.059479553903345694,0.15436700601062536,-0.013394296169281006,0.0009878873825073242,-0.01438218355178833
fresh,cp_hk,1,uniform_shuffled,memberctl_cp_hk_uniform_shuffled_s1,election2020,U1_pre_meta/ridge,0.0552978515625,-0.1212158203125,0.176513671875,0.09765625,-0.0859375,0.18359375,0.09488745210727967,-0.07845045483421864,0.1733379069414983,-0.0664551854133606,0.008755862712860107,-0.0752110481262207
fresh,cp_hk,1,uniform_shuffled,memberctl_cp_hk_uniform_shuffled_s1,election2020,final_input/prototype,0.1513671875,-0.0733642578125,0.2247314453125,0.3359375,-0.04296875,0.37890625,0.1406340895869692,-0.044226573652597745,0.18486066323956696,-0.02037978172302246,-7.152557373046875e-07,-0.020379066467285156
fresh,cp_hk,1,uniform_shuffled,memberctl_cp_hk_uniform_shuffled_s1,election2020,final_input/ridge,0.1529541015625,-0.07525634765625,0.22821044921875,0.35546875,-0.05859375,0.4140625,0.16765771955177566,-0.058183351339956224,0.2258410708917319,-0.08924305438995361,7.170438766479492e-05,-0.08931475877761841
fresh,cp_hk,1,uniform_shuffled,memberctl_cp_hk_uniform_shuffled_s1,election2020,full_model,0.2032470703125,0.17816162109375,0.02508544921875,0.265625,0.0,0.265625,0.32430460556315543,0.0,0.32430460556315543,-0.4153991341590882,0.16544091701507568,-0.5808400511741638
fresh,cp_hk,1,uniform_shuffled,memberctl_cp_hk_uniform_shuffled_s1,election2020,raw_center/prototype,-0.0,0.0,-0.0,-0.0,0.0,-0.0,-0.0,0.0,-0.0,-0.0,0.0,-0.0
fresh,cp_hk,1,uniform_shuffled,memberctl_cp_hk_uniform_shuffled_s1,election2020,raw_center/ridge,-0.0,0.0,-0.0,-0.0,0.0,-0.0,-0.0,0.0,-0.0,-0.0,0.0,-0.0
fresh,cp_hk,1,uniform_shuffled,memberctl_cp_hk_uniform_shuffled_s1,election2020,raw_context/prototype,-0.0,0.0,-0.0,-0.0,0.0,-0.0,-0.0,0.0,-0.0,-0.0,0.0,-0.0
fresh,cp_hk,1,uniform_shuffled,memberctl_cp_hk_uniform_shuffled_s1,election2020,raw_context/ridge,-0.0,0.0,-0.0,-0.0,0.0,-0.0,-0.0,0.0,-0.0,-0.0,0.0,-0.0
fresh,cp_hk,1,uniform_shuffled,memberctl_cp_hk_uniform_shuffled_s1,election2020,raw_joint/prototype,-0.0,0.0,-0.0,-0.0,0.0,-0.0,-0.0,0.0,-0.0,-0.0,0.0,-0.0
fresh,cp_hk,1,uniform_shuffled,memberctl_cp_hk_uniform_shuffled_s1,election2020,raw_joint/ridge,-0.0,0.0,-0.0,-0.0,0.0,-0.0,-0.0,0.0,-0.0,-0.0,0.0,-0.0
fresh,cp_hk,1,uniform_shuffled,memberctl_cp_hk_uniform_shuffled_s1,facebook_page_reference,M2_post_meta/prototype,0.10166168212890625,-0.10973930358886719,0.21140098571777344,0.0849609375,-0.0888671875,0.173828125,0.08125384236472011,-0.09934629143056128,0.1806001337952814,-0.013881266117095947,-4.351139068603516e-06,-0.013876914978027344
fresh,cp_hk,1,uniform_shuffled,memberctl_cp_hk_uniform_shuffled_s1,facebook_page_reference,M2_post_meta/ridge,0.11892318725585938,-0.10649299621582031,0.2254161834716797,0.091796875,-0.0869140625,0.1787109375,0.09289506228697253,-0.09478900824974767,0.1876840705367202,-0.04283934831619263,-3.427267074584961e-05,-0.04280507564544678
fresh,cp_hk,1,uniform_shuffled,memberctl_cp_hk_uniform_shuffled_s1,facebook_page_reference,S0_conv_center/prototype,-0.0,0.0,-0.0,-0.0,0.0,-0.0,-0.0,0.0,-0.0,-0.0,0.0,-0.0
fresh,cp_hk,1,uniform_shuffled,memberctl_cp_hk_uniform_shuffled_s1,facebook_page_reference,S0_conv_center/ridge,-0.0,0.0,-0.0,-0.0,0.0,-0.0,-0.0,0.0,-0.0,-0.0,0.0,-0.0
fresh,cp_hk,1,uniform_shuffled,memberctl_cp_hk_uniform_shuffled_s1,facebook_page_reference,S0_pool/prototype,-0.0,0.0,-0.0,-0.0,0.0,-0.0,-0.0,0.0,-0.0,-0.0,0.0,-0.0
fresh,cp_hk,1,uniform_shuffled,memberctl_cp_hk_uniform_shuffled_s1,facebook_page_reference,S0_pool/ridge,-0.0,0.0,-0.0,-0.0,0.0,-0.0,-0.0,0.0,-0.0,-0.0,0.0,-0.0
fresh,cp_hk,1,uniform_shuffled,memberctl_cp_hk_uniform_shuffled_s1,facebook_page_reference,U1_pre_meta/prototype,-0.11711502075195312,-0.10892295837402344,-0.008192062377929688,-0.0908203125,-0.0888671875,-0.001953125,-0.09780286847726583,-0.09866769182714841,0.0008648233498825819,0.008540153503417969,0.00031179189682006836,0.0082283616065979
fresh,cp_hk,1,uniform_shuffled,memberctl_cp_hk_uniform_shuffled_s1,facebook_page_reference,U1_pre_meta/ridge,-0.10517120361328125,-0.111663818359375,0.00649261474609375,-0.078125,-0.0927734375,0.0146484375,-0.08369114940886824,-0.10137696355794723,0.017685814149078993,0.027167558670043945,0.0029489994049072266,0.02421855926513672
fresh,cp_hk,1,uniform_shuffled,memberctl_cp_hk_uniform_shuffled_s1,facebook_page_reference,final_input/prototype,0.10166168212890625,-0.10973930358886719,0.21140098571777344,0.0849609375,-0.0888671875,0.173828125,0.08125384236472011,-0.09934629143056128,0.1806001337952814,-0.013881266117095947,-4.351139068603516e-06,-0.013876914978027344
fresh,cp_hk,1,uniform_shuffled,memberctl_cp_hk_uniform_shuffled_s1,facebook_page_reference,final_input/ridge,0.11892318725585938,-0.10649299621582031,0.2254161834716797,0.091796875,-0.0869140625,0.1787109375,0.09289506228697253,-0.09478900824974767,0.1876840705367202,-0.04283934831619263,-3.427267074584961e-05,-0.04280507564544678
fresh,cp_hk,1,uniform_shuffled,memberctl_cp_hk_uniform_shuffled_s1,facebook_page_reference,full_model,0.031627655029296875,0.000551223754882868,0.031076431274414007,0.0126953125,0.0029296875,0.009765625,0.018299375728887957,-0.0224119241192412,0.04071129984812916,0.2444833517074585,-8.165836334228516e-06,0.24449151754379272
fresh,cp_hk,1,uniform_shuffled,memberctl_cp_hk_uniform_shuffled_s1,facebook_page_reference,raw_center/prototype,1.1102230246251565e-16,-1.1102230246251565e-16,2.220446049250313e-16,-0.0,0.0,-0.0,-0.0,0.0,-0.0,-0.0,0.0,-0.0
fresh,cp_hk,1,uniform_shuffled,memberctl_cp_hk_uniform_shuffled_s1,facebook_page_reference,raw_center/ridge,-0.0,0.0,-0.0,-0.0,0.0,-0.0,-0.0,0.0,-0.0,-0.0,0.0,-0.0
fresh,cp_hk,1,uniform_shuffled,memberctl_cp_hk_uniform_shuffled_s1,facebook_page_reference,raw_context/prototype,-0.0,0.0,-0.0,-0.0,0.0,-0.0,-0.0,0.0,-0.0,-0.0,0.0,-0.0
fresh,cp_hk,1,uniform_shuffled,memberctl_cp_hk_uniform_shuffled_s1,facebook_page_reference,raw_context/ridge,-0.0,0.0,-0.0,-0.0,0.0,-0.0,-0.0,0.0,-0.0,-0.0,0.0,-0.0
fresh,cp_hk,1,uniform_shuffled,memberctl_cp_hk_uniform_shuffled_s1,facebook_page_reference,raw_joint/prototype,-0.0,0.0,-0.0,-0.0,0.0,-0.0,-0.0,0.0,-0.0,-0.0,0.0,-0.0
fresh,cp_hk,1,uniform_shuffled,memberctl_cp_hk_uniform_shuffled_s1,facebook_page_reference,raw_joint/ridge,1.1102230246251565e-16,-1.1102230246251565e-16,2.220446049250313e-16,-0.0,0.0,-0.0,-0.0,0.0,-0.0,-0.0,0.0,-0.0
fresh,cp_hk,1,uniform_shuffled,memberctl_cp_hk_uniform_shuffled_s1,twibot20,M2_post_meta/prototype,0.019437577989366406,0.001731872558593528,0.017705705430772878,0.007161458333333259,0.005859375,0.0013020833333332593,0.024543933294637776,0.005693471885642731,0.018850461408995045,-0.015968620777130127,-0.0006356239318847656,-0.015332996845245361
fresh,cp_hk,1,uniform_shuffled,memberctl_cp_hk_uniform_shuffled_s1,twibot20,M2_post_meta/ridge,0.0195838080512154,0.0020764668782552453,0.017507341172960156,0.005208333333333259,0.0026041666666666297,0.0026041666666666297,0.02653187916021671,0.0028022993462369916,0.023729579813979718,-0.032495856285095215,-0.005005955696105957,-0.027489900588989258
fresh,cp_hk,1,uniform_shuffled,memberctl_cp_hk_uniform_shuffled_s1,twibot20,S0_conv_center/prototype,-0.0,0.0,-0.0,-0.0,0.0,-0.0,-0.0,0.0,-0.0,-0.0,0.0,-0.0
fresh,cp_hk,1,uniform_shuffled,memberctl_cp_hk_uniform_shuffled_s1,twibot20,S0_conv_center/ridge,-0.0,0.0,-0.0,-0.0,0.0,-0.0,-0.0,0.0,-0.0,-0.0,0.0,-0.0
fresh,cp_hk,1,uniform_shuffled,memberctl_cp_hk_uniform_shuffled_s1,twibot20,S0_pool/prototype,-0.0,0.0,-0.0,-0.0,0.0,-0.0,-0.0,0.0,-0.0,-0.0,0.0,-0.0
fresh,cp_hk,1,uniform_shuffled,memberctl_cp_hk_uniform_shuffled_s1,twibot20,S0_pool/ridge,-0.0,0.0,-0.0,-0.0,0.0,-0.0,-0.0,0.0,-0.0,-0.0,0.0,-0.0
fresh,cp_hk,1,uniform_shuffled,memberctl_cp_hk_uniform_shuffled_s1,twibot20,U1_pre_meta/prototype,0.026719199286566853,0.004248089260525112,0.02247111002604174,0.01985677083333337,0.01204427083333337,0.0078125,0.028509392883997675,0.01025382989220014,0.018255562991797536,-0.0009856224060058594,0.0013800859451293945,-0.002365708351135254
fresh,cp_hk,1,uniform_shuffled,memberctl_cp_hk_uniform_shuffled_s1,twibot20,U1_pre_meta/ridge,0.04021178351508237,0.0036159091525607145,0.03659587436252165,0.0380859375,0.01139322916666663,0.02669270833333337,0.046344528480813385,0.009682150337514739,0.036662378143298646,-0.009144783020019531,0.0064244866371154785,-0.01556926965713501
fresh,cp_hk,1,uniform_shuffled,memberctl_cp_hk_uniform_shuffled_s1,twibot20,final_input/prototype,0.019437577989366406,0.001731872558593528,0.017705705430772878,0.007161458333333259,0.005859375,0.0013020833333332593,0.024543933294637776,0.005693471885642731,0.018850461408995045,-0.015968620777130127,-0.0006356239318847656,-0.015332996845245361
fresh,cp_hk,1,uniform_shuffled,memberctl_cp_hk_uniform_shuffled_s1,twibot20,final_input/ridge,0.0195838080512154,0.0020764668782552453,0.017507341172960156,0.005208333333333259,0.0026041666666666297,0.0026041666666666297,0.02653187916021671,0.0028022993462369916,0.023729579813979718,-0.032495856285095215,-0.005005955696105957,-0.027489900588989258
fresh,cp_hk,1,uniform_shuffled,memberctl_cp_hk_uniform_shuffled_s1,twibot20,full_model,0.010417726304795982,0.04963111877441406,-0.03921339246961808,0.0205078125,0.0,0.0205078125,0.04178957685797613,0.0,0.04178957685797613,0.3337007164955139,-0.09117156267166138,0.4248722791671753
fresh,cp_hk,1,uniform_shuffled,memberctl_cp_hk_uniform_shuffled_s1,twibot20,raw_center/prototype,-0.0,0.0,-0.0,-0.0,0.0,-0.0,-5.551115123125783e-17,5.551115123125783e-17,-1.1102230246251565e-16,-0.0,0.0,-0.0
fresh,cp_hk,1,uniform_shuffled,memberctl_cp_hk_uniform_shuffled_s1,twibot20,raw_center/ridge,-0.0,0.0,-0.0,-0.0,0.0,-0.0,-5.551115123125783e-17,5.551115123125783e-17,-1.1102230246251565e-16,-0.0,0.0,-0.0
fresh,cp_hk,1,uniform_shuffled,memberctl_cp_hk_uniform_shuffled_s1,twibot20,raw_context/prototype,-0.0,0.0,-0.0,-0.0,0.0,-0.0,-0.0,0.0,-0.0,-0.0,0.0,-0.0
fresh,cp_hk,1,uniform_shuffled,memberctl_cp_hk_uniform_shuffled_s1,twibot20,raw_context/ridge,-0.0,0.0,-0.0,-0.0,0.0,-0.0,-0.0,0.0,-0.0,-0.0,0.0,-0.0
fresh,cp_hk,1,uniform_shuffled,memberctl_cp_hk_uniform_shuffled_s1,twibot20,raw_joint/prototype,-0.0,0.0,-0.0,-0.0,0.0,-0.0,-0.0,0.0,-0.0,-0.0,0.0,-0.0
fresh,cp_hk,1,uniform_shuffled,memberctl_cp_hk_uniform_shuffled_s1,twibot20,raw_joint/ridge,-0.0,0.0,-0.0,-0.0,0.0,-0.0,-0.0,0.0,-0.0,-0.0,0.0,-0.0
fresh,cp_hk,1,uniform_shuffled,memberctl_cp_hk_uniform_shuffled_s1,ukr_rus_suspended,M2_post_meta/prototype,0.022705078125,0.01116943359375,0.01153564453125,0.0078125,-0.03125,0.0390625,-0.1342544095580533,-0.01305260396169483,-0.12120180559635846,0.0014347434043884277,-1.043081283569336e-05,0.001445174217224121
fresh,cp_hk,1,uniform_shuffled,memberctl_cp_hk_uniform_shuffled_s1,ukr_rus_suspended,M2_post_meta/ridge,0.0263671875,0.00830078125,0.01806640625,0.015625,-0.01171875,0.02734375,-0.09706083390293918,-0.0025062656641603454,-0.09455456823877884,0.05362808704376221,-9.238719940185547e-05,0.05372047424316406
fresh,cp_hk,1,uniform_shuffled,memberctl_cp_hk_uniform_shuffled_s1,ukr_rus_suspended,S0_conv_center/prototype,-0.0,0.0,-0.0,-0.0,0.0,-0.0,-0.0,0.0,-0.0,-0.0,0.0,-0.0
fresh,cp_hk,1,uniform_shuffled,memberctl_cp_hk_uniform_shuffled_s1,ukr_rus_suspended,S0_conv_center/ridge,-0.0,0.0,-0.0,-0.0,0.0,-0.0,-5.551115123125783e-17,0.0,-5.551115123125783e-17,-0.0,0.0,-0.0
fresh,cp_hk,1,uniform_shuffled,memberctl_cp_hk_uniform_shuffled_s1,ukr_rus_suspended,S0_pool/prototype,-0.0,0.0,-0.0,-0.0,0.0,-0.0,-5.551115123125783e-17,0.0,-5.551115123125783e-17,-0.0,0.0,-0.0
fresh,cp_hk,1,uniform_shuffled,memberctl_cp_hk_uniform_shuffled_s1,ukr_rus_suspended,S0_pool/ridge,-0.0,0.0,-0.0,-0.0,0.0,-0.0,-0.0,0.0,-0.0,-0.0,0.0,-0.0
fresh,cp_hk,1,uniform_shuffled,memberctl_cp_hk_uniform_shuffled_s1,ukr_rus_suspended,U1_pre_meta/prototype,-0.01556396484375,0.025726318359375,-0.041290283203125,-0.05859375,0.03515625,-0.09375,-0.04731680818823797,0.006623328836011244,-0.05394013702424921,7.450580596923828e-06,2.110004425048828e-05,-1.3649463653564453e-05
fresh,cp_hk,1,uniform_shuffled,memberctl_cp_hk_uniform_shuffled_s1,ukr_rus_suspended,U1_pre_meta/ridge,-0.01617431640625,0.023681640625,-0.03985595703125,-0.0078125,0.03515625,-0.04296875,-0.007547169811320753,-0.0005783689994216523,-0.006968800811899101,-0.0003858208656311035,5.8531761169433594e-05,-0.0004443526268005371
fresh,cp_hk,1,uniform_shuffled,memberctl_cp_hk_uniform_shuffled_s1,ukr_rus_suspended,final_input/prototype,0.022705078125,0.01116943359375,0.01153564453125,0.0078125,-0.03125,0.0390625,-0.1342544095580533,-0.01305260396169483,-0.12120180559635846,0.0014347434043884277,-1.043081283569336e-05,0.001445174217224121
fresh,cp_hk,1,uniform_shuffled,memberctl_cp_hk_uniform_shuffled_s1,ukr_rus_suspended,final_input/ridge,0.0263671875,0.00830078125,0.01806640625,0.015625,-0.01171875,0.02734375,-0.09706083390293918,-0.0025062656641603454,-0.09455456823877884,0.05362808704376221,-9.238719940185547e-05,0.05372047424316406
fresh,cp_hk,1,uniform_shuffled,memberctl_cp_hk_uniform_shuffled_s1,ukr_rus_suspended,full_model,0.01361083984375,-0.012725830078125,0.026336669921875,0.015625,0.0,0.015625,0.09606299212598418,0.0,0.09606299212598418,0.1876668930053711,0.0887073278427124,0.09895956516265869
fresh,cp_hk,1,uniform_shuffled,memberctl_cp_hk_uniform_shuffled_s1,ukr_rus_suspended,raw_center/prototype,-0.0,0.0,-0.0,-0.0,0.0,-0.0,-0.0,0.0,-0.0,-0.0,0.0,-0.0
fresh,cp_hk,1,uniform_shuffled,memberctl_cp_hk_uniform_shuffled_s1,ukr_rus_suspended,raw_center/ridge,-0.0,0.0,-0.0,-0.0,0.0,-0.0,-0.0,0.0,-0.0,-0.0,0.0,-0.0
fresh,cp_hk,1,uniform_shuffled,memberctl_cp_hk_uniform_shuffled_s1,ukr_rus_suspended,raw_context/prototype,-0.0,0.0,-0.0,-0.0,0.0,-0.0,-0.0,0.0,-0.0,-0.0,0.0,-0.0
fresh,cp_hk,1,uniform_shuffled,memberctl_cp_hk_uniform_shuffled_s1,ukr_rus_suspended,raw_context/ridge,-0.0,0.0,-0.0,-0.0,0.0,-0.0,-0.0,0.0,-0.0,-0.0,0.0,-0.0
fresh,cp_hk,1,uniform_shuffled,memberctl_cp_hk_uniform_shuffled_s1,ukr_rus_suspended,raw_joint/prototype,-0.0,0.0,-0.0,-0.0,0.0,-0.0,-0.0,0.0,-0.0,-0.0,0.0,-0.0
fresh,cp_hk,1,uniform_shuffled,memberctl_cp_hk_uniform_shuffled_s1,ukr_rus_suspended,raw_joint/ridge,-0.0,0.0,-0.0,-0.0,0.0,-0.0,-0.0,0.0,-0.0,-0.0,0.0,-0.0
fresh,cp_hk,1,uniform_sorted,memberctl_cp_hk_uniform_sorted_s1,covid_political,M2_post_meta/prototype,0.5577985975477431,0.01165545428240733,0.5461431432653358,0.12727864583333331,0.0244140625,0.10286458333333331,0.4330332062856873,0.015312778283457285,0.41772042800223,-0.00876617431640625,-0.000156402587890625,-0.008609771728515625
fresh,cp_hk,1,uniform_sorted,memberctl_cp_hk_uniform_sorted_s1,covid_political,M2_post_meta/ridge,0.5548129611545138,0.014914901168257888,0.539898059986256,0.13639322916666663,0.021484375,0.11490885416666663,0.4382686291181351,0.01365504354586855,0.4246135855722665,-0.028623223304748535,-0.0014715194702148438,-0.02715170383453369
fresh,cp_hk,1,uniform_sorted,memberctl_cp_hk_uniform_sorted_s1,covid_political,S0_conv_center/prototype,-0.0,0.0,-0.0,-0.0,0.0,-0.0,-0.0,0.0,-0.0,-0.0,0.0,-0.0
fresh,cp_hk,1,uniform_sorted,memberctl_cp_hk_uniform_sorted_s1,covid_political,S0_conv_center/ridge,-0.0,0.0,-0.0,-0.0,0.0,-0.0,-0.0,0.0,-0.0,-0.0,0.0,-0.0
fresh,cp_hk,1,uniform_sorted,memberctl_cp_hk_uniform_sorted_s1,covid_political,S0_pool/prototype,-0.0,0.0,-0.0,-0.0,0.0,-0.0,-0.0,0.0,-0.0,-0.0,0.0,-0.0
fresh,cp_hk,1,uniform_sorted,memberctl_cp_hk_uniform_sorted_s1,covid_political,S0_pool/ridge,-1.1102230246251565e-16,0.0,-1.1102230246251565e-16,-0.0,0.0,-0.0,-0.0,0.0,-0.0,-0.0,0.0,-0.0
fresh,cp_hk,1,uniform_sorted,memberctl_cp_hk_uniform_sorted_s1,covid_political,U1_pre_meta/prototype,0.007195366753472321,0.01649842438874416,-0.009303057635271839,-0.0009765625,0.00390625,-0.0048828125,0.0009648061747594694,0.019433419839226806,-0.018468613664467337,-0.0014744400978088379,0.0004363059997558594,-0.0019107460975646973
fresh,cp_hk,1,uniform_sorted,memberctl_cp_hk_uniform_sorted_s1,covid_political,U1_pre_meta/ridge,0.0170316342954282,0.01078881157769096,0.00624282271773724,0.0302734375,0.0013020833333333703,0.02897135416666663,0.04340343564481497,0.017100272785548987,0.026303162859265983,-0.01694047451019287,0.0033475160598754883,-0.02028799057006836
fresh,cp_hk,1,uniform_sorted,memberctl_cp_hk_uniform_sorted_s1,covid_political,final_input/prototype,0.5577985975477431,0.01165545428240733,0.5461431432653358,0.12727864583333331,0.0244140625,0.10286458333333331,0.4330332062856873,0.015312778283457285,0.41772042800223,-0.00876617431640625,-0.000156402587890625,-0.008609771728515625
fresh,cp_hk,1,uniform_sorted,memberctl_cp_hk_uniform_sorted_s1,covid_political,final_input/ridge,0.5548129611545138,0.014914901168257888,0.539898059986256,0.13639322916666663,0.021484375,0.11490885416666663,0.4382686291181351,0.01365504354586855,0.4246135855722665,-0.028623223304748535,-0.0014715194702148438,-0.02715170383453369
fresh,cp_hk,1,uniform_sorted,memberctl_cp_hk_uniform_sorted_s1,covid_political,full_model,0.12774658203125,0.006598578559027846,0.12114800347222215,0.0166015625,0.0,0.0166015625,0.12320703487084411,0.0,0.12320703487084411,0.10146975517272949,-0.0017743110656738281,0.10324406623840332
fresh,cp_hk,1,uniform_sorted,memberctl_cp_hk_uniform_sorted_s1,covid_political,raw_center/prototype,-0.0,0.0,-0.0,-0.0,0.0,-0.0,-0.0,0.0,-0.0,-0.0,0.0,-0.0
fresh,cp_hk,1,uniform_sorted,memberctl_cp_hk_uniform_sorted_s1,covid_political,raw_center/ridge,-0.0,0.0,-0.0,-0.0,0.0,-0.0,-0.0,0.0,-0.0,-0.0,0.0,-0.0
fresh,cp_hk,1,uniform_sorted,memberctl_cp_hk_uniform_sorted_s1,covid_political,raw_context/prototype,-1.1102230246251565e-16,1.1102230246251565e-16,-2.220446049250313e-16,-0.0,0.0,-0.0,-0.0,0.0,-0.0,-0.0,0.0,-0.0
fresh,cp_hk,1,uniform_sorted,memberctl_cp_hk_uniform_sorted_s1,covid_political,raw_context/ridge,-0.0,0.0,-0.0,-0.0,0.0,-0.0,-0.0,0.0,-0.0,-0.0,0.0,-0.0
fresh,cp_hk,1,uniform_sorted,memberctl_cp_hk_uniform_sorted_s1,covid_political,raw_joint/prototype,-0.0,0.0,-0.0,-0.0,0.0,-0.0,-0.0,0.0,-0.0,-0.0,0.0,-0.0
fresh,cp_hk,1,uniform_sorted,memberctl_cp_hk_uniform_sorted_s1,covid_political,raw_joint/ridge,-0.0,0.0,-0.0,-0.0,0.0,-0.0,-0.0,0.0,-0.0,-0.0,0.0,-0.0
fresh,cp_hk,1,uniform_sorted,memberctl_cp_hk_uniform_sorted_s1,election2020,M2_post_meta/prototype,0.5367431640625,-0.01593017578125,0.55267333984375,0.12109375,-0.0078125,0.12890625,0.25346724055475844,-0.0048661800486617945,0.25833342060342024,-0.012038350105285645,-0.00010001659393310547,-0.011938333511352539
fresh,cp_hk,1,uniform_sorted,memberctl_cp_hk_uniform_sorted_s1,election2020,M2_post_meta/ridge,0.54248046875,-0.0123291015625,0.5548095703125,0.125,-0.01953125,0.14453125,0.27216155923447216,-0.019253910950661868,0.29141547018513403,-0.05388122797012329,-0.0009219050407409668,-0.052959322929382324
fresh,cp_hk,1,uniform_sorted,memberctl_cp_hk_uniform_sorted_s1,election2020,S0_conv_center/prototype,-0.0,0.0,-0.0,-0.0,0.0,-0.0,-0.0,0.0,-0.0,-0.0,0.0,-0.0
fresh,cp_hk,1,uniform_sorted,memberctl_cp_hk_uniform_sorted_s1,election2020,S0_conv_center/ridge,-0.0,0.0,-0.0,-0.0,0.0,-0.0,-0.0,0.0,-0.0,-0.0,0.0,-0.0
fresh,cp_hk,1,uniform_sorted,memberctl_cp_hk_uniform_sorted_s1,election2020,S0_pool/prototype,-0.0,0.0,-0.0,-0.0,0.0,-0.0,1.1102230246251565e-16,0.0,1.1102230246251565e-16,-0.0,0.0,-0.0
fresh,cp_hk,1,uniform_sorted,memberctl_cp_hk_uniform_sorted_s1,election2020,S0_pool/ridge,-0.0,0.0,-0.0,-0.0,0.0,-0.0,-0.0,0.0,-0.0,-0.0,0.0,-0.0
fresh,cp_hk,1,uniform_sorted,memberctl_cp_hk_uniform_sorted_s1,election2020,U1_pre_meta/prototype,0.09381103515625,-0.037109375,0.13092041015625,0.12890625,-0.046875,0.17578125,0.12391756932082176,-0.03943516211174203,0.1633527314325638,-0.0027565360069274902,0.0007989406585693359,-0.003555476665496826
fresh,cp_hk,1,uniform_sorted,memberctl_cp_hk_uniform_sorted_s1,election2020,U1_pre_meta/ridge,0.0728759765625,-0.05859375,0.1314697265625,0.125,-0.05859375,0.18359375,0.12088501908396942,-0.05155277830150562,0.17243779738547504,-0.03250950574874878,0.006849110126495361,-0.03935861587524414
fresh,cp_hk,1,uniform_sorted,memberctl_cp_hk_uniform_sorted_s1,election2020,final_input/prototype,0.5367431640625,-0.01593017578125,0.55267333984375,0.12109375,-0.0078125,0.12890625,0.25346724055475844,-0.0048661800486617945,0.25833342060342024,-0.012038350105285645,-0.00010001659393310547,-0.011938333511352539
fresh,cp_hk,1,uniform_sorted,memberctl_cp_hk_uniform_sorted_s1,election2020,final_input/ridge,0.54248046875,-0.0123291015625,0.5548095703125,0.125,-0.01953125,0.14453125,0.27216155923447216,-0.019253910950661868,0.29141547018513403,-0.05388122797012329,-0.0009219050407409668,-0.052959322929382324
fresh,cp_hk,1,uniform_sorted,memberctl_cp_hk_uniform_sorted_s1,election2020,full_model,0.3302001953125,0.0972900390625,0.23291015625,0.31640625,0.0,0.31640625,0.42015209125475284,0.0,0.42015209125475284,-0.33916956186294556,-0.010933637619018555,-0.328235924243927
fresh,cp_hk,1,uniform_sorted,memberctl_cp_hk_uniform_sorted_s1,election2020,raw_center/prototype,-0.0,0.0,-0.0,-0.0,0.0,-0.0,-0.0,0.0,-0.0,-0.0,0.0,-0.0
fresh,cp_hk,1,uniform_sorted,memberctl_cp_hk_uniform_sorted_s1,election2020,raw_center/ridge,-0.0,0.0,-0.0,-0.0,0.0,-0.0,-0.0,0.0,-0.0,-0.0,0.0,-0.0
fresh,cp_hk,1,uniform_sorted,memberctl_cp_hk_uniform_sorted_s1,election2020,raw_context/prototype,-0.0,0.0,-0.0,-0.0,0.0,-0.0,-0.0,0.0,-0.0,-0.0,0.0,-0.0
fresh,cp_hk,1,uniform_sorted,memberctl_cp_hk_uniform_sorted_s1,election2020,raw_context/ridge,-0.0,0.0,-0.0,-0.0,0.0,-0.0,-0.0,0.0,-0.0,-0.0,0.0,-0.0
fresh,cp_hk,1,uniform_sorted,memberctl_cp_hk_uniform_sorted_s1,election2020,raw_joint/prototype,-0.0,0.0,-0.0,-0.0,0.0,-0.0,-0.0,0.0,-0.0,-0.0,0.0,-0.0
fresh,cp_hk,1,uniform_sorted,memberctl_cp_hk_uniform_sorted_s1,election2020,raw_joint/ridge,-0.0,0.0,-0.0,-0.0,0.0,-0.0,-0.0,0.0,-0.0,-0.0,0.0,-0.0
fresh,cp_hk,1,uniform_sorted,memberctl_cp_hk_uniform_sorted_s1,facebook_page_reference,M2_post_meta/prototype,0.07122039794921875,-0.0630950927734375,0.13431549072265625,0.044921875,-0.06640625,0.111328125,0.05066854327938075,-0.06878392477769368,0.11945246805707443,-0.003430485725402832,-0.00010341405868530273,-0.0033270716667175293
fresh,cp_hk,1,uniform_sorted,memberctl_cp_hk_uniform_sorted_s1,facebook_page_reference,M2_post_meta/ridge,0.07891464233398438,-0.0586395263671875,0.13755416870117188,0.052734375,-0.072265625,0.125,0.06286982248520712,-0.07432138106444863,0.13719120354965575,-0.02352893352508545,-0.0009936690330505371,-0.022535264492034912
fresh,cp_hk,1,uniform_sorted,memberctl_cp_hk_uniform_sorted_s1,facebook_page_reference,S0_conv_center/prototype,-0.0,0.0,-0.0,-0.0,0.0,-0.0,-0.0,0.0,-0.0,-0.0,0.0,-0.0
fresh,cp_hk,1,uniform_sorted,memberctl_cp_hk_uniform_sorted_s1,facebook_page_reference,S0_conv_center/ridge,-0.0,0.0,-0.0,-0.0,0.0,-0.0,-0.0,0.0,-0.0,-0.0,0.0,-0.0
fresh,cp_hk,1,uniform_sorted,memberctl_cp_hk_uniform_sorted_s1,facebook_page_reference,S0_pool/prototype,-0.0,0.0,-0.0,-0.0,0.0,-0.0,-0.0,0.0,-0.0,-0.0,0.0,-0.0
fresh,cp_hk,1,uniform_sorted,memberctl_cp_hk_uniform_sorted_s1,facebook_page_reference,S0_pool/ridge,-0.0,0.0,-0.0,-0.0,0.0,-0.0,-0.0,0.0,-0.0,-0.0,0.0,-0.0
fresh,cp_hk,1,uniform_sorted,memberctl_cp_hk_uniform_sorted_s1,facebook_page_reference,U1_pre_meta/prototype,-0.137451171875,-0.05682182312011719,-0.08062934875488281,-0.1171875,-0.0537109375,-0.0634765625,-0.12773119151131096,-0.05208910238846176,-0.0756420891228492,0.009496867656707764,0.00013774633407592773,0.009359121322631836
fresh,cp_hk,1,uniform_sorted,memberctl_cp_hk_uniform_sorted_s1,facebook_page_reference,U1_pre_meta/ridge,-0.11397552490234375,-0.05828857421875,-0.05568695068359375,-0.109375,-0.0615234375,-0.0478515625,-0.11490578387130113,-0.06100237225008309,-0.053903411621218034,0.02997034788131714,0.0012981891632080078,0.02867215871810913
fresh,cp_hk,1,uniform_sorted,memberctl_cp_hk_uniform_sorted_s1,facebook_page_reference,final_input/prototype,0.07122039794921875,-0.0630950927734375,0.13431549072265625,0.044921875,-0.06640625,0.111328125,0.05066854327938075,-0.06878392477769368,0.11945246805707443,-0.003430485725402832,-0.00010341405868530273,-0.0033270716667175293
fresh,cp_hk,1,uniform_sorted,memberctl_cp_hk_uniform_sorted_s1,facebook_page_reference,final_input/ridge,0.07891464233398438,-0.0586395263671875,0.13755416870117188,0.052734375,-0.072265625,0.125,0.06286982248520712,-0.07432138106444863,0.13719120354965575,-0.02352893352508545,-0.0009936690330505371,-0.022535264492034912
fresh,cp_hk,1,uniform_sorted,memberctl_cp_hk_uniform_sorted_s1,facebook_page_reference,full_model,0.024921417236328125,-0.000394821166992132,0.025316238403320257,0.0146484375,-0.005859375,0.0205078125,0.00042900042900040347,-0.014570230607966472,0.014999231036966876,0.18995189666748047,4.1604042053222656e-05,0.18991029262542725
fresh,cp_hk,1,uniform_sorted,memberctl_cp_hk_uniform_sorted_s1,facebook_page_reference,raw_center/prototype,1.1102230246251565e-16,-1.1102230246251565e-16,2.220446049250313e-16,-0.0,0.0,-0.0,-0.0,0.0,-0.0,-0.0,0.0,-0.0
fresh,cp_hk,1,uniform_sorted,memberctl_cp_hk_uniform_sorted_s1,facebook_page_reference,raw_center/ridge,-0.0,0.0,-0.0,-0.0,0.0,-0.0,-0.0,0.0,-0.0,-0.0,0.0,-0.0
fresh,cp_hk,1,uniform_sorted,memberctl_cp_hk_uniform_sorted_s1,facebook_page_reference,raw_context/prototype,-0.0,0.0,-0.0,-0.0,0.0,-0.0,-0.0,0.0,-0.0,-0.0,0.0,-0.0
fresh,cp_hk,1,uniform_sorted,memberctl_cp_hk_uniform_sorted_s1,facebook_page_reference,raw_context/ridge,-0.0,0.0,-0.0,-0.0,0.0,-0.0,-0.0,0.0,-0.0,-0.0,0.0,-0.0
fresh,cp_hk,1,uniform_sorted,memberctl_cp_hk_uniform_sorted_s1,facebook_page_reference,raw_joint/prototype,-0.0,0.0,-0.0,-0.0,0.0,-0.0,-0.0,0.0,-0.0,-0.0,0.0,-0.0
fresh,cp_hk,1,uniform_sorted,memberctl_cp_hk_uniform_sorted_s1,facebook_page_reference,raw_joint/ridge,1.1102230246251565e-16,-1.1102230246251565e-16,2.220446049250313e-16,-0.0,0.0,-0.0,-0.0,0.0,-0.0,-0.0,0.0,-0.0
fresh,cp_hk,1,uniform_sorted,memberctl_cp_hk_uniform_sorted_s1,twibot20,M2_post_meta/prototype,-0.13497755262586808,-0.015889909532335267,-0.11908764309353281,-0.049153645833333315,0.0032552083333332593,-0.052408854166666574,-0.07529353168705488,-0.000551588914942891,-0.07474194277211199,0.016586601734161377,-0.00028330087661743164,0.01686990261077881
fresh,cp_hk,1,uniform_sorted,memberctl_cp_hk_uniform_sorted_s1,twibot20,M2_post_meta/ridge,-0.14195315043131512,-0.015211741129557255,-0.12674140930175787,-0.060546875,-0.00032552083333337034,-0.06022135416666663,-0.0886613307564561,-0.0030236309876098266,-0.08563769976884628,0.13209682703018188,-0.002234041690826416,0.1343308687210083
fresh,cp_hk,1,uniform_sorted,memberctl_cp_hk_uniform_sorted_s1,twibot20,S0_conv_center/prototype,-0.0,0.0,-0.0,-0.0,0.0,-0.0,-0.0,0.0,-0.0,-0.0,0.0,-0.0
fresh,cp_hk,1,uniform_sorted,memberctl_cp_hk_uniform_sorted_s1,twibot20,S0_conv_center/ridge,-0.0,0.0,-0.0,-0.0,0.0,-0.0,-0.0,0.0,-0.0,-0.0,0.0,-0.0
fresh,cp_hk,1,uniform_sorted,memberctl_cp_hk_uniform_sorted_s1,twibot20,S0_pool/prototype,-0.0,0.0,-0.0,-0.0,0.0,-0.0,-0.0,0.0,-0.0,-0.0,0.0,-0.0
fresh,cp_hk,1,uniform_sorted,memberctl_cp_hk_uniform_sorted_s1,twibot20,S0_pool/ridge,-0.0,0.0,-0.0,-0.0,0.0,-0.0,-0.0,0.0,-0.0,-0.0,0.0,-0.0
fresh,cp_hk,1,uniform_sorted,memberctl_cp_hk_uniform_sorted_s1,twibot20,U1_pre_meta/prototype,0.013743506537543304,-0.015155156453450558,0.028898662990993862,0.0205078125,0.0006510416666667407,0.01985677083333326,0.032471613866962734,-0.0038614414205239145,0.03633305528748665,-0.0013202428817749023,0.002096712589263916,-0.0034169554710388184
fresh,cp_hk,1,uniform_sorted,memberctl_cp_hk_uniform_sorted_s1,twibot20,U1_pre_meta/ridge,0.026346206665039174,-0.015614191691080692,0.041960398356119866,0.02766927083333337,-0.00032552083333337034,0.02799479166666674,0.03971828959582924,-0.004250475947658816,0.04396876554348805,-0.006273329257965088,0.01109623908996582,-0.017369568347930908
fresh,cp_hk,1,uniform_sorted,memberctl_cp_hk_uniform_sorted_s1,twibot20,final_input/prototype,-0.13497755262586808,-0.015889909532335267,-0.11908764309353281,-0.049153645833333315,0.0032552083333332593,-0.052408854166666574,-0.07529353168705488,-0.000551588914942891,-0.07474194277211199,0.016586601734161377,-0.00028330087661743164,0.01686990261077881
fresh,cp_hk,1,uniform_sorted,memberctl_cp_hk_uniform_sorted_s1,twibot20,final_input/ridge,-0.14195315043131512,-0.015211741129557255,-0.12674140930175787,-0.060546875,-0.00032552083333337034,-0.06022135416666663,-0.0886613307564561,-0.0030236309876098266,-0.08563769976884628,0.13209682703018188,-0.002234041690826416,0.1343308687210083
fresh,cp_hk,1,uniform_sorted,memberctl_cp_hk_uniform_sorted_s1,twibot20,full_model,0.056893454657660714,-0.077239990234375,0.1341334448920357,0.05631510416666663,0.0,0.05631510416666663,0.009384222604241432,0.0,0.009384222604241432,0.3107629418373108,-0.0793425440788269,0.3901054859161377
fresh,cp_hk,1,uniform_sorted,memberctl_cp_hk_uniform_sorted_s1,twibot20,raw_center/prototype,-0.0,0.0,-0.0,-0.0,0.0,-0.0,-5.551115123125783e-17,5.551115123125783e-17,-1.1102230246251565e-16,-0.0,0.0,-0.0
fresh,cp_hk,1,uniform_sorted,memberctl_cp_hk_uniform_sorted_s1,twibot20,raw_center/ridge,-0.0,0.0,-0.0,-0.0,0.0,-0.0,-5.551115123125783e-17,5.551115123125783e-17,-1.1102230246251565e-16,-0.0,0.0,-0.0
fresh,cp_hk,1,uniform_sorted,memberctl_cp_hk_uniform_sorted_s1,twibot20,raw_context/prototype,-0.0,0.0,-0.0,-0.0,0.0,-0.0,-0.0,0.0,-0.0,-0.0,0.0,-0.0
fresh,cp_hk,1,uniform_sorted,memberctl_cp_hk_uniform_sorted_s1,twibot20,raw_context/ridge,-0.0,0.0,-0.0,-0.0,0.0,-0.0,-0.0,0.0,-0.0,-0.0,0.0,-0.0
fresh,cp_hk,1,uniform_sorted,memberctl_cp_hk_uniform_sorted_s1,twibot20,raw_joint/prototype,-0.0,0.0,-0.0,-0.0,0.0,-0.0,-0.0,0.0,-0.0,-0.0,0.0,-0.0
fresh,cp_hk,1,uniform_sorted,memberctl_cp_hk_uniform_sorted_s1,twibot20,raw_joint/ridge,-0.0,0.0,-0.0,-0.0,0.0,-0.0,-0.0,0.0,-0.0,-0.0,0.0,-0.0
fresh,cp_hk,1,uniform_sorted,memberctl_cp_hk_uniform_sorted_s1,ukr_rus_suspended,M2_post_meta/prototype,0.00128173828125,-0.00714111328125,0.0084228515625,-0.0078125,-0.05859375,0.05078125,0.6176470588235294,-0.026995117904208832,0.6446421767277383,-0.0012046098709106445,-1.2516975402832031e-05,-0.0011920928955078125
fresh,cp_hk,1,uniform_sorted,memberctl_cp_hk_uniform_sorted_s1,ukr_rus_suspended,M2_post_meta/ridge,0.0050048828125,-0.0081787109375,0.01318359375,-0.00390625,-0.046875,0.04296875,0.6217008797653959,-0.016810086051630924,0.6385109658170268,0.00406569242477417,-0.00011533498764038086,0.004181027412414551
fresh,cp_hk,1,uniform_sorted,memberctl_cp_hk_uniform_sorted_s1,ukr_rus_suspended,S0_conv_center/prototype,-0.0,0.0,-0.0,-0.0,0.0,-0.0,-0.0,0.0,-0.0,-0.0,0.0,-0.0
fresh,cp_hk,1,uniform_sorted,memberctl_cp_hk_uniform_sorted_s1,ukr_rus_suspended,S0_conv_center/ridge,-0.0,0.0,-0.0,-0.0,0.0,-0.0,-0.0,0.0,-0.0,-0.0,0.0,-0.0
fresh,cp_hk,1,uniform_sorted,memberctl_cp_hk_uniform_sorted_s1,ukr_rus_suspended,S0_pool/prototype,-0.0,0.0,-0.0,-0.0,0.0,-0.0,-0.0,0.0,-0.0,-0.0,0.0,-0.0
fresh,cp_hk,1,uniform_sorted,memberctl_cp_hk_uniform_sorted_s1,ukr_rus_suspended,S0_pool/ridge,-0.0,0.0,-0.0,-0.0,0.0,-0.0,-0.0,0.0,-0.0,-0.0,0.0,-0.0
fresh,cp_hk,1,uniform_sorted,memberctl_cp_hk_uniform_sorted_s1,ukr_rus_suspended,U1_pre_meta/prototype,-0.0218505859375,0.006988525390625,-0.028839111328125,-0.03515625,-0.01171875,-0.0234375,-0.012845849802371523,-0.009505703422053258,-0.003340146380318265,-0.0002104043960571289,1.9669532775878906e-05,-0.0002300739288330078
fresh,cp_hk,1,uniform_sorted,memberctl_cp_hk_uniform_sorted_s1,ukr_rus_suspended,U1_pre_meta/ridge,-0.01080322265625,0.0086669921875,-0.01947021484375,-0.0078125,-0.01171875,0.00390625,0.004228329809725095,-0.01313661512271247,0.017364944932437565,-0.0031589865684509277,3.68952751159668e-05,-0.0031958818435668945
fresh,cp_hk,1,uniform_sorted,memberctl_cp_hk_uniform_sorted_s1,ukr_rus_suspended,final_input/prototype,0.00128173828125,-0.00714111328125,0.0084228515625,-0.0078125,-0.05859375,0.05078125,0.6176470588235294,-0.026995117904208832,0.6446421767277383,-0.0012046098709106445,-1.2516975402832031e-05,-0.0011920928955078125
fresh,cp_hk,1,uniform_sorted,memberctl_cp_hk_uniform_sorted_s1,ukr_rus_suspended,final_input/ridge,0.0050048828125,-0.0081787109375,0.01318359375,-0.00390625,-0.046875,0.04296875,0.6217008797653959,-0.016810086051630924,0.6385109658170268,0.00406569242477417,-0.00011533498764038086,0.004181027412414551
fresh,cp_hk,1,uniform_sorted,memberctl_cp_hk_uniform_sorted_s1,ukr_rus_suspended,full_model,0.01373291015625,0.022125244140625,-0.008392333984375,-0.04296875,0.0,-0.04296875,-0.09488575671521249,0.0,-0.09488575671521249,0.26506006717681874,0.027718067169189453,0.23734200000762928
fresh,cp_hk,1,uniform_sorted,memberctl_cp_hk_uniform_sorted_s1,ukr_rus_suspended,raw_center/prototype,-0.0,0.0,-0.0,-0.0,0.0,-0.0,-0.0,0.0,-0.0,-0.0,0.0,-0.0
fresh,cp_hk,1,uniform_sorted,memberctl_cp_hk_uniform_sorted_s1,ukr_rus_suspended,raw_center/ridge,-0.0,0.0,-0.0,-0.0,0.0,-0.0,-0.0,0.0,-0.0,-0.0,0.0,-0.0
fresh,cp_hk,1,uniform_sorted,memberctl_cp_hk_uniform_sorted_s1,ukr_rus_suspended,raw_context/prototype,-0.0,0.0,-0.0,-0.0,0.0,-0.0,-0.0,0.0,-0.0,-0.0,0.0,-0.0
fresh,cp_hk,1,uniform_sorted,memberctl_cp_hk_uniform_sorted_s1,ukr_rus_suspended,raw_context/ridge,-0.0,0.0,-0.0,-0.0,0.0,-0.0,-0.0,0.0,-0.0,-0.0,0.0,-0.0
fresh,cp_hk,1,uniform_sorted,memberctl_cp_hk_uniform_sorted_s1,ukr_rus_suspended,raw_joint/prototype,-0.0,0.0,-0.0,-0.0,0.0,-0.0,-0.0,0.0,-0.0,-0.0,0.0,-0.0
fresh,cp_hk,1,uniform_sorted,memberctl_cp_hk_uniform_sorted_s1,ukr_rus_suspended,raw_joint/ridge,-0.0,0.0,-0.0,-0.0,0.0,-0.0,-0.0,0.0,-0.0,-0.0,0.0,-0.0
fresh,cp_hk,2,lowest_shuffled,memberctl_cp_hk_lowest_shuffled_s2,covid_political,M2_post_meta/prototype,0.16246767397280093,-0.04361272741247113,0.20608040138527206,0.044921875,-0.02799479166666663,0.07291666666666663,0.010466939366795325,-0.03033036926650773,0.04079730863330305,0.03171277046203613,-0.0003560781478881836,0.032068848609924316
fresh,cp_hk,2,lowest_shuffled,memberctl_cp_hk_lowest_shuffled_s2,covid_political,M2_post_meta/ridge,0.09346234356915506,-0.03752870912905093,0.130991052698206,0.0302734375,-0.02897135416666674,0.05924479166666674,0.006771423874990745,-0.03423445266092856,0.041005876535919306,0.15430939197540283,-0.0030586719512939453,0.15736806392669678
fresh,cp_hk,2,lowest_shuffled,memberctl_cp_hk_lowest_shuffled_s2,covid_political,S0_conv_center/prototype,-0.0,0.0,-0.0,-0.0,0.0,-0.0,-0.0,0.0,-0.0,-0.0,0.0,-0.0
fresh,cp_hk,2,lowest_shuffled,memberctl_cp_hk_lowest_shuffled_s2,covid_political,S0_conv_center/ridge,-0.0,0.0,-0.0,-0.0,0.0,-0.0,-0.0,0.0,-0.0,-0.0,0.0,-0.0
fresh,cp_hk,2,lowest_shuffled,memberctl_cp_hk_lowest_shuffled_s2,covid_political,S0_pool/prototype,-0.0,0.0,-0.0,-0.0,0.0,-0.0,-0.0,0.0,-0.0,-0.0,0.0,-0.0
fresh,cp_hk,2,lowest_shuffled,memberctl_cp_hk_lowest_shuffled_s2,covid_political,S0_pool/ridge,-1.1102230246251565e-16,0.0,-1.1102230246251565e-16,-0.0,0.0,-0.0,-0.0,0.0,-0.0,-0.0,0.0,-0.0
fresh,cp_hk,2,lowest_shuffled,memberctl_cp_hk_lowest_shuffled_s2,covid_political,U1_pre_meta/prototype,0.05811338071469918,-0.05480561433015052,0.1129189950448497,0.09765625,-0.03971354166666663,0.13736979166666663,0.11786515291131316,-0.05276405625648933,0.1706292091678025,-0.023496150970458984,0.00028145313262939453,-0.02377760410308838
fresh,cp_hk,2,lowest_shuffled,memberctl_cp_hk_lowest_shuffled_s2,covid_political,U1_pre_meta/ridge,0.05100928412543382,-0.05609356915509256,0.10710285328052638,0.0966796875,-0.03580729166666663,0.13248697916666663,0.12593144774001175,-0.05014318692298625,0.176074634662998,-0.06189066171646118,0.002508103847503662,-0.06439876556396484
fresh,cp_hk,2,lowest_shuffled,memberctl_cp_hk_lowest_shuffled_s2,covid_political,final_input/prototype,0.16246767397280093,-0.04361272741247113,0.20608040138527206,0.044921875,-0.02799479166666663,0.07291666666666663,0.010466939366795325,-0.03033036926650773,0.04079730863330305,0.03171277046203613,-0.0003560781478881836,0.032068848609924316
fresh,cp_hk,2,lowest_shuffled,memberctl_cp_hk_lowest_shuffled_s2,covid_political,final_input/ridge,0.09346234356915506,-0.03752870912905093,0.130991052698206,0.0302734375,-0.02897135416666674,0.05924479166666674,0.006771423874990745,-0.03423445266092856,0.041005876535919306,0.15430939197540283,-0.0030586719512939453,0.15736806392669678
fresh,cp_hk,2,lowest_shuffled,memberctl_cp_hk_lowest_shuffled_s2,covid_political,full_model,0.12818597864221648,0.030240941930700205,0.09794503671151628,0.11490885416666663,-0.4830729166666667,0.5979817708333333,0.16434935892871028,0.4013822434875066,-0.23703288455879634,-0.1600377857685089,0.047907888889312744,-0.20794567465782166
fresh,cp_hk,2,lowest_shuffled,memberctl_cp_hk_lowest_shuffled_s2,covid_political,raw_center/prototype,-0.0,0.0,-0.0,-0.0,0.0,-0.0,-0.0,0.0,-0.0,-0.0,0.0,-0.0
fresh,cp_hk,2,lowest_shuffled,memberctl_cp_hk_lowest_shuffled_s2,covid_political,raw_center/ridge,-0.0,0.0,-0.0,-0.0,0.0,-0.0,-0.0,0.0,-0.0,-0.0,0.0,-0.0
fresh,cp_hk,2,lowest_shuffled,memberctl_cp_hk_lowest_shuffled_s2,covid_political,raw_context/prototype,-1.1102230246251565e-16,1.1102230246251565e-16,-2.220446049250313e-16,-0.0,0.0,-0.0,-0.0,0.0,-0.0,-0.0,0.0,-0.0
fresh,cp_hk,2,lowest_shuffled,memberctl_cp_hk_lowest_shuffled_s2,covid_political,raw_context/ridge,-0.0,0.0,-0.0,-0.0,0.0,-0.0,-0.0,0.0,-0.0,-0.0,0.0,-0.0
fresh,cp_hk,2,lowest_shuffled,memberctl_cp_hk_lowest_shuffled_s2,covid_political,raw_joint/prototype,-0.0,0.0,-0.0,-0.0,0.0,-0.0,-0.0,0.0,-0.0,-0.0,0.0,-0.0
fresh,cp_hk,2,lowest_shuffled,memberctl_cp_hk_lowest_shuffled_s2,covid_political,raw_joint/ridge,-0.0,0.0,-0.0,-0.0,0.0,-0.0,-0.0,0.0,-0.0,-0.0,0.0,-0.0
fresh,cp_hk,2,lowest_shuffled,memberctl_cp_hk_lowest_shuffled_s2,election2020,M2_post_meta/prototype,-0.1336669921875,-0.065399169921875,-0.068267822265625,-0.0,-0.08203125,0.08203125,-0.0,-0.0704691612623124,0.0704691612623124,0.0145111083984375,-0.00015079975128173828,0.014661908149719238
fresh,cp_hk,2,lowest_shuffled,memberctl_cp_hk_lowest_shuffled_s2,election2020,M2_post_meta/ridge,-0.13067626953125,-0.059326171875,-0.07135009765625,-0.0,-0.0859375,0.0859375,-0.0,-0.07293822856520316,0.07293822856520316,0.09057146310806274,-0.0011868476867675781,0.09175831079483032
fresh,cp_hk,2,lowest_shuffled,memberctl_cp_hk_lowest_shuffled_s2,election2020,S0_conv_center/prototype,-0.0,0.0,-0.0,-0.0,0.0,-0.0,-0.0,0.0,-0.0,-0.0,0.0,-0.0
fresh,cp_hk,2,lowest_shuffled,memberctl_cp_hk_lowest_shuffled_s2,election2020,S0_conv_center/ridge,-0.0,0.0,-0.0,-0.0,0.0,-0.0,-0.0,0.0,-0.0,-0.0,0.0,-0.0
fresh,cp_hk,2,lowest_shuffled,memberctl_cp_hk_lowest_shuffled_s2,election2020,S0_pool/prototype,-0.0,0.0,-0.0,-0.0,0.0,-0.0,-0.0,0.0,-0.0,-0.0,0.0,-0.0
fresh,cp_hk,2,lowest_shuffled,memberctl_cp_hk_lowest_shuffled_s2,election2020,S0_pool/ridge,-0.0,0.0,-0.0,-0.0,0.0,-0.0,1.1102230246251565e-16,0.0,1.1102230246251565e-16,-0.0,0.0,-0.0
fresh,cp_hk,2,lowest_shuffled,memberctl_cp_hk_lowest_shuffled_s2,election2020,U1_pre_meta/prototype,0.115234375,-0.056640625,0.171875,0.16015625,-0.0703125,0.23046875,0.15120634091107032,-0.057809983896940365,0.2090163248080107,-0.016731202602386475,0.0006029605865478516,-0.017334163188934326
fresh,cp_hk,2,lowest_shuffled,memberctl_cp_hk_lowest_shuffled_s2,election2020,U1_pre_meta/ridge,0.0909423828125,-0.07342529296875,0.16436767578125,0.1484375,-0.06640625,0.21484375,0.14147243803181642,-0.05820855614973253,0.19968099418154894,-0.07288932800292969,0.005190491676330566,-0.07807981967926025
fresh,cp_hk,2,lowest_shuffled,memberctl_cp_hk_lowest_shuffled_s2,election2020,final_input/prototype,-0.1336669921875,-0.065399169921875,-0.068267822265625,-0.0,-0.08203125,0.08203125,-0.0,-0.0704691612623124,0.0704691612623124,0.0145111083984375,-0.00015079975128173828,0.014661908149719238
fresh,cp_hk,2,lowest_shuffled,memberctl_cp_hk_lowest_shuffled_s2,election2020,final_input/ridge,-0.13067626953125,-0.059326171875,-0.07135009765625,-0.0,-0.0859375,0.0859375,-0.0,-0.07293822856520316,0.07293822856520316,0.09057146310806274,-0.0011868476867675781,0.09175831079483032
fresh,cp_hk,2,lowest_shuffled,memberctl_cp_hk_lowest_shuffled_s2,election2020,full_model,0.2647705078125,0.0380859375,0.2266845703125,0.28125,0.046875,0.234375,0.26737166776823085,0.6795580110497238,-0.41218634328149295,-0.41427379846572876,-0.0043444037437438965,-0.40992939472198486
fresh,cp_hk,2,lowest_shuffled,memberctl_cp_hk_lowest_shuffled_s2,election2020,raw_center/prototype,-0.0,0.0,-0.0,-0.0,0.0,-0.0,-0.0,0.0,-0.0,-0.0,0.0,-0.0
fresh,cp_hk,2,lowest_shuffled,memberctl_cp_hk_lowest_shuffled_s2,election2020,raw_center/ridge,-0.0,0.0,-0.0,-0.0,0.0,-0.0,-0.0,0.0,-0.0,-0.0,0.0,-0.0
fresh,cp_hk,2,lowest_shuffled,memberctl_cp_hk_lowest_shuffled_s2,election2020,raw_context/prototype,-0.0,0.0,-0.0,-0.0,0.0,-0.0,-0.0,0.0,-0.0,-0.0,0.0,-0.0
fresh,cp_hk,2,lowest_shuffled,memberctl_cp_hk_lowest_shuffled_s2,election2020,raw_context/ridge,-0.0,0.0,-0.0,-0.0,0.0,-0.0,-0.0,0.0,-0.0,-0.0,0.0,-0.0
fresh,cp_hk,2,lowest_shuffled,memberctl_cp_hk_lowest_shuffled_s2,election2020,raw_joint/prototype,-0.0,0.0,-0.0,-0.0,0.0,-0.0,-0.0,0.0,-0.0,-0.0,0.0,-0.0
fresh,cp_hk,2,lowest_shuffled,memberctl_cp_hk_lowest_shuffled_s2,election2020,raw_joint/ridge,-0.0,0.0,-0.0,-0.0,0.0,-0.0,-0.0,0.0,-0.0,-0.0,0.0,-0.0
fresh,cp_hk,2,lowest_shuffled,memberctl_cp_hk_lowest_shuffled_s2,facebook_page_reference,M2_post_meta/prototype,0.04476356506347656,-0.07916450500488281,0.12392807006835938,0.03515625,-0.0576171875,0.0927734375,0.008012281230877272,-0.055631288542680846,0.06364356977355812,-0.008487462997436523,-0.0001800060272216797,-0.008307456970214844
fresh,cp_hk,2,lowest_shuffled,memberctl_cp_hk_lowest_shuffled_s2,facebook_page_reference,M2_post_meta/ridge,0.04781341552734375,-0.07259750366210938,0.12041091918945312,0.0390625,-0.0615234375,0.1005859375,0.006964745666292682,-0.05487161114012051,0.061836356806413195,-0.028983592987060547,-0.0016995072364807129,-0.027284085750579834
fresh,cp_hk,2,lowest_shuffled,memberctl_cp_hk_lowest_shuffled_s2,facebook_page_reference,S0_conv_center/prototype,-0.0,0.0,-0.0,-0.0,0.0,-0.0,-0.0,0.0,-0.0,-0.0,0.0,-0.0
fresh,cp_hk,2,lowest_shuffled,memberctl_cp_hk_lowest_shuffled_s2,facebook_page_reference,S0_conv_center/ridge,-0.0,0.0,-0.0,-0.0,0.0,-0.0,-0.0,0.0,-0.0,-0.0,0.0,-0.0
fresh,cp_hk,2,lowest_shuffled,memberctl_cp_hk_lowest_shuffled_s2,facebook_page_reference,S0_pool/prototype,-0.0,0.0,-0.0,-0.0,0.0,-0.0,-0.0,0.0,-0.0,-0.0,0.0,-0.0
fresh,cp_hk,2,lowest_shuffled,memberctl_cp_hk_lowest_shuffled_s2,facebook_page_reference,S0_pool/ridge,-0.0,0.0,-0.0,-0.0,0.0,-0.0,-0.0,0.0,-0.0,-0.0,0.0,-0.0
fresh,cp_hk,2,lowest_shuffled,memberctl_cp_hk_lowest_shuffled_s2,facebook_page_reference,U1_pre_meta/prototype,-0.10250473022460938,-0.08950424194335938,-0.01300048828125,-0.09765625,-0.078125,-0.01953125,-0.10305461627784829,-0.07336547624127099,-0.0296891400365773,0.003908634185791016,0.00015628337860107422,0.0037523508071899414
fresh,cp_hk,2,lowest_shuffled,memberctl_cp_hk_lowest_shuffled_s2,facebook_page_reference,U1_pre_meta/ridge,-0.10224533081054688,-0.08883857727050781,-0.013406753540039062,-0.091796875,-0.0751953125,-0.0166015625,-0.09420951221985596,-0.07013821922211505,-0.024071292997740912,0.01892644166946411,0.001496732234954834,0.017429709434509277
fresh,cp_hk,2,lowest_shuffled,memberctl_cp_hk_lowest_shuffled_s2,facebook_page_reference,final_input/prototype,0.04476356506347656,-0.07916450500488281,0.12392807006835938,0.03515625,-0.0576171875,0.0927734375,0.008012281230877272,-0.055631288542680846,0.06364356977355812,-0.008487462997436523,-0.0001800060272216797,-0.008307456970214844
fresh,cp_hk,2,lowest_shuffled,memberctl_cp_hk_lowest_shuffled_s2,facebook_page_reference,final_input/ridge,0.04781341552734375,-0.07259750366210938,0.12041091918945312,0.0390625,-0.0615234375,0.1005859375,0.006964745666292682,-0.05487161114012051,0.061836356806413195,-0.028983592987060547,-0.0016995072364807129,-0.027284085750579834
fresh,cp_hk,2,lowest_shuffled,memberctl_cp_hk_lowest_shuffled_s2,facebook_page_reference,full_model,-0.01149749755859375,0.010711669921875056,-0.022209167480468806,0.0009765625,0.0078125,-0.0068359375,0.01329423264907137,-0.00671217117877132,0.02000640382784269,0.20397377014160156,-0.00012481212615966797,0.20409858226776123
fresh,cp_hk,2,lowest_shuffled,memberctl_cp_hk_lowest_shuffled_s2,facebook_page_reference,raw_center/prototype,1.1102230246251565e-16,-1.1102230246251565e-16,2.220446049250313e-16,-0.0,0.0,-0.0,-0.0,0.0,-0.0,-0.0,0.0,-0.0
fresh,cp_hk,2,lowest_shuffled,memberctl_cp_hk_lowest_shuffled_s2,facebook_page_reference,raw_center/ridge,-0.0,0.0,-0.0,-0.0,0.0,-0.0,-0.0,0.0,-0.0,-0.0,0.0,-0.0
fresh,cp_hk,2,lowest_shuffled,memberctl_cp_hk_lowest_shuffled_s2,facebook_page_reference,raw_context/prototype,-0.0,0.0,-0.0,-0.0,0.0,-0.0,-0.0,0.0,-0.0,-0.0,0.0,-0.0
fresh,cp_hk,2,lowest_shuffled,memberctl_cp_hk_lowest_shuffled_s2,facebook_page_reference,raw_context/ridge,-0.0,0.0,-0.0,-0.0,0.0,-0.0,-0.0,0.0,-0.0,-0.0,0.0,-0.0
fresh,cp_hk,2,lowest_shuffled,memberctl_cp_hk_lowest_shuffled_s2,facebook_page_reference,raw_joint/prototype,-0.0,0.0,-0.0,-0.0,0.0,-0.0,-0.0,0.0,-0.0,-0.0,0.0,-0.0
fresh,cp_hk,2,lowest_shuffled,memberctl_cp_hk_lowest_shuffled_s2,facebook_page_reference,raw_joint/ridge,1.1102230246251565e-16,-1.1102230246251565e-16,2.220446049250313e-16,-0.0,0.0,-0.0,-0.0,0.0,-0.0,-0.0,0.0,-0.0
fresh,cp_hk,2,lowest_shuffled,memberctl_cp_hk_lowest_shuffled_s2,twibot20,M2_post_meta/prototype,-0.020536846584743862,0.002223968505859486,-0.022760815090603348,-0.02701822916666663,0.0006510416666667407,-0.02766927083333337,0.0937104927436141,0.00130446529702255,0.09240602744659154,-0.007580757141113281,-0.001924276351928711,-0.00565648078918457
fresh,cp_hk,2,lowest_shuffled,memberctl_cp_hk_lowest_shuffled_s2,twibot20,M2_post_meta/ridge,-0.030031204223632924,0.0032251146104600448,-0.03325631883409297,-0.0361328125,0.0032552083333333703,-0.03938802083333337,0.07827159763861913,0.0034769076002569843,0.07479469003836214,-0.0003145933151245117,-0.012816011905670166,0.012501418590545654
fresh,cp_hk,2,lowest_shuffled,memberctl_cp_hk_lowest_shuffled_s2,twibot20,S0_conv_center/prototype,-0.0,0.0,-0.0,-0.0,0.0,-0.0,-0.0,0.0,-0.0,-0.0,0.0,-0.0
fresh,cp_hk,2,lowest_shuffled,memberctl_cp_hk_lowest_shuffled_s2,twibot20,S0_conv_center/ridge,-0.0,0.0,-0.0,-0.0,0.0,-0.0,-0.0,0.0,-0.0,-0.0,0.0,-0.0
fresh,cp_hk,2,lowest_shuffled,memberctl_cp_hk_lowest_shuffled_s2,twibot20,S0_pool/prototype,-0.0,0.0,-0.0,-0.0,0.0,-0.0,-0.0,0.0,-0.0,-0.0,0.0,-0.0
fresh,cp_hk,2,lowest_shuffled,memberctl_cp_hk_lowest_shuffled_s2,twibot20,S0_pool/ridge,-0.0,0.0,-0.0,-0.0,0.0,-0.0,-0.0,0.0,-0.0,-0.0,0.0,-0.0
fresh,cp_hk,2,lowest_shuffled,memberctl_cp_hk_lowest_shuffled_s2,twibot20,U1_pre_meta/prototype,0.005979961819118973,0.001207775539822098,0.004772186279296875,0.01139322916666674,-0.0009765625,0.01236979166666674,0.018553784037260157,-0.0002868362541387226,0.01884062029139888,-0.00417935848236084,-0.0008148550987243652,-0.0033645033836364746
fresh,cp_hk,2,lowest_shuffled,memberctl_cp_hk_lowest_shuffled_s2,twibot20,U1_pre_meta/ridge,0.013707054985893974,0.0009309980604383927,0.012776056925455581,0.01399739583333337,0.0003255208333332593,0.013671875000000111,0.026338740591484222,0.0005026364945687201,0.025836104096915502,-0.007852613925933838,-0.0026160478591918945,-0.005236566066741943
fresh,cp_hk,2,lowest_shuffled,memberctl_cp_hk_lowest_shuffled_s2,twibot20,final_input/prototype,-0.020536846584743862,0.002223968505859486,-0.022760815090603348,-0.02701822916666663,0.0006510416666667407,-0.02766927083333337,0.0937104927436141,0.00130446529702255,0.09240602744659154,-0.007580757141113281,-0.001924276351928711,-0.00565648078918457
fresh,cp_hk,2,lowest_shuffled,memberctl_cp_hk_lowest_shuffled_s2,twibot20,final_input/ridge,-0.030031204223632924,0.0032251146104600448,-0.03325631883409297,-0.0361328125,0.0032552083333333703,-0.03938802083333337,0.07827159763861913,0.0034769076002569843,0.07479469003836214,-0.0003145933151245117,-0.012816011905670166,0.012501418590545654
fresh,cp_hk,2,lowest_shuffled,memberctl_cp_hk_lowest_shuffled_s2,twibot20,full_model,-0.0518516964382596,-0.22324180603027338,0.17139010959201378,-0.02311197916666663,0.0,-0.02311197916666663,-0.07133321451162522,0.0,-0.07133321451162522,0.3308231234550476,0.07502812147140503,0.2557950019836426
fresh,cp_hk,2,lowest_shuffled,memberctl_cp_hk_lowest_shuffled_s2,twibot20,raw_center/prototype,-0.0,0.0,-0.0,-0.0,0.0,-0.0,-5.551115123125783e-17,5.551115123125783e-17,-1.1102230246251565e-16,-0.0,0.0,-0.0
fresh,cp_hk,2,lowest_shuffled,memberctl_cp_hk_lowest_shuffled_s2,twibot20,raw_center/ridge,-0.0,0.0,-0.0,-0.0,0.0,-0.0,-5.551115123125783e-17,5.551115123125783e-17,-1.1102230246251565e-16,-0.0,0.0,-0.0
fresh,cp_hk,2,lowest_shuffled,memberctl_cp_hk_lowest_shuffled_s2,twibot20,raw_context/prototype,-0.0,0.0,-0.0,-0.0,0.0,-0.0,-0.0,0.0,-0.0,-0.0,0.0,-0.0
fresh,cp_hk,2,lowest_shuffled,memberctl_cp_hk_lowest_shuffled_s2,twibot20,raw_context/ridge,-0.0,0.0,-0.0,-0.0,0.0,-0.0,-0.0,0.0,-0.0,-0.0,0.0,-0.0
fresh,cp_hk,2,lowest_shuffled,memberctl_cp_hk_lowest_shuffled_s2,twibot20,raw_joint/prototype,-0.0,0.0,-0.0,-0.0,0.0,-0.0,-0.0,0.0,-0.0,-0.0,0.0,-0.0
fresh,cp_hk,2,lowest_shuffled,memberctl_cp_hk_lowest_shuffled_s2,twibot20,raw_joint/ridge,-0.0,0.0,-0.0,-0.0,0.0,-0.0,-0.0,0.0,-0.0,-0.0,0.0,-0.0
fresh,cp_hk,2,lowest_shuffled,memberctl_cp_hk_lowest_shuffled_s2,ukr_rus_suspended,M2_post_meta/prototype,0.04888916015625,-0.013580322265625,0.062469482421875,0.0078125,-0.00390625,0.01171875,0.2025316455696202,-0.017360899969595556,0.21989254553921575,-0.0014756321907043457,-4.023313522338867e-05,-0.001435399055480957
fresh,cp_hk,2,lowest_shuffled,memberctl_cp_hk_lowest_shuffled_s2,ukr_rus_suspended,M2_post_meta/ridge,0.05633544921875,-0.012969970703125,0.069305419921875,0.01171875,-0.0390625,0.05078125,0.2236024844720497,-0.03861003861003853,0.2622125230820882,0.01337975263595581,-0.0002581477165222168,0.013637900352478027
fresh,cp_hk,2,lowest_shuffled,memberctl_cp_hk_lowest_shuffled_s2,ukr_rus_suspended,S0_conv_center/prototype,-0.0,0.0,-0.0,-0.0,0.0,-0.0,-5.551115123125783e-17,5.551115123125783e-17,-1.1102230246251565e-16,-0.0,0.0,-0.0
fresh,cp_hk,2,lowest_shuffled,memberctl_cp_hk_lowest_shuffled_s2,ukr_rus_suspended,S0_conv_center/ridge,-0.0,0.0,-0.0,-0.0,0.0,-0.0,-0.0,0.0,-0.0,-0.0,0.0,-0.0
fresh,cp_hk,2,lowest_shuffled,memberctl_cp_hk_lowest_shuffled_s2,ukr_rus_suspended,S0_pool/prototype,-0.0,0.0,-0.0,-0.0,0.0,-0.0,-0.0,0.0,-0.0,-0.0,0.0,-0.0
fresh,cp_hk,2,lowest_shuffled,memberctl_cp_hk_lowest_shuffled_s2,ukr_rus_suspended,S0_pool/ridge,-0.0,0.0,-0.0,-0.0,0.0,-0.0,-0.0,0.0,-0.0,-0.0,0.0,-0.0
fresh,cp_hk,2,lowest_shuffled,memberctl_cp_hk_lowest_shuffled_s2,ukr_rus_suspended,U1_pre_meta/prototype,-0.004669189453125,-0.01702880859375,0.012359619140625,-0.01953125,-0.01953125,0.0,-0.02475771176991909,-0.03295834600182429,0.008200634231905202,-0.0010594725608825684,2.09808349609375e-05,-0.0010804533958435059
fresh,cp_hk,2,lowest_shuffled,memberctl_cp_hk_lowest_shuffled_s2,ukr_rus_suspended,U1_pre_meta/ridge,-0.00421142578125,-0.01177978515625,0.007568359375,0.0078125,-0.02734375,0.03515625,0.018544955969864496,-0.036445183711052376,0.05499013968091687,-0.0036998987197875977,0.0003141164779663086,-0.004014015197753906
fresh,cp_hk,2,lowest_shuffled,memberctl_cp_hk_lowest_shuffled_s2,ukr_rus_suspended,final_input/prototype,0.04888916015625,-0.013580322265625,0.062469482421875,0.0078125,-0.00390625,0.01171875,0.2025316455696202,-0.017360899969595556,0.21989254553921575,-0.0014756321907043457,-4.023313522338867e-05,-0.001435399055480957
fresh,cp_hk,2,lowest_shuffled,memberctl_cp_hk_lowest_shuffled_s2,ukr_rus_suspended,final_input/ridge,0.05633544921875,-0.012969970703125,0.069305419921875,0.01171875,-0.0390625,0.05078125,0.2236024844720497,-0.03861003861003853,0.2622125230820882,0.01337975263595581,-0.0002581477165222168,0.013637900352478027
fresh,cp_hk,2,lowest_shuffled,memberctl_cp_hk_lowest_shuffled_s2,ukr_rus_suspended,full_model,0.00543212890625,-0.013031005859375,0.018463134765625,-0.03515625,0.0078125,-0.04296875,0.06092368162463152,0.1360544217687075,-0.07513074014407597,0.11646044254302979,-0.0006886720657348633,0.11714911460876465
fresh,cp_hk,2,lowest_shuffled,memberctl_cp_hk_lowest_shuffled_s2,ukr_rus_suspended,raw_center/prototype,-0.0,0.0,-0.0,-0.0,0.0,-0.0,-0.0,0.0,-0.0,-0.0,0.0,-0.0
fresh,cp_hk,2,lowest_shuffled,memberctl_cp_hk_lowest_shuffled_s2,ukr_rus_suspended,raw_center/ridge,-0.0,0.0,-0.0,-0.0,0.0,-0.0,-0.0,0.0,-0.0,-0.0,0.0,-0.0
fresh,cp_hk,2,lowest_shuffled,memberctl_cp_hk_lowest_shuffled_s2,ukr_rus_suspended,raw_context/prototype,-0.0,0.0,-0.0,-0.0,0.0,-0.0,-0.0,0.0,-0.0,-0.0,0.0,-0.0
fresh,cp_hk,2,lowest_shuffled,memberctl_cp_hk_lowest_shuffled_s2,ukr_rus_suspended,raw_context/ridge,-0.0,0.0,-0.0,-0.0,0.0,-0.0,-0.0,0.0,-0.0,-0.0,0.0,-0.0
fresh,cp_hk,2,lowest_shuffled,memberctl_cp_hk_lowest_shuffled_s2,ukr_rus_suspended,raw_joint/prototype,-0.0,0.0,-0.0,-0.0,0.0,-0.0,-0.0,0.0,-0.0,-0.0,0.0,-0.0
fresh,cp_hk,2,lowest_shuffled,memberctl_cp_hk_lowest_shuffled_s2,ukr_rus_suspended,raw_joint/ridge,-0.0,0.0,-0.0,-0.0,0.0,-0.0,-0.0,0.0,-0.0,-0.0,0.0,-0.0
fresh,cp_hk,2,lowest_sorted,memberctl_cp_hk_lowest_sorted_s2,covid_political,M2_post_meta/prototype,0.449345624005353,0.0044747811776619795,0.444870842827691,0.38671875000000006,0.0,0.38671875000000006,0.15580484347223617,0.013641536326636172,0.1421633071456,-0.04812741279602051,-0.0007284879684448242,-0.047398924827575684
fresh,cp_hk,2,lowest_sorted,memberctl_cp_hk_lowest_sorted_s2,covid_political,M2_post_meta/ridge,0.4649028071650753,0.01084871645326968,0.45405409071180564,0.41992187500000006,-0.0029296875,0.42285156250000006,0.1812192468738128,0.006261036429147437,0.17495821044466536,-0.19554799795150757,-0.006121516227722168,-0.1894264817237854
fresh,cp_hk,2,lowest_sorted,memberctl_cp_hk_lowest_sorted_s2,covid_political,S0_conv_center/prototype,-0.0,0.0,-0.0,-0.0,0.0,-0.0,-0.0,0.0,-0.0,-0.0,0.0,-0.0
fresh,cp_hk,2,lowest_sorted,memberctl_cp_hk_lowest_sorted_s2,covid_political,S0_conv_center/ridge,-0.0,0.0,-0.0,-0.0,0.0,-0.0,-0.0,0.0,-0.0,-0.0,0.0,-0.0
fresh,cp_hk,2,lowest_sorted,memberctl_cp_hk_lowest_sorted_s2,covid_political,S0_pool/prototype,-0.0,0.0,-0.0,-0.0,0.0,-0.0,-0.0,0.0,-0.0,-0.0,0.0,-0.0
fresh,cp_hk,2,lowest_sorted,memberctl_cp_hk_lowest_sorted_s2,covid_political,S0_pool/ridge,1.1102230246251565e-16,0.0,1.1102230246251565e-16,-0.0,0.0,-0.0,-0.0,0.0,-0.0,-0.0,0.0,-0.0
fresh,cp_hk,2,lowest_sorted,memberctl_cp_hk_lowest_sorted_s2,covid_political,U1_pre_meta/prototype,0.01731505217375584,-0.00018762659143534144,0.017502678765191182,0.03873697916666674,0.0009765625,0.03776041666666674,0.0508594352811208,0.01145018650880869,0.03940924877231211,-0.013785839080810547,-0.00040161609649658203,-0.013384222984313965
fresh,cp_hk,2,lowest_sorted,memberctl_cp_hk_lowest_sorted_s2,covid_political,U1_pre_meta/ridge,0.025342305501301787,-0.002983093261718639,0.028325398763020426,0.05403645833333326,-0.0022786458333332593,0.05631510416666652,0.07199682622402814,0.005442005467462874,0.06655482075656527,-0.04046100378036499,-0.0025356411933898926,-0.0379253625869751
fresh,cp_hk,2,lowest_sorted,memberctl_cp_hk_lowest_sorted_s2,covid_political,final_input/prototype,0.449345624005353,0.0044747811776619795,0.444870842827691,0.38671875000000006,0.0,0.38671875000000006,0.15580484347223617,0.013641536326636172,0.1421633071456,-0.04812741279602051,-0.0007284879684448242,-0.047398924827575684
fresh,cp_hk,2,lowest_sorted,memberctl_cp_hk_lowest_sorted_s2,covid_political,final_input/ridge,0.4649028071650753,0.01084871645326968,0.45405409071180564,0.41992187500000006,-0.0029296875,0.42285156250000006,0.1812192468738128,0.006261036429147437,0.17495821044466536,-0.19554799795150757,-0.006121516227722168,-0.1894264817237854
fresh,cp_hk,2,lowest_sorted,memberctl_cp_hk_lowest_sorted_s2,covid_political,full_model,0.1503711276584203,0.13559327302155666,0.014777854636863652,0.1630859375,-0.4114583333333333,0.5745442708333333,0.1698125114322297,0.40827023878858476,-0.23845772735635506,-0.06392592191696167,0.04561638832092285,-0.10954231023788452
fresh,cp_hk,2,lowest_sorted,memberctl_cp_hk_lowest_sorted_s2,covid_political,raw_center/prototype,-0.0,0.0,-0.0,-0.0,0.0,-0.0,-0.0,0.0,-0.0,-0.0,0.0,-0.0
fresh,cp_hk,2,lowest_sorted,memberctl_cp_hk_lowest_sorted_s2,covid_political,raw_center/ridge,-0.0,0.0,-0.0,-0.0,0.0,-0.0,-0.0,0.0,-0.0,-0.0,0.0,-0.0
fresh,cp_hk,2,lowest_sorted,memberctl_cp_hk_lowest_sorted_s2,covid_political,raw_context/prototype,-1.1102230246251565e-16,1.1102230246251565e-16,-2.220446049250313e-16,-0.0,0.0,-0.0,-0.0,0.0,-0.0,-0.0,0.0,-0.0
fresh,cp_hk,2,lowest_sorted,memberctl_cp_hk_lowest_sorted_s2,covid_political,raw_context/ridge,-0.0,0.0,-0.0,-0.0,0.0,-0.0,-0.0,0.0,-0.0,-0.0,0.0,-0.0
fresh,cp_hk,2,lowest_sorted,memberctl_cp_hk_lowest_sorted_s2,covid_political,raw_joint/prototype,-0.0,0.0,-0.0,-0.0,0.0,-0.0,-0.0,0.0,-0.0,-0.0,0.0,-0.0
fresh,cp_hk,2,lowest_sorted,memberctl_cp_hk_lowest_sorted_s2,covid_political,raw_joint/ridge,-0.0,0.0,-0.0,-0.0,0.0,-0.0,-0.0,0.0,-0.0,-0.0,0.0,-0.0
fresh,cp_hk,2,lowest_sorted,memberctl_cp_hk_lowest_sorted_s2,election2020,M2_post_meta/prototype,0.4112548828125,-0.046051025390625,0.457305908203125,0.1171875,-0.046875,0.1640625,0.05680515388427432,-0.036255491720175725,0.09306064560445004,-0.027805805206298828,-0.00017887353897094727,-0.02762693166732788
fresh,cp_hk,2,lowest_sorted,memberctl_cp_hk_lowest_sorted_s2,election2020,M2_post_meta/ridge,0.4249267578125,-0.037109375,0.4620361328125,0.12109375,-0.046875,0.16796875,0.05886541656776645,-0.0364418782002397,0.09530729476800615,-0.11531448364257812,-0.001543879508972168,-0.11377060413360596
fresh,cp_hk,2,lowest_sorted,memberctl_cp_hk_lowest_sorted_s2,election2020,S0_conv_center/prototype,-0.0,0.0,-0.0,-0.0,0.0,-0.0,-0.0,0.0,-0.0,-0.0,0.0,-0.0
fresh,cp_hk,2,lowest_sorted,memberctl_cp_hk_lowest_sorted_s2,election2020,S0_conv_center/ridge,-0.0,0.0,-0.0,-0.0,0.0,-0.0,-0.0,0.0,-0.0,-0.0,0.0,-0.0
fresh,cp_hk,2,lowest_sorted,memberctl_cp_hk_lowest_sorted_s2,election2020,S0_pool/prototype,-0.0,0.0,-0.0,-0.0,0.0,-0.0,1.1102230246251565e-16,0.0,1.1102230246251565e-16,-0.0,0.0,-0.0
fresh,cp_hk,2,lowest_sorted,memberctl_cp_hk_lowest_sorted_s2,election2020,S0_pool/ridge,-0.0,0.0,-0.0,-0.0,0.0,-0.0,1.1102230246251565e-16,0.0,1.1102230246251565e-16,-0.0,0.0,-0.0
fresh,cp_hk,2,lowest_sorted,memberctl_cp_hk_lowest_sorted_s2,election2020,U1_pre_meta/prototype,0.0849609375,-0.0252685546875,0.1102294921875,0.125,-0.02734375,0.15234375,0.12198667474258018,-0.021896621896621893,0.14388329663920207,-0.013788342475891113,0.000599980354309082,-0.014388322830200195
fresh,cp_hk,2,lowest_sorted,memberctl_cp_hk_lowest_sorted_s2,election2020,U1_pre_meta/ridge,0.072998046875,-0.0419921875,0.114990234375,0.12109375,-0.01953125,0.140625,0.11716808860948957,-0.012077935867487732,0.1292460244769773,-0.06368672847747803,0.004828691482543945,-0.06851541996002197
fresh,cp_hk,2,lowest_sorted,memberctl_cp_hk_lowest_sorted_s2,election2020,final_input/prototype,0.4112548828125,-0.046051025390625,0.457305908203125,0.1171875,-0.046875,0.1640625,0.05680515388427432,-0.036255491720175725,0.09306064560445004,-0.027805805206298828,-0.00017887353897094727,-0.02762693166732788
fresh,cp_hk,2,lowest_sorted,memberctl_cp_hk_lowest_sorted_s2,election2020,final_input/ridge,0.4249267578125,-0.037109375,0.4620361328125,0.12109375,-0.046875,0.16796875,0.05886541656776645,-0.0364418782002397,0.09530729476800615,-0.11531448364257812,-0.001543879508972168,-0.11377060413360596
fresh,cp_hk,2,lowest_sorted,memberctl_cp_hk_lowest_sorted_s2,election2020,full_model,0.26153564453125,0.02508544921875,0.2364501953125,0.2578125,0.0,0.2578125,0.25814087674394515,0.6666666666666666,-0.4085257899227215,-0.4732019305229187,0.00834965705871582,-0.4815515875816345
fresh,cp_hk,2,lowest_sorted,memberctl_cp_hk_lowest_sorted_s2,election2020,raw_center/prototype,-0.0,0.0,-0.0,-0.0,0.0,-0.0,-0.0,0.0,-0.0,-0.0,0.0,-0.0
fresh,cp_hk,2,lowest_sorted,memberctl_cp_hk_lowest_sorted_s2,election2020,raw_center/ridge,-0.0,0.0,-0.0,-0.0,0.0,-0.0,-0.0,0.0,-0.0,-0.0,0.0,-0.0
fresh,cp_hk,2,lowest_sorted,memberctl_cp_hk_lowest_sorted_s2,election2020,raw_context/prototype,-0.0,0.0,-0.0,-0.0,0.0,-0.0,-0.0,0.0,-0.0,-0.0,0.0,-0.0
fresh,cp_hk,2,lowest_sorted,memberctl_cp_hk_lowest_sorted_s2,election2020,raw_context/ridge,-0.0,0.0,-0.0,-0.0,0.0,-0.0,-0.0,0.0,-0.0,-0.0,0.0,-0.0
fresh,cp_hk,2,lowest_sorted,memberctl_cp_hk_lowest_sorted_s2,election2020,raw_joint/prototype,-0.0,0.0,-0.0,-0.0,0.0,-0.0,-0.0,0.0,-0.0,-0.0,0.0,-0.0
fresh,cp_hk,2,lowest_sorted,memberctl_cp_hk_lowest_sorted_s2,election2020,raw_joint/ridge,-0.0,0.0,-0.0,-0.0,0.0,-0.0,-0.0,0.0,-0.0,-0.0,0.0,-0.0
fresh,cp_hk,2,lowest_sorted,memberctl_cp_hk_lowest_sorted_s2,facebook_page_reference,M2_post_meta/prototype,0.15793228149414062,-0.0634002685546875,0.22133255004882812,0.099609375,-0.056640625,0.15625,0.05765386108993631,-0.05749836280288145,0.11515222389281776,-0.008131682872772217,-0.0002471804618835449,-0.007884502410888672
fresh,cp_hk,2,lowest_sorted,memberctl_cp_hk_lowest_sorted_s2,facebook_page_reference,M2_post_meta/ridge,0.16281890869140625,-0.055461883544921875,0.21828079223632812,0.10546875,-0.05859375,0.1640625,0.06307302777891022,-0.05730605174924219,0.12037907952815241,-0.04695481061935425,-0.0023282766342163086,-0.04462653398513794
fresh,cp_hk,2,lowest_sorted,memberctl_cp_hk_lowest_sorted_s2,facebook_page_reference,S0_conv_center/prototype,-0.0,0.0,-0.0,-0.0,0.0,-0.0,-0.0,0.0,-0.0,-0.0,0.0,-0.0
fresh,cp_hk,2,lowest_sorted,memberctl_cp_hk_lowest_sorted_s2,facebook_page_reference,S0_conv_center/ridge,-0.0,0.0,-0.0,-0.0,0.0,-0.0,-0.0,0.0,-0.0,-0.0,0.0,-0.0
fresh,cp_hk,2,lowest_sorted,memberctl_cp_hk_lowest_sorted_s2,facebook_page_reference,S0_pool/prototype,-0.0,0.0,-0.0,-0.0,0.0,-0.0,-0.0,0.0,-0.0,-0.0,0.0,-0.0
fresh,cp_hk,2,lowest_sorted,memberctl_cp_hk_lowest_sorted_s2,facebook_page_reference,S0_pool/ridge,-0.0,0.0,-0.0,-0.0,0.0,-0.0,-0.0,0.0,-0.0,-0.0,0.0,-0.0
fresh,cp_hk,2,lowest_sorted,memberctl_cp_hk_lowest_sorted_s2,facebook_page_reference,U1_pre_meta/prototype,-0.08240890502929688,-0.05180549621582031,-0.030603408813476562,-0.076171875,-0.0595703125,-0.0166015625,-0.07632903135628755,-0.06266092752552976,-0.013668103830757783,0.0028942227363586426,-3.910064697265625e-05,0.002933323383331299
fresh,cp_hk,2,lowest_sorted,memberctl_cp_hk_lowest_sorted_s2,facebook_page_reference,U1_pre_meta/ridge,-0.06728744506835938,-0.05057334899902344,-0.016714096069335938,-0.0673828125,-0.0634765625,-0.00390625,-0.06967492768414241,-0.06778822750550073,-0.001886700178641676,0.010202109813690186,-0.00026488304138183594,0.010466992855072021
fresh,cp_hk,2,lowest_sorted,memberctl_cp_hk_lowest_sorted_s2,facebook_page_reference,final_input/prototype,0.15793228149414062,-0.0634002685546875,0.22133255004882812,0.099609375,-0.056640625,0.15625,0.05765386108993631,-0.05749836280288145,0.11515222389281776,-0.008131682872772217,-0.0002471804618835449,-0.007884502410888672
fresh,cp_hk,2,lowest_sorted,memberctl_cp_hk_lowest_sorted_s2,facebook_page_reference,final_input/ridge,0.16281890869140625,-0.055461883544921875,0.21828079223632812,0.10546875,-0.05859375,0.1640625,0.06307302777891022,-0.05730605174924219,0.12037907952815241,-0.04695481061935425,-0.0023282766342163086,-0.04462653398513794
fresh,cp_hk,2,lowest_sorted,memberctl_cp_hk_lowest_sorted_s2,facebook_page_reference,full_model,0.060726165771484375,-0.0010566711425780695,0.061782836914062444,0.0478515625,0.0078125,0.0400390625,0.04161916514857689,-0.004562410826763785,0.04618157597534067,0.12330341339111328,9.238719940185547e-05,0.12321102619171143
fresh,cp_hk,2,lowest_sorted,memberctl_cp_hk_lowest_sorted_s2,facebook_page_reference,raw_center/prototype,1.1102230246251565e-16,-1.1102230246251565e-16,2.220446049250313e-16,-0.0,0.0,-0.0,-0.0,0.0,-0.0,-0.0,0.0,-0.0
fresh,cp_hk,2,lowest_sorted,memberctl_cp_hk_lowest_sorted_s2,facebook_page_reference,raw_center/ridge,-0.0,0.0,-0.0,-0.0,0.0,-0.0,-0.0,0.0,-0.0,-0.0,0.0,-0.0
fresh,cp_hk,2,lowest_sorted,memberctl_cp_hk_lowest_sorted_s2,facebook_page_reference,raw_context/prototype,-0.0,0.0,-0.0,-0.0,0.0,-0.0,-0.0,0.0,-0.0,-0.0,0.0,-0.0
fresh,cp_hk,2,lowest_sorted,memberctl_cp_hk_lowest_sorted_s2,facebook_page_reference,raw_context/ridge,-0.0,0.0,-0.0,-0.0,0.0,-0.0,-0.0,0.0,-0.0,-0.0,0.0,-0.0
fresh,cp_hk,2,lowest_sorted,memberctl_cp_hk_lowest_sorted_s2,facebook_page_reference,raw_joint/prototype,-0.0,0.0,-0.0,-0.0,0.0,-0.0,-0.0,0.0,-0.0,-0.0,0.0,-0.0
fresh,cp_hk,2,lowest_sorted,memberctl_cp_hk_lowest_sorted_s2,facebook_page_reference,raw_joint/ridge,1.1102230246251565e-16,-1.1102230246251565e-16,2.220446049250313e-16,-0.0,0.0,-0.0,-0.0,0.0,-0.0,-0.0,0.0,-0.0
fresh,cp_hk,2,lowest_sorted,memberctl_cp_hk_lowest_sorted_s2,twibot20,M2_post_meta/prototype,0.11645465426974833,0.0017496744791667407,0.11470497979058158,0.06575520833333331,0.00390625,0.061848958333333315,-0.1196441524441591,0.0005293531021509645,-0.12017350554631007,-0.004494369029998779,-0.00176161527633667,-0.0027327537536621094
fresh,cp_hk,2,lowest_sorted,memberctl_cp_hk_lowest_sorted_s2,twibot20,M2_post_meta/ridge,0.10361099243164057,0.0025944179958766744,0.1010165744357639,0.05696614583333337,0.00390625,0.05305989583333337,-0.1477910988913118,0.0005189281589751404,-0.14831002705028695,0.0107499361038208,-0.011995434761047363,0.022745370864868164
fresh,cp_hk,2,lowest_sorted,memberctl_cp_hk_lowest_sorted_s2,twibot20,S0_conv_center/prototype,-0.0,0.0,-0.0,-0.0,0.0,-0.0,-0.0,0.0,-0.0,-0.0,0.0,-0.0
fresh,cp_hk,2,lowest_sorted,memberctl_cp_hk_lowest_sorted_s2,twibot20,S0_conv_center/ridge,-0.0,0.0,-0.0,-0.0,0.0,-0.0,-0.0,0.0,-0.0,-0.0,0.0,-0.0
fresh,cp_hk,2,lowest_sorted,memberctl_cp_hk_lowest_sorted_s2,twibot20,S0_pool/prototype,-0.0,0.0,-0.0,-0.0,0.0,-0.0,-0.0,0.0,-0.0,-0.0,0.0,-0.0
fresh,cp_hk,2,lowest_sorted,memberctl_cp_hk_lowest_sorted_s2,twibot20,S0_pool/ridge,-0.0,0.0,-0.0,-0.0,0.0,-0.0,-0.0,0.0,-0.0,-0.0,0.0,-0.0
fresh,cp_hk,2,lowest_sorted,memberctl_cp_hk_lowest_sorted_s2,twibot20,U1_pre_meta/prototype,0.018190595838758705,0.0028330485026041297,0.015357547336154576,0.01171875,-0.0006510416666667407,0.01236979166666674,0.02613404542827391,-0.006451695885763331,0.03258574131403724,-0.003175497055053711,0.00025916099548339844,-0.0034346580505371094
fresh,cp_hk,2,lowest_sorted,memberctl_cp_hk_lowest_sorted_s2,twibot20,U1_pre_meta/ridge,0.0215473175048827,0.002144495646158817,0.019402821858723884,0.01920572916666663,0.0,0.01920572916666663,0.03223267213557146,-0.005311358484177964,0.037544030619749424,-0.008545875549316406,0.0006270408630371094,-0.009172916412353516
fresh,cp_hk,2,lowest_sorted,memberctl_cp_hk_lowest_sorted_s2,twibot20,final_input/prototype,0.11645465426974833,0.0017496744791667407,0.11470497979058158,0.06575520833333331,0.00390625,0.061848958333333315,-0.1196441524441591,0.0005293531021509645,-0.12017350554631007,-0.004494369029998779,-0.00176161527633667,-0.0027327537536621094
fresh,cp_hk,2,lowest_sorted,memberctl_cp_hk_lowest_sorted_s2,twibot20,final_input/ridge,0.10361099243164057,0.0025944179958766744,0.1010165744357639,0.05696614583333337,0.00390625,0.05305989583333337,-0.1477910988913118,0.0005189281589751404,-0.14831002705028695,0.0107499361038208,-0.011995434761047363,0.022745370864868164
fresh,cp_hk,2,lowest_sorted,memberctl_cp_hk_lowest_sorted_s2,twibot20,full_model,-0.020656797620985268,-0.19719992743598092,0.17654312981499565,-0.00748697916666663,-0.0006510416666666852,-0.0068359374999999445,-0.056274749838129745,-0.6666666666666666,0.6103919168285369,0.24386000633239746,-0.03691422939300537,0.28077423572540283
fresh,cp_hk,2,lowest_sorted,memberctl_cp_hk_lowest_sorted_s2,twibot20,raw_center/prototype,-0.0,0.0,-0.0,-0.0,0.0,-0.0,-5.551115123125783e-17,5.551115123125783e-17,-1.1102230246251565e-16,-0.0,0.0,-0.0
fresh,cp_hk,2,lowest_sorted,memberctl_cp_hk_lowest_sorted_s2,twibot20,raw_center/ridge,-0.0,0.0,-0.0,-0.0,0.0,-0.0,-5.551115123125783e-17,5.551115123125783e-17,-1.1102230246251565e-16,-0.0,0.0,-0.0
fresh,cp_hk,2,lowest_sorted,memberctl_cp_hk_lowest_sorted_s2,twibot20,raw_context/prototype,-0.0,0.0,-0.0,-0.0,0.0,-0.0,-0.0,0.0,-0.0,-0.0,0.0,-0.0
fresh,cp_hk,2,lowest_sorted,memberctl_cp_hk_lowest_sorted_s2,twibot20,raw_context/ridge,-0.0,0.0,-0.0,-0.0,0.0,-0.0,-0.0,0.0,-0.0,-0.0,0.0,-0.0
fresh,cp_hk,2,lowest_sorted,memberctl_cp_hk_lowest_sorted_s2,twibot20,raw_joint/prototype,-0.0,0.0,-0.0,-0.0,0.0,-0.0,-0.0,0.0,-0.0,-0.0,0.0,-0.0
fresh,cp_hk,2,lowest_sorted,memberctl_cp_hk_lowest_sorted_s2,twibot20,raw_joint/ridge,-0.0,0.0,-0.0,-0.0,0.0,-0.0,-0.0,0.0,-0.0,-0.0,0.0,-0.0
fresh,cp_hk,2,lowest_sorted,memberctl_cp_hk_lowest_sorted_s2,ukr_rus_suspended,M2_post_meta/prototype,0.05377197265625,0.01104736328125,0.042724609375,0.03125,0.0,0.03125,0.13672050543234027,0.0036993540810335013,0.13302115135130677,-0.003274083137512207,-4.839897155761719e-05,-0.00322568416595459
fresh,cp_hk,2,lowest_sorted,memberctl_cp_hk_lowest_sorted_s2,ukr_rus_suspended,M2_post_meta/ridge,0.05023193359375,0.010650634765625,0.039581298828125,0.02734375,-0.01953125,0.046875,0.1446661346102687,-0.009945009945009908,0.1546111445552786,0.002303183078765869,-0.00038307905197143555,0.0026862621307373047
fresh,cp_hk,2,lowest_sorted,memberctl_cp_hk_lowest_sorted_s2,ukr_rus_suspended,S0_conv_center/prototype,-0.0,0.0,-0.0,-0.0,0.0,-0.0,-0.0,5.551115123125783e-17,-5.551115123125783e-17,-0.0,0.0,-0.0
fresh,cp_hk,2,lowest_sorted,memberctl_cp_hk_lowest_sorted_s2,ukr_rus_suspended,S0_conv_center/ridge,-0.0,0.0,-0.0,-0.0,0.0,-0.0,-0.0,0.0,-0.0,-0.0,0.0,-0.0
fresh,cp_hk,2,lowest_sorted,memberctl_cp_hk_lowest_sorted_s2,ukr_rus_suspended,S0_pool/prototype,-0.0,0.0,-0.0,-0.0,0.0,-0.0,-0.0,0.0,-0.0,-0.0,0.0,-0.0
fresh,cp_hk,2,lowest_sorted,memberctl_cp_hk_lowest_sorted_s2,ukr_rus_suspended,S0_pool/ridge,-0.0,0.0,-0.0,-0.0,0.0,-0.0,-0.0,0.0,-0.0,-0.0,0.0,-0.0
fresh,cp_hk,2,lowest_sorted,memberctl_cp_hk_lowest_sorted_s2,ukr_rus_suspended,U1_pre_meta/prototype,0.01800537109375,0.002716064453125,0.015289306640625,-0.01171875,-0.0234375,0.01171875,-0.01737451737451734,-0.03488794669897033,0.01751342932445299,-0.0014024972915649414,2.3305416107177734e-05,-0.0014258027076721191
fresh,cp_hk,2,lowest_sorted,memberctl_cp_hk_lowest_sorted_s2,ukr_rus_suspended,U1_pre_meta/ridge,0.01824951171875,0.0018310546875,0.01641845703125,-0.0078125,-0.03515625,0.02734375,-0.015355486977652544,-0.04023107076542187,0.02487558378776933,-0.007438540458679199,0.00018739700317382812,-0.007625937461853027
fresh,cp_hk,2,lowest_sorted,memberctl_cp_hk_lowest_sorted_s2,ukr_rus_suspended,final_input/prototype,0.05377197265625,0.01104736328125,0.042724609375,0.03125,0.0,0.03125,0.13672050543234027,0.0036993540810335013,0.13302115135130677,-0.003274083137512207,-4.839897155761719e-05,-0.00322568416595459
fresh,cp_hk,2,lowest_sorted,memberctl_cp_hk_lowest_sorted_s2,ukr_rus_suspended,final_input/ridge,0.05023193359375,0.010650634765625,0.039581298828125,0.02734375,-0.01953125,0.046875,0.1446661346102687,-0.009945009945009908,0.1546111445552786,0.002303183078765869,-0.00038307905197143555,0.0026862621307373047
fresh,cp_hk,2,lowest_sorted,memberctl_cp_hk_lowest_sorted_s2,ukr_rus_suspended,full_model,0.005767822265625,-0.109222412109375,0.114990234375,0.03125,0.00390625,0.02734375,0.25079365079365074,0.6666666666666666,-0.4158730158730159,0.13980674743652344,0.030646920204162598,0.10915982723236084
fresh,cp_hk,2,lowest_sorted,memberctl_cp_hk_lowest_sorted_s2,ukr_rus_suspended,raw_center/prototype,-0.0,0.0,-0.0,-0.0,0.0,-0.0,-0.0,0.0,-0.0,-0.0,0.0,-0.0
fresh,cp_hk,2,lowest_sorted,memberctl_cp_hk_lowest_sorted_s2,ukr_rus_suspended,raw_center/ridge,-0.0,0.0,-0.0,-0.0,0.0,-0.0,-0.0,0.0,-0.0,-0.0,0.0,-0.0
fresh,cp_hk,2,lowest_sorted,memberctl_cp_hk_lowest_sorted_s2,ukr_rus_suspended,raw_context/prototype,-0.0,0.0,-0.0,-0.0,0.0,-0.0,-0.0,0.0,-0.0,-0.0,0.0,-0.0
fresh,cp_hk,2,lowest_sorted,memberctl_cp_hk_lowest_sorted_s2,ukr_rus_suspended,raw_context/ridge,-0.0,0.0,-0.0,-0.0,0.0,-0.0,-0.0,0.0,-0.0,-0.0,0.0,-0.0
fresh,cp_hk,2,lowest_sorted,memberctl_cp_hk_lowest_sorted_s2,ukr_rus_suspended,raw_joint/prototype,-0.0,0.0,-0.0,-0.0,0.0,-0.0,-0.0,0.0,-0.0,-0.0,0.0,-0.0
fresh,cp_hk,2,lowest_sorted,memberctl_cp_hk_lowest_sorted_s2,ukr_rus_suspended,raw_joint/ridge,-0.0,0.0,-0.0,-0.0,0.0,-0.0,-0.0,0.0,-0.0,-0.0,0.0,-0.0
fresh,cp_hk,2,uniform_shuffled,memberctl_cp_hk_uniform_shuffled_s2,covid_political,M2_post_meta/prototype,0.372586003056279,-0.04300830982349535,0.41559431287977433,-0.13834635416666663,-0.10579427083333337,-0.03255208333333326,0.5315689386755377,-0.0488650363581305,0.5804339750336682,-0.027865827083587646,-0.00023496150970458984,-0.027630865573883057
fresh,cp_hk,2,uniform_shuffled,memberctl_cp_hk_uniform_shuffled_s2,covid_political,M2_post_meta/ridge,0.3847763626663774,-0.03991501419632526,0.42469137686270264,-0.1318359375,-0.10026041666666674,-0.03157552083333326,0.5357733175914994,-0.04556886319587378,0.5813421807873731,-0.0169832706451416,-0.0020772218704223633,-0.014906048774719238
fresh,cp_hk,2,uniform_shuffled,memberctl_cp_hk_uniform_shuffled_s2,covid_political,S0_conv_center/prototype,-0.0,0.0,-0.0,-0.0,0.0,-0.0,-0.0,0.0,-0.0,-0.0,0.0,-0.0
fresh,cp_hk,2,uniform_shuffled,memberctl_cp_hk_uniform_shuffled_s2,covid_political,S0_conv_center/ridge,-0.0,0.0,-0.0,-0.0,0.0,-0.0,-0.0,0.0,-0.0,-0.0,0.0,-0.0
fresh,cp_hk,2,uniform_shuffled,memberctl_cp_hk_uniform_shuffled_s2,covid_political,S0_pool/prototype,-0.0,0.0,-0.0,-0.0,0.0,-0.0,-0.0,0.0,-0.0,-0.0,0.0,-0.0
fresh,cp_hk,2,uniform_shuffled,memberctl_cp_hk_uniform_shuffled_s2,covid_political,S0_pool/ridge,-0.0,0.0,-0.0,-0.0,0.0,-0.0,-0.0,0.0,-0.0,-0.0,0.0,-0.0
fresh,cp_hk,2,uniform_shuffled,memberctl_cp_hk_uniform_shuffled_s2,covid_political,U1_pre_meta/prototype,0.04006477638527195,-0.07266828748914933,0.11273306387442128,0.05989583333333326,-0.1083984375,0.16829427083333326,0.0657720344599072,-0.07656086511353916,0.14233289957344636,-0.012501120567321777,0.0007250308990478516,-0.013226151466369629
fresh,cp_hk,2,uniform_shuffled,memberctl_cp_hk_uniform_shuffled_s2,covid_political,U1_pre_meta/ridge,0.05246819390190993,-0.08332090024594896,0.1357890941478589,0.095703125,-0.1142578125,0.2099609375,0.1131020811118244,-0.08628644940911934,0.19938853052094374,-0.04362964630126953,0.005658149719238281,-0.04928779602050781
fresh,cp_hk,2,uniform_shuffled,memberctl_cp_hk_uniform_shuffled_s2,covid_political,final_input/prototype,0.372586003056279,-0.04300830982349535,0.41559431287977433,-0.13834635416666663,-0.10579427083333337,-0.03255208333333326,0.5315689386755377,-0.0488650363581305,0.5804339750336682,-0.027865827083587646,-0.00023496150970458984,-0.027630865573883057
fresh,cp_hk,2,uniform_shuffled,memberctl_cp_hk_uniform_shuffled_s2,covid_political,final_input/ridge,0.3847763626663774,-0.03991501419632526,0.42469137686270264,-0.1318359375,-0.10026041666666674,-0.03157552083333326,0.5357733175914994,-0.04556886319587378,0.5813421807873731,-0.0169832706451416,-0.0020772218704223633,-0.014906048774719238
fresh,cp_hk,2,uniform_shuffled,memberctl_cp_hk_uniform_shuffled_s2,covid_political,full_model,0.10949622260199632,0.21566602918836797,-0.10616980658637165,-0.03255208333333337,-0.5,0.46744791666666663,0.13587997406384345,0.4,-0.2641200259361566,0.274647355079651,0.12014937400817871,0.15449798107147228
fresh,cp_hk,2,uniform_shuffled,memberctl_cp_hk_uniform_shuffled_s2,covid_political,raw_center/prototype,-0.0,0.0,-0.0,-0.0,0.0,-0.0,-0.0,0.0,-0.0,-0.0,0.0,-0.0
fresh,cp_hk,2,uniform_shuffled,memberctl_cp_hk_uniform_shuffled_s2,covid_political,raw_center/ridge,-0.0,0.0,-0.0,-0.0,0.0,-0.0,-0.0,0.0,-0.0,-0.0,0.0,-0.0
fresh,cp_hk,2,uniform_shuffled,memberctl_cp_hk_uniform_shuffled_s2,covid_political,raw_context/prototype,-1.1102230246251565e-16,1.1102230246251565e-16,-2.220446049250313e-16,-0.0,0.0,-0.0,-0.0,0.0,-0.0,-0.0,0.0,-0.0
fresh,cp_hk,2,uniform_shuffled,memberctl_cp_hk_uniform_shuffled_s2,covid_political,raw_context/ridge,-0.0,0.0,-0.0,-0.0,0.0,-0.0,-0.0,0.0,-0.0,-0.0,0.0,-0.0
fresh,cp_hk,2,uniform_shuffled,memberctl_cp_hk_uniform_shuffled_s2,covid_political,raw_joint/prototype,-0.0,0.0,-0.0,-0.0,0.0,-0.0,-0.0,0.0,-0.0,-0.0,0.0,-0.0
fresh,cp_hk,2,uniform_shuffled,memberctl_cp_hk_uniform_shuffled_s2,covid_political,raw_joint/ridge,-0.0,0.0,-0.0,-0.0,0.0,-0.0,-0.0,0.0,-0.0,-0.0,0.0,-0.0
fresh,cp_hk,2,uniform_shuffled,memberctl_cp_hk_uniform_shuffled_s2,election2020,M2_post_meta/prototype,0.48394775390625,-0.017791748046875,0.501739501953125,0.1796875,-0.03515625,0.21484375,0.757396449704142,-0.03764988679878134,0.7950463365029233,-0.03987187147140503,-6.592273712158203e-05,-0.03980594873428345
fresh,cp_hk,2,uniform_shuffled,memberctl_cp_hk_uniform_shuffled_s2,election2020,M2_post_meta/ridge,0.5186767578125,-0.01495361328125,0.53363037109375,0.0703125,-0.03125,0.1015625,0.6994535519125683,-0.03260015710919095,0.7320537090217593,-0.11571437120437622,-0.0006003975868225098,-0.11511397361755371
fresh,cp_hk,2,uniform_shuffled,memberctl_cp_hk_uniform_shuffled_s2,election2020,S0_conv_center/prototype,-0.0,0.0,-0.0,-0.0,0.0,-0.0,-0.0,0.0,-0.0,-0.0,0.0,-0.0
fresh,cp_hk,2,uniform_shuffled,memberctl_cp_hk_uniform_shuffled_s2,election2020,S0_conv_center/ridge,-0.0,0.0,-0.0,-0.0,0.0,-0.0,-0.0,0.0,-0.0,-0.0,0.0,-0.0
fresh,cp_hk,2,uniform_shuffled,memberctl_cp_hk_uniform_shuffled_s2,election2020,S0_pool/prototype,-0.0,0.0,-0.0,-0.0,0.0,-0.0,1.1102230246251565e-16,0.0,1.1102230246251565e-16,-0.0,0.0,-0.0
fresh,cp_hk,2,uniform_shuffled,memberctl_cp_hk_uniform_shuffled_s2,election2020,S0_pool/ridge,-0.0,0.0,-0.0,-0.0,0.0,-0.0,1.1102230246251565e-16,0.0,1.1102230246251565e-16,-0.0,0.0,-0.0
fresh,cp_hk,2,uniform_shuffled,memberctl_cp_hk_uniform_shuffled_s2,election2020,U1_pre_meta/prototype,0.18145751953125,-0.015869140625,0.19732666015625,0.203125,-0.02734375,0.23046875,0.1992337164750958,-0.027288999036210848,0.22652271551130665,-0.014415502548217773,0.0007317662239074707,-0.015147268772125244
fresh,cp_hk,2,uniform_shuffled,memberctl_cp_hk_uniform_shuffled_s2,election2020,U1_pre_meta/ridge,0.1458740234375,-0.03839111328125,0.18426513671875,0.1875,-0.01953125,0.20703125,0.1811188811188813,-0.022277498359938752,0.20339637947882006,-0.07670962810516357,0.005967259407043457,-0.08267688751220703
fresh,cp_hk,2,uniform_shuffled,memberctl_cp_hk_uniform_shuffled_s2,election2020,final_input/prototype,0.48394775390625,-0.017791748046875,0.501739501953125,0.1796875,-0.03515625,0.21484375,0.757396449704142,-0.03764988679878134,0.7950463365029233,-0.03987187147140503,-6.592273712158203e-05,-0.03980594873428345
fresh,cp_hk,2,uniform_shuffled,memberctl_cp_hk_uniform_shuffled_s2,election2020,final_input/ridge,0.5186767578125,-0.01495361328125,0.53363037109375,0.0703125,-0.03125,0.1015625,0.6994535519125683,-0.03260015710919095,0.7320537090217593,-0.11571437120437622,-0.0006003975868225098,-0.11511397361755371
fresh,cp_hk,2,uniform_shuffled,memberctl_cp_hk_uniform_shuffled_s2,election2020,full_model,0.36505126953125,0.0076904296875,0.35736083984375,0.39453125,0.0,0.39453125,0.5593489812141752,0.6666666666666666,-0.10731768545249143,-0.37462425231933594,0.0315890908241272,-0.40621334314346313
fresh,cp_hk,2,uniform_shuffled,memberctl_cp_hk_uniform_shuffled_s2,election2020,raw_center/prototype,-0.0,0.0,-0.0,-0.0,0.0,-0.0,-0.0,0.0,-0.0,-0.0,0.0,-0.0
fresh,cp_hk,2,uniform_shuffled,memberctl_cp_hk_uniform_shuffled_s2,election2020,raw_center/ridge,-0.0,0.0,-0.0,-0.0,0.0,-0.0,-0.0,0.0,-0.0,-0.0,0.0,-0.0
fresh,cp_hk,2,uniform_shuffled,memberctl_cp_hk_uniform_shuffled_s2,election2020,raw_context/prototype,-0.0,0.0,-0.0,-0.0,0.0,-0.0,-0.0,0.0,-0.0,-0.0,0.0,-0.0
fresh,cp_hk,2,uniform_shuffled,memberctl_cp_hk_uniform_shuffled_s2,election2020,raw_context/ridge,-0.0,0.0,-0.0,-0.0,0.0,-0.0,-0.0,0.0,-0.0,-0.0,0.0,-0.0
fresh,cp_hk,2,uniform_shuffled,memberctl_cp_hk_uniform_shuffled_s2,election2020,raw_joint/prototype,-0.0,0.0,-0.0,-0.0,0.0,-0.0,-0.0,0.0,-0.0,-0.0,0.0,-0.0
fresh,cp_hk,2,uniform_shuffled,memberctl_cp_hk_uniform_shuffled_s2,election2020,raw_joint/ridge,-0.0,0.0,-0.0,-0.0,0.0,-0.0,-0.0,0.0,-0.0,-0.0,0.0,-0.0
fresh,cp_hk,2,uniform_shuffled,memberctl_cp_hk_uniform_shuffled_s2,facebook_page_reference,M2_post_meta/prototype,0.08887290954589844,-0.11834335327148438,0.2072162628173828,0.07421875,-0.095703125,0.169921875,0.0859613533356195,-0.10112657388999335,0.18708792722561285,-0.019820213317871094,-0.0001163482666015625,-0.01970386505126953
fresh,cp_hk,2,uniform_shuffled,memberctl_cp_hk_uniform_shuffled_s2,facebook_page_reference,M2_post_meta/ridge,0.1100006103515625,-0.11120414733886719,0.2212047576904297,0.0888671875,-0.0966796875,0.185546875,0.103792394655704,-0.10027102930295817,0.20406342395866217,-0.04870051145553589,-0.0011004805564880371,-0.04760003089904785
fresh,cp_hk,2,uniform_shuffled,memberctl_cp_hk_uniform_shuffled_s2,facebook_page_reference,S0_conv_center/prototype,-0.0,0.0,-0.0,-0.0,0.0,-0.0,-0.0,0.0,-0.0,-0.0,0.0,-0.0
fresh,cp_hk,2,uniform_shuffled,memberctl_cp_hk_uniform_shuffled_s2,facebook_page_reference,S0_conv_center/ridge,-0.0,0.0,-0.0,-0.0,0.0,-0.0,-0.0,0.0,-0.0,-0.0,0.0,-0.0
fresh,cp_hk,2,uniform_shuffled,memberctl_cp_hk_uniform_shuffled_s2,facebook_page_reference,S0_pool/prototype,-0.0,0.0,-0.0,-0.0,0.0,-0.0,-0.0,0.0,-0.0,-0.0,0.0,-0.0
fresh,cp_hk,2,uniform_shuffled,memberctl_cp_hk_uniform_shuffled_s2,facebook_page_reference,S0_pool/ridge,-0.0,0.0,-0.0,-0.0,0.0,-0.0,-0.0,0.0,-0.0,-0.0,0.0,-0.0
fresh,cp_hk,2,uniform_shuffled,memberctl_cp_hk_uniform_shuffled_s2,facebook_page_reference,U1_pre_meta/prototype,-0.1095123291015625,-0.11191368103027344,0.0024013519287109375,-0.091796875,-0.1015625,0.009765625,-0.10318173545606191,-0.09791459838243122,-0.00526713707363069,0.007314145565032959,0.0002599358558654785,0.0070542097091674805
fresh,cp_hk,2,uniform_shuffled,memberctl_cp_hk_uniform_shuffled_s2,facebook_page_reference,U1_pre_meta/ridge,-0.10347747802734375,-0.11246490478515625,0.0089874267578125,-0.087890625,-0.099609375,0.01171875,-0.09632305059591417,-0.09726863508049133,0.0009455844845771555,0.024205684661865234,0.0024170279502868652,0.02178865671157837
fresh,cp_hk,2,uniform_shuffled,memberctl_cp_hk_uniform_shuffled_s2,facebook_page_reference,final_input/prototype,0.08887290954589844,-0.11834335327148438,0.2072162628173828,0.07421875,-0.095703125,0.169921875,0.0859613533356195,-0.10112657388999335,0.18708792722561285,-0.019820213317871094,-0.0001163482666015625,-0.01970386505126953
fresh,cp_hk,2,uniform_shuffled,memberctl_cp_hk_uniform_shuffled_s2,facebook_page_reference,final_input/ridge,0.1100006103515625,-0.11120414733886719,0.2212047576904297,0.0888671875,-0.0966796875,0.185546875,0.103792394655704,-0.10027102930295817,0.20406342395866217,-0.04870051145553589,-0.0011004805564880371,-0.04760003089904785
fresh,cp_hk,2,uniform_shuffled,memberctl_cp_hk_uniform_shuffled_s2,facebook_page_reference,full_model,0.041961669921875,0.008987426757812556,0.032974243164062444,0.044921875,0.021484375,0.0234375,0.05223151106636903,-0.02472408293114109,0.07695559399751012,0.30442798137664795,-6.681680679321289e-05,0.30449479818344116
fresh,cp_hk,2,uniform_shuffled,memberctl_cp_hk_uniform_shuffled_s2,facebook_page_reference,raw_center/prototype,1.1102230246251565e-16,-1.1102230246251565e-16,2.220446049250313e-16,-0.0,0.0,-0.0,-0.0,0.0,-0.0,-0.0,0.0,-0.0
fresh,cp_hk,2,uniform_shuffled,memberctl_cp_hk_uniform_shuffled_s2,facebook_page_reference,raw_center/ridge,-0.0,0.0,-0.0,-0.0,0.0,-0.0,-0.0,0.0,-0.0,-0.0,0.0,-0.0
fresh,cp_hk,2,uniform_shuffled,memberctl_cp_hk_uniform_shuffled_s2,facebook_page_reference,raw_context/prototype,-0.0,0.0,-0.0,-0.0,0.0,-0.0,-0.0,0.0,-0.0,-0.0,0.0,-0.0
fresh,cp_hk,2,uniform_shuffled,memberctl_cp_hk_uniform_shuffled_s2,facebook_page_reference,raw_context/ridge,-0.0,0.0,-0.0,-0.0,0.0,-0.0,-0.0,0.0,-0.0,-0.0,0.0,-0.0
fresh,cp_hk,2,uniform_shuffled,memberctl_cp_hk_uniform_shuffled_s2,facebook_page_reference,raw_joint/prototype,-0.0,0.0,-0.0,-0.0,0.0,-0.0,-0.0,0.0,-0.0,-0.0,0.0,-0.0
fresh,cp_hk,2,uniform_shuffled,memberctl_cp_hk_uniform_shuffled_s2,facebook_page_reference,raw_joint/ridge,1.1102230246251565e-16,-1.1102230246251565e-16,2.220446049250313e-16,-0.0,0.0,-0.0,-0.0,0.0,-0.0,-0.0,0.0,-0.0
fresh,cp_hk,2,uniform_shuffled,memberctl_cp_hk_uniform_shuffled_s2,twibot20,M2_post_meta/prototype,0.08946079678005647,-0.012064827813042411,0.10152562459309888,0.0009765625,-0.01334635416666663,0.01432291666666663,-0.013498766416467078,-0.015932092571662393,0.0024333261551953145,0.000301361083984375,-0.0003459453582763672,0.0006473064422607422
fresh,cp_hk,2,uniform_shuffled,memberctl_cp_hk_uniform_shuffled_s2,twibot20,M2_post_meta/ridge,0.09744220309787321,-0.012129253811306362,0.10957145690917958,-0.007486979166666741,-0.01302083333333337,0.00553385416666663,-0.023774590156592335,-0.015403536361620174,-0.00837105379497216,0.009465575218200684,-0.0028029680252075195,0.012268543243408203
fresh,cp_hk,2,uniform_shuffled,memberctl_cp_hk_uniform_shuffled_s2,twibot20,S0_conv_center/prototype,-0.0,0.0,-0.0,-0.0,0.0,-0.0,-0.0,0.0,-0.0,-0.0,0.0,-0.0
fresh,cp_hk,2,uniform_shuffled,memberctl_cp_hk_uniform_shuffled_s2,twibot20,S0_conv_center/ridge,-0.0,0.0,-0.0,-0.0,0.0,-0.0,-0.0,0.0,-0.0,-0.0,0.0,-0.0
fresh,cp_hk,2,uniform_shuffled,memberctl_cp_hk_uniform_shuffled_s2,twibot20,S0_pool/prototype,-0.0,0.0,-0.0,-0.0,0.0,-0.0,-0.0,0.0,-0.0,-0.0,0.0,-0.0
fresh,cp_hk,2,uniform_shuffled,memberctl_cp_hk_uniform_shuffled_s2,twibot20,S0_pool/ridge,-0.0,0.0,-0.0,-0.0,0.0,-0.0,-0.0,0.0,-0.0,-0.0,0.0,-0.0
fresh,cp_hk,2,uniform_shuffled,memberctl_cp_hk_uniform_shuffled_s2,twibot20,U1_pre_meta/prototype,0.01475185818142366,-0.010260264078776116,0.025012122260199776,0.01106770833333337,-0.01139322916666674,0.02246093750000011,0.021049831871022162,-0.013133893730908675,0.03418372560193084,-0.0031900405883789062,0.002142786979675293,-0.005332827568054199
fresh,cp_hk,2,uniform_shuffled,memberctl_cp_hk_uniform_shuffled_s2,twibot20,U1_pre_meta/ridge,0.033577389187283035,-0.012296464708116184,0.04587385389539922,0.02994791666666663,-0.01106770833333337,0.041015625,0.0420531929002399,-0.01264924821445279,0.05470244111469269,-0.011129438877105713,0.009134352207183838,-0.02026379108428955
fresh,cp_hk,2,uniform_shuffled,memberctl_cp_hk_uniform_shuffled_s2,twibot20,final_input/prototype,0.08946079678005647,-0.012064827813042411,0.10152562459309888,0.0009765625,-0.01334635416666663,0.01432291666666663,-0.013498766416467078,-0.015932092571662393,0.0024333261551953145,0.000301361083984375,-0.0003459453582763672,0.0006473064422607422
fresh,cp_hk,2,uniform_shuffled,memberctl_cp_hk_uniform_shuffled_s2,twibot20,final_input/ridge,0.09744220309787321,-0.012129253811306362,0.10957145690917958,-0.007486979166666741,-0.01302083333333337,0.00553385416666663,-0.023774590156592335,-0.015403536361620174,-0.00837105379497216,0.009465575218200684,-0.0028029680252075195,0.012268543243408203
fresh,cp_hk,2,uniform_shuffled,memberctl_cp_hk_uniform_shuffled_s2,twibot20,full_model,0.0068516201443142855,0.10088306003146708,-0.09403143988715279,0.0390625,0.0,0.0390625,0.13458474025843048,0.0,0.13458474025843048,0.43095821142196655,0.08510732650756836,0.3458508849143982
fresh,cp_hk,2,uniform_shuffled,memberctl_cp_hk_uniform_shuffled_s2,twibot20,raw_center/prototype,-0.0,0.0,-0.0,-0.0,0.0,-0.0,-5.551115123125783e-17,5.551115123125783e-17,-1.1102230246251565e-16,-0.0,0.0,-0.0
fresh,cp_hk,2,uniform_shuffled,memberctl_cp_hk_uniform_shuffled_s2,twibot20,raw_center/ridge,-0.0,0.0,-0.0,-0.0,0.0,-0.0,-5.551115123125783e-17,5.551115123125783e-17,-1.1102230246251565e-16,-0.0,0.0,-0.0
fresh,cp_hk,2,uniform_shuffled,memberctl_cp_hk_uniform_shuffled_s2,twibot20,raw_context/prototype,-0.0,0.0,-0.0,-0.0,0.0,-0.0,-0.0,0.0,-0.0,-0.0,0.0,-0.0
fresh,cp_hk,2,uniform_shuffled,memberctl_cp_hk_uniform_shuffled_s2,twibot20,raw_context/ridge,-0.0,0.0,-0.0,-0.0,0.0,-0.0,-0.0,0.0,-0.0,-0.0,0.0,-0.0
fresh,cp_hk,2,uniform_shuffled,memberctl_cp_hk_uniform_shuffled_s2,twibot20,raw_joint/prototype,-0.0,0.0,-0.0,-0.0,0.0,-0.0,-0.0,0.0,-0.0,-0.0,0.0,-0.0
fresh,cp_hk,2,uniform_shuffled,memberctl_cp_hk_uniform_shuffled_s2,twibot20,raw_joint/ridge,-0.0,0.0,-0.0,-0.0,0.0,-0.0,-0.0,0.0,-0.0,-0.0,0.0,-0.0
fresh,cp_hk,2,uniform_shuffled,memberctl_cp_hk_uniform_shuffled_s2,ukr_rus_suspended,M2_post_meta/prototype,-0.0091552734375,0.0313720703125,-0.04052734375,-0.0,0.015625,-0.015625,0.4163104387694079,0.025968768074031257,0.3903416706953766,0.002934277057647705,-3.552436828613281e-05,0.002969801425933838
fresh,cp_hk,2,uniform_shuffled,memberctl_cp_hk_uniform_shuffled_s2,ukr_rus_suspended,M2_post_meta/ridge,-0.0,0.030426025390625,-0.030426025390625,-0.015625,0.01171875,-0.02734375,0.4115514059276951,0.027142280873624247,0.3844091250540709,0.032615602016448975,-0.00032764673233032227,0.0329432487487793
fresh,cp_hk,2,uniform_shuffled,memberctl_cp_hk_uniform_shuffled_s2,ukr_rus_suspended,S0_conv_center/prototype,-0.0,0.0,-0.0,-0.0,0.0,-0.0,-0.0,5.551115123125783e-17,-5.551115123125783e-17,-0.0,0.0,-0.0
fresh,cp_hk,2,uniform_shuffled,memberctl_cp_hk_uniform_shuffled_s2,ukr_rus_suspended,S0_conv_center/ridge,-0.0,0.0,-0.0,-0.0,0.0,-0.0,-0.0,0.0,-0.0,-0.0,0.0,-0.0
fresh,cp_hk,2,uniform_shuffled,memberctl_cp_hk_uniform_shuffled_s2,ukr_rus_suspended,S0_pool/prototype,-0.0,0.0,-0.0,-0.0,0.0,-0.0,-0.0,0.0,-0.0,-0.0,0.0,-0.0
fresh,cp_hk,2,uniform_shuffled,memberctl_cp_hk_uniform_shuffled_s2,ukr_rus_suspended,S0_pool/ridge,-0.0,0.0,-0.0,-0.0,0.0,-0.0,-0.0,0.0,-0.0,-0.0,0.0,-0.0
fresh,cp_hk,2,uniform_shuffled,memberctl_cp_hk_uniform_shuffled_s2,ukr_rus_suspended,U1_pre_meta/prototype,-0.00750732421875,0.013214111328125,-0.020721435546875,-0.04296875,-0.01171875,-0.03125,-0.0397084048027444,-0.002322206095791035,-0.037386198706953366,-0.0007116794586181641,1.919269561767578e-05,-0.0007308721542358398
fresh,cp_hk,2,uniform_shuffled,memberctl_cp_hk_uniform_shuffled_s2,ukr_rus_suspended,U1_pre_meta/ridge,-0.01080322265625,0.01385498046875,-0.024658203125,0.0078125,-0.01171875,0.01953125,0.01130640648540071,-0.005962840270776315,0.017269246756177026,-0.0024124979972839355,-1.4424324035644531e-05,-0.002398073673248291
fresh,cp_hk,2,uniform_shuffled,memberctl_cp_hk_uniform_shuffled_s2,ukr_rus_suspended,final_input/prototype,-0.0091552734375,0.0313720703125,-0.04052734375,-0.0,0.015625,-0.015625,0.4163104387694079,0.025968768074031257,0.3903416706953766,0.002934277057647705,-3.552436828613281e-05,0.002969801425933838
fresh,cp_hk,2,uniform_shuffled,memberctl_cp_hk_uniform_shuffled_s2,ukr_rus_suspended,final_input/ridge,-0.0,0.030426025390625,-0.030426025390625,-0.015625,0.01171875,-0.02734375,0.4115514059276951,0.027142280873624247,0.3844091250540709,0.032615602016448975,-0.00032764673233032227,0.0329432487487793
fresh,cp_hk,2,uniform_shuffled,memberctl_cp_hk_uniform_shuffled_s2,ukr_rus_suspended,full_model,-0.0198974609375,-0.110870361328125,0.090972900390625,-0.03515625,-0.02734375,-0.0078125,0.04851319030450146,0.46875,-0.42023680969549854,0.4079359769821167,0.0010443925857543945,0.4068915843963623
fresh,cp_hk,2,uniform_shuffled,memberctl_cp_hk_uniform_shuffled_s2,ukr_rus_suspended,raw_center/prototype,-0.0,0.0,-0.0,-0.0,0.0,-0.0,-0.0,0.0,-0.0,-0.0,0.0,-0.0
fresh,cp_hk,2,uniform_shuffled,memberctl_cp_hk_uniform_shuffled_s2,ukr_rus_suspended,raw_center/ridge,-0.0,0.0,-0.0,-0.0,0.0,-0.0,-0.0,0.0,-0.0,-0.0,0.0,-0.0
fresh,cp_hk,2,uniform_shuffled,memberctl_cp_hk_uniform_shuffled_s2,ukr_rus_suspended,raw_context/prototype,-0.0,0.0,-0.0,-0.0,0.0,-0.0,-0.0,0.0,-0.0,-0.0,0.0,-0.0
fresh,cp_hk,2,uniform_shuffled,memberctl_cp_hk_uniform_shuffled_s2,ukr_rus_suspended,raw_context/ridge,-0.0,0.0,-0.0,-0.0,0.0,-0.0,-0.0,0.0,-0.0,-0.0,0.0,-0.0
fresh,cp_hk,2,uniform_shuffled,memberctl_cp_hk_uniform_shuffled_s2,ukr_rus_suspended,raw_joint/prototype,-0.0,0.0,-0.0,-0.0,0.0,-0.0,-0.0,0.0,-0.0,-0.0,0.0,-0.0
fresh,cp_hk,2,uniform_shuffled,memberctl_cp_hk_uniform_shuffled_s2,ukr_rus_suspended,raw_joint/ridge,-0.0,0.0,-0.0,-0.0,0.0,-0.0,-0.0,0.0,-0.0,-0.0,0.0,-0.0
fresh,cp_hk,2,uniform_sorted,memberctl_cp_hk_uniform_sorted_s2,covid_political,M2_post_meta/prototype,0.3151078400788483,-0.02928133364076968,0.34438917371961797,-0.08235677083333337,-0.02994791666666663,-0.05240885416666674,0.5726245290916702,-0.03313212577236552,0.6057566548640356,-0.02587568759918213,-0.000832974910736084,-0.025042712688446045
fresh,cp_hk,2,uniform_sorted,memberctl_cp_hk_uniform_sorted_s2,covid_political,M2_post_meta/ridge,0.3407702975802952,-0.0246192084418404,0.3653895060221356,-0.0009765625,-0.033203125,0.0322265625,0.6344238975817923,-0.038839557170352645,0.673263454752145,-0.05535989999771118,-0.006534218788146973,-0.04882568120956421
fresh,cp_hk,2,uniform_sorted,memberctl_cp_hk_uniform_sorted_s2,covid_political,S0_conv_center/prototype,-0.0,0.0,-0.0,-0.0,0.0,-0.0,-0.0,0.0,-0.0,-0.0,0.0,-0.0
fresh,cp_hk,2,uniform_sorted,memberctl_cp_hk_uniform_sorted_s2,covid_political,S0_conv_center/ridge,-0.0,0.0,-0.0,-0.0,0.0,-0.0,-0.0,0.0,-0.0,-0.0,0.0,-0.0
fresh,cp_hk,2,uniform_sorted,memberctl_cp_hk_uniform_sorted_s2,covid_political,S0_pool/prototype,-0.0,0.0,-0.0,-0.0,0.0,-0.0,-0.0,0.0,-0.0,-0.0,0.0,-0.0
fresh,cp_hk,2,uniform_sorted,memberctl_cp_hk_uniform_sorted_s2,covid_political,S0_pool/ridge,-0.0,0.0,-0.0,-0.0,0.0,-0.0,-0.0,0.0,-0.0,-0.0,0.0,-0.0
fresh,cp_hk,2,uniform_sorted,memberctl_cp_hk_uniform_sorted_s2,covid_political,U1_pre_meta/prototype,0.01055427833839695,-0.05321248372395837,0.06376676206235532,0.037109375,-0.04166666666666663,0.07877604166666663,0.04114396250014074,-0.07385142269269301,0.11499538519283375,-0.014370918273925781,-0.00034564733505249023,-0.014025270938873291
fresh,cp_hk,2,uniform_sorted,memberctl_cp_hk_uniform_sorted_s2,covid_political,U1_pre_meta/ridge,0.01966744882089111,-0.06119565610532407,0.08086310492621518,0.06608072916666663,-0.04654947916666663,0.11263020833333326,0.0777559546320089,-0.07836558576887304,0.15612154040088194,-0.043218016624450684,-0.0008115172386169434,-0.04240649938583374
fresh,cp_hk,2,uniform_sorted,memberctl_cp_hk_uniform_sorted_s2,covid_political,final_input/prototype,0.3151078400788483,-0.02928133364076968,0.34438917371961797,-0.08235677083333337,-0.02994791666666663,-0.05240885416666674,0.5726245290916702,-0.03313212577236552,0.6057566548640356,-0.02587568759918213,-0.000832974910736084,-0.025042712688446045
fresh,cp_hk,2,uniform_sorted,memberctl_cp_hk_uniform_sorted_s2,covid_political,final_input/ridge,0.3407702975802952,-0.0246192084418404,0.3653895060221356,-0.0009765625,-0.033203125,0.0322265625,0.6344238975817923,-0.038839557170352645,0.673263454752145,-0.05535989999771118,-0.006534218788146973,-0.04882568120956421
fresh,cp_hk,2,uniform_sorted,memberctl_cp_hk_uniform_sorted_s2,covid_political,full_model,0.08622204815899881,-0.1980480617947049,0.2842701099537037,0.0224609375,0.0,0.0224609375,0.07464375491484276,0.0,0.07464375491484276,0.1562907099723816,-0.08261704444885254,0.23890775442123413
fresh,cp_hk,2,uniform_sorted,memberctl_cp_hk_uniform_sorted_s2,covid_political,raw_center/prototype,-0.0,0.0,-0.0,-0.0,0.0,-0.0,-0.0,0.0,-0.0,-0.0,0.0,-0.0
fresh,cp_hk,2,uniform_sorted,memberctl_cp_hk_uniform_sorted_s2,covid_political,raw_center/ridge,-0.0,0.0,-0.0,-0.0,0.0,-0.0,-0.0,0.0,-0.0,-0.0,0.0,-0.0
fresh,cp_hk,2,uniform_sorted,memberctl_cp_hk_uniform_sorted_s2,covid_political,raw_context/prototype,-1.1102230246251565e-16,1.1102230246251565e-16,-2.220446049250313e-16,-0.0,0.0,-0.0,-0.0,0.0,-0.0,-0.0,0.0,-0.0
fresh,cp_hk,2,uniform_sorted,memberctl_cp_hk_uniform_sorted_s2,covid_political,raw_context/ridge,-0.0,0.0,-0.0,-0.0,0.0,-0.0,-0.0,0.0,-0.0,-0.0,0.0,-0.0
fresh,cp_hk,2,uniform_sorted,memberctl_cp_hk_uniform_sorted_s2,covid_political,raw_joint/prototype,-0.0,0.0,-0.0,-0.0,0.0,-0.0,-0.0,0.0,-0.0,-0.0,0.0,-0.0
fresh,cp_hk,2,uniform_sorted,memberctl_cp_hk_uniform_sorted_s2,covid_political,raw_joint/ridge,-0.0,0.0,-0.0,-0.0,0.0,-0.0,-0.0,0.0,-0.0,-0.0,0.0,-0.0
fresh,cp_hk,2,uniform_sorted,memberctl_cp_hk_uniform_sorted_s2,election2020,M2_post_meta/prototype,0.45361328125,-0.095794677734375,0.549407958984375,0.40234375,-0.078125,0.48046875,0.9077490774907748,-0.05955949954031259,0.9673085770310874,-0.03811478614807129,-0.00010156631469726562,-0.03801321983337402
fresh,cp_hk,2,uniform_sorted,memberctl_cp_hk_uniform_sorted_s2,election2020,M2_post_meta/ridge,0.45806884765625,-0.09368896484375,0.5517578125,0.41796875,-0.08984375,0.5078125,0.9219330855018588,-0.06919702562456542,0.9911301111264242,-0.14729678630828857,-0.00047457218170166016,-0.14682221412658691
fresh,cp_hk,2,uniform_sorted,memberctl_cp_hk_uniform_sorted_s2,election2020,S0_conv_center/prototype,-0.0,0.0,-0.0,-0.0,0.0,-0.0,-0.0,0.0,-0.0,-0.0,0.0,-0.0
fresh,cp_hk,2,uniform_sorted,memberctl_cp_hk_uniform_sorted_s2,election2020,S0_conv_center/ridge,-0.0,0.0,-0.0,-0.0,0.0,-0.0,-0.0,0.0,-0.0,-0.0,0.0,-0.0
fresh,cp_hk,2,uniform_sorted,memberctl_cp_hk_uniform_sorted_s2,election2020,S0_pool/prototype,-0.0,0.0,-0.0,-0.0,0.0,-0.0,-0.0,0.0,-0.0,-0.0,0.0,-0.0
fresh,cp_hk,2,uniform_sorted,memberctl_cp_hk_uniform_sorted_s2,election2020,S0_pool/ridge,-0.0,0.0,-0.0,-0.0,0.0,-0.0,-0.0,0.0,-0.0,-0.0,0.0,-0.0
fresh,cp_hk,2,uniform_sorted,memberctl_cp_hk_uniform_sorted_s2,election2020,U1_pre_meta/prototype,0.09814453125,-0.099609375,0.19775390625,0.12109375,-0.0859375,0.20703125,0.11735527371016108,-0.06351457840819541,0.1808698521183565,-0.011433839797973633,0.000933229923248291,-0.012367069721221924
fresh,cp_hk,2,uniform_sorted,memberctl_cp_hk_uniform_sorted_s2,election2020,U1_pre_meta/ridge,0.08209228515625,-0.13116455078125,0.2132568359375,0.125,-0.08984375,0.21484375,0.12002840909090906,-0.07413556820577694,0.194163977296686,-0.06399619579315186,0.008259832859039307,-0.07225602865219116
fresh,cp_hk,2,uniform_sorted,memberctl_cp_hk_uniform_sorted_s2,election2020,final_input/prototype,0.45361328125,-0.095794677734375,0.549407958984375,0.40234375,-0.078125,0.48046875,0.9077490774907748,-0.05955949954031259,0.9673085770310874,-0.03811478614807129,-0.00010156631469726562,-0.03801321983337402
fresh,cp_hk,2,uniform_sorted,memberctl_cp_hk_uniform_sorted_s2,election2020,final_input/ridge,0.45806884765625,-0.09368896484375,0.5517578125,0.41796875,-0.08984375,0.5078125,0.9219330855018588,-0.06919702562456542,0.9911301111264242,-0.14729678630828857,-0.00047457218170166016,-0.14682221412658691
fresh,cp_hk,2,uniform_sorted,memberctl_cp_hk_uniform_sorted_s2,election2020,full_model,0.408447265625,-0.0694580078125,0.4779052734375,0.39453125,0.0,0.39453125,0.3895089285714286,0.0,0.3895089285714286,-0.3717364966869355,0.09693419933319092,-0.4686706960201264
fresh,cp_hk,2,uniform_sorted,memberctl_cp_hk_uniform_sorted_s2,election2020,raw_center/prototype,-0.0,0.0,-0.0,-0.0,0.0,-0.0,-0.0,0.0,-0.0,-0.0,0.0,-0.0
fresh,cp_hk,2,uniform_sorted,memberctl_cp_hk_uniform_sorted_s2,election2020,raw_center/ridge,-0.0,0.0,-0.0,-0.0,0.0,-0.0,-0.0,0.0,-0.0,-0.0,0.0,-0.0
fresh,cp_hk,2,uniform_sorted,memberctl_cp_hk_uniform_sorted_s2,election2020,raw_context/prototype,-0.0,0.0,-0.0,-0.0,0.0,-0.0,-0.0,0.0,-0.0,-0.0,0.0,-0.0
fresh,cp_hk,2,uniform_sorted,memberctl_cp_hk_uniform_sorted_s2,election2020,raw_context/ridge,-0.0,0.0,-0.0,-0.0,0.0,-0.0,-0.0,0.0,-0.0,-0.0,0.0,-0.0
fresh,cp_hk,2,uniform_sorted,memberctl_cp_hk_uniform_sorted_s2,election2020,raw_joint/prototype,-0.0,0.0,-0.0,-0.0,0.0,-0.0,-0.0,0.0,-0.0,-0.0,0.0,-0.0
fresh,cp_hk,2,uniform_sorted,memberctl_cp_hk_uniform_sorted_s2,election2020,raw_joint/ridge,-0.0,0.0,-0.0,-0.0,0.0,-0.0,-0.0,0.0,-0.0,-0.0,0.0,-0.0
fresh,cp_hk,2,uniform_sorted,memberctl_cp_hk_uniform_sorted_s2,facebook_page_reference,M2_post_meta/prototype,0.10400199890136719,-0.14463233947753906,0.24863433837890625,0.0693359375,-0.1181640625,0.1875,0.0501638759490709,-0.123601456471367,0.1737653324204379,-0.014561116695404053,-0.00013148784637451172,-0.014429628849029541
fresh,cp_hk,2,uniform_sorted,memberctl_cp_hk_uniform_sorted_s2,facebook_page_reference,M2_post_meta/ridge,0.12520217895507812,-0.13703155517578125,0.2622337341308594,0.087890625,-0.1201171875,0.2080078125,0.0702982791586998,-0.12180585198740479,0.19210413114610458,-0.04966378211975098,-0.0012001395225524902,-0.048463642597198486
fresh,cp_hk,2,uniform_sorted,memberctl_cp_hk_uniform_sorted_s2,facebook_page_reference,S0_conv_center/prototype,-0.0,0.0,-0.0,-0.0,0.0,-0.0,-0.0,0.0,-0.0,-0.0,0.0,-0.0
fresh,cp_hk,2,uniform_sorted,memberctl_cp_hk_uniform_sorted_s2,facebook_page_reference,S0_conv_center/ridge,-0.0,0.0,-0.0,-0.0,0.0,-0.0,-0.0,0.0,-0.0,-0.0,0.0,-0.0
fresh,cp_hk,2,uniform_sorted,memberctl_cp_hk_uniform_sorted_s2,facebook_page_reference,S0_pool/prototype,-0.0,0.0,-0.0,-0.0,0.0,-0.0,-0.0,0.0,-0.0,-0.0,0.0,-0.0
fresh,cp_hk,2,uniform_sorted,memberctl_cp_hk_uniform_sorted_s2,facebook_page_reference,S0_pool/ridge,-0.0,0.0,-0.0,-0.0,0.0,-0.0,-0.0,0.0,-0.0,-0.0,0.0,-0.0
fresh,cp_hk,2,uniform_sorted,memberctl_cp_hk_uniform_sorted_s2,facebook_page_reference,U1_pre_meta/prototype,-0.13132667541503906,-0.15147972106933594,0.020153045654296875,-0.1171875,-0.1376953125,0.0205078125,-0.12065817948810953,-0.13798610710231107,0.017327927614201544,0.009509682655334473,0.00028777122497558594,0.009221911430358887
fresh,cp_hk,2,uniform_sorted,memberctl_cp_hk_uniform_sorted_s2,facebook_page_reference,U1_pre_meta/ridge,-0.11574935913085938,-0.15047264099121094,0.03472328186035156,-0.109375,-0.1396484375,0.0302734375,-0.11293238241334325,-0.14367836155233604,0.030745979138992796,0.0316280722618103,0.0027691125869750977,0.028858959674835205
fresh,cp_hk,2,uniform_sorted,memberctl_cp_hk_uniform_sorted_s2,facebook_page_reference,final_input/prototype,0.10400199890136719,-0.14463233947753906,0.24863433837890625,0.0693359375,-0.1181640625,0.1875,0.0501638759490709,-0.123601456471367,0.1737653324204379,-0.014561116695404053,-0.00013148784637451172,-0.014429628849029541
fresh,cp_hk,2,uniform_sorted,memberctl_cp_hk_uniform_sorted_s2,facebook_page_reference,final_input/ridge,0.12520217895507812,-0.13703155517578125,0.2622337341308594,0.087890625,-0.1201171875,0.2080078125,0.0702982791586998,-0.12180585198740479,0.19210413114610458,-0.04966378211975098,-0.0012001395225524902,-0.048463642597198486
fresh,cp_hk,2,uniform_sorted,memberctl_cp_hk_uniform_sorted_s2,facebook_page_reference,full_model,-0.008213043212890625,0.0053863525390625555,-0.01359939575195318,0.0107421875,0.0166015625,-0.005859375,-2.8588854158795307e-05,0.011377158846042568,-0.011405747700201363,0.13104099035263062,3.2782554626464844e-06,0.13103771209716797
fresh,cp_hk,2,uniform_sorted,memberctl_cp_hk_uniform_sorted_s2,facebook_page_reference,raw_center/prototype,1.1102230246251565e-16,-1.1102230246251565e-16,2.220446049250313e-16,-0.0,0.0,-0.0,-0.0,0.0,-0.0,-0.0,0.0,-0.0
fresh,cp_hk,2,uniform_sorted,memberctl_cp_hk_uniform_sorted_s2,facebook_page_reference,raw_center/ridge,-0.0,0.0,-0.0,-0.0,0.0,-0.0,-0.0,0.0,-0.0,-0.0,0.0,-0.0
fresh,cp_hk,2,uniform_sorted,memberctl_cp_hk_uniform_sorted_s2,facebook_page_reference,raw_context/prototype,-0.0,0.0,-0.0,-0.0,0.0,-0.0,-0.0,0.0,-0.0,-0.0,0.0,-0.0
fresh,cp_hk,2,uniform_sorted,memberctl_cp_hk_uniform_sorted_s2,facebook_page_reference,raw_context/ridge,-0.0,0.0,-0.0,-0.0,0.0,-0.0,-0.0,0.0,-0.0,-0.0,0.0,-0.0
fresh,cp_hk,2,uniform_sorted,memberctl_cp_hk_uniform_sorted_s2,facebook_page_reference,raw_joint/prototype,-0.0,0.0,-0.0,-0.0,0.0,-0.0,-0.0,0.0,-0.0,-0.0,0.0,-0.0
fresh,cp_hk,2,uniform_sorted,memberctl_cp_hk_uniform_sorted_s2,facebook_page_reference,raw_joint/ridge,1.1102230246251565e-16,-1.1102230246251565e-16,2.220446049250313e-16,-0.0,0.0,-0.0,-0.0,0.0,-0.0,-0.0,0.0,-0.0
fresh,cp_hk,2,uniform_sorted,memberctl_cp_hk_uniform_sorted_s2,twibot20,M2_post_meta/prototype,-0.022619883219401116,-0.0006243387858072547,-0.02199554443359386,-0.0283203125,0.00032552083333337034,-0.02864583333333337,-0.5382810188531137,-0.0028876582397350248,-0.5353933606133787,0.01034623384475708,-0.0021216273307800293,0.01246786117553711
fresh,cp_hk,2,uniform_sorted,memberctl_cp_hk_uniform_sorted_s2,twibot20,M2_post_meta/ridge,-0.05814128451877176,0.00017123752170133955,-0.0583125220404731,-0.0380859375,0.0022786458333333703,-0.04036458333333337,-0.5436620140050392,-0.0009329205712353961,-0.5427290934338038,0.08075976371765137,-0.013541042804718018,0.09430080652236938
fresh,cp_hk,2,uniform_sorted,memberctl_cp_hk_uniform_sorted_s2,twibot20,S0_conv_center/prototype,-0.0,0.0,-0.0,-0.0,0.0,-0.0,-0.0,0.0,-0.0,-0.0,0.0,-0.0
fresh,cp_hk,2,uniform_sorted,memberctl_cp_hk_uniform_sorted_s2,twibot20,S0_conv_center/ridge,-0.0,0.0,-0.0,-0.0,0.0,-0.0,-0.0,0.0,-0.0,-0.0,0.0,-0.0
fresh,cp_hk,2,uniform_sorted,memberctl_cp_hk_uniform_sorted_s2,twibot20,S0_pool/prototype,-0.0,0.0,-0.0,-0.0,0.0,-0.0,-0.0,0.0,-0.0,-0.0,0.0,-0.0
fresh,cp_hk,2,uniform_sorted,memberctl_cp_hk_uniform_sorted_s2,twibot20,S0_pool/ridge,-0.0,0.0,-0.0,-0.0,0.0,-0.0,-0.0,0.0,-0.0,-0.0,0.0,-0.0
fresh,cp_hk,2,uniform_sorted,memberctl_cp_hk_uniform_sorted_s2,twibot20,U1_pre_meta/prototype,0.04969088236490882,-0.0010761684841580355,0.05076705084906685,0.03971354166666663,-0.00032552083333337034,0.0400390625,0.05951246926589393,-0.004204748390794877,0.06371721765668881,-0.00492548942565918,-0.0009360313415527344,-0.003989458084106445
fresh,cp_hk,2,uniform_sorted,memberctl_cp_hk_uniform_sorted_s2,twibot20,U1_pre_meta/ridge,0.050784216986762054,-0.002093633015950447,0.0528778500027125,0.037109375,0.0016276041666666297,0.03548177083333337,0.052888522516883474,-0.002266634335816309,0.05515515685269978,-0.014513909816741943,-0.0025315284729003906,-0.011982381343841553
fresh,cp_hk,2,uniform_sorted,memberctl_cp_hk_uniform_sorted_s2,twibot20,final_input/prototype,-0.022619883219401116,-0.0006243387858072547,-0.02199554443359386,-0.0283203125,0.00032552083333337034,-0.02864583333333337,-0.5382810188531137,-0.0028876582397350248,-0.5353933606133787,0.01034623384475708,-0.0021216273307800293,0.01246786117553711
fresh,cp_hk,2,uniform_sorted,memberctl_cp_hk_uniform_sorted_s2,twibot20,final_input/ridge,-0.05814128451877176,0.00017123752170133955,-0.0583125220404731,-0.0380859375,0.0022786458333333703,-0.04036458333333337,-0.5436620140050392,-0.0009329205712353961,-0.5427290934338038,0.08075976371765137,-0.013541042804718018,0.09430080652236938
fresh,cp_hk,2,uniform_sorted,memberctl_cp_hk_uniform_sorted_s2,twibot20,full_model,0.10430908203124989,0.04097387525770402,0.06333520677354587,0.07877604166666663,0.0,0.07877604166666663,-0.012027381656969927,0.0,-0.012027381656969927,0.24912130832672108,0.08286428451538086,0.16625702381134022
fresh,cp_hk,2,uniform_sorted,memberctl_cp_hk_uniform_sorted_s2,twibot20,raw_center/prototype,-0.0,0.0,-0.0,-0.0,0.0,-0.0,-5.551115123125783e-17,5.551115123125783e-17,-1.1102230246251565e-16,-0.0,0.0,-0.0
fresh,cp_hk,2,uniform_sorted,memberctl_cp_hk_uniform_sorted_s2,twibot20,raw_center/ridge,-0.0,0.0,-0.0,-0.0,0.0,-0.0,-5.551115123125783e-17,5.551115123125783e-17,-1.1102230246251565e-16,-0.0,0.0,-0.0
fresh,cp_hk,2,uniform_sorted,memberctl_cp_hk_uniform_sorted_s2,twibot20,raw_context/prototype,-0.0,0.0,-0.0,-0.0,0.0,-0.0,-0.0,0.0,-0.0,-0.0,0.0,-0.0
fresh,cp_hk,2,uniform_sorted,memberctl_cp_hk_uniform_sorted_s2,twibot20,raw_context/ridge,-0.0,0.0,-0.0,-0.0,0.0,-0.0,-0.0,0.0,-0.0,-0.0,0.0,-0.0
fresh,cp_hk,2,uniform_sorted,memberctl_cp_hk_uniform_sorted_s2,twibot20,raw_joint/prototype,-0.0,0.0,-0.0,-0.0,0.0,-0.0,-0.0,0.0,-0.0,-0.0,0.0,-0.0
fresh,cp_hk,2,uniform_sorted,memberctl_cp_hk_uniform_sorted_s2,twibot20,raw_joint/ridge,-0.0,0.0,-0.0,-0.0,0.0,-0.0,-0.0,0.0,-0.0,-0.0,0.0,-0.0
fresh,cp_hk,2,uniform_sorted,memberctl_cp_hk_uniform_sorted_s2,ukr_rus_suspended,M2_post_meta/prototype,-0.0455322265625,0.0216064453125,-0.067138671875,-0.0546875,0.0,-0.0546875,-0.002143385070214332,-0.00757211538461533,0.005428730314400998,0.0029579997062683105,-9.614229202270508e-05,0.0030541419982910156
fresh,cp_hk,2,uniform_sorted,memberctl_cp_hk_uniform_sorted_s2,ukr_rus_suspended,M2_post_meta/ridge,-0.05267333984375,0.023345947265625,-0.076019287109375,-0.0703125,0.0,-0.0703125,0.017882875844227986,-0.007449466272995586,0.025332342117223572,0.043272316455841064,-0.000728309154510498,0.04400062561035156
fresh,cp_hk,2,uniform_sorted,memberctl_cp_hk_uniform_sorted_s2,ukr_rus_suspended,S0_conv_center/prototype,-0.0,0.0,-0.0,-0.0,0.0,-0.0,-0.0,5.551115123125783e-17,-5.551115123125783e-17,-0.0,0.0,-0.0
fresh,cp_hk,2,uniform_sorted,memberctl_cp_hk_uniform_sorted_s2,ukr_rus_suspended,S0_conv_center/ridge,-0.0,0.0,-0.0,-0.0,0.0,-0.0,-0.0,0.0,-0.0,-0.0,0.0,-0.0
fresh,cp_hk,2,uniform_sorted,memberctl_cp_hk_uniform_sorted_s2,ukr_rus_suspended,S0_pool/prototype,-0.0,0.0,-0.0,-0.0,0.0,-0.0,-0.0,0.0,-0.0,-0.0,0.0,-0.0
fresh,cp_hk,2,uniform_sorted,memberctl_cp_hk_uniform_sorted_s2,ukr_rus_suspended,S0_pool/ridge,-0.0,0.0,-0.0,-0.0,0.0,-0.0,-0.0,0.0,-0.0,-0.0,0.0,-0.0
fresh,cp_hk,2,uniform_sorted,memberctl_cp_hk_uniform_sorted_s2,ukr_rus_suspended,U1_pre_meta/prototype,-0.00323486328125,0.024139404296875,-0.027374267578125,-0.0390625,0.0,-0.0390625,-0.045774596978240434,-0.0036970781156827615,-0.04207751886255767,-0.000499725341796875,-7.385015487670898e-05,-0.000425875186920166
fresh,cp_hk,2,uniform_sorted,memberctl_cp_hk_uniform_sorted_s2,ukr_rus_suspended,U1_pre_meta/ridge,-0.01513671875,0.02618408203125,-0.04132080078125,-0.01953125,-0.00390625,-0.015625,-0.038922909151916874,-0.009343039877391046,-0.029579869274525827,-0.001948714256286621,-0.0004742145538330078,-0.0014744997024536133
fresh,cp_hk,2,uniform_sorted,memberctl_cp_hk_uniform_sorted_s2,ukr_rus_suspended,final_input/prototype,-0.0455322265625,0.0216064453125,-0.067138671875,-0.0546875,0.0,-0.0546875,-0.002143385070214332,-0.00757211538461533,0.005428730314400998,0.0029579997062683105,-9.614229202270508e-05,0.0030541419982910156
fresh,cp_hk,2,uniform_sorted,memberctl_cp_hk_uniform_sorted_s2,ukr_rus_suspended,final_input/ridge,-0.05267333984375,0.023345947265625,-0.076019287109375,-0.0703125,0.0,-0.0703125,0.017882875844227986,-0.007449466272995586,0.025332342117223572,0.043272316455841064,-0.000728309154510498,0.04400062561035156
fresh,cp_hk,2,uniform_sorted,memberctl_cp_hk_uniform_sorted_s2,ukr_rus_suspended,full_model,0.018798828125,-0.103668212890625,0.122467041015625,0.0234375,0.00390625,0.01953125,0.11459522197504585,0.6666666666666666,-0.5520714446916208,0.19832700490951538,0.010454118251800537,0.18787288665771484
fresh,cp_hk,2,uniform_sorted,memberctl_cp_hk_uniform_sorted_s2,ukr_rus_suspended,raw_center/prototype,-0.0,0.0,-0.0,-0.0,0.0,-0.0,-0.0,0.0,-0.0,-0.0,0.0,-0.0
fresh,cp_hk,2,uniform_sorted,memberctl_cp_hk_uniform_sorted_s2,ukr_rus_suspended,raw_center/ridge,-0.0,0.0,-0.0,-0.0,0.0,-0.0,-0.0,0.0,-0.0,-0.0,0.0,-0.0
fresh,cp_hk,2,uniform_sorted,memberctl_cp_hk_uniform_sorted_s2,ukr_rus_suspended,raw_context/prototype,-0.0,0.0,-0.0,-0.0,0.0,-0.0,-0.0,0.0,-0.0,-0.0,0.0,-0.0
fresh,cp_hk,2,uniform_sorted,memberctl_cp_hk_uniform_sorted_s2,ukr_rus_suspended,raw_context/ridge,-0.0,0.0,-0.0,-0.0,0.0,-0.0,-0.0,0.0,-0.0,-0.0,0.0,-0.0
fresh,cp_hk,2,uniform_sorted,memberctl_cp_hk_uniform_sorted_s2,ukr_rus_suspended,raw_joint/prototype,-0.0,0.0,-0.0,-0.0,0.0,-0.0,-0.0,0.0,-0.0,-0.0,0.0,-0.0
fresh,cp_hk,2,uniform_sorted,memberctl_cp_hk_uniform_sorted_s2,ukr_rus_suspended,raw_joint/ridge,-0.0,0.0,-0.0,-0.0,0.0,-0.0,-0.0,0.0,-0.0,-0.0,0.0,-0.0
fresh,ukr_rus,0,lowest_shuffled,memberctl_ukr_rus_lowest_shuffled_s0,covid_political,M2_post_meta/prototype,0.5589644820601853,-0.01172496654369215,0.5706894486038775,-0.17805989583333337,-0.04427083333333337,-0.1337890625,0.5305248125669404,-0.007126163748515324,0.5376509763154558,-0.03975200653076172,-0.00039690732955932617,-0.03935509920120239
fresh,ukr_rus,0,lowest_shuffled,memberctl_ukr_rus_lowest_shuffled_s0,covid_political,M2_post_meta/ridge,0.5731641981336806,-0.00752173529730904,0.5806859334309896,-0.07747395833333337,-0.0439453125,-0.03352864583333337,0.5933710590137429,-0.006036756503168095,0.5994078155169109,-0.09056723117828369,-0.003284633159637451,-0.08728259801864624
fresh,ukr_rus,0,lowest_shuffled,memberctl_ukr_rus_lowest_shuffled_s0,covid_political,S0_conv_center/prototype,-0.0,0.0,-0.0,-0.0,0.0,-0.0,-0.0,5.551115123125783e-17,-5.551115123125783e-17,-0.0,0.0,-0.0
fresh,ukr_rus,0,lowest_shuffled,memberctl_ukr_rus_lowest_shuffled_s0,covid_political,S0_conv_center/ridge,-0.0,0.0,-0.0,-0.0,0.0,-0.0,-0.0,0.0,-0.0,-0.0,0.0,-0.0
fresh,ukr_rus,0,lowest_shuffled,memberctl_ukr_rus_lowest_shuffled_s0,covid_political,S0_pool/prototype,-1.1102230246251565e-16,0.0,-1.1102230246251565e-16,-0.0,0.0,-0.0,-0.0,0.0,-0.0,-0.0,0.0,-0.0
fresh,ukr_rus,0,lowest_shuffled,memberctl_ukr_rus_lowest_shuffled_s0,covid_political,S0_pool/ridge,-0.0,0.0,-0.0,-0.0,0.0,-0.0,-0.0,0.0,-0.0,-0.0,0.0,-0.0
fresh,ukr_rus,0,lowest_shuffled,memberctl_ukr_rus_lowest_shuffled_s0,covid_political,U1_pre_meta/prototype,0.03053905345775465,-0.01049041748046875,0.0410294709382234,0.07486979166666663,-0.02734375,0.10221354166666663,0.10485525503907855,-0.004240774732578001,0.10909602977165656,-0.02133256196975708,0.0010860562324523926,-0.022418618202209473
fresh,ukr_rus,0,lowest_shuffled,memberctl_ukr_rus_lowest_shuffled_s0,covid_political,U1_pre_meta/ridge,0.02958170572916685,-0.0249647917570891,0.05454649748625595,0.07845052083333337,-0.03645833333333326,0.11490885416666663,0.11258811681772407,-0.023215592446534483,0.13580370926425855,-0.06332802772521973,0.0069272518157958984,-0.07025527954101562
fresh,ukr_rus,0,lowest_shuffled,memberctl_ukr_rus_lowest_shuffled_s0,covid_political,final_input/prototype,0.5589644820601853,-0.01172496654369215,0.5706894486038775,-0.17805989583333337,-0.04427083333333337,-0.1337890625,0.5305248125669404,-0.007126163748515324,0.5376509763154558,-0.03975200653076172,-0.00039690732955932617,-0.03935509920120239
fresh,ukr_rus,0,lowest_shuffled,memberctl_ukr_rus_lowest_shuffled_s0,covid_political,final_input/ridge,0.5731641981336806,-0.00752173529730904,0.5806859334309896,-0.07747395833333337,-0.0439453125,-0.03352864583333337,0.5933710590137429,-0.006036756503168095,0.5994078155169109,-0.09056723117828369,-0.003284633159637451,-0.08728259801864624
fresh,ukr_rus,0,lowest_shuffled,memberctl_ukr_rus_lowest_shuffled_s0,covid_political,full_model,0.05207852964048043,0.07328655101634851,-0.02120802137586808,0.0546875,0.0,0.0546875,0.08459659685840948,0.0,0.08459659685840948,-0.244050532579422,0.05594944953918457,-0.29999998211860657
fresh,ukr_rus,0,lowest_shuffled,memberctl_ukr_rus_lowest_shuffled_s0,covid_political,raw_center/prototype,-0.0,0.0,-0.0,-0.0,0.0,-0.0,-0.0,0.0,-0.0,-0.0,0.0,-0.0
fresh,ukr_rus,0,lowest_shuffled,memberctl_ukr_rus_lowest_shuffled_s0,covid_political,raw_center/ridge,-0.0,0.0,-0.0,-0.0,0.0,-0.0,-0.0,0.0,-0.0,-0.0,0.0,-0.0
fresh,ukr_rus,0,lowest_shuffled,memberctl_ukr_rus_lowest_shuffled_s0,covid_political,raw_context/prototype,-1.1102230246251565e-16,1.1102230246251565e-16,-2.220446049250313e-16,-0.0,0.0,-0.0,-0.0,0.0,-0.0,-0.0,0.0,-0.0
fresh,ukr_rus,0,lowest_shuffled,memberctl_ukr_rus_lowest_shuffled_s0,covid_political,raw_context/ridge,-0.0,0.0,-0.0,-0.0,0.0,-0.0,-0.0,0.0,-0.0,-0.0,0.0,-0.0
fresh,ukr_rus,0,lowest_shuffled,memberctl_ukr_rus_lowest_shuffled_s0,covid_political,raw_joint/prototype,-0.0,0.0,-0.0,-0.0,0.0,-0.0,-0.0,0.0,-0.0,-0.0,0.0,-0.0
fresh,ukr_rus,0,lowest_shuffled,memberctl_ukr_rus_lowest_shuffled_s0,covid_political,raw_joint/ridge,-0.0,0.0,-0.0,-0.0,0.0,-0.0,-0.0,0.0,-0.0,-0.0,0.0,-0.0
fresh,ukr_rus,0,lowest_shuffled,memberctl_ukr_rus_lowest_shuffled_s0,election2020,M2_post_meta/prototype,0.44537353515625,-0.038970947265625,0.484344482421875,0.1796875,-0.046875,0.2265625,0.757396449704142,-0.03815004262574595,0.7955464923298879,-0.09287106990814209,-8.45789909362793e-05,-0.09278649091720581
fresh,ukr_rus,0,lowest_shuffled,memberctl_ukr_rus_lowest_shuffled_s0,election2020,M2_post_meta/ridge,0.44488525390625,-0.03387451171875,0.478759765625,0.23828125,-0.06640625,0.3046875,0.7925696594427245,-0.05804401109704527,0.8506136705397698,-0.19058340787887573,-0.0006788969039916992,-0.18990451097488403
fresh,ukr_rus,0,lowest_shuffled,memberctl_ukr_rus_lowest_shuffled_s0,election2020,S0_conv_center/prototype,-0.0,0.0,-0.0,-0.0,0.0,-0.0,-0.0,0.0,-0.0,-0.0,0.0,-0.0
fresh,ukr_rus,0,lowest_shuffled,memberctl_ukr_rus_lowest_shuffled_s0,election2020,S0_conv_center/ridge,-0.0,0.0,-0.0,-0.0,0.0,-0.0,-0.0,0.0,-0.0,-0.0,0.0,-0.0
fresh,ukr_rus,0,lowest_shuffled,memberctl_ukr_rus_lowest_shuffled_s0,election2020,S0_pool/prototype,-0.0,0.0,-0.0,-0.0,0.0,-0.0,-0.0,0.0,-0.0,-0.0,0.0,-0.0
fresh,ukr_rus,0,lowest_shuffled,memberctl_ukr_rus_lowest_shuffled_s0,election2020,S0_pool/ridge,-0.0,0.0,-0.0,-0.0,0.0,-0.0,-0.0,0.0,-0.0,-0.0,0.0,-0.0
fresh,ukr_rus,0,lowest_shuffled,memberctl_ukr_rus_lowest_shuffled_s0,election2020,U1_pre_meta/prototype,0.02227783203125,-0.04156494140625,0.0638427734375,0.05078125,-0.04296875,0.09375,0.04973702611497888,-0.041512939615129474,0.09124996573010835,-0.02412092685699463,0.0009600520133972168,-0.025080978870391846
fresh,ukr_rus,0,lowest_shuffled,memberctl_ukr_rus_lowest_shuffled_s0,election2020,U1_pre_meta/ridge,0.0169677734375,-0.06866455078125,0.08563232421875,0.04296875,-0.05859375,0.1015625,0.041512052372763786,-0.05603185136031841,0.0975439037330822,-0.07922422885894775,0.00737154483795166,-0.08659577369689941
fresh,ukr_rus,0,lowest_shuffled,memberctl_ukr_rus_lowest_shuffled_s0,election2020,final_input/prototype,0.44537353515625,-0.038970947265625,0.484344482421875,0.1796875,-0.046875,0.2265625,0.757396449704142,-0.03815004262574595,0.7955464923298879,-0.09287106990814209,-8.45789909362793e-05,-0.09278649091720581
fresh,ukr_rus,0,lowest_shuffled,memberctl_ukr_rus_lowest_shuffled_s0,election2020,final_input/ridge,0.44488525390625,-0.03387451171875,0.478759765625,0.23828125,-0.06640625,0.3046875,0.7925696594427245,-0.05804401109704527,0.8506136705397698,-0.19058340787887573,-0.0006788969039916992,-0.18990451097488403
fresh,ukr_rus,0,lowest_shuffled,memberctl_ukr_rus_lowest_shuffled_s0,election2020,full_model,0.09954833984375,0.19635009765625,-0.0968017578125,0.171875,0.0,0.171875,0.16174768518518523,0.0,0.16174768518518523,-0.5958631336688996,-0.10061955451965332,-0.4952435791492463
fresh,ukr_rus,0,lowest_shuffled,memberctl_ukr_rus_lowest_shuffled_s0,election2020,raw_center/prototype,-0.0,0.0,-0.0,-0.0,0.0,-0.0,-0.0,0.0,-0.0,-0.0,0.0,-0.0
fresh,ukr_rus,0,lowest_shuffled,memberctl_ukr_rus_lowest_shuffled_s0,election2020,raw_center/ridge,-0.0,0.0,-0.0,-0.0,0.0,-0.0,-0.0,0.0,-0.0,-0.0,0.0,-0.0
fresh,ukr_rus,0,lowest_shuffled,memberctl_ukr_rus_lowest_shuffled_s0,election2020,raw_context/prototype,-0.0,0.0,-0.0,-0.0,0.0,-0.0,-0.0,0.0,-0.0,-0.0,0.0,-0.0
fresh,ukr_rus,0,lowest_shuffled,memberctl_ukr_rus_lowest_shuffled_s0,election2020,raw_context/ridge,-0.0,0.0,-0.0,-0.0,0.0,-0.0,-0.0,0.0,-0.0,-0.0,0.0,-0.0
fresh,ukr_rus,0,lowest_shuffled,memberctl_ukr_rus_lowest_shuffled_s0,election2020,raw_joint/prototype,-0.0,0.0,-0.0,-0.0,0.0,-0.0,-0.0,0.0,-0.0,-0.0,0.0,-0.0
fresh,ukr_rus,0,lowest_shuffled,memberctl_ukr_rus_lowest_shuffled_s0,election2020,raw_joint/ridge,-0.0,0.0,-0.0,-0.0,0.0,-0.0,-0.0,0.0,-0.0,-0.0,0.0,-0.0
fresh,ukr_rus,0,lowest_shuffled,memberctl_ukr_rus_lowest_shuffled_s0,facebook_page_reference,M2_post_meta/prototype,0.12235832214355469,-0.010608673095703125,0.1329669952392578,0.099609375,-0.017578125,0.1171875,0.11738021542651977,-0.014184648454570126,0.1315648638810899,-0.03449136018753052,-0.0002002120018005371,-0.03429114818572998
fresh,ukr_rus,0,lowest_shuffled,memberctl_ukr_rus_lowest_shuffled_s0,facebook_page_reference,M2_post_meta/ridge,0.12630081176757812,0.000530242919921875,0.12577056884765625,0.109375,-0.017578125,0.126953125,0.12989222915484966,-0.015439466380992695,0.14533169553584235,-0.06684303283691406,-0.0018987059593200684,-0.064944326877594
fresh,ukr_rus,0,lowest_shuffled,memberctl_ukr_rus_lowest_shuffled_s0,facebook_page_reference,S0_conv_center/prototype,-0.0,0.0,-0.0,-0.0,0.0,-0.0,-0.0,0.0,-0.0,-0.0,0.0,-0.0
fresh,ukr_rus,0,lowest_shuffled,memberctl_ukr_rus_lowest_shuffled_s0,facebook_page_reference,S0_conv_center/ridge,-0.0,0.0,-0.0,-0.0,0.0,-0.0,-0.0,0.0,-0.0,-0.0,0.0,-0.0
fresh,ukr_rus,0,lowest_shuffled,memberctl_ukr_rus_lowest_shuffled_s0,facebook_page_reference,S0_pool/prototype,-0.0,0.0,-0.0,-0.0,0.0,-0.0,-0.0,0.0,-0.0,-0.0,0.0,-0.0
fresh,ukr_rus,0,lowest_shuffled,memberctl_ukr_rus_lowest_shuffled_s0,facebook_page_reference,S0_pool/ridge,-0.0,0.0,-0.0,-0.0,0.0,-0.0,-0.0,0.0,-0.0,-0.0,0.0,-0.0
fresh,ukr_rus,0,lowest_shuffled,memberctl_ukr_rus_lowest_shuffled_s0,facebook_page_reference,U1_pre_meta/prototype,-0.08364486694335938,-0.03193092346191406,-0.05171394348144531,-0.076171875,-0.02734375,-0.048828125,-0.07358934419334529,-0.021624439741035895,-0.05196490445230939,0.008166491985321045,0.0004469156265258789,0.007719576358795166
fresh,ukr_rus,0,lowest_shuffled,memberctl_ukr_rus_lowest_shuffled_s0,facebook_page_reference,U1_pre_meta/ridge,-0.08014297485351562,-0.03835105895996094,-0.04179191589355469,-0.087890625,-0.04296875,-0.044921875,-0.08744674552404985,-0.037584322548640525,-0.049862422975409326,0.0217130184173584,0.0038661956787109375,0.01784682273864746
fresh,ukr_rus,0,lowest_shuffled,memberctl_ukr_rus_lowest_shuffled_s0,facebook_page_reference,final_input/prototype,0.12235832214355469,-0.010608673095703125,0.1329669952392578,0.099609375,-0.017578125,0.1171875,0.11738021542651977,-0.014184648454570126,0.1315648638810899,-0.03449136018753052,-0.0002002120018005371,-0.03429114818572998
fresh,ukr_rus,0,lowest_shuffled,memberctl_ukr_rus_lowest_shuffled_s0,facebook_page_reference,final_input/ridge,0.12630081176757812,0.000530242919921875,0.12577056884765625,0.109375,-0.017578125,0.126953125,0.12989222915484966,-0.015439466380992695,0.14533169553584235,-0.06684303283691406,-0.0018987059593200684,-0.064944326877594
fresh,ukr_rus,0,lowest_shuffled,memberctl_ukr_rus_lowest_shuffled_s0,facebook_page_reference,full_model,0.00104522705078125,0.0037517547607421875,-0.0027065277099609375,-0.009765625,-0.00390625,-0.005859375,-0.00597983806395419,-0.03507248364071264,0.029092645576758447,0.16626083850860596,7.325410842895508e-05,0.166187584400177
fresh,ukr_rus,0,lowest_shuffled,memberctl_ukr_rus_lowest_shuffled_s0,facebook_page_reference,raw_center/prototype,1.1102230246251565e-16,-1.1102230246251565e-16,2.220446049250313e-16,-0.0,0.0,-0.0,-0.0,0.0,-0.0,-0.0,0.0,-0.0
fresh,ukr_rus,0,lowest_shuffled,memberctl_ukr_rus_lowest_shuffled_s0,facebook_page_reference,raw_center/ridge,-0.0,0.0,-0.0,-0.0,0.0,-0.0,-0.0,0.0,-0.0,-0.0,0.0,-0.0
fresh,ukr_rus,0,lowest_shuffled,memberctl_ukr_rus_lowest_shuffled_s0,facebook_page_reference,raw_context/prototype,-0.0,0.0,-0.0,-0.0,0.0,-0.0,-0.0,0.0,-0.0,-0.0,0.0,-0.0
fresh,ukr_rus,0,lowest_shuffled,memberctl_ukr_rus_lowest_shuffled_s0,facebook_page_reference,raw_context/ridge,-0.0,0.0,-0.0,-0.0,0.0,-0.0,-0.0,0.0,-0.0,-0.0,0.0,-0.0
fresh,ukr_rus,0,lowest_shuffled,memberctl_ukr_rus_lowest_shuffled_s0,facebook_page_reference,raw_joint/prototype,-0.0,0.0,-0.0,-0.0,0.0,-0.0,-0.0,0.0,-0.0,-0.0,0.0,-0.0
fresh,ukr_rus,0,lowest_shuffled,memberctl_ukr_rus_lowest_shuffled_s0,facebook_page_reference,raw_joint/ridge,1.1102230246251565e-16,-1.1102230246251565e-16,2.220446049250313e-16,-0.0,0.0,-0.0,-0.0,0.0,-0.0,-0.0,0.0,-0.0
fresh,ukr_rus,0,lowest_shuffled,memberctl_ukr_rus_lowest_shuffled_s0,twibot20,M2_post_meta/prototype,0.15478981865776908,-0.005107455783420201,0.15989727444118929,0.07259114583333331,0.0009765625,0.07161458333333331,0.4104158278841711,0.0001342817257196094,0.41028154615845147,-0.0036736726760864258,-0.0012281537055969238,-0.002445518970489502
fresh,ukr_rus,0,lowest_shuffled,memberctl_ukr_rus_lowest_shuffled_s0,twibot20,M2_post_meta/ridge,0.16830952962239593,-0.0043254428439668535,0.17263497246636278,0.07421874999999994,0.001953125,0.07226562499999994,0.448842805425023,0.0005673392847991288,0.44827546614022384,0.003712773323059082,-0.008059322834014893,0.011772096157073975
fresh,ukr_rus,0,lowest_shuffled,memberctl_ukr_rus_lowest_shuffled_s0,twibot20,S0_conv_center/prototype,-0.0,0.0,-0.0,-0.0,0.0,-0.0,-0.0,0.0,-0.0,-0.0,0.0,-0.0
fresh,ukr_rus,0,lowest_shuffled,memberctl_ukr_rus_lowest_shuffled_s0,twibot20,S0_conv_center/ridge,-0.0,0.0,-0.0,-0.0,0.0,-0.0,-0.0,0.0,-0.0,-0.0,0.0,-0.0
fresh,ukr_rus,0,lowest_shuffled,memberctl_ukr_rus_lowest_shuffled_s0,twibot20,S0_pool/prototype,-0.0,0.0,-0.0,-0.0,0.0,-0.0,-0.0,0.0,-0.0,-0.0,0.0,-0.0
fresh,ukr_rus,0,lowest_shuffled,memberctl_ukr_rus_lowest_shuffled_s0,twibot20,S0_pool/ridge,-0.0,0.0,-0.0,-0.0,0.0,-0.0,-0.0,0.0,-0.0,-0.0,0.0,-0.0
fresh,ukr_rus,0,lowest_shuffled,memberctl_ukr_rus_lowest_shuffled_s0,twibot20,U1_pre_meta/prototype,-0.009961658053927902,-0.005480872260199665,-0.004480785793728237,-0.005859375,-0.00032552083333337034,-0.00553385416666663,-0.0159130753313641,0.0013396811735613134,-0.017252756504925415,0.004354119300842285,0.004200100898742676,0.00015401840209960938
fresh,ukr_rus,0,lowest_shuffled,memberctl_ukr_rus_lowest_shuffled_s0,twibot20,U1_pre_meta/ridge,0.0012613932291666297,-0.006233639187282924,0.007495032416449554,-0.0029296875,0.0032552083333332593,-0.006184895833333259,-0.00792113554955709,0.003817043305186618,-0.011738178854743708,0.0035505294799804688,0.013007164001464844,-0.009456634521484375
fresh,ukr_rus,0,lowest_shuffled,memberctl_ukr_rus_lowest_shuffled_s0,twibot20,final_input/prototype,0.15478981865776908,-0.005107455783420201,0.15989727444118929,0.07259114583333331,0.0009765625,0.07161458333333331,0.4104158278841711,0.0001342817257196094,0.41028154615845147,-0.0036736726760864258,-0.0012281537055969238,-0.002445518970489502
fresh,ukr_rus,0,lowest_shuffled,memberctl_ukr_rus_lowest_shuffled_s0,twibot20,final_input/ridge,0.16830952962239593,-0.0043254428439668535,0.17263497246636278,0.07421874999999994,0.001953125,0.07226562499999994,0.448842805425023,0.0005673392847991288,0.44827546614022384,0.003712773323059082,-0.008059322834014893,0.011772096157073975
fresh,ukr_rus,0,lowest_shuffled,memberctl_ukr_rus_lowest_shuffled_s0,twibot20,full_model,-0.021950827704535603,0.026608573065863728,-0.04855940077039933,-0.00553385416666663,0.0,-0.00553385416666663,-0.05680927436691796,0.0,-0.05680927436691796,0.2867749333381653,-0.023514628410339355,0.31028956174850464
fresh,ukr_rus,0,lowest_shuffled,memberctl_ukr_rus_lowest_shuffled_s0,twibot20,raw_center/prototype,-0.0,0.0,-0.0,-0.0,0.0,-0.0,-5.551115123125783e-17,5.551115123125783e-17,-1.1102230246251565e-16,-0.0,0.0,-0.0
fresh,ukr_rus,0,lowest_shuffled,memberctl_ukr_rus_lowest_shuffled_s0,twibot20,raw_center/ridge,-0.0,0.0,-0.0,-0.0,0.0,-0.0,-5.551115123125783e-17,5.551115123125783e-17,-1.1102230246251565e-16,-0.0,0.0,-0.0
fresh,ukr_rus,0,lowest_shuffled,memberctl_ukr_rus_lowest_shuffled_s0,twibot20,raw_context/prototype,-0.0,0.0,-0.0,-0.0,0.0,-0.0,-0.0,0.0,-0.0,-0.0,0.0,-0.0
fresh,ukr_rus,0,lowest_shuffled,memberctl_ukr_rus_lowest_shuffled_s0,twibot20,raw_context/ridge,-0.0,0.0,-0.0,-0.0,0.0,-0.0,-0.0,0.0,-0.0,-0.0,0.0,-0.0
fresh,ukr_rus,0,lowest_shuffled,memberctl_ukr_rus_lowest_shuffled_s0,twibot20,raw_joint/prototype,-0.0,0.0,-0.0,-0.0,0.0,-0.0,-0.0,0.0,-0.0,-0.0,0.0,-0.0
fresh,ukr_rus,0,lowest_shuffled,memberctl_ukr_rus_lowest_shuffled_s0,twibot20,raw_joint/ridge,-0.0,0.0,-0.0,-0.0,0.0,-0.0,-0.0,0.0,-0.0,-0.0,0.0,-0.0
fresh,ukr_rus,0,lowest_shuffled,memberctl_ukr_rus_lowest_shuffled_s0,ukr_rus_suspended,M2_post_meta/prototype,0.13726806640625,0.007965087890625,0.129302978515625,0.04296875,0.03515625,0.0078125,0.3985890652557319,-5.7249177043083854e-05,0.398646314432775,-0.002070307731628418,-5.650520324707031e-05,-0.0020138025283813477
fresh,ukr_rus,0,lowest_shuffled,memberctl_ukr_rus_lowest_shuffled_s0,ukr_rus_suspended,M2_post_meta/ridge,0.12213134765625,0.0052490234375,0.11688232421875,0.02734375,0.05078125,-0.0234375,0.3907343769886725,0.010997442455243034,0.3797369345334295,0.00799417495727539,-0.00046306848526000977,0.0084572434425354
fresh,ukr_rus,0,lowest_shuffled,memberctl_ukr_rus_lowest_shuffled_s0,ukr_rus_suspended,S0_conv_center/prototype,-0.0,0.0,-0.0,-0.0,0.0,-0.0,-0.0,0.0,-0.0,-0.0,0.0,-0.0
fresh,ukr_rus,0,lowest_shuffled,memberctl_ukr_rus_lowest_shuffled_s0,ukr_rus_suspended,S0_conv_center/ridge,-0.0,0.0,-0.0,-0.0,0.0,-0.0,-0.0,0.0,-0.0,-0.0,0.0,-0.0
fresh,ukr_rus,0,lowest_shuffled,memberctl_ukr_rus_lowest_shuffled_s0,ukr_rus_suspended,S0_pool/prototype,-0.0,0.0,-0.0,-0.0,0.0,-0.0,-0.0,0.0,-0.0,-0.0,0.0,-0.0
fresh,ukr_rus,0,lowest_shuffled,memberctl_ukr_rus_lowest_shuffled_s0,ukr_rus_suspended,S0_pool/ridge,-0.0,0.0,-0.0,-0.0,0.0,-0.0,-0.0,0.0,-0.0,-0.0,0.0,-0.0
fresh,ukr_rus,0,lowest_shuffled,memberctl_ukr_rus_lowest_shuffled_s0,ukr_rus_suspended,U1_pre_meta/prototype,-0.02569580078125,-0.0010986328125,-0.02459716796875,-0.03125,0.0078125,-0.0390625,-0.039809389891414804,-0.011112637572316064,-0.02869675231909874,0.0003895759582519531,8.26120376586914e-05,0.0003069639205932617
fresh,ukr_rus,0,lowest_shuffled,memberctl_ukr_rus_lowest_shuffled_s0,ukr_rus_suspended,U1_pre_meta/ridge,-0.03643798828125,-0.00164794921875,-0.0347900390625,-0.046875,-0.00390625,-0.04296875,-0.031065897832575406,-0.020799124247400158,-0.010266773585175248,0.00031316280364990234,0.00036388635635375977,-5.072355270385742e-05
fresh,ukr_rus,0,lowest_shuffled,memberctl_ukr_rus_lowest_shuffled_s0,ukr_rus_suspended,final_input/prototype,0.13726806640625,0.007965087890625,0.129302978515625,0.04296875,0.03515625,0.0078125,0.3985890652557319,-5.7249177043083854e-05,0.398646314432775,-0.002070307731628418,-5.650520324707031e-05,-0.0020138025283813477
fresh,ukr_rus,0,lowest_shuffled,memberctl_ukr_rus_lowest_shuffled_s0,ukr_rus_suspended,final_input/ridge,0.12213134765625,0.0052490234375,0.11688232421875,0.02734375,0.05078125,-0.0234375,0.3907343769886725,0.010997442455243034,0.3797369345334295,0.00799417495727539,-0.00046306848526000977,0.0084572434425354
fresh,ukr_rus,0,lowest_shuffled,memberctl_ukr_rus_lowest_shuffled_s0,ukr_rus_suspended,full_model,-0.00836181640625,-0.012664794921875,0.004302978515625,-0.046875,0.0,-0.046875,-0.07134630803994468,0.0,-0.07134630803994468,0.18999767303466797,-0.06999927759170532,0.2599969506263733
fresh,ukr_rus,0,lowest_shuffled,memberctl_ukr_rus_lowest_shuffled_s0,ukr_rus_suspended,raw_center/prototype,-0.0,0.0,-0.0,-0.0,0.0,-0.0,-0.0,0.0,-0.0,-0.0,0.0,-0.0
fresh,ukr_rus,0,lowest_shuffled,memberctl_ukr_rus_lowest_shuffled_s0,ukr_rus_suspended,raw_center/ridge,-0.0,0.0,-0.0,-0.0,0.0,-0.0,-0.0,0.0,-0.0,-0.0,0.0,-0.0
fresh,ukr_rus,0,lowest_shuffled,memberctl_ukr_rus_lowest_shuffled_s0,ukr_rus_suspended,raw_context/prototype,-0.0,0.0,-0.0,-0.0,0.0,-0.0,-0.0,0.0,-0.0,-0.0,0.0,-0.0
fresh,ukr_rus,0,lowest_shuffled,memberctl_ukr_rus_lowest_shuffled_s0,ukr_rus_suspended,raw_context/ridge,-0.0,0.0,-0.0,-0.0,0.0,-0.0,-0.0,0.0,-0.0,-0.0,0.0,-0.0
fresh,ukr_rus,0,lowest_shuffled,memberctl_ukr_rus_lowest_shuffled_s0,ukr_rus_suspended,raw_joint/prototype,-0.0,0.0,-0.0,-0.0,0.0,-0.0,-0.0,0.0,-0.0,-0.0,0.0,-0.0
fresh,ukr_rus,0,lowest_shuffled,memberctl_ukr_rus_lowest_shuffled_s0,ukr_rus_suspended,raw_joint/ridge,-0.0,0.0,-0.0,-0.0,0.0,-0.0,-0.0,0.0,-0.0,-0.0,0.0,-0.0
fresh,ukr_rus,0,lowest_sorted,memberctl_ukr_rus_lowest_sorted_s0,covid_political,M2_post_meta/prototype,0.6142402931495949,0.04370964898003493,0.57053064416956,0.1416015625,-0.02571614583333337,0.16731770833333337,0.34986732695013434,0.05101275318829712,0.2988545737618372,-0.0224534273147583,-0.0003294944763183594,-0.02212393283843994
fresh,ukr_rus,0,lowest_sorted,memberctl_ukr_rus_lowest_sorted_s0,covid_political,M2_post_meta/ridge,0.6137825294777198,0.04658875641999427,0.5671937730577256,0.16666666666666669,-0.0234375,0.19010416666666669,0.36154574872840894,0.052400297136182716,0.30914545159222623,-0.049249887466430664,-0.002975642681121826,-0.04627424478530884
fresh,ukr_rus,0,lowest_sorted,memberctl_ukr_rus_lowest_sorted_s0,covid_political,S0_conv_center/prototype,-0.0,0.0,-0.0,-0.0,0.0,-0.0,-0.0,5.551115123125783e-17,-5.551115123125783e-17,-0.0,0.0,-0.0
fresh,ukr_rus,0,lowest_sorted,memberctl_ukr_rus_lowest_sorted_s0,covid_political,S0_conv_center/ridge,-0.0,0.0,-0.0,-0.0,0.0,-0.0,-0.0,0.0,-0.0,-0.0,0.0,-0.0
fresh,ukr_rus,0,lowest_sorted,memberctl_ukr_rus_lowest_sorted_s0,covid_political,S0_pool/prototype,-1.1102230246251565e-16,0.0,-1.1102230246251565e-16,-0.0,0.0,-0.0,-0.0,0.0,-0.0,-0.0,0.0,-0.0
fresh,ukr_rus,0,lowest_sorted,memberctl_ukr_rus_lowest_sorted_s0,covid_political,S0_pool/ridge,-0.0,0.0,-0.0,-0.0,0.0,-0.0,-0.0,0.0,-0.0,-0.0,0.0,-0.0
fresh,ukr_rus,0,lowest_sorted,memberctl_ukr_rus_lowest_sorted_s0,covid_political,U1_pre_meta/prototype,0.03073996084707753,0.04410072609230331,-0.01336076524522578,0.08723958333333337,-0.0107421875,0.09798177083333337,0.128978864272982,0.05087777092305207,0.07810109334992993,-0.0318339467048645,0.0010883808135986328,-0.032922327518463135
fresh,ukr_rus,0,lowest_sorted,memberctl_ukr_rus_lowest_sorted_s0,covid_political,U1_pre_meta/ridge,0.02603092900028925,0.02751131410951968,-0.001480385109230431,0.07779947916666663,-0.01888020833333326,0.09667968749999989,0.11647572703679854,0.02832440587016516,0.08815132116663338,-0.07378053665161133,0.006514489650726318,-0.08029502630233765
fresh,ukr_rus,0,lowest_sorted,memberctl_ukr_rus_lowest_sorted_s0,covid_political,final_input/prototype,0.6142402931495949,0.04370964898003493,0.57053064416956,0.1416015625,-0.02571614583333337,0.16731770833333337,0.34986732695013434,0.05101275318829712,0.2988545737618372,-0.0224534273147583,-0.0003294944763183594,-0.02212393283843994
fresh,ukr_rus,0,lowest_sorted,memberctl_ukr_rus_lowest_sorted_s0,covid_political,final_input/ridge,0.6137825294777198,0.04658875641999427,0.5671937730577256,0.16666666666666669,-0.0234375,0.19010416666666669,0.36154574872840894,0.052400297136182716,0.30914545159222623,-0.049249887466430664,-0.002975642681121826,-0.04627424478530884
fresh,ukr_rus,0,lowest_sorted,memberctl_ukr_rus_lowest_sorted_s0,covid_political,full_model,0.1354816578052661,-0.021020112214264974,0.15650177001953108,0.07779947916666663,0.0,0.07779947916666663,0.19096143566471258,0.0,0.19096143566471258,-0.1393924355506897,-0.003946840763092041,-0.13544559478759766
fresh,ukr_rus,0,lowest_sorted,memberctl_ukr_rus_lowest_sorted_s0,covid_political,raw_center/prototype,-0.0,0.0,-0.0,-0.0,0.0,-0.0,-0.0,0.0,-0.0,-0.0,0.0,-0.0
fresh,ukr_rus,0,lowest_sorted,memberctl_ukr_rus_lowest_sorted_s0,covid_political,raw_center/ridge,-0.0,0.0,-0.0,-0.0,0.0,-0.0,-0.0,0.0,-0.0,-0.0,0.0,-0.0
fresh,ukr_rus,0,lowest_sorted,memberctl_ukr_rus_lowest_sorted_s0,covid_political,raw_context/prototype,-1.1102230246251565e-16,1.1102230246251565e-16,-2.220446049250313e-16,-0.0,0.0,-0.0,-0.0,0.0,-0.0,-0.0,0.0,-0.0
fresh,ukr_rus,0,lowest_sorted,memberctl_ukr_rus_lowest_sorted_s0,covid_political,raw_context/ridge,-0.0,0.0,-0.0,-0.0,0.0,-0.0,-0.0,0.0,-0.0,-0.0,0.0,-0.0
fresh,ukr_rus,0,lowest_sorted,memberctl_ukr_rus_lowest_sorted_s0,covid_political,raw_joint/prototype,-0.0,0.0,-0.0,-0.0,0.0,-0.0,-0.0,0.0,-0.0,-0.0,0.0,-0.0
fresh,ukr_rus,0,lowest_sorted,memberctl_ukr_rus_lowest_sorted_s0,covid_political,raw_joint/ridge,-0.0,0.0,-0.0,-0.0,0.0,-0.0,-0.0,0.0,-0.0,-0.0,0.0,-0.0
fresh,ukr_rus,0,lowest_sorted,memberctl_ukr_rus_lowest_sorted_s0,election2020,M2_post_meta/prototype,0.5517578125,-0.016021728515625,0.567779541015625,0.4453125,-0.015625,0.4609375,0.4999702008462959,-0.017538126361655748,0.5175083272079517,-0.06278932094573975,-4.875659942626953e-05,-0.06274056434631348
fresh,ukr_rus,0,lowest_sorted,memberctl_ukr_rus_lowest_sorted_s0,election2020,M2_post_meta/ridge,0.55322265625,-0.01495361328125,0.56817626953125,0.4375,-0.0234375,0.4609375,0.4937270682921056,-0.025020919354174942,0.5187479876462806,-0.2087184190750122,-0.0003815889358520508,-0.20833683013916016
fresh,ukr_rus,0,lowest_sorted,memberctl_ukr_rus_lowest_sorted_s0,election2020,S0_conv_center/prototype,-0.0,0.0,-0.0,-0.0,0.0,-0.0,-0.0,0.0,-0.0,-0.0,0.0,-0.0
fresh,ukr_rus,0,lowest_sorted,memberctl_ukr_rus_lowest_sorted_s0,election2020,S0_conv_center/ridge,-0.0,0.0,-0.0,-0.0,0.0,-0.0,-0.0,0.0,-0.0,-0.0,0.0,-0.0
fresh,ukr_rus,0,lowest_sorted,memberctl_ukr_rus_lowest_sorted_s0,election2020,S0_pool/prototype,-0.0,0.0,-0.0,-0.0,0.0,-0.0,-0.0,0.0,-0.0,-0.0,0.0,-0.0
fresh,ukr_rus,0,lowest_sorted,memberctl_ukr_rus_lowest_sorted_s0,election2020,S0_pool/ridge,-0.0,0.0,-0.0,-0.0,0.0,-0.0,-0.0,0.0,-0.0,-0.0,0.0,-0.0
fresh,ukr_rus,0,lowest_sorted,memberctl_ukr_rus_lowest_sorted_s0,election2020,U1_pre_meta/prototype,0.0252685546875,-0.022918701171875,0.048187255859375,0.08203125,0.0,0.08203125,0.07903954971408045,0.0,0.07903954971408045,-0.03430342674255371,0.0009971261024475098,-0.03530055284500122
fresh,ukr_rus,0,lowest_sorted,memberctl_ukr_rus_lowest_sorted_s0,election2020,U1_pre_meta/ridge,0.0201416015625,-0.05706787109375,0.07720947265625,0.07421875,-0.015625,0.08984375,0.0721633933689324,-0.017236097236097203,0.08939949060502961,-0.09485447406768804,0.007713913917541504,-0.10256838798522955
fresh,ukr_rus,0,lowest_sorted,memberctl_ukr_rus_lowest_sorted_s0,election2020,final_input/prototype,0.5517578125,-0.016021728515625,0.567779541015625,0.4453125,-0.015625,0.4609375,0.4999702008462959,-0.017538126361655748,0.5175083272079517,-0.06278932094573975,-4.875659942626953e-05,-0.06274056434631348
fresh,ukr_rus,0,lowest_sorted,memberctl_ukr_rus_lowest_sorted_s0,election2020,final_input/ridge,0.55322265625,-0.01495361328125,0.56817626953125,0.4375,-0.0234375,0.4609375,0.4937270682921056,-0.025020919354174942,0.5187479876462806,-0.2087184190750122,-0.0003815889358520508,-0.20833683013916016
fresh,ukr_rus,0,lowest_sorted,memberctl_ukr_rus_lowest_sorted_s0,election2020,full_model,0.0740966796875,0.11572265625,-0.0416259765625,0.15625,0.0,0.15625,0.1418455786551861,0.0,0.1418455786551861,-0.5628862082958221,0.2130429744720459,-0.775929182767868
fresh,ukr_rus,0,lowest_sorted,memberctl_ukr_rus_lowest_sorted_s0,election2020,raw_center/prototype,-0.0,0.0,-0.0,-0.0,0.0,-0.0,-0.0,0.0,-0.0,-0.0,0.0,-0.0
fresh,ukr_rus,0,lowest_sorted,memberctl_ukr_rus_lowest_sorted_s0,election2020,raw_center/ridge,-0.0,0.0,-0.0,-0.0,0.0,-0.0,-0.0,0.0,-0.0,-0.0,0.0,-0.0
fresh,ukr_rus,0,lowest_sorted,memberctl_ukr_rus_lowest_sorted_s0,election2020,raw_context/prototype,-0.0,0.0,-0.0,-0.0,0.0,-0.0,-0.0,0.0,-0.0,-0.0,0.0,-0.0
fresh,ukr_rus,0,lowest_sorted,memberctl_ukr_rus_lowest_sorted_s0,election2020,raw_context/ridge,-0.0,0.0,-0.0,-0.0,0.0,-0.0,-0.0,0.0,-0.0,-0.0,0.0,-0.0
fresh,ukr_rus,0,lowest_sorted,memberctl_ukr_rus_lowest_sorted_s0,election2020,raw_joint/prototype,-0.0,0.0,-0.0,-0.0,0.0,-0.0,-0.0,0.0,-0.0,-0.0,0.0,-0.0
fresh,ukr_rus,0,lowest_sorted,memberctl_ukr_rus_lowest_sorted_s0,election2020,raw_joint/ridge,-0.0,0.0,-0.0,-0.0,0.0,-0.0,-0.0,0.0,-0.0,-0.0,0.0,-0.0
fresh,ukr_rus,0,lowest_sorted,memberctl_ukr_rus_lowest_sorted_s0,facebook_page_reference,M2_post_meta/prototype,0.017042160034179688,-0.05391693115234375,0.07095909118652344,-0.001953125,-0.04296875,0.041015625,0.012298104073841687,-0.03915397551353983,0.051452079587381516,-0.025120854377746582,-0.00014823675155639648,-0.024972617626190186
fresh,ukr_rus,0,lowest_sorted,memberctl_ukr_rus_lowest_sorted_s0,facebook_page_reference,M2_post_meta/ridge,0.01332855224609375,-0.042724609375,0.05605316162109375,-0.0087890625,-0.0419921875,0.033203125,0.005189745335565044,-0.03651838357720716,0.0417081289127722,-0.04582977294921875,-0.00139695405960083,-0.04443281888961792
fresh,ukr_rus,0,lowest_sorted,memberctl_ukr_rus_lowest_sorted_s0,facebook_page_reference,S0_conv_center/prototype,-0.0,0.0,-0.0,-0.0,0.0,-0.0,-0.0,0.0,-0.0,-0.0,0.0,-0.0
fresh,ukr_rus,0,lowest_sorted,memberctl_ukr_rus_lowest_sorted_s0,facebook_page_reference,S0_conv_center/ridge,-0.0,0.0,-0.0,-0.0,0.0,-0.0,-0.0,0.0,-0.0,-0.0,0.0,-0.0
fresh,ukr_rus,0,lowest_sorted,memberctl_ukr_rus_lowest_sorted_s0,facebook_page_reference,S0_pool/prototype,-0.0,0.0,-0.0,-0.0,0.0,-0.0,-0.0,0.0,-0.0,-0.0,0.0,-0.0
fresh,ukr_rus,0,lowest_sorted,memberctl_ukr_rus_lowest_sorted_s0,facebook_page_reference,S0_pool/ridge,-0.0,0.0,-0.0,-0.0,0.0,-0.0,-0.0,0.0,-0.0,-0.0,0.0,-0.0
fresh,ukr_rus,0,lowest_sorted,memberctl_ukr_rus_lowest_sorted_s0,facebook_page_reference,U1_pre_meta/prototype,-0.05683135986328125,-0.08089637756347656,0.024065017700195312,-0.0439453125,-0.0615234375,0.017578125,-0.044391848986895965,-0.06098697380942042,0.016595124822524454,0.0054094791412353516,0.0004794597625732422,0.004930019378662109
fresh,ukr_rus,0,lowest_sorted,memberctl_ukr_rus_lowest_sorted_s0,facebook_page_reference,U1_pre_meta/ridge,-0.0570068359375,-0.08757400512695312,0.030567169189453125,-0.046875,-0.0712890625,0.0244140625,-0.04701273261508321,-0.06629835334228706,0.019285620727203856,0.012684404850006104,0.004203498363494873,0.00848090648651123
fresh,ukr_rus,0,lowest_sorted,memberctl_ukr_rus_lowest_sorted_s0,facebook_page_reference,final_input/prototype,0.017042160034179688,-0.05391693115234375,0.07095909118652344,-0.001953125,-0.04296875,0.041015625,0.012298104073841687,-0.03915397551353983,0.051452079587381516,-0.025120854377746582,-0.00014823675155639648,-0.024972617626190186
fresh,ukr_rus,0,lowest_sorted,memberctl_ukr_rus_lowest_sorted_s0,facebook_page_reference,final_input/ridge,0.01332855224609375,-0.042724609375,0.05605316162109375,-0.0087890625,-0.0419921875,0.033203125,0.005189745335565044,-0.03651838357720716,0.0417081289127722,-0.04582977294921875,-0.00139695405960083,-0.04443281888961792
fresh,ukr_rus,0,lowest_sorted,memberctl_ukr_rus_lowest_sorted_s0,facebook_page_reference,full_model,0.10160446166992188,0.0033111572265625,0.09829330444335938,0.0810546875,-0.0029296875,0.083984375,0.06804825928234348,0.013612253412003172,0.05443600587034031,0.14786535501480103,1.8477439880371094e-05,0.14784687757492065
fresh,ukr_rus,0,lowest_sorted,memberctl_ukr_rus_lowest_sorted_s0,facebook_page_reference,raw_center/prototype,1.1102230246251565e-16,-1.1102230246251565e-16,2.220446049250313e-16,-0.0,0.0,-0.0,-0.0,0.0,-0.0,-0.0,0.0,-0.0
fresh,ukr_rus,0,lowest_sorted,memberctl_ukr_rus_lowest_sorted_s0,facebook_page_reference,raw_center/ridge,-0.0,0.0,-0.0,-0.0,0.0,-0.0,-0.0,0.0,-0.0,-0.0,0.0,-0.0
fresh,ukr_rus,0,lowest_sorted,memberctl_ukr_rus_lowest_sorted_s0,facebook_page_reference,raw_context/prototype,-0.0,0.0,-0.0,-0.0,0.0,-0.0,-0.0,0.0,-0.0,-0.0,0.0,-0.0
fresh,ukr_rus,0,lowest_sorted,memberctl_ukr_rus_lowest_sorted_s0,facebook_page_reference,raw_context/ridge,-0.0,0.0,-0.0,-0.0,0.0,-0.0,-0.0,0.0,-0.0,-0.0,0.0,-0.0
fresh,ukr_rus,0,lowest_sorted,memberctl_ukr_rus_lowest_sorted_s0,facebook_page_reference,raw_joint/prototype,-0.0,0.0,-0.0,-0.0,0.0,-0.0,-0.0,0.0,-0.0,-0.0,0.0,-0.0
fresh,ukr_rus,0,lowest_sorted,memberctl_ukr_rus_lowest_sorted_s0,facebook_page_reference,raw_joint/ridge,1.1102230246251565e-16,-1.1102230246251565e-16,2.220446049250313e-16,-0.0,0.0,-0.0,-0.0,0.0,-0.0,-0.0,0.0,-0.0
fresh,ukr_rus,0,lowest_sorted,memberctl_ukr_rus_lowest_sorted_s0,twibot20,M2_post_meta/prototype,0.12316449483235681,-0.003726959228515625,0.12689145406087243,0.044270833333333315,-0.00618489583333337,0.050455729166666685,0.5874677122245892,-0.009139439323393672,0.5966071515479828,-0.004368126392364502,-0.0005481243133544922,-0.0038200020790100098
fresh,ukr_rus,0,lowest_sorted,memberctl_ukr_rus_lowest_sorted_s0,twibot20,M2_post_meta/ridge,0.12358368767632377,-0.003028021918402679,0.12661170959472645,0.043294270833333315,-0.005859375,0.049153645833333315,0.5992143372140087,-0.008463541279747244,0.607677878493756,-0.004707396030426025,-0.003945887088775635,-0.0007615089416503906
fresh,ukr_rus,0,lowest_sorted,memberctl_ukr_rus_lowest_sorted_s0,twibot20,S0_conv_center/prototype,-0.0,0.0,-0.0,-0.0,0.0,-0.0,-0.0,0.0,-0.0,-0.0,0.0,-0.0
fresh,ukr_rus,0,lowest_sorted,memberctl_ukr_rus_lowest_sorted_s0,twibot20,S0_conv_center/ridge,-0.0,0.0,-0.0,-0.0,0.0,-0.0,-0.0,0.0,-0.0,-0.0,0.0,-0.0
fresh,ukr_rus,0,lowest_sorted,memberctl_ukr_rus_lowest_sorted_s0,twibot20,S0_pool/prototype,-0.0,0.0,-0.0,-0.0,0.0,-0.0,-0.0,0.0,-0.0,-0.0,0.0,-0.0
fresh,ukr_rus,0,lowest_sorted,memberctl_ukr_rus_lowest_sorted_s0,twibot20,S0_pool/ridge,-0.0,0.0,-0.0,-0.0,0.0,-0.0,-0.0,0.0,-0.0,-0.0,0.0,-0.0
fresh,ukr_rus,0,lowest_sorted,memberctl_ukr_rus_lowest_sorted_s0,twibot20,U1_pre_meta/prototype,-0.02265336778428817,-0.004562166002061496,-0.018091201782226674,-0.02018229166666674,-0.005533854166666741,-0.0146484375,-0.032666935014982856,-0.006007486420019248,-0.02665944859496361,0.004275202751159668,0.005154848098754883,-0.0008796453475952148
fresh,ukr_rus,0,lowest_sorted,memberctl_ukr_rus_lowest_sorted_s0,twibot20,U1_pre_meta/ridge,-0.0034563276502821427,-0.005516052246093639,0.0020597245958114963,-0.00651041666666663,-0.0029296875,-0.0035807291666666297,-0.013654552878726078,-0.003018738457953085,-0.010635814420772993,0.004397749900817871,0.017715871334075928,-0.013318121433258057
fresh,ukr_rus,0,lowest_sorted,memberctl_ukr_rus_lowest_sorted_s0,twibot20,final_input/prototype,0.12316449483235681,-0.003726959228515625,0.12689145406087243,0.044270833333333315,-0.00618489583333337,0.050455729166666685,0.5874677122245892,-0.009139439323393672,0.5966071515479828,-0.004368126392364502,-0.0005481243133544922,-0.0038200020790100098
fresh,ukr_rus,0,lowest_sorted,memberctl_ukr_rus_lowest_sorted_s0,twibot20,final_input/ridge,0.12358368767632377,-0.003028021918402679,0.12661170959472645,0.043294270833333315,-0.005859375,0.049153645833333315,0.5992143372140087,-0.008463541279747244,0.607677878493756,-0.004707396030426025,-0.003945887088775635,-0.0007615089416503906
fresh,ukr_rus,0,lowest_sorted,memberctl_ukr_rus_lowest_sorted_s0,twibot20,full_model,0.028362274169921986,0.024414274427625837,0.003947999742296149,0.02311197916666663,0.0,0.02311197916666663,-0.03172812216793219,0.0,-0.03172812216793219,0.3853680491447449,-0.0293428897857666,0.4147109389305115
fresh,ukr_rus,0,lowest_sorted,memberctl_ukr_rus_lowest_sorted_s0,twibot20,raw_center/prototype,-0.0,0.0,-0.0,-0.0,0.0,-0.0,-5.551115123125783e-17,5.551115123125783e-17,-1.1102230246251565e-16,-0.0,0.0,-0.0
fresh,ukr_rus,0,lowest_sorted,memberctl_ukr_rus_lowest_sorted_s0,twibot20,raw_center/ridge,-0.0,0.0,-0.0,-0.0,0.0,-0.0,-5.551115123125783e-17,5.551115123125783e-17,-1.1102230246251565e-16,-0.0,0.0,-0.0
fresh,ukr_rus,0,lowest_sorted,memberctl_ukr_rus_lowest_sorted_s0,twibot20,raw_context/prototype,-0.0,0.0,-0.0,-0.0,0.0,-0.0,-0.0,0.0,-0.0,-0.0,0.0,-0.0
fresh,ukr_rus,0,lowest_sorted,memberctl_ukr_rus_lowest_sorted_s0,twibot20,raw_context/ridge,-0.0,0.0,-0.0,-0.0,0.0,-0.0,-0.0,0.0,-0.0,-0.0,0.0,-0.0
fresh,ukr_rus,0,lowest_sorted,memberctl_ukr_rus_lowest_sorted_s0,twibot20,raw_joint/prototype,-0.0,0.0,-0.0,-0.0,0.0,-0.0,-0.0,0.0,-0.0,-0.0,0.0,-0.0
fresh,ukr_rus,0,lowest_sorted,memberctl_ukr_rus_lowest_sorted_s0,twibot20,raw_joint/ridge,-0.0,0.0,-0.0,-0.0,0.0,-0.0,-0.0,0.0,-0.0,-0.0,0.0,-0.0
fresh,ukr_rus,0,lowest_sorted,memberctl_ukr_rus_lowest_sorted_s0,ukr_rus_suspended,M2_post_meta/prototype,0.0977783203125,0.0032958984375,0.094482421875,-0.02734375,0.0234375,-0.05078125,-0.43014542343883655,0.001170111996433909,-0.43131553543527046,-0.0006337165832519531,-2.9802322387695312e-05,-0.0006039142608642578
fresh,ukr_rus,0,lowest_sorted,memberctl_ukr_rus_lowest_sorted_s0,ukr_rus_suspended,M2_post_meta/ridge,0.107177734375,0.00555419921875,0.10162353515625,-0.01953125,0.02734375,-0.046875,-0.43712532865907094,-0.0010827919373646022,-0.43604253672170634,0.02675563097000122,-0.00026357173919677734,0.027019202709197998
fresh,ukr_rus,0,lowest_sorted,memberctl_ukr_rus_lowest_sorted_s0,ukr_rus_suspended,S0_conv_center/prototype,-0.0,0.0,-0.0,-0.0,0.0,-0.0,-0.0,0.0,-0.0,-0.0,0.0,-0.0
fresh,ukr_rus,0,lowest_sorted,memberctl_ukr_rus_lowest_sorted_s0,ukr_rus_suspended,S0_conv_center/ridge,-0.0,0.0,-0.0,-0.0,0.0,-0.0,-0.0,0.0,-0.0,-0.0,0.0,-0.0
fresh,ukr_rus,0,lowest_sorted,memberctl_ukr_rus_lowest_sorted_s0,ukr_rus_suspended,S0_pool/prototype,-0.0,0.0,-0.0,-0.0,0.0,-0.0,-0.0,0.0,-0.0,-0.0,0.0,-0.0
fresh,ukr_rus,0,lowest_sorted,memberctl_ukr_rus_lowest_sorted_s0,ukr_rus_suspended,S0_pool/ridge,-0.0,0.0,-0.0,-0.0,0.0,-0.0,-0.0,0.0,-0.0,-0.0,0.0,-0.0
fresh,ukr_rus,0,lowest_sorted,memberctl_ukr_rus_lowest_sorted_s0,ukr_rus_suspended,U1_pre_meta/prototype,0.0062255859375,-0.003509521484375,0.009735107421875,-0.00390625,0.00390625,-0.0078125,-0.006072289156626498,0.00564476031704253,-0.011717049473669028,4.351139068603516e-06,0.00010496377944946289,-0.00010061264038085938
fresh,ukr_rus,0,lowest_sorted,memberctl_ukr_rus_lowest_sorted_s0,ukr_rus_suspended,U1_pre_meta/ridge,-0.004150390625,0.00238037109375,-0.00653076171875,-0.01953125,-0.0078125,-0.01171875,-0.01769337656322373,-0.0004337453914552425,-0.017259631171768486,-0.0016156435012817383,0.00048798322677612305,-0.0021036267280578613
fresh,ukr_rus,0,lowest_sorted,memberctl_ukr_rus_lowest_sorted_s0,ukr_rus_suspended,final_input/prototype,0.0977783203125,0.0032958984375,0.094482421875,-0.02734375,0.0234375,-0.05078125,-0.43014542343883655,0.001170111996433909,-0.43131553543527046,-0.0006337165832519531,-2.9802322387695312e-05,-0.0006039142608642578
fresh,ukr_rus,0,lowest_sorted,memberctl_ukr_rus_lowest_sorted_s0,ukr_rus_suspended,final_input/ridge,0.107177734375,0.00555419921875,0.10162353515625,-0.01953125,0.02734375,-0.046875,-0.43712532865907094,-0.0010827919373646022,-0.43604253672170634,0.02675563097000122,-0.00026357173919677734,0.027019202709197998
fresh,ukr_rus,0,lowest_sorted,memberctl_ukr_rus_lowest_sorted_s0,ukr_rus_suspended,full_model,0.00482177734375,0.000762939453125,0.004058837890625,-0.00390625,0.0,-0.00390625,0.05554583930882506,0.0,0.05554583930882506,0.31646668910980225,-0.08051520586013794,0.3969818949699402
fresh,ukr_rus,0,lowest_sorted,memberctl_ukr_rus_lowest_sorted_s0,ukr_rus_suspended,raw_center/prototype,-0.0,0.0,-0.0,-0.0,0.0,-0.0,-0.0,0.0,-0.0,-0.0,0.0,-0.0
fresh,ukr_rus,0,lowest_sorted,memberctl_ukr_rus_lowest_sorted_s0,ukr_rus_suspended,raw_center/ridge,-0.0,0.0,-0.0,-0.0,0.0,-0.0,-0.0,0.0,-0.0,-0.0,0.0,-0.0
fresh,ukr_rus,0,lowest_sorted,memberctl_ukr_rus_lowest_sorted_s0,ukr_rus_suspended,raw_context/prototype,-0.0,0.0,-0.0,-0.0,0.0,-0.0,-0.0,0.0,-0.0,-0.0,0.0,-0.0
fresh,ukr_rus,0,lowest_sorted,memberctl_ukr_rus_lowest_sorted_s0,ukr_rus_suspended,raw_context/ridge,-0.0,0.0,-0.0,-0.0,0.0,-0.0,-0.0,0.0,-0.0,-0.0,0.0,-0.0
fresh,ukr_rus,0,lowest_sorted,memberctl_ukr_rus_lowest_sorted_s0,ukr_rus_suspended,raw_joint/prototype,-0.0,0.0,-0.0,-0.0,0.0,-0.0,-0.0,0.0,-0.0,-0.0,0.0,-0.0
fresh,ukr_rus,0,lowest_sorted,memberctl_ukr_rus_lowest_sorted_s0,ukr_rus_suspended,raw_joint/ridge,-0.0,0.0,-0.0,-0.0,0.0,-0.0,-0.0,0.0,-0.0,-0.0,0.0,-0.0
fresh,ukr_rus,0,uniform_shuffled,memberctl_ukr_rus_uniform_shuffled_s0,covid_political,M2_post_meta/prototype,0.21115479645905655,0.04357627586082191,0.16757852059823464,0.09407552083333331,-0.0283203125,0.12239583333333331,0.031593794076163584,0.0543509340449867,-0.022757139968823115,0.02454984188079834,-0.0002053976058959961,0.024755239486694336
fresh,ukr_rus,0,uniform_shuffled,memberctl_ukr_rus_uniform_shuffled_s0,covid_political,M2_post_meta/ridge,0.23910352918836797,0.04514227973090279,0.19396124945746518,0.09244791666666669,-0.02604166666666663,0.11848958333333331,0.030344049633389658,0.05524801740070834,-0.02490396776731868,0.13143450021743774,-0.0018615126609802246,0.13329601287841797
fresh,ukr_rus,0,uniform_shuffled,memberctl_ukr_rus_uniform_shuffled_s0,covid_political,S0_conv_center/prototype,-0.0,0.0,-0.0,-0.0,0.0,-0.0,-0.0,5.551115123125783e-17,-5.551115123125783e-17,-0.0,0.0,-0.0
fresh,ukr_rus,0,uniform_shuffled,memberctl_ukr_rus_uniform_shuffled_s0,covid_political,S0_conv_center/ridge,-0.0,0.0,-0.0,-0.0,0.0,-0.0,-0.0,0.0,-0.0,-0.0,0.0,-0.0
fresh,ukr_rus,0,uniform_shuffled,memberctl_ukr_rus_uniform_shuffled_s0,covid_political,S0_pool/prototype,-1.1102230246251565e-16,0.0,-1.1102230246251565e-16,-0.0,0.0,-0.0,-0.0,0.0,-0.0,-0.0,0.0,-0.0
fresh,ukr_rus,0,uniform_shuffled,memberctl_ukr_rus_uniform_shuffled_s0,covid_political,S0_pool/ridge,1.1102230246251565e-16,0.0,1.1102230246251565e-16,-0.0,0.0,-0.0,-0.0,0.0,-0.0,-0.0,0.0,-0.0
fresh,ukr_rus,0,uniform_shuffled,memberctl_ukr_rus_uniform_shuffled_s0,covid_political,U1_pre_meta/prototype,0.0343599672670718,0.04758170798972805,-0.01322174072265625,0.09765625,-0.0048828125,0.1025390625,0.13886836060996965,0.05959725684738909,0.07927110376258056,-0.0258713960647583,0.0013208389282226562,-0.027192234992980957
fresh,ukr_rus,0,uniform_shuffled,memberctl_ukr_rus_uniform_shuffled_s0,covid_political,U1_pre_meta/ridge,0.03255321361400454,0.02945793999565971,0.0030952736183448293,0.09212239583333337,-0.01692708333333326,0.10904947916666663,0.13442150970493816,0.03583752551376396,0.0985839841911742,-0.07033699750900269,0.008483052253723145,-0.07882004976272583
fresh,ukr_rus,0,uniform_shuffled,memberctl_ukr_rus_uniform_shuffled_s0,covid_political,final_input/prototype,0.21115479645905655,0.04357627586082191,0.16757852059823464,0.09407552083333331,-0.0283203125,0.12239583333333331,0.031593794076163584,0.0543509340449867,-0.022757139968823115,0.02454984188079834,-0.0002053976058959961,0.024755239486694336
fresh,ukr_rus,0,uniform_shuffled,memberctl_ukr_rus_uniform_shuffled_s0,covid_political,final_input/ridge,0.23910352918836797,0.04514227973090279,0.19396124945746518,0.09244791666666669,-0.02604166666666663,0.11848958333333331,0.030344049633389658,0.05524801740070834,-0.02490396776731868,0.13143450021743774,-0.0018615126609802246,0.13329601287841797
fresh,ukr_rus,0,uniform_shuffled,memberctl_ukr_rus_uniform_shuffled_s0,covid_political,full_model,0.06127647117332191,0.22451980025679974,-0.16324332908347783,0.0400390625,0.0,0.0400390625,0.0848531622999028,0.0,0.0848531622999028,-0.31106382608413696,-0.0249558687210083,-0.28610795736312866
fresh,ukr_rus,0,uniform_shuffled,memberctl_ukr_rus_uniform_shuffled_s0,covid_political,raw_center/prototype,-0.0,0.0,-0.0,-0.0,0.0,-0.0,-0.0,0.0,-0.0,-0.0,0.0,-0.0
fresh,ukr_rus,0,uniform_shuffled,memberctl_ukr_rus_uniform_shuffled_s0,covid_political,raw_center/ridge,-0.0,0.0,-0.0,-0.0,0.0,-0.0,-0.0,0.0,-0.0,-0.0,0.0,-0.0
fresh,ukr_rus,0,uniform_shuffled,memberctl_ukr_rus_uniform_shuffled_s0,covid_political,raw_context/prototype,-1.1102230246251565e-16,1.1102230246251565e-16,-2.220446049250313e-16,-0.0,0.0,-0.0,-0.0,0.0,-0.0,-0.0,0.0,-0.0
fresh,ukr_rus,0,uniform_shuffled,memberctl_ukr_rus_uniform_shuffled_s0,covid_political,raw_context/ridge,-0.0,0.0,-0.0,-0.0,0.0,-0.0,-0.0,0.0,-0.0,-0.0,0.0,-0.0
fresh,ukr_rus,0,uniform_shuffled,memberctl_ukr_rus_uniform_shuffled_s0,covid_political,raw_joint/prototype,-0.0,0.0,-0.0,-0.0,0.0,-0.0,-0.0,0.0,-0.0,-0.0,0.0,-0.0
fresh,ukr_rus,0,uniform_shuffled,memberctl_ukr_rus_uniform_shuffled_s0,covid_political,raw_joint/ridge,-0.0,0.0,-0.0,-0.0,0.0,-0.0,-0.0,0.0,-0.0,-0.0,0.0,-0.0
fresh,ukr_rus,0,uniform_shuffled,memberctl_ukr_rus_uniform_shuffled_s0,election2020,M2_post_meta/prototype,0.258941650390625,-0.002593994140625,0.26153564453125,0.015625,0.0,0.015625,0.007017543859649145,-0.002723311546840912,0.009740855406490057,-0.043081581592559814,-4.9114227294921875e-05,-0.04303246736526489
fresh,ukr_rus,0,uniform_shuffled,memberctl_ukr_rus_uniform_shuffled_s0,election2020,M2_post_meta/ridge,0.25738525390625,0.00115966796875,0.2562255859375,0.01171875,-0.00390625,0.015625,0.005249343832021025,-0.0050567172338389366,0.010306061065859962,-0.09971940517425537,-0.00047779083251953125,-0.09924161434173584
fresh,ukr_rus,0,uniform_shuffled,memberctl_ukr_rus_uniform_shuffled_s0,election2020,S0_conv_center/prototype,-0.0,0.0,-0.0,-0.0,0.0,-0.0,-0.0,0.0,-0.0,-0.0,0.0,-0.0
fresh,ukr_rus,0,uniform_shuffled,memberctl_ukr_rus_uniform_shuffled_s0,election2020,S0_conv_center/ridge,-0.0,0.0,-0.0,-0.0,0.0,-0.0,-0.0,0.0,-0.0,-0.0,0.0,-0.0
fresh,ukr_rus,0,uniform_shuffled,memberctl_ukr_rus_uniform_shuffled_s0,election2020,S0_pool/prototype,-0.0,0.0,-0.0,-0.0,0.0,-0.0,-0.0,0.0,-0.0,-0.0,0.0,-0.0
fresh,ukr_rus,0,uniform_shuffled,memberctl_ukr_rus_uniform_shuffled_s0,election2020,S0_pool/ridge,-0.0,0.0,-0.0,-0.0,0.0,-0.0,-0.0,0.0,-0.0,-5.551115123125783e-17,0.0,-5.551115123125783e-17
fresh,ukr_rus,0,uniform_shuffled,memberctl_ukr_rus_uniform_shuffled_s0,election2020,U1_pre_meta/prototype,0.0302734375,0.003173828125,0.027099609375,0.0703125,0.015625,0.0546875,0.06868564506359787,0.009231801408923102,0.059453843654674765,-0.037019431591033936,0.0009959936141967773,-0.03801542520523071
fresh,ukr_rus,0,uniform_shuffled,memberctl_ukr_rus_uniform_shuffled_s0,election2020,U1_pre_meta/ridge,0.0218505859375,-0.02581787109375,0.04766845703125,0.0546875,0.00390625,0.05078125,0.054502952755905554,-0.0028282828282827355,0.05733123558418829,-0.10107937455177307,0.007498383522033691,-0.10857775807380676
fresh,ukr_rus,0,uniform_shuffled,memberctl_ukr_rus_uniform_shuffled_s0,election2020,final_input/prototype,0.258941650390625,-0.002593994140625,0.26153564453125,0.015625,0.0,0.015625,0.007017543859649145,-0.002723311546840912,0.009740855406490057,-0.043081581592559814,-4.9114227294921875e-05,-0.04303246736526489
fresh,ukr_rus,0,uniform_shuffled,memberctl_ukr_rus_uniform_shuffled_s0,election2020,final_input/ridge,0.25738525390625,0.00115966796875,0.2562255859375,0.01171875,-0.00390625,0.015625,0.005249343832021025,-0.0050567172338389366,0.010306061065859962,-0.09971940517425537,-0.00047779083251953125,-0.09924161434173584
fresh,ukr_rus,0,uniform_shuffled,memberctl_ukr_rus_uniform_shuffled_s0,election2020,full_model,0.109619140625,0.083984375,0.025634765625,0.1796875,0.0,0.1796875,0.1860553721107443,0.0,0.1860553721107443,-0.5855836868286133,0.01903688907623291,-0.6046205759048462
fresh,ukr_rus,0,uniform_shuffled,memberctl_ukr_rus_uniform_shuffled_s0,election2020,raw_center/prototype,-0.0,0.0,-0.0,-0.0,0.0,-0.0,-0.0,0.0,-0.0,-0.0,0.0,-0.0
fresh,ukr_rus,0,uniform_shuffled,memberctl_ukr_rus_uniform_shuffled_s0,election2020,raw_center/ridge,-0.0,0.0,-0.0,-0.0,0.0,-0.0,-0.0,0.0,-0.0,-0.0,0.0,-0.0
fresh,ukr_rus,0,uniform_shuffled,memberctl_ukr_rus_uniform_shuffled_s0,election2020,raw_context/prototype,-0.0,0.0,-0.0,-0.0,0.0,-0.0,-0.0,0.0,-0.0,-0.0,0.0,-0.0
fresh,ukr_rus,0,uniform_shuffled,memberctl_ukr_rus_uniform_shuffled_s0,election2020,raw_context/ridge,-0.0,0.0,-0.0,-0.0,0.0,-0.0,-0.0,0.0,-0.0,-0.0,0.0,-0.0
fresh,ukr_rus,0,uniform_shuffled,memberctl_ukr_rus_uniform_shuffled_s0,election2020,raw_joint/prototype,-0.0,0.0,-0.0,-0.0,0.0,-0.0,-0.0,0.0,-0.0,-0.0,0.0,-0.0
fresh,ukr_rus,0,uniform_shuffled,memberctl_ukr_rus_uniform_shuffled_s0,election2020,raw_joint/ridge,-0.0,0.0,-0.0,-0.0,0.0,-0.0,-0.0,0.0,-0.0,-0.0,0.0,-0.0
fresh,ukr_rus,0,uniform_shuffled,memberctl_ukr_rus_uniform_shuffled_s0,facebook_page_reference,M2_post_meta/prototype,0.10918807983398438,-0.0335845947265625,0.14277267456054688,0.0810546875,-0.03515625,0.1162109375,0.0623216806318887,-0.03127995976550835,0.09360164039739705,-0.023821473121643066,-0.0001329183578491211,-0.023688554763793945
fresh,ukr_rus,0,uniform_shuffled,memberctl_ukr_rus_uniform_shuffled_s0,facebook_page_reference,M2_post_meta/ridge,0.12142372131347656,-0.02361297607421875,0.1450366973876953,0.0859375,-0.037109375,0.123046875,0.07046645234268023,-0.0345925093699575,0.10505896171263773,-0.06111997365951538,-0.001269698143005371,-0.05985027551651001
fresh,ukr_rus,0,uniform_shuffled,memberctl_ukr_rus_uniform_shuffled_s0,facebook_page_reference,S0_conv_center/prototype,-0.0,0.0,-0.0,-0.0,0.0,-0.0,-0.0,0.0,-0.0,-0.0,0.0,-0.0
fresh,ukr_rus,0,uniform_shuffled,memberctl_ukr_rus_uniform_shuffled_s0,facebook_page_reference,S0_conv_center/ridge,-0.0,0.0,-0.0,-0.0,0.0,-0.0,-0.0,0.0,-0.0,-0.0,0.0,-0.0
fresh,ukr_rus,0,uniform_shuffled,memberctl_ukr_rus_uniform_shuffled_s0,facebook_page_reference,S0_pool/prototype,-0.0,0.0,-0.0,-0.0,0.0,-0.0,-0.0,0.0,-0.0,-0.0,0.0,-0.0
fresh,ukr_rus,0,uniform_shuffled,memberctl_ukr_rus_uniform_shuffled_s0,facebook_page_reference,S0_pool/ridge,-0.0,0.0,-0.0,-0.0,0.0,-0.0,-0.0,0.0,-0.0,-0.0,0.0,-0.0
fresh,ukr_rus,0,uniform_shuffled,memberctl_ukr_rus_uniform_shuffled_s0,facebook_page_reference,U1_pre_meta/prototype,-0.07649993896484375,-0.06096839904785156,-0.015531539916992188,-0.0625,-0.048828125,-0.013671875,-0.06893581206525234,-0.04442621670182023,-0.024509595363432113,0.01135098934173584,0.0005263090133666992,0.01082468032836914
fresh,ukr_rus,0,uniform_shuffled,memberctl_ukr_rus_uniform_shuffled_s0,facebook_page_reference,U1_pre_meta/ridge,-0.07960700988769531,-0.06876754760742188,-0.010839462280273438,-0.07421875,-0.060546875,-0.013671875,-0.08182239722097784,-0.05519684701048011,-0.026625550210497728,0.02546870708465576,0.004607021808624268,0.020861685276031494
fresh,ukr_rus,0,uniform_shuffled,memberctl_ukr_rus_uniform_shuffled_s0,facebook_page_reference,final_input/prototype,0.10918807983398438,-0.0335845947265625,0.14277267456054688,0.0810546875,-0.03515625,0.1162109375,0.0623216806318887,-0.03127995976550835,0.09360164039739705,-0.023821473121643066,-0.0001329183578491211,-0.023688554763793945
fresh,ukr_rus,0,uniform_shuffled,memberctl_ukr_rus_uniform_shuffled_s0,facebook_page_reference,final_input/ridge,0.12142372131347656,-0.02361297607421875,0.1450366973876953,0.0859375,-0.037109375,0.123046875,0.07046645234268023,-0.0345925093699575,0.10505896171263773,-0.06111997365951538,-0.001269698143005371,-0.05985027551651001
fresh,ukr_rus,0,uniform_shuffled,memberctl_ukr_rus_uniform_shuffled_s0,facebook_page_reference,full_model,0.04840660095214844,0.0017223358154296875,0.04668426513671875,0.04296875,-0.015625,0.05859375,0.038718285891089055,0.03235064113139635,0.006367644759692703,0.20349687337875366,-1.800060272216797e-05,0.20351487398147583
fresh,ukr_rus,0,uniform_shuffled,memberctl_ukr_rus_uniform_shuffled_s0,facebook_page_reference,raw_center/prototype,1.1102230246251565e-16,-1.1102230246251565e-16,2.220446049250313e-16,-0.0,0.0,-0.0,-0.0,0.0,-0.0,-0.0,0.0,-0.0
fresh,ukr_rus,0,uniform_shuffled,memberctl_ukr_rus_uniform_shuffled_s0,facebook_page_reference,raw_center/ridge,-0.0,0.0,-0.0,-0.0,0.0,-0.0,-0.0,0.0,-0.0,-0.0,0.0,-0.0
fresh,ukr_rus,0,uniform_shuffled,memberctl_ukr_rus_uniform_shuffled_s0,facebook_page_reference,raw_context/prototype,-0.0,0.0,-0.0,-0.0,0.0,-0.0,-0.0,0.0,-0.0,-0.0,0.0,-0.0
fresh,ukr_rus,0,uniform_shuffled,memberctl_ukr_rus_uniform_shuffled_s0,facebook_page_reference,raw_context/ridge,-0.0,0.0,-0.0,-0.0,0.0,-0.0,-0.0,0.0,-0.0,-0.0,0.0,-0.0
fresh,ukr_rus,0,uniform_shuffled,memberctl_ukr_rus_uniform_shuffled_s0,facebook_page_reference,raw_joint/prototype,-0.0,0.0,-0.0,-0.0,0.0,-0.0,-0.0,0.0,-0.0,-0.0,0.0,-0.0
fresh,ukr_rus,0,uniform_shuffled,memberctl_ukr_rus_uniform_shuffled_s0,facebook_page_reference,raw_joint/ridge,1.1102230246251565e-16,-1.1102230246251565e-16,2.220446049250313e-16,-0.0,0.0,-0.0,-0.0,0.0,-0.0,-0.0,0.0,-0.0
fresh,ukr_rus,0,uniform_shuffled,memberctl_ukr_rus_uniform_shuffled_s0,twibot20,M2_post_meta/prototype,0.11033036973741311,-0.01023271348741317,0.12056308322482628,0.06770833333333331,-0.00390625,0.07161458333333331,0.47068476969947326,-0.00510492871255408,0.47578969841202734,-0.005249321460723877,-0.00034689903259277344,-0.0049024224281311035
fresh,ukr_rus,0,uniform_shuffled,memberctl_ukr_rus_uniform_shuffled_s0,twibot20,M2_post_meta/ridge,0.10847769843207467,-0.00986989339192712,0.11834759182400179,0.07486979166666669,-0.00390625,0.07877604166666669,0.5117718459300805,-0.004790431882395363,0.5165622778124759,-0.008951902389526367,-0.0025210976600646973,-0.00643080472946167
fresh,ukr_rus,0,uniform_shuffled,memberctl_ukr_rus_uniform_shuffled_s0,twibot20,S0_conv_center/prototype,-0.0,0.0,-0.0,-0.0,0.0,-0.0,-0.0,0.0,-0.0,-0.0,0.0,-0.0
fresh,ukr_rus,0,uniform_shuffled,memberctl_ukr_rus_uniform_shuffled_s0,twibot20,S0_conv_center/ridge,-0.0,0.0,-0.0,-0.0,0.0,-0.0,-0.0,0.0,-0.0,-0.0,0.0,-0.0
fresh,ukr_rus,0,uniform_shuffled,memberctl_ukr_rus_uniform_shuffled_s0,twibot20,S0_pool/prototype,-0.0,0.0,-0.0,-0.0,0.0,-0.0,-0.0,0.0,-0.0,-0.0,0.0,-0.0
fresh,ukr_rus,0,uniform_shuffled,memberctl_ukr_rus_uniform_shuffled_s0,twibot20,S0_pool/ridge,-0.0,0.0,-0.0,-0.0,0.0,-0.0,-0.0,0.0,-0.0,-0.0,0.0,-0.0
fresh,ukr_rus,0,uniform_shuffled,memberctl_ukr_rus_uniform_shuffled_s0,twibot20,U1_pre_meta/prototype,-0.006288740370008705,-0.00957997639973962,0.003291236029730915,0.00813802083333337,-0.005533854166666741,0.013671875000000111,0.012913446952279806,-0.0047450196362534,0.017658466588533206,0.004715979099273682,0.005671501159667969,-0.0009555220603942871
fresh,ukr_rus,0,uniform_shuffled,memberctl_ukr_rus_uniform_shuffled_s0,twibot20,U1_pre_meta/ridge,0.006342358059353237,-0.010995441012912277,0.017337799072265514,0.01204427083333337,-0.0048828125,0.01692708333333337,0.020951178284111416,-0.00466754307460604,0.025618721358717456,0.00436246395111084,0.02086043357849121,-0.01649796962738037
fresh,ukr_rus,0,uniform_shuffled,memberctl_ukr_rus_uniform_shuffled_s0,twibot20,final_input/prototype,0.11033036973741311,-0.01023271348741317,0.12056308322482628,0.06770833333333331,-0.00390625,0.07161458333333331,0.47068476969947326,-0.00510492871255408,0.47578969841202734,-0.005249321460723877,-0.00034689903259277344,-0.0049024224281311035
fresh,ukr_rus,0,uniform_shuffled,memberctl_ukr_rus_uniform_shuffled_s0,twibot20,final_input/ridge,0.10847769843207467,-0.00986989339192712,0.11834759182400179,0.07486979166666669,-0.00390625,0.07877604166666669,0.5117718459300805,-0.004790431882395363,0.5165622778124759,-0.008951902389526367,-0.0025210976600646973,-0.00643080472946167
fresh,ukr_rus,0,uniform_shuffled,memberctl_ukr_rus_uniform_shuffled_s0,twibot20,full_model,0.08984353807237422,-0.025691562228732645,0.11553510030110686,0.07063802083333337,0.0,0.07063802083333337,0.02568701684636554,0.0,0.02568701684636554,0.25081759691238403,0.0422971248626709,0.20852047204971313
fresh,ukr_rus,0,uniform_shuffled,memberctl_ukr_rus_uniform_shuffled_s0,twibot20,raw_center/prototype,-0.0,0.0,-0.0,-0.0,0.0,-0.0,-5.551115123125783e-17,5.551115123125783e-17,-1.1102230246251565e-16,-0.0,0.0,-0.0
fresh,ukr_rus,0,uniform_shuffled,memberctl_ukr_rus_uniform_shuffled_s0,twibot20,raw_center/ridge,-0.0,0.0,-0.0,-0.0,0.0,-0.0,-5.551115123125783e-17,5.551115123125783e-17,-1.1102230246251565e-16,-0.0,0.0,-0.0
fresh,ukr_rus,0,uniform_shuffled,memberctl_ukr_rus_uniform_shuffled_s0,twibot20,raw_context/prototype,-0.0,0.0,-0.0,-0.0,0.0,-0.0,-0.0,0.0,-0.0,-0.0,0.0,-0.0
fresh,ukr_rus,0,uniform_shuffled,memberctl_ukr_rus_uniform_shuffled_s0,twibot20,raw_context/ridge,-0.0,0.0,-0.0,-0.0,0.0,-0.0,-0.0,0.0,-0.0,-0.0,0.0,-0.0
fresh,ukr_rus,0,uniform_shuffled,memberctl_ukr_rus_uniform_shuffled_s0,twibot20,raw_joint/prototype,-0.0,0.0,-0.0,-0.0,0.0,-0.0,-0.0,0.0,-0.0,-0.0,0.0,-0.0
fresh,ukr_rus,0,uniform_shuffled,memberctl_ukr_rus_uniform_shuffled_s0,twibot20,raw_joint/ridge,-0.0,0.0,-0.0,-0.0,0.0,-0.0,-0.0,0.0,-0.0,-0.0,0.0,-0.0
fresh,ukr_rus,0,uniform_shuffled,memberctl_ukr_rus_uniform_shuffled_s0,ukr_rus_suspended,M2_post_meta/prototype,0.05828857421875,0.002777099609375,0.055511474609375,-0.02734375,0.01171875,-0.0390625,0.1717791411042944,-0.015894935602964844,0.18767407670725925,0.0008051395416259766,-2.3484230041503906e-05,0.0008286237716674805
fresh,ukr_rus,0,uniform_shuffled,memberctl_ukr_rus_uniform_shuffled_s0,ukr_rus_suspended,M2_post_meta/ridge,0.06182861328125,0.00250244140625,0.059326171875,-0.015625,0.03125,-0.046875,0.1538461538461538,0.004591215842460472,0.14925493800369333,0.03448224067687988,-0.0002168416976928711,0.034699082374572754
fresh,ukr_rus,0,uniform_shuffled,memberctl_ukr_rus_uniform_shuffled_s0,ukr_rus_suspended,S0_conv_center/prototype,-0.0,0.0,-0.0,-0.0,0.0,-0.0,-0.0,0.0,-0.0,-0.0,0.0,-0.0
fresh,ukr_rus,0,uniform_shuffled,memberctl_ukr_rus_uniform_shuffled_s0,ukr_rus_suspended,S0_conv_center/ridge,-0.0,0.0,-0.0,-0.0,0.0,-0.0,-0.0,0.0,-0.0,-0.0,0.0,-0.0
fresh,ukr_rus,0,uniform_shuffled,memberctl_ukr_rus_uniform_shuffled_s0,ukr_rus_suspended,S0_pool/prototype,-0.0,0.0,-0.0,-0.0,0.0,-0.0,-0.0,0.0,-0.0,-0.0,0.0,-0.0
fresh,ukr_rus,0,uniform_shuffled,memberctl_ukr_rus_uniform_shuffled_s0,ukr_rus_suspended,S0_pool/ridge,-0.0,0.0,-0.0,-0.0,0.0,-0.0,-0.0,0.0,-0.0,-0.0,0.0,-0.0
fresh,ukr_rus,0,uniform_shuffled,memberctl_ukr_rus_uniform_shuffled_s0,ukr_rus_suspended,U1_pre_meta/prototype,0.035400390625,0.003173828125,0.0322265625,-0.01171875,0.0,-0.01171875,-0.005834928004517348,-0.007454119892064348,0.0016191918875470002,-0.0018331408500671387,0.00011771917343139648,-0.0019508600234985352
fresh,ukr_rus,0,uniform_shuffled,memberctl_ukr_rus_uniform_shuffled_s0,ukr_rus_suspended,U1_pre_meta/ridge,0.04083251953125,0.003204345703125,0.037628173828125,0.00390625,0.0,0.00390625,0.009681669168785767,-0.011088573360378606,0.020770242529164373,-0.010239362716674805,0.0005730986595153809,-0.010812461376190186
fresh,ukr_rus,0,uniform_shuffled,memberctl_ukr_rus_uniform_shuffled_s0,ukr_rus_suspended,final_input/prototype,0.05828857421875,0.002777099609375,0.055511474609375,-0.02734375,0.01171875,-0.0390625,0.1717791411042944,-0.015894935602964844,0.18767407670725925,0.0008051395416259766,-2.3484230041503906e-05,0.0008286237716674805
fresh,ukr_rus,0,uniform_shuffled,memberctl_ukr_rus_uniform_shuffled_s0,ukr_rus_suspended,final_input/ridge,0.06182861328125,0.00250244140625,0.059326171875,-0.015625,0.03125,-0.046875,0.1538461538461538,0.004591215842460472,0.14925493800369333,0.03448224067687988,-0.0002168416976928711,0.034699082374572754
fresh,ukr_rus,0,uniform_shuffled,memberctl_ukr_rus_uniform_shuffled_s0,ukr_rus_suspended,full_model,-0.0072021484375,-0.056549072265625,0.049346923828125,-0.0,0.0,-0.0,0.12501867064973865,0.0,0.12501867064973865,0.17941778898239136,0.05944263935089111,0.11997514963150024
fresh,ukr_rus,0,uniform_shuffled,memberctl_ukr_rus_uniform_shuffled_s0,ukr_rus_suspended,raw_center/prototype,-0.0,0.0,-0.0,-0.0,0.0,-0.0,-0.0,0.0,-0.0,-0.0,0.0,-0.0
fresh,ukr_rus,0,uniform_shuffled,memberctl_ukr_rus_uniform_shuffled_s0,ukr_rus_suspended,raw_center/ridge,-0.0,0.0,-0.0,-0.0,0.0,-0.0,-0.0,0.0,-0.0,-0.0,0.0,-0.0
fresh,ukr_rus,0,uniform_shuffled,memberctl_ukr_rus_uniform_shuffled_s0,ukr_rus_suspended,raw_context/prototype,-0.0,0.0,-0.0,-0.0,0.0,-0.0,-0.0,0.0,-0.0,-0.0,0.0,-0.0
fresh,ukr_rus,0,uniform_shuffled,memberctl_ukr_rus_uniform_shuffled_s0,ukr_rus_suspended,raw_context/ridge,-0.0,0.0,-0.0,-0.0,0.0,-0.0,-0.0,0.0,-0.0,-0.0,0.0,-0.0
fresh,ukr_rus,0,uniform_shuffled,memberctl_ukr_rus_uniform_shuffled_s0,ukr_rus_suspended,raw_joint/prototype,-0.0,0.0,-0.0,-0.0,0.0,-0.0,-0.0,0.0,-0.0,-0.0,0.0,-0.0
fresh,ukr_rus,0,uniform_shuffled,memberctl_ukr_rus_uniform_shuffled_s0,ukr_rus_suspended,raw_joint/ridge,-0.0,0.0,-0.0,-0.0,0.0,-0.0,-0.0,0.0,-0.0,-0.0,0.0,-0.0
fresh,ukr_rus,0,uniform_sorted,memberctl_ukr_rus_uniform_sorted_s0,covid_political,M2_post_meta/prototype,0.06684253833912046,0.09720696343315971,-0.03036442509403925,0.20475260416666663,0.0244140625,0.18033854166666663,0.09446865658924897,0.11902091278446625,-0.02455225619521728,-0.030159950256347656,-0.00036525726318359375,-0.029794692993164062
fresh,ukr_rus,0,uniform_sorted,memberctl_ukr_rus_uniform_sorted_s0,covid_political,M2_post_meta/ridge,0.0763716521086516,0.10075717502170145,-0.02438552291304985,0.33821614583333337,0.03157552083333337,0.306640625,0.18171212713121143,0.12553642646485103,0.056175700666360406,-0.09853827953338623,-0.00340193510055542,-0.09513634443283081
fresh,ukr_rus,0,uniform_sorted,memberctl_ukr_rus_uniform_sorted_s0,covid_political,S0_conv_center/prototype,-0.0,0.0,-0.0,-0.0,0.0,-0.0,-0.0,5.551115123125783e-17,-5.551115123125783e-17,-0.0,0.0,-0.0
fresh,ukr_rus,0,uniform_sorted,memberctl_ukr_rus_uniform_sorted_s0,covid_political,S0_conv_center/ridge,-0.0,0.0,-0.0,-0.0,0.0,-0.0,-0.0,0.0,-0.0,-0.0,0.0,-0.0
fresh,ukr_rus,0,uniform_sorted,memberctl_ukr_rus_uniform_sorted_s0,covid_political,S0_pool/prototype,-1.1102230246251565e-16,0.0,-1.1102230246251565e-16,-0.0,0.0,-0.0,-0.0,0.0,-0.0,-0.0,0.0,-0.0
fresh,ukr_rus,0,uniform_sorted,memberctl_ukr_rus_uniform_sorted_s0,covid_political,S0_pool/ridge,-1.1102230246251565e-16,0.0,-1.1102230246251565e-16,-0.0,0.0,-0.0,-0.0,0.0,-0.0,-0.0,0.0,-0.0
fresh,ukr_rus,0,uniform_sorted,memberctl_ukr_rus_uniform_sorted_s0,covid_political,U1_pre_meta/prototype,0.04014078776041641,0.09881054913556131,-0.0586697613751449,0.10188802083333326,0.05240885416666674,0.04947916666666652,0.1421642569494055,0.12575055427995813,0.01641370266944736,-0.022120416164398193,0.0009871125221252441,-0.023107528686523438
fresh,ukr_rus,0,uniform_sorted,memberctl_ukr_rus_uniform_sorted_s0,covid_political,U1_pre_meta/ridge,0.03659764042607072,0.08496065492983218,-0.04836301450376146,0.09635416666666674,0.04296875,0.05338541666666674,0.13826190917898296,0.10458343725044161,0.03367847192854134,-0.06732809543609619,0.0054280757904052734,-0.07275617122650146
fresh,ukr_rus,0,uniform_sorted,memberctl_ukr_rus_uniform_sorted_s0,covid_political,final_input/prototype,0.06684253833912046,0.09720696343315971,-0.03036442509403925,0.20475260416666663,0.0244140625,0.18033854166666663,0.09446865658924897,0.11902091278446625,-0.02455225619521728,-0.030159950256347656,-0.00036525726318359375,-0.029794692993164062
fresh,ukr_rus,0,uniform_sorted,memberctl_ukr_rus_uniform_sorted_s0,covid_political,final_input/ridge,0.0763716521086516,0.10075717502170145,-0.02438552291304985,0.33821614583333337,0.03157552083333337,0.306640625,0.18171212713121143,0.12553642646485103,0.056175700666360406,-0.09853827953338623,-0.00340193510055542,-0.09513634443283081
fresh,ukr_rus,0,uniform_sorted,memberctl_ukr_rus_uniform_sorted_s0,covid_political,full_model,0.14749258535879628,0.36082967122395837,-0.2133370858651621,0.3525390625,0.0,0.3525390625,0.3205766184391171,0.0,0.3205766184391171,-0.3660014569759369,-0.027386009693145752,-0.33861544728279114
fresh,ukr_rus,0,uniform_sorted,memberctl_ukr_rus_uniform_sorted_s0,covid_political,raw_center/prototype,-0.0,0.0,-0.0,-0.0,0.0,-0.0,-0.0,0.0,-0.0,-0.0,0.0,-0.0
fresh,ukr_rus,0,uniform_sorted,memberctl_ukr_rus_uniform_sorted_s0,covid_political,raw_center/ridge,-0.0,0.0,-0.0,-0.0,0.0,-0.0,-0.0,0.0,-0.0,-0.0,0.0,-0.0
fresh,ukr_rus,0,uniform_sorted,memberctl_ukr_rus_uniform_sorted_s0,covid_political,raw_context/prototype,-1.1102230246251565e-16,1.1102230246251565e-16,-2.220446049250313e-16,-0.0,0.0,-0.0,-0.0,0.0,-0.0,-0.0,0.0,-0.0
fresh,ukr_rus,0,uniform_sorted,memberctl_ukr_rus_uniform_sorted_s0,covid_political,raw_context/ridge,-0.0,0.0,-0.0,-0.0,0.0,-0.0,-0.0,0.0,-0.0,-0.0,0.0,-0.0
fresh,ukr_rus,0,uniform_sorted,memberctl_ukr_rus_uniform_sorted_s0,covid_political,raw_joint/prototype,-0.0,0.0,-0.0,-0.0,0.0,-0.0,-0.0,0.0,-0.0,-0.0,0.0,-0.0
fresh,ukr_rus,0,uniform_sorted,memberctl_ukr_rus_uniform_sorted_s0,covid_political,raw_joint/ridge,-0.0,0.0,-0.0,-0.0,0.0,-0.0,-0.0,0.0,-0.0,-0.0,0.0,-0.0
fresh,ukr_rus,0,uniform_sorted,memberctl_ukr_rus_uniform_sorted_s0,election2020,M2_post_meta/prototype,0.112060546875,0.065460205078125,0.046600341796875,0.38671875,0.07421875,0.3125,0.25840085421769987,0.06653181718784174,0.19186903702985814,-0.09517073631286621,-0.0002611875534057617,-0.09490954875946045
fresh,ukr_rus,0,uniform_sorted,memberctl_ukr_rus_uniform_sorted_s0,election2020,M2_post_meta/ridge,0.1138916015625,0.075927734375,0.0379638671875,0.3828125,0.07421875,0.30859375,0.2543926019335857,0.07119600607770793,0.18319659585587778,-0.22200751304626465,-0.0024974942207336426,-0.219510018825531
fresh,ukr_rus,0,uniform_sorted,memberctl_ukr_rus_uniform_sorted_s0,election2020,S0_conv_center/prototype,-0.0,0.0,-0.0,-0.0,0.0,-0.0,-0.0,0.0,-0.0,-0.0,0.0,-0.0
fresh,ukr_rus,0,uniform_sorted,memberctl_ukr_rus_uniform_sorted_s0,election2020,S0_conv_center/ridge,-0.0,0.0,-0.0,-0.0,0.0,-0.0,-0.0,0.0,-0.0,-0.0,0.0,-0.0
fresh,ukr_rus,0,uniform_sorted,memberctl_ukr_rus_uniform_sorted_s0,election2020,S0_pool/prototype,-0.0,0.0,-0.0,-0.0,0.0,-0.0,-0.0,0.0,-0.0,-0.0,0.0,-0.0
fresh,ukr_rus,0,uniform_sorted,memberctl_ukr_rus_uniform_sorted_s0,election2020,S0_pool/ridge,-0.0,0.0,-0.0,-0.0,0.0,-0.0,-0.0,0.0,-0.0,-0.0,0.0,-0.0
fresh,ukr_rus,0,uniform_sorted,memberctl_ukr_rus_uniform_sorted_s0,election2020,U1_pre_meta/prototype,0.02679443359375,0.05633544921875,-0.029541015625,0.07421875,0.07421875,0.0,0.07290304928100211,0.0657219251336898,0.007181124147312312,-0.024169862270355225,0.0006639957427978516,-0.024833858013153076
fresh,ukr_rus,0,uniform_sorted,memberctl_ukr_rus_uniform_sorted_s0,election2020,U1_pre_meta/ridge,0.02105712890625,0.03668212890625,-0.015625,0.0625,0.046875,0.015625,0.0609933373712902,0.039074136195907494,0.021919201175382708,-0.0868558287620545,0.004429936408996582,-0.09128576517105108
fresh,ukr_rus,0,uniform_sorted,memberctl_ukr_rus_uniform_sorted_s0,election2020,final_input/prototype,0.112060546875,0.065460205078125,0.046600341796875,0.38671875,0.07421875,0.3125,0.25840085421769987,0.06653181718784174,0.19186903702985814,-0.09517073631286621,-0.0002611875534057617,-0.09490954875946045
fresh,ukr_rus,0,uniform_sorted,memberctl_ukr_rus_uniform_sorted_s0,election2020,final_input/ridge,0.1138916015625,0.075927734375,0.0379638671875,0.3828125,0.07421875,0.30859375,0.2543926019335857,0.07119600607770793,0.18319659585587778,-0.22200751304626465,-0.0024974942207336426,-0.219510018825531
fresh,ukr_rus,0,uniform_sorted,memberctl_ukr_rus_uniform_sorted_s0,election2020,full_model,0.305267333984375,0.3359375,-0.030670166015625,0.39453125,0.0,0.39453125,0.28833130552558484,0.0,0.28833130552558484,-0.5860341265797615,0.031819701194763184,-0.6178538277745247
fresh,ukr_rus,0,uniform_sorted,memberctl_ukr_rus_uniform_sorted_s0,election2020,raw_center/prototype,-0.0,0.0,-0.0,-0.0,0.0,-0.0,-0.0,0.0,-0.0,-0.0,0.0,-0.0
fresh,ukr_rus,0,uniform_sorted,memberctl_ukr_rus_uniform_sorted_s0,election2020,raw_center/ridge,-0.0,0.0,-0.0,-0.0,0.0,-0.0,-0.0,0.0,-0.0,-0.0,0.0,-0.0
fresh,ukr_rus,0,uniform_sorted,memberctl_ukr_rus_uniform_sorted_s0,election2020,raw_context/prototype,-0.0,0.0,-0.0,-0.0,0.0,-0.0,-0.0,0.0,-0.0,-0.0,0.0,-0.0
fresh,ukr_rus,0,uniform_sorted,memberctl_ukr_rus_uniform_sorted_s0,election2020,raw_context/ridge,-0.0,0.0,-0.0,-0.0,0.0,-0.0,-0.0,0.0,-0.0,-0.0,0.0,-0.0
fresh,ukr_rus,0,uniform_sorted,memberctl_ukr_rus_uniform_sorted_s0,election2020,raw_joint/prototype,-0.0,0.0,-0.0,-0.0,0.0,-0.0,-0.0,0.0,-0.0,-0.0,0.0,-0.0
fresh,ukr_rus,0,uniform_sorted,memberctl_ukr_rus_uniform_sorted_s0,election2020,raw_joint/ridge,-0.0,0.0,-0.0,-0.0,0.0,-0.0,-0.0,0.0,-0.0,-0.0,0.0,-0.0
fresh,ukr_rus,0,uniform_sorted,memberctl_ukr_rus_uniform_sorted_s0,facebook_page_reference,M2_post_meta/prototype,0.13219451904296875,-0.01892852783203125,0.151123046875,0.1064453125,-0.029296875,0.1357421875,0.10368864196116623,-0.025374447954484736,0.12906308991565096,-0.01952385902404785,-0.00014096498489379883,-0.019382894039154053
fresh,ukr_rus,0,uniform_sorted,memberctl_ukr_rus_uniform_sorted_s0,facebook_page_reference,M2_post_meta/ridge,0.1502513885498047,-0.009489059448242188,0.15974044799804688,0.119140625,-0.033203125,0.15234375,0.11890838206627674,-0.02866946229778089,0.14757784436405763,-0.06111490726470947,-0.0013477802276611328,-0.05976712703704834
fresh,ukr_rus,0,uniform_sorted,memberctl_ukr_rus_uniform_sorted_s0,facebook_page_reference,S0_conv_center/prototype,-0.0,0.0,-0.0,-0.0,0.0,-0.0,-0.0,0.0,-0.0,-0.0,0.0,-0.0
fresh,ukr_rus,0,uniform_sorted,memberctl_ukr_rus_uniform_sorted_s0,facebook_page_reference,S0_conv_center/ridge,-0.0,0.0,-0.0,-0.0,0.0,-0.0,-0.0,0.0,-0.0,-0.0,0.0,-0.0
fresh,ukr_rus,0,uniform_sorted,memberctl_ukr_rus_uniform_sorted_s0,facebook_page_reference,S0_pool/prototype,-0.0,0.0,-0.0,-0.0,0.0,-0.0,-0.0,0.0,-0.0,-0.0,0.0,-0.0
fresh,ukr_rus,0,uniform_sorted,memberctl_ukr_rus_uniform_sorted_s0,facebook_page_reference,S0_pool/ridge,-0.0,0.0,-0.0,-0.0,0.0,-0.0,-0.0,0.0,-0.0,-0.0,0.0,-0.0
fresh,ukr_rus,0,uniform_sorted,memberctl_ukr_rus_uniform_sorted_s0,facebook_page_reference,U1_pre_meta/prototype,-0.056819915771484375,-0.04162406921386719,-0.015195846557617188,-0.0390625,-0.0302734375,-0.0087890625,-0.04399199330783943,-0.029272404929341134,-0.014719588378498294,0.0051274895668029785,0.00048410892486572266,0.004643380641937256
fresh,ukr_rus,0,uniform_sorted,memberctl_ukr_rus_uniform_sorted_s0,facebook_page_reference,U1_pre_meta/ridge,-0.05268096923828125,-0.050281524658203125,-0.002399444580078125,-0.0400390625,-0.05078125,0.0107421875,-0.04596040403436241,-0.04992396160060841,0.003963557566246001,0.011995434761047363,0.004217922687530518,0.007777512073516846
fresh,ukr_rus,0,uniform_sorted,memberctl_ukr_rus_uniform_sorted_s0,facebook_page_reference,final_input/prototype,0.13219451904296875,-0.01892852783203125,0.151123046875,0.1064453125,-0.029296875,0.1357421875,0.10368864196116623,-0.025374447954484736,0.12906308991565096,-0.01952385902404785,-0.00014096498489379883,-0.019382894039154053
fresh,ukr_rus,0,uniform_sorted,memberctl_ukr_rus_uniform_sorted_s0,facebook_page_reference,final_input/ridge,0.1502513885498047,-0.009489059448242188,0.15974044799804688,0.119140625,-0.033203125,0.15234375,0.11890838206627674,-0.02866946229778089,0.14757784436405763,-0.06111490726470947,-0.0013477802276611328,-0.05976712703704834
fresh,ukr_rus,0,uniform_sorted,memberctl_ukr_rus_uniform_sorted_s0,facebook_page_reference,full_model,0.1295032501220703,-0.000579833984375,0.1300830841064453,0.115234375,-0.00390625,0.119140625,0.10850917269979621,0.00918355202029153,0.09932562067950468,0.2530055642127991,5.614757537841797e-05,0.25294941663742065
fresh,ukr_rus,0,uniform_sorted,memberctl_ukr_rus_uniform_sorted_s0,facebook_page_reference,raw_center/prototype,1.1102230246251565e-16,-1.1102230246251565e-16,2.220446049250313e-16,-0.0,0.0,-0.0,-0.0,0.0,-0.0,-0.0,0.0,-0.0
fresh,ukr_rus,0,uniform_sorted,memberctl_ukr_rus_uniform_sorted_s0,facebook_page_reference,raw_center/ridge,-0.0,0.0,-0.0,-0.0,0.0,-0.0,-0.0,0.0,-0.0,-0.0,0.0,-0.0
fresh,ukr_rus,0,uniform_sorted,memberctl_ukr_rus_uniform_sorted_s0,facebook_page_reference,raw_context/prototype,-0.0,0.0,-0.0,-0.0,0.0,-0.0,-0.0,0.0,-0.0,-0.0,0.0,-0.0
fresh,ukr_rus,0,uniform_sorted,memberctl_ukr_rus_uniform_sorted_s0,facebook_page_reference,raw_context/ridge,-0.0,0.0,-0.0,-0.0,0.0,-0.0,-0.0,0.0,-0.0,-0.0,0.0,-0.0
fresh,ukr_rus,0,uniform_sorted,memberctl_ukr_rus_uniform_sorted_s0,facebook_page_reference,raw_joint/prototype,-0.0,0.0,-0.0,-0.0,0.0,-0.0,-0.0,0.0,-0.0,-0.0,0.0,-0.0
fresh,ukr_rus,0,uniform_sorted,memberctl_ukr_rus_uniform_sorted_s0,facebook_page_reference,raw_joint/ridge,1.1102230246251565e-16,-1.1102230246251565e-16,2.220446049250313e-16,-0.0,0.0,-0.0,-0.0,0.0,-0.0,-0.0,0.0,-0.0
fresh,ukr_rus,0,uniform_sorted,memberctl_ukr_rus_uniform_sorted_s0,twibot20,M2_post_meta/prototype,0.19428931342230893,-0.004009458753797768,0.1982987721761067,0.14192708333333331,-0.00423177083333337,0.14615885416666669,0.22474004051316682,-0.005611031986311521,0.23035107249947834,-0.00893336534500122,-0.0005827546119689941,-0.008350610733032227
fresh,ukr_rus,0,uniform_sorted,memberctl_ukr_rus_uniform_sorted_s0,twibot20,M2_post_meta/ridge,0.21874343024359816,-0.0035328335232204244,0.22227626376681858,0.15234374999999994,-0.0009765625,0.15332031249999994,0.2591346824503126,-0.002877797797383508,0.26201248024769613,-0.018383920192718506,-0.004187643527984619,-0.014196276664733887
fresh,ukr_rus,0,uniform_sorted,memberctl_ukr_rus_uniform_sorted_s0,twibot20,S0_conv_center/prototype,-0.0,0.0,-0.0,-0.0,0.0,-0.0,-0.0,0.0,-0.0,-0.0,0.0,-0.0
fresh,ukr_rus,0,uniform_sorted,memberctl_ukr_rus_uniform_sorted_s0,twibot20,S0_conv_center/ridge,-0.0,0.0,-0.0,-0.0,0.0,-0.0,-0.0,0.0,-0.0,-0.0,0.0,-0.0
fresh,ukr_rus,0,uniform_sorted,memberctl_ukr_rus_uniform_sorted_s0,twibot20,S0_pool/prototype,-0.0,0.0,-0.0,-0.0,0.0,-0.0,-0.0,0.0,-0.0,-0.0,0.0,-0.0
fresh,ukr_rus,0,uniform_sorted,memberctl_ukr_rus_uniform_sorted_s0,twibot20,S0_pool/ridge,-0.0,0.0,-0.0,-0.0,0.0,-0.0,-0.0,0.0,-0.0,-0.0,0.0,-0.0
fresh,ukr_rus,0,uniform_sorted,memberctl_ukr_rus_uniform_sorted_s0,twibot20,U1_pre_meta/prototype,-0.01808336046006942,-0.005467520819769867,-0.012615839640299553,-0.021484375,-0.005533854166666741,-0.01595052083333326,-0.028607340372046264,-0.003182449811726107,-0.025424890560320157,0.004339694976806641,0.005010843276977539,-0.0006711483001708984
fresh,ukr_rus,0,uniform_sorted,memberctl_ukr_rus_uniform_sorted_s0,twibot20,U1_pre_meta/ridge,-0.004411273532443527,-0.006606843736436607,0.0021955702039930802,-0.00032552083333337034,-0.001953125,0.0016276041666666297,-0.0042189776916242705,-8.947919219737255e-05,-0.004129498499426898,0.006372392177581787,0.01692718267440796,-0.010554790496826172
fresh,ukr_rus,0,uniform_sorted,memberctl_ukr_rus_uniform_sorted_s0,twibot20,final_input/prototype,0.19428931342230893,-0.004009458753797768,0.1982987721761067,0.14192708333333331,-0.00423177083333337,0.14615885416666669,0.22474004051316682,-0.005611031986311521,0.23035107249947834,-0.00893336534500122,-0.0005827546119689941,-0.008350610733032227
fresh,ukr_rus,0,uniform_sorted,memberctl_ukr_rus_uniform_sorted_s0,twibot20,final_input/ridge,0.21874343024359816,-0.0035328335232204244,0.22227626376681858,0.15234374999999994,-0.0009765625,0.15332031249999994,0.2591346824503126,-0.002877797797383508,0.26201248024769613,-0.018383920192718506,-0.004187643527984619,-0.014196276664733887
fresh,ukr_rus,0,uniform_sorted,memberctl_ukr_rus_uniform_sorted_s0,twibot20,full_model,0.028081893920898215,0.31734890407986105,-0.28926701015896283,0.01725260416666663,0.0,0.01725260416666663,0.04132370195513524,0.0,0.04132370195513524,0.42442017793655396,-0.017276883125305176,0.44169706106185913
fresh,ukr_rus,0,uniform_sorted,memberctl_ukr_rus_uniform_sorted_s0,twibot20,raw_center/prototype,-0.0,0.0,-0.0,-0.0,0.0,-0.0,-5.551115123125783e-17,5.551115123125783e-17,-1.1102230246251565e-16,-0.0,0.0,-0.0
fresh,ukr_rus,0,uniform_sorted,memberctl_ukr_rus_uniform_sorted_s0,twibot20,raw_center/ridge,-0.0,0.0,-0.0,-0.0,0.0,-0.0,-5.551115123125783e-17,5.551115123125783e-17,-1.1102230246251565e-16,-0.0,0.0,-0.0
fresh,ukr_rus,0,uniform_sorted,memberctl_ukr_rus_uniform_sorted_s0,twibot20,raw_context/prototype,-0.0,0.0,-0.0,-0.0,0.0,-0.0,-0.0,0.0,-0.0,-0.0,0.0,-0.0
fresh,ukr_rus,0,uniform_sorted,memberctl_ukr_rus_uniform_sorted_s0,twibot20,raw_context/ridge,-0.0,0.0,-0.0,-0.0,0.0,-0.0,-0.0,0.0,-0.0,-0.0,0.0,-0.0
fresh,ukr_rus,0,uniform_sorted,memberctl_ukr_rus_uniform_sorted_s0,twibot20,raw_joint/prototype,-0.0,0.0,-0.0,-0.0,0.0,-0.0,-0.0,0.0,-0.0,-0.0,0.0,-0.0
fresh,ukr_rus,0,uniform_sorted,memberctl_ukr_rus_uniform_sorted_s0,twibot20,raw_joint/ridge,-0.0,0.0,-0.0,-0.0,0.0,-0.0,-0.0,0.0,-0.0,-0.0,0.0,-0.0
fresh,ukr_rus,0,uniform_sorted,memberctl_ukr_rus_uniform_sorted_s0,ukr_rus_suspended,M2_post_meta/prototype,-0.0665283203125,0.01385498046875,-0.08038330078125,-0.0546875,0.01953125,-0.07421875,-0.34517543859649125,-0.008172927880957137,-0.3370025107155341,0.002133190631866455,-2.104043960571289e-05,0.002154231071472168
fresh,ukr_rus,0,uniform_sorted,memberctl_ukr_rus_uniform_sorted_s0,ukr_rus_suspended,M2_post_meta/ridge,-0.07568359375,0.01348876953125,-0.08917236328125,-0.06640625,0.0546875,-0.12109375,-0.42022533879609203,0.030961791831357055,-0.4511871306274491,0.043379902839660645,-0.0001863241195678711,0.043566226959228516
fresh,ukr_rus,0,uniform_sorted,memberctl_ukr_rus_uniform_sorted_s0,ukr_rus_suspended,S0_conv_center/prototype,-0.0,0.0,-0.0,-0.0,0.0,-0.0,-0.0,0.0,-0.0,-0.0,0.0,-0.0
fresh,ukr_rus,0,uniform_sorted,memberctl_ukr_rus_uniform_sorted_s0,ukr_rus_suspended,S0_conv_center/ridge,-0.0,0.0,-0.0,-0.0,0.0,-0.0,-5.551115123125783e-17,0.0,-5.551115123125783e-17,-0.0,0.0,-0.0
fresh,ukr_rus,0,uniform_sorted,memberctl_ukr_rus_uniform_sorted_s0,ukr_rus_suspended,S0_pool/prototype,-0.0,0.0,-0.0,-0.0,0.0,-0.0,-0.0,0.0,-0.0,-0.0,0.0,-0.0
fresh,ukr_rus,0,uniform_sorted,memberctl_ukr_rus_uniform_sorted_s0,ukr_rus_suspended,S0_pool/ridge,-0.0,0.0,-0.0,-0.0,0.0,-0.0,-0.0,0.0,-0.0,-0.0,0.0,-0.0
fresh,ukr_rus,0,uniform_sorted,memberctl_ukr_rus_uniform_sorted_s0,ukr_rus_suspended,U1_pre_meta/prototype,0.04833984375,0.003173828125,0.045166015625,0.0390625,0.0,0.0390625,0.038759689922480633,-0.007454119892064348,0.04621380981454498,-0.002414226531982422,0.00011605024337768555,-0.0025302767753601074
fresh,ukr_rus,0,uniform_sorted,memberctl_ukr_rus_uniform_sorted_s0,ukr_rus_suspended,U1_pre_meta/ridge,0.0291748046875,0.0048828125,0.0242919921875,0.01953125,0.0,0.01953125,0.009650563189583128,-0.00363910708738302,0.013289670276966148,-0.011169075965881348,0.0005958676338195801,-0.011764943599700928
fresh,ukr_rus,0,uniform_sorted,memberctl_ukr_rus_uniform_sorted_s0,ukr_rus_suspended,final_input/prototype,-0.0665283203125,0.01385498046875,-0.08038330078125,-0.0546875,0.01953125,-0.07421875,-0.34517543859649125,-0.008172927880957137,-0.3370025107155341,0.002133190631866455,-2.104043960571289e-05,0.002154231071472168
fresh,ukr_rus,0,uniform_sorted,memberctl_ukr_rus_uniform_sorted_s0,ukr_rus_suspended,final_input/ridge,-0.07568359375,0.01348876953125,-0.08917236328125,-0.06640625,0.0546875,-0.12109375,-0.42022533879609203,0.030961791831357055,-0.4511871306274491,0.043379902839660645,-0.0001863241195678711,0.043566226959228516
fresh,ukr_rus,0,uniform_sorted,memberctl_ukr_rus_uniform_sorted_s0,ukr_rus_suspended,full_model,0.03887939453125,0.036285400390625,0.002593994140625,0.02734375,0.01953125,0.0078125,0.029519839431835726,0.5461254612546126,-0.5166056218227768,0.24501806497573864,-0.10706573724746704,0.3520838022232057
fresh,ukr_rus,0,uniform_sorted,memberctl_ukr_rus_uniform_sorted_s0,ukr_rus_suspended,raw_center/prototype,-0.0,0.0,-0.0,-0.0,0.0,-0.0,-0.0,0.0,-0.0,-0.0,0.0,-0.0
fresh,ukr_rus,0,uniform_sorted,memberctl_ukr_rus_uniform_sorted_s0,ukr_rus_suspended,raw_center/ridge,-0.0,0.0,-0.0,-0.0,0.0,-0.0,-0.0,0.0,-0.0,-0.0,0.0,-0.0
fresh,ukr_rus,0,uniform_sorted,memberctl_ukr_rus_uniform_sorted_s0,ukr_rus_suspended,raw_context/prototype,-0.0,0.0,-0.0,-0.0,0.0,-0.0,-0.0,0.0,-0.0,-0.0,0.0,-0.0
fresh,ukr_rus,0,uniform_sorted,memberctl_ukr_rus_uniform_sorted_s0,ukr_rus_suspended,raw_context/ridge,-0.0,0.0,-0.0,-0.0,0.0,-0.0,-0.0,0.0,-0.0,-0.0,0.0,-0.0
fresh,ukr_rus,0,uniform_sorted,memberctl_ukr_rus_uniform_sorted_s0,ukr_rus_suspended,raw_joint/prototype,-0.0,0.0,-0.0,-0.0,0.0,-0.0,-0.0,0.0,-0.0,-0.0,0.0,-0.0
fresh,ukr_rus,0,uniform_sorted,memberctl_ukr_rus_uniform_sorted_s0,ukr_rus_suspended,raw_joint/ridge,-0.0,0.0,-0.0,-0.0,0.0,-0.0,-0.0,0.0,-0.0,-0.0,0.0,-0.0
fresh,ukr_rus,1,lowest_shuffled,memberctl_ukr_rus_lowest_shuffled_s1,covid_political,M2_post_meta/prototype,0.3125974867078992,-0.07134359854239003,0.38394108525028925,0.36328125,-0.03157552083333337,0.39485677083333337,0.16366198317162528,-0.052230740387130103,0.21589272355875538,-0.028969764709472656,-9.942054748535156e-05,-0.028870344161987305
fresh,ukr_rus,1,lowest_shuffled,memberctl_ukr_rus_lowest_shuffled_s1,covid_political,M2_post_meta/ridge,0.3094635009765623,-0.06829494900173616,0.37775844997829844,0.3828125,-0.04231770833333326,0.42513020833333326,0.17765138750763687,-0.0623130183841466,0.23996440589178347,-0.09356015920639038,-0.0008872151374816895,-0.09267294406890869
fresh,ukr_rus,1,lowest_shuffled,memberctl_ukr_rus_lowest_shuffled_s1,covid_political,S0_conv_center/prototype,-0.0,0.0,-0.0,-0.0,0.0,-0.0,-0.0,0.0,-0.0,-0.0,0.0,-0.0
fresh,ukr_rus,1,lowest_shuffled,memberctl_ukr_rus_lowest_shuffled_s1,covid_political,S0_conv_center/ridge,-0.0,0.0,-0.0,-0.0,0.0,-0.0,-0.0,0.0,-0.0,-0.0,0.0,-0.0
fresh,ukr_rus,1,lowest_shuffled,memberctl_ukr_rus_lowest_shuffled_s1,covid_political,S0_pool/prototype,-1.1102230246251565e-16,0.0,-1.1102230246251565e-16,-0.0,0.0,-0.0,-0.0,0.0,-0.0,-0.0,0.0,-0.0
fresh,ukr_rus,1,lowest_shuffled,memberctl_ukr_rus_lowest_shuffled_s1,covid_political,S0_pool/ridge,-0.0,0.0,-0.0,-0.0,0.0,-0.0,-0.0,0.0,-0.0,-0.0,0.0,-0.0
fresh,ukr_rus,1,lowest_shuffled,memberctl_ukr_rus_lowest_shuffled_s1,covid_political,U1_pre_meta/prototype,0.0370262993706596,-0.06151411268446194,0.09854041205512154,0.08138020833333337,-0.05794270833333337,0.13932291666666674,0.12088994905611716,-0.053897214976950214,0.17478716403306738,-0.023030519485473633,0.0006411075592041016,-0.023671627044677734
fresh,ukr_rus,1,lowest_shuffled,memberctl_ukr_rus_lowest_shuffled_s1,covid_political,U1_pre_meta/ridge,0.03540039062500022,-0.06849500868055547,0.10389539930555569,0.0771484375,-0.05989583333333337,0.13704427083333337,0.1175681180791931,-0.054738577026813284,0.17230669510600638,-0.06527400016784668,0.005252838134765625,-0.0705268383026123
fresh,ukr_rus,1,lowest_shuffled,memberctl_ukr_rus_lowest_shuffled_s1,covid_political,final_input/prototype,0.3125974867078992,-0.07134359854239003,0.38394108525028925,0.36328125,-0.03157552083333337,0.39485677083333337,0.16366198317162528,-0.052230740387130103,0.21589272355875538,-0.028969764709472656,-9.942054748535156e-05,-0.028870344161987305
fresh,ukr_rus,1,lowest_shuffled,memberctl_ukr_rus_lowest_shuffled_s1,covid_political,final_input/ridge,0.3094635009765623,-0.06829494900173616,0.37775844997829844,0.3828125,-0.04231770833333326,0.42513020833333326,0.17765138750763687,-0.0623130183841466,0.23996440589178347,-0.09356015920639038,-0.0008872151374816895,-0.09267294406890869
fresh,ukr_rus,1,lowest_shuffled,memberctl_ukr_rus_lowest_shuffled_s1,covid_political,full_model,0.08708360460069442,0.20078984013310192,-0.1137062355324075,0.05240885416666674,0.0,0.05240885416666674,0.10907127361443714,0.0,0.10907127361443714,-0.23664942383766174,-0.037563860416412354,-0.1990855634212494
fresh,ukr_rus,1,lowest_shuffled,memberctl_ukr_rus_lowest_shuffled_s1,covid_political,raw_center/prototype,-0.0,0.0,-0.0,-0.0,0.0,-0.0,-0.0,0.0,-0.0,-0.0,0.0,-0.0
fresh,ukr_rus,1,lowest_shuffled,memberctl_ukr_rus_lowest_shuffled_s1,covid_political,raw_center/ridge,-0.0,0.0,-0.0,-0.0,0.0,-0.0,-0.0,0.0,-0.0,-0.0,0.0,-0.0
fresh,ukr_rus,1,lowest_shuffled,memberctl_ukr_rus_lowest_shuffled_s1,covid_political,raw_context/prototype,-1.1102230246251565e-16,1.1102230246251565e-16,-2.220446049250313e-16,-0.0,0.0,-0.0,-0.0,0.0,-0.0,-0.0,0.0,-0.0
fresh,ukr_rus,1,lowest_shuffled,memberctl_ukr_rus_lowest_shuffled_s1,covid_political,raw_context/ridge,-0.0,0.0,-0.0,-0.0,0.0,-0.0,-0.0,0.0,-0.0,-0.0,0.0,-0.0
fresh,ukr_rus,1,lowest_shuffled,memberctl_ukr_rus_lowest_shuffled_s1,covid_political,raw_joint/prototype,-0.0,0.0,-0.0,-0.0,0.0,-0.0,-0.0,0.0,-0.0,-0.0,0.0,-0.0
fresh,ukr_rus,1,lowest_shuffled,memberctl_ukr_rus_lowest_shuffled_s1,covid_political,raw_joint/ridge,-0.0,0.0,-0.0,-0.0,0.0,-0.0,-0.0,0.0,-0.0,-0.0,0.0,-0.0
fresh,ukr_rus,1,lowest_shuffled,memberctl_ukr_rus_lowest_shuffled_s1,election2020,M2_post_meta/prototype,0.2994384765625,-0.082733154296875,0.382171630859375,0.453125,-0.0390625,0.4921875,0.2892770073138564,-0.03917990553885786,0.3284569128527143,-0.05917716026306152,-5.042552947998047e-05,-0.05912673473358154
fresh,ukr_rus,1,lowest_shuffled,memberctl_ukr_rus_lowest_shuffled_s1,election2020,M2_post_meta/ridge,0.30035400390625,-0.08245849609375,0.3828125,0.453125,-0.05859375,0.51171875,0.28892468787756764,-0.058183351339956224,0.34710803921752387,-0.2060329914093018,-0.0003287196159362793,-0.20570427179336553
fresh,ukr_rus,1,lowest_shuffled,memberctl_ukr_rus_lowest_shuffled_s1,election2020,S0_conv_center/prototype,-0.0,0.0,-0.0,-0.0,0.0,-0.0,-0.0,0.0,-0.0,-0.0,0.0,-0.0
fresh,ukr_rus,1,lowest_shuffled,memberctl_ukr_rus_lowest_shuffled_s1,election2020,S0_conv_center/ridge,-0.0,0.0,-0.0,-0.0,0.0,-0.0,-0.0,0.0,-0.0,-0.0,0.0,-0.0
fresh,ukr_rus,1,lowest_shuffled,memberctl_ukr_rus_lowest_shuffled_s1,election2020,S0_pool/prototype,-0.0,0.0,-0.0,-0.0,0.0,-0.0,-0.0,0.0,-0.0,-0.0,0.0,-0.0
fresh,ukr_rus,1,lowest_shuffled,memberctl_ukr_rus_lowest_shuffled_s1,election2020,S0_pool/ridge,-0.0,0.0,-0.0,-0.0,0.0,-0.0,-0.0,0.0,-0.0,-5.551115123125783e-17,0.0,-5.551115123125783e-17
fresh,ukr_rus,1,lowest_shuffled,memberctl_ukr_rus_lowest_shuffled_s1,election2020,U1_pre_meta/prototype,0.03680419921875,-0.096038818359375,0.132843017578125,0.0859375,-0.0703125,0.15625,0.0840702604482132,-0.058722541399121364,0.14279280184733456,-0.033560752868652344,0.0009983181953430176,-0.03455907106399536
fresh,ukr_rus,1,lowest_shuffled,memberctl_ukr_rus_lowest_shuffled_s1,election2020,U1_pre_meta/ridge,0.02587890625,-0.1265869140625,0.1524658203125,0.0625,-0.08203125,0.14453125,0.06164927058536296,-0.0761341436943781,0.13778341427974106,-0.10394576191902166,0.008822619915008545,-0.1127683818340302
fresh,ukr_rus,1,lowest_shuffled,memberctl_ukr_rus_lowest_shuffled_s1,election2020,final_input/prototype,0.2994384765625,-0.082733154296875,0.382171630859375,0.453125,-0.0390625,0.4921875,0.2892770073138564,-0.03917990553885786,0.3284569128527143,-0.05917716026306152,-5.042552947998047e-05,-0.05912673473358154
fresh,ukr_rus,1,lowest_shuffled,memberctl_ukr_rus_lowest_shuffled_s1,election2020,final_input/ridge,0.30035400390625,-0.08245849609375,0.3828125,0.453125,-0.05859375,0.51171875,0.28892468787756764,-0.058183351339956224,0.34710803921752387,-0.2060329914093018,-0.0003287196159362793,-0.20570427179336553
fresh,ukr_rus,1,lowest_shuffled,memberctl_ukr_rus_lowest_shuffled_s1,election2020,full_model,0.139892578125,0.26788330078125,-0.12799072265625,0.1953125,0.0,0.1953125,0.20331825037707396,0.0,0.20331825037707396,-0.5704541355371475,0.1091468334197998,-0.6796009689569473
fresh,ukr_rus,1,lowest_shuffled,memberctl_ukr_rus_lowest_shuffled_s1,election2020,raw_center/prototype,-0.0,0.0,-0.0,-0.0,0.0,-0.0,-0.0,0.0,-0.0,-0.0,0.0,-0.0
fresh,ukr_rus,1,lowest_shuffled,memberctl_ukr_rus_lowest_shuffled_s1,election2020,raw_center/ridge,-0.0,0.0,-0.0,-0.0,0.0,-0.0,-0.0,0.0,-0.0,-0.0,0.0,-0.0
fresh,ukr_rus,1,lowest_shuffled,memberctl_ukr_rus_lowest_shuffled_s1,election2020,raw_context/prototype,-0.0,0.0,-0.0,-0.0,0.0,-0.0,-0.0,0.0,-0.0,-0.0,0.0,-0.0
fresh,ukr_rus,1,lowest_shuffled,memberctl_ukr_rus_lowest_shuffled_s1,election2020,raw_context/ridge,-0.0,0.0,-0.0,-0.0,0.0,-0.0,-0.0,0.0,-0.0,-0.0,0.0,-0.0
fresh,ukr_rus,1,lowest_shuffled,memberctl_ukr_rus_lowest_shuffled_s1,election2020,raw_joint/prototype,-0.0,0.0,-0.0,-0.0,0.0,-0.0,-0.0,0.0,-0.0,-0.0,0.0,-0.0
fresh,ukr_rus,1,lowest_shuffled,memberctl_ukr_rus_lowest_shuffled_s1,election2020,raw_joint/ridge,-0.0,0.0,-0.0,-0.0,0.0,-0.0,-0.0,0.0,-0.0,-0.0,0.0,-0.0
fresh,ukr_rus,1,lowest_shuffled,memberctl_ukr_rus_lowest_shuffled_s1,facebook_page_reference,M2_post_meta/prototype,0.08462142944335938,-0.014072418212890625,0.09869384765625,0.0615234375,-0.009765625,0.0712890625,0.06694974842250412,-0.007000136378678801,0.07394988480118292,-0.01841890811920166,-0.00014519691467285156,-0.01827371120452881
fresh,ukr_rus,1,lowest_shuffled,memberctl_ukr_rus_lowest_shuffled_s1,facebook_page_reference,M2_post_meta/ridge,0.10754966735839844,-0.00919342041015625,0.11674308776855469,0.0830078125,-0.01171875,0.0947265625,0.08294603343827911,-0.006655253482372281,0.08960128692065139,-0.05489152669906616,-0.0014011263847351074,-0.053490400314331055
fresh,ukr_rus,1,lowest_shuffled,memberctl_ukr_rus_lowest_shuffled_s1,facebook_page_reference,S0_conv_center/prototype,-0.0,0.0,-0.0,-0.0,0.0,-0.0,-0.0,0.0,-0.0,-0.0,0.0,-0.0
fresh,ukr_rus,1,lowest_shuffled,memberctl_ukr_rus_lowest_shuffled_s1,facebook_page_reference,S0_conv_center/ridge,-0.0,0.0,-0.0,-0.0,0.0,-0.0,-0.0,0.0,-0.0,-0.0,0.0,-0.0
fresh,ukr_rus,1,lowest_shuffled,memberctl_ukr_rus_lowest_shuffled_s1,facebook_page_reference,S0_pool/prototype,-0.0,0.0,-0.0,-0.0,0.0,-0.0,-0.0,0.0,-0.0,-0.0,0.0,-0.0
fresh,ukr_rus,1,lowest_shuffled,memberctl_ukr_rus_lowest_shuffled_s1,facebook_page_reference,S0_pool/ridge,-0.0,0.0,-0.0,-0.0,0.0,-0.0,-0.0,0.0,-0.0,-0.0,0.0,-0.0
fresh,ukr_rus,1,lowest_shuffled,memberctl_ukr_rus_lowest_shuffled_s1,facebook_page_reference,U1_pre_meta/prototype,-0.07519912719726562,-0.008642196655273438,-0.06655693054199219,-0.06640625,-0.0029296875,-0.0634765625,-0.06289261500513155,0.0022874593068479276,-0.06518007431197947,0.008220076560974121,0.00014632940292358398,0.008073747158050537
fresh,ukr_rus,1,lowest_shuffled,memberctl_ukr_rus_lowest_shuffled_s1,facebook_page_reference,U1_pre_meta/ridge,-0.07471847534179688,-0.009340286254882812,-0.06537818908691406,-0.0634765625,-0.009765625,-0.0537109375,-0.05900689923233893,-0.005356161875114451,-0.053650737357224476,0.021035611629486084,0.001354217529296875,0.01968139410018921
fresh,ukr_rus,1,lowest_shuffled,memberctl_ukr_rus_lowest_shuffled_s1,facebook_page_reference,final_input/prototype,0.08462142944335938,-0.014072418212890625,0.09869384765625,0.0615234375,-0.009765625,0.0712890625,0.06694974842250412,-0.007000136378678801,0.07394988480118292,-0.01841890811920166,-0.00014519691467285156,-0.01827371120452881
fresh,ukr_rus,1,lowest_shuffled,memberctl_ukr_rus_lowest_shuffled_s1,facebook_page_reference,final_input/ridge,0.10754966735839844,-0.00919342041015625,0.11674308776855469,0.0830078125,-0.01171875,0.0947265625,0.08294603343827911,-0.006655253482372281,0.08960128692065139,-0.05489152669906616,-0.0014011263847351074,-0.053490400314331055
fresh,ukr_rus,1,lowest_shuffled,memberctl_ukr_rus_lowest_shuffled_s1,facebook_page_reference,full_model,0.021577835083007812,0.000375747680664118,0.021202087402343694,-0.013671875,-0.0048828125,-0.0087890625,-0.013048661742703027,-0.042263292263292285,0.029214630520589258,0.07840621471405029,4.0471553802490234e-05,0.0783657431602478
fresh,ukr_rus,1,lowest_shuffled,memberctl_ukr_rus_lowest_shuffled_s1,facebook_page_reference,raw_center/prototype,1.1102230246251565e-16,-1.1102230246251565e-16,2.220446049250313e-16,-0.0,0.0,-0.0,-0.0,0.0,-0.0,-0.0,0.0,-0.0
fresh,ukr_rus,1,lowest_shuffled,memberctl_ukr_rus_lowest_shuffled_s1,facebook_page_reference,raw_center/ridge,-0.0,0.0,-0.0,-0.0,0.0,-0.0,-0.0,0.0,-0.0,-0.0,0.0,-0.0
fresh,ukr_rus,1,lowest_shuffled,memberctl_ukr_rus_lowest_shuffled_s1,facebook_page_reference,raw_context/prototype,-0.0,0.0,-0.0,-0.0,0.0,-0.0,-0.0,0.0,-0.0,-0.0,0.0,-0.0
fresh,ukr_rus,1,lowest_shuffled,memberctl_ukr_rus_lowest_shuffled_s1,facebook_page_reference,raw_context/ridge,-0.0,0.0,-0.0,-0.0,0.0,-0.0,-0.0,0.0,-0.0,-0.0,0.0,-0.0
fresh,ukr_rus,1,lowest_shuffled,memberctl_ukr_rus_lowest_shuffled_s1,facebook_page_reference,raw_joint/prototype,-0.0,0.0,-0.0,-0.0,0.0,-0.0,-0.0,0.0,-0.0,-0.0,0.0,-0.0
fresh,ukr_rus,1,lowest_shuffled,memberctl_ukr_rus_lowest_shuffled_s1,facebook_page_reference,raw_joint/ridge,1.1102230246251565e-16,-1.1102230246251565e-16,2.220446049250313e-16,-0.0,0.0,-0.0,-0.0,0.0,-0.0,-0.0,0.0,-0.0
fresh,ukr_rus,1,lowest_shuffled,memberctl_ukr_rus_lowest_shuffled_s1,twibot20,M2_post_meta/prototype,0.06618499755859375,-0.012651443481445424,0.07883644104003917,0.10319010416666663,-0.001953125,0.10514322916666663,0.01842762421424271,-0.003700989121721454,0.022128613335964165,-0.011314928531646729,-0.000766754150390625,-0.010548174381256104
fresh,ukr_rus,1,lowest_shuffled,memberctl_ukr_rus_lowest_shuffled_s1,twibot20,M2_post_meta/ridge,0.07403967115614152,-0.011931313408745647,0.08597098456488717,0.109375,-0.0029296875,0.1123046875,0.023415977961432577,-0.004433846744849812,0.02784982470628239,-0.034167706966400146,-0.005708217620849609,-0.028459489345550537
fresh,ukr_rus,1,lowest_shuffled,memberctl_ukr_rus_lowest_shuffled_s1,twibot20,S0_conv_center/prototype,-0.0,0.0,-0.0,-0.0,0.0,-0.0,-0.0,0.0,-0.0,-0.0,0.0,-0.0
fresh,ukr_rus,1,lowest_shuffled,memberctl_ukr_rus_lowest_shuffled_s1,twibot20,S0_conv_center/ridge,-0.0,0.0,-0.0,-0.0,0.0,-0.0,-0.0,0.0,-0.0,-0.0,0.0,-0.0
fresh,ukr_rus,1,lowest_shuffled,memberctl_ukr_rus_lowest_shuffled_s1,twibot20,S0_pool/prototype,-0.0,0.0,-0.0,-0.0,0.0,-0.0,-0.0,0.0,-0.0,-0.0,0.0,-0.0
fresh,ukr_rus,1,lowest_shuffled,memberctl_ukr_rus_lowest_shuffled_s1,twibot20,S0_pool/ridge,-0.0,0.0,-0.0,-0.0,0.0,-0.0,-0.0,0.0,-0.0,-0.0,0.0,-0.0
fresh,ukr_rus,1,lowest_shuffled,memberctl_ukr_rus_lowest_shuffled_s1,twibot20,U1_pre_meta/prototype,-0.02893744574652779,-0.011069827609591965,-0.017867618136935826,-0.02734375,0.004557291666666741,-0.03190104166666674,-0.04237667371971521,0.003212394006765651,-0.04558906772648086,0.0034905672073364258,0.0015867352485656738,0.001903831958770752
fresh,ukr_rus,1,lowest_shuffled,memberctl_ukr_rus_lowest_shuffled_s1,twibot20,U1_pre_meta/ridge,-0.015675438774956474,-0.011721505059136272,-0.0039539337158202015,-0.00716145833333337,0.0013020833333333703,-0.00846354166666674,-0.01680367961557594,0.001256959945277747,-0.018060639560853686,0.005578219890594482,0.00788736343383789,-0.002309143543243408
fresh,ukr_rus,1,lowest_shuffled,memberctl_ukr_rus_lowest_shuffled_s1,twibot20,final_input/prototype,0.06618499755859375,-0.012651443481445424,0.07883644104003917,0.10319010416666663,-0.001953125,0.10514322916666663,0.01842762421424271,-0.003700989121721454,0.022128613335964165,-0.011314928531646729,-0.000766754150390625,-0.010548174381256104
fresh,ukr_rus,1,lowest_shuffled,memberctl_ukr_rus_lowest_shuffled_s1,twibot20,final_input/ridge,0.07403967115614152,-0.011931313408745647,0.08597098456488717,0.109375,-0.0029296875,0.1123046875,0.023415977961432577,-0.004433846744849812,0.02784982470628239,-0.034167706966400146,-0.005708217620849609,-0.028459489345550537
fresh,ukr_rus,1,lowest_shuffled,memberctl_ukr_rus_lowest_shuffled_s1,twibot20,full_model,0.01665751139322913,0.016372044881184822,0.00028546651204430784,0.015625,0.0,0.015625,0.005987137807029974,0.0,0.005987137807029974,0.35509973764419556,-0.04562002420425415,0.4007197618484497
fresh,ukr_rus,1,lowest_shuffled,memberctl_ukr_rus_lowest_shuffled_s1,twibot20,raw_center/prototype,-0.0,0.0,-0.0,-0.0,0.0,-0.0,-5.551115123125783e-17,5.551115123125783e-17,-1.1102230246251565e-16,-0.0,0.0,-0.0
fresh,ukr_rus,1,lowest_shuffled,memberctl_ukr_rus_lowest_shuffled_s1,twibot20,raw_center/ridge,-0.0,0.0,-0.0,-0.0,0.0,-0.0,-5.551115123125783e-17,5.551115123125783e-17,-1.1102230246251565e-16,-0.0,0.0,-0.0
fresh,ukr_rus,1,lowest_shuffled,memberctl_ukr_rus_lowest_shuffled_s1,twibot20,raw_context/prototype,-0.0,0.0,-0.0,-0.0,0.0,-0.0,-0.0,0.0,-0.0,-0.0,0.0,-0.0
fresh,ukr_rus,1,lowest_shuffled,memberctl_ukr_rus_lowest_shuffled_s1,twibot20,raw_context/ridge,-0.0,0.0,-0.0,-0.0,0.0,-0.0,-0.0,0.0,-0.0,-0.0,0.0,-0.0
fresh,ukr_rus,1,lowest_shuffled,memberctl_ukr_rus_lowest_shuffled_s1,twibot20,raw_joint/prototype,-0.0,0.0,-0.0,-0.0,0.0,-0.0,-0.0,0.0,-0.0,-0.0,0.0,-0.0
fresh,ukr_rus,1,lowest_shuffled,memberctl_ukr_rus_lowest_shuffled_s1,twibot20,raw_joint/ridge,-0.0,0.0,-0.0,-0.0,0.0,-0.0,-0.0,0.0,-0.0,-0.0,0.0,-0.0
fresh,ukr_rus,1,lowest_shuffled,memberctl_ukr_rus_lowest_shuffled_s1,ukr_rus_suspended,M2_post_meta/prototype,0.027923583984375,0.01849365234375,0.009429931640625,-0.0078125,-0.0390625,0.03125,0.010453280152893818,-0.024925619834710755,0.03537889998760457,-0.0007495284080505371,-3.9577484130859375e-05,-0.0007099509239196777
fresh,ukr_rus,1,lowest_shuffled,memberctl_ukr_rus_lowest_shuffled_s1,ukr_rus_suspended,M2_post_meta/ridge,0.02301025390625,0.0155029296875,0.00750732421875,-0.00390625,-0.015625,0.01171875,0.016150030487302458,-0.004576659038901587,0.020726689526204045,0.02361917495727539,-0.00035583972930908203,0.023975014686584473
fresh,ukr_rus,1,lowest_shuffled,memberctl_ukr_rus_lowest_shuffled_s1,ukr_rus_suspended,S0_conv_center/prototype,-0.0,0.0,-0.0,-0.0,0.0,-0.0,-0.0,0.0,-0.0,-0.0,0.0,-0.0
fresh,ukr_rus,1,lowest_shuffled,memberctl_ukr_rus_lowest_shuffled_s1,ukr_rus_suspended,S0_conv_center/ridge,-0.0,0.0,-0.0,-0.0,0.0,-0.0,-0.0,0.0,-0.0,-0.0,0.0,-0.0
fresh,ukr_rus,1,lowest_shuffled,memberctl_ukr_rus_lowest_shuffled_s1,ukr_rus_suspended,S0_pool/prototype,-0.0,0.0,-0.0,-0.0,0.0,-0.0,-0.0,0.0,-0.0,-0.0,0.0,-0.0
fresh,ukr_rus,1,lowest_shuffled,memberctl_ukr_rus_lowest_shuffled_s1,ukr_rus_suspended,S0_pool/ridge,-0.0,0.0,-0.0,-0.0,0.0,-0.0,-0.0,0.0,-0.0,-0.0,0.0,-0.0
fresh,ukr_rus,1,lowest_shuffled,memberctl_ukr_rus_lowest_shuffled_s1,ukr_rus_suspended,U1_pre_meta/prototype,0.00213623046875,0.0291748046875,-0.02703857421875,-0.0,0.01953125,-0.01953125,-0.018164888339362917,0.009874141539187087,-0.028039029878550004,-5.060434341430664e-05,6.9141387939453125e-06,-5.751848220825195e-05
fresh,ukr_rus,1,lowest_shuffled,memberctl_ukr_rus_lowest_shuffled_s1,ukr_rus_suspended,U1_pre_meta/ridge,-0.002197265625,0.02862548828125,-0.03082275390625,-0.0078125,0.03515625,-0.04296875,-0.011506782945736482,0.021743548059337536,-0.03325033100507402,-0.002052485942840576,-6.93202018737793e-05,-0.001983165740966797
fresh,ukr_rus,1,lowest_shuffled,memberctl_ukr_rus_lowest_shuffled_s1,ukr_rus_suspended,final_input/prototype,0.027923583984375,0.01849365234375,0.009429931640625,-0.0078125,-0.0390625,0.03125,0.010453280152893818,-0.024925619834710755,0.03537889998760457,-0.0007495284080505371,-3.9577484130859375e-05,-0.0007099509239196777
fresh,ukr_rus,1,lowest_shuffled,memberctl_ukr_rus_lowest_shuffled_s1,ukr_rus_suspended,final_input/ridge,0.02301025390625,0.0155029296875,0.00750732421875,-0.00390625,-0.015625,0.01171875,0.016150030487302458,-0.004576659038901587,0.020726689526204045,0.02361917495727539,-0.00035583972930908203,0.023975014686584473
fresh,ukr_rus,1,lowest_shuffled,memberctl_ukr_rus_lowest_shuffled_s1,ukr_rus_suspended,full_model,0.027801513671875,0.040435791015625,-0.01263427734375,-0.00390625,0.0,-0.00390625,0.021862348178137647,0.0,0.021862348178137647,0.10185736417770386,-0.008503377437591553,0.11036074161529541
fresh,ukr_rus,1,lowest_shuffled,memberctl_ukr_rus_lowest_shuffled_s1,ukr_rus_suspended,raw_center/prototype,-0.0,0.0,-0.0,-0.0,0.0,-0.0,-0.0,0.0,-0.0,-0.0,0.0,-0.0
fresh,ukr_rus,1,lowest_shuffled,memberctl_ukr_rus_lowest_shuffled_s1,ukr_rus_suspended,raw_center/ridge,-0.0,0.0,-0.0,-0.0,0.0,-0.0,-0.0,0.0,-0.0,-0.0,0.0,-0.0
fresh,ukr_rus,1,lowest_shuffled,memberctl_ukr_rus_lowest_shuffled_s1,ukr_rus_suspended,raw_context/prototype,-0.0,0.0,-0.0,-0.0,0.0,-0.0,-0.0,0.0,-0.0,-0.0,0.0,-0.0
fresh,ukr_rus,1,lowest_shuffled,memberctl_ukr_rus_lowest_shuffled_s1,ukr_rus_suspended,raw_context/ridge,-0.0,0.0,-0.0,-0.0,0.0,-0.0,-0.0,0.0,-0.0,-0.0,0.0,-0.0
fresh,ukr_rus,1,lowest_shuffled,memberctl_ukr_rus_lowest_shuffled_s1,ukr_rus_suspended,raw_joint/prototype,-0.0,0.0,-0.0,-0.0,0.0,-0.0,-0.0,0.0,-0.0,-0.0,0.0,-0.0
fresh,ukr_rus,1,lowest_shuffled,memberctl_ukr_rus_lowest_shuffled_s1,ukr_rus_suspended,raw_joint/ridge,-0.0,0.0,-0.0,-0.0,0.0,-0.0,-0.0,0.0,-0.0,-0.0,0.0,-0.0
fresh,ukr_rus,1,lowest_sorted,memberctl_ukr_rus_lowest_sorted_s1,covid_political,M2_post_meta/prototype,0.10127879955150476,0.09760312680844918,0.0036756727430555802,0.11067708333333331,0.06510416666666663,0.045572916666666685,0.0420410826101017,0.11106198222762642,-0.06902089961752472,0.0004067420959472656,-0.0002181529998779297,0.0006248950958251953
fresh,ukr_rus,1,lowest_sorted,memberctl_ukr_rus_lowest_sorted_s1,covid_political,M2_post_meta/ridge,0.160867761682581,0.10061334680627887,0.06025441487630212,0.1220703125,0.05989583333333337,0.06217447916666663,0.0465019378655957,0.10379599950152102,-0.05729406163592532,0.005043685436248779,-0.0020804405212402344,0.007124125957489014
fresh,ukr_rus,1,lowest_sorted,memberctl_ukr_rus_lowest_sorted_s1,covid_political,S0_conv_center/prototype,-0.0,0.0,-0.0,-0.0,0.0,-0.0,-0.0,0.0,-0.0,-0.0,0.0,-0.0
fresh,ukr_rus,1,lowest_sorted,memberctl_ukr_rus_lowest_sorted_s1,covid_political,S0_conv_center/ridge,-0.0,0.0,-0.0,-0.0,0.0,-0.0,-0.0,0.0,-0.0,-0.0,0.0,-0.0
fresh,ukr_rus,1,lowest_sorted,memberctl_ukr_rus_lowest_sorted_s1,covid_political,S0_pool/prototype,-0.0,0.0,-0.0,-0.0,0.0,-0.0,-0.0,0.0,-0.0,-0.0,0.0,-0.0
fresh,ukr_rus,1,lowest_sorted,memberctl_ukr_rus_lowest_sorted_s1,covid_political,S0_pool/ridge,1.1102230246251565e-16,0.0,1.1102230246251565e-16,-0.0,0.0,-0.0,-0.0,0.0,-0.0,-0.0,0.0,-0.0
fresh,ukr_rus,1,lowest_sorted,memberctl_ukr_rus_lowest_sorted_s1,covid_political,U1_pre_meta/prototype,0.03207623517071734,0.09517641420717582,-0.06310017903645848,0.06868489583333337,0.05013020833333326,0.01855468750000011,0.10800113625603636,0.11423007823681935,-0.006228941980782998,-0.031471848487854004,0.0004591941833496094,-0.03193104267120361
fresh,ukr_rus,1,lowest_sorted,memberctl_ukr_rus_lowest_sorted_s1,covid_political,U1_pre_meta/ridge,0.02741439254195599,0.0876089025426795,-0.06019451000072351,0.05533854166666663,0.04947916666666663,0.005859375,0.08875377354479352,0.11154722823176838,-0.022793454686974857,-0.06974035501480108,0.0034099817276000977,-0.07315033674240118
fresh,ukr_rus,1,lowest_sorted,memberctl_ukr_rus_lowest_sorted_s1,covid_political,final_input/prototype,0.10127879955150476,0.09760312680844918,0.0036756727430555802,0.11067708333333331,0.06510416666666663,0.045572916666666685,0.0420410826101017,0.11106198222762642,-0.06902089961752472,0.0004067420959472656,-0.0002181529998779297,0.0006248950958251953
fresh,ukr_rus,1,lowest_sorted,memberctl_ukr_rus_lowest_sorted_s1,covid_political,final_input/ridge,0.160867761682581,0.10061334680627887,0.06025441487630212,0.1220703125,0.05989583333333337,0.06217447916666663,0.0465019378655957,0.10379599950152102,-0.05729406163592532,0.005043685436248779,-0.0020804405212402344,0.007124125957489014
fresh,ukr_rus,1,lowest_sorted,memberctl_ukr_rus_lowest_sorted_s1,covid_political,full_model,0.20636523211443858,0.21840780752676509,-0.012042575412326506,0.33951822916666663,0.0029296875,0.33658854166666663,0.31961500068791704,0.05006257822277847,0.26955242246513855,-0.3127585649490357,0.05013245344161987,-0.3628910183906556
fresh,ukr_rus,1,lowest_sorted,memberctl_ukr_rus_lowest_sorted_s1,covid_political,raw_center/prototype,-0.0,0.0,-0.0,-0.0,0.0,-0.0,-0.0,0.0,-0.0,-0.0,0.0,-0.0
fresh,ukr_rus,1,lowest_sorted,memberctl_ukr_rus_lowest_sorted_s1,covid_political,raw_center/ridge,-0.0,0.0,-0.0,-0.0,0.0,-0.0,-0.0,0.0,-0.0,-0.0,0.0,-0.0
fresh,ukr_rus,1,lowest_sorted,memberctl_ukr_rus_lowest_sorted_s1,covid_political,raw_context/prototype,-1.1102230246251565e-16,1.1102230246251565e-16,-2.220446049250313e-16,-0.0,0.0,-0.0,-0.0,0.0,-0.0,-0.0,0.0,-0.0
fresh,ukr_rus,1,lowest_sorted,memberctl_ukr_rus_lowest_sorted_s1,covid_political,raw_context/ridge,-0.0,0.0,-0.0,-0.0,0.0,-0.0,-0.0,0.0,-0.0,-0.0,0.0,-0.0
fresh,ukr_rus,1,lowest_sorted,memberctl_ukr_rus_lowest_sorted_s1,covid_political,raw_joint/prototype,-0.0,0.0,-0.0,-0.0,0.0,-0.0,-0.0,0.0,-0.0,-0.0,0.0,-0.0
fresh,ukr_rus,1,lowest_sorted,memberctl_ukr_rus_lowest_sorted_s1,covid_political,raw_joint/ridge,-0.0,0.0,-0.0,-0.0,0.0,-0.0,-0.0,0.0,-0.0,-0.0,0.0,-0.0
fresh,ukr_rus,1,lowest_sorted,memberctl_ukr_rus_lowest_sorted_s1,election2020,M2_post_meta/prototype,0.207305908203125,0.062774658203125,0.14453125,0.28125,0.0625,0.21875,0.1547438146969684,0.0603512112556861,0.09439260344128231,-0.026700973510742188,-0.00015479326248168945,-0.026546180248260498
fresh,ukr_rus,1,lowest_sorted,memberctl_ukr_rus_lowest_sorted_s1,election2020,M2_post_meta/ridge,0.21270751953125,0.06976318359375,0.1429443359375,0.27734375,0.046875,0.23046875,0.15210550980785964,0.04332129963898923,0.10878421016887041,-0.14293420314788818,-0.0015070438385009766,-0.1414271593093872
fresh,ukr_rus,1,lowest_sorted,memberctl_ukr_rus_lowest_sorted_s1,election2020,S0_conv_center/prototype,-0.0,0.0,-0.0,-0.0,0.0,-0.0,-0.0,0.0,-0.0,-0.0,0.0,-0.0
fresh,ukr_rus,1,lowest_sorted,memberctl_ukr_rus_lowest_sorted_s1,election2020,S0_conv_center/ridge,-0.0,0.0,-0.0,-0.0,0.0,-0.0,-0.0,0.0,-0.0,-0.0,0.0,-0.0
fresh,ukr_rus,1,lowest_sorted,memberctl_ukr_rus_lowest_sorted_s1,election2020,S0_pool/prototype,-0.0,0.0,-0.0,-0.0,0.0,-0.0,-0.0,0.0,-0.0,-0.0,0.0,-0.0
fresh,ukr_rus,1,lowest_sorted,memberctl_ukr_rus_lowest_sorted_s1,election2020,S0_pool/ridge,-0.0,0.0,-0.0,-0.0,0.0,-0.0,-0.0,0.0,-0.0,-5.551115123125783e-17,0.0,-5.551115123125783e-17
fresh,ukr_rus,1,lowest_sorted,memberctl_ukr_rus_lowest_sorted_s1,election2020,U1_pre_meta/prototype,0.019287109375,0.0433349609375,-0.0240478515625,0.06640625,0.05078125,0.015625,0.0651810415589944,0.05119724469713538,0.013983796861859021,-0.052662014961242676,0.0008443593978881836,-0.05350637435913086
fresh,ukr_rus,1,lowest_sorted,memberctl_ukr_rus_lowest_sorted_s1,election2020,U1_pre_meta/ridge,0.01409912109375,0.01849365234375,-0.00439453125,0.0546875,0.0390625,0.015625,0.05389733260086682,0.03690036900369009,0.01699696359717673,-0.10996109247207647,0.007057130336761475,-0.11701822280883795
fresh,ukr_rus,1,lowest_sorted,memberctl_ukr_rus_lowest_sorted_s1,election2020,final_input/prototype,0.207305908203125,0.062774658203125,0.14453125,0.28125,0.0625,0.21875,0.1547438146969684,0.0603512112556861,0.09439260344128231,-0.026700973510742188,-0.00015479326248168945,-0.026546180248260498
fresh,ukr_rus,1,lowest_sorted,memberctl_ukr_rus_lowest_sorted_s1,election2020,final_input/ridge,0.21270751953125,0.06976318359375,0.1429443359375,0.27734375,0.046875,0.23046875,0.15210550980785964,0.04332129963898923,0.10878421016887041,-0.14293420314788818,-0.0015070438385009766,-0.1414271593093872
fresh,ukr_rus,1,lowest_sorted,memberctl_ukr_rus_lowest_sorted_s1,election2020,full_model,0.309814453125,0.2484130859375,0.0614013671875,0.36328125,0.05859375,0.3046875,0.2719003408156071,0.49777777777777776,-0.22587743696217066,-0.5815938860177994,-0.043586909770965576,-0.5380069762468338
fresh,ukr_rus,1,lowest_sorted,memberctl_ukr_rus_lowest_sorted_s1,election2020,raw_center/prototype,-0.0,0.0,-0.0,-0.0,0.0,-0.0,-0.0,0.0,-0.0,-0.0,0.0,-0.0
fresh,ukr_rus,1,lowest_sorted,memberctl_ukr_rus_lowest_sorted_s1,election2020,raw_center/ridge,-0.0,0.0,-0.0,-0.0,0.0,-0.0,-0.0,0.0,-0.0,-0.0,0.0,-0.0
fresh,ukr_rus,1,lowest_sorted,memberctl_ukr_rus_lowest_sorted_s1,election2020,raw_context/prototype,-0.0,0.0,-0.0,-0.0,0.0,-0.0,-0.0,0.0,-0.0,-0.0,0.0,-0.0
fresh,ukr_rus,1,lowest_sorted,memberctl_ukr_rus_lowest_sorted_s1,election2020,raw_context/ridge,-0.0,0.0,-0.0,-0.0,0.0,-0.0,-0.0,0.0,-0.0,-0.0,0.0,-0.0
fresh,ukr_rus,1,lowest_sorted,memberctl_ukr_rus_lowest_sorted_s1,election2020,raw_joint/prototype,-0.0,0.0,-0.0,-0.0,0.0,-0.0,-0.0,0.0,-0.0,-0.0,0.0,-0.0
fresh,ukr_rus,1,lowest_sorted,memberctl_ukr_rus_lowest_sorted_s1,election2020,raw_joint/ridge,-0.0,0.0,-0.0,-0.0,0.0,-0.0,-0.0,0.0,-0.0,-0.0,0.0,-0.0
fresh,ukr_rus,1,lowest_sorted,memberctl_ukr_rus_lowest_sorted_s1,facebook_page_reference,M2_post_meta/prototype,0.09499931335449219,-0.020174026489257812,0.11517333984375,0.05859375,-0.044921875,0.103515625,0.05310626203088642,-0.046422407750281613,0.09952866978116803,-0.02232879400253296,-0.00012356042861938477,-0.022205233573913574
fresh,ukr_rus,1,lowest_sorted,memberctl_ukr_rus_lowest_sorted_s1,facebook_page_reference,M2_post_meta/ridge,0.10848808288574219,-0.014577865600585938,0.12306594848632812,0.06640625,-0.041015625,0.107421875,0.06653620352250489,-0.0400991989635352,0.10663540248604009,-0.06356430053710938,-0.001197218894958496,-0.06236708164215088
fresh,ukr_rus,1,lowest_sorted,memberctl_ukr_rus_lowest_sorted_s1,facebook_page_reference,S0_conv_center/prototype,-0.0,0.0,-0.0,-0.0,0.0,-0.0,-0.0,0.0,-0.0,-0.0,0.0,-0.0
fresh,ukr_rus,1,lowest_sorted,memberctl_ukr_rus_lowest_sorted_s1,facebook_page_reference,S0_conv_center/ridge,-0.0,0.0,-0.0,-0.0,0.0,-0.0,-0.0,0.0,-0.0,-0.0,0.0,-0.0
fresh,ukr_rus,1,lowest_sorted,memberctl_ukr_rus_lowest_sorted_s1,facebook_page_reference,S0_pool/prototype,-0.0,0.0,-0.0,-0.0,0.0,-0.0,-0.0,0.0,-0.0,-0.0,0.0,-0.0
fresh,ukr_rus,1,lowest_sorted,memberctl_ukr_rus_lowest_sorted_s1,facebook_page_reference,S0_pool/ridge,-0.0,0.0,-0.0,-0.0,0.0,-0.0,-0.0,0.0,-0.0,-0.0,0.0,-0.0
fresh,ukr_rus,1,lowest_sorted,memberctl_ukr_rus_lowest_sorted_s1,facebook_page_reference,U1_pre_meta/prototype,-0.08599472045898438,-0.0132293701171875,-0.07276535034179688,-0.083984375,-0.0341796875,-0.0498046875,-0.08569612846475472,-0.03244273696606492,-0.053253391498689795,0.006757915019989014,0.00019472837448120117,0.0065631866455078125
fresh,ukr_rus,1,lowest_sorted,memberctl_ukr_rus_lowest_sorted_s1,facebook_page_reference,U1_pre_meta/ridge,-0.08232879638671875,-0.014471054077148438,-0.06785774230957031,-0.078125,-0.033203125,-0.044921875,-0.07726923285990506,-0.03162703977071368,-0.045642193089191374,0.01963728666305542,0.001805424690246582,0.017831861972808838
fresh,ukr_rus,1,lowest_sorted,memberctl_ukr_rus_lowest_sorted_s1,facebook_page_reference,final_input/prototype,0.09499931335449219,-0.020174026489257812,0.11517333984375,0.05859375,-0.044921875,0.103515625,0.05310626203088642,-0.046422407750281613,0.09952866978116803,-0.02232879400253296,-0.00012356042861938477,-0.022205233573913574
fresh,ukr_rus,1,lowest_sorted,memberctl_ukr_rus_lowest_sorted_s1,facebook_page_reference,final_input/ridge,0.10848808288574219,-0.014577865600585938,0.12306594848632812,0.06640625,-0.041015625,0.107421875,0.06653620352250489,-0.0400991989635352,0.10663540248604009,-0.06356430053710938,-0.001197218894958496,-0.06236708164215088
fresh,ukr_rus,1,lowest_sorted,memberctl_ukr_rus_lowest_sorted_s1,facebook_page_reference,full_model,0.07645225524902344,0.0006599426269531805,0.07579231262207026,0.0400390625,-0.001953125,0.0419921875,0.04663323500491645,-0.061111111111111116,0.10774434611602757,0.1931883692741394,1.9490718841552734e-05,0.19316887855529785
fresh,ukr_rus,1,lowest_sorted,memberctl_ukr_rus_lowest_sorted_s1,facebook_page_reference,raw_center/prototype,1.1102230246251565e-16,-1.1102230246251565e-16,2.220446049250313e-16,-0.0,0.0,-0.0,-0.0,0.0,-0.0,-0.0,0.0,-0.0
fresh,ukr_rus,1,lowest_sorted,memberctl_ukr_rus_lowest_sorted_s1,facebook_page_reference,raw_center/ridge,-0.0,0.0,-0.0,-0.0,0.0,-0.0,-0.0,0.0,-0.0,-0.0,0.0,-0.0
fresh,ukr_rus,1,lowest_sorted,memberctl_ukr_rus_lowest_sorted_s1,facebook_page_reference,raw_context/prototype,-0.0,0.0,-0.0,-0.0,0.0,-0.0,-0.0,0.0,-0.0,-0.0,0.0,-0.0
fresh,ukr_rus,1,lowest_sorted,memberctl_ukr_rus_lowest_sorted_s1,facebook_page_reference,raw_context/ridge,-0.0,0.0,-0.0,-0.0,0.0,-0.0,-0.0,0.0,-0.0,-0.0,0.0,-0.0
fresh,ukr_rus,1,lowest_sorted,memberctl_ukr_rus_lowest_sorted_s1,facebook_page_reference,raw_joint/prototype,-0.0,0.0,-0.0,-0.0,0.0,-0.0,-0.0,0.0,-0.0,-0.0,0.0,-0.0
fresh,ukr_rus,1,lowest_sorted,memberctl_ukr_rus_lowest_sorted_s1,facebook_page_reference,raw_joint/ridge,1.1102230246251565e-16,-1.1102230246251565e-16,2.220446049250313e-16,-0.0,0.0,-0.0,-0.0,0.0,-0.0,-0.0,0.0,-0.0
fresh,ukr_rus,1,lowest_sorted,memberctl_ukr_rus_lowest_sorted_s1,twibot20,M2_post_meta/prototype,-0.08692359924316406,-0.005691104465060937,-0.08123249477810313,-0.06901041666666674,-0.0016276041666667407,-0.0673828125,-0.03443959519692241,-0.005916175986519057,-0.028523419210403356,-0.0007252097129821777,-0.0001354217529296875,-0.0005897879600524902
fresh,ukr_rus,1,lowest_sorted,memberctl_ukr_rus_lowest_sorted_s1,twibot20,M2_post_meta/ridge,-0.09703254699707031,-0.005506303575303684,-0.09152624342176663,-0.0703125,-0.0048828125,-0.0654296875,-0.01125557748455197,-0.008016812791894035,-0.003238764692657936,0.019661307334899902,-0.0011303424835205078,0.02079164981842041
fresh,ukr_rus,1,lowest_sorted,memberctl_ukr_rus_lowest_sorted_s1,twibot20,S0_conv_center/prototype,-0.0,0.0,-0.0,-0.0,0.0,-0.0,-0.0,0.0,-0.0,-0.0,0.0,-0.0
fresh,ukr_rus,1,lowest_sorted,memberctl_ukr_rus_lowest_sorted_s1,twibot20,S0_conv_center/ridge,-0.0,0.0,-0.0,-0.0,0.0,-0.0,-0.0,0.0,-0.0,-0.0,0.0,-0.0
fresh,ukr_rus,1,lowest_sorted,memberctl_ukr_rus_lowest_sorted_s1,twibot20,S0_pool/prototype,-0.0,0.0,-0.0,-0.0,0.0,-0.0,-0.0,0.0,-0.0,-0.0,0.0,-0.0
fresh,ukr_rus,1,lowest_sorted,memberctl_ukr_rus_lowest_sorted_s1,twibot20,S0_pool/ridge,-0.0,0.0,-0.0,-0.0,0.0,-0.0,-0.0,0.0,-0.0,-0.0,0.0,-0.0
fresh,ukr_rus,1,lowest_sorted,memberctl_ukr_rus_lowest_sorted_s1,twibot20,U1_pre_meta/prototype,-0.017880333794487835,-0.004316541883680691,-0.013563791910807144,-0.0035807291666667407,0.005859375,-0.00944010416666674,-0.004521590564567024,0.003836413459126109,-0.008358004023693133,0.0038070082664489746,0.002518296241760254,0.0012887120246887207
fresh,ukr_rus,1,lowest_sorted,memberctl_ukr_rus_lowest_sorted_s1,twibot20,U1_pre_meta/ridge,-0.004922231038411384,-0.005632824367947098,0.0007105933295357136,0.006184895833333259,0.0013020833333333703,0.004882812499999889,0.011025792157368652,-0.00018274743215662692,0.01120853958952528,0.004152417182922363,0.01392221450805664,-0.009769797325134277
fresh,ukr_rus,1,lowest_sorted,memberctl_ukr_rus_lowest_sorted_s1,twibot20,final_input/prototype,-0.08692359924316406,-0.005691104465060937,-0.08123249477810313,-0.06901041666666674,-0.0016276041666667407,-0.0673828125,-0.03443959519692241,-0.005916175986519057,-0.028523419210403356,-0.0007252097129821777,-0.0001354217529296875,-0.0005897879600524902
fresh,ukr_rus,1,lowest_sorted,memberctl_ukr_rus_lowest_sorted_s1,twibot20,final_input/ridge,-0.09703254699707031,-0.005506303575303684,-0.09152624342176663,-0.0703125,-0.0048828125,-0.0654296875,-0.01125557748455197,-0.008016812791894035,-0.003238764692657936,0.019661307334899902,-0.0011303424835205078,0.02079164981842041
fresh,ukr_rus,1,lowest_sorted,memberctl_ukr_rus_lowest_sorted_s1,twibot20,full_model,-0.0002460479736328125,-0.010236316257053013,0.0099902682834202,0.00032552083333337034,0.0,0.00032552083333337034,-0.00177631746930762,0.0,-0.00177631746930762,0.33759790658950806,-0.007731020450592041,0.3453289270401001
fresh,ukr_rus,1,lowest_sorted,memberctl_ukr_rus_lowest_sorted_s1,twibot20,raw_center/prototype,-0.0,0.0,-0.0,-0.0,0.0,-0.0,-5.551115123125783e-17,5.551115123125783e-17,-1.1102230246251565e-16,-0.0,0.0,-0.0
fresh,ukr_rus,1,lowest_sorted,memberctl_ukr_rus_lowest_sorted_s1,twibot20,raw_center/ridge,-0.0,0.0,-0.0,-0.0,0.0,-0.0,-5.551115123125783e-17,5.551115123125783e-17,-1.1102230246251565e-16,-0.0,0.0,-0.0
fresh,ukr_rus,1,lowest_sorted,memberctl_ukr_rus_lowest_sorted_s1,twibot20,raw_context/prototype,-0.0,0.0,-0.0,-0.0,0.0,-0.0,-0.0,0.0,-0.0,-0.0,0.0,-0.0
fresh,ukr_rus,1,lowest_sorted,memberctl_ukr_rus_lowest_sorted_s1,twibot20,raw_context/ridge,-0.0,0.0,-0.0,-0.0,0.0,-0.0,-0.0,0.0,-0.0,-0.0,0.0,-0.0
fresh,ukr_rus,1,lowest_sorted,memberctl_ukr_rus_lowest_sorted_s1,twibot20,raw_joint/prototype,-0.0,0.0,-0.0,-0.0,0.0,-0.0,-0.0,0.0,-0.0,-0.0,0.0,-0.0
fresh,ukr_rus,1,lowest_sorted,memberctl_ukr_rus_lowest_sorted_s1,twibot20,raw_joint/ridge,-0.0,0.0,-0.0,-0.0,0.0,-0.0,-0.0,0.0,-0.0,-0.0,0.0,-0.0
fresh,ukr_rus,1,lowest_sorted,memberctl_ukr_rus_lowest_sorted_s1,ukr_rus_suspended,M2_post_meta/prototype,0.010498046875,-0.01171875,0.022216796875,0.00390625,-0.0625,0.06640625,0.02287497538289074,-0.05311916822180751,0.07599414360469825,0.0017101764678955078,-6.556510925292969e-06,0.0017167329788208008
fresh,ukr_rus,1,lowest_sorted,memberctl_ukr_rus_lowest_sorted_s1,ukr_rus_suspended,M2_post_meta/ridge,0.00799560546875,-0.0125732421875,0.02056884765625,-0.0,-0.046875,0.046875,0.024681022819855514,-0.04438807863031069,0.0690691014501662,0.09757184982299805,-5.9545040130615234e-05,0.09763139486312866
fresh,ukr_rus,1,lowest_sorted,memberctl_ukr_rus_lowest_sorted_s1,ukr_rus_suspended,S0_conv_center/prototype,-0.0,0.0,-0.0,-0.0,0.0,-0.0,-0.0,0.0,-0.0,-0.0,0.0,-0.0
fresh,ukr_rus,1,lowest_sorted,memberctl_ukr_rus_lowest_sorted_s1,ukr_rus_suspended,S0_conv_center/ridge,-0.0,0.0,-0.0,-0.0,0.0,-0.0,-0.0,0.0,-0.0,-0.0,0.0,-0.0
fresh,ukr_rus,1,lowest_sorted,memberctl_ukr_rus_lowest_sorted_s1,ukr_rus_suspended,S0_pool/prototype,-0.0,0.0,-0.0,-0.0,0.0,-0.0,-0.0,0.0,-0.0,-0.0,0.0,-0.0
fresh,ukr_rus,1,lowest_sorted,memberctl_ukr_rus_lowest_sorted_s1,ukr_rus_suspended,S0_pool/ridge,-0.0,0.0,-0.0,-0.0,0.0,-0.0,-0.0,0.0,-0.0,-0.0,0.0,-0.0
fresh,ukr_rus,1,lowest_sorted,memberctl_ukr_rus_lowest_sorted_s1,ukr_rus_suspended,U1_pre_meta/prototype,0.0096435546875,0.00787353515625,0.00177001953125,0.0078125,-0.00390625,0.01171875,0.011594202898550732,-0.02131672704410048,0.03291092994265121,0.0005689263343811035,4.3451786041259766e-05,0.0005254745483398438
fresh,ukr_rus,1,lowest_sorted,memberctl_ukr_rus_lowest_sorted_s1,ukr_rus_suspended,U1_pre_meta/ridge,-0.015380859375,0.00982666015625,-0.02520751953125,-0.0078125,-0.01953125,0.01171875,-0.00039367098190634664,-0.044488692085946135,0.04409502110403979,0.0015478730201721191,0.0002301335334777832,0.001317739486694336
fresh,ukr_rus,1,lowest_sorted,memberctl_ukr_rus_lowest_sorted_s1,ukr_rus_suspended,final_input/prototype,0.010498046875,-0.01171875,0.022216796875,0.00390625,-0.0625,0.06640625,0.02287497538289074,-0.05311916822180751,0.07599414360469825,0.0017101764678955078,-6.556510925292969e-06,0.0017167329788208008
fresh,ukr_rus,1,lowest_sorted,memberctl_ukr_rus_lowest_sorted_s1,ukr_rus_suspended,final_input/ridge,0.00799560546875,-0.0125732421875,0.02056884765625,-0.0,-0.046875,0.046875,0.024681022819855514,-0.04438807863031069,0.0690691014501662,0.09757184982299805,-5.9545040130615234e-05,0.09763139486312866
fresh,ukr_rus,1,lowest_sorted,memberctl_ukr_rus_lowest_sorted_s1,ukr_rus_suspended,full_model,-0.0128173828125,0.010955810546875,-0.023773193359375,-0.01953125,0.0,-0.01953125,0.0011612214794589626,0.0,0.0011612214794589626,0.1702994704246521,0.1449507474899292,0.0253487229347229
fresh,ukr_rus,1,lowest_sorted,memberctl_ukr_rus_lowest_sorted_s1,ukr_rus_suspended,raw_center/prototype,-0.0,0.0,-0.0,-0.0,0.0,-0.0,-0.0,0.0,-0.0,-0.0,0.0,-0.0
fresh,ukr_rus,1,lowest_sorted,memberctl_ukr_rus_lowest_sorted_s1,ukr_rus_suspended,raw_center/ridge,-0.0,0.0,-0.0,-0.0,0.0,-0.0,-0.0,0.0,-0.0,-0.0,0.0,-0.0
fresh,ukr_rus,1,lowest_sorted,memberctl_ukr_rus_lowest_sorted_s1,ukr_rus_suspended,raw_context/prototype,-0.0,0.0,-0.0,-0.0,0.0,-0.0,-0.0,0.0,-0.0,-0.0,0.0,-0.0
fresh,ukr_rus,1,lowest_sorted,memberctl_ukr_rus_lowest_sorted_s1,ukr_rus_suspended,raw_context/ridge,-0.0,0.0,-0.0,-0.0,0.0,-0.0,-0.0,0.0,-0.0,-0.0,0.0,-0.0
fresh,ukr_rus,1,lowest_sorted,memberctl_ukr_rus_lowest_sorted_s1,ukr_rus_suspended,raw_joint/prototype,-0.0,0.0,-0.0,-0.0,0.0,-0.0,-0.0,0.0,-0.0,-0.0,0.0,-0.0
fresh,ukr_rus,1,lowest_sorted,memberctl_ukr_rus_lowest_sorted_s1,ukr_rus_suspended,raw_joint/ridge,-0.0,0.0,-0.0,-0.0,0.0,-0.0,-0.0,0.0,-0.0,-0.0,0.0,-0.0
fresh,ukr_rus,1,uniform_shuffled,memberctl_ukr_rus_uniform_shuffled_s1,covid_political,M2_post_meta/prototype,0.6943449797453702,0.03019883897569442,0.6641461407696758,0.5696614583333334,-0.0032552083333333703,0.5729166666666667,0.3235029010985812,0.038357946108956154,0.28514495498962505,-0.06174951791763306,-0.00023734569549560547,-0.06151217222213745
fresh,ukr_rus,1,uniform_shuffled,memberctl_ukr_rus_uniform_shuffled_s1,covid_political,M2_post_meta/ridge,0.6915311460141782,0.0325164794921875,0.6590146665219907,0.5384114583333334,-0.009765625,0.5481770833333334,0.2925946805805512,0.030466525237467346,0.26212815534308387,-0.17280679941177368,-0.002195417881011963,-0.17061138153076172
fresh,ukr_rus,1,uniform_shuffled,memberctl_ukr_rus_uniform_shuffled_s1,covid_political,S0_conv_center/prototype,-0.0,0.0,-0.0,-0.0,0.0,-0.0,-0.0,0.0,-0.0,-0.0,0.0,-0.0
fresh,ukr_rus,1,uniform_shuffled,memberctl_ukr_rus_uniform_shuffled_s1,covid_political,S0_conv_center/ridge,-0.0,0.0,-0.0,-0.0,0.0,-0.0,-0.0,0.0,-0.0,-0.0,0.0,-0.0
fresh,ukr_rus,1,uniform_shuffled,memberctl_ukr_rus_uniform_shuffled_s1,covid_political,S0_pool/prototype,-1.1102230246251565e-16,0.0,-1.1102230246251565e-16,-0.0,0.0,-0.0,-0.0,0.0,-0.0,-0.0,0.0,-0.0
fresh,ukr_rus,1,uniform_shuffled,memberctl_ukr_rus_uniform_shuffled_s1,covid_political,S0_pool/ridge,-1.1102230246251565e-16,0.0,-1.1102230246251565e-16,-0.0,0.0,-0.0,-0.0,0.0,-0.0,-0.0,0.0,-0.0
fresh,ukr_rus,1,uniform_shuffled,memberctl_ukr_rus_uniform_shuffled_s1,covid_political,U1_pre_meta/prototype,0.03560497142650465,0.02547906946252887,0.01012590196397578,0.1015625,-0.03548177083333337,0.13704427083333337,0.1520986032124062,0.024581679436952497,0.1275169237754537,-0.0303802490234375,0.00040519237518310547,-0.030785441398620605
fresh,ukr_rus,1,uniform_shuffled,memberctl_ukr_rus_uniform_shuffled_s1,covid_political,U1_pre_meta/ridge,0.03222204137731466,0.01698670563874416,0.015235335738570499,0.08919270833333326,-0.03678385416666663,0.1259765624999999,0.13669470047044485,0.022747794883927364,0.11394690558651749,-0.07016044855117798,0.0030847787857055664,-0.07324522733688354
fresh,ukr_rus,1,uniform_shuffled,memberctl_ukr_rus_uniform_shuffled_s1,covid_political,final_input/prototype,0.6943449797453702,0.03019883897569442,0.6641461407696758,0.5696614583333334,-0.0032552083333333703,0.5729166666666667,0.3235029010985812,0.038357946108956154,0.28514495498962505,-0.06174951791763306,-0.00023734569549560547,-0.06151217222213745
fresh,ukr_rus,1,uniform_shuffled,memberctl_ukr_rus_uniform_shuffled_s1,covid_political,final_input/ridge,0.6915311460141782,0.0325164794921875,0.6590146665219907,0.5384114583333334,-0.009765625,0.5481770833333334,0.2925946805805512,0.030466525237467346,0.26212815534308387,-0.17280679941177368,-0.002195417881011963,-0.17061138153076172
fresh,ukr_rus,1,uniform_shuffled,memberctl_ukr_rus_uniform_shuffled_s1,covid_political,full_model,0.10616048177083326,0.24729721634476282,-0.14113673457392956,0.07161458333333326,0.0,0.07161458333333326,0.28711824728688207,0.0,0.28711824728688207,-0.2723964750766754,-0.01961374282836914,-0.2527827322483063
fresh,ukr_rus,1,uniform_shuffled,memberctl_ukr_rus_uniform_shuffled_s1,covid_political,raw_center/prototype,-0.0,0.0,-0.0,-0.0,0.0,-0.0,-0.0,0.0,-0.0,-0.0,0.0,-0.0
fresh,ukr_rus,1,uniform_shuffled,memberctl_ukr_rus_uniform_shuffled_s1,covid_political,raw_center/ridge,-0.0,0.0,-0.0,-0.0,0.0,-0.0,-0.0,0.0,-0.0,-0.0,0.0,-0.0
fresh,ukr_rus,1,uniform_shuffled,memberctl_ukr_rus_uniform_shuffled_s1,covid_political,raw_context/prototype,-1.1102230246251565e-16,1.1102230246251565e-16,-2.220446049250313e-16,-0.0,0.0,-0.0,-0.0,0.0,-0.0,-0.0,0.0,-0.0
fresh,ukr_rus,1,uniform_shuffled,memberctl_ukr_rus_uniform_shuffled_s1,covid_political,raw_context/ridge,-0.0,0.0,-0.0,-0.0,0.0,-0.0,-0.0,0.0,-0.0,-0.0,0.0,-0.0
fresh,ukr_rus,1,uniform_shuffled,memberctl_ukr_rus_uniform_shuffled_s1,covid_political,raw_joint/prototype,-0.0,0.0,-0.0,-0.0,0.0,-0.0,-0.0,0.0,-0.0,-0.0,0.0,-0.0
fresh,ukr_rus,1,uniform_shuffled,memberctl_ukr_rus_uniform_shuffled_s1,covid_political,raw_joint/ridge,-0.0,0.0,-0.0,-0.0,0.0,-0.0,-0.0,0.0,-0.0,-0.0,0.0,-0.0
fresh,ukr_rus,1,uniform_shuffled,memberctl_ukr_rus_uniform_shuffled_s1,election2020,M2_post_meta/prototype,0.73907470703125,-0.011474609375,0.75054931640625,0.46484375,0.0078125,0.45703125,0.3005849373570546,0.004937741519965733,0.29564719583708887,-0.06859040260314941,-6.645917892456055e-05,-0.06852394342422485
fresh,ukr_rus,1,uniform_shuffled,memberctl_ukr_rus_uniform_shuffled_s1,election2020,M2_post_meta/ridge,0.73956298828125,-0.00872802734375,0.748291015625,0.46484375,-0.0078125,0.47265625,0.3005849373570546,-0.011927903624654457,0.31251284098170906,-0.27769994735717773,-0.0006188154220581055,-0.27708113193511963
fresh,ukr_rus,1,uniform_shuffled,memberctl_ukr_rus_uniform_shuffled_s1,election2020,S0_conv_center/prototype,-0.0,0.0,-0.0,-0.0,0.0,-0.0,-0.0,0.0,-0.0,-0.0,0.0,-0.0
fresh,ukr_rus,1,uniform_shuffled,memberctl_ukr_rus_uniform_shuffled_s1,election2020,S0_conv_center/ridge,-0.0,0.0,-0.0,-0.0,0.0,-0.0,-0.0,0.0,-0.0,-0.0,0.0,-0.0
fresh,ukr_rus,1,uniform_shuffled,memberctl_ukr_rus_uniform_shuffled_s1,election2020,S0_pool/prototype,-0.0,0.0,-0.0,-0.0,0.0,-0.0,-0.0,0.0,-0.0,-0.0,0.0,-0.0
fresh,ukr_rus,1,uniform_shuffled,memberctl_ukr_rus_uniform_shuffled_s1,election2020,S0_pool/ridge,-0.0,0.0,-0.0,-0.0,0.0,-0.0,-0.0,0.0,-0.0,-0.0,0.0,-0.0
fresh,ukr_rus,1,uniform_shuffled,memberctl_ukr_rus_uniform_shuffled_s1,election2020,U1_pre_meta/prototype,0.027587890625,-0.0262451171875,0.0538330078125,0.05859375,-0.015625,0.07421875,0.057459033836986584,-0.010131132807712717,0.0675901666446993,-0.03998827934265137,0.0009587407112121582,-0.040947020053863525
fresh,ukr_rus,1,uniform_shuffled,memberctl_ukr_rus_uniform_shuffled_s1,election2020,U1_pre_meta/ridge,0.0216064453125,-0.05242919921875,0.07403564453125,0.04296875,-0.0234375,0.06640625,0.04252581267808453,-0.01984239622616002,0.06236820890424455,-0.09170648455619818,0.008217930793762207,-0.09992441534996038
fresh,ukr_rus,1,uniform_shuffled,memberctl_ukr_rus_uniform_shuffled_s1,election2020,final_input/prototype,0.73907470703125,-0.011474609375,0.75054931640625,0.46484375,0.0078125,0.45703125,0.3005849373570546,0.004937741519965733,0.29564719583708887,-0.06859040260314941,-6.645917892456055e-05,-0.06852394342422485
fresh,ukr_rus,1,uniform_shuffled,memberctl_ukr_rus_uniform_shuffled_s1,election2020,final_input/ridge,0.73956298828125,-0.00872802734375,0.748291015625,0.46484375,-0.0078125,0.47265625,0.3005849373570546,-0.011927903624654457,0.31251284098170906,-0.27769994735717773,-0.0006188154220581055,-0.27708113193511963
fresh,ukr_rus,1,uniform_shuffled,memberctl_ukr_rus_uniform_shuffled_s1,election2020,full_model,0.165069580078125,0.385528564453125,-0.220458984375,0.46875,0.0,0.46875,0.9309234073013601,0.0,0.9309234073013601,-0.5673834979534149,0.23721402883529663,-0.8045975267887115
fresh,ukr_rus,1,uniform_shuffled,memberctl_ukr_rus_uniform_shuffled_s1,election2020,raw_center/prototype,-0.0,0.0,-0.0,-0.0,0.0,-0.0,-0.0,0.0,-0.0,-0.0,0.0,-0.0
fresh,ukr_rus,1,uniform_shuffled,memberctl_ukr_rus_uniform_shuffled_s1,election2020,raw_center/ridge,-0.0,0.0,-0.0,-0.0,0.0,-0.0,-0.0,0.0,-0.0,-0.0,0.0,-0.0
fresh,ukr_rus,1,uniform_shuffled,memberctl_ukr_rus_uniform_shuffled_s1,election2020,raw_context/prototype,-0.0,0.0,-0.0,-0.0,0.0,-0.0,-0.0,0.0,-0.0,-0.0,0.0,-0.0
fresh,ukr_rus,1,uniform_shuffled,memberctl_ukr_rus_uniform_shuffled_s1,election2020,raw_context/ridge,-0.0,0.0,-0.0,-0.0,0.0,-0.0,-0.0,0.0,-0.0,-0.0,0.0,-0.0
fresh,ukr_rus,1,uniform_shuffled,memberctl_ukr_rus_uniform_shuffled_s1,election2020,raw_joint/prototype,-0.0,0.0,-0.0,-0.0,0.0,-0.0,-0.0,0.0,-0.0,-0.0,0.0,-0.0
fresh,ukr_rus,1,uniform_shuffled,memberctl_ukr_rus_uniform_shuffled_s1,election2020,raw_joint/ridge,-0.0,0.0,-0.0,-0.0,0.0,-0.0,-0.0,0.0,-0.0,-0.0,0.0,-0.0
fresh,ukr_rus,1,uniform_shuffled,memberctl_ukr_rus_uniform_shuffled_s1,facebook_page_reference,M2_post_meta/prototype,0.14235305786132812,-0.048168182373046875,0.190521240234375,0.1083984375,-0.048828125,0.1572265625,0.10862211975607639,-0.045241288458188755,0.15386340821426514,-0.03315848112106323,-0.0001118779182434082,-0.033046603202819824
fresh,ukr_rus,1,uniform_shuffled,memberctl_ukr_rus_uniform_shuffled_s1,facebook_page_reference,M2_post_meta/ridge,0.15282440185546875,-0.04278373718261719,0.19560813903808594,0.1103515625,-0.0380859375,0.1484375,0.10648882709231544,-0.03371753790233867,0.1402063649946541,-0.0676349401473999,-0.0010784268379211426,-0.06655651330947876
fresh,ukr_rus,1,uniform_shuffled,memberctl_ukr_rus_uniform_shuffled_s1,facebook_page_reference,S0_conv_center/prototype,-0.0,0.0,-0.0,-0.0,0.0,-0.0,-0.0,0.0,-0.0,-0.0,0.0,-0.0
fresh,ukr_rus,1,uniform_shuffled,memberctl_ukr_rus_uniform_shuffled_s1,facebook_page_reference,S0_conv_center/ridge,-0.0,0.0,-0.0,-0.0,0.0,-0.0,-0.0,0.0,-0.0,-0.0,0.0,-0.0
fresh,ukr_rus,1,uniform_shuffled,memberctl_ukr_rus_uniform_shuffled_s1,facebook_page_reference,S0_pool/prototype,-0.0,0.0,-0.0,-0.0,0.0,-0.0,-0.0,0.0,-0.0,-0.0,0.0,-0.0
fresh,ukr_rus,1,uniform_shuffled,memberctl_ukr_rus_uniform_shuffled_s1,facebook_page_reference,S0_pool/ridge,-0.0,0.0,-0.0,-0.0,0.0,-0.0,-0.0,0.0,-0.0,-0.0,0.0,-0.0
fresh,ukr_rus,1,uniform_shuffled,memberctl_ukr_rus_uniform_shuffled_s1,facebook_page_reference,U1_pre_meta/prototype,-0.06088447570800781,-0.05156135559082031,-0.0093231201171875,-0.0615234375,-0.0458984375,-0.015625,-0.06252370173154587,-0.04168763484709137,-0.020836066884454496,0.008588731288909912,0.00020062923431396484,0.008388102054595947
fresh,ukr_rus,1,uniform_shuffled,memberctl_ukr_rus_uniform_shuffled_s1,facebook_page_reference,U1_pre_meta/ridge,-0.0591583251953125,-0.05201530456542969,-0.0071430206298828125,-0.0537109375,-0.048828125,-0.0048828125,-0.05485445648822096,-0.04537516468029046,-0.009479291807930501,0.019230961799621582,0.0018755793571472168,0.017355382442474365
fresh,ukr_rus,1,uniform_shuffled,memberctl_ukr_rus_uniform_shuffled_s1,facebook_page_reference,final_input/prototype,0.14235305786132812,-0.048168182373046875,0.190521240234375,0.1083984375,-0.048828125,0.1572265625,0.10862211975607639,-0.045241288458188755,0.15386340821426514,-0.03315848112106323,-0.0001118779182434082,-0.033046603202819824
fresh,ukr_rus,1,uniform_shuffled,memberctl_ukr_rus_uniform_shuffled_s1,facebook_page_reference,final_input/ridge,0.15282440185546875,-0.04278373718261719,0.19560813903808594,0.1103515625,-0.0380859375,0.1484375,0.10648882709231544,-0.03371753790233867,0.1402063649946541,-0.0676349401473999,-0.0010784268379211426,-0.06655651330947876
fresh,ukr_rus,1,uniform_shuffled,memberctl_ukr_rus_uniform_shuffled_s1,facebook_page_reference,full_model,0.06409645080566406,-0.000230789184570257,0.06432723999023432,0.0419921875,-0.001953125,0.0439453125,0.03387155660766239,-0.008980785296574756,0.042852341904237146,0.032711684703826904,9.655952453613281e-05,0.03261512517929077
fresh,ukr_rus,1,uniform_shuffled,memberctl_ukr_rus_uniform_shuffled_s1,facebook_page_reference,raw_center/prototype,1.1102230246251565e-16,-1.1102230246251565e-16,2.220446049250313e-16,-0.0,0.0,-0.0,-0.0,0.0,-0.0,-0.0,0.0,-0.0
fresh,ukr_rus,1,uniform_shuffled,memberctl_ukr_rus_uniform_shuffled_s1,facebook_page_reference,raw_center/ridge,-0.0,0.0,-0.0,-0.0,0.0,-0.0,-0.0,0.0,-0.0,-0.0,0.0,-0.0
fresh,ukr_rus,1,uniform_shuffled,memberctl_ukr_rus_uniform_shuffled_s1,facebook_page_reference,raw_context/prototype,-0.0,0.0,-0.0,-0.0,0.0,-0.0,-0.0,0.0,-0.0,-0.0,0.0,-0.0
fresh,ukr_rus,1,uniform_shuffled,memberctl_ukr_rus_uniform_shuffled_s1,facebook_page_reference,raw_context/ridge,-0.0,0.0,-0.0,-0.0,0.0,-0.0,-0.0,0.0,-0.0,-0.0,0.0,-0.0
fresh,ukr_rus,1,uniform_shuffled,memberctl_ukr_rus_uniform_shuffled_s1,facebook_page_reference,raw_joint/prototype,-0.0,0.0,-0.0,-0.0,0.0,-0.0,-0.0,0.0,-0.0,-0.0,0.0,-0.0
fresh,ukr_rus,1,uniform_shuffled,memberctl_ukr_rus_uniform_shuffled_s1,facebook_page_reference,raw_joint/ridge,1.1102230246251565e-16,-1.1102230246251565e-16,2.220446049250313e-16,-0.0,0.0,-0.0,-0.0,0.0,-0.0,-0.0,0.0,-0.0
fresh,ukr_rus,1,uniform_shuffled,memberctl_ukr_rus_uniform_shuffled_s1,twibot20,M2_post_meta/prototype,0.08559354146321618,-0.01792483859592031,0.1035183800591365,0.04720052083333337,-0.005533854166666741,0.05273437500000011,-0.06888109720282454,-0.010405313057363363,-0.058475784145461174,-0.004456162452697754,-0.00021731853485107422,-0.00423884391784668
fresh,ukr_rus,1,uniform_shuffled,memberctl_ukr_rus_uniform_shuffled_s1,twibot20,M2_post_meta/ridge,0.09848870171440971,-0.017528533935546875,0.11601723564995658,0.05110677083333337,-0.00553385416666663,0.056640625,-0.042692722787542325,-0.009384926057514176,-0.03330779673002815,-0.0056555867195129395,-0.0017080903053283691,-0.00394749641418457
fresh,ukr_rus,1,uniform_shuffled,memberctl_ukr_rus_uniform_shuffled_s1,twibot20,S0_conv_center/prototype,-0.0,0.0,-0.0,-0.0,0.0,-0.0,-0.0,0.0,-0.0,-0.0,0.0,-0.0
fresh,ukr_rus,1,uniform_shuffled,memberctl_ukr_rus_uniform_shuffled_s1,twibot20,S0_conv_center/ridge,-0.0,0.0,-0.0,-0.0,0.0,-0.0,-0.0,0.0,-0.0,-0.0,0.0,-0.0
fresh,ukr_rus,1,uniform_shuffled,memberctl_ukr_rus_uniform_shuffled_s1,twibot20,S0_pool/prototype,-0.0,0.0,-0.0,-0.0,0.0,-0.0,-0.0,0.0,-0.0,-0.0,0.0,-0.0
fresh,ukr_rus,1,uniform_shuffled,memberctl_ukr_rus_uniform_shuffled_s1,twibot20,S0_pool/ridge,-0.0,0.0,-0.0,-0.0,0.0,-0.0,-0.0,0.0,-0.0,-0.0,0.0,-0.0
fresh,ukr_rus,1,uniform_shuffled,memberctl_ukr_rus_uniform_shuffled_s1,twibot20,U1_pre_meta/prototype,-0.030641131930881138,-0.01351674397786462,-0.017124387953016518,-0.01985677083333337,0.00520833333333337,-0.02506510416666674,-0.023080466443256342,0.001025728616267263,-0.024106195059523605,0.003770887851715088,0.0023284554481506348,0.0014424324035644531
fresh,ukr_rus,1,uniform_shuffled,memberctl_ukr_rus_uniform_shuffled_s1,twibot20,U1_pre_meta/ridge,-0.010740704006618973,-0.014216528998480915,0.003475824991861942,-0.0068359375,0.0032552083333333703,-0.01009114583333337,-0.006318267488484186,-0.00029801532145778964,-0.006020252167026396,0.00526881217956543,0.012633204460144043,-0.007364392280578613
fresh,ukr_rus,1,uniform_shuffled,memberctl_ukr_rus_uniform_shuffled_s1,twibot20,final_input/prototype,0.08559354146321618,-0.01792483859592031,0.1035183800591365,0.04720052083333337,-0.005533854166666741,0.05273437500000011,-0.06888109720282454,-0.010405313057363363,-0.058475784145461174,-0.004456162452697754,-0.00021731853485107422,-0.00423884391784668
fresh,ukr_rus,1,uniform_shuffled,memberctl_ukr_rus_uniform_shuffled_s1,twibot20,final_input/ridge,0.09848870171440971,-0.017528533935546875,0.11601723564995658,0.05110677083333337,-0.00553385416666663,0.056640625,-0.042692722787542325,-0.009384926057514176,-0.03330779673002815,-0.0056555867195129395,-0.0017080903053283691,-0.00394749641418457
fresh,ukr_rus,1,uniform_shuffled,memberctl_ukr_rus_uniform_shuffled_s1,twibot20,full_model,0.02652231852213549,-0.016062630547417633,0.042584949069553124,0.02734375,0.09537760416666663,-0.06803385416666663,0.03095002833750604,0.542846634792203,-0.5118966064546969,0.21833640336990356,-0.09971827268600464,0.3180546760559082
fresh,ukr_rus,1,uniform_shuffled,memberctl_ukr_rus_uniform_shuffled_s1,twibot20,raw_center/prototype,-0.0,0.0,-0.0,-0.0,0.0,-0.0,-5.551115123125783e-17,5.551115123125783e-17,-1.1102230246251565e-16,-0.0,0.0,-0.0
fresh,ukr_rus,1,uniform_shuffled,memberctl_ukr_rus_uniform_shuffled_s1,twibot20,raw_center/ridge,-0.0,0.0,-0.0,-0.0,0.0,-0.0,-5.551115123125783e-17,5.551115123125783e-17,-1.1102230246251565e-16,-0.0,0.0,-0.0
fresh,ukr_rus,1,uniform_shuffled,memberctl_ukr_rus_uniform_shuffled_s1,twibot20,raw_context/prototype,-0.0,0.0,-0.0,-0.0,0.0,-0.0,-0.0,0.0,-0.0,-0.0,0.0,-0.0
fresh,ukr_rus,1,uniform_shuffled,memberctl_ukr_rus_uniform_shuffled_s1,twibot20,raw_context/ridge,-0.0,0.0,-0.0,-0.0,0.0,-0.0,-0.0,0.0,-0.0,-0.0,0.0,-0.0
fresh,ukr_rus,1,uniform_shuffled,memberctl_ukr_rus_uniform_shuffled_s1,twibot20,raw_joint/prototype,-0.0,0.0,-0.0,-0.0,0.0,-0.0,-0.0,0.0,-0.0,-0.0,0.0,-0.0
fresh,ukr_rus,1,uniform_shuffled,memberctl_ukr_rus_uniform_shuffled_s1,twibot20,raw_joint/ridge,-0.0,0.0,-0.0,-0.0,0.0,-0.0,-0.0,0.0,-0.0,-0.0,0.0,-0.0
fresh,ukr_rus,1,uniform_shuffled,memberctl_ukr_rus_uniform_shuffled_s1,ukr_rus_suspended,M2_post_meta/prototype,-0.032562255859375,0.00518798828125,-0.037750244140625,-0.03515625,-0.0234375,-0.01171875,-0.3538461538461538,-0.02892561983471076,-0.32492053401144305,0.00048100948333740234,-1.8656253814697266e-05,0.0004996657371520996
fresh,ukr_rus,1,uniform_shuffled,memberctl_ukr_rus_uniform_shuffled_s1,ukr_rus_suspended,M2_post_meta/ridge,-0.033935546875,0.00262451171875,-0.03656005859375,-0.03125,-0.0078125,-0.0234375,-0.40919540229885065,-0.012030075187969946,-0.3971653271108807,0.04325956106185913,-0.00017303228378295898,0.04343259334564209
fresh,ukr_rus,1,uniform_shuffled,memberctl_ukr_rus_uniform_shuffled_s1,ukr_rus_suspended,S0_conv_center/prototype,-0.0,0.0,-0.0,-0.0,0.0,-0.0,-0.0,0.0,-0.0,-0.0,0.0,-0.0
fresh,ukr_rus,1,uniform_shuffled,memberctl_ukr_rus_uniform_shuffled_s1,ukr_rus_suspended,S0_conv_center/ridge,-0.0,0.0,-0.0,-0.0,0.0,-0.0,-0.0,0.0,-0.0,-0.0,0.0,-0.0
fresh,ukr_rus,1,uniform_shuffled,memberctl_ukr_rus_uniform_shuffled_s1,ukr_rus_suspended,S0_pool/prototype,-0.0,0.0,-0.0,-0.0,0.0,-0.0,-0.0,0.0,-0.0,-0.0,0.0,-0.0
fresh,ukr_rus,1,uniform_shuffled,memberctl_ukr_rus_uniform_shuffled_s1,ukr_rus_suspended,S0_pool/ridge,-0.0,0.0,-0.0,-0.0,0.0,-0.0,-0.0,0.0,-0.0,-0.0,0.0,-0.0
fresh,ukr_rus,1,uniform_shuffled,memberctl_ukr_rus_uniform_shuffled_s1,ukr_rus_suspended,U1_pre_meta/prototype,0.00701904296875,0.017608642578125,-0.010589599609375,0.00390625,0.03125,-0.02734375,0.005731004735619716,0.0006157540678253248,0.005115250667794391,-0.0006371736526489258,2.1576881408691406e-05,-0.0006587505340576172
fresh,ukr_rus,1,uniform_shuffled,memberctl_ukr_rus_uniform_shuffled_s1,ukr_rus_suspended,U1_pre_meta/ridge,0.00335693359375,0.02069091796875,-0.017333984375,-0.02734375,0.04296875,-0.0703125,-0.01422475106685639,0.007518796992481147,-0.021743548059337536,-0.0034273862838745117,3.534555435180664e-05,-0.0034627318382263184
fresh,ukr_rus,1,uniform_shuffled,memberctl_ukr_rus_uniform_shuffled_s1,ukr_rus_suspended,final_input/prototype,-0.032562255859375,0.00518798828125,-0.037750244140625,-0.03515625,-0.0234375,-0.01171875,-0.3538461538461538,-0.02892561983471076,-0.32492053401144305,0.00048100948333740234,-1.8656253814697266e-05,0.0004996657371520996
fresh,ukr_rus,1,uniform_shuffled,memberctl_ukr_rus_uniform_shuffled_s1,ukr_rus_suspended,final_input/ridge,-0.033935546875,0.00262451171875,-0.03656005859375,-0.03125,-0.0078125,-0.0234375,-0.40919540229885065,-0.012030075187969946,-0.3971653271108807,0.04325956106185913,-0.00017303228378295898,0.04343259334564209
fresh,ukr_rus,1,uniform_shuffled,memberctl_ukr_rus_uniform_shuffled_s1,ukr_rus_suspended,full_model,-0.0299072265625,0.010772705078125,-0.040679931640625,-0.01953125,0.0,-0.01953125,0.03985407488986786,0.0,0.03985407488986786,0.13767528533935547,0.20770549774169922,-0.07003021240234375
fresh,ukr_rus,1,uniform_shuffled,memberctl_ukr_rus_uniform_shuffled_s1,ukr_rus_suspended,raw_center/prototype,-0.0,0.0,-0.0,-0.0,0.0,-0.0,-0.0,0.0,-0.0,-0.0,0.0,-0.0
fresh,ukr_rus,1,uniform_shuffled,memberctl_ukr_rus_uniform_shuffled_s1,ukr_rus_suspended,raw_center/ridge,-0.0,0.0,-0.0,-0.0,0.0,-0.0,-0.0,0.0,-0.0,-0.0,0.0,-0.0
fresh,ukr_rus,1,uniform_shuffled,memberctl_ukr_rus_uniform_shuffled_s1,ukr_rus_suspended,raw_context/prototype,-0.0,0.0,-0.0,-0.0,0.0,-0.0,-0.0,0.0,-0.0,-0.0,0.0,-0.0
fresh,ukr_rus,1,uniform_shuffled,memberctl_ukr_rus_uniform_shuffled_s1,ukr_rus_suspended,raw_context/ridge,-0.0,0.0,-0.0,-0.0,0.0,-0.0,-0.0,0.0,-0.0,-0.0,0.0,-0.0
fresh,ukr_rus,1,uniform_shuffled,memberctl_ukr_rus_uniform_shuffled_s1,ukr_rus_suspended,raw_joint/prototype,-0.0,0.0,-0.0,-0.0,0.0,-0.0,-0.0,0.0,-0.0,-0.0,0.0,-0.0
fresh,ukr_rus,1,uniform_shuffled,memberctl_ukr_rus_uniform_shuffled_s1,ukr_rus_suspended,raw_joint/ridge,-0.0,0.0,-0.0,-0.0,0.0,-0.0,-0.0,0.0,-0.0,-0.0,0.0,-0.0
fresh,ukr_rus,1,uniform_sorted,memberctl_ukr_rus_uniform_sorted_s1,covid_political,M2_post_meta/prototype,0.4325798882378472,0.02731408013237846,0.40526580810546875,-0.03938802083333326,0.00846354166666663,-0.04785156249999989,0.392623893332663,0.030850477534384302,0.3617734157982787,-0.04828798770904541,-0.00016492605209350586,-0.048123061656951904
fresh,ukr_rus,1,uniform_sorted,memberctl_ukr_rus_uniform_sorted_s1,covid_political,M2_post_meta/ridge,0.4270395349573206,0.03045456497757515,0.39658496997974546,-0.02506510416666674,0.0068359375,-0.03190104166666674,0.4012963247338247,0.029925452930531782,0.3713708718032929,-0.0796658992767334,-0.0015568733215332031,-0.0781090259552002
fresh,ukr_rus,1,uniform_sorted,memberctl_ukr_rus_uniform_sorted_s1,covid_political,S0_conv_center/prototype,-0.0,0.0,-0.0,-0.0,0.0,-0.0,-0.0,0.0,-0.0,-0.0,0.0,-0.0
fresh,ukr_rus,1,uniform_sorted,memberctl_ukr_rus_uniform_sorted_s1,covid_political,S0_conv_center/ridge,-0.0,0.0,-0.0,-0.0,0.0,-0.0,-0.0,0.0,-0.0,-0.0,0.0,-0.0
fresh,ukr_rus,1,uniform_sorted,memberctl_ukr_rus_uniform_sorted_s1,covid_political,S0_pool/prototype,1.1102230246251565e-16,0.0,1.1102230246251565e-16,-0.0,0.0,-0.0,-0.0,0.0,-0.0,-0.0,0.0,-0.0
fresh,ukr_rus,1,uniform_sorted,memberctl_ukr_rus_uniform_sorted_s1,covid_political,S0_pool/ridge,-0.0,0.0,-0.0,-0.0,0.0,-0.0,-0.0,0.0,-0.0,-0.0,0.0,-0.0
fresh,ukr_rus,1,uniform_sorted,memberctl_ukr_rus_uniform_sorted_s1,covid_political,U1_pre_meta/prototype,0.04369834617332169,0.01537859881365733,0.02831974735966436,0.10481770833333337,-0.03092447916666674,0.1357421875000001,0.1520571615373838,0.010283316316157809,0.141773845221226,-0.033961474895477295,0.0006285905838012695,-0.034590065479278564
fresh,ukr_rus,1,uniform_sorted,memberctl_ukr_rus_uniform_sorted_s1,covid_political,U1_pre_meta/ridge,0.03328111436631942,0.00716569688585067,0.02611541748046875,0.08756510416666663,-0.03157552083333337,0.119140625,0.1349217439910565,0.007018528916339195,0.1279032150747173,-0.07832720875740051,0.0050154924392700195,-0.08334270119667053
fresh,ukr_rus,1,uniform_sorted,memberctl_ukr_rus_uniform_sorted_s1,covid_political,final_input/prototype,0.4325798882378472,0.02731408013237846,0.40526580810546875,-0.03938802083333326,0.00846354166666663,-0.04785156249999989,0.392623893332663,0.030850477534384302,0.3617734157982787,-0.04828798770904541,-0.00016492605209350586,-0.048123061656951904
fresh,ukr_rus,1,uniform_sorted,memberctl_ukr_rus_uniform_sorted_s1,covid_political,final_input/ridge,0.4270395349573206,0.03045456497757515,0.39658496997974546,-0.02506510416666674,0.0068359375,-0.03190104166666674,0.4012963247338247,0.029925452930531782,0.3713708718032929,-0.0796658992767334,-0.0015568733215332031,-0.0781090259552002
fresh,ukr_rus,1,uniform_sorted,memberctl_ukr_rus_uniform_sorted_s1,covid_political,full_model,0.24418583622685197,0.18300120035807294,0.061184635868779036,0.5113932291666667,0.0,0.5113932291666667,0.3909294792973783,0.0,0.3909294792973783,-0.3117871284484864,-0.03034597635269165,-0.28144115209579473
fresh,ukr_rus,1,uniform_sorted,memberctl_ukr_rus_uniform_sorted_s1,covid_political,raw_center/prototype,-0.0,0.0,-0.0,-0.0,0.0,-0.0,-0.0,0.0,-0.0,-0.0,0.0,-0.0
fresh,ukr_rus,1,uniform_sorted,memberctl_ukr_rus_uniform_sorted_s1,covid_political,raw_center/ridge,-0.0,0.0,-0.0,-0.0,0.0,-0.0,-0.0,0.0,-0.0,-0.0,0.0,-0.0
fresh,ukr_rus,1,uniform_sorted,memberctl_ukr_rus_uniform_sorted_s1,covid_political,raw_context/prototype,-1.1102230246251565e-16,1.1102230246251565e-16,-2.220446049250313e-16,-0.0,0.0,-0.0,-0.0,0.0,-0.0,-0.0,0.0,-0.0
fresh,ukr_rus,1,uniform_sorted,memberctl_ukr_rus_uniform_sorted_s1,covid_political,raw_context/ridge,-0.0,0.0,-0.0,-0.0,0.0,-0.0,-0.0,0.0,-0.0,-0.0,0.0,-0.0
fresh,ukr_rus,1,uniform_sorted,memberctl_ukr_rus_uniform_sorted_s1,covid_political,raw_joint/prototype,-0.0,0.0,-0.0,-0.0,0.0,-0.0,-0.0,0.0,-0.0,-0.0,0.0,-0.0
fresh,ukr_rus,1,uniform_sorted,memberctl_ukr_rus_uniform_sorted_s1,covid_political,raw_joint/ridge,-0.0,0.0,-0.0,-0.0,0.0,-0.0,-0.0,0.0,-0.0,-0.0,0.0,-0.0
fresh,ukr_rus,1,uniform_sorted,memberctl_ukr_rus_uniform_sorted_s1,election2020,M2_post_meta/prototype,0.391357421875,-0.034423828125,0.42578125,0.40625,0.01171875,0.39453125,0.9014636330562785,0.009785834603352916,0.8916777984529256,-0.11369472742080688,-1.9371509552001953e-05,-0.11367535591125488
fresh,ukr_rus,1,uniform_sorted,memberctl_ukr_rus_uniform_sorted_s1,election2020,M2_post_meta/ridge,0.39276123046875,-0.03253173828125,0.42529296875,0.390625,-0.00390625,0.39453125,0.8884107147783386,-0.007088460829007381,0.8954991756073459,-0.22407650947570806,-0.00016325712203979492,-0.22391325235366827
fresh,ukr_rus,1,uniform_sorted,memberctl_ukr_rus_uniform_sorted_s1,election2020,S0_conv_center/prototype,-0.0,0.0,-0.0,-0.0,0.0,-0.0,-0.0,0.0,-0.0,-0.0,0.0,-0.0
fresh,ukr_rus,1,uniform_sorted,memberctl_ukr_rus_uniform_sorted_s1,election2020,S0_conv_center/ridge,-0.0,0.0,-0.0,-0.0,0.0,-0.0,-0.0,0.0,-0.0,-0.0,0.0,-0.0
fresh,ukr_rus,1,uniform_sorted,memberctl_ukr_rus_uniform_sorted_s1,election2020,S0_pool/prototype,-0.0,0.0,-0.0,-0.0,0.0,-0.0,-0.0,0.0,-0.0,-0.0,0.0,-0.0
fresh,ukr_rus,1,uniform_sorted,memberctl_ukr_rus_uniform_sorted_s1,election2020,S0_pool/ridge,-0.0,0.0,-0.0,-0.0,0.0,-0.0,-0.0,0.0,-0.0,-0.0,0.0,-0.0
fresh,ukr_rus,1,uniform_sorted,memberctl_ukr_rus_uniform_sorted_s1,election2020,U1_pre_meta/prototype,0.0289306640625,-0.05621337890625,0.08514404296875,0.0625,-0.02734375,0.08984375,0.06367954005749288,-0.019916967411065634,0.08359650746855851,-0.04957902431488037,0.0010898113250732422,-0.05066883563995361
fresh,ukr_rus,1,uniform_sorted,memberctl_ukr_rus_uniform_sorted_s1,election2020,U1_pre_meta/ridge,0.01611328125,-0.08819580078125,0.10430908203125,0.05078125,-0.03515625,0.0859375,0.051476766985154576,-0.0320164966355545,0.08349326362070908,-0.11704331636428839,0.009451568126678467,-0.12649488449096685
fresh,ukr_rus,1,uniform_sorted,memberctl_ukr_rus_uniform_sorted_s1,election2020,final_input/prototype,0.391357421875,-0.034423828125,0.42578125,0.40625,0.01171875,0.39453125,0.9014636330562785,0.009785834603352916,0.8916777984529256,-0.11369472742080688,-1.9371509552001953e-05,-0.11367535591125488
fresh,ukr_rus,1,uniform_sorted,memberctl_ukr_rus_uniform_sorted_s1,election2020,final_input/ridge,0.39276123046875,-0.03253173828125,0.42529296875,0.390625,-0.00390625,0.39453125,0.8884107147783386,-0.007088460829007381,0.8954991756073459,-0.22407650947570806,-0.00016325712203979492,-0.22391325235366827
fresh,ukr_rus,1,uniform_sorted,memberctl_ukr_rus_uniform_sorted_s1,election2020,full_model,0.4991455078125,0.07562255859375,0.42352294921875,0.46484375,0.0,0.46484375,0.31149859618754094,0.0,0.31149859618754094,-0.5763101279735565,0.01625603437423706,-0.5925661623477936
fresh,ukr_rus,1,uniform_sorted,memberctl_ukr_rus_uniform_sorted_s1,election2020,raw_center/prototype,-0.0,0.0,-0.0,-0.0,0.0,-0.0,-0.0,0.0,-0.0,-0.0,0.0,-0.0
fresh,ukr_rus,1,uniform_sorted,memberctl_ukr_rus_uniform_sorted_s1,election2020,raw_center/ridge,-0.0,0.0,-0.0,-0.0,0.0,-0.0,-0.0,0.0,-0.0,-0.0,0.0,-0.0
fresh,ukr_rus,1,uniform_sorted,memberctl_ukr_rus_uniform_sorted_s1,election2020,raw_context/prototype,-0.0,0.0,-0.0,-0.0,0.0,-0.0,-0.0,0.0,-0.0,-0.0,0.0,-0.0
fresh,ukr_rus,1,uniform_sorted,memberctl_ukr_rus_uniform_sorted_s1,election2020,raw_context/ridge,-0.0,0.0,-0.0,-0.0,0.0,-0.0,-0.0,0.0,-0.0,-0.0,0.0,-0.0
fresh,ukr_rus,1,uniform_sorted,memberctl_ukr_rus_uniform_sorted_s1,election2020,raw_joint/prototype,-0.0,0.0,-0.0,-0.0,0.0,-0.0,-0.0,0.0,-0.0,-0.0,0.0,-0.0
fresh,ukr_rus,1,uniform_sorted,memberctl_ukr_rus_uniform_sorted_s1,election2020,raw_joint/ridge,-0.0,0.0,-0.0,-0.0,0.0,-0.0,-0.0,0.0,-0.0,-0.0,0.0,-0.0
fresh,ukr_rus,1,uniform_sorted,memberctl_ukr_rus_uniform_sorted_s1,facebook_page_reference,M2_post_meta/prototype,0.156494140625,-0.08154869079589844,0.23804283142089844,0.111328125,-0.060546875,0.171875,0.1369365107762781,-0.06490191817240065,0.20183842894867876,-0.037930965423583984,-4.5359134674072266e-05,-0.03788560628890991
fresh,ukr_rus,1,uniform_sorted,memberctl_ukr_rus_uniform_sorted_s1,facebook_page_reference,M2_post_meta/ridge,0.14933395385742188,-0.07604408264160156,0.22537803649902344,0.1181640625,-0.0615234375,0.1796875,0.14573876234630112,-0.06309702291711283,0.20883578526341395,-0.06349074840545654,-0.0004367232322692871,-0.06305402517318726
fresh,ukr_rus,1,uniform_sorted,memberctl_ukr_rus_uniform_sorted_s1,facebook_page_reference,S0_conv_center/prototype,-0.0,0.0,-0.0,-0.0,0.0,-0.0,-0.0,0.0,-0.0,-0.0,0.0,-0.0
fresh,ukr_rus,1,uniform_sorted,memberctl_ukr_rus_uniform_sorted_s1,facebook_page_reference,S0_conv_center/ridge,-0.0,0.0,-0.0,-0.0,0.0,-0.0,-0.0,0.0,-0.0,-0.0,0.0,-0.0
fresh,ukr_rus,1,uniform_sorted,memberctl_ukr_rus_uniform_sorted_s1,facebook_page_reference,S0_pool/prototype,-0.0,0.0,-0.0,-0.0,0.0,-0.0,-0.0,0.0,-0.0,-0.0,0.0,-0.0
fresh,ukr_rus,1,uniform_sorted,memberctl_ukr_rus_uniform_sorted_s1,facebook_page_reference,S0_pool/ridge,-0.0,0.0,-0.0,-0.0,0.0,-0.0,-0.0,0.0,-0.0,-0.0,0.0,-0.0
fresh,ukr_rus,1,uniform_sorted,memberctl_ukr_rus_uniform_sorted_s1,facebook_page_reference,U1_pre_meta/prototype,-0.061107635498046875,-0.08013153076171875,0.019023895263671875,-0.048828125,-0.0625,0.013671875,-0.05179972189493576,-0.0646748723328393,0.012875150437903549,0.008665144443511963,0.0003059506416320801,0.008359193801879883
fresh,ukr_rus,1,uniform_sorted,memberctl_ukr_rus_uniform_sorted_s1,facebook_page_reference,U1_pre_meta/ridge,-0.06502151489257812,-0.08119773864746094,0.016176223754882812,-0.04296875,-0.0615234375,0.0185546875,-0.045666226120389286,-0.0636969711130323,0.01803074499264301,0.022182047367095947,0.002879321575164795,0.019302725791931152
fresh,ukr_rus,1,uniform_sorted,memberctl_ukr_rus_uniform_sorted_s1,facebook_page_reference,final_input/prototype,0.156494140625,-0.08154869079589844,0.23804283142089844,0.111328125,-0.060546875,0.171875,0.1369365107762781,-0.06490191817240065,0.20183842894867876,-0.037930965423583984,-4.5359134674072266e-05,-0.03788560628890991
fresh,ukr_rus,1,uniform_sorted,memberctl_ukr_rus_uniform_sorted_s1,facebook_page_reference,final_input/ridge,0.14933395385742188,-0.07604408264160156,0.22537803649902344,0.1181640625,-0.0615234375,0.1796875,0.14573876234630112,-0.06309702291711283,0.20883578526341395,-0.06349074840545654,-0.0004367232322692871,-0.06305402517318726
fresh,ukr_rus,1,uniform_sorted,memberctl_ukr_rus_uniform_sorted_s1,facebook_page_reference,full_model,0.15213394165039062,0.000211715698242243,0.15192222595214838,0.1015625,-0.0029296875,0.1044921875,0.11101884381986593,0.004583206725412681,0.10643563709445325,0.22287970781326294,2.5153160095214844e-05,0.22285455465316772
fresh,ukr_rus,1,uniform_sorted,memberctl_ukr_rus_uniform_sorted_s1,facebook_page_reference,raw_center/prototype,1.1102230246251565e-16,-1.1102230246251565e-16,2.220446049250313e-16,-0.0,0.0,-0.0,-0.0,0.0,-0.0,-0.0,0.0,-0.0
fresh,ukr_rus,1,uniform_sorted,memberctl_ukr_rus_uniform_sorted_s1,facebook_page_reference,raw_center/ridge,-0.0,0.0,-0.0,-0.0,0.0,-0.0,-0.0,0.0,-0.0,-0.0,0.0,-0.0
fresh,ukr_rus,1,uniform_sorted,memberctl_ukr_rus_uniform_sorted_s1,facebook_page_reference,raw_context/prototype,-0.0,0.0,-0.0,-0.0,0.0,-0.0,-0.0,0.0,-0.0,-0.0,0.0,-0.0
fresh,ukr_rus,1,uniform_sorted,memberctl_ukr_rus_uniform_sorted_s1,facebook_page_reference,raw_context/ridge,-0.0,0.0,-0.0,-0.0,0.0,-0.0,-0.0,0.0,-0.0,-0.0,0.0,-0.0
fresh,ukr_rus,1,uniform_sorted,memberctl_ukr_rus_uniform_sorted_s1,facebook_page_reference,raw_joint/prototype,-0.0,0.0,-0.0,-0.0,0.0,-0.0,-0.0,0.0,-0.0,-0.0,0.0,-0.0
fresh,ukr_rus,1,uniform_sorted,memberctl_ukr_rus_uniform_sorted_s1,facebook_page_reference,raw_joint/ridge,1.1102230246251565e-16,-1.1102230246251565e-16,2.220446049250313e-16,-0.0,0.0,-0.0,-0.0,0.0,-0.0,-0.0,0.0,-0.0
fresh,ukr_rus,1,uniform_sorted,memberctl_ukr_rus_uniform_sorted_s1,twibot20,M2_post_meta/prototype,0.012658649020724888,-0.013213475545247544,0.025872124565972432,0.06477864583333337,-0.00716145833333337,0.07194010416666674,0.007791575359142988,-0.011552377996190466,0.019343953355333454,-0.010766267776489258,-5.066394805908203e-05,-0.010715603828430176
fresh,ukr_rus,1,uniform_sorted,memberctl_ukr_rus_uniform_sorted_s1,twibot20,M2_post_meta/ridge,0.020741144816080692,-0.013148413764105915,0.03388955858018661,0.05501302083333337,-0.00618489583333337,0.06119791666666674,0.009015421115065259,-0.010268006022907894,0.019283427137973153,0.003184974193572998,-0.00039970874786376953,0.0035846829414367676
fresh,ukr_rus,1,uniform_sorted,memberctl_ukr_rus_uniform_sorted_s1,twibot20,S0_conv_center/prototype,-0.0,0.0,-0.0,-0.0,0.0,-0.0,-0.0,0.0,-0.0,-0.0,0.0,-0.0
fresh,ukr_rus,1,uniform_sorted,memberctl_ukr_rus_uniform_sorted_s1,twibot20,S0_conv_center/ridge,-0.0,0.0,-0.0,-0.0,0.0,-0.0,-0.0,0.0,-0.0,-0.0,0.0,-0.0
fresh,ukr_rus,1,uniform_sorted,memberctl_ukr_rus_uniform_sorted_s1,twibot20,S0_pool/prototype,-0.0,0.0,-0.0,-0.0,0.0,-0.0,-0.0,0.0,-0.0,-0.0,0.0,-0.0
fresh,ukr_rus,1,uniform_sorted,memberctl_ukr_rus_uniform_sorted_s1,twibot20,S0_pool/ridge,-0.0,0.0,-0.0,-0.0,0.0,-0.0,-0.0,0.0,-0.0,-0.0,0.0,-0.0
fresh,ukr_rus,1,uniform_sorted,memberctl_ukr_rus_uniform_sorted_s1,twibot20,U1_pre_meta/prototype,-0.0433152516682942,-0.010819117228190067,-0.03249613444010413,-0.03743489583333326,0.0048828125,-0.04231770833333326,-0.045362859328713756,0.0009913835420239936,-0.04635424287073775,0.009061813354492188,0.00263822078704834,0.006423592567443848
fresh,ukr_rus,1,uniform_sorted,memberctl_ukr_rus_uniform_sorted_s1,twibot20,U1_pre_meta/ridge,-0.02500682406955279,-0.012163798014322769,-0.012843026055230022,-0.01627604166666663,0.0029296875,-0.01920572916666663,-0.01838291122112501,-0.0003325933245920121,-0.018050317896532997,0.0140610933303833,0.01488792896270752,-0.0008268356323242188
fresh,ukr_rus,1,uniform_sorted,memberctl_ukr_rus_uniform_sorted_s1,twibot20,final_input/prototype,0.012658649020724888,-0.013213475545247544,0.025872124565972432,0.06477864583333337,-0.00716145833333337,0.07194010416666674,0.007791575359142988,-0.011552377996190466,0.019343953355333454,-0.010766267776489258,-5.066394805908203e-05,-0.010715603828430176
fresh,ukr_rus,1,uniform_sorted,memberctl_ukr_rus_uniform_sorted_s1,twibot20,final_input/ridge,0.020741144816080692,-0.013148413764105915,0.03388955858018661,0.05501302083333337,-0.00618489583333337,0.06119791666666674,0.009015421115065259,-0.010268006022907894,0.019283427137973153,0.003184974193572998,-0.00039970874786376953,0.0035846829414367676
fresh,ukr_rus,1,uniform_sorted,memberctl_ukr_rus_uniform_sorted_s1,twibot20,full_model,0.06302558051215268,0.022425757514105915,0.040599822998046764,0.04947916666666674,0.0,0.04947916666666674,-0.06107836370702613,0.0,-0.06107836370702613,0.2910333275794983,0.2751981019973755,0.015835225582122803
fresh,ukr_rus,1,uniform_sorted,memberctl_ukr_rus_uniform_sorted_s1,twibot20,raw_center/prototype,-0.0,0.0,-0.0,-0.0,0.0,-0.0,-5.551115123125783e-17,5.551115123125783e-17,-1.1102230246251565e-16,-0.0,0.0,-0.0
fresh,ukr_rus,1,uniform_sorted,memberctl_ukr_rus_uniform_sorted_s1,twibot20,raw_center/ridge,-0.0,0.0,-0.0,-0.0,0.0,-0.0,-5.551115123125783e-17,5.551115123125783e-17,-1.1102230246251565e-16,-0.0,0.0,-0.0
fresh,ukr_rus,1,uniform_sorted,memberctl_ukr_rus_uniform_sorted_s1,twibot20,raw_context/prototype,-0.0,0.0,-0.0,-0.0,0.0,-0.0,-0.0,0.0,-0.0,-0.0,0.0,-0.0
fresh,ukr_rus,1,uniform_sorted,memberctl_ukr_rus_uniform_sorted_s1,twibot20,raw_context/ridge,-0.0,0.0,-0.0,-0.0,0.0,-0.0,-0.0,0.0,-0.0,-0.0,0.0,-0.0
fresh,ukr_rus,1,uniform_sorted,memberctl_ukr_rus_uniform_sorted_s1,twibot20,raw_joint/prototype,-0.0,0.0,-0.0,-0.0,0.0,-0.0,-0.0,0.0,-0.0,-0.0,0.0,-0.0
fresh,ukr_rus,1,uniform_sorted,memberctl_ukr_rus_uniform_sorted_s1,twibot20,raw_joint/ridge,-0.0,0.0,-0.0,-0.0,0.0,-0.0,-0.0,0.0,-0.0,-0.0,0.0,-0.0
fresh,ukr_rus,1,uniform_sorted,memberctl_ukr_rus_uniform_sorted_s1,ukr_rus_suspended,M2_post_meta/prototype,-0.0452880859375,0.021942138671875,-0.067230224609375,0.0078125,-0.01171875,0.01953125,-0.07843137254901955,-0.002609830361026577,-0.07582154218799297,0.0012404322624206543,-2.0682811737060547e-05,0.0012611150741577148
fresh,ukr_rus,1,uniform_sorted,memberctl_ukr_rus_uniform_sorted_s1,ukr_rus_suspended,M2_post_meta/ridge,-0.04437255859375,0.021148681640625,-0.065521240234375,0.00390625,-0.01171875,0.015625,-0.07766990291262132,-0.014120667522464658,-0.06354923539015667,0.023246407508850098,-0.0001983642578125,0.023444771766662598
fresh,ukr_rus,1,uniform_sorted,memberctl_ukr_rus_uniform_sorted_s1,ukr_rus_suspended,S0_conv_center/prototype,-0.0,0.0,-0.0,-0.0,0.0,-0.0,-0.0,0.0,-0.0,-0.0,0.0,-0.0
fresh,ukr_rus,1,uniform_sorted,memberctl_ukr_rus_uniform_sorted_s1,ukr_rus_suspended,S0_conv_center/ridge,-0.0,0.0,-0.0,-0.0,0.0,-0.0,-0.0,0.0,-0.0,-0.0,0.0,-0.0
fresh,ukr_rus,1,uniform_sorted,memberctl_ukr_rus_uniform_sorted_s1,ukr_rus_suspended,S0_pool/prototype,-0.0,0.0,-0.0,-0.0,0.0,-0.0,-0.0,0.0,-0.0,-0.0,0.0,-0.0
fresh,ukr_rus,1,uniform_sorted,memberctl_ukr_rus_uniform_sorted_s1,ukr_rus_suspended,S0_pool/ridge,-0.0,0.0,-0.0,-0.0,0.0,-0.0,-0.0,0.0,-0.0,-0.0,0.0,-0.0
fresh,ukr_rus,1,uniform_sorted,memberctl_ukr_rus_uniform_sorted_s1,ukr_rus_suspended,U1_pre_meta/prototype,-0.0269775390625,0.03466796875,-0.0616455078125,-0.015625,0.0390625,-0.0546875,-0.020064516129032317,0.0163907109205762,-0.03645522704960852,0.0009688138961791992,2.8967857360839844e-05,0.0009398460388183594
fresh,ukr_rus,1,uniform_sorted,memberctl_ukr_rus_uniform_sorted_s1,ukr_rus_suspended,U1_pre_meta/ridge,-0.027587890625,0.039520263671875,-0.067108154296875,-0.01953125,0.02734375,-0.046875,-0.04615135310322477,0.00294213795357956,-0.04909349105680433,0.0013454556465148926,8.511543273925781e-05,0.0012603402137756348
fresh,ukr_rus,1,uniform_sorted,memberctl_ukr_rus_uniform_sorted_s1,ukr_rus_suspended,final_input/prototype,-0.0452880859375,0.021942138671875,-0.067230224609375,0.0078125,-0.01171875,0.01953125,-0.07843137254901955,-0.002609830361026577,-0.07582154218799297,0.0012404322624206543,-2.0682811737060547e-05,0.0012611150741577148
fresh,ukr_rus,1,uniform_sorted,memberctl_ukr_rus_uniform_sorted_s1,ukr_rus_suspended,final_input/ridge,-0.04437255859375,0.021148681640625,-0.065521240234375,0.00390625,-0.01171875,0.015625,-0.07766990291262132,-0.014120667522464658,-0.06354923539015667,0.023246407508850098,-0.0001983642578125,0.023444771766662598
fresh,ukr_rus,1,uniform_sorted,memberctl_ukr_rus_uniform_sorted_s1,ukr_rus_suspended,full_model,-0.063232421875,0.062957763671875,-0.126190185546875,-0.0625,0.0,-0.0625,-0.05606097860831083,0.0,-0.05606097860831083,0.3339768052101135,-0.02495419979095459,0.3589310050010681
fresh,ukr_rus,1,uniform_sorted,memberctl_ukr_rus_uniform_sorted_s1,ukr_rus_suspended,raw_center/prototype,-0.0,0.0,-0.0,-0.0,0.0,-0.0,-0.0,0.0,-0.0,-0.0,0.0,-0.0
fresh,ukr_rus,1,uniform_sorted,memberctl_ukr_rus_uniform_sorted_s1,ukr_rus_suspended,raw_center/ridge,-0.0,0.0,-0.0,-0.0,0.0,-0.0,-0.0,0.0,-0.0,-0.0,0.0,-0.0
fresh,ukr_rus,1,uniform_sorted,memberctl_ukr_rus_uniform_sorted_s1,ukr_rus_suspended,raw_context/prototype,-0.0,0.0,-0.0,-0.0,0.0,-0.0,-0.0,0.0,-0.0,-0.0,0.0,-0.0
fresh,ukr_rus,1,uniform_sorted,memberctl_ukr_rus_uniform_sorted_s1,ukr_rus_suspended,raw_context/ridge,-0.0,0.0,-0.0,-0.0,0.0,-0.0,-0.0,0.0,-0.0,-0.0,0.0,-0.0
fresh,ukr_rus,1,uniform_sorted,memberctl_ukr_rus_uniform_sorted_s1,ukr_rus_suspended,raw_joint/prototype,-0.0,0.0,-0.0,-0.0,0.0,-0.0,-0.0,0.0,-0.0,-0.0,0.0,-0.0
fresh,ukr_rus,1,uniform_sorted,memberctl_ukr_rus_uniform_sorted_s1,ukr_rus_suspended,raw_joint/ridge,-0.0,0.0,-0.0,-0.0,0.0,-0.0,-0.0,0.0,-0.0,-0.0,0.0,-0.0
fresh,ukr_rus,2,lowest_shuffled,memberctl_ukr_rus_lowest_shuffled_s2,covid_political,M2_post_meta/prototype,0.12261510778356488,0.04267713758680547,0.07993797019675941,0.216796875,-0.01236979166666663,0.22916666666666663,0.0806594800253646,0.053370256911481506,0.0272892231138831,-0.01911693811416626,-0.0001677870750427246,-0.018949151039123535
fresh,ukr_rus,2,lowest_shuffled,memberctl_ukr_rus_lowest_shuffled_s2,covid_political,M2_post_meta/ridge,0.1259915387188948,0.04533697057653352,0.08065456814236127,0.3212890625,-0.01497395833333337,0.33626302083333337,0.13347502656748134,0.046549122925533204,0.08692590364194813,-0.07117623090744019,-0.0015720129013061523,-0.06960421800613403
fresh,ukr_rus,2,lowest_shuffled,memberctl_ukr_rus_lowest_shuffled_s2,covid_political,S0_conv_center/prototype,-0.0,0.0,-0.0,-0.0,0.0,-0.0,-0.0,0.0,-0.0,-0.0,0.0,-0.0
fresh,ukr_rus,2,lowest_shuffled,memberctl_ukr_rus_lowest_shuffled_s2,covid_political,S0_conv_center/ridge,-0.0,0.0,-0.0,-0.0,0.0,-0.0,-0.0,0.0,-0.0,-0.0,0.0,-0.0
fresh,ukr_rus,2,lowest_shuffled,memberctl_ukr_rus_lowest_shuffled_s2,covid_political,S0_pool/prototype,-0.0,0.0,-0.0,-0.0,0.0,-0.0,-0.0,0.0,-0.0,-0.0,0.0,-0.0
fresh,ukr_rus,2,lowest_shuffled,memberctl_ukr_rus_lowest_shuffled_s2,covid_political,S0_pool/ridge,-0.0,0.0,-0.0,-0.0,0.0,-0.0,-0.0,0.0,-0.0,-0.0,0.0,-0.0
fresh,ukr_rus,2,lowest_shuffled,memberctl_ukr_rus_lowest_shuffled_s2,covid_political,U1_pre_meta/prototype,0.03376543963396972,0.02919288917824059,0.00457255045572913,0.08268229166666674,-0.01009114583333326,0.0927734375,0.12020851780728936,0.03634791285547978,0.08386060495180958,-0.038884520530700684,0.0008962154388427734,-0.03978073596954346
fresh,ukr_rus,2,lowest_shuffled,memberctl_ukr_rus_lowest_shuffled_s2,covid_political,U1_pre_meta/ridge,0.02824910481770815,0.0176821108217593,0.010566993995948848,0.0791015625,-0.01985677083333326,0.09895833333333326,0.11920822808842224,0.017815254822888704,0.10139297326553354,-0.08023539185523987,0.006673097610473633,-0.0869084894657135
fresh,ukr_rus,2,lowest_shuffled,memberctl_ukr_rus_lowest_shuffled_s2,covid_political,final_input/prototype,0.12261510778356488,0.04267713758680547,0.07993797019675941,0.216796875,-0.01236979166666663,0.22916666666666663,0.0806594800253646,0.053370256911481506,0.0272892231138831,-0.01911693811416626,-0.0001677870750427246,-0.018949151039123535
fresh,ukr_rus,2,lowest_shuffled,memberctl_ukr_rus_lowest_shuffled_s2,covid_political,final_input/ridge,0.1259915387188948,0.04533697057653352,0.08065456814236127,0.3212890625,-0.01497395833333337,0.33626302083333337,0.13347502656748134,0.046549122925533204,0.08692590364194813,-0.07117623090744019,-0.0015720129013061523,-0.06960421800613403
fresh,ukr_rus,2,lowest_shuffled,memberctl_ukr_rus_lowest_shuffled_s2,covid_political,full_model,0.11426741988570577,-0.03925266972294561,0.15352008960865138,0.30631510416666663,0.0,0.30631510416666663,0.29617666663024356,0.0,0.29617666663024356,-0.2325569093227387,-0.012095868587493896,-0.2204610407352448
fresh,ukr_rus,2,lowest_shuffled,memberctl_ukr_rus_lowest_shuffled_s2,covid_political,raw_center/prototype,-0.0,0.0,-0.0,-0.0,0.0,-0.0,-0.0,0.0,-0.0,-0.0,0.0,-0.0
fresh,ukr_rus,2,lowest_shuffled,memberctl_ukr_rus_lowest_shuffled_s2,covid_political,raw_center/ridge,-0.0,0.0,-0.0,-0.0,0.0,-0.0,-0.0,0.0,-0.0,-0.0,0.0,-0.0
fresh,ukr_rus,2,lowest_shuffled,memberctl_ukr_rus_lowest_shuffled_s2,covid_political,raw_context/prototype,-1.1102230246251565e-16,1.1102230246251565e-16,-2.220446049250313e-16,-0.0,0.0,-0.0,-0.0,0.0,-0.0,-0.0,0.0,-0.0
fresh,ukr_rus,2,lowest_shuffled,memberctl_ukr_rus_lowest_shuffled_s2,covid_political,raw_context/ridge,-0.0,0.0,-0.0,-0.0,0.0,-0.0,-0.0,0.0,-0.0,-0.0,0.0,-0.0
fresh,ukr_rus,2,lowest_shuffled,memberctl_ukr_rus_lowest_shuffled_s2,covid_political,raw_joint/prototype,-0.0,0.0,-0.0,-0.0,0.0,-0.0,-0.0,0.0,-0.0,-0.0,0.0,-0.0
fresh,ukr_rus,2,lowest_shuffled,memberctl_ukr_rus_lowest_shuffled_s2,covid_political,raw_joint/ridge,-0.0,0.0,-0.0,-0.0,0.0,-0.0,-0.0,0.0,-0.0,-0.0,0.0,-0.0
fresh,ukr_rus,2,lowest_shuffled,memberctl_ukr_rus_lowest_shuffled_s2,election2020,M2_post_meta/prototype,0.08453369140625,-0.021942138671875,0.106475830078125,0.32421875,-0.0078125,0.33203125,0.18383167220376528,-0.002369377834061881,0.18620105003782716,-0.0979316234588623,-1.1801719665527344e-05,-0.09791982173919678
fresh,ukr_rus,2,lowest_shuffled,memberctl_ukr_rus_lowest_shuffled_s2,election2020,M2_post_meta/ridge,0.087646484375,-0.0208740234375,0.1085205078125,0.3515625,-0.01953125,0.37109375,0.20229885057471264,-0.01216445246295994,0.21446330303767258,-0.234230637550354,-9.572505950927734e-05,-0.23413491249084473
fresh,ukr_rus,2,lowest_shuffled,memberctl_ukr_rus_lowest_shuffled_s2,election2020,S0_conv_center/prototype,-0.0,0.0,-0.0,-0.0,0.0,-0.0,-0.0,0.0,-0.0,-0.0,0.0,-0.0
fresh,ukr_rus,2,lowest_shuffled,memberctl_ukr_rus_lowest_shuffled_s2,election2020,S0_conv_center/ridge,-0.0,0.0,-0.0,-0.0,0.0,-0.0,-0.0,0.0,-0.0,-0.0,0.0,-0.0
fresh,ukr_rus,2,lowest_shuffled,memberctl_ukr_rus_lowest_shuffled_s2,election2020,S0_pool/prototype,-0.0,0.0,-0.0,-0.0,0.0,-0.0,-0.0,0.0,-0.0,-0.0,0.0,-0.0
fresh,ukr_rus,2,lowest_shuffled,memberctl_ukr_rus_lowest_shuffled_s2,election2020,S0_pool/ridge,-0.0,0.0,-0.0,-0.0,0.0,-0.0,-0.0,0.0,-0.0,-5.551115123125783e-17,0.0,-5.551115123125783e-17
fresh,ukr_rus,2,lowest_shuffled,memberctl_ukr_rus_lowest_shuffled_s2,election2020,U1_pre_meta/prototype,0.01995849609375,-0.0213623046875,0.04132080078125,0.078125,-0.015625,0.09375,0.07486280124075406,-0.012200435729847414,0.08706323697060148,-0.05756974220275879,0.0009758472442626953,-0.058545589447021484
fresh,ukr_rus,2,lowest_shuffled,memberctl_ukr_rus_lowest_shuffled_s2,election2020,U1_pre_meta/ridge,0.01409912109375,-0.052490234375,0.06658935546875,0.05078125,-0.0234375,0.07421875,0.049174887621805885,-0.022058823529411686,0.07123371115121757,-0.12224224209785461,0.008065342903137207,-0.13030758500099182
fresh,ukr_rus,2,lowest_shuffled,memberctl_ukr_rus_lowest_shuffled_s2,election2020,final_input/prototype,0.08453369140625,-0.021942138671875,0.106475830078125,0.32421875,-0.0078125,0.33203125,0.18383167220376528,-0.002369377834061881,0.18620105003782716,-0.0979316234588623,-1.1801719665527344e-05,-0.09791982173919678
fresh,ukr_rus,2,lowest_shuffled,memberctl_ukr_rus_lowest_shuffled_s2,election2020,final_input/ridge,0.087646484375,-0.0208740234375,0.1085205078125,0.3515625,-0.01953125,0.37109375,0.20229885057471264,-0.01216445246295994,0.21446330303767258,-0.234230637550354,-9.572505950927734e-05,-0.23413491249084473
fresh,ukr_rus,2,lowest_shuffled,memberctl_ukr_rus_lowest_shuffled_s2,election2020,full_model,0.2293701171875,0.088836669921875,0.140533447265625,0.26171875,0.0,0.26171875,0.22087116725884992,0.0,0.22087116725884992,-0.5392122268676758,-0.004721641540527344,-0.5344905853271484
fresh,ukr_rus,2,lowest_shuffled,memberctl_ukr_rus_lowest_shuffled_s2,election2020,raw_center/prototype,-0.0,0.0,-0.0,-0.0,0.0,-0.0,-0.0,0.0,-0.0,-0.0,0.0,-0.0
fresh,ukr_rus,2,lowest_shuffled,memberctl_ukr_rus_lowest_shuffled_s2,election2020,raw_center/ridge,-0.0,0.0,-0.0,-0.0,0.0,-0.0,-0.0,0.0,-0.0,-0.0,0.0,-0.0
fresh,ukr_rus,2,lowest_shuffled,memberctl_ukr_rus_lowest_shuffled_s2,election2020,raw_context/prototype,-0.0,0.0,-0.0,-0.0,0.0,-0.0,-0.0,0.0,-0.0,-0.0,0.0,-0.0
fresh,ukr_rus,2,lowest_shuffled,memberctl_ukr_rus_lowest_shuffled_s2,election2020,raw_context/ridge,-0.0,0.0,-0.0,-0.0,0.0,-0.0,-0.0,0.0,-0.0,-0.0,0.0,-0.0
fresh,ukr_rus,2,lowest_shuffled,memberctl_ukr_rus_lowest_shuffled_s2,election2020,raw_joint/prototype,-0.0,0.0,-0.0,-0.0,0.0,-0.0,-0.0,0.0,-0.0,-0.0,0.0,-0.0
fresh,ukr_rus,2,lowest_shuffled,memberctl_ukr_rus_lowest_shuffled_s2,election2020,raw_joint/ridge,-0.0,0.0,-0.0,-0.0,0.0,-0.0,-0.0,0.0,-0.0,-0.0,0.0,-0.0
fresh,ukr_rus,2,lowest_shuffled,memberctl_ukr_rus_lowest_shuffled_s2,facebook_page_reference,M2_post_meta/prototype,0.150482177734375,-0.05611228942871094,0.20659446716308594,0.111328125,-0.052734375,0.1640625,0.11172776246400629,-0.057388999337309454,0.16911676180131574,-0.017367541790008545,-8.797645568847656e-05,-0.01727956533432007
fresh,ukr_rus,2,lowest_shuffled,memberctl_ukr_rus_lowest_shuffled_s2,facebook_page_reference,M2_post_meta/ridge,0.17751312255859375,-0.049297332763671875,0.22681045532226562,0.1259765625,-0.0576171875,0.18359375,0.12538011695906437,-0.059858741127250426,0.1852388580863148,-0.05649077892303467,-0.0008530020713806152,-0.05563777685165405
fresh,ukr_rus,2,lowest_shuffled,memberctl_ukr_rus_lowest_shuffled_s2,facebook_page_reference,S0_conv_center/prototype,-0.0,0.0,-0.0,-0.0,0.0,-0.0,-0.0,0.0,-0.0,-0.0,0.0,-0.0
fresh,ukr_rus,2,lowest_shuffled,memberctl_ukr_rus_lowest_shuffled_s2,facebook_page_reference,S0_conv_center/ridge,-0.0,0.0,-0.0,-0.0,0.0,-0.0,-0.0,0.0,-0.0,-0.0,0.0,-0.0
fresh,ukr_rus,2,lowest_shuffled,memberctl_ukr_rus_lowest_shuffled_s2,facebook_page_reference,S0_pool/prototype,-0.0,0.0,-0.0,-0.0,0.0,-0.0,-0.0,0.0,-0.0,-0.0,0.0,-0.0
fresh,ukr_rus,2,lowest_shuffled,memberctl_ukr_rus_lowest_shuffled_s2,facebook_page_reference,S0_pool/ridge,-0.0,0.0,-0.0,-0.0,0.0,-0.0,-0.0,0.0,-0.0,-0.0,0.0,-0.0
fresh,ukr_rus,2,lowest_shuffled,memberctl_ukr_rus_lowest_shuffled_s2,facebook_page_reference,U1_pre_meta/prototype,-0.0683441162109375,-0.06326866149902344,-0.0050754547119140625,-0.0498046875,-0.064453125,0.0146484375,-0.0539627112777179,-0.06857005865711363,0.01460734737939573,0.005500495433807373,0.0003947019577026367,0.005105793476104736
fresh,ukr_rus,2,lowest_shuffled,memberctl_ukr_rus_lowest_shuffled_s2,facebook_page_reference,U1_pre_meta/ridge,-0.06798934936523438,-0.06572151184082031,-0.0022678375244140625,-0.0576171875,-0.0673828125,0.009765625,-0.060460864963679306,-0.07369493251846193,0.013234067554782625,0.01944786310195923,0.003619849681854248,0.01582801342010498
fresh,ukr_rus,2,lowest_shuffled,memberctl_ukr_rus_lowest_shuffled_s2,facebook_page_reference,final_input/prototype,0.150482177734375,-0.05611228942871094,0.20659446716308594,0.111328125,-0.052734375,0.1640625,0.11172776246400629,-0.057388999337309454,0.16911676180131574,-0.017367541790008545,-8.797645568847656e-05,-0.01727956533432007
fresh,ukr_rus,2,lowest_shuffled,memberctl_ukr_rus_lowest_shuffled_s2,facebook_page_reference,final_input/ridge,0.17751312255859375,-0.049297332763671875,0.22681045532226562,0.1259765625,-0.0576171875,0.18359375,0.12538011695906437,-0.059858741127250426,0.1852388580863148,-0.05649077892303467,-0.0008530020713806152,-0.05563777685165405
fresh,ukr_rus,2,lowest_shuffled,memberctl_ukr_rus_lowest_shuffled_s2,facebook_page_reference,full_model,0.04845428466796875,0.005311965942382868,0.04314231872558588,0.0537109375,0.0146484375,0.0390625,0.05785122357742567,0.028179539052744673,0.029671684524680997,0.18455606698989868,-9.357929229736328e-06,0.18456542491912842
fresh,ukr_rus,2,lowest_shuffled,memberctl_ukr_rus_lowest_shuffled_s2,facebook_page_reference,raw_center/prototype,1.1102230246251565e-16,-1.1102230246251565e-16,2.220446049250313e-16,-0.0,0.0,-0.0,-0.0,0.0,-0.0,-0.0,0.0,-0.0
fresh,ukr_rus,2,lowest_shuffled,memberctl_ukr_rus_lowest_shuffled_s2,facebook_page_reference,raw_center/ridge,-0.0,0.0,-0.0,-0.0,0.0,-0.0,-0.0,0.0,-0.0,-0.0,0.0,-0.0
fresh,ukr_rus,2,lowest_shuffled,memberctl_ukr_rus_lowest_shuffled_s2,facebook_page_reference,raw_context/prototype,-0.0,0.0,-0.0,-0.0,0.0,-0.0,-0.0,0.0,-0.0,-0.0,0.0,-0.0
fresh,ukr_rus,2,lowest_shuffled,memberctl_ukr_rus_lowest_shuffled_s2,facebook_page_reference,raw_context/ridge,-0.0,0.0,-0.0,-0.0,0.0,-0.0,-0.0,0.0,-0.0,-0.0,0.0,-0.0
fresh,ukr_rus,2,lowest_shuffled,memberctl_ukr_rus_lowest_shuffled_s2,facebook_page_reference,raw_joint/prototype,-0.0,0.0,-0.0,-0.0,0.0,-0.0,-0.0,0.0,-0.0,-0.0,0.0,-0.0
fresh,ukr_rus,2,lowest_shuffled,memberctl_ukr_rus_lowest_shuffled_s2,facebook_page_reference,raw_joint/ridge,1.1102230246251565e-16,-1.1102230246251565e-16,2.220446049250313e-16,-0.0,0.0,-0.0,-0.0,0.0,-0.0,-0.0,0.0,-0.0
fresh,ukr_rus,2,lowest_shuffled,memberctl_ukr_rus_lowest_shuffled_s2,twibot20,M2_post_meta/prototype,0.14676284790039062,-0.0008169809977213172,0.14757982889811194,0.09537760416666669,-0.005859375,0.10123697916666669,0.14507073497988282,-0.0090006814222503,0.15407141640213312,-0.003793179988861084,-0.0001862049102783203,-0.0036069750785827637
fresh,ukr_rus,2,lowest_shuffled,memberctl_ukr_rus_lowest_shuffled_s2,twibot20,M2_post_meta/ridge,0.16665183173285592,-0.00012736850314676307,0.16677920023600268,0.11100260416666663,-0.00716145833333337,0.1181640625,0.17208856828216257,-0.009785673600900324,0.1818742418830629,-0.00799560546875,-0.0015853643417358398,-0.00641024112701416
fresh,ukr_rus,2,lowest_shuffled,memberctl_ukr_rus_lowest_shuffled_s2,twibot20,S0_conv_center/prototype,-0.0,0.0,-0.0,-0.0,0.0,-0.0,-0.0,0.0,-0.0,-0.0,0.0,-0.0
fresh,ukr_rus,2,lowest_shuffled,memberctl_ukr_rus_lowest_shuffled_s2,twibot20,S0_conv_center/ridge,-0.0,0.0,-0.0,-0.0,0.0,-0.0,-0.0,0.0,-0.0,-0.0,0.0,-0.0
fresh,ukr_rus,2,lowest_shuffled,memberctl_ukr_rus_lowest_shuffled_s2,twibot20,S0_pool/prototype,-0.0,0.0,-0.0,-0.0,0.0,-0.0,-0.0,0.0,-0.0,-0.0,0.0,-0.0
fresh,ukr_rus,2,lowest_shuffled,memberctl_ukr_rus_lowest_shuffled_s2,twibot20,S0_pool/ridge,-0.0,0.0,-0.0,-0.0,0.0,-0.0,-0.0,0.0,-0.0,-0.0,0.0,-0.0
fresh,ukr_rus,2,lowest_shuffled,memberctl_ukr_rus_lowest_shuffled_s2,twibot20,U1_pre_meta/prototype,-0.02082739935980893,-0.004565768771701451,-0.01626163058810748,-0.0146484375,-0.01009114583333337,-0.00455729166666663,-0.031137332022287745,-0.011388011388011376,-0.01974932063427637,0.0025498270988464355,0.0033414363861083984,-0.0007916092872619629
fresh,ukr_rus,2,lowest_shuffled,memberctl_ukr_rus_lowest_shuffled_s2,twibot20,U1_pre_meta/ridge,-0.00814904106987846,-0.0055637359619139515,-0.0025853051079645084,0.0026041666666667407,-0.0087890625,0.01139322916666674,-0.006534035977754038,-0.009193894230069333,0.0026598582523152947,0.00360107421875,0.01631861925125122,-0.01271754503250122
fresh,ukr_rus,2,lowest_shuffled,memberctl_ukr_rus_lowest_shuffled_s2,twibot20,final_input/prototype,0.14676284790039062,-0.0008169809977213172,0.14757982889811194,0.09537760416666669,-0.005859375,0.10123697916666669,0.14507073497988282,-0.0090006814222503,0.15407141640213312,-0.003793179988861084,-0.0001862049102783203,-0.0036069750785827637
fresh,ukr_rus,2,lowest_shuffled,memberctl_ukr_rus_lowest_shuffled_s2,twibot20,final_input/ridge,0.16665183173285592,-0.00012736850314676307,0.16677920023600268,0.11100260416666663,-0.00716145833333337,0.1181640625,0.17208856828216257,-0.009785673600900324,0.1818742418830629,-0.00799560546875,-0.0015853643417358398,-0.00641024112701416
fresh,ukr_rus,2,lowest_shuffled,memberctl_ukr_rus_lowest_shuffled_s2,twibot20,full_model,0.04178386264377165,0.10257424248589408,-0.06079037984212243,0.04361979166666674,0.0,0.04361979166666674,-0.05087645504808325,0.0,-0.05087645504808325,0.2712058424949646,0.010990381240844727,0.2602154612541199
fresh,ukr_rus,2,lowest_shuffled,memberctl_ukr_rus_lowest_shuffled_s2,twibot20,raw_center/prototype,-0.0,0.0,-0.0,-0.0,0.0,-0.0,-5.551115123125783e-17,5.551115123125783e-17,-1.1102230246251565e-16,-0.0,0.0,-0.0
fresh,ukr_rus,2,lowest_shuffled,memberctl_ukr_rus_lowest_shuffled_s2,twibot20,raw_center/ridge,-0.0,0.0,-0.0,-0.0,0.0,-0.0,-5.551115123125783e-17,5.551115123125783e-17,-1.1102230246251565e-16,-0.0,0.0,-0.0
fresh,ukr_rus,2,lowest_shuffled,memberctl_ukr_rus_lowest_shuffled_s2,twibot20,raw_context/prototype,-0.0,0.0,-0.0,-0.0,0.0,-0.0,-0.0,0.0,-0.0,-0.0,0.0,-0.0
fresh,ukr_rus,2,lowest_shuffled,memberctl_ukr_rus_lowest_shuffled_s2,twibot20,raw_context/ridge,-0.0,0.0,-0.0,-0.0,0.0,-0.0,-0.0,0.0,-0.0,-0.0,0.0,-0.0
fresh,ukr_rus,2,lowest_shuffled,memberctl_ukr_rus_lowest_shuffled_s2,twibot20,raw_joint/prototype,-0.0,0.0,-0.0,-0.0,0.0,-0.0,-0.0,0.0,-0.0,-0.0,0.0,-0.0
fresh,ukr_rus,2,lowest_shuffled,memberctl_ukr_rus_lowest_shuffled_s2,twibot20,raw_joint/ridge,-0.0,0.0,-0.0,-0.0,0.0,-0.0,-0.0,0.0,-0.0,-0.0,0.0,-0.0
fresh,ukr_rus,2,lowest_shuffled,memberctl_ukr_rus_lowest_shuffled_s2,ukr_rus_suspended,M2_post_meta/prototype,0.06927490234375,0.004150390625,0.06512451171875,0.03125,-0.01171875,0.04296875,-0.017337461300309664,-0.02126696832579178,0.003929507025482115,-0.00010371208190917969,-9.357929229736328e-06,-9.435415267944336e-05
fresh,ukr_rus,2,lowest_shuffled,memberctl_ukr_rus_lowest_shuffled_s2,ukr_rus_suspended,M2_post_meta/ridge,0.06939697265625,0.003021240234375,0.066375732421875,0.0390625,-0.0390625,0.078125,-0.005232735016732604,-0.042606252722984184,0.03737351770625158,0.04238390922546387,-8.660554885864258e-05,0.04247051477432251
fresh,ukr_rus,2,lowest_shuffled,memberctl_ukr_rus_lowest_shuffled_s2,ukr_rus_suspended,S0_conv_center/prototype,-0.0,0.0,-0.0,-0.0,0.0,-0.0,-0.0,5.551115123125783e-17,-5.551115123125783e-17,-0.0,0.0,-0.0
fresh,ukr_rus,2,lowest_shuffled,memberctl_ukr_rus_lowest_shuffled_s2,ukr_rus_suspended,S0_conv_center/ridge,-0.0,0.0,-0.0,-0.0,0.0,-0.0,-0.0,0.0,-0.0,-0.0,0.0,-0.0
fresh,ukr_rus,2,lowest_shuffled,memberctl_ukr_rus_lowest_shuffled_s2,ukr_rus_suspended,S0_pool/prototype,-0.0,0.0,-0.0,-0.0,0.0,-0.0,-0.0,0.0,-0.0,-0.0,0.0,-0.0
fresh,ukr_rus,2,lowest_shuffled,memberctl_ukr_rus_lowest_shuffled_s2,ukr_rus_suspended,S0_pool/ridge,-0.0,0.0,-0.0,-0.0,0.0,-0.0,-0.0,0.0,-0.0,-0.0,0.0,-0.0
fresh,ukr_rus,2,lowest_shuffled,memberctl_ukr_rus_lowest_shuffled_s2,ukr_rus_suspended,U1_pre_meta/prototype,-0.00201416015625,0.015380859375,-0.01739501953125,-0.01953125,0.0,-0.01953125,-0.01789666729905781,-0.015140415140415198,-0.0027562521586426136,-0.00024831295013427734,6.794929504394531e-05,-0.00031626224517822266
fresh,ukr_rus,2,lowest_shuffled,memberctl_ukr_rus_lowest_shuffled_s2,ukr_rus_suspended,U1_pre_meta/ridge,-0.0078125,0.01708984375,-0.02490234375,-0.0078125,0.00390625,-0.01171875,-0.007874015748031482,-0.012883565157046695,0.005009549409015213,-0.002705991268157959,0.0003495216369628906,-0.0030555129051208496
fresh,ukr_rus,2,lowest_shuffled,memberctl_ukr_rus_lowest_shuffled_s2,ukr_rus_suspended,final_input/prototype,0.06927490234375,0.004150390625,0.06512451171875,0.03125,-0.01171875,0.04296875,-0.017337461300309664,-0.02126696832579178,0.003929507025482115,-0.00010371208190917969,-9.357929229736328e-06,-9.435415267944336e-05
fresh,ukr_rus,2,lowest_shuffled,memberctl_ukr_rus_lowest_shuffled_s2,ukr_rus_suspended,final_input/ridge,0.06939697265625,0.003021240234375,0.066375732421875,0.0390625,-0.0390625,0.078125,-0.005232735016732604,-0.042606252722984184,0.03737351770625158,0.04238390922546387,-8.660554885864258e-05,0.04247051477432251
fresh,ukr_rus,2,lowest_shuffled,memberctl_ukr_rus_lowest_shuffled_s2,ukr_rus_suspended,full_model,0.030487060546875,-0.051849365234375,0.08233642578125,0.015625,0.00390625,0.01171875,0.028861788617886186,0.0,0.028861788617886186,0.18871593475341797,0.027204513549804688,0.16151142120361328
fresh,ukr_rus,2,lowest_shuffled,memberctl_ukr_rus_lowest_shuffled_s2,ukr_rus_suspended,raw_center/prototype,-0.0,0.0,-0.0,-0.0,0.0,-0.0,-0.0,0.0,-0.0,-0.0,0.0,-0.0
fresh,ukr_rus,2,lowest_shuffled,memberctl_ukr_rus_lowest_shuffled_s2,ukr_rus_suspended,raw_center/ridge,-0.0,0.0,-0.0,-0.0,0.0,-0.0,-0.0,0.0,-0.0,-0.0,0.0,-0.0
fresh,ukr_rus,2,lowest_shuffled,memberctl_ukr_rus_lowest_shuffled_s2,ukr_rus_suspended,raw_context/prototype,-0.0,0.0,-0.0,-0.0,0.0,-0.0,-0.0,0.0,-0.0,-0.0,0.0,-0.0
fresh,ukr_rus,2,lowest_shuffled,memberctl_ukr_rus_lowest_shuffled_s2,ukr_rus_suspended,raw_context/ridge,-0.0,0.0,-0.0,-0.0,0.0,-0.0,-0.0,0.0,-0.0,-0.0,0.0,-0.0
fresh,ukr_rus,2,lowest_shuffled,memberctl_ukr_rus_lowest_shuffled_s2,ukr_rus_suspended,raw_joint/prototype,-0.0,0.0,-0.0,-0.0,0.0,-0.0,-0.0,0.0,-0.0,-0.0,0.0,-0.0
fresh,ukr_rus,2,lowest_shuffled,memberctl_ukr_rus_lowest_shuffled_s2,ukr_rus_suspended,raw_joint/ridge,-0.0,0.0,-0.0,-0.0,0.0,-0.0,-0.0,0.0,-0.0,-0.0,0.0,-0.0
fresh,ukr_rus,2,lowest_sorted,memberctl_ukr_rus_lowest_sorted_s2,covid_political,M2_post_meta/prototype,0.4042106910988139,0.07614531340422448,0.32806537769458943,0.07649739583333331,0.03548177083333337,0.041015624999999944,0.09804804150977126,0.09606897286402477,0.0019790686457464846,-0.023407936096191406,-0.0006586313247680664,-0.02274930477142334
fresh,ukr_rus,2,lowest_sorted,memberctl_ukr_rus_lowest_sorted_s2,covid_political,M2_post_meta/ridge,0.40455683955439814,0.08154296875,0.32301387080439814,0.13053385416666669,0.037109375,0.09342447916666669,0.12743327434486434,0.0973798368905085,0.030053437454355847,-0.04484200477600098,-0.005928635597229004,-0.03891336917877197
fresh,ukr_rus,2,lowest_sorted,memberctl_ukr_rus_lowest_sorted_s2,covid_political,S0_conv_center/prototype,-0.0,0.0,-0.0,-0.0,0.0,-0.0,-0.0,0.0,-0.0,-0.0,0.0,-0.0
fresh,ukr_rus,2,lowest_sorted,memberctl_ukr_rus_lowest_sorted_s2,covid_political,S0_conv_center/ridge,-0.0,0.0,-0.0,-0.0,0.0,-0.0,-0.0,0.0,-0.0,-0.0,0.0,-0.0
fresh,ukr_rus,2,lowest_sorted,memberctl_ukr_rus_lowest_sorted_s2,covid_political,S0_pool/prototype,-0.0,0.0,-0.0,-0.0,0.0,-0.0,-0.0,0.0,-0.0,-0.0,0.0,-0.0
fresh,ukr_rus,2,lowest_sorted,memberctl_ukr_rus_lowest_sorted_s2,covid_political,S0_pool/ridge,1.1102230246251565e-16,0.0,1.1102230246251565e-16,-0.0,0.0,-0.0,-0.0,0.0,-0.0,-0.0,0.0,-0.0
fresh,ukr_rus,2,lowest_sorted,memberctl_ukr_rus_lowest_sorted_s2,covid_political,U1_pre_meta/prototype,0.029485914442274552,0.07122915762442128,-0.04174324318214673,0.068359375,0.05078125,0.017578125,0.10487466019045744,0.10159301882538752,0.0032816413650699205,-0.03320342302322388,5.257129669189453e-05,-0.03325599431991577
fresh,ukr_rus,2,lowest_sorted,memberctl_ukr_rus_lowest_sorted_s2,covid_political,U1_pre_meta/ridge,0.0274937947591144,0.06432653356481477,-0.03683273880570037,0.07584635416666674,0.041015625,0.03483072916666674,0.11740624496024021,0.08442282856593308,0.03298341639430713,-0.07000428438186646,-0.000413358211517334,-0.06959092617034912
fresh,ukr_rus,2,lowest_sorted,memberctl_ukr_rus_lowest_sorted_s2,covid_political,final_input/prototype,0.4042106910988139,0.07614531340422448,0.32806537769458943,0.07649739583333331,0.03548177083333337,0.041015624999999944,0.09804804150977126,0.09606897286402477,0.0019790686457464846,-0.023407936096191406,-0.0006586313247680664,-0.02274930477142334
fresh,ukr_rus,2,lowest_sorted,memberctl_ukr_rus_lowest_sorted_s2,covid_political,final_input/ridge,0.40455683955439814,0.08154296875,0.32301387080439814,0.13053385416666669,0.037109375,0.09342447916666669,0.12743327434486434,0.0973798368905085,0.030053437454355847,-0.04484200477600098,-0.005928635597229004,-0.03891336917877197
fresh,ukr_rus,2,lowest_sorted,memberctl_ukr_rus_lowest_sorted_s2,covid_political,full_model,0.18028767903645848,-0.2598390932436343,0.4401267722800928,0.30598958333333326,-0.5094401041666666,0.8154296874999999,0.294972009390398,0.343001971275697,-0.048029961885298955,-0.24863293766975408,0.07226568460464478,-0.32089862227439886
fresh,ukr_rus,2,lowest_sorted,memberctl_ukr_rus_lowest_sorted_s2,covid_political,raw_center/prototype,-0.0,0.0,-0.0,-0.0,0.0,-0.0,-0.0,0.0,-0.0,-0.0,0.0,-0.0
fresh,ukr_rus,2,lowest_sorted,memberctl_ukr_rus_lowest_sorted_s2,covid_political,raw_center/ridge,-0.0,0.0,-0.0,-0.0,0.0,-0.0,-0.0,0.0,-0.0,-0.0,0.0,-0.0
fresh,ukr_rus,2,lowest_sorted,memberctl_ukr_rus_lowest_sorted_s2,covid_political,raw_context/prototype,-1.1102230246251565e-16,1.1102230246251565e-16,-2.220446049250313e-16,-0.0,0.0,-0.0,-0.0,0.0,-0.0,-0.0,0.0,-0.0
fresh,ukr_rus,2,lowest_sorted,memberctl_ukr_rus_lowest_sorted_s2,covid_political,raw_context/ridge,-0.0,0.0,-0.0,-0.0,0.0,-0.0,-0.0,0.0,-0.0,-0.0,0.0,-0.0
fresh,ukr_rus,2,lowest_sorted,memberctl_ukr_rus_lowest_sorted_s2,covid_political,raw_joint/prototype,-0.0,0.0,-0.0,-0.0,0.0,-0.0,-0.0,0.0,-0.0,-0.0,0.0,-0.0
fresh,ukr_rus,2,lowest_sorted,memberctl_ukr_rus_lowest_sorted_s2,covid_political,raw_joint/ridge,-0.0,0.0,-0.0,-0.0,0.0,-0.0,-0.0,0.0,-0.0,-0.0,0.0,-0.0
fresh,ukr_rus,2,lowest_sorted,memberctl_ukr_rus_lowest_sorted_s2,election2020,M2_post_meta/prototype,0.5142822265625,0.030426025390625,0.483856201171875,0.375,0.015625,0.359375,0.3348763912144195,0.01960864414396013,0.31526774707045935,-0.09418302774429321,-0.0004093050956726074,-0.0937737226486206
fresh,ukr_rus,2,lowest_sorted,memberctl_ukr_rus_lowest_sorted_s2,election2020,M2_post_meta/ridge,0.51397705078125,0.04229736328125,0.4716796875,0.34375,0.00390625,0.33984375,0.3105661461825846,0.012184531886024419,0.2983816142965602,-0.21466097235679632,-0.0037024617195129395,-0.21095851063728338
fresh,ukr_rus,2,lowest_sorted,memberctl_ukr_rus_lowest_sorted_s2,election2020,S0_conv_center/prototype,-0.0,0.0,-0.0,-0.0,0.0,-0.0,-0.0,0.0,-0.0,-0.0,0.0,-0.0
fresh,ukr_rus,2,lowest_sorted,memberctl_ukr_rus_lowest_sorted_s2,election2020,S0_conv_center/ridge,-0.0,0.0,-0.0,-0.0,0.0,-0.0,-0.0,0.0,-0.0,-0.0,0.0,-0.0
fresh,ukr_rus,2,lowest_sorted,memberctl_ukr_rus_lowest_sorted_s2,election2020,S0_pool/prototype,-0.0,0.0,-0.0,-0.0,0.0,-0.0,-0.0,0.0,-0.0,-0.0,0.0,-0.0
fresh,ukr_rus,2,lowest_sorted,memberctl_ukr_rus_lowest_sorted_s2,election2020,S0_pool/ridge,-0.0,0.0,-0.0,-0.0,0.0,-0.0,-0.0,0.0,-0.0,-0.0,0.0,-0.0
fresh,ukr_rus,2,lowest_sorted,memberctl_ukr_rus_lowest_sorted_s2,election2020,U1_pre_meta/prototype,0.04339599609375,0.04248046875,0.00091552734375,0.08203125,0.01953125,0.0625,0.08256823628271781,0.02205942205942213,0.06050881422329568,-0.039218127727508545,0.0003260374069213867,-0.03954416513442993
fresh,ukr_rus,2,lowest_sorted,memberctl_ukr_rus_lowest_sorted_s2,election2020,U1_pre_meta/ridge,0.03021240234375,0.031005859375,-0.00079345703125,0.0625,0.01953125,0.04296875,0.06182617923440137,0.0240231471650032,0.03780303206939817,-0.10081243515014648,0.0023430585861206055,-0.10315549373626709
fresh,ukr_rus,2,lowest_sorted,memberctl_ukr_rus_lowest_sorted_s2,election2020,final_input/prototype,0.5142822265625,0.030426025390625,0.483856201171875,0.375,0.015625,0.359375,0.3348763912144195,0.01960864414396013,0.31526774707045935,-0.09418302774429321,-0.0004093050956726074,-0.0937737226486206
fresh,ukr_rus,2,lowest_sorted,memberctl_ukr_rus_lowest_sorted_s2,election2020,final_input/ridge,0.51397705078125,0.04229736328125,0.4716796875,0.34375,0.00390625,0.33984375,0.3105661461825846,0.012184531886024419,0.2983816142965602,-0.21466097235679632,-0.0037024617195129395,-0.21095851063728338
fresh,ukr_rus,2,lowest_sorted,memberctl_ukr_rus_lowest_sorted_s2,election2020,full_model,0.262939453125,-0.1182861328125,0.3812255859375,0.39453125,-0.01953125,0.4140625,0.28473530145907555,0.19393939393939394,0.09079590751968161,-0.5773244500160218,0.013924062252044678,-0.5912485122680665
fresh,ukr_rus,2,lowest_sorted,memberctl_ukr_rus_lowest_sorted_s2,election2020,raw_center/prototype,-0.0,0.0,-0.0,-0.0,0.0,-0.0,-0.0,0.0,-0.0,-0.0,0.0,-0.0
fresh,ukr_rus,2,lowest_sorted,memberctl_ukr_rus_lowest_sorted_s2,election2020,raw_center/ridge,-0.0,0.0,-0.0,-0.0,0.0,-0.0,-0.0,0.0,-0.0,-0.0,0.0,-0.0
fresh,ukr_rus,2,lowest_sorted,memberctl_ukr_rus_lowest_sorted_s2,election2020,raw_context/prototype,-0.0,0.0,-0.0,-0.0,0.0,-0.0,-0.0,0.0,-0.0,-0.0,0.0,-0.0
fresh,ukr_rus,2,lowest_sorted,memberctl_ukr_rus_lowest_sorted_s2,election2020,raw_context/ridge,-0.0,0.0,-0.0,-0.0,0.0,-0.0,-0.0,0.0,-0.0,-0.0,0.0,-0.0
fresh,ukr_rus,2,lowest_sorted,memberctl_ukr_rus_lowest_sorted_s2,election2020,raw_joint/prototype,-0.0,0.0,-0.0,-0.0,0.0,-0.0,-0.0,0.0,-0.0,-0.0,0.0,-0.0
fresh,ukr_rus,2,lowest_sorted,memberctl_ukr_rus_lowest_sorted_s2,election2020,raw_joint/ridge,-0.0,0.0,-0.0,-0.0,0.0,-0.0,-0.0,0.0,-0.0,-0.0,0.0,-0.0
fresh,ukr_rus,2,lowest_sorted,memberctl_ukr_rus_lowest_sorted_s2,facebook_page_reference,M2_post_meta/prototype,0.11695671081542969,-0.09518623352050781,0.2121429443359375,0.087890625,-0.068359375,0.15625,0.07840361527781559,-0.07194719471947186,0.15035080999728745,-0.03124821186065674,-0.00013321638107299805,-0.03111499547958374
fresh,ukr_rus,2,lowest_sorted,memberctl_ukr_rus_lowest_sorted_s2,facebook_page_reference,M2_post_meta/ridge,0.12026596069335938,-0.08743095397949219,0.20769691467285156,0.0927734375,-0.072265625,0.1650390625,0.08894795931186728,-0.07305034550839085,0.16199830482025812,-0.07226336002349854,-0.0012734532356262207,-0.07098990678787231
fresh,ukr_rus,2,lowest_sorted,memberctl_ukr_rus_lowest_sorted_s2,facebook_page_reference,S0_conv_center/prototype,-0.0,0.0,-0.0,-0.0,0.0,-0.0,-0.0,0.0,-0.0,-0.0,0.0,-0.0
fresh,ukr_rus,2,lowest_sorted,memberctl_ukr_rus_lowest_sorted_s2,facebook_page_reference,S0_conv_center/ridge,-0.0,0.0,-0.0,-0.0,0.0,-0.0,-0.0,0.0,-0.0,-0.0,0.0,-0.0
fresh,ukr_rus,2,lowest_sorted,memberctl_ukr_rus_lowest_sorted_s2,facebook_page_reference,S0_pool/prototype,-0.0,0.0,-0.0,-0.0,0.0,-0.0,-0.0,0.0,-0.0,-0.0,0.0,-0.0
fresh,ukr_rus,2,lowest_sorted,memberctl_ukr_rus_lowest_sorted_s2,facebook_page_reference,S0_pool/ridge,-0.0,0.0,-0.0,-0.0,0.0,-0.0,-0.0,0.0,-0.0,-0.0,0.0,-0.0
fresh,ukr_rus,2,lowest_sorted,memberctl_ukr_rus_lowest_sorted_s2,facebook_page_reference,U1_pre_meta/prototype,-0.05761528015136719,-0.10186386108398438,0.04424858093261719,-0.0615234375,-0.0849609375,0.0234375,-0.05961830837082693,-0.08638042545957514,0.026762117088748205,0.002265334129333496,0.00035387277603149414,0.001911461353302002
fresh,ukr_rus,2,lowest_sorted,memberctl_ukr_rus_lowest_sorted_s2,facebook_page_reference,U1_pre_meta/ridge,-0.05918121337890625,-0.10272407531738281,0.04354286193847656,-0.06640625,-0.0810546875,0.0146484375,-0.06601317502268156,-0.08300975562638846,0.0169965806037069,0.010564863681793213,0.003255903720855713,0.0073089599609375
fresh,ukr_rus,2,lowest_sorted,memberctl_ukr_rus_lowest_sorted_s2,facebook_page_reference,final_input/prototype,0.11695671081542969,-0.09518623352050781,0.2121429443359375,0.087890625,-0.068359375,0.15625,0.07840361527781559,-0.07194719471947186,0.15035080999728745,-0.03124821186065674,-0.00013321638107299805,-0.03111499547958374
fresh,ukr_rus,2,lowest_sorted,memberctl_ukr_rus_lowest_sorted_s2,facebook_page_reference,final_input/ridge,0.12026596069335938,-0.08743095397949219,0.20769691467285156,0.0927734375,-0.072265625,0.1650390625,0.08894795931186728,-0.07305034550839085,0.16199830482025812,-0.07226336002349854,-0.0012734532356262207,-0.07098990678787231
fresh,ukr_rus,2,lowest_sorted,memberctl_ukr_rus_lowest_sorted_s2,facebook_page_reference,full_model,0.0736846923828125,-0.0022506713867186945,0.0759353637695312,0.0556640625,0.0107421875,0.044921875,0.04967485020476736,9.34061359709748e-05,0.04958144406879639,0.2255290150642395,0.00013440847396850586,0.225394606590271
fresh,ukr_rus,2,lowest_sorted,memberctl_ukr_rus_lowest_sorted_s2,facebook_page_reference,raw_center/prototype,1.1102230246251565e-16,-1.1102230246251565e-16,2.220446049250313e-16,-0.0,0.0,-0.0,-0.0,0.0,-0.0,-0.0,0.0,-0.0
fresh,ukr_rus,2,lowest_sorted,memberctl_ukr_rus_lowest_sorted_s2,facebook_page_reference,raw_center/ridge,-0.0,0.0,-0.0,-0.0,0.0,-0.0,-0.0,0.0,-0.0,-0.0,0.0,-0.0
fresh,ukr_rus,2,lowest_sorted,memberctl_ukr_rus_lowest_sorted_s2,facebook_page_reference,raw_context/prototype,-0.0,0.0,-0.0,-0.0,0.0,-0.0,-0.0,0.0,-0.0,-0.0,0.0,-0.0
fresh,ukr_rus,2,lowest_sorted,memberctl_ukr_rus_lowest_sorted_s2,facebook_page_reference,raw_context/ridge,-0.0,0.0,-0.0,-0.0,0.0,-0.0,-0.0,0.0,-0.0,-0.0,0.0,-0.0
fresh,ukr_rus,2,lowest_sorted,memberctl_ukr_rus_lowest_sorted_s2,facebook_page_reference,raw_joint/prototype,-0.0,0.0,-0.0,-0.0,0.0,-0.0,-0.0,0.0,-0.0,-0.0,0.0,-0.0
fresh,ukr_rus,2,lowest_sorted,memberctl_ukr_rus_lowest_sorted_s2,facebook_page_reference,raw_joint/ridge,1.1102230246251565e-16,-1.1102230246251565e-16,2.220446049250313e-16,-0.0,0.0,-0.0,-0.0,0.0,-0.0,-0.0,0.0,-0.0
fresh,ukr_rus,2,lowest_sorted,memberctl_ukr_rus_lowest_sorted_s2,twibot20,M2_post_meta/prototype,0.1680340237087673,-0.004948510064019085,0.17298253377278638,0.05078125,-0.0032552083333332593,0.05403645833333326,0.5071428571428571,-0.006947521513092192,0.5140903786559493,-0.007241785526275635,-0.0010804533958435059,-0.006161332130432129
fresh,ukr_rus,2,lowest_sorted,memberctl_ukr_rus_lowest_sorted_s2,twibot20,M2_post_meta/ridge,0.1553906334771049,-0.004387537638346317,0.15977817111545123,0.04069010416666663,-0.00423177083333337,0.044921875,0.5347840422024398,-0.007861039457421115,0.5426450816598609,-0.022545039653778076,-0.007952332496643066,-0.01459270715713501
fresh,ukr_rus,2,lowest_sorted,memberctl_ukr_rus_lowest_sorted_s2,twibot20,S0_conv_center/prototype,-0.0,0.0,-0.0,-0.0,0.0,-0.0,-0.0,0.0,-0.0,-0.0,0.0,-0.0
fresh,ukr_rus,2,lowest_sorted,memberctl_ukr_rus_lowest_sorted_s2,twibot20,S0_conv_center/ridge,-0.0,0.0,-0.0,-0.0,0.0,-0.0,-0.0,0.0,-0.0,-0.0,0.0,-0.0
fresh,ukr_rus,2,lowest_sorted,memberctl_ukr_rus_lowest_sorted_s2,twibot20,S0_pool/prototype,-0.0,0.0,-0.0,-0.0,0.0,-0.0,-0.0,0.0,-0.0,-0.0,0.0,-0.0
fresh,ukr_rus,2,lowest_sorted,memberctl_ukr_rus_lowest_sorted_s2,twibot20,S0_pool/ridge,-0.0,0.0,-0.0,-0.0,0.0,-0.0,-0.0,0.0,-0.0,-0.0,0.0,-0.0
fresh,ukr_rus,2,lowest_sorted,memberctl_ukr_rus_lowest_sorted_s2,twibot20,U1_pre_meta/prototype,-0.0168170928955077,-0.005088382297092076,-0.011728710598415626,-0.02213541666666663,-0.004557291666666741,-0.01757812499999989,-0.021546815137689745,-0.006621103395296979,-0.014925711742392767,0.0018559694290161133,0.001741170883178711,0.00011479854583740234
fresh,ukr_rus,2,lowest_sorted,memberctl_ukr_rus_lowest_sorted_s2,twibot20,U1_pre_meta/ridge,-0.0033543904622393983,-0.005890104505750893,0.0025357140435114944,-0.00423177083333337,-0.0048828125,0.0006510416666666297,-0.002587318351119583,-0.007162052383031914,0.004574734031912331,0.0018333196640014648,0.006968080997467041,-0.005134761333465576
fresh,ukr_rus,2,lowest_sorted,memberctl_ukr_rus_lowest_sorted_s2,twibot20,final_input/prototype,0.1680340237087673,-0.004948510064019085,0.17298253377278638,0.05078125,-0.0032552083333332593,0.05403645833333326,0.5071428571428571,-0.006947521513092192,0.5140903786559493,-0.007241785526275635,-0.0010804533958435059,-0.006161332130432129
fresh,ukr_rus,2,lowest_sorted,memberctl_ukr_rus_lowest_sorted_s2,twibot20,final_input/ridge,0.1553906334771049,-0.004387537638346317,0.15977817111545123,0.04069010416666663,-0.00423177083333337,0.044921875,0.5347840422024398,-0.007861039457421115,0.5426450816598609,-0.022545039653778076,-0.007952332496643066,-0.01459270715713501
fresh,ukr_rus,2,lowest_sorted,memberctl_ukr_rus_lowest_sorted_s2,twibot20,full_model,0.019236670600043415,0.14355871412489163,-0.12432204352484821,0.01204427083333337,0.0,0.01204427083333337,0.04436638524270253,0.0,0.04436638524270253,0.2808220386505126,-0.01144874095916748,0.29227077960968006
fresh,ukr_rus,2,lowest_sorted,memberctl_ukr_rus_lowest_sorted_s2,twibot20,raw_center/prototype,-0.0,0.0,-0.0,-0.0,0.0,-0.0,-5.551115123125783e-17,5.551115123125783e-17,-1.1102230246251565e-16,-0.0,0.0,-0.0
fresh,ukr_rus,2,lowest_sorted,memberctl_ukr_rus_lowest_sorted_s2,twibot20,raw_center/ridge,-0.0,0.0,-0.0,-0.0,0.0,-0.0,-5.551115123125783e-17,5.551115123125783e-17,-1.1102230246251565e-16,-0.0,0.0,-0.0
fresh,ukr_rus,2,lowest_sorted,memberctl_ukr_rus_lowest_sorted_s2,twibot20,raw_context/prototype,-0.0,0.0,-0.0,-0.0,0.0,-0.0,-0.0,0.0,-0.0,-0.0,0.0,-0.0
fresh,ukr_rus,2,lowest_sorted,memberctl_ukr_rus_lowest_sorted_s2,twibot20,raw_context/ridge,-0.0,0.0,-0.0,-0.0,0.0,-0.0,-0.0,0.0,-0.0,-0.0,0.0,-0.0
fresh,ukr_rus,2,lowest_sorted,memberctl_ukr_rus_lowest_sorted_s2,twibot20,raw_joint/prototype,-0.0,0.0,-0.0,-0.0,0.0,-0.0,-0.0,0.0,-0.0,-0.0,0.0,-0.0
fresh,ukr_rus,2,lowest_sorted,memberctl_ukr_rus_lowest_sorted_s2,twibot20,raw_joint/ridge,-0.0,0.0,-0.0,-0.0,0.0,-0.0,-0.0,0.0,-0.0,-0.0,0.0,-0.0
fresh,ukr_rus,2,lowest_sorted,memberctl_ukr_rus_lowest_sorted_s2,ukr_rus_suspended,M2_post_meta/prototype,-0.04461669921875,-0.0093994140625,-0.03521728515625,-0.01171875,-0.01171875,0.0,0.3787781350482315,-0.009637488947833672,0.38841562399606516,-0.0007916092872619629,-3.55839729309082e-05,-0.0007560253143310547
fresh,ukr_rus,2,lowest_sorted,memberctl_ukr_rus_lowest_sorted_s2,ukr_rus_suspended,M2_post_meta/ridge,-0.04595947265625,-0.009552001953125,-0.036407470703125,0.00390625,-0.01171875,0.015625,0.3752508361204013,-0.017284025096525046,0.3925348612169263,0.023669421672821045,-0.0002942681312561035,0.02396368980407715
fresh,ukr_rus,2,lowest_sorted,memberctl_ukr_rus_lowest_sorted_s2,ukr_rus_suspended,S0_conv_center/prototype,-0.0,0.0,-0.0,-0.0,0.0,-0.0,-0.0,5.551115123125783e-17,-5.551115123125783e-17,-0.0,0.0,-0.0
fresh,ukr_rus,2,lowest_sorted,memberctl_ukr_rus_lowest_sorted_s2,ukr_rus_suspended,S0_conv_center/ridge,-0.0,0.0,-0.0,-0.0,0.0,-0.0,-0.0,0.0,-0.0,-0.0,0.0,-0.0
fresh,ukr_rus,2,lowest_sorted,memberctl_ukr_rus_lowest_sorted_s2,ukr_rus_suspended,S0_pool/prototype,-0.0,0.0,-0.0,-0.0,0.0,-0.0,-0.0,0.0,-0.0,-0.0,0.0,-0.0
fresh,ukr_rus,2,lowest_sorted,memberctl_ukr_rus_lowest_sorted_s2,ukr_rus_suspended,S0_pool/ridge,-0.0,0.0,-0.0,-0.0,0.0,-0.0,-0.0,0.0,-0.0,-0.0,0.0,-0.0
fresh,ukr_rus,2,lowest_sorted,memberctl_ukr_rus_lowest_sorted_s2,ukr_rus_suspended,U1_pre_meta/prototype,0.00238037109375,-0.01275634765625,0.01513671875,0.0078125,-0.03125,0.0390625,0.02346590458045572,-0.04276196244700187,0.06622786702745759,0.0006012320518493652,3.534555435180664e-05,0.0005658864974975586
fresh,ukr_rus,2,lowest_sorted,memberctl_ukr_rus_lowest_sorted_s2,ukr_rus_suspended,U1_pre_meta/ridge,-0.01739501953125,-0.0091552734375,-0.00823974609375,-0.01953125,-0.0390625,0.01953125,0.0017966223499820133,-0.046097402213148675,0.04789402456313069,0.0014794468879699707,0.000141143798828125,0.0013383030891418457
fresh,ukr_rus,2,lowest_sorted,memberctl_ukr_rus_lowest_sorted_s2,ukr_rus_suspended,final_input/prototype,-0.04461669921875,-0.0093994140625,-0.03521728515625,-0.01171875,-0.01171875,0.0,0.3787781350482315,-0.009637488947833672,0.38841562399606516,-0.0007916092872619629,-3.55839729309082e-05,-0.0007560253143310547
fresh,ukr_rus,2,lowest_sorted,memberctl_ukr_rus_lowest_sorted_s2,ukr_rus_suspended,final_input/ridge,-0.04595947265625,-0.009552001953125,-0.036407470703125,0.00390625,-0.01171875,0.015625,0.3752508361204013,-0.017284025096525046,0.3925348612169263,0.023669421672821045,-0.0002942681312561035,0.02396368980407715
fresh,ukr_rus,2,lowest_sorted,memberctl_ukr_rus_lowest_sorted_s2,ukr_rus_suspended,full_model,0.03778076171875,-0.020904541015625,0.058685302734375,0.0234375,0.00390625,0.01953125,0.16990214646464646,0.0,0.16990214646464646,0.19889867305755615,0.007446408271789551,0.1914522647857666
fresh,ukr_rus,2,lowest_sorted,memberctl_ukr_rus_lowest_sorted_s2,ukr_rus_suspended,raw_center/prototype,-0.0,0.0,-0.0,-0.0,0.0,-0.0,-0.0,0.0,-0.0,-0.0,0.0,-0.0
fresh,ukr_rus,2,lowest_sorted,memberctl_ukr_rus_lowest_sorted_s2,ukr_rus_suspended,raw_center/ridge,-0.0,0.0,-0.0,-0.0,0.0,-0.0,-0.0,0.0,-0.0,-0.0,0.0,-0.0
fresh,ukr_rus,2,lowest_sorted,memberctl_ukr_rus_lowest_sorted_s2,ukr_rus_suspended,raw_context/prototype,-0.0,0.0,-0.0,-0.0,0.0,-0.0,-0.0,0.0,-0.0,-0.0,0.0,-0.0
fresh,ukr_rus,2,lowest_sorted,memberctl_ukr_rus_lowest_sorted_s2,ukr_rus_suspended,raw_context/ridge,-0.0,0.0,-0.0,-0.0,0.0,-0.0,-0.0,0.0,-0.0,-0.0,0.0,-0.0
fresh,ukr_rus,2,lowest_sorted,memberctl_ukr_rus_lowest_sorted_s2,ukr_rus_suspended,raw_joint/prototype,-0.0,0.0,-0.0,-0.0,0.0,-0.0,-0.0,0.0,-0.0,-0.0,0.0,-0.0
fresh,ukr_rus,2,lowest_sorted,memberctl_ukr_rus_lowest_sorted_s2,ukr_rus_suspended,raw_joint/ridge,-0.0,0.0,-0.0,-0.0,0.0,-0.0,-0.0,0.0,-0.0,-0.0,0.0,-0.0
fresh,ukr_rus,2,uniform_shuffled,memberctl_ukr_rus_uniform_shuffled_s2,covid_political,M2_post_meta/prototype,0.31541612413194453,0.06168054651331012,0.2537355776186344,-0.17838541666666663,-0.01985677083333337,-0.15852864583333326,0.1129015163876364,0.06300682691570997,0.049894689471926434,-0.02932584285736084,-0.0003381967544555664,-0.028987646102905273
fresh,ukr_rus,2,uniform_shuffled,memberctl_ukr_rus_uniform_shuffled_s2,covid_political,M2_post_meta/ridge,0.31210637975622124,0.06458678068938073,0.2475195990668405,-0.0908203125,-0.02018229166666674,-0.07063802083333326,0.16083060984014758,0.05682180438655332,0.10400880545359426,-0.04723304510116577,-0.0031545162200927734,-0.044078528881073
fresh,ukr_rus,2,uniform_shuffled,memberctl_ukr_rus_uniform_shuffled_s2,covid_political,S0_conv_center/prototype,-0.0,0.0,-0.0,-0.0,0.0,-0.0,-0.0,0.0,-0.0,-0.0,0.0,-0.0
fresh,ukr_rus,2,uniform_shuffled,memberctl_ukr_rus_uniform_shuffled_s2,covid_political,S0_conv_center/ridge,-0.0,0.0,-0.0,-0.0,0.0,-0.0,-0.0,0.0,-0.0,-0.0,0.0,-0.0
fresh,ukr_rus,2,uniform_shuffled,memberctl_ukr_rus_uniform_shuffled_s2,covid_political,S0_pool/prototype,1.1102230246251565e-16,0.0,1.1102230246251565e-16,-0.0,0.0,-0.0,-0.0,0.0,-0.0,-0.0,0.0,-0.0
fresh,ukr_rus,2,uniform_shuffled,memberctl_ukr_rus_uniform_shuffled_s2,covid_political,S0_pool/ridge,-1.1102230246251565e-16,0.0,-1.1102230246251565e-16,-0.0,0.0,-0.0,-0.0,0.0,-0.0,-0.0,0.0,-0.0
fresh,ukr_rus,2,uniform_shuffled,memberctl_ukr_rus_uniform_shuffled_s2,covid_political,U1_pre_meta/prototype,0.025761922200520537,0.0530895657009548,-0.027327643500434262,0.0458984375,-0.0224609375,0.068359375,0.07230704108639863,0.04295058923745976,0.02935645184893887,-0.008988022804260254,0.0007417798042297363,-0.00972980260848999
fresh,ukr_rus,2,uniform_shuffled,memberctl_ukr_rus_uniform_shuffled_s2,covid_political,U1_pre_meta/ridge,0.024204960575809786,0.04140274612991901,-0.017197785554109224,0.0439453125,-0.0234375,0.0673828125,0.06950470454120083,0.031610262231821395,0.03789444230937944,-0.04138946533203125,0.005237281322479248,-0.0466267466545105
fresh,ukr_rus,2,uniform_shuffled,memberctl_ukr_rus_uniform_shuffled_s2,covid_political,final_input/prototype,0.31541612413194453,0.06168054651331012,0.2537355776186344,-0.17838541666666663,-0.01985677083333337,-0.15852864583333326,0.1129015163876364,0.06300682691570997,0.049894689471926434,-0.02932584285736084,-0.0003381967544555664,-0.028987646102905273
fresh,ukr_rus,2,uniform_shuffled,memberctl_ukr_rus_uniform_shuffled_s2,covid_political,final_input/ridge,0.31210637975622124,0.06458678068938073,0.2475195990668405,-0.0908203125,-0.02018229166666674,-0.07063802083333326,0.16083060984014758,0.05682180438655332,0.10400880545359426,-0.04723304510116577,-0.0031545162200927734,-0.044078528881073
fresh,ukr_rus,2,uniform_shuffled,memberctl_ukr_rus_uniform_shuffled_s2,covid_political,full_model,0.10865077265986711,-0.12227743643301509,0.2309282090928822,0.19986979166666674,0.0,0.19986979166666674,0.21359128712375197,0.0,0.21359128712375197,-0.30580753087997437,-0.05703473091125488,-0.24877279996871948
fresh,ukr_rus,2,uniform_shuffled,memberctl_ukr_rus_uniform_shuffled_s2,covid_political,raw_center/prototype,-0.0,0.0,-0.0,-0.0,0.0,-0.0,-0.0,0.0,-0.0,-0.0,0.0,-0.0
fresh,ukr_rus,2,uniform_shuffled,memberctl_ukr_rus_uniform_shuffled_s2,covid_political,raw_center/ridge,-0.0,0.0,-0.0,-0.0,0.0,-0.0,-0.0,0.0,-0.0,-0.0,0.0,-0.0
fresh,ukr_rus,2,uniform_shuffled,memberctl_ukr_rus_uniform_shuffled_s2,covid_political,raw_context/prototype,-1.1102230246251565e-16,1.1102230246251565e-16,-2.220446049250313e-16,-0.0,0.0,-0.0,-0.0,0.0,-0.0,-0.0,0.0,-0.0
fresh,ukr_rus,2,uniform_shuffled,memberctl_ukr_rus_uniform_shuffled_s2,covid_political,raw_context/ridge,-0.0,0.0,-0.0,-0.0,0.0,-0.0,-0.0,0.0,-0.0,-0.0,0.0,-0.0
fresh,ukr_rus,2,uniform_shuffled,memberctl_ukr_rus_uniform_shuffled_s2,covid_political,raw_joint/prototype,-0.0,0.0,-0.0,-0.0,0.0,-0.0,-0.0,0.0,-0.0,-0.0,0.0,-0.0
fresh,ukr_rus,2,uniform_shuffled,memberctl_ukr_rus_uniform_shuffled_s2,covid_political,raw_joint/ridge,-0.0,0.0,-0.0,-0.0,0.0,-0.0,-0.0,0.0,-0.0,-0.0,0.0,-0.0
fresh,ukr_rus,2,uniform_shuffled,memberctl_ukr_rus_uniform_shuffled_s2,election2020,M2_post_meta/prototype,0.37353515625,0.002838134765625,0.370697021484375,-0.0234375,0.0078125,-0.03125,0.29631995911065684,0.0074349442379182396,0.2888850148727386,-0.10722285509109497,-4.947185516357422e-05,-0.1071733832359314
fresh,ukr_rus,2,uniform_shuffled,memberctl_ukr_rus_uniform_shuffled_s2,election2020,M2_post_meta/ridge,0.3741455078125,0.00494384765625,0.36920166015625,0.02734375,0.00390625,0.0234375,0.32236798515868287,0.00496587693502748,0.3174021082236554,-0.1502368450164795,-0.00047147274017333984,-0.14976537227630615
fresh,ukr_rus,2,uniform_shuffled,memberctl_ukr_rus_uniform_shuffled_s2,election2020,S0_conv_center/prototype,-0.0,0.0,-0.0,-0.0,0.0,-0.0,-0.0,0.0,-0.0,-0.0,0.0,-0.0
fresh,ukr_rus,2,uniform_shuffled,memberctl_ukr_rus_uniform_shuffled_s2,election2020,S0_conv_center/ridge,-0.0,0.0,-0.0,-0.0,0.0,-0.0,-0.0,0.0,-0.0,-0.0,0.0,-0.0
fresh,ukr_rus,2,uniform_shuffled,memberctl_ukr_rus_uniform_shuffled_s2,election2020,S0_pool/prototype,-0.0,0.0,-0.0,-0.0,0.0,-0.0,-0.0,0.0,-0.0,-0.0,0.0,-0.0
fresh,ukr_rus,2,uniform_shuffled,memberctl_ukr_rus_uniform_shuffled_s2,election2020,S0_pool/ridge,-0.0,0.0,-0.0,-0.0,0.0,-0.0,-0.0,0.0,-0.0,-0.0,0.0,-0.0
fresh,ukr_rus,2,uniform_shuffled,memberctl_ukr_rus_uniform_shuffled_s2,election2020,U1_pre_meta/prototype,0.01983642578125,0.0064697265625,0.01336669921875,0.046875,0.00390625,0.04296875,0.04780652418447695,0.007407407407407418,0.04039911677706953,-0.018824994564056396,0.0009354948997497559,-0.019760489463806152
fresh,ukr_rus,2,uniform_shuffled,memberctl_ukr_rus_uniform_shuffled_s2,election2020,U1_pre_meta/ridge,0.01629638671875,-0.02215576171875,0.0384521484375,0.03125,-0.00390625,0.03515625,0.031933508311461134,-0.004911004992402823,0.03684451330386396,-0.06988197565078735,0.007636368274688721,-0.07751834392547607
fresh,ukr_rus,2,uniform_shuffled,memberctl_ukr_rus_uniform_shuffled_s2,election2020,final_input/prototype,0.37353515625,0.002838134765625,0.370697021484375,-0.0234375,0.0078125,-0.03125,0.29631995911065684,0.0074349442379182396,0.2888850148727386,-0.10722285509109497,-4.947185516357422e-05,-0.1071733832359314
fresh,ukr_rus,2,uniform_shuffled,memberctl_ukr_rus_uniform_shuffled_s2,election2020,final_input/ridge,0.3741455078125,0.00494384765625,0.36920166015625,0.02734375,0.00390625,0.0234375,0.32236798515868287,0.00496587693502748,0.3174021082236554,-0.1502368450164795,-0.00047147274017333984,-0.14976537227630615
fresh,ukr_rus,2,uniform_shuffled,memberctl_ukr_rus_uniform_shuffled_s2,election2020,full_model,0.0880126953125,-0.0057373046875,0.09375,0.1640625,0.0,0.1640625,0.1418951941352159,0.0,0.1418951941352159,-0.5734433680772781,0.02526545524597168,-0.5987088233232498
fresh,ukr_rus,2,uniform_shuffled,memberctl_ukr_rus_uniform_shuffled_s2,election2020,raw_center/prototype,-0.0,0.0,-0.0,-0.0,0.0,-0.0,-0.0,0.0,-0.0,-0.0,0.0,-0.0
fresh,ukr_rus,2,uniform_shuffled,memberctl_ukr_rus_uniform_shuffled_s2,election2020,raw_center/ridge,-0.0,0.0,-0.0,-0.0,0.0,-0.0,-0.0,0.0,-0.0,-0.0,0.0,-0.0
fresh,ukr_rus,2,uniform_shuffled,memberctl_ukr_rus_uniform_shuffled_s2,election2020,raw_context/prototype,-0.0,0.0,-0.0,-0.0,0.0,-0.0,-0.0,0.0,-0.0,-0.0,0.0,-0.0
fresh,ukr_rus,2,uniform_shuffled,memberctl_ukr_rus_uniform_shuffled_s2,election2020,raw_context/ridge,-0.0,0.0,-0.0,-0.0,0.0,-0.0,-0.0,0.0,-0.0,-0.0,0.0,-0.0
fresh,ukr_rus,2,uniform_shuffled,memberctl_ukr_rus_uniform_shuffled_s2,election2020,raw_joint/prototype,-0.0,0.0,-0.0,-0.0,0.0,-0.0,-0.0,0.0,-0.0,-0.0,0.0,-0.0
fresh,ukr_rus,2,uniform_shuffled,memberctl_ukr_rus_uniform_shuffled_s2,election2020,raw_joint/ridge,-0.0,0.0,-0.0,-0.0,0.0,-0.0,-0.0,0.0,-0.0,-0.0,0.0,-0.0
fresh,ukr_rus,2,uniform_shuffled,memberctl_ukr_rus_uniform_shuffled_s2,facebook_page_reference,M2_post_meta/prototype,0.0773773193359375,-0.06812477111816406,0.14550209045410156,0.0478515625,-0.0751953125,0.123046875,0.06209917567643497,-0.07582597317631656,0.13792514885275153,-0.03642338514328003,-0.00012499094009399414,-0.036298394203186035
fresh,ukr_rus,2,uniform_shuffled,memberctl_ukr_rus_uniform_shuffled_s2,facebook_page_reference,M2_post_meta/ridge,0.08322906494140625,-0.06060981750488281,0.14383888244628906,0.0654296875,-0.072265625,0.1376953125,0.08233785677879712,-0.06775475667632724,0.15009261345512437,-0.07214874029159546,-0.0012031197547912598,-0.0709456205368042
fresh,ukr_rus,2,uniform_shuffled,memberctl_ukr_rus_uniform_shuffled_s2,facebook_page_reference,S0_conv_center/prototype,-0.0,0.0,-0.0,-0.0,0.0,-0.0,-0.0,0.0,-0.0,-0.0,0.0,-0.0
fresh,ukr_rus,2,uniform_shuffled,memberctl_ukr_rus_uniform_shuffled_s2,facebook_page_reference,S0_conv_center/ridge,-0.0,0.0,-0.0,-0.0,0.0,-0.0,-0.0,0.0,-0.0,-0.0,0.0,-0.0
fresh,ukr_rus,2,uniform_shuffled,memberctl_ukr_rus_uniform_shuffled_s2,facebook_page_reference,S0_pool/prototype,-0.0,0.0,-0.0,-0.0,0.0,-0.0,-0.0,0.0,-0.0,-0.0,0.0,-0.0
fresh,ukr_rus,2,uniform_shuffled,memberctl_ukr_rus_uniform_shuffled_s2,facebook_page_reference,S0_pool/ridge,-0.0,0.0,-0.0,-0.0,0.0,-0.0,-0.0,0.0,-0.0,-0.0,0.0,-0.0
fresh,ukr_rus,2,uniform_shuffled,memberctl_ukr_rus_uniform_shuffled_s2,facebook_page_reference,U1_pre_meta/prototype,-0.053203582763671875,-0.08159255981445312,0.02838897705078125,-0.0380859375,-0.0830078125,0.044921875,-0.042537172971955584,-0.08111189542933772,0.03857472245738214,0.0024132132530212402,0.0003865361213684082,0.002026677131652832
fresh,ukr_rus,2,uniform_shuffled,memberctl_ukr_rus_uniform_shuffled_s2,facebook_page_reference,U1_pre_meta/ridge,-0.056629180908203125,-0.08319854736328125,0.026569366455078125,-0.0322265625,-0.083984375,0.0517578125,-0.03879718640985741,-0.08300398284313726,0.04420679643327985,0.009348034858703613,0.003548145294189453,0.00579988956451416
fresh,ukr_rus,2,uniform_shuffled,memberctl_ukr_rus_uniform_shuffled_s2,facebook_page_reference,final_input/prototype,0.0773773193359375,-0.06812477111816406,0.14550209045410156,0.0478515625,-0.0751953125,0.123046875,0.06209917567643497,-0.07582597317631656,0.13792514885275153,-0.03642338514328003,-0.00012499094009399414,-0.036298394203186035
fresh,ukr_rus,2,uniform_shuffled,memberctl_ukr_rus_uniform_shuffled_s2,facebook_page_reference,final_input/ridge,0.08322906494140625,-0.06060981750488281,0.14383888244628906,0.0654296875,-0.072265625,0.1376953125,0.08233785677879712,-0.06775475667632724,0.15009261345512437,-0.07214874029159546,-0.0012031197547912598,-0.0709456205368042
fresh,ukr_rus,2,uniform_shuffled,memberctl_ukr_rus_uniform_shuffled_s2,facebook_page_reference,full_model,0.0660552978515625,0.008501052856445368,0.05755424499511713,0.052734375,0.015625,0.037109375,0.05456996372072076,0.024828550587219722,0.029741413133501038,0.13886016607284546,-6.335973739624023e-05,0.1389235258102417
fresh,ukr_rus,2,uniform_shuffled,memberctl_ukr_rus_uniform_shuffled_s2,facebook_page_reference,raw_center/prototype,1.1102230246251565e-16,-1.1102230246251565e-16,2.220446049250313e-16,-0.0,0.0,-0.0,-0.0,0.0,-0.0,-0.0,0.0,-0.0
fresh,ukr_rus,2,uniform_shuffled,memberctl_ukr_rus_uniform_shuffled_s2,facebook_page_reference,raw_center/ridge,-0.0,0.0,-0.0,-0.0,0.0,-0.0,-0.0,0.0,-0.0,-0.0,0.0,-0.0
fresh,ukr_rus,2,uniform_shuffled,memberctl_ukr_rus_uniform_shuffled_s2,facebook_page_reference,raw_context/prototype,-0.0,0.0,-0.0,-0.0,0.0,-0.0,-0.0,0.0,-0.0,-0.0,0.0,-0.0
fresh,ukr_rus,2,uniform_shuffled,memberctl_ukr_rus_uniform_shuffled_s2,facebook_page_reference,raw_context/ridge,-0.0,0.0,-0.0,-0.0,0.0,-0.0,-0.0,0.0,-0.0,-0.0,0.0,-0.0
fresh,ukr_rus,2,uniform_shuffled,memberctl_ukr_rus_uniform_shuffled_s2,facebook_page_reference,raw_joint/prototype,-0.0,0.0,-0.0,-0.0,0.0,-0.0,-0.0,0.0,-0.0,-0.0,0.0,-0.0
fresh,ukr_rus,2,uniform_shuffled,memberctl_ukr_rus_uniform_shuffled_s2,facebook_page_reference,raw_joint/ridge,1.1102230246251565e-16,-1.1102230246251565e-16,2.220446049250313e-16,-0.0,0.0,-0.0,-0.0,0.0,-0.0,-0.0,0.0,-0.0
fresh,ukr_rus,2,uniform_shuffled,memberctl_ukr_rus_uniform_shuffled_s2,twibot20,M2_post_meta/prototype,0.14146232604980474,0.001319885253906361,0.14014244079589838,0.10286458333333331,0.0009765625,0.10188802083333331,0.12853508879998943,-0.002960145402197578,0.131495234202187,-0.013509929180145264,-0.0003185868263244629,-0.0131913423538208
fresh,ukr_rus,2,uniform_shuffled,memberctl_ukr_rus_uniform_shuffled_s2,twibot20,M2_post_meta/ridge,0.14629533555772567,0.0021762847900389515,0.14411905076768672,0.10384114583333331,-0.0013020833333333703,0.10514322916666669,0.15945993792623564,-0.0054532876054013135,0.16491322553163695,-0.02009725570678711,-0.002670764923095703,-0.017426490783691406
fresh,ukr_rus,2,uniform_shuffled,memberctl_ukr_rus_uniform_shuffled_s2,twibot20,S0_conv_center/prototype,-0.0,0.0,-0.0,-0.0,0.0,-0.0,-0.0,0.0,-0.0,-0.0,0.0,-0.0
fresh,ukr_rus,2,uniform_shuffled,memberctl_ukr_rus_uniform_shuffled_s2,twibot20,S0_conv_center/ridge,-0.0,0.0,-0.0,-0.0,0.0,-0.0,-0.0,0.0,-0.0,-0.0,0.0,-0.0
fresh,ukr_rus,2,uniform_shuffled,memberctl_ukr_rus_uniform_shuffled_s2,twibot20,S0_pool/prototype,-0.0,0.0,-0.0,-0.0,0.0,-0.0,-0.0,0.0,-0.0,-0.0,0.0,-0.0
fresh,ukr_rus,2,uniform_shuffled,memberctl_ukr_rus_uniform_shuffled_s2,twibot20,S0_pool/ridge,-0.0,0.0,-0.0,-0.0,0.0,-0.0,-0.0,0.0,-0.0,-0.0,0.0,-0.0
fresh,ukr_rus,2,uniform_shuffled,memberctl_ukr_rus_uniform_shuffled_s2,twibot20,U1_pre_meta/prototype,-0.026403850979275112,0.002790662977430469,-0.02919451395670558,-0.01692708333333337,-0.00390625,-0.01302083333333337,-0.018580055383178196,-0.007804400037409787,-0.010775655345768409,0.0021361112594604492,0.0032770633697509766,-0.0011409521102905273
fresh,ukr_rus,2,uniform_shuffled,memberctl_ukr_rus_uniform_shuffled_s2,twibot20,U1_pre_meta/ridge,-0.009819454616970535,0.0018872155083550224,-0.011706670125325558,0.001953125,-0.0029296875,0.0048828125,0.003710926304216988,-0.006139386756286558,0.009850313060503546,0.003063976764678955,0.01576995849609375,-0.012705981731414795
fresh,ukr_rus,2,uniform_shuffled,memberctl_ukr_rus_uniform_shuffled_s2,twibot20,final_input/prototype,0.14146232604980474,0.001319885253906361,0.14014244079589838,0.10286458333333331,0.0009765625,0.10188802083333331,0.12853508879998943,-0.002960145402197578,0.131495234202187,-0.013509929180145264,-0.0003185868263244629,-0.0131913423538208
fresh,ukr_rus,2,uniform_shuffled,memberctl_ukr_rus_uniform_shuffled_s2,twibot20,final_input/ridge,0.14629533555772567,0.0021762847900389515,0.14411905076768672,0.10384114583333331,-0.0013020833333333703,0.10514322916666669,0.15945993792623564,-0.0054532876054013135,0.16491322553163695,-0.02009725570678711,-0.002670764923095703,-0.017426490783691406
fresh,ukr_rus,2,uniform_shuffled,memberctl_ukr_rus_uniform_shuffled_s2,twibot20,full_model,0.03714519076877165,-0.16395590040418834,0.20110109117296,0.03125,0.0,0.03125,-0.03804965941529537,0.0,-0.03804965941529537,0.24147439002990712,0.0657804012298584,0.17569398880004872
fresh,ukr_rus,2,uniform_shuffled,memberctl_ukr_rus_uniform_shuffled_s2,twibot20,raw_center/prototype,-0.0,0.0,-0.0,-0.0,0.0,-0.0,-5.551115123125783e-17,5.551115123125783e-17,-1.1102230246251565e-16,-0.0,0.0,-0.0
fresh,ukr_rus,2,uniform_shuffled,memberctl_ukr_rus_uniform_shuffled_s2,twibot20,raw_center/ridge,-0.0,0.0,-0.0,-0.0,0.0,-0.0,-5.551115123125783e-17,5.551115123125783e-17,-1.1102230246251565e-16,-0.0,0.0,-0.0
fresh,ukr_rus,2,uniform_shuffled,memberctl_ukr_rus_uniform_shuffled_s2,twibot20,raw_context/prototype,-0.0,0.0,-0.0,-0.0,0.0,-0.0,-0.0,0.0,-0.0,-0.0,0.0,-0.0
fresh,ukr_rus,2,uniform_shuffled,memberctl_ukr_rus_uniform_shuffled_s2,twibot20,raw_context/ridge,-0.0,0.0,-0.0,-0.0,0.0,-0.0,-0.0,0.0,-0.0,-0.0,0.0,-0.0
fresh,ukr_rus,2,uniform_shuffled,memberctl_ukr_rus_uniform_shuffled_s2,twibot20,raw_joint/prototype,-0.0,0.0,-0.0,-0.0,0.0,-0.0,-0.0,0.0,-0.0,-0.0,0.0,-0.0
fresh,ukr_rus,2,uniform_shuffled,memberctl_ukr_rus_uniform_shuffled_s2,twibot20,raw_joint/ridge,-0.0,0.0,-0.0,-0.0,0.0,-0.0,-0.0,0.0,-0.0,-0.0,0.0,-0.0
fresh,ukr_rus,2,uniform_shuffled,memberctl_ukr_rus_uniform_shuffled_s2,ukr_rus_suspended,M2_post_meta/prototype,0.04522705078125,0.0067138671875,0.03851318359375,-0.0078125,0.01171875,-0.01953125,-0.1626601842681792,-0.0015506232897536387,-0.16110956097842555,-0.00030922889709472656,-2.378225326538086e-05,-0.0002854466438293457
fresh,ukr_rus,2,uniform_shuffled,memberctl_ukr_rus_uniform_shuffled_s2,ukr_rus_suspended,M2_post_meta/ridge,0.05035400390625,0.010040283203125,0.040313720703125,0.0078125,-0.00390625,0.01171875,-0.15860338913633343,-0.005716680135284702,-0.15288670900104873,0.010045468807220459,-0.00022202730178833008,0.010267496109008789
fresh,ukr_rus,2,uniform_shuffled,memberctl_ukr_rus_uniform_shuffled_s2,ukr_rus_suspended,S0_conv_center/prototype,-0.0,0.0,-0.0,-0.0,0.0,-0.0,-0.0,5.551115123125783e-17,-5.551115123125783e-17,-0.0,0.0,-0.0
fresh,ukr_rus,2,uniform_shuffled,memberctl_ukr_rus_uniform_shuffled_s2,ukr_rus_suspended,S0_conv_center/ridge,-0.0,0.0,-0.0,-0.0,0.0,-0.0,-0.0,0.0,-0.0,-0.0,0.0,-0.0
fresh,ukr_rus,2,uniform_shuffled,memberctl_ukr_rus_uniform_shuffled_s2,ukr_rus_suspended,S0_pool/prototype,-0.0,0.0,-0.0,-0.0,0.0,-0.0,-0.0,0.0,-0.0,-0.0,0.0,-0.0
fresh,ukr_rus,2,uniform_shuffled,memberctl_ukr_rus_uniform_shuffled_s2,ukr_rus_suspended,S0_pool/ridge,-0.0,0.0,-0.0,-0.0,0.0,-0.0,-0.0,0.0,-0.0,-0.0,0.0,-0.0
fresh,ukr_rus,2,uniform_shuffled,memberctl_ukr_rus_uniform_shuffled_s2,ukr_rus_suspended,U1_pre_meta/prototype,0.069183349609375,0.01416015625,0.055023193359375,0.046875,-0.015625,0.0625,0.047619047619047616,-0.019200954084675037,0.06682000170372265,-0.0022035837173461914,6.192922592163086e-05,-0.0022655129432678223
fresh,ukr_rus,2,uniform_shuffled,memberctl_ukr_rus_uniform_shuffled_s2,ukr_rus_suspended,U1_pre_meta/ridge,0.0604248046875,0.0184326171875,0.0419921875,0.03515625,0.00390625,0.03125,0.02992753395865355,-0.0016210321553833396,0.03154856611403689,-0.013829231262207031,0.00029593706130981445,-0.014125168323516846
fresh,ukr_rus,2,uniform_shuffled,memberctl_ukr_rus_uniform_shuffled_s2,ukr_rus_suspended,final_input/prototype,0.04522705078125,0.0067138671875,0.03851318359375,-0.0078125,0.01171875,-0.01953125,-0.1626601842681792,-0.0015506232897536387,-0.16110956097842555,-0.00030922889709472656,-2.378225326538086e-05,-0.0002854466438293457
fresh,ukr_rus,2,uniform_shuffled,memberctl_ukr_rus_uniform_shuffled_s2,ukr_rus_suspended,final_input/ridge,0.05035400390625,0.010040283203125,0.040313720703125,0.0078125,-0.00390625,0.01171875,-0.15860338913633343,-0.005716680135284702,-0.15288670900104873,0.010045468807220459,-0.00022202730178833008,0.010267496109008789
fresh,ukr_rus,2,uniform_shuffled,memberctl_ukr_rus_uniform_shuffled_s2,ukr_rus_suspended,full_model,0.049041748046875,-0.065338134765625,0.1143798828125,0.02734375,0.00390625,0.0234375,-0.04429433745329131,0.6666666666666666,-0.7109610041199579,0.1181536316871643,0.00810319185256958,0.11005043983459473
fresh,ukr_rus,2,uniform_shuffled,memberctl_ukr_rus_uniform_shuffled_s2,ukr_rus_suspended,raw_center/prototype,-0.0,0.0,-0.0,-0.0,0.0,-0.0,-0.0,0.0,-0.0,-0.0,0.0,-0.0
fresh,ukr_rus,2,uniform_shuffled,memberctl_ukr_rus_uniform_shuffled_s2,ukr_rus_suspended,raw_center/ridge,-0.0,0.0,-0.0,-0.0,0.0,-0.0,-0.0,0.0,-0.0,-0.0,0.0,-0.0
fresh,ukr_rus,2,uniform_shuffled,memberctl_ukr_rus_uniform_shuffled_s2,ukr_rus_suspended,raw_context/prototype,-0.0,0.0,-0.0,-0.0,0.0,-0.0,-0.0,0.0,-0.0,-0.0,0.0,-0.0
fresh,ukr_rus,2,uniform_shuffled,memberctl_ukr_rus_uniform_shuffled_s2,ukr_rus_suspended,raw_context/ridge,-0.0,0.0,-0.0,-0.0,0.0,-0.0,-0.0,0.0,-0.0,-0.0,0.0,-0.0
fresh,ukr_rus,2,uniform_shuffled,memberctl_ukr_rus_uniform_shuffled_s2,ukr_rus_suspended,raw_joint/prototype,-0.0,0.0,-0.0,-0.0,0.0,-0.0,-0.0,0.0,-0.0,-0.0,0.0,-0.0
fresh,ukr_rus,2,uniform_shuffled,memberctl_ukr_rus_uniform_shuffled_s2,ukr_rus_suspended,raw_joint/ridge,-0.0,0.0,-0.0,-0.0,0.0,-0.0,-0.0,0.0,-0.0,-0.0,0.0,-0.0
fresh,ukr_rus,2,uniform_sorted,memberctl_ukr_rus_uniform_sorted_s2,covid_political,M2_post_meta/prototype,0.40242371735749416,0.06327254683883099,0.33915117051866317,-0.30566406250000006,0.01595052083333337,-0.3216145833333334,0.465436346574914,0.08112582054490763,0.38431052603000637,0.025407016277313232,-0.00017756223678588867,0.02558457851409912
fresh,ukr_rus,2,uniform_sorted,memberctl_ukr_rus_uniform_sorted_s2,covid_political,M2_post_meta/ridge,0.43534003363715285,0.06627428973162608,0.36906574390552677,-0.2177734375,0.0126953125,-0.23046875,0.5060075523515276,0.07362657237117004,0.43238097998035757,0.05205345153808594,-0.0016720890998840332,0.05372554063796997
fresh,ukr_rus,2,uniform_sorted,memberctl_ukr_rus_uniform_sorted_s2,covid_political,S0_conv_center/prototype,-0.0,0.0,-0.0,-0.0,0.0,-0.0,-0.0,0.0,-0.0,-0.0,0.0,-0.0
fresh,ukr_rus,2,uniform_sorted,memberctl_ukr_rus_uniform_sorted_s2,covid_political,S0_conv_center/ridge,-0.0,0.0,-0.0,-0.0,0.0,-0.0,-0.0,0.0,-0.0,-0.0,0.0,-0.0
fresh,ukr_rus,2,uniform_sorted,memberctl_ukr_rus_uniform_sorted_s2,covid_political,S0_pool/prototype,-0.0,0.0,-0.0,-0.0,0.0,-0.0,-0.0,0.0,-0.0,-0.0,0.0,-0.0
fresh,ukr_rus,2,uniform_sorted,memberctl_ukr_rus_uniform_sorted_s2,covid_political,S0_pool/ridge,-0.0,0.0,-0.0,-0.0,0.0,-0.0,-0.0,0.0,-0.0,-0.0,0.0,-0.0
fresh,ukr_rus,2,uniform_sorted,memberctl_ukr_rus_uniform_sorted_s2,covid_political,U1_pre_meta/prototype,0.0312127007378471,0.06653227629484937,-0.03531957555700227,0.07161458333333337,0.0322265625,0.03938802083333337,0.1108995029687988,0.08373055754812986,0.027168945420668944,-0.010563135147094727,0.0009254217147827148,-0.011488556861877441
fresh,ukr_rus,2,uniform_sorted,memberctl_ukr_rus_uniform_sorted_s2,covid_political,U1_pre_meta/ridge,0.03001347294560197,0.05538827401620383,-0.02537480107060186,0.06380208333333326,0.02506510416666674,0.03873697916666652,0.1026943958361376,0.06902306692025195,0.033671328915885645,-0.04726940393447876,0.006882727146148682,-0.05415213108062744
fresh,ukr_rus,2,uniform_sorted,memberctl_ukr_rus_uniform_sorted_s2,covid_political,final_input/prototype,0.40242371735749416,0.06327254683883099,0.33915117051866317,-0.30566406250000006,0.01595052083333337,-0.3216145833333334,0.465436346574914,0.08112582054490763,0.38431052603000637,0.025407016277313232,-0.00017756223678588867,0.02558457851409912
fresh,ukr_rus,2,uniform_sorted,memberctl_ukr_rus_uniform_sorted_s2,covid_political,final_input/ridge,0.43534003363715285,0.06627428973162608,0.36906574390552677,-0.2177734375,0.0126953125,-0.23046875,0.5060075523515276,0.07362657237117004,0.43238097998035757,0.05205345153808594,-0.0016720890998840332,0.05372554063796997
fresh,ukr_rus,2,uniform_sorted,memberctl_ukr_rus_uniform_sorted_s2,covid_political,full_model,0.0807664659288192,-0.1891547309027778,0.269921196831597,0.09830729166666674,-0.4117838541666667,0.5100911458333335,0.15523667032721367,0.1910067648229208,-0.035770094495707144,-0.2869743704795838,0.03265094757080078,-0.3196253180503846
fresh,ukr_rus,2,uniform_sorted,memberctl_ukr_rus_uniform_sorted_s2,covid_political,raw_center/prototype,-0.0,0.0,-0.0,-0.0,0.0,-0.0,-0.0,0.0,-0.0,-0.0,0.0,-0.0
fresh,ukr_rus,2,uniform_sorted,memberctl_ukr_rus_uniform_sorted_s2,covid_political,raw_center/ridge,-0.0,0.0,-0.0,-0.0,0.0,-0.0,-0.0,0.0,-0.0,-0.0,0.0,-0.0
fresh,ukr_rus,2,uniform_sorted,memberctl_ukr_rus_uniform_sorted_s2,covid_political,raw_context/prototype,-1.1102230246251565e-16,1.1102230246251565e-16,-2.220446049250313e-16,-0.0,0.0,-0.0,-0.0,0.0,-0.0,-0.0,0.0,-0.0
fresh,ukr_rus,2,uniform_sorted,memberctl_ukr_rus_uniform_sorted_s2,covid_political,raw_context/ridge,-0.0,0.0,-0.0,-0.0,0.0,-0.0,-0.0,0.0,-0.0,-0.0,0.0,-0.0
fresh,ukr_rus,2,uniform_sorted,memberctl_ukr_rus_uniform_sorted_s2,covid_political,raw_joint/prototype,-0.0,0.0,-0.0,-0.0,0.0,-0.0,-0.0,0.0,-0.0,-0.0,0.0,-0.0
fresh,ukr_rus,2,uniform_sorted,memberctl_ukr_rus_uniform_sorted_s2,covid_political,raw_joint/ridge,-0.0,0.0,-0.0,-0.0,0.0,-0.0,-0.0,0.0,-0.0,-0.0,0.0,-0.0
fresh,ukr_rus,2,uniform_sorted,memberctl_ukr_rus_uniform_sorted_s2,election2020,M2_post_meta/prototype,0.70391845703125,0.009063720703125,0.694854736328125,-0.0,0.0,-0.0,0.6666666666666666,-0.0025340072121744495,0.6692006738788411,-0.02488476037979126,-7.236003875732422e-05,-0.024812400341033936
fresh,ukr_rus,2,uniform_sorted,memberctl_ukr_rus_uniform_sorted_s2,election2020,M2_post_meta/ridge,0.70831298828125,0.01239013671875,0.6959228515625,-0.0,-0.01171875,0.01171875,0.6666666666666666,-0.009904011540808999,0.6765706782074756,-0.04430186748504639,-0.0006841421127319336,-0.04361772537231445
fresh,ukr_rus,2,uniform_sorted,memberctl_ukr_rus_uniform_sorted_s2,election2020,S0_conv_center/prototype,-0.0,0.0,-0.0,-0.0,0.0,-0.0,-0.0,0.0,-0.0,-0.0,0.0,-0.0
fresh,ukr_rus,2,uniform_sorted,memberctl_ukr_rus_uniform_sorted_s2,election2020,S0_conv_center/ridge,-0.0,0.0,-0.0,-0.0,0.0,-0.0,-0.0,0.0,-0.0,-0.0,0.0,-0.0
fresh,ukr_rus,2,uniform_sorted,memberctl_ukr_rus_uniform_sorted_s2,election2020,S0_pool/prototype,-0.0,0.0,-0.0,-0.0,0.0,-0.0,-0.0,0.0,-0.0,-0.0,0.0,-0.0
fresh,ukr_rus,2,uniform_sorted,memberctl_ukr_rus_uniform_sorted_s2,election2020,S0_pool/ridge,-0.0,0.0,-0.0,-0.0,0.0,-0.0,-0.0,0.0,-0.0,-5.551115123125783e-17,0.0,-5.551115123125783e-17
fresh,ukr_rus,2,uniform_sorted,memberctl_ukr_rus_uniform_sorted_s2,election2020,U1_pre_meta/prototype,0.0189208984375,0.021484375,-0.0025634765625,0.046875,0.0078125,0.0390625,0.04614539461637068,0.0049198452183527586,0.041225549398017924,-0.017185330390930176,0.0008896589279174805,-0.018074989318847656
fresh,ukr_rus,2,uniform_sorted,memberctl_ukr_rus_uniform_sorted_s2,election2020,U1_pre_meta/ridge,0.0166015625,-0.0059814453125,0.0225830078125,0.0390625,0.00390625,0.03515625,0.03937007874015752,-0.002450980392156854,0.041821059132314375,-0.06603807210922241,0.00721973180770874,-0.07325780391693115
fresh,ukr_rus,2,uniform_sorted,memberctl_ukr_rus_uniform_sorted_s2,election2020,final_input/prototype,0.70391845703125,0.009063720703125,0.694854736328125,-0.0,0.0,-0.0,0.6666666666666666,-0.0025340072121744495,0.6692006738788411,-0.02488476037979126,-7.236003875732422e-05,-0.024812400341033936
fresh,ukr_rus,2,uniform_sorted,memberctl_ukr_rus_uniform_sorted_s2,election2020,final_input/ridge,0.70831298828125,0.01239013671875,0.6959228515625,-0.0,-0.01171875,0.01171875,0.6666666666666666,-0.009904011540808999,0.6765706782074756,-0.04430186748504639,-0.0006841421127319336,-0.04361772537231445
fresh,ukr_rus,2,uniform_sorted,memberctl_ukr_rus_uniform_sorted_s2,election2020,full_model,0.08203125,-0.163818359375,0.245849609375,0.16796875,-0.046875,0.21484375,0.14592812576628622,0.0410958904109589,0.10483223535532732,-0.5663366913795471,0.0019731521606445312,-0.5683098435401917
fresh,ukr_rus,2,uniform_sorted,memberctl_ukr_rus_uniform_sorted_s2,election2020,raw_center/prototype,-0.0,0.0,-0.0,-0.0,0.0,-0.0,-0.0,0.0,-0.0,-0.0,0.0,-0.0
fresh,ukr_rus,2,uniform_sorted,memberctl_ukr_rus_uniform_sorted_s2,election2020,raw_center/ridge,-0.0,0.0,-0.0,-0.0,0.0,-0.0,-0.0,0.0,-0.0,-0.0,0.0,-0.0
fresh,ukr_rus,2,uniform_sorted,memberctl_ukr_rus_uniform_sorted_s2,election2020,raw_context/prototype,-0.0,0.0,-0.0,-0.0,0.0,-0.0,-0.0,0.0,-0.0,-0.0,0.0,-0.0
fresh,ukr_rus,2,uniform_sorted,memberctl_ukr_rus_uniform_sorted_s2,election2020,raw_context/ridge,-0.0,0.0,-0.0,-0.0,0.0,-0.0,-0.0,0.0,-0.0,-0.0,0.0,-0.0
fresh,ukr_rus,2,uniform_sorted,memberctl_ukr_rus_uniform_sorted_s2,election2020,raw_joint/prototype,-0.0,0.0,-0.0,-0.0,0.0,-0.0,-0.0,0.0,-0.0,-0.0,0.0,-0.0
fresh,ukr_rus,2,uniform_sorted,memberctl_ukr_rus_uniform_sorted_s2,election2020,raw_joint/ridge,-0.0,0.0,-0.0,-0.0,0.0,-0.0,-0.0,0.0,-0.0,-0.0,0.0,-0.0
fresh,ukr_rus,2,uniform_sorted,memberctl_ukr_rus_uniform_sorted_s2,facebook_page_reference,M2_post_meta/prototype,0.09546852111816406,-0.03685760498046875,0.1323261260986328,0.0693359375,-0.0380859375,0.107421875,0.06691244003087138,-0.040342217834814065,0.10725465786568544,-0.029024362564086914,-0.0001506805419921875,-0.028873682022094727
fresh,ukr_rus,2,uniform_sorted,memberctl_ukr_rus_uniform_sorted_s2,facebook_page_reference,M2_post_meta/ridge,0.10071945190429688,-0.029764175415039062,0.13048362731933594,0.0771484375,-0.044921875,0.1220703125,0.07770569019772333,-0.04479305968225866,0.122498749879982,-0.0650491714477539,-0.001458585262298584,-0.06359058618545532
fresh,ukr_rus,2,uniform_sorted,memberctl_ukr_rus_uniform_sorted_s2,facebook_page_reference,S0_conv_center/prototype,-0.0,0.0,-0.0,-0.0,0.0,-0.0,-0.0,0.0,-0.0,-0.0,0.0,-0.0
fresh,ukr_rus,2,uniform_sorted,memberctl_ukr_rus_uniform_sorted_s2,facebook_page_reference,S0_conv_center/ridge,-0.0,0.0,-0.0,-0.0,0.0,-0.0,-0.0,0.0,-0.0,-0.0,0.0,-0.0
fresh,ukr_rus,2,uniform_sorted,memberctl_ukr_rus_uniform_sorted_s2,facebook_page_reference,S0_pool/prototype,-0.0,0.0,-0.0,-0.0,0.0,-0.0,-0.0,0.0,-0.0,-0.0,0.0,-0.0
fresh,ukr_rus,2,uniform_sorted,memberctl_ukr_rus_uniform_sorted_s2,facebook_page_reference,S0_pool/ridge,-0.0,0.0,-0.0,-0.0,0.0,-0.0,-0.0,0.0,-0.0,-0.0,0.0,-0.0
fresh,ukr_rus,2,uniform_sorted,memberctl_ukr_rus_uniform_sorted_s2,facebook_page_reference,U1_pre_meta/prototype,-0.047210693359375,-0.031482696533203125,-0.015727996826171875,-0.0615234375,-0.037109375,-0.0244140625,-0.056336422669039155,-0.03615182500237424,-0.020184597666664916,0.008104920387268066,0.0003708004951477051,0.007734119892120361
fresh,ukr_rus,2,uniform_sorted,memberctl_ukr_rus_uniform_sorted_s2,facebook_page_reference,U1_pre_meta/ridge,-0.053745269775390625,-0.034076690673828125,-0.0196685791015625,-0.0625,-0.0400390625,-0.0224609375,-0.057105595458367575,-0.039910890898964824,-0.01719470455940275,0.01647728681564331,0.003381669521331787,0.013095617294311523
fresh,ukr_rus,2,uniform_sorted,memberctl_ukr_rus_uniform_sorted_s2,facebook_page_reference,final_input/prototype,0.09546852111816406,-0.03685760498046875,0.1323261260986328,0.0693359375,-0.0380859375,0.107421875,0.06691244003087138,-0.040342217834814065,0.10725465786568544,-0.029024362564086914,-0.0001506805419921875,-0.028873682022094727
fresh,ukr_rus,2,uniform_sorted,memberctl_ukr_rus_uniform_sorted_s2,facebook_page_reference,final_input/ridge,0.10071945190429688,-0.029764175415039062,0.13048362731933594,0.0771484375,-0.044921875,0.1220703125,0.07770569019772333,-0.04479305968225866,0.122498749879982,-0.0650491714477539,-0.001458585262298584,-0.06359058618545532
fresh,ukr_rus,2,uniform_sorted,memberctl_ukr_rus_uniform_sorted_s2,facebook_page_reference,full_model,0.03774261474609375,0.004987716674804743,0.03275489807128901,0.02734375,0.0087890625,0.0185546875,0.03404860197492787,-0.017245956052178824,0.051294558027106696,0.09684431552886963,-1.5795230865478516e-05,0.09686011075973511
fresh,ukr_rus,2,uniform_sorted,memberctl_ukr_rus_uniform_sorted_s2,facebook_page_reference,raw_center/prototype,1.1102230246251565e-16,-1.1102230246251565e-16,2.220446049250313e-16,-0.0,0.0,-0.0,-0.0,0.0,-0.0,-0.0,0.0,-0.0
fresh,ukr_rus,2,uniform_sorted,memberctl_ukr_rus_uniform_sorted_s2,facebook_page_reference,raw_center/ridge,-0.0,0.0,-0.0,-0.0,0.0,-0.0,-0.0,0.0,-0.0,-0.0,0.0,-0.0
fresh,ukr_rus,2,uniform_sorted,memberctl_ukr_rus_uniform_sorted_s2,facebook_page_reference,raw_context/prototype,-0.0,0.0,-0.0,-0.0,0.0,-0.0,-0.0,0.0,-0.0,-0.0,0.0,-0.0
fresh,ukr_rus,2,uniform_sorted,memberctl_ukr_rus_uniform_sorted_s2,facebook_page_reference,raw_context/ridge,-0.0,0.0,-0.0,-0.0,0.0,-0.0,-0.0,0.0,-0.0,-0.0,0.0,-0.0
fresh,ukr_rus,2,uniform_sorted,memberctl_ukr_rus_uniform_sorted_s2,facebook_page_reference,raw_joint/prototype,-0.0,0.0,-0.0,-0.0,0.0,-0.0,-0.0,0.0,-0.0,-0.0,0.0,-0.0
fresh,ukr_rus,2,uniform_sorted,memberctl_ukr_rus_uniform_sorted_s2,facebook_page_reference,raw_joint/ridge,1.1102230246251565e-16,-1.1102230246251565e-16,2.220446049250313e-16,-0.0,0.0,-0.0,-0.0,0.0,-0.0,-0.0,0.0,-0.0
fresh,ukr_rus,2,uniform_sorted,memberctl_ukr_rus_uniform_sorted_s2,twibot20,M2_post_meta/prototype,0.00578138563368058,0.006318622165256138,-0.0005372365315755578,0.05240885416666674,-0.0048828125,0.05729166666666674,-0.06384929573773379,-0.009050056936993789,-0.05479923880074,-0.0074849724769592285,-0.00024175643920898438,-0.007243216037750244
fresh,ukr_rus,2,uniform_sorted,memberctl_ukr_rus_uniform_sorted_s2,twibot20,M2_post_meta/ridge,0.019558164808485268,0.0068316989474825895,0.012726465861002678,0.05305989583333337,-0.0029296875,0.05598958333333337,-0.02480722264408619,-0.006755761756398804,-0.018051460887687387,-0.010890424251556396,-0.0020810365676879883,-0.008809387683868408
fresh,ukr_rus,2,uniform_sorted,memberctl_ukr_rus_uniform_sorted_s2,twibot20,S0_conv_center/prototype,-0.0,0.0,-0.0,-0.0,0.0,-0.0,-0.0,0.0,-0.0,-0.0,0.0,-0.0
fresh,ukr_rus,2,uniform_sorted,memberctl_ukr_rus_uniform_sorted_s2,twibot20,S0_conv_center/ridge,-0.0,0.0,-0.0,-0.0,0.0,-0.0,-0.0,0.0,-0.0,-0.0,0.0,-0.0
fresh,ukr_rus,2,uniform_sorted,memberctl_ukr_rus_uniform_sorted_s2,twibot20,S0_pool/prototype,-0.0,0.0,-0.0,-0.0,0.0,-0.0,-0.0,0.0,-0.0,-0.0,0.0,-0.0
fresh,ukr_rus,2,uniform_sorted,memberctl_ukr_rus_uniform_sorted_s2,twibot20,S0_pool/ridge,-0.0,0.0,-0.0,-0.0,0.0,-0.0,-0.0,0.0,-0.0,-0.0,0.0,-0.0
fresh,ukr_rus,2,uniform_sorted,memberctl_ukr_rus_uniform_sorted_s2,twibot20,U1_pre_meta/prototype,-0.015598932902018192,0.0066981845431857145,-0.022297117445203907,-0.01432291666666663,-0.007486979166666741,-0.006835937499999889,-0.011247317220408393,-0.009817144145502388,-0.0014301730749060049,0.003653585910797119,0.003338634967803955,0.00031495094299316406
fresh,ukr_rus,2,uniform_sorted,memberctl_ukr_rus_uniform_sorted_s2,twibot20,U1_pre_meta/ridge,-0.0009990268283419645,0.005499309963650223,-0.0064983367919921875,0.00032552083333337034,-0.004557291666666741,0.004882812500000111,0.009441035112805807,-0.006806676287580915,0.016247711400386722,0.00422060489654541,0.016179442405700684,-0.011958837509155273
fresh,ukr_rus,2,uniform_sorted,memberctl_ukr_rus_uniform_sorted_s2,twibot20,final_input/prototype,0.00578138563368058,0.006318622165256138,-0.0005372365315755578,0.05240885416666674,-0.0048828125,0.05729166666666674,-0.06384929573773379,-0.009050056936993789,-0.05479923880074,-0.0074849724769592285,-0.00024175643920898438,-0.007243216037750244
fresh,ukr_rus,2,uniform_sorted,memberctl_ukr_rus_uniform_sorted_s2,twibot20,final_input/ridge,0.019558164808485268,0.0068316989474825895,0.012726465861002678,0.05305989583333337,-0.0029296875,0.05598958333333337,-0.02480722264408619,-0.006755761756398804,-0.018051460887687387,-0.010890424251556396,-0.0020810365676879883,-0.008809387683868408
fresh,ukr_rus,2,uniform_sorted,memberctl_ukr_rus_uniform_sorted_s2,twibot20,full_model,0.03821966383192266,0.028820885552300335,0.009398778279622322,0.02376302083333337,0.0,0.02376302083333337,-0.022173732267621538,0.0,-0.022173732267621538,0.2747069001197814,0.09309613704681396,0.18161076307296742
fresh,ukr_rus,2,uniform_sorted,memberctl_ukr_rus_uniform_sorted_s2,twibot20,raw_center/prototype,-0.0,0.0,-0.0,-0.0,0.0,-0.0,-5.551115123125783e-17,5.551115123125783e-17,-1.1102230246251565e-16,-0.0,0.0,-0.0
fresh,ukr_rus,2,uniform_sorted,memberctl_ukr_rus_uniform_sorted_s2,twibot20,raw_center/ridge,-0.0,0.0,-0.0,-0.0,0.0,-0.0,-5.551115123125783e-17,5.551115123125783e-17,-1.1102230246251565e-16,-0.0,0.0,-0.0
fresh,ukr_rus,2,uniform_sorted,memberctl_ukr_rus_uniform_sorted_s2,twibot20,raw_context/prototype,-0.0,0.0,-0.0,-0.0,0.0,-0.0,-0.0,0.0,-0.0,-0.0,0.0,-0.0
fresh,ukr_rus,2,uniform_sorted,memberctl_ukr_rus_uniform_sorted_s2,twibot20,raw_context/ridge,-0.0,0.0,-0.0,-0.0,0.0,-0.0,-0.0,0.0,-0.0,-0.0,0.0,-0.0
fresh,ukr_rus,2,uniform_sorted,memberctl_ukr_rus_uniform_sorted_s2,twibot20,raw_joint/prototype,-0.0,0.0,-0.0,-0.0,0.0,-0.0,-0.0,0.0,-0.0,-0.0,0.0,-0.0
fresh,ukr_rus,2,uniform_sorted,memberctl_ukr_rus_uniform_sorted_s2,twibot20,raw_joint/ridge,-0.0,0.0,-0.0,-0.0,0.0,-0.0,-0.0,0.0,-0.0,-0.0,0.0,-0.0
fresh,ukr_rus,2,uniform_sorted,memberctl_ukr_rus_uniform_sorted_s2,ukr_rus_suspended,M2_post_meta/prototype,6.103515625e-05,0.0296630859375,-0.02960205078125,0.01171875,0.01171875,0.0,0.16650463985859476,0.013351016799292736,0.15315362305930202,-0.0025178194046020508,-2.3245811462402344e-05,-0.0024945735931396484
fresh,ukr_rus,2,uniform_sorted,memberctl_ukr_rus_uniform_sorted_s2,ukr_rus_suspended,M2_post_meta/ridge,-0.003173828125,0.031341552734375,-0.034515380859375,0.015625,0.0078125,0.0078125,0.1755164166123071,0.025089348509422904,0.1504270681028842,0.005115509033203125,-0.0002219080924987793,0.005337417125701904
fresh,ukr_rus,2,uniform_sorted,memberctl_ukr_rus_uniform_sorted_s2,ukr_rus_suspended,S0_conv_center/prototype,-0.0,0.0,-0.0,-0.0,0.0,-0.0,-0.0,5.551115123125783e-17,-5.551115123125783e-17,-0.0,0.0,-0.0
fresh,ukr_rus,2,uniform_sorted,memberctl_ukr_rus_uniform_sorted_s2,ukr_rus_suspended,S0_conv_center/ridge,-0.0,0.0,-0.0,-0.0,0.0,-0.0,-0.0,0.0,-0.0,-0.0,0.0,-0.0
fresh,ukr_rus,2,uniform_sorted,memberctl_ukr_rus_uniform_sorted_s2,ukr_rus_suspended,S0_pool/prototype,-0.0,0.0,-0.0,-0.0,0.0,-0.0,-5.551115123125783e-17,0.0,-5.551115123125783e-17,-0.0,0.0,-0.0
fresh,ukr_rus,2,uniform_sorted,memberctl_ukr_rus_uniform_sorted_s2,ukr_rus_suspended,S0_pool/ridge,-0.0,0.0,-0.0,-0.0,0.0,-0.0,-5.551115123125783e-17,0.0,-5.551115123125783e-17,-0.0,0.0,-0.0
fresh,ukr_rus,2,uniform_sorted,memberctl_ukr_rus_uniform_sorted_s2,ukr_rus_suspended,U1_pre_meta/prototype,0.023193359375,0.01873779296875,0.00445556640625,-0.01171875,-0.015625,0.00390625,-0.0028188865398167673,-0.007925407925407968,0.005106521385591201,-0.0006849169731140137,6.598234176635742e-05,-0.0007508993148803711
fresh,ukr_rus,2,uniform_sorted,memberctl_ukr_rus_uniform_sorted_s2,ukr_rus_suspended,U1_pre_meta/ridge,0.0120849609375,0.0238037109375,-0.01171875,-0.00390625,-0.01171875,0.0078125,0.001531909678605281,-0.005962840270776315,0.007494749949381596,-0.004606485366821289,0.00032782554626464844,-0.0049343109130859375
fresh,ukr_rus,2,uniform_sorted,memberctl_ukr_rus_uniform_sorted_s2,ukr_rus_suspended,final_input/prototype,6.103515625e-05,0.0296630859375,-0.02960205078125,0.01171875,0.01171875,0.0,0.16650463985859476,0.013351016799292736,0.15315362305930202,-0.0025178194046020508,-2.3245811462402344e-05,-0.0024945735931396484
fresh,ukr_rus,2,uniform_sorted,memberctl_ukr_rus_uniform_sorted_s2,ukr_rus_suspended,final_input/ridge,-0.003173828125,0.031341552734375,-0.034515380859375,0.015625,0.0078125,0.0078125,0.1755164166123071,0.025089348509422904,0.1504270681028842,0.005115509033203125,-0.0002219080924987793,0.005337417125701904
fresh,ukr_rus,2,uniform_sorted,memberctl_ukr_rus_uniform_sorted_s2,ukr_rus_suspended,full_model,0.00244140625,-0.011383056640625,0.013824462890625,-0.015625,0.0234375,-0.0390625,0.0040000000000000036,0.22641509433962265,-0.22241509433962264,0.18024969100952148,-0.0011799335479736328,0.18142962455749512
fresh,ukr_rus,2,uniform_sorted,memberctl_ukr_rus_uniform_sorted_s2,ukr_rus_suspended,raw_center/prototype,-0.0,0.0,-0.0,-0.0,0.0,-0.0,-0.0,0.0,-0.0,-0.0,0.0,-0.0
fresh,ukr_rus,2,uniform_sorted,memberctl_ukr_rus_uniform_sorted_s2,ukr_rus_suspended,raw_center/ridge,-0.0,0.0,-0.0,-0.0,0.0,-0.0,-0.0,0.0,-0.0,-0.0,0.0,-0.0
fresh,ukr_rus,2,uniform_sorted,memberctl_ukr_rus_uniform_sorted_s2,ukr_rus_suspended,raw_context/prototype,-0.0,0.0,-0.0,-0.0,0.0,-0.0,-0.0,0.0,-0.0,-0.0,0.0,-0.0
fresh,ukr_rus,2,uniform_sorted,memberctl_ukr_rus_uniform_sorted_s2,ukr_rus_suspended,raw_context/ridge,-0.0,0.0,-0.0,-0.0,0.0,-0.0,-0.0,0.0,-0.0,-0.0,0.0,-0.0
fresh,ukr_rus,2,uniform_sorted,memberctl_ukr_rus_uniform_sorted_s2,ukr_rus_suspended,raw_joint/prototype,-0.0,0.0,-0.0,-0.0,0.0,-0.0,-0.0,0.0,-0.0,-0.0,0.0,-0.0
fresh,ukr_rus,2,uniform_sorted,memberctl_ukr_rus_uniform_sorted_s2,ukr_rus_suspended,raw_joint/ridge,-0.0,0.0,-0.0,-0.0,0.0,-0.0,-0.0,0.0,-0.0,-0.0,0.0,-0.0
original,cp_hk,0,lowest_shuffled,memberctl_cp_hk_lowest_shuffled_s0,covid_political,M2_post_meta/prototype,0.33828961407696767,-0.01544867621527779,0.35373829029224546,0.10677083333333337,-0.06608072916666674,0.1728515625000001,0.6377755747533399,-0.03822896639663076,0.6760045411499707,-0.05080270767211914,-0.0006064772605895996,-0.05019623041152954
original,cp_hk,0,lowest_shuffled,memberctl_cp_hk_lowest_shuffled_s0,covid_political,M2_post_meta/ridge,0.3377352114076967,-0.01167692961516198,0.34941214102285867,0.1142578125,-0.0615234375,0.17578125,0.6463265780834466,-0.029375700978027774,0.6757022790614744,-0.14662152528762817,-0.0047373175621032715,-0.1418842077255249
original,cp_hk,0,lowest_shuffled,memberctl_cp_hk_lowest_shuffled_s0,covid_political,S0_conv_center/prototype,-0.0,0.0,-0.0,-0.0,0.0,-0.0,-0.0,0.0,-0.0,-0.0,0.0,-0.0
original,cp_hk,0,lowest_shuffled,memberctl_cp_hk_lowest_shuffled_s0,covid_political,S0_conv_center/ridge,-0.0,0.0,-0.0,-0.0,0.0,-0.0,-0.0,0.0,-0.0,-0.0,0.0,-0.0
original,cp_hk,0,lowest_shuffled,memberctl_cp_hk_lowest_shuffled_s0,covid_political,S0_pool/prototype,-0.0,0.0,-0.0,-0.0,0.0,-0.0,-0.0,0.0,-0.0,-0.0,0.0,-0.0
original,cp_hk,0,lowest_shuffled,memberctl_cp_hk_lowest_shuffled_s0,covid_political,S0_pool/ridge,-1.1102230246251565e-16,0.0,-1.1102230246251565e-16,-0.0,0.0,-0.0,-0.0,0.0,-0.0,-0.0,0.0,-0.0
original,cp_hk,0,lowest_shuffled,memberctl_cp_hk_lowest_shuffled_s0,covid_political,U1_pre_meta/prototype,0.061195938675492,-0.01542409261067712,0.07662003128616912,0.09309895833333326,-0.04720052083333326,0.14029947916666652,0.12755868989249186,-0.04400190380339264,0.1715605936958845,-0.029468894004821777,1.341104507446289e-05,-0.02948230504989624
original,cp_hk,0,lowest_shuffled,memberctl_cp_hk_lowest_shuffled_s0,covid_political,U1_pre_meta/ridge,0.05782911512586775,-0.02579102692780666,0.0836201420536744,0.09147135416666663,-0.05826822916666674,0.14973958333333337,0.12591714826745137,-0.0548425565830456,0.18075970485049697,-0.0723235011100769,0.00042504072189331055,-0.07274854183197021
original,cp_hk,0,lowest_shuffled,memberctl_cp_hk_lowest_shuffled_s0,covid_political,final_input/prototype,0.33828961407696767,-0.01544867621527779,0.35373829029224546,0.10677083333333337,-0.06608072916666674,0.1728515625000001,0.6377755747533399,-0.03822896639663076,0.6760045411499707,-0.05080270767211914,-0.0006064772605895996,-0.05019623041152954
original,cp_hk,0,lowest_shuffled,memberctl_cp_hk_lowest_shuffled_s0,covid_political,final_input/ridge,0.3377352114076967,-0.01167692961516198,0.34941214102285867,0.1142578125,-0.0615234375,0.17578125,0.6463265780834466,-0.029375700978027774,0.6757022790614744,-0.14662152528762817,-0.0047373175621032715,-0.1418842077255249
original,cp_hk,0,lowest_shuffled,memberctl_cp_hk_lowest_shuffled_s0,covid_political,full_model,0.10399910255714673,-0.051962110731336775,0.1559612132884835,0.07552083333333337,0.0,0.07552083333333337,0.131201849987712,0.0,0.131201849987712,-0.021571457386016846,-0.005232274532318115,-0.01633918285369873
original,cp_hk,0,lowest_shuffled,memberctl_cp_hk_lowest_shuffled_s0,covid_political,raw_center/prototype,-0.0,0.0,-0.0,-0.0,0.0,-0.0,-0.0,0.0,-0.0,-0.0,0.0,-0.0
original,cp_hk,0,lowest_shuffled,memberctl_cp_hk_lowest_shuffled_s0,covid_political,raw_center/ridge,-0.0,0.0,-0.0,-0.0,0.0,-0.0,-0.0,0.0,-0.0,-0.0,0.0,-0.0
original,cp_hk,0,lowest_shuffled,memberctl_cp_hk_lowest_shuffled_s0,covid_political,raw_context/prototype,-1.1102230246251565e-16,1.1102230246251565e-16,-2.220446049250313e-16,-0.0,0.0,-0.0,-0.0,0.0,-0.0,-0.0,0.0,-0.0
original,cp_hk,0,lowest_shuffled,memberctl_cp_hk_lowest_shuffled_s0,covid_political,raw_context/ridge,-0.0,0.0,-0.0,-0.0,0.0,-0.0,-0.0,0.0,-0.0,-0.0,0.0,-0.0
original,cp_hk,0,lowest_shuffled,memberctl_cp_hk_lowest_shuffled_s0,covid_political,raw_joint/prototype,-0.0,0.0,-0.0,-0.0,0.0,-0.0,-0.0,0.0,-0.0,-0.0,0.0,-0.0
original,cp_hk,0,lowest_shuffled,memberctl_cp_hk_lowest_shuffled_s0,covid_political,raw_joint/ridge,-0.0,0.0,-0.0,-0.0,0.0,-0.0,-0.0,0.0,-0.0,-0.0,0.0,-0.0
original,cp_hk,0,lowest_shuffled,memberctl_cp_hk_lowest_shuffled_s0,election2020,M2_post_meta/prototype,0.3621826171875,-0.060821533203125,0.423004150390625,0.4453125,-0.05859375,0.50390625,0.9327635327635329,-0.058021880731044084,0.9907854134945769,-0.0726470947265625,3.170967102050781e-05,-0.07267880439758301
original,cp_hk,0,lowest_shuffled,memberctl_cp_hk_lowest_shuffled_s0,election2020,M2_post_meta/ridge,0.36077880859375,-0.05975341796875,0.4205322265625,0.4453125,-0.06640625,0.51171875,0.9327635327635329,-0.05926066470606839,0.9920241974696012,-0.2205965518951416,0.0005214810371398926,-0.2211180329322815
original,cp_hk,0,lowest_shuffled,memberctl_cp_hk_lowest_shuffled_s0,election2020,S0_conv_center/prototype,-0.0,0.0,-0.0,-0.0,0.0,-0.0,-0.0,0.0,-0.0,-0.0,0.0,-0.0
original,cp_hk,0,lowest_shuffled,memberctl_cp_hk_lowest_shuffled_s0,election2020,S0_conv_center/ridge,-0.0,0.0,-0.0,-0.0,0.0,-0.0,-0.0,0.0,-0.0,-0.0,0.0,-0.0
original,cp_hk,0,lowest_shuffled,memberctl_cp_hk_lowest_shuffled_s0,election2020,S0_pool/prototype,-0.0,0.0,-0.0,-0.0,0.0,-0.0,1.1102230246251565e-16,-1.1102230246251565e-16,2.220446049250313e-16,-0.0,0.0,-0.0
original,cp_hk,0,lowest_shuffled,memberctl_cp_hk_lowest_shuffled_s0,election2020,S0_pool/ridge,-0.0,0.0,-0.0,-0.0,0.0,-0.0,1.1102230246251565e-16,-1.1102230246251565e-16,2.220446049250313e-16,-0.0,0.0,-0.0
original,cp_hk,0,lowest_shuffled,memberctl_cp_hk_lowest_shuffled_s0,election2020,U1_pre_meta/prototype,0.073974609375,-0.072235107421875,0.146209716796875,0.13671875,-0.0625,0.19921875,0.13270440251572324,-0.0532604880430968,0.18596489055882004,-0.0388413667678833,0.000847160816192627,-0.03968852758407593
original,cp_hk,0,lowest_shuffled,memberctl_cp_hk_lowest_shuffled_s0,election2020,U1_pre_meta/ridge,0.057861328125,-0.1011962890625,0.1590576171875,0.109375,-0.09765625,0.20703125,0.10606060606060608,-0.08751608751608753,0.1935766935766936,-0.11367422342300415,0.006797671318054199,-0.12047189474105835
original,cp_hk,0,lowest_shuffled,memberctl_cp_hk_lowest_shuffled_s0,election2020,final_input/prototype,0.3621826171875,-0.060821533203125,0.423004150390625,0.4453125,-0.05859375,0.50390625,0.9327635327635329,-0.058021880731044084,0.9907854134945769,-0.0726470947265625,3.170967102050781e-05,-0.07267880439758301
original,cp_hk,0,lowest_shuffled,memberctl_cp_hk_lowest_shuffled_s0,election2020,final_input/ridge,0.36077880859375,-0.05975341796875,0.4205322265625,0.4453125,-0.06640625,0.51171875,0.9327635327635329,-0.05926066470606839,0.9920241974696012,-0.2205965518951416,0.0005214810371398926,-0.2211180329322815
original,cp_hk,0,lowest_shuffled,memberctl_cp_hk_lowest_shuffled_s0,election2020,full_model,0.19012451171875,0.13287353515625,0.0572509765625,0.25,0.0,0.25,0.286967418546366,0.0,0.286967418546366,-0.5414692685008049,-0.008406102657318115,-0.5330631658434868
original,cp_hk,0,lowest_shuffled,memberctl_cp_hk_lowest_shuffled_s0,election2020,raw_center/prototype,-0.0,0.0,-0.0,-0.0,0.0,-0.0,-0.0,0.0,-0.0,-0.0,0.0,-0.0
original,cp_hk,0,lowest_shuffled,memberctl_cp_hk_lowest_shuffled_s0,election2020,raw_center/ridge,-0.0,0.0,-0.0,-0.0,0.0,-0.0,-0.0,0.0,-0.0,-0.0,0.0,-0.0
original,cp_hk,0,lowest_shuffled,memberctl_cp_hk_lowest_shuffled_s0,election2020,raw_context/prototype,-0.0,0.0,-0.0,-0.0,0.0,-0.0,1.1102230246251565e-16,-1.1102230246251565e-16,2.220446049250313e-16,-0.0,0.0,-0.0
original,cp_hk,0,lowest_shuffled,memberctl_cp_hk_lowest_shuffled_s0,election2020,raw_context/ridge,-0.0,0.0,-0.0,-0.0,0.0,-0.0,1.1102230246251565e-16,-1.1102230246251565e-16,2.220446049250313e-16,-0.0,0.0,-0.0
original,cp_hk,0,lowest_shuffled,memberctl_cp_hk_lowest_shuffled_s0,election2020,raw_joint/prototype,-0.0,0.0,-0.0,-0.0,0.0,-0.0,-0.0,0.0,-0.0,-0.0,0.0,-0.0
original,cp_hk,0,lowest_shuffled,memberctl_cp_hk_lowest_shuffled_s0,election2020,raw_joint/ridge,-0.0,0.0,-0.0,-0.0,0.0,-0.0,-0.0,0.0,-0.0,-0.0,0.0,-0.0
original,cp_hk,0,lowest_shuffled,memberctl_cp_hk_lowest_shuffled_s0,facebook_page_reference,M2_post_meta/prototype,0.13187789916992188,-0.009674072265625,0.14155197143554688,0.0859375,-0.017578125,0.103515625,0.07811571909410753,-0.01860820192284751,0.09672392101695504,-0.007378041744232178,-0.00025844573974609375,-0.007119596004486084
original,cp_hk,0,lowest_shuffled,memberctl_cp_hk_lowest_shuffled_s0,facebook_page_reference,M2_post_meta/ridge,0.13409042358398438,9.5367431640625e-05,0.13399505615234375,0.0849609375,-0.0126953125,0.09765625,0.07602477912676153,-0.014549694906721866,0.0905744740334834,-0.03538590669631958,-0.0024062395095825195,-0.03297966718673706
original,cp_hk,0,lowest_shuffled,memberctl_cp_hk_lowest_shuffled_s0,facebook_page_reference,S0_conv_center/prototype,-0.0,0.0,-0.0,-0.0,0.0,-0.0,-0.0,0.0,-0.0,-0.0,0.0,-0.0
original,cp_hk,0,lowest_shuffled,memberctl_cp_hk_lowest_shuffled_s0,facebook_page_reference,S0_conv_center/ridge,-0.0,0.0,-0.0,-0.0,0.0,-0.0,-0.0,0.0,-0.0,-0.0,0.0,-0.0
original,cp_hk,0,lowest_shuffled,memberctl_cp_hk_lowest_shuffled_s0,facebook_page_reference,S0_pool/prototype,-0.0,0.0,-0.0,-0.0,0.0,-0.0,-0.0,0.0,-0.0,-0.0,0.0,-0.0
original,cp_hk,0,lowest_shuffled,memberctl_cp_hk_lowest_shuffled_s0,facebook_page_reference,S0_pool/ridge,-0.0,0.0,-0.0,-0.0,0.0,-0.0,-0.0,0.0,-0.0,-0.0,0.0,-0.0
original,cp_hk,0,lowest_shuffled,memberctl_cp_hk_lowest_shuffled_s0,facebook_page_reference,U1_pre_meta/prototype,-0.12598419189453125,-0.036640167236328125,-0.08934402465820312,-0.111328125,-0.0283203125,-0.0830078125,-0.11033388067870831,-0.028046138415245725,-0.08228774226346258,0.0072678327560424805,0.00011980533599853516,0.007148027420043945
original,cp_hk,0,lowest_shuffled,memberctl_cp_hk_lowest_shuffled_s0,facebook_page_reference,U1_pre_meta/ridge,-0.1163330078125,-0.042697906494140625,-0.07363510131835938,-0.1123046875,-0.03515625,-0.0771484375,-0.11152926021347076,-0.0378131212723658,-0.07371613894110496,0.026031553745269775,0.0010700821876525879,0.024961471557617188
original,cp_hk,0,lowest_shuffled,memberctl_cp_hk_lowest_shuffled_s0,facebook_page_reference,final_input/prototype,0.13187789916992188,-0.009674072265625,0.14155197143554688,0.0859375,-0.017578125,0.103515625,0.07811571909410753,-0.01860820192284751,0.09672392101695504,-0.007378041744232178,-0.00025844573974609375,-0.007119596004486084
original,cp_hk,0,lowest_shuffled,memberctl_cp_hk_lowest_shuffled_s0,facebook_page_reference,final_input/ridge,0.13409042358398438,9.5367431640625e-05,0.13399505615234375,0.0849609375,-0.0126953125,0.09765625,0.07602477912676153,-0.014549694906721866,0.0905744740334834,-0.03538590669631958,-0.0024062395095825195,-0.03297966718673706
original,cp_hk,0,lowest_shuffled,memberctl_cp_hk_lowest_shuffled_s0,facebook_page_reference,full_model,0.02275848388671875,0.008220672607421875,0.014537811279296875,0.005859375,0.0,0.005859375,0.014859025649439195,0.019312184816492328,-0.004453159167053133,0.07421261072158813,-1.901388168334961e-05,0.07423162460327148
original,cp_hk,0,lowest_shuffled,memberctl_cp_hk_lowest_shuffled_s0,facebook_page_reference,raw_center/prototype,-0.0,0.0,-0.0,-0.0,0.0,-0.0,-0.0,0.0,-0.0,-0.0,0.0,-0.0
original,cp_hk,0,lowest_shuffled,memberctl_cp_hk_lowest_shuffled_s0,facebook_page_reference,raw_center/ridge,1.1102230246251565e-16,-1.1102230246251565e-16,2.220446049250313e-16,-0.0,0.0,-0.0,-0.0,0.0,-0.0,-0.0,0.0,-0.0
original,cp_hk,0,lowest_shuffled,memberctl_cp_hk_lowest_shuffled_s0,facebook_page_reference,raw_context/prototype,-0.0,0.0,-0.0,-0.0,0.0,-0.0,-0.0,0.0,-0.0,-0.0,0.0,-0.0
original,cp_hk,0,lowest_shuffled,memberctl_cp_hk_lowest_shuffled_s0,facebook_page_reference,raw_context/ridge,-0.0,0.0,-0.0,-0.0,0.0,-0.0,-0.0,0.0,-0.0,-0.0,0.0,-0.0
original,cp_hk,0,lowest_shuffled,memberctl_cp_hk_lowest_shuffled_s0,facebook_page_reference,raw_joint/prototype,-0.0,0.0,-0.0,-0.0,0.0,-0.0,-0.0,0.0,-0.0,-0.0,0.0,-0.0
original,cp_hk,0,lowest_shuffled,memberctl_cp_hk_lowest_shuffled_s0,facebook_page_reference,raw_joint/ridge,1.1102230246251565e-16,-1.1102230246251565e-16,2.220446049250313e-16,-0.0,0.0,-0.0,-0.0,0.0,-0.0,-0.0,0.0,-0.0
original,cp_hk,0,lowest_shuffled,memberctl_cp_hk_lowest_shuffled_s0,twibot20,M2_post_meta/prototype,0.020979563395182255,0.00188446044921875,0.019095102945963505,-0.03092447916666663,0.00423177083333337,-0.03515625,0.22064482142411124,0.00018413274294126758,0.22046068868116997,0.004842042922973633,-0.0019450187683105469,0.00678706169128418
original,cp_hk,0,lowest_shuffled,memberctl_cp_hk_lowest_shuffled_s0,twibot20,M2_post_meta/ridge,-0.007923338148328962,0.002851910061306251,-0.010775248209635213,-0.046549479166666685,0.0032552083333333703,-0.049804687500000056,0.1583468180114173,-0.0005630137796439616,0.15890983179106127,0.056134700775146484,-0.012070894241333008,0.06820559501647949
original,cp_hk,0,lowest_shuffled,memberctl_cp_hk_lowest_shuffled_s0,twibot20,S0_conv_center/prototype,-0.0,0.0,-0.0,-0.0,0.0,-0.0,-0.0,0.0,-0.0,-0.0,0.0,-0.0
original,cp_hk,0,lowest_shuffled,memberctl_cp_hk_lowest_shuffled_s0,twibot20,S0_conv_center/ridge,-0.0,0.0,-0.0,-0.0,0.0,-0.0,-0.0,0.0,-0.0,-0.0,0.0,-0.0
original,cp_hk,0,lowest_shuffled,memberctl_cp_hk_lowest_shuffled_s0,twibot20,S0_pool/prototype,-0.0,0.0,-0.0,-0.0,0.0,-0.0,-0.0,0.0,-0.0,-0.0,0.0,-0.0
original,cp_hk,0,lowest_shuffled,memberctl_cp_hk_lowest_shuffled_s0,twibot20,S0_pool/ridge,-0.0,0.0,-0.0,-0.0,0.0,-0.0,-0.0,0.0,-0.0,-0.0,0.0,-0.0
original,cp_hk,0,lowest_shuffled,memberctl_cp_hk_lowest_shuffled_s0,twibot20,U1_pre_meta/prototype,0.03651279873318136,0.001116858588324554,0.03539594014485681,0.03287760416666663,0.0,0.03287760416666663,0.0421140220469165,-0.004375363985021141,0.04648938603193764,-0.004621982574462891,0.001683354377746582,-0.006305336952209473
original,cp_hk,0,lowest_shuffled,memberctl_cp_hk_lowest_shuffled_s0,twibot20,U1_pre_meta/ridge,0.03664249844021272,-0.0016038682725694198,0.03824636671278214,0.02473958333333326,0.0029296875,0.02180989583333326,0.03716323734127236,-0.0016668253688922885,0.03883006271016465,-0.01214754581451416,0.003756999969482422,-0.015904545783996582
original,cp_hk,0,lowest_shuffled,memberctl_cp_hk_lowest_shuffled_s0,twibot20,final_input/prototype,0.020979563395182255,0.00188446044921875,0.019095102945963505,-0.03092447916666663,0.00423177083333337,-0.03515625,0.22064482142411124,0.00018413274294126758,0.22046068868116997,0.004842042922973633,-0.0019450187683105469,0.00678706169128418
original,cp_hk,0,lowest_shuffled,memberctl_cp_hk_lowest_shuffled_s0,twibot20,final_input/ridge,-0.007923338148328962,0.002851910061306251,-0.010775248209635213,-0.046549479166666685,0.0032552083333333703,-0.049804687500000056,0.1583468180114173,-0.0005630137796439616,0.15890983179106127,0.056134700775146484,-0.012070894241333008,0.06820559501647949
original,cp_hk,0,lowest_shuffled,memberctl_cp_hk_lowest_shuffled_s0,twibot20,full_model,0.060491349962022656,0.2755177815755209,-0.21502643161349827,0.05631510416666663,0.0,0.05631510416666663,0.008448622930925742,0.0,0.008448622930925742,0.2490162253379823,-0.06301045417785645,0.31202667951583873
original,cp_hk,0,lowest_shuffled,memberctl_cp_hk_lowest_shuffled_s0,twibot20,raw_center/prototype,-0.0,0.0,-0.0,-0.0,0.0,-0.0,-0.0,0.0,-0.0,-0.0,0.0,-0.0
original,cp_hk,0,lowest_shuffled,memberctl_cp_hk_lowest_shuffled_s0,twibot20,raw_center/ridge,-0.0,0.0,-0.0,-0.0,0.0,-0.0,-0.0,0.0,-0.0,-0.0,0.0,-0.0
original,cp_hk,0,lowest_shuffled,memberctl_cp_hk_lowest_shuffled_s0,twibot20,raw_context/prototype,-0.0,0.0,-0.0,-0.0,0.0,-0.0,-0.0,0.0,-0.0,-0.0,0.0,-0.0
original,cp_hk,0,lowest_shuffled,memberctl_cp_hk_lowest_shuffled_s0,twibot20,raw_context/ridge,-0.0,0.0,-0.0,-0.0,0.0,-0.0,-0.0,0.0,-0.0,-0.0,0.0,-0.0
original,cp_hk,0,lowest_shuffled,memberctl_cp_hk_lowest_shuffled_s0,twibot20,raw_joint/prototype,-0.0,0.0,-0.0,-0.0,0.0,-0.0,-0.0,0.0,-0.0,-0.0,0.0,-0.0
original,cp_hk,0,lowest_shuffled,memberctl_cp_hk_lowest_shuffled_s0,twibot20,raw_joint/ridge,-0.0,0.0,-0.0,-0.0,0.0,-0.0,-0.0,0.0,-0.0,-0.0,0.0,-0.0
original,cp_hk,0,lowest_shuffled,memberctl_cp_hk_lowest_shuffled_s0,ukr_rus_suspended,M2_post_meta/prototype,0.03387451171875,-0.014678955078125,0.048553466796875,-0.0078125,0.01171875,-0.01953125,-0.5535688536409517,0.005610521235521304,-0.559179374876473,-0.0008684992790222168,6.884336471557617e-05,-0.000937342643737793
original,cp_hk,0,lowest_shuffled,memberctl_cp_hk_lowest_shuffled_s0,ukr_rus_suspended,M2_post_meta/ridge,0.03302001953125,-0.015533447265625,0.048553466796875,-0.0078125,-0.015625,0.0078125,-0.5535688536409517,-0.019620509892883387,-0.5339483437480683,0.032324135303497314,0.0006075501441955566,0.03171658515930176
original,cp_hk,0,lowest_shuffled,memberctl_cp_hk_lowest_shuffled_s0,ukr_rus_suspended,S0_conv_center/prototype,-0.0,0.0,-0.0,-0.0,0.0,-0.0,-0.0,0.0,-0.0,-0.0,0.0,-0.0
original,cp_hk,0,lowest_shuffled,memberctl_cp_hk_lowest_shuffled_s0,ukr_rus_suspended,S0_conv_center/ridge,-0.0,0.0,-0.0,-0.0,0.0,-0.0,-0.0,0.0,-0.0,-0.0,0.0,-0.0
original,cp_hk,0,lowest_shuffled,memberctl_cp_hk_lowest_shuffled_s0,ukr_rus_suspended,S0_pool/prototype,-0.0,0.0,-0.0,-0.0,0.0,-0.0,-0.0,0.0,-0.0,-0.0,0.0,-0.0
original,cp_hk,0,lowest_shuffled,memberctl_cp_hk_lowest_shuffled_s0,ukr_rus_suspended,S0_pool/ridge,-0.0,0.0,-0.0,-0.0,0.0,-0.0,-0.0,0.0,-0.0,-0.0,0.0,-0.0
original,cp_hk,0,lowest_shuffled,memberctl_cp_hk_lowest_shuffled_s0,ukr_rus_suspended,U1_pre_meta/prototype,0.00640869140625,-0.01715087890625,0.0235595703125,0.01953125,-0.01171875,0.03125,0.02091193588956164,0.011059623107815941,0.009852312781745698,-0.00011897087097167969,2.6226043701171875e-05,-0.00014519691467285156
original,cp_hk,0,lowest_shuffled,memberctl_cp_hk_lowest_shuffled_s0,ukr_rus_suspended,U1_pre_meta/ridge,0.00445556640625,-0.011749267578125,0.016204833984375,0.0078125,-0.015625,0.0234375,-0.0035550375173016846,0.0014083605402984145,-0.004963398057600099,-0.0003114938735961914,0.00025981664657592773,-0.0005713105201721191
original,cp_hk,0,lowest_shuffled,memberctl_cp_hk_lowest_shuffled_s0,ukr_rus_suspended,final_input/prototype,0.03387451171875,-0.014678955078125,0.048553466796875,-0.0078125,0.01171875,-0.01953125,-0.5535688536409517,0.005610521235521304,-0.559179374876473,-0.0008684992790222168,6.884336471557617e-05,-0.000937342643737793
original,cp_hk,0,lowest_shuffled,memberctl_cp_hk_lowest_shuffled_s0,ukr_rus_suspended,final_input/ridge,0.03302001953125,-0.015533447265625,0.048553466796875,-0.0078125,-0.015625,0.0078125,-0.5535688536409517,-0.019620509892883387,-0.5339483437480683,0.032324135303497314,0.0006075501441955566,0.03171658515930176
original,cp_hk,0,lowest_shuffled,memberctl_cp_hk_lowest_shuffled_s0,ukr_rus_suspended,full_model,0.046630859375,0.021270751953125,0.025360107421875,0.04296875,-0.0078125,0.05078125,-0.004363636363636347,0.029850746268656716,-0.03421438263229307,0.13387465476989746,-0.09866583347320557,0.23254048824310303
original,cp_hk,0,lowest_shuffled,memberctl_cp_hk_lowest_shuffled_s0,ukr_rus_suspended,raw_center/prototype,-0.0,0.0,-0.0,-0.0,0.0,-0.0,-5.551115123125783e-17,5.551115123125783e-17,-1.1102230246251565e-16,-0.0,0.0,-0.0
original,cp_hk,0,lowest_shuffled,memberctl_cp_hk_lowest_shuffled_s0,ukr_rus_suspended,raw_center/ridge,-0.0,0.0,-0.0,-0.0,0.0,-0.0,-5.551115123125783e-17,5.551115123125783e-17,-1.1102230246251565e-16,-0.0,0.0,-0.0
original,cp_hk,0,lowest_shuffled,memberctl_cp_hk_lowest_shuffled_s0,ukr_rus_suspended,raw_context/prototype,-0.0,0.0,-0.0,-0.0,0.0,-0.0,-0.0,0.0,-0.0,-0.0,0.0,-0.0
original,cp_hk,0,lowest_shuffled,memberctl_cp_hk_lowest_shuffled_s0,ukr_rus_suspended,raw_context/ridge,-0.0,0.0,-0.0,-0.0,0.0,-0.0,-5.551115123125783e-17,5.551115123125783e-17,-1.1102230246251565e-16,-0.0,0.0,-0.0
original,cp_hk,0,lowest_shuffled,memberctl_cp_hk_lowest_shuffled_s0,ukr_rus_suspended,raw_joint/prototype,-0.0,0.0,-0.0,-0.0,0.0,-0.0,-5.551115123125783e-17,5.551115123125783e-17,-1.1102230246251565e-16,-0.0,0.0,-0.0
original,cp_hk,0,lowest_shuffled,memberctl_cp_hk_lowest_shuffled_s0,ukr_rus_suspended,raw_joint/ridge,-0.0,0.0,-0.0,-0.0,0.0,-0.0,-0.0,0.0,-0.0,-0.0,0.0,-0.0
original,cp_hk,0,lowest_sorted,memberctl_cp_hk_lowest_sorted_s0,covid_political,M2_post_meta/prototype,0.11368052164713549,-0.04248103389033564,0.15616155553747113,0.3499348958333333,-0.06380208333333337,0.4137369791666667,-0.10599306449555229,-0.06572667658335257,-0.04026638791219972,-0.05342477560043335,-0.0011095404624938965,-0.05231523513793945
original,cp_hk,0,lowest_sorted,memberctl_cp_hk_lowest_sorted_s0,covid_political,M2_post_meta/ridge,0.07128934507016782,-0.03666376184534137,0.10795310691550919,0.35709635416666663,-0.05989583333333337,0.4169921875,-0.11772303806523346,-0.05865722644246135,-0.05906581162277211,-0.07993686199188232,-0.007197201251983643,-0.07273966073989868
original,cp_hk,0,lowest_sorted,memberctl_cp_hk_lowest_sorted_s0,covid_political,S0_conv_center/prototype,-0.0,0.0,-0.0,-0.0,0.0,-0.0,-0.0,0.0,-0.0,-0.0,0.0,-0.0
original,cp_hk,0,lowest_sorted,memberctl_cp_hk_lowest_sorted_s0,covid_political,S0_conv_center/ridge,-0.0,0.0,-0.0,-0.0,0.0,-0.0,-0.0,0.0,-0.0,-0.0,0.0,-0.0
original,cp_hk,0,lowest_sorted,memberctl_cp_hk_lowest_sorted_s0,covid_political,S0_pool/prototype,-0.0,0.0,-0.0,-0.0,0.0,-0.0,-0.0,0.0,-0.0,-0.0,0.0,-0.0
original,cp_hk,0,lowest_sorted,memberctl_cp_hk_lowest_sorted_s0,covid_political,S0_pool/ridge,1.1102230246251565e-16,0.0,1.1102230246251565e-16,-0.0,0.0,-0.0,-0.0,0.0,-0.0,-0.0,0.0,-0.0
original,cp_hk,0,lowest_sorted,memberctl_cp_hk_lowest_sorted_s0,covid_political,U1_pre_meta/prototype,0.04706686514395264,-0.03303047462745956,0.0800973397714122,0.08235677083333326,-0.04329427083333326,0.12565104166666652,0.09906382112216772,-0.05530337728399737,0.15436719840616508,-0.01923346519470215,-0.0014712810516357422,-0.017762184143066406
original,cp_hk,0,lowest_sorted,memberctl_cp_hk_lowest_sorted_s0,covid_political,U1_pre_meta/ridge,0.05756434687861678,-0.03798958107277195,0.09555392795138873,0.1005859375,-0.0498046875,0.150390625,0.12362175311038315,-0.06119960581039924,0.18482135892078239,-0.060823142528533936,-0.004440188407897949,-0.056382954120635986
original,cp_hk,0,lowest_sorted,memberctl_cp_hk_lowest_sorted_s0,covid_political,final_input/prototype,0.11368052164713549,-0.04248103389033564,0.15616155553747113,0.3499348958333333,-0.06380208333333337,0.4137369791666667,-0.10599306449555229,-0.06572667658335257,-0.04026638791219972,-0.05342477560043335,-0.0011095404624938965,-0.05231523513793945
original,cp_hk,0,lowest_sorted,memberctl_cp_hk_lowest_sorted_s0,covid_political,final_input/ridge,0.07128934507016782,-0.03666376184534137,0.10795310691550919,0.35709635416666663,-0.05989583333333337,0.4169921875,-0.11772303806523346,-0.05865722644246135,-0.05906581162277211,-0.07993686199188232,-0.007197201251983643,-0.07273966073989868
original,cp_hk,0,lowest_sorted,memberctl_cp_hk_lowest_sorted_s0,covid_political,full_model,0.12181854248046875,-0.1146254362883391,0.23644397876880785,-0.02311197916666663,0.0,-0.02311197916666663,0.35426602896417936,0.0,0.35426602896417936,0.24478256702423096,-0.0072585344314575195,0.2520411014556885
original,cp_hk,0,lowest_sorted,memberctl_cp_hk_lowest_sorted_s0,covid_political,raw_center/prototype,-0.0,0.0,-0.0,-0.0,0.0,-0.0,-0.0,0.0,-0.0,-0.0,0.0,-0.0
original,cp_hk,0,lowest_sorted,memberctl_cp_hk_lowest_sorted_s0,covid_political,raw_center/ridge,-0.0,0.0,-0.0,-0.0,0.0,-0.0,-0.0,0.0,-0.0,-0.0,0.0,-0.0
original,cp_hk,0,lowest_sorted,memberctl_cp_hk_lowest_sorted_s0,covid_political,raw_context/prototype,-1.1102230246251565e-16,1.1102230246251565e-16,-2.220446049250313e-16,-0.0,0.0,-0.0,-0.0,0.0,-0.0,-0.0,0.0,-0.0
original,cp_hk,0,lowest_sorted,memberctl_cp_hk_lowest_sorted_s0,covid_political,raw_context/ridge,-0.0,0.0,-0.0,-0.0,0.0,-0.0,-0.0,0.0,-0.0,-0.0,0.0,-0.0
original,cp_hk,0,lowest_sorted,memberctl_cp_hk_lowest_sorted_s0,covid_political,raw_joint/prototype,-0.0,0.0,-0.0,-0.0,0.0,-0.0,-0.0,0.0,-0.0,-0.0,0.0,-0.0
original,cp_hk,0,lowest_sorted,memberctl_cp_hk_lowest_sorted_s0,covid_political,raw_joint/ridge,-0.0,0.0,-0.0,-0.0,0.0,-0.0,-0.0,0.0,-0.0,-0.0,0.0,-0.0
original,cp_hk,0,lowest_sorted,memberctl_cp_hk_lowest_sorted_s0,election2020,M2_post_meta/prototype,0.166259765625,-0.044769287109375,0.211029052734375,0.109375,-0.04296875,0.15234375,-0.4507042253521127,-0.052408253166197016,-0.39829597218591567,0.014314591884613037,-8.07046890258789e-05,0.014395296573638916
original,cp_hk,0,lowest_sorted,memberctl_cp_hk_lowest_sorted_s0,election2020,M2_post_meta/ridge,0.1246337890625,-0.03558349609375,0.16021728515625,0.109375,-0.04296875,0.15234375,-0.4507042253521127,-0.03901319563970174,-0.41169102971241095,0.07188010215759277,-0.00023502111434936523,0.07211512327194214
original,cp_hk,0,lowest_sorted,memberctl_cp_hk_lowest_sorted_s0,election2020,S0_conv_center/prototype,-0.0,0.0,-0.0,-0.0,0.0,-0.0,-0.0,0.0,-0.0,-0.0,0.0,-0.0
original,cp_hk,0,lowest_sorted,memberctl_cp_hk_lowest_sorted_s0,election2020,S0_conv_center/ridge,-0.0,0.0,-0.0,-0.0,0.0,-0.0,-0.0,0.0,-0.0,-0.0,0.0,-0.0
original,cp_hk,0,lowest_sorted,memberctl_cp_hk_lowest_sorted_s0,election2020,S0_pool/prototype,-0.0,0.0,-0.0,-0.0,0.0,-0.0,1.1102230246251565e-16,-1.1102230246251565e-16,2.220446049250313e-16,-0.0,0.0,-0.0
original,cp_hk,0,lowest_sorted,memberctl_cp_hk_lowest_sorted_s0,election2020,S0_pool/ridge,-0.0,0.0,-0.0,-0.0,0.0,-0.0,1.1102230246251565e-16,-1.1102230246251565e-16,2.220446049250313e-16,-0.0,0.0,-0.0
original,cp_hk,0,lowest_sorted,memberctl_cp_hk_lowest_sorted_s0,election2020,U1_pre_meta/prototype,0.08746337890625,-0.038818359375,0.12628173828125,0.15234375,-0.02734375,0.1796875,0.14476090932845576,-0.026111854595250672,0.17087276392370643,-0.021158874034881592,0.0005534887313842773,-0.02171236276626587
original,cp_hk,0,lowest_sorted,memberctl_cp_hk_lowest_sorted_s0,election2020,U1_pre_meta/ridge,0.07159423828125,-0.05560302734375,0.127197265625,0.1015625,-0.046875,0.1484375,0.09457364341085273,-0.04761904761904756,0.1421926910299003,-0.08254718780517578,0.004549145698547363,-0.08709633350372314
original,cp_hk,0,lowest_sorted,memberctl_cp_hk_lowest_sorted_s0,election2020,final_input/prototype,0.166259765625,-0.044769287109375,0.211029052734375,0.109375,-0.04296875,0.15234375,-0.4507042253521127,-0.052408253166197016,-0.39829597218591567,0.014314591884613037,-8.07046890258789e-05,0.014395296573638916
original,cp_hk,0,lowest_sorted,memberctl_cp_hk_lowest_sorted_s0,election2020,final_input/ridge,0.1246337890625,-0.03558349609375,0.16021728515625,0.109375,-0.04296875,0.15234375,-0.4507042253521127,-0.03901319563970174,-0.41169102971241095,0.07188010215759277,-0.00023502111434936523,0.07211512327194214
original,cp_hk,0,lowest_sorted,memberctl_cp_hk_lowest_sorted_s0,election2020,full_model,0.30279541015625,-0.1480712890625,0.45086669921875,0.43359375,0.0,0.43359375,0.798313878080415,0.0,0.798313878080415,-0.5061979591846466,0.13814419507980347,-0.6443421542644501
original,cp_hk,0,lowest_sorted,memberctl_cp_hk_lowest_sorted_s0,election2020,raw_center/prototype,-0.0,0.0,-0.0,-0.0,0.0,-0.0,-0.0,0.0,-0.0,-0.0,0.0,-0.0
original,cp_hk,0,lowest_sorted,memberctl_cp_hk_lowest_sorted_s0,election2020,raw_center/ridge,-0.0,0.0,-0.0,-0.0,0.0,-0.0,-0.0,0.0,-0.0,-0.0,0.0,-0.0
original,cp_hk,0,lowest_sorted,memberctl_cp_hk_lowest_sorted_s0,election2020,raw_context/prototype,-0.0,0.0,-0.0,-0.0,0.0,-0.0,1.1102230246251565e-16,-1.1102230246251565e-16,2.220446049250313e-16,-0.0,0.0,-0.0
original,cp_hk,0,lowest_sorted,memberctl_cp_hk_lowest_sorted_s0,election2020,raw_context/ridge,-0.0,0.0,-0.0,-0.0,0.0,-0.0,1.1102230246251565e-16,-1.1102230246251565e-16,2.220446049250313e-16,-0.0,0.0,-0.0
original,cp_hk,0,lowest_sorted,memberctl_cp_hk_lowest_sorted_s0,election2020,raw_joint/prototype,-0.0,0.0,-0.0,-0.0,0.0,-0.0,-0.0,0.0,-0.0,-0.0,0.0,-0.0
original,cp_hk,0,lowest_sorted,memberctl_cp_hk_lowest_sorted_s0,election2020,raw_joint/ridge,-0.0,0.0,-0.0,-0.0,0.0,-0.0,-0.0,0.0,-0.0,-0.0,0.0,-0.0
original,cp_hk,0,lowest_sorted,memberctl_cp_hk_lowest_sorted_s0,facebook_page_reference,M2_post_meta/prototype,0.09502029418945312,-0.08678436279296875,0.18180465698242188,0.0615234375,-0.076171875,0.1376953125,0.06804076003961235,-0.07929083665338643,0.14733159669299878,-0.013389527797698975,-0.0003064274787902832,-0.013083100318908691
original,cp_hk,0,lowest_sorted,memberctl_cp_hk_lowest_sorted_s0,facebook_page_reference,M2_post_meta/ridge,0.10524940490722656,-0.07258987426757812,0.1778392791748047,0.0654296875,-0.06640625,0.1318359375,0.06749718271166105,-0.07040796502677915,0.1379051477384402,-0.04091912508010864,-0.002612471580505371,-0.03830665349960327
original,cp_hk,0,lowest_sorted,memberctl_cp_hk_lowest_sorted_s0,facebook_page_reference,S0_conv_center/prototype,-0.0,0.0,-0.0,-0.0,0.0,-0.0,-0.0,0.0,-0.0,-0.0,0.0,-0.0
original,cp_hk,0,lowest_sorted,memberctl_cp_hk_lowest_sorted_s0,facebook_page_reference,S0_conv_center/ridge,-0.0,0.0,-0.0,-0.0,0.0,-0.0,-0.0,0.0,-0.0,-0.0,0.0,-0.0
original,cp_hk,0,lowest_sorted,memberctl_cp_hk_lowest_sorted_s0,facebook_page_reference,S0_pool/prototype,-0.0,0.0,-0.0,-0.0,0.0,-0.0,-0.0,0.0,-0.0,-0.0,0.0,-0.0
original,cp_hk,0,lowest_sorted,memberctl_cp_hk_lowest_sorted_s0,facebook_page_reference,S0_pool/ridge,-0.0,0.0,-0.0,-0.0,0.0,-0.0,-0.0,0.0,-0.0,-0.0,0.0,-0.0
original,cp_hk,0,lowest_sorted,memberctl_cp_hk_lowest_sorted_s0,facebook_page_reference,U1_pre_meta/prototype,-0.09978485107421875,-0.09213829040527344,-0.0076465606689453125,-0.0771484375,-0.05859375,-0.0185546875,-0.06697509980067373,-0.05494425908784717,-0.012030840712826563,0.004722118377685547,-0.00019752979278564453,0.004919648170471191
original,cp_hk,0,lowest_sorted,memberctl_cp_hk_lowest_sorted_s0,facebook_page_reference,U1_pre_meta/ridge,-0.08410263061523438,-0.08993911743164062,0.00583648681640625,-0.0625,-0.0634765625,0.0009765625,-0.05470494725799491,-0.06352174367078012,0.00881679641278521,0.015960991382598877,-0.000956118106842041,0.016917109489440918
original,cp_hk,0,lowest_sorted,memberctl_cp_hk_lowest_sorted_s0,facebook_page_reference,final_input/prototype,0.09502029418945312,-0.08678436279296875,0.18180465698242188,0.0615234375,-0.076171875,0.1376953125,0.06804076003961235,-0.07929083665338643,0.14733159669299878,-0.013389527797698975,-0.0003064274787902832,-0.013083100318908691
original,cp_hk,0,lowest_sorted,memberctl_cp_hk_lowest_sorted_s0,facebook_page_reference,final_input/ridge,0.10524940490722656,-0.07258987426757812,0.1778392791748047,0.0654296875,-0.06640625,0.1318359375,0.06749718271166105,-0.07040796502677915,0.1379051477384402,-0.04091912508010864,-0.002612471580505371,-0.03830665349960327
original,cp_hk,0,lowest_sorted,memberctl_cp_hk_lowest_sorted_s0,facebook_page_reference,full_model,0.0245208740234375,0.013666152954101562,0.010854721069335938,0.00390625,0.0166015625,-0.0126953125,0.003146338135752824,0.010324483775811188,-0.007178145640058364,0.18222641944885254,-0.0001475811004638672,0.1823740005493164
original,cp_hk,0,lowest_sorted,memberctl_cp_hk_lowest_sorted_s0,facebook_page_reference,raw_center/prototype,-0.0,0.0,-0.0,-0.0,0.0,-0.0,-0.0,0.0,-0.0,-0.0,0.0,-0.0
original,cp_hk,0,lowest_sorted,memberctl_cp_hk_lowest_sorted_s0,facebook_page_reference,raw_center/ridge,1.1102230246251565e-16,-1.1102230246251565e-16,2.220446049250313e-16,-0.0,0.0,-0.0,-0.0,0.0,-0.0,-0.0,0.0,-0.0
original,cp_hk,0,lowest_sorted,memberctl_cp_hk_lowest_sorted_s0,facebook_page_reference,raw_context/prototype,-0.0,0.0,-0.0,-0.0,0.0,-0.0,-0.0,0.0,-0.0,-0.0,0.0,-0.0
original,cp_hk,0,lowest_sorted,memberctl_cp_hk_lowest_sorted_s0,facebook_page_reference,raw_context/ridge,-0.0,0.0,-0.0,-0.0,0.0,-0.0,-0.0,0.0,-0.0,-0.0,0.0,-0.0
original,cp_hk,0,lowest_sorted,memberctl_cp_hk_lowest_sorted_s0,facebook_page_reference,raw_joint/prototype,-0.0,0.0,-0.0,-0.0,0.0,-0.0,-0.0,0.0,-0.0,-0.0,0.0,-0.0
original,cp_hk,0,lowest_sorted,memberctl_cp_hk_lowest_sorted_s0,facebook_page_reference,raw_joint/ridge,1.1102230246251565e-16,-1.1102230246251565e-16,2.220446049250313e-16,-0.0,0.0,-0.0,-0.0,0.0,-0.0,-0.0,0.0,-0.0
original,cp_hk,0,lowest_sorted,memberctl_cp_hk_lowest_sorted_s0,twibot20,M2_post_meta/prototype,0.060485415988498215,0.0030161539713543517,0.05746926201714386,0.03515625,0.007486979166666741,0.02766927083333326,0.17346834444631082,0.002924609585912008,0.1705437348603988,-0.01833474636077881,-0.004848957061767578,-0.01348578929901123
original,cp_hk,0,lowest_sorted,memberctl_cp_hk_lowest_sorted_s0,twibot20,M2_post_meta/ridge,0.04152743021647132,0.004161834716796875,0.03736559549967444,0.02083333333333326,0.0078125,0.01302083333333326,0.15601904481439438,0.0029697167046564,0.15304932810973798,-0.020089805126190186,-0.023086369037628174,0.0029965639114379883
original,cp_hk,0,lowest_sorted,memberctl_cp_hk_lowest_sorted_s0,twibot20,S0_conv_center/prototype,-0.0,0.0,-0.0,-0.0,0.0,-0.0,-0.0,0.0,-0.0,-0.0,0.0,-0.0
original,cp_hk,0,lowest_sorted,memberctl_cp_hk_lowest_sorted_s0,twibot20,S0_conv_center/ridge,-0.0,0.0,-0.0,-0.0,0.0,-0.0,-0.0,0.0,-0.0,-0.0,0.0,-0.0
original,cp_hk,0,lowest_sorted,memberctl_cp_hk_lowest_sorted_s0,twibot20,S0_pool/prototype,-0.0,0.0,-0.0,-0.0,0.0,-0.0,-0.0,0.0,-0.0,-0.0,0.0,-0.0
original,cp_hk,0,lowest_sorted,memberctl_cp_hk_lowest_sorted_s0,twibot20,S0_pool/ridge,-0.0,0.0,-0.0,-0.0,0.0,-0.0,-0.0,0.0,-0.0,-0.0,0.0,-0.0
original,cp_hk,0,lowest_sorted,memberctl_cp_hk_lowest_sorted_s0,twibot20,U1_pre_meta/prototype,0.04500431484646261,0.00225067138671875,0.04275364345974386,0.037109375,0.0013020833333333703,0.03580729166666663,0.04755204416147207,-0.006043925900188318,0.05359597006166039,-0.003552258014678955,-0.0035181045532226562,-3.415346145629883e-05
original,cp_hk,0,lowest_sorted,memberctl_cp_hk_lowest_sorted_s0,twibot20,U1_pre_meta/ridge,0.04404216342502176,-0.0006383260091145093,0.04468048943413627,0.0419921875,0.001953125,0.0400390625,0.053808366974726685,-0.0047255909209966696,0.058533957895723354,-0.011842548847198486,-0.006371557712554932,-0.005470991134643555
original,cp_hk,0,lowest_sorted,memberctl_cp_hk_lowest_sorted_s0,twibot20,final_input/prototype,0.060485415988498215,0.0030161539713543517,0.05746926201714386,0.03515625,0.007486979166666741,0.02766927083333326,0.17346834444631082,0.002924609585912008,0.1705437348603988,-0.01833474636077881,-0.004848957061767578,-0.01348578929901123
original,cp_hk,0,lowest_sorted,memberctl_cp_hk_lowest_sorted_s0,twibot20,final_input/ridge,0.04152743021647132,0.004161834716796875,0.03736559549967444,0.02083333333333326,0.0078125,0.01302083333333326,0.15601904481439438,0.0029697167046564,0.15304932810973798,-0.020089805126190186,-0.023086369037628174,0.0029965639114379883
original,cp_hk,0,lowest_sorted,memberctl_cp_hk_lowest_sorted_s0,twibot20,full_model,0.06113624572753906,-0.03418117099338108,0.09531741672092015,0.0693359375,0.0,0.0693359375,-0.019414514143469286,0.0,-0.019414514143469286,0.23426073789596558,-0.00022906064987182617,0.2344897985458374
original,cp_hk,0,lowest_sorted,memberctl_cp_hk_lowest_sorted_s0,twibot20,raw_center/prototype,-0.0,0.0,-0.0,-0.0,0.0,-0.0,-0.0,0.0,-0.0,-0.0,0.0,-0.0
original,cp_hk,0,lowest_sorted,memberctl_cp_hk_lowest_sorted_s0,twibot20,raw_center/ridge,-0.0,0.0,-0.0,-0.0,0.0,-0.0,-0.0,0.0,-0.0,-0.0,0.0,-0.0
original,cp_hk,0,lowest_sorted,memberctl_cp_hk_lowest_sorted_s0,twibot20,raw_context/prototype,-0.0,0.0,-0.0,-0.0,0.0,-0.0,-0.0,0.0,-0.0,-0.0,0.0,-0.0
original,cp_hk,0,lowest_sorted,memberctl_cp_hk_lowest_sorted_s0,twibot20,raw_context/ridge,-0.0,0.0,-0.0,-0.0,0.0,-0.0,-0.0,0.0,-0.0,-0.0,0.0,-0.0
original,cp_hk,0,lowest_sorted,memberctl_cp_hk_lowest_sorted_s0,twibot20,raw_joint/prototype,-0.0,0.0,-0.0,-0.0,0.0,-0.0,-0.0,0.0,-0.0,-0.0,0.0,-0.0
original,cp_hk,0,lowest_sorted,memberctl_cp_hk_lowest_sorted_s0,twibot20,raw_joint/ridge,-0.0,0.0,-0.0,-0.0,0.0,-0.0,-0.0,0.0,-0.0,-0.0,0.0,-0.0
original,cp_hk,0,lowest_sorted,memberctl_cp_hk_lowest_sorted_s0,ukr_rus_suspended,M2_post_meta/prototype,-0.0155029296875,0.025146484375,-0.0406494140625,-0.03125,0.01953125,-0.05078125,-0.17859000867071306,0.013423021235521304,-0.19201302990623437,0.004211604595184326,9.447336196899414e-05,0.004117131233215332
original,cp_hk,0,lowest_sorted,memberctl_cp_hk_lowest_sorted_s0,ukr_rus_suspended,M2_post_meta/ridge,-0.014404296875,0.022430419921875,-0.036834716796875,-0.01953125,0.015625,-0.03515625,-0.16566305365984207,0.011507894776377314,-0.1771709484362194,0.02192765474319458,0.0007081031799316406,0.02121955156326294
original,cp_hk,0,lowest_sorted,memberctl_cp_hk_lowest_sorted_s0,ukr_rus_suspended,S0_conv_center/prototype,-0.0,0.0,-0.0,-0.0,0.0,-0.0,-0.0,0.0,-0.0,-0.0,0.0,-0.0
original,cp_hk,0,lowest_sorted,memberctl_cp_hk_lowest_sorted_s0,ukr_rus_suspended,S0_conv_center/ridge,-0.0,0.0,-0.0,-0.0,0.0,-0.0,-0.0,0.0,-0.0,-0.0,0.0,-0.0
original,cp_hk,0,lowest_sorted,memberctl_cp_hk_lowest_sorted_s0,ukr_rus_suspended,S0_pool/prototype,-0.0,0.0,-0.0,-0.0,0.0,-0.0,-0.0,0.0,-0.0,-0.0,0.0,-0.0
original,cp_hk,0,lowest_sorted,memberctl_cp_hk_lowest_sorted_s0,ukr_rus_suspended,S0_pool/ridge,-0.0,0.0,-0.0,-0.0,0.0,-0.0,-0.0,0.0,-0.0,-0.0,0.0,-0.0
original,cp_hk,0,lowest_sorted,memberctl_cp_hk_lowest_sorted_s0,ukr_rus_suspended,U1_pre_meta/prototype,-0.020751953125,0.0252685546875,-0.0460205078125,-0.00390625,0.03515625,-0.0390625,-0.009291289059149777,0.0420730541212469,-0.05136434318039668,-0.0002397298812866211,0.00010395050048828125,-0.00034368038177490234
original,cp_hk,0,lowest_sorted,memberctl_cp_hk_lowest_sorted_s0,ukr_rus_suspended,U1_pre_meta/ridge,0.0006103515625,0.02642822265625,-0.02581787109375,0.01171875,0.03515625,-0.0234375,0.001999549397318945,0.04270741502595754,-0.040707865628638595,-0.0016598105430603027,0.0004914999008178711,-0.002151310443878174
original,cp_hk,0,lowest_sorted,memberctl_cp_hk_lowest_sorted_s0,ukr_rus_suspended,final_input/prototype,-0.0155029296875,0.025146484375,-0.0406494140625,-0.03125,0.01953125,-0.05078125,-0.17859000867071306,0.013423021235521304,-0.19201302990623437,0.004211604595184326,9.447336196899414e-05,0.004117131233215332
original,cp_hk,0,lowest_sorted,memberctl_cp_hk_lowest_sorted_s0,ukr_rus_suspended,final_input/ridge,-0.014404296875,0.022430419921875,-0.036834716796875,-0.01953125,0.015625,-0.03515625,-0.16566305365984207,0.011507894776377314,-0.1771709484362194,0.02192765474319458,0.0007081031799316406,0.02121955156326294
original,cp_hk,0,lowest_sorted,memberctl_cp_hk_lowest_sorted_s0,ukr_rus_suspended,full_model,0.08404541015625,0.058380126953125,0.025665283203125,0.05078125,0.0,0.05078125,-0.07652745368827085,0.0,-0.07652745368827085,0.2341785430908203,-0.034767091274261475,0.2689456343650818
original,cp_hk,0,lowest_sorted,memberctl_cp_hk_lowest_sorted_s0,ukr_rus_suspended,raw_center/prototype,-0.0,0.0,-0.0,-0.0,0.0,-0.0,-5.551115123125783e-17,5.551115123125783e-17,-1.1102230246251565e-16,-0.0,0.0,-0.0
original,cp_hk,0,lowest_sorted,memberctl_cp_hk_lowest_sorted_s0,ukr_rus_suspended,raw_center/ridge,-0.0,0.0,-0.0,-0.0,0.0,-0.0,-5.551115123125783e-17,5.551115123125783e-17,-1.1102230246251565e-16,-0.0,0.0,-0.0
original,cp_hk,0,lowest_sorted,memberctl_cp_hk_lowest_sorted_s0,ukr_rus_suspended,raw_context/prototype,-0.0,0.0,-0.0,-0.0,0.0,-0.0,-0.0,0.0,-0.0,-0.0,0.0,-0.0
original,cp_hk,0,lowest_sorted,memberctl_cp_hk_lowest_sorted_s0,ukr_rus_suspended,raw_context/ridge,-0.0,0.0,-0.0,-0.0,0.0,-0.0,-5.551115123125783e-17,5.551115123125783e-17,-1.1102230246251565e-16,-0.0,0.0,-0.0
original,cp_hk,0,lowest_sorted,memberctl_cp_hk_lowest_sorted_s0,ukr_rus_suspended,raw_joint/prototype,-0.0,0.0,-0.0,-0.0,0.0,-0.0,-5.551115123125783e-17,5.551115123125783e-17,-1.1102230246251565e-16,-0.0,0.0,-0.0
original,cp_hk,0,lowest_sorted,memberctl_cp_hk_lowest_sorted_s0,ukr_rus_suspended,raw_joint/ridge,-0.0,0.0,-0.0,-0.0,0.0,-0.0,-0.0,0.0,-0.0,-0.0,0.0,-0.0
original,cp_hk,0,uniform_shuffled,memberctl_cp_hk_uniform_shuffled_s0,covid_political,M2_post_meta/prototype,0.37818739149305564,0.05297879819516793,0.3252085932978877,0.2770182291666667,-0.0126953125,0.2897135416666667,0.013814917319812964,0.04542061548539539,-0.031605698165582424,-0.06614291667938232,-0.0006682872772216797,-0.06547462940216064
original,cp_hk,0,uniform_shuffled,memberctl_cp_hk_uniform_shuffled_s0,covid_political,M2_post_meta/ridge,0.3449427286783854,0.05618936044198508,0.2887533682364003,0.27734375000000006,-0.01041666666666663,0.2877604166666667,-0.04537953433692332,0.04626951995373052,-0.09164905429065384,-0.1464291214942932,-0.0057503581047058105,-0.1406787633895874
original,cp_hk,0,uniform_shuffled,memberctl_cp_hk_uniform_shuffled_s0,covid_political,S0_conv_center/prototype,-0.0,0.0,-0.0,-0.0,0.0,-0.0,-0.0,0.0,-0.0,-0.0,0.0,-0.0
original,cp_hk,0,uniform_shuffled,memberctl_cp_hk_uniform_shuffled_s0,covid_political,S0_conv_center/ridge,-0.0,0.0,-0.0,-0.0,0.0,-0.0,-0.0,0.0,-0.0,-0.0,0.0,-0.0
original,cp_hk,0,uniform_shuffled,memberctl_cp_hk_uniform_shuffled_s0,covid_political,S0_pool/prototype,-0.0,0.0,-0.0,-0.0,0.0,-0.0,-0.0,0.0,-0.0,-0.0,0.0,-0.0
original,cp_hk,0,uniform_shuffled,memberctl_cp_hk_uniform_shuffled_s0,covid_political,S0_pool/ridge,-0.0,0.0,-0.0,-0.0,0.0,-0.0,-0.0,0.0,-0.0,-0.0,0.0,-0.0
original,cp_hk,0,uniform_shuffled,memberctl_cp_hk_uniform_shuffled_s0,covid_political,U1_pre_meta/prototype,0.015517340766059151,0.0541701140227141,-0.03865277325665495,0.0244140625,0.0013020833333333703,0.02311197916666663,0.030647292832905237,0.03640552995391705,-0.005758237121011811,-0.0038886070251464844,0.00011181831359863281,-0.004000425338745117
original,cp_hk,0,uniform_shuffled,memberctl_cp_hk_uniform_shuffled_s0,covid_political,U1_pre_meta/ridge,0.04742064299406845,0.04210465042679401,0.005315992567274441,0.04850260416666674,-0.0022786458333333703,0.05078125000000011,0.06039775546502013,0.025915922989972917,0.034481832475047214,-0.02364516258239746,-0.0007498860359191895,-0.02289527654647827
original,cp_hk,0,uniform_shuffled,memberctl_cp_hk_uniform_shuffled_s0,covid_political,final_input/prototype,0.37818739149305564,0.05297879819516793,0.3252085932978877,0.2770182291666667,-0.0126953125,0.2897135416666667,0.013814917319812964,0.04542061548539539,-0.031605698165582424,-0.06614291667938232,-0.0006682872772216797,-0.06547462940216064
original,cp_hk,0,uniform_shuffled,memberctl_cp_hk_uniform_shuffled_s0,covid_political,final_input/ridge,0.3449427286783854,0.05618936044198508,0.2887533682364003,0.27734375000000006,-0.01041666666666663,0.2877604166666667,-0.04537953433692332,0.04626951995373052,-0.09164905429065384,-0.1464291214942932,-0.0057503581047058105,-0.1406787633895874
original,cp_hk,0,uniform_shuffled,memberctl_cp_hk_uniform_shuffled_s0,covid_political,full_model,0.01747357403790506,-0.12200249565972221,0.13947606969762727,-0.12109375,0.0,-0.12109375,0.23668779304715631,0.0,0.23668779304715631,0.35674405097961415,-0.0034323930740356445,0.3601764440536498
original,cp_hk,0,uniform_shuffled,memberctl_cp_hk_uniform_shuffled_s0,covid_political,raw_center/prototype,-0.0,0.0,-0.0,-0.0,0.0,-0.0,-0.0,0.0,-0.0,-0.0,0.0,-0.0
original,cp_hk,0,uniform_shuffled,memberctl_cp_hk_uniform_shuffled_s0,covid_political,raw_center/ridge,-0.0,0.0,-0.0,-0.0,0.0,-0.0,-0.0,0.0,-0.0,-0.0,0.0,-0.0
original,cp_hk,0,uniform_shuffled,memberctl_cp_hk_uniform_shuffled_s0,covid_political,raw_context/prototype,-1.1102230246251565e-16,1.1102230246251565e-16,-2.220446049250313e-16,-0.0,0.0,-0.0,-0.0,0.0,-0.0,-0.0,0.0,-0.0
original,cp_hk,0,uniform_shuffled,memberctl_cp_hk_uniform_shuffled_s0,covid_political,raw_context/ridge,-0.0,0.0,-0.0,-0.0,0.0,-0.0,-0.0,0.0,-0.0,-0.0,0.0,-0.0
original,cp_hk,0,uniform_shuffled,memberctl_cp_hk_uniform_shuffled_s0,covid_political,raw_joint/prototype,-0.0,0.0,-0.0,-0.0,0.0,-0.0,-0.0,0.0,-0.0,-0.0,0.0,-0.0
original,cp_hk,0,uniform_shuffled,memberctl_cp_hk_uniform_shuffled_s0,covid_political,raw_joint/ridge,-0.0,0.0,-0.0,-0.0,0.0,-0.0,-0.0,0.0,-0.0,-0.0,0.0,-0.0
original,cp_hk,0,uniform_shuffled,memberctl_cp_hk_uniform_shuffled_s0,election2020,M2_post_meta/prototype,0.32318115234375,0.026885986328125,0.296295166015625,0.125,0.03125,0.09375,-0.15875509669696633,0.037309585188657124,-0.19606468188562345,-0.011649906635284424,-0.00022149085998535156,-0.011428415775299072
original,cp_hk,0,uniform_shuffled,memberctl_cp_hk_uniform_shuffled_s0,election2020,M2_post_meta/ridge,0.4736328125,0.0335693359375,0.4400634765625,0.109375,0.0390625,0.0703125,-0.23529411764705882,0.04838176234349156,-0.2836758799905504,-0.008294403553009033,-0.0019192099571228027,-0.0063751935958862305
original,cp_hk,0,uniform_shuffled,memberctl_cp_hk_uniform_shuffled_s0,election2020,S0_conv_center/prototype,-0.0,0.0,-0.0,-0.0,0.0,-0.0,-0.0,0.0,-0.0,-0.0,0.0,-0.0
original,cp_hk,0,uniform_shuffled,memberctl_cp_hk_uniform_shuffled_s0,election2020,S0_conv_center/ridge,-0.0,0.0,-0.0,-0.0,0.0,-0.0,-0.0,0.0,-0.0,-0.0,0.0,-0.0
original,cp_hk,0,uniform_shuffled,memberctl_cp_hk_uniform_shuffled_s0,election2020,S0_pool/prototype,-0.0,0.0,-0.0,-0.0,0.0,-0.0,-1.1102230246251565e-16,-1.1102230246251565e-16,0.0,-0.0,0.0,-0.0
original,cp_hk,0,uniform_shuffled,memberctl_cp_hk_uniform_shuffled_s0,election2020,S0_pool/ridge,-0.0,0.0,-0.0,-0.0,0.0,-0.0,-1.1102230246251565e-16,-1.1102230246251565e-16,0.0,-0.0,0.0,-0.0
original,cp_hk,0,uniform_shuffled,memberctl_cp_hk_uniform_shuffled_s0,election2020,U1_pre_meta/prototype,0.157958984375,0.00506591796875,0.15289306640625,0.171875,0.015625,0.15625,0.17555245576683065,0.018569324963186862,0.1569831308036438,-0.0053920745849609375,0.0004431605339050293,-0.005835235118865967
original,cp_hk,0,uniform_shuffled,memberctl_cp_hk_uniform_shuffled_s0,election2020,U1_pre_meta/ridge,0.133544921875,-0.01214599609375,0.14569091796875,0.1640625,-0.015625,0.1796875,0.16078697421981003,-0.01041666666666663,0.17120364088647666,-0.036660075187683105,0.002888798713684082,-0.03954887390136719
original,cp_hk,0,uniform_shuffled,memberctl_cp_hk_uniform_shuffled_s0,election2020,final_input/prototype,0.32318115234375,0.026885986328125,0.296295166015625,0.125,0.03125,0.09375,-0.15875509669696633,0.037309585188657124,-0.19606468188562345,-0.011649906635284424,-0.00022149085998535156,-0.011428415775299072
original,cp_hk,0,uniform_shuffled,memberctl_cp_hk_uniform_shuffled_s0,election2020,final_input/ridge,0.4736328125,0.0335693359375,0.4400634765625,0.109375,0.0390625,0.0703125,-0.23529411764705882,0.04838176234349156,-0.2836758799905504,-0.008294403553009033,-0.0019192099571228027,-0.0063751935958862305
original,cp_hk,0,uniform_shuffled,memberctl_cp_hk_uniform_shuffled_s0,election2020,full_model,0.1478271484375,-0.0211181640625,0.1689453125,0.26171875,0.0,0.26171875,0.6684765419082762,0.0,0.6684765419082762,-0.1258653998374939,0.052309393882751465,-0.17817479372024536
original,cp_hk,0,uniform_shuffled,memberctl_cp_hk_uniform_shuffled_s0,election2020,raw_center/prototype,-0.0,0.0,-0.0,-0.0,0.0,-0.0,-0.0,0.0,-0.0,-0.0,0.0,-0.0
original,cp_hk,0,uniform_shuffled,memberctl_cp_hk_uniform_shuffled_s0,election2020,raw_center/ridge,-0.0,0.0,-0.0,-0.0,0.0,-0.0,-0.0,0.0,-0.0,-0.0,0.0,-0.0
original,cp_hk,0,uniform_shuffled,memberctl_cp_hk_uniform_shuffled_s0,election2020,raw_context/prototype,-0.0,0.0,-0.0,-0.0,0.0,-0.0,1.1102230246251565e-16,-1.1102230246251565e-16,2.220446049250313e-16,-0.0,0.0,-0.0
original,cp_hk,0,uniform_shuffled,memberctl_cp_hk_uniform_shuffled_s0,election2020,raw_context/ridge,-0.0,0.0,-0.0,-0.0,0.0,-0.0,1.1102230246251565e-16,-1.1102230246251565e-16,2.220446049250313e-16,-0.0,0.0,-0.0
original,cp_hk,0,uniform_shuffled,memberctl_cp_hk_uniform_shuffled_s0,election2020,raw_joint/prototype,-0.0,0.0,-0.0,-0.0,0.0,-0.0,-0.0,0.0,-0.0,-0.0,0.0,-0.0
original,cp_hk,0,uniform_shuffled,memberctl_cp_hk_uniform_shuffled_s0,election2020,raw_joint/ridge,-0.0,0.0,-0.0,-0.0,0.0,-0.0,-0.0,0.0,-0.0,-0.0,0.0,-0.0
original,cp_hk,0,uniform_shuffled,memberctl_cp_hk_uniform_shuffled_s0,facebook_page_reference,M2_post_meta/prototype,0.10975837707519531,-0.019472122192382812,0.12923049926757812,0.08203125,-0.044921875,0.126953125,0.08344677691320024,-0.05027470762112829,0.13372148453432853,-0.011857986450195312,-0.0003173947334289551,-0.011540591716766357
original,cp_hk,0,uniform_shuffled,memberctl_cp_hk_uniform_shuffled_s0,facebook_page_reference,M2_post_meta/ridge,0.11575508117675781,-0.00934600830078125,0.12510108947753906,0.0810546875,-0.041015625,0.1220703125,0.07888664972691961,-0.04975001975239002,0.12863666947930963,-0.0358809232711792,-0.002896547317504883,-0.032984375953674316
original,cp_hk,0,uniform_shuffled,memberctl_cp_hk_uniform_shuffled_s0,facebook_page_reference,S0_conv_center/prototype,-0.0,0.0,-0.0,-0.0,0.0,-0.0,-0.0,0.0,-0.0,-0.0,0.0,-0.0
original,cp_hk,0,uniform_shuffled,memberctl_cp_hk_uniform_shuffled_s0,facebook_page_reference,S0_conv_center/ridge,-0.0,0.0,-0.0,-0.0,0.0,-0.0,-0.0,0.0,-0.0,-0.0,0.0,-0.0
original,cp_hk,0,uniform_shuffled,memberctl_cp_hk_uniform_shuffled_s0,facebook_page_reference,S0_pool/prototype,-0.0,0.0,-0.0,-0.0,0.0,-0.0,-0.0,0.0,-0.0,-0.0,0.0,-0.0
original,cp_hk,0,uniform_shuffled,memberctl_cp_hk_uniform_shuffled_s0,facebook_page_reference,S0_pool/ridge,-0.0,0.0,-0.0,-0.0,0.0,-0.0,-0.0,0.0,-0.0,-0.0,0.0,-0.0
original,cp_hk,0,uniform_shuffled,memberctl_cp_hk_uniform_shuffled_s0,facebook_page_reference,U1_pre_meta/prototype,-0.12264633178710938,-0.04538917541503906,-0.07725715637207031,-0.0966796875,-0.046875,-0.0498046875,-0.09270313740274361,-0.05110579463364817,-0.041597342769095436,0.008047401905059814,0.00014001131057739258,0.007907390594482422
original,cp_hk,0,uniform_shuffled,memberctl_cp_hk_uniform_shuffled_s0,facebook_page_reference,U1_pre_meta/ridge,-0.120452880859375,-0.053070068359375,-0.0673828125,-0.0927734375,-0.05859375,-0.0341796875,-0.08777310489451517,-0.06401030437095734,-0.023762800523557837,0.03021472692489624,0.0013105273246765137,0.028904199600219727
original,cp_hk,0,uniform_shuffled,memberctl_cp_hk_uniform_shuffled_s0,facebook_page_reference,final_input/prototype,0.10975837707519531,-0.019472122192382812,0.12923049926757812,0.08203125,-0.044921875,0.126953125,0.08344677691320024,-0.05027470762112829,0.13372148453432853,-0.011857986450195312,-0.0003173947334289551,-0.011540591716766357
original,cp_hk,0,uniform_shuffled,memberctl_cp_hk_uniform_shuffled_s0,facebook_page_reference,final_input/ridge,0.11575508117675781,-0.00934600830078125,0.12510108947753906,0.0810546875,-0.041015625,0.1220703125,0.07888664972691961,-0.04975001975239002,0.12863666947930963,-0.0358809232711792,-0.002896547317504883,-0.032984375953674316
original,cp_hk,0,uniform_shuffled,memberctl_cp_hk_uniform_shuffled_s0,facebook_page_reference,full_model,0.06722831726074219,0.00213623046875,0.06509208679199219,0.033203125,0.00390625,0.029296875,0.03250478011472269,0.029465473505036255,0.003039306609686432,0.10103029012680054,9.846687316894531e-05,0.10093182325363159
original,cp_hk,0,uniform_shuffled,memberctl_cp_hk_uniform_shuffled_s0,facebook_page_reference,raw_center/prototype,-0.0,0.0,-0.0,-0.0,0.0,-0.0,-0.0,0.0,-0.0,-0.0,0.0,-0.0
original,cp_hk,0,uniform_shuffled,memberctl_cp_hk_uniform_shuffled_s0,facebook_page_reference,raw_center/ridge,1.1102230246251565e-16,-1.1102230246251565e-16,2.220446049250313e-16,-0.0,0.0,-0.0,-0.0,0.0,-0.0,-0.0,0.0,-0.0
original,cp_hk,0,uniform_shuffled,memberctl_cp_hk_uniform_shuffled_s0,facebook_page_reference,raw_context/prototype,-0.0,0.0,-0.0,-0.0,0.0,-0.0,-0.0,0.0,-0.0,-0.0,0.0,-0.0
original,cp_hk,0,uniform_shuffled,memberctl_cp_hk_uniform_shuffled_s0,facebook_page_reference,raw_context/ridge,-0.0,0.0,-0.0,-0.0,0.0,-0.0,-0.0,0.0,-0.0,-0.0,0.0,-0.0
original,cp_hk,0,uniform_shuffled,memberctl_cp_hk_uniform_shuffled_s0,facebook_page_reference,raw_joint/prototype,-0.0,0.0,-0.0,-0.0,0.0,-0.0,-0.0,0.0,-0.0,-0.0,0.0,-0.0
original,cp_hk,0,uniform_shuffled,memberctl_cp_hk_uniform_shuffled_s0,facebook_page_reference,raw_joint/ridge,1.1102230246251565e-16,-1.1102230246251565e-16,2.220446049250313e-16,-0.0,0.0,-0.0,-0.0,0.0,-0.0,-0.0,0.0,-0.0
original,cp_hk,0,uniform_shuffled,memberctl_cp_hk_uniform_shuffled_s0,twibot20,M2_post_meta/prototype,0.14039823744032132,-0.005093892415364509,0.14549212985568583,0.005208333333333259,-0.0048828125,0.01009114583333326,0.0004425993275234408,-0.005650180548998129,0.00609277987652157,0.002299964427947998,-0.0015595555305480957,0.0038595199584960938
original,cp_hk,0,uniform_shuffled,memberctl_cp_hk_uniform_shuffled_s0,twibot20,M2_post_meta/ridge,0.2080779605441624,-0.0037176344129775662,0.21179559495713995,0.006184895833333259,-0.0029296875,0.00911458333333326,5.4503494677504705e-06,-0.003407296637565227,0.0034127469870329774,0.034988582134246826,-0.009916603565216064,0.04490518569946289
original,cp_hk,0,uniform_shuffled,memberctl_cp_hk_uniform_shuffled_s0,twibot20,S0_conv_center/prototype,-0.0,0.0,-0.0,-0.0,0.0,-0.0,-0.0,0.0,-0.0,-0.0,0.0,-0.0
original,cp_hk,0,uniform_shuffled,memberctl_cp_hk_uniform_shuffled_s0,twibot20,S0_conv_center/ridge,-0.0,0.0,-0.0,-0.0,0.0,-0.0,-0.0,0.0,-0.0,-0.0,0.0,-0.0
original,cp_hk,0,uniform_shuffled,memberctl_cp_hk_uniform_shuffled_s0,twibot20,S0_pool/prototype,-0.0,0.0,-0.0,-0.0,0.0,-0.0,-0.0,0.0,-0.0,-0.0,0.0,-0.0
original,cp_hk,0,uniform_shuffled,memberctl_cp_hk_uniform_shuffled_s0,twibot20,S0_pool/ridge,-0.0,0.0,-0.0,-0.0,0.0,-0.0,-0.0,0.0,-0.0,-0.0,0.0,-0.0
original,cp_hk,0,uniform_shuffled,memberctl_cp_hk_uniform_shuffled_s0,twibot20,U1_pre_meta/prototype,-0.010078854031033035,-0.0059848361545138395,-0.004094017876519196,0.0078125,-0.006184895833333259,0.01399739583333326,0.010540462199267409,-0.005555906635788088,0.016096368835055497,0.00044423341751098633,0.0037484169006347656,-0.0033041834831237793
original,cp_hk,0,uniform_shuffled,memberctl_cp_hk_uniform_shuffled_s0,twibot20,U1_pre_meta/ridge,0.0025787353515625,-0.007259792751736049,0.00983852810329855,0.00944010416666663,-0.0032552083333332593,0.012695312499999889,0.015495015265147516,-0.0022737733666107207,0.017768788631758237,-0.0011138916015625,0.010675668716430664,-0.011789560317993164
original,cp_hk,0,uniform_shuffled,memberctl_cp_hk_uniform_shuffled_s0,twibot20,final_input/prototype,0.14039823744032132,-0.005093892415364509,0.14549212985568583,0.005208333333333259,-0.0048828125,0.01009114583333326,0.0004425993275234408,-0.005650180548998129,0.00609277987652157,0.002299964427947998,-0.0015595555305480957,0.0038595199584960938
original,cp_hk,0,uniform_shuffled,memberctl_cp_hk_uniform_shuffled_s0,twibot20,final_input/ridge,0.2080779605441624,-0.0037176344129775662,0.21179559495713995,0.006184895833333259,-0.0029296875,0.00911458333333326,5.4503494677504705e-06,-0.003407296637565227,0.0034127469870329774,0.034988582134246826,-0.009916603565216064,0.04490518569946289
original,cp_hk,0,uniform_shuffled,memberctl_cp_hk_uniform_shuffled_s0,twibot20,full_model,-0.0029460059271918526,-0.03673934936523432,0.03379334343804247,0.0016276041666666297,0.0,0.0016276041666666297,0.007074526708577666,0.0,0.007074526708577666,0.2667074203491211,0.08043867349624634,0.18626874685287476
original,cp_hk,0,uniform_shuffled,memberctl_cp_hk_uniform_shuffled_s0,twibot20,raw_center/prototype,-0.0,0.0,-0.0,-0.0,0.0,-0.0,-0.0,0.0,-0.0,-0.0,0.0,-0.0
original,cp_hk,0,uniform_shuffled,memberctl_cp_hk_uniform_shuffled_s0,twibot20,raw_center/ridge,-0.0,0.0,-0.0,-0.0,0.0,-0.0,-0.0,0.0,-0.0,-0.0,0.0,-0.0
original,cp_hk,0,uniform_shuffled,memberctl_cp_hk_uniform_shuffled_s0,twibot20,raw_context/prototype,-0.0,0.0,-0.0,-0.0,0.0,-0.0,-0.0,0.0,-0.0,-0.0,0.0,-0.0
original,cp_hk,0,uniform_shuffled,memberctl_cp_hk_uniform_shuffled_s0,twibot20,raw_context/ridge,-0.0,0.0,-0.0,-0.0,0.0,-0.0,-0.0,0.0,-0.0,-0.0,0.0,-0.0
original,cp_hk,0,uniform_shuffled,memberctl_cp_hk_uniform_shuffled_s0,twibot20,raw_joint/prototype,-0.0,0.0,-0.0,-0.0,0.0,-0.0,-0.0,0.0,-0.0,-0.0,0.0,-0.0
original,cp_hk,0,uniform_shuffled,memberctl_cp_hk_uniform_shuffled_s0,twibot20,raw_joint/ridge,-0.0,0.0,-0.0,-0.0,0.0,-0.0,-0.0,0.0,-0.0,-0.0,0.0,-0.0
original,cp_hk,0,uniform_shuffled,memberctl_cp_hk_uniform_shuffled_s0,ukr_rus_suspended,M2_post_meta/prototype,-0.03155517578125,0.00360107421875,-0.03515625,-0.0234375,0.015625,-0.0390625,-0.20581592320722758,0.007510031039442866,-0.21332595424667045,0.0011533498764038086,1.4901161193847656e-05,0.001138448715209961
original,cp_hk,0,uniform_shuffled,memberctl_cp_hk_uniform_shuffled_s0,ukr_rus_suspended,M2_post_meta/ridge,-0.034423828125,-0.001312255859375,-0.033111572265625,-0.0078125,0.0,-0.0078125,-0.13990683229813672,-0.008176243470361055,-0.13173058882777566,0.026487112045288086,0.00011134147644042969,0.026375770568847656
original,cp_hk,0,uniform_shuffled,memberctl_cp_hk_uniform_shuffled_s0,ukr_rus_suspended,S0_conv_center/prototype,-0.0,0.0,-0.0,-0.0,0.0,-0.0,-0.0,0.0,-0.0,-0.0,0.0,-0.0
original,cp_hk,0,uniform_shuffled,memberctl_cp_hk_uniform_shuffled_s0,ukr_rus_suspended,S0_conv_center/ridge,-0.0,0.0,-0.0,-0.0,0.0,-0.0,-0.0,0.0,-0.0,-0.0,0.0,-0.0
original,cp_hk,0,uniform_shuffled,memberctl_cp_hk_uniform_shuffled_s0,ukr_rus_suspended,S0_pool/prototype,-0.0,0.0,-0.0,-0.0,0.0,-0.0,-0.0,0.0,-0.0,-0.0,0.0,-0.0
original,cp_hk,0,uniform_shuffled,memberctl_cp_hk_uniform_shuffled_s0,ukr_rus_suspended,S0_pool/ridge,-0.0,0.0,-0.0,-0.0,0.0,-0.0,-0.0,0.0,-0.0,-0.0,0.0,-0.0
original,cp_hk,0,uniform_shuffled,memberctl_cp_hk_uniform_shuffled_s0,ukr_rus_suspended,U1_pre_meta/prototype,0.0283203125,-0.00274658203125,0.03106689453125,0.0546875,0.0,0.0546875,0.06477732793522262,-0.004324992276799444,0.06910232021202206,-0.0013480782508850098,-9.924173355102539e-05,-0.0012488365173339844
original,cp_hk,0,uniform_shuffled,memberctl_cp_hk_uniform_shuffled_s0,ukr_rus_suspended,U1_pre_meta/ridge,0.0321044921875,0.00042724609375,0.03167724609375,0.0625,-0.00390625,0.06640625,0.07717495044416711,-0.0018432572989696694,0.07901820774313678,-0.006244182586669922,-0.0007863044738769531,-0.005457878112792969
original,cp_hk,0,uniform_shuffled,memberctl_cp_hk_uniform_shuffled_s0,ukr_rus_suspended,final_input/prototype,-0.03155517578125,0.00360107421875,-0.03515625,-0.0234375,0.015625,-0.0390625,-0.20581592320722758,0.007510031039442866,-0.21332595424667045,0.0011533498764038086,1.4901161193847656e-05,0.001138448715209961
original,cp_hk,0,uniform_shuffled,memberctl_cp_hk_uniform_shuffled_s0,ukr_rus_suspended,final_input/ridge,-0.034423828125,-0.001312255859375,-0.033111572265625,-0.0078125,0.0,-0.0078125,-0.13990683229813672,-0.008176243470361055,-0.13173058882777566,0.026487112045288086,0.00011134147644042969,0.026375770568847656
original,cp_hk,0,uniform_shuffled,memberctl_cp_hk_uniform_shuffled_s0,ukr_rus_suspended,full_model,0.015869140625,0.012237548828125,0.003631591796875,0.02734375,0.0,0.02734375,0.0242048740190004,0.0,0.0242048740190004,0.1526206135749817,-0.07123947143554688,0.22386008501052856
original,cp_hk,0,uniform_shuffled,memberctl_cp_hk_uniform_shuffled_s0,ukr_rus_suspended,raw_center/prototype,-0.0,0.0,-0.0,-0.0,0.0,-0.0,-5.551115123125783e-17,5.551115123125783e-17,-1.1102230246251565e-16,-0.0,0.0,-0.0
original,cp_hk,0,uniform_shuffled,memberctl_cp_hk_uniform_shuffled_s0,ukr_rus_suspended,raw_center/ridge,-0.0,0.0,-0.0,-0.0,0.0,-0.0,-5.551115123125783e-17,5.551115123125783e-17,-1.1102230246251565e-16,-0.0,0.0,-0.0
original,cp_hk,0,uniform_shuffled,memberctl_cp_hk_uniform_shuffled_s0,ukr_rus_suspended,raw_context/prototype,-0.0,0.0,-0.0,-0.0,0.0,-0.0,-0.0,0.0,-0.0,-0.0,0.0,-0.0
original,cp_hk,0,uniform_shuffled,memberctl_cp_hk_uniform_shuffled_s0,ukr_rus_suspended,raw_context/ridge,-0.0,0.0,-0.0,-0.0,0.0,-0.0,-5.551115123125783e-17,5.551115123125783e-17,-1.1102230246251565e-16,-0.0,0.0,-0.0
original,cp_hk,0,uniform_shuffled,memberctl_cp_hk_uniform_shuffled_s0,ukr_rus_suspended,raw_joint/prototype,-0.0,0.0,-0.0,-0.0,0.0,-0.0,-5.551115123125783e-17,5.551115123125783e-17,-1.1102230246251565e-16,-0.0,0.0,-0.0
original,cp_hk,0,uniform_shuffled,memberctl_cp_hk_uniform_shuffled_s0,ukr_rus_suspended,raw_joint/ridge,-0.0,0.0,-0.0,-0.0,0.0,-0.0,-0.0,0.0,-0.0,-0.0,0.0,-0.0
original,cp_hk,0,uniform_sorted,memberctl_cp_hk_uniform_sorted_s0,covid_political,M2_post_meta/prototype,0.15277014838324632,0.00594103777850119,0.14682911060474513,-0.08951822916666663,-0.02083333333333337,-0.06868489583333326,0.5146579804560261,-0.0030637981665797565,0.5177217786226058,0.0013950467109680176,-0.0005106925964355469,0.0019057393074035645
original,cp_hk,0,uniform_sorted,memberctl_cp_hk_uniform_sorted_s0,covid_political,M2_post_meta/ridge,0.19047800699869788,0.01092698838975692,0.17955101860894096,0.00423177083333337,-0.01725260416666663,0.021484375,0.5556209535020601,0.004369275903788161,0.5512516775982719,-0.038344740867614746,-0.004105627536773682,-0.034239113330841064
original,cp_hk,0,uniform_sorted,memberctl_cp_hk_uniform_sorted_s0,covid_political,S0_conv_center/prototype,-0.0,0.0,-0.0,-0.0,0.0,-0.0,-0.0,0.0,-0.0,-0.0,0.0,-0.0
original,cp_hk,0,uniform_sorted,memberctl_cp_hk_uniform_sorted_s0,covid_political,S0_conv_center/ridge,-0.0,0.0,-0.0,-0.0,0.0,-0.0,-0.0,0.0,-0.0,-0.0,0.0,-0.0
original,cp_hk,0,uniform_sorted,memberctl_cp_hk_uniform_sorted_s0,covid_political,S0_pool/prototype,-0.0,0.0,-0.0,-0.0,0.0,-0.0,-0.0,0.0,-0.0,-0.0,0.0,-0.0
original,cp_hk,0,uniform_sorted,memberctl_cp_hk_uniform_sorted_s0,covid_political,S0_pool/ridge,1.1102230246251565e-16,0.0,1.1102230246251565e-16,-0.0,0.0,-0.0,-0.0,0.0,-0.0,-0.0,0.0,-0.0
original,cp_hk,0,uniform_sorted,memberctl_cp_hk_uniform_sorted_s0,covid_political,U1_pre_meta/prototype,0.014360781069154949,0.0032521000614872397,0.011108681007667709,0.0439453125,-0.006184895833333259,0.05013020833333326,0.06198027257913197,-0.009437608027591526,0.0714178806067235,-0.0144997239112854,7.927417755126953e-05,-0.01457899808883667
original,cp_hk,0,uniform_sorted,memberctl_cp_hk_uniform_sorted_s0,covid_political,U1_pre_meta/ridge,0.01922918249059613,-0.00197544804325811,0.02120463053385424,0.0517578125,-0.00944010416666674,0.06119791666666674,0.07730391858906471,-0.012708862093043671,0.09001278068210838,-0.04268914461135864,0.0007020831108093262,-0.04339122772216797
original,cp_hk,0,uniform_sorted,memberctl_cp_hk_uniform_sorted_s0,covid_political,final_input/prototype,0.15277014838324632,0.00594103777850119,0.14682911060474513,-0.08951822916666663,-0.02083333333333337,-0.06868489583333326,0.5146579804560261,-0.0030637981665797565,0.5177217786226058,0.0013950467109680176,-0.0005106925964355469,0.0019057393074035645
original,cp_hk,0,uniform_sorted,memberctl_cp_hk_uniform_sorted_s0,covid_political,final_input/ridge,0.19047800699869788,0.01092698838975692,0.17955101860894096,0.00423177083333337,-0.01725260416666663,0.021484375,0.5556209535020601,0.004369275903788161,0.5512516775982719,-0.038344740867614746,-0.004105627536773682,-0.034239113330841064
original,cp_hk,0,uniform_sorted,memberctl_cp_hk_uniform_sorted_s0,covid_political,full_model,0.06891236481843177,0.042384394892939825,0.026527969925491945,-0.05501302083333337,0.0,-0.05501302083333337,0.1277539106427502,0.0,0.1277539106427502,0.15911680459976196,-0.015332698822021484,0.17444950342178345
original,cp_hk,0,uniform_sorted,memberctl_cp_hk_uniform_sorted_s0,covid_political,raw_center/prototype,-0.0,0.0,-0.0,-0.0,0.0,-0.0,-0.0,0.0,-0.0,-0.0,0.0,-0.0
original,cp_hk,0,uniform_sorted,memberctl_cp_hk_uniform_sorted_s0,covid_political,raw_center/ridge,-0.0,0.0,-0.0,-0.0,0.0,-0.0,-0.0,0.0,-0.0,-0.0,0.0,-0.0
original,cp_hk,0,uniform_sorted,memberctl_cp_hk_uniform_sorted_s0,covid_political,raw_context/prototype,-1.1102230246251565e-16,1.1102230246251565e-16,-2.220446049250313e-16,-0.0,0.0,-0.0,-0.0,0.0,-0.0,-0.0,0.0,-0.0
original,cp_hk,0,uniform_sorted,memberctl_cp_hk_uniform_sorted_s0,covid_political,raw_context/ridge,-0.0,0.0,-0.0,-0.0,0.0,-0.0,-0.0,0.0,-0.0,-0.0,0.0,-0.0
original,cp_hk,0,uniform_sorted,memberctl_cp_hk_uniform_sorted_s0,covid_political,raw_joint/prototype,-0.0,0.0,-0.0,-0.0,0.0,-0.0,-0.0,0.0,-0.0,-0.0,0.0,-0.0
original,cp_hk,0,uniform_sorted,memberctl_cp_hk_uniform_sorted_s0,covid_political,raw_joint/ridge,-0.0,0.0,-0.0,-0.0,0.0,-0.0,-0.0,0.0,-0.0,-0.0,0.0,-0.0
original,cp_hk,0,uniform_sorted,memberctl_cp_hk_uniform_sorted_s0,election2020,M2_post_meta/prototype,0.28009033203125,-0.004486083984375,0.284576416015625,0.171875,-0.02734375,0.19921875,0.5670103092783505,-0.0328042668037527,0.5998145760821032,-0.01682460308074951,-0.0002738833427429199,-0.016550719738006592
original,cp_hk,0,uniform_sorted,memberctl_cp_hk_uniform_sorted_s0,election2020,M2_post_meta/ridge,0.3067626953125,0.0074462890625,0.29931640625,0.171875,-0.0078125,0.1796875,0.5384615384615384,-0.017849174475680574,0.556310712937219,-0.08844482898712158,-0.0020383596420288086,-0.08640646934509277
original,cp_hk,0,uniform_sorted,memberctl_cp_hk_uniform_sorted_s0,election2020,S0_conv_center/prototype,-0.0,0.0,-0.0,-0.0,0.0,-0.0,-0.0,0.0,-0.0,-0.0,0.0,-0.0
original,cp_hk,0,uniform_sorted,memberctl_cp_hk_uniform_sorted_s0,election2020,S0_conv_center/ridge,-0.0,0.0,-0.0,-0.0,0.0,-0.0,-0.0,0.0,-0.0,-0.0,0.0,-0.0
original,cp_hk,0,uniform_sorted,memberctl_cp_hk_uniform_sorted_s0,election2020,S0_pool/prototype,-0.0,0.0,-0.0,-0.0,0.0,-0.0,1.1102230246251565e-16,-1.1102230246251565e-16,2.220446049250313e-16,-0.0,0.0,-0.0
original,cp_hk,0,uniform_sorted,memberctl_cp_hk_uniform_sorted_s0,election2020,S0_pool/ridge,-0.0,0.0,-0.0,-0.0,0.0,-0.0,1.1102230246251565e-16,-1.1102230246251565e-16,2.220446049250313e-16,-0.0,0.0,-0.0
original,cp_hk,0,uniform_sorted,memberctl_cp_hk_uniform_sorted_s0,election2020,U1_pre_meta/prototype,0.039794921875,-0.018310546875,0.05810546875,0.09765625,-0.03125,0.12890625,0.09488154431120233,-0.04131794978476899,0.13619949409597132,-0.010521471500396729,0.00015556812286376953,-0.010677039623260498
original,cp_hk,0,uniform_sorted,memberctl_cp_hk_uniform_sorted_s0,election2020,U1_pre_meta/ridge,0.0283203125,-0.02337646484375,0.05169677734375,0.07421875,-0.04296875,0.1171875,0.07206785609827449,-0.05442176870748294,0.12648962480575743,-0.055994391441345215,0.0016799569129943848,-0.0576743483543396
original,cp_hk,0,uniform_sorted,memberctl_cp_hk_uniform_sorted_s0,election2020,final_input/prototype,0.28009033203125,-0.004486083984375,0.284576416015625,0.171875,-0.02734375,0.19921875,0.5670103092783505,-0.0328042668037527,0.5998145760821032,-0.01682460308074951,-0.0002738833427429199,-0.016550719738006592
original,cp_hk,0,uniform_sorted,memberctl_cp_hk_uniform_sorted_s0,election2020,final_input/ridge,0.3067626953125,0.0074462890625,0.29931640625,0.171875,-0.0078125,0.1796875,0.5384615384615384,-0.017849174475680574,0.556310712937219,-0.08844482898712158,-0.0020383596420288086,-0.08640646934509277
original,cp_hk,0,uniform_sorted,memberctl_cp_hk_uniform_sorted_s0,election2020,full_model,0.21990966796875,0.16400146484375,0.055908203125,0.30859375,0.0,0.30859375,0.47279214986619095,0.0,0.47279214986619095,-0.39864093065261846,0.11279070377349854,-0.5114316344261169
original,cp_hk,0,uniform_sorted,memberctl_cp_hk_uniform_sorted_s0,election2020,raw_center/prototype,-0.0,0.0,-0.0,-0.0,0.0,-0.0,-0.0,0.0,-0.0,-0.0,0.0,-0.0
original,cp_hk,0,uniform_sorted,memberctl_cp_hk_uniform_sorted_s0,election2020,raw_center/ridge,-0.0,0.0,-0.0,-0.0,0.0,-0.0,-0.0,0.0,-0.0,-0.0,0.0,-0.0
original,cp_hk,0,uniform_sorted,memberctl_cp_hk_uniform_sorted_s0,election2020,raw_context/prototype,-0.0,0.0,-0.0,-0.0,0.0,-0.0,1.1102230246251565e-16,-1.1102230246251565e-16,2.220446049250313e-16,-0.0,0.0,-0.0
original,cp_hk,0,uniform_sorted,memberctl_cp_hk_uniform_sorted_s0,election2020,raw_context/ridge,-0.0,0.0,-0.0,-0.0,0.0,-0.0,1.1102230246251565e-16,-1.1102230246251565e-16,2.220446049250313e-16,-0.0,0.0,-0.0
original,cp_hk,0,uniform_sorted,memberctl_cp_hk_uniform_sorted_s0,election2020,raw_joint/prototype,-0.0,0.0,-0.0,-0.0,0.0,-0.0,-0.0,0.0,-0.0,-0.0,0.0,-0.0
original,cp_hk,0,uniform_sorted,memberctl_cp_hk_uniform_sorted_s0,election2020,raw_joint/ridge,-0.0,0.0,-0.0,-0.0,0.0,-0.0,-0.0,0.0,-0.0,-0.0,0.0,-0.0
original,cp_hk,0,uniform_sorted,memberctl_cp_hk_uniform_sorted_s0,facebook_page_reference,M2_post_meta/prototype,0.1637744903564453,-0.061370849609375,0.2251453399658203,0.123046875,-0.0458984375,0.1689453125,0.11415954031309028,-0.04792020728275703,0.1620797475958473,-0.008763730525970459,-0.00020778179168701172,-0.008555948734283447
original,cp_hk,0,uniform_sorted,memberctl_cp_hk_uniform_sorted_s0,facebook_page_reference,M2_post_meta/ridge,0.16905593872070312,-0.05027198791503906,0.2193279266357422,0.12890625,-0.0400390625,0.1689453125,0.12093636057235646,-0.04385886979749698,0.16479523036985344,-0.04218173027038574,-0.0019053220748901367,-0.040276408195495605
original,cp_hk,0,uniform_sorted,memberctl_cp_hk_uniform_sorted_s0,facebook_page_reference,S0_conv_center/prototype,-0.0,0.0,-0.0,-0.0,0.0,-0.0,-0.0,0.0,-0.0,-0.0,0.0,-0.0
original,cp_hk,0,uniform_sorted,memberctl_cp_hk_uniform_sorted_s0,facebook_page_reference,S0_conv_center/ridge,-0.0,0.0,-0.0,-0.0,0.0,-0.0,-0.0,0.0,-0.0,-0.0,0.0,-0.0
original,cp_hk,0,uniform_sorted,memberctl_cp_hk_uniform_sorted_s0,facebook_page_reference,S0_pool/prototype,-0.0,0.0,-0.0,-0.0,0.0,-0.0,-0.0,0.0,-0.0,-0.0,0.0,-0.0
original,cp_hk,0,uniform_sorted,memberctl_cp_hk_uniform_sorted_s0,facebook_page_reference,S0_pool/ridge,-0.0,0.0,-0.0,-0.0,0.0,-0.0,-0.0,0.0,-0.0,-0.0,0.0,-0.0
original,cp_hk,0,uniform_sorted,memberctl_cp_hk_uniform_sorted_s0,facebook_page_reference,U1_pre_meta/prototype,-0.13685989379882812,-0.09694290161132812,-0.0399169921875,-0.119140625,-0.0546875,-0.064453125,-0.11093634817642373,-0.050987780353920376,-0.05994856782250335,0.0060272216796875,0.0002491474151611328,0.005778074264526367
original,cp_hk,0,uniform_sorted,memberctl_cp_hk_uniform_sorted_s0,facebook_page_reference,U1_pre_meta/ridge,-0.127593994140625,-0.10068893432617188,-0.026905059814453125,-0.1201171875,-0.0693359375,-0.05078125,-0.11565546730928888,-0.069468225335795,-0.04618724197349389,0.025090813636779785,0.002316415309906006,0.02277439832687378
original,cp_hk,0,uniform_sorted,memberctl_cp_hk_uniform_sorted_s0,facebook_page_reference,final_input/prototype,0.1637744903564453,-0.061370849609375,0.2251453399658203,0.123046875,-0.0458984375,0.1689453125,0.11415954031309028,-0.04792020728275703,0.1620797475958473,-0.008763730525970459,-0.00020778179168701172,-0.008555948734283447
original,cp_hk,0,uniform_sorted,memberctl_cp_hk_uniform_sorted_s0,facebook_page_reference,final_input/ridge,0.16905593872070312,-0.05027198791503906,0.2193279266357422,0.12890625,-0.0400390625,0.1689453125,0.12093636057235646,-0.04385886979749698,0.16479523036985344,-0.04218173027038574,-0.0019053220748901367,-0.040276408195495605
original,cp_hk,0,uniform_sorted,memberctl_cp_hk_uniform_sorted_s0,facebook_page_reference,full_model,0.03653907775878906,0.0053005218505859375,0.031238555908203125,0.0205078125,0.0126953125,0.0078125,0.02945787256196919,0.040064260727484036,-0.010606388165514846,0.2866671681404114,6.031990051269531e-05,0.2866068482398987
original,cp_hk,0,uniform_sorted,memberctl_cp_hk_uniform_sorted_s0,facebook_page_reference,raw_center/prototype,-0.0,0.0,-0.0,-0.0,0.0,-0.0,-0.0,0.0,-0.0,-0.0,0.0,-0.0
original,cp_hk,0,uniform_sorted,memberctl_cp_hk_uniform_sorted_s0,facebook_page_reference,raw_center/ridge,1.1102230246251565e-16,-1.1102230246251565e-16,2.220446049250313e-16,-0.0,0.0,-0.0,-0.0,0.0,-0.0,-0.0,0.0,-0.0
original,cp_hk,0,uniform_sorted,memberctl_cp_hk_uniform_sorted_s0,facebook_page_reference,raw_context/prototype,-0.0,0.0,-0.0,-0.0,0.0,-0.0,-0.0,0.0,-0.0,-0.0,0.0,-0.0
original,cp_hk,0,uniform_sorted,memberctl_cp_hk_uniform_sorted_s0,facebook_page_reference,raw_context/ridge,-0.0,0.0,-0.0,-0.0,0.0,-0.0,-0.0,0.0,-0.0,-0.0,0.0,-0.0
original,cp_hk,0,uniform_sorted,memberctl_cp_hk_uniform_sorted_s0,facebook_page_reference,raw_joint/prototype,-0.0,0.0,-0.0,-0.0,0.0,-0.0,-0.0,0.0,-0.0,-0.0,0.0,-0.0
original,cp_hk,0,uniform_sorted,memberctl_cp_hk_uniform_sorted_s0,facebook_page_reference,raw_joint/ridge,1.1102230246251565e-16,-1.1102230246251565e-16,2.220446049250313e-16,-0.0,0.0,-0.0,-0.0,0.0,-0.0,-0.0,0.0,-0.0
original,cp_hk,0,uniform_sorted,memberctl_cp_hk_uniform_sorted_s0,twibot20,M2_post_meta/prototype,0.1321476830376519,0.00450642903645837,0.12764125400119353,0.09667968750000006,0.001953125,0.09472656250000006,0.09815797019886252,0.0014767292690380796,0.09668124092982444,-0.0070830583572387695,-0.002445995807647705,-0.0046370625495910645
original,cp_hk,0,uniform_sorted,memberctl_cp_hk_uniform_sorted_s0,twibot20,M2_post_meta/ridge,0.09508429633246529,0.0066867404513888395,0.08839755588107645,0.08365885416666669,-0.00032552083333337034,0.08398437500000006,0.0893505088354608,0.0005428710845040152,0.08880763775095679,0.017378270626068115,-0.01443105936050415,0.031809329986572266
original,cp_hk,0,uniform_sorted,memberctl_cp_hk_uniform_sorted_s0,twibot20,S0_conv_center/prototype,-0.0,0.0,-0.0,-0.0,0.0,-0.0,-0.0,0.0,-0.0,-0.0,0.0,-0.0
original,cp_hk,0,uniform_sorted,memberctl_cp_hk_uniform_sorted_s0,twibot20,S0_conv_center/ridge,-0.0,0.0,-0.0,-0.0,0.0,-0.0,-0.0,0.0,-0.0,-0.0,0.0,-0.0
original,cp_hk,0,uniform_sorted,memberctl_cp_hk_uniform_sorted_s0,twibot20,S0_pool/prototype,-0.0,0.0,-0.0,-0.0,0.0,-0.0,-0.0,0.0,-0.0,-0.0,0.0,-0.0
original,cp_hk,0,uniform_sorted,memberctl_cp_hk_uniform_sorted_s0,twibot20,S0_pool/ridge,-0.0,0.0,-0.0,-0.0,0.0,-0.0,-0.0,0.0,-0.0,-0.0,0.0,-0.0
original,cp_hk,0,uniform_sorted,memberctl_cp_hk_uniform_sorted_s0,twibot20,U1_pre_meta/prototype,0.02132415771484375,0.001032935248480804,0.020291222466362946,0.0126953125,-0.0003255208333332593,0.01302083333333326,0.015613020212663864,9.861165174518405e-05,0.01551440856091868,-0.003603339195251465,-8.159875869750977e-05,-0.003521740436553955
original,cp_hk,0,uniform_sorted,memberctl_cp_hk_uniform_sorted_s0,twibot20,U1_pre_meta/ridge,0.022538714938693527,0.0008112589518228797,0.021727455986870647,0.013671875,-0.0006510416666666297,0.01432291666666663,0.019373573616657258,-9.808666549571132e-05,0.01947166028215297,-0.009166300296783447,-6.008148193359375e-05,-0.009106218814849854
original,cp_hk,0,uniform_sorted,memberctl_cp_hk_uniform_sorted_s0,twibot20,final_input/prototype,0.1321476830376519,0.00450642903645837,0.12764125400119353,0.09667968750000006,0.001953125,0.09472656250000006,0.09815797019886252,0.0014767292690380796,0.09668124092982444,-0.0070830583572387695,-0.002445995807647705,-0.0046370625495910645
original,cp_hk,0,uniform_sorted,memberctl_cp_hk_uniform_sorted_s0,twibot20,final_input/ridge,0.09508429633246529,0.0066867404513888395,0.08839755588107645,0.08365885416666669,-0.00032552083333337034,0.08398437500000006,0.0893505088354608,0.0005428710845040152,0.08880763775095679,0.017378270626068115,-0.01443105936050415,0.031809329986572266
original,cp_hk,0,uniform_sorted,memberctl_cp_hk_uniform_sorted_s0,twibot20,full_model,0.009975221421983482,0.36796548631456166,-0.3579902648925782,0.02799479166666663,0.0,0.02799479166666663,0.07201299845509235,0.0,0.07201299845509235,0.4467933773994446,0.0958709716796875,0.3509224057197571
original,cp_hk,0,uniform_sorted,memberctl_cp_hk_uniform_sorted_s0,twibot20,raw_center/prototype,-0.0,0.0,-0.0,-0.0,0.0,-0.0,-0.0,0.0,-0.0,-0.0,0.0,-0.0
original,cp_hk,0,uniform_sorted,memberctl_cp_hk_uniform_sorted_s0,twibot20,raw_center/ridge,-0.0,0.0,-0.0,-0.0,0.0,-0.0,-0.0,0.0,-0.0,-0.0,0.0,-0.0
original,cp_hk,0,uniform_sorted,memberctl_cp_hk_uniform_sorted_s0,twibot20,raw_context/prototype,-0.0,0.0,-0.0,-0.0,0.0,-0.0,-0.0,0.0,-0.0,-0.0,0.0,-0.0
original,cp_hk,0,uniform_sorted,memberctl_cp_hk_uniform_sorted_s0,twibot20,raw_context/ridge,-0.0,0.0,-0.0,-0.0,0.0,-0.0,-0.0,0.0,-0.0,-0.0,0.0,-0.0
original,cp_hk,0,uniform_sorted,memberctl_cp_hk_uniform_sorted_s0,twibot20,raw_joint/prototype,-0.0,0.0,-0.0,-0.0,0.0,-0.0,-0.0,0.0,-0.0,-0.0,0.0,-0.0
original,cp_hk,0,uniform_sorted,memberctl_cp_hk_uniform_sorted_s0,twibot20,raw_joint/ridge,-0.0,0.0,-0.0,-0.0,0.0,-0.0,-0.0,0.0,-0.0,-0.0,0.0,-0.0
original,cp_hk,0,uniform_sorted,memberctl_cp_hk_uniform_sorted_s0,ukr_rus_suspended,M2_post_meta/prototype,-0.03778076171875,0.028594970703125,-0.066375732421875,-0.046875,0.04296875,-0.08984375,-0.28070175438596495,0.017170480585114778,-0.29787223497107973,0.00018024444580078125,2.7358531951904297e-05,0.00015288591384887695
original,cp_hk,0,uniform_sorted,memberctl_cp_hk_uniform_sorted_s0,ukr_rus_suspended,M2_post_meta/ridge,-0.03985595703125,0.024871826171875,-0.064727783203125,-0.03515625,0.04296875,-0.078125,-0.26491994177583694,0.017170480585114778,-0.2820904223609517,-0.019205152988433838,0.00020271539688110352,-0.01940786838531494
original,cp_hk,0,uniform_sorted,memberctl_cp_hk_uniform_sorted_s0,ukr_rus_suspended,S0_conv_center/prototype,-0.0,0.0,-0.0,-0.0,0.0,-0.0,-0.0,0.0,-0.0,-0.0,0.0,-0.0
original,cp_hk,0,uniform_sorted,memberctl_cp_hk_uniform_sorted_s0,ukr_rus_suspended,S0_conv_center/ridge,-0.0,0.0,-0.0,-0.0,0.0,-0.0,-0.0,0.0,-0.0,-0.0,0.0,-0.0
original,cp_hk,0,uniform_sorted,memberctl_cp_hk_uniform_sorted_s0,ukr_rus_suspended,S0_pool/prototype,-0.0,0.0,-0.0,-0.0,0.0,-0.0,-0.0,0.0,-0.0,-0.0,0.0,-0.0
original,cp_hk,0,uniform_sorted,memberctl_cp_hk_uniform_sorted_s0,ukr_rus_suspended,S0_pool/ridge,-0.0,0.0,-0.0,-0.0,0.0,-0.0,-0.0,0.0,-0.0,-0.0,0.0,-0.0
original,cp_hk,0,uniform_sorted,memberctl_cp_hk_uniform_sorted_s0,ukr_rus_suspended,U1_pre_meta/prototype,0.02593994140625,0.022705078125,0.00323486328125,0.00390625,0.0234375,-0.01953125,-0.005447796934865856,0.011502801328771906,-0.01695059826363776,-0.000797569751739502,-5.1975250244140625e-05,-0.0007455945014953613
original,cp_hk,0,uniform_sorted,memberctl_cp_hk_uniform_sorted_s0,ukr_rus_suspended,U1_pre_meta/ridge,0.02764892578125,0.02642822265625,0.001220703125,0.0390625,0.05078125,-0.01171875,0.04312253937007876,0.04677306032319595,-0.0036505209531171867,-0.0034836530685424805,-0.0005342960357666016,-0.002949357032775879
original,cp_hk,0,uniform_sorted,memberctl_cp_hk_uniform_sorted_s0,ukr_rus_suspended,final_input/prototype,-0.03778076171875,0.028594970703125,-0.066375732421875,-0.046875,0.04296875,-0.08984375,-0.28070175438596495,0.017170480585114778,-0.29787223497107973,0.00018024444580078125,2.7358531951904297e-05,0.00015288591384887695
original,cp_hk,0,uniform_sorted,memberctl_cp_hk_uniform_sorted_s0,ukr_rus_suspended,final_input/ridge,-0.03985595703125,0.024871826171875,-0.064727783203125,-0.03515625,0.04296875,-0.078125,-0.26491994177583694,0.017170480585114778,-0.2820904223609517,-0.019205152988433838,0.00020271539688110352,-0.01940786838531494
original,cp_hk,0,uniform_sorted,memberctl_cp_hk_uniform_sorted_s0,ukr_rus_suspended,full_model,0.060546875,0.061309814453125,-0.000762939453125,0.03125,0.0,0.03125,0.1705465587044534,0.0,0.1705465587044534,0.17906010150909424,-0.023717403411865234,0.20277750492095947
original,cp_hk,0,uniform_sorted,memberctl_cp_hk_uniform_sorted_s0,ukr_rus_suspended,raw_center/prototype,-0.0,0.0,-0.0,-0.0,0.0,-0.0,-5.551115123125783e-17,5.551115123125783e-17,-1.1102230246251565e-16,-0.0,0.0,-0.0
original,cp_hk,0,uniform_sorted,memberctl_cp_hk_uniform_sorted_s0,ukr_rus_suspended,raw_center/ridge,-0.0,0.0,-0.0,-0.0,0.0,-0.0,-5.551115123125783e-17,5.551115123125783e-17,-1.1102230246251565e-16,-0.0,0.0,-0.0
original,cp_hk,0,uniform_sorted,memberctl_cp_hk_uniform_sorted_s0,ukr_rus_suspended,raw_context/prototype,-0.0,0.0,-0.0,-0.0,0.0,-0.0,-0.0,0.0,-0.0,-0.0,0.0,-0.0
original,cp_hk,0,uniform_sorted,memberctl_cp_hk_uniform_sorted_s0,ukr_rus_suspended,raw_context/ridge,-0.0,0.0,-0.0,-0.0,0.0,-0.0,-5.551115123125783e-17,5.551115123125783e-17,-1.1102230246251565e-16,-0.0,0.0,-0.0
original,cp_hk,0,uniform_sorted,memberctl_cp_hk_uniform_sorted_s0,ukr_rus_suspended,raw_joint/prototype,-0.0,0.0,-0.0,-0.0,0.0,-0.0,-5.551115123125783e-17,5.551115123125783e-17,-1.1102230246251565e-16,-0.0,0.0,-0.0
original,cp_hk,0,uniform_sorted,memberctl_cp_hk_uniform_sorted_s0,ukr_rus_suspended,raw_joint/ridge,-0.0,0.0,-0.0,-0.0,0.0,-0.0,-0.0,0.0,-0.0,-0.0,0.0,-0.0
original,cp_hk,1,lowest_shuffled,memberctl_cp_hk_lowest_shuffled_s1,covid_political,M2_post_meta/prototype,0.2701026068793403,-0.02859751383463538,0.29870012071397567,-0.0625,-0.01888020833333326,-0.04361979166666674,0.5579044117647058,-0.02087186151513637,0.5787762732798423,-0.018292009830474854,-0.00019598007202148438,-0.01809602975845337
original,cp_hk,1,lowest_shuffled,memberctl_cp_hk_lowest_shuffled_s1,covid_political,M2_post_meta/ridge,0.31331069381148735,-0.02571134214048032,0.33902203595196767,0.013671875,-0.01432291666666663,0.02799479166666663,0.6243550051599587,-0.01797889557109711,0.6423339007310558,-0.10091900825500488,-0.0017731785774230957,-0.09914582967758179
original,cp_hk,1,lowest_shuffled,memberctl_cp_hk_lowest_shuffled_s1,covid_political,S0_conv_center/prototype,-0.0,0.0,-0.0,-0.0,0.0,-0.0,-0.0,0.0,-0.0,-0.0,0.0,-0.0
original,cp_hk,1,lowest_shuffled,memberctl_cp_hk_lowest_shuffled_s1,covid_political,S0_conv_center/ridge,-0.0,0.0,-0.0,-0.0,0.0,-0.0,-0.0,0.0,-0.0,-0.0,0.0,-0.0
original,cp_hk,1,lowest_shuffled,memberctl_cp_hk_lowest_shuffled_s1,covid_political,S0_pool/prototype,-0.0,0.0,-0.0,-0.0,0.0,-0.0,-0.0,0.0,-0.0,-0.0,0.0,-0.0
original,cp_hk,1,lowest_shuffled,memberctl_cp_hk_lowest_shuffled_s1,covid_political,S0_pool/ridge,-0.0,0.0,-0.0,-0.0,0.0,-0.0,-0.0,0.0,-0.0,-0.0,0.0,-0.0
original,cp_hk,1,lowest_shuffled,memberctl_cp_hk_lowest_shuffled_s1,covid_political,U1_pre_meta/prototype,0.05440945095486116,-0.02541379575376157,0.07982324670862273,0.08365885416666663,-0.06673177083333337,0.150390625,0.10635944700460831,-0.03470783292957402,0.14106727993418233,-0.020144879817962646,0.0004429817199707031,-0.02058786153793335
original,cp_hk,1,lowest_shuffled,memberctl_cp_hk_lowest_shuffled_s1,covid_political,U1_pre_meta/ridge,0.06289927164713527,-0.03028219717520264,0.09318146882233791,0.1015625,-0.0625,0.1640625,0.13684949132395785,-0.03313611064563904,0.1699856019695969,-0.06320524215698242,0.003359973430633545,-0.06656521558761597
original,cp_hk,1,lowest_shuffled,memberctl_cp_hk_lowest_shuffled_s1,covid_political,final_input/prototype,0.2701026068793403,-0.02859751383463538,0.29870012071397567,-0.0625,-0.01888020833333326,-0.04361979166666674,0.5579044117647058,-0.02087186151513637,0.5787762732798423,-0.018292009830474854,-0.00019598007202148438,-0.01809602975845337
original,cp_hk,1,lowest_shuffled,memberctl_cp_hk_lowest_shuffled_s1,covid_political,final_input/ridge,0.31331069381148735,-0.02571134214048032,0.33902203595196767,0.013671875,-0.01432291666666663,0.02799479166666663,0.6243550051599587,-0.01797889557109711,0.6423339007310558,-0.10091900825500488,-0.0017731785774230957,-0.09914582967758179
original,cp_hk,1,lowest_shuffled,memberctl_cp_hk_lowest_shuffled_s1,covid_political,full_model,0.1253492567274307,0.2510206434461806,-0.1256713867187499,-0.01106770833333326,-0.4397786458333333,0.42871093750000006,0.08079530964864162,0.39612425192362494,-0.3153289422749833,0.5849046111106875,0.10672813653945923,0.47817647457122825
original,cp_hk,1,lowest_shuffled,memberctl_cp_hk_lowest_shuffled_s1,covid_political,raw_center/prototype,-0.0,0.0,-0.0,-0.0,0.0,-0.0,-0.0,0.0,-0.0,-0.0,0.0,-0.0
original,cp_hk,1,lowest_shuffled,memberctl_cp_hk_lowest_shuffled_s1,covid_political,raw_center/ridge,-0.0,0.0,-0.0,-0.0,0.0,-0.0,-0.0,0.0,-0.0,-0.0,0.0,-0.0
original,cp_hk,1,lowest_shuffled,memberctl_cp_hk_lowest_shuffled_s1,covid_political,raw_context/prototype,-1.1102230246251565e-16,1.1102230246251565e-16,-2.220446049250313e-16,-0.0,0.0,-0.0,-0.0,0.0,-0.0,-0.0,0.0,-0.0
original,cp_hk,1,lowest_shuffled,memberctl_cp_hk_lowest_shuffled_s1,covid_political,raw_context/ridge,-0.0,0.0,-0.0,-0.0,0.0,-0.0,-0.0,0.0,-0.0,-0.0,0.0,-0.0
original,cp_hk,1,lowest_shuffled,memberctl_cp_hk_lowest_shuffled_s1,covid_political,raw_joint/prototype,-0.0,0.0,-0.0,-0.0,0.0,-0.0,-0.0,0.0,-0.0,-0.0,0.0,-0.0
original,cp_hk,1,lowest_shuffled,memberctl_cp_hk_lowest_shuffled_s1,covid_political,raw_joint/ridge,-0.0,0.0,-0.0,-0.0,0.0,-0.0,-0.0,0.0,-0.0,-0.0,0.0,-0.0
original,cp_hk,1,lowest_shuffled,memberctl_cp_hk_lowest_shuffled_s1,election2020,M2_post_meta/prototype,0.3714599609375,0.00457763671875,0.36688232421875,0.30078125,0.0,0.30078125,0.8316831683168316,0.0025148301010370355,0.8291683382157946,-0.019206225872039795,-7.641315460205078e-05,-0.019129812717437744
original,cp_hk,1,lowest_shuffled,memberctl_cp_hk_lowest_shuffled_s1,election2020,M2_post_meta/ridge,0.383331298828125,0.0093994140625,0.373931884765625,0.36328125,0.0078125,0.35546875,0.8771929824561403,0.00766283524904221,0.8695301472070981,-0.12003248929977417,-0.0007309913635253906,-0.11930149793624878
original,cp_hk,1,lowest_shuffled,memberctl_cp_hk_lowest_shuffled_s1,election2020,S0_conv_center/prototype,-0.0,0.0,-0.0,-0.0,0.0,-0.0,-0.0,0.0,-0.0,-0.0,0.0,-0.0
original,cp_hk,1,lowest_shuffled,memberctl_cp_hk_lowest_shuffled_s1,election2020,S0_conv_center/ridge,-0.0,0.0,-0.0,-0.0,0.0,-0.0,-0.0,0.0,-0.0,-0.0,0.0,-0.0
original,cp_hk,1,lowest_shuffled,memberctl_cp_hk_lowest_shuffled_s1,election2020,S0_pool/prototype,-0.0,0.0,-0.0,-0.0,0.0,-0.0,1.1102230246251565e-16,-1.1102230246251565e-16,2.220446049250313e-16,-0.0,0.0,-0.0
original,cp_hk,1,lowest_shuffled,memberctl_cp_hk_lowest_shuffled_s1,election2020,S0_pool/ridge,-0.0,0.0,-0.0,-0.0,0.0,-0.0,1.1102230246251565e-16,-1.1102230246251565e-16,2.220446049250313e-16,-0.0,0.0,-0.0
original,cp_hk,1,lowest_shuffled,memberctl_cp_hk_lowest_shuffled_s1,election2020,U1_pre_meta/prototype,0.11468505859375,0.005523681640625,0.109161376953125,0.1640625,0.0,0.1640625,0.15687287442421105,0.009475611069236556,0.1473972633549745,-0.02368396520614624,0.0007758140563964844,-0.024459779262542725
original,cp_hk,1,lowest_shuffled,memberctl_cp_hk_lowest_shuffled_s1,election2020,U1_pre_meta/ridge,0.09912109375,-0.01507568359375,0.11419677734375,0.16796875,-0.01953125,0.1875,0.15994738948933485,-0.01387631975867265,0.1738237092480075,-0.09784460067749023,0.006474733352661133,-0.10431933403015137
original,cp_hk,1,lowest_shuffled,memberctl_cp_hk_lowest_shuffled_s1,election2020,final_input/prototype,0.3714599609375,0.00457763671875,0.36688232421875,0.30078125,0.0,0.30078125,0.8316831683168316,0.0025148301010370355,0.8291683382157946,-0.019206225872039795,-7.641315460205078e-05,-0.019129812717437744
original,cp_hk,1,lowest_shuffled,memberctl_cp_hk_lowest_shuffled_s1,election2020,final_input/ridge,0.383331298828125,0.0093994140625,0.373931884765625,0.36328125,0.0078125,0.35546875,0.8771929824561403,0.00766283524904221,0.8695301472070981,-0.12003248929977417,-0.0007309913635253906,-0.11930149793624878
original,cp_hk,1,lowest_shuffled,memberctl_cp_hk_lowest_shuffled_s1,election2020,full_model,0.2938232421875,0.4925537109375,-0.19873046875,0.359375,0.0,0.359375,0.37547322038105857,0.6666666666666666,-0.29119344628560806,-0.516747772693634,-0.049215495586395264,-0.46753227710723877
original,cp_hk,1,lowest_shuffled,memberctl_cp_hk_lowest_shuffled_s1,election2020,raw_center/prototype,-0.0,0.0,-0.0,-0.0,0.0,-0.0,-0.0,0.0,-0.0,-0.0,0.0,-0.0
original,cp_hk,1,lowest_shuffled,memberctl_cp_hk_lowest_shuffled_s1,election2020,raw_center/ridge,-0.0,0.0,-0.0,-0.0,0.0,-0.0,-0.0,0.0,-0.0,-0.0,0.0,-0.0
original,cp_hk,1,lowest_shuffled,memberctl_cp_hk_lowest_shuffled_s1,election2020,raw_context/prototype,-0.0,0.0,-0.0,-0.0,0.0,-0.0,1.1102230246251565e-16,-1.1102230246251565e-16,2.220446049250313e-16,-0.0,0.0,-0.0
original,cp_hk,1,lowest_shuffled,memberctl_cp_hk_lowest_shuffled_s1,election2020,raw_context/ridge,-0.0,0.0,-0.0,-0.0,0.0,-0.0,1.1102230246251565e-16,-1.1102230246251565e-16,2.220446049250313e-16,-0.0,0.0,-0.0
original,cp_hk,1,lowest_shuffled,memberctl_cp_hk_lowest_shuffled_s1,election2020,raw_joint/prototype,-0.0,0.0,-0.0,-0.0,0.0,-0.0,-0.0,0.0,-0.0,-0.0,0.0,-0.0
original,cp_hk,1,lowest_shuffled,memberctl_cp_hk_lowest_shuffled_s1,election2020,raw_joint/ridge,-0.0,0.0,-0.0,-0.0,0.0,-0.0,-0.0,0.0,-0.0,-0.0,0.0,-0.0
original,cp_hk,1,lowest_shuffled,memberctl_cp_hk_lowest_shuffled_s1,facebook_page_reference,M2_post_meta/prototype,0.07525634765625,-0.12019920349121094,0.19545555114746094,0.0576171875,-0.08984375,0.1474609375,0.06523016650342794,-0.09526753905674379,0.16049770556017173,-0.0086822509765625,-6.74128532409668e-05,-0.008614838123321533
original,cp_hk,1,lowest_shuffled,memberctl_cp_hk_lowest_shuffled_s1,facebook_page_reference,M2_post_meta/ridge,0.08757781982421875,-0.11152076721191406,0.1990985870361328,0.0595703125,-0.0869140625,0.146484375,0.06399008833731479,-0.09113759564007329,0.15512768397738808,-0.03416496515274048,-0.0006418824195861816,-0.0335230827331543
original,cp_hk,1,lowest_shuffled,memberctl_cp_hk_lowest_shuffled_s1,facebook_page_reference,S0_conv_center/prototype,-0.0,0.0,-0.0,-0.0,0.0,-0.0,-0.0,0.0,-0.0,-0.0,0.0,-0.0
original,cp_hk,1,lowest_shuffled,memberctl_cp_hk_lowest_shuffled_s1,facebook_page_reference,S0_conv_center/ridge,-0.0,0.0,-0.0,-0.0,0.0,-0.0,-0.0,0.0,-0.0,-0.0,0.0,-0.0
original,cp_hk,1,lowest_shuffled,memberctl_cp_hk_lowest_shuffled_s1,facebook_page_reference,S0_pool/prototype,-0.0,0.0,-0.0,-0.0,0.0,-0.0,-0.0,0.0,-0.0,-0.0,0.0,-0.0
original,cp_hk,1,lowest_shuffled,memberctl_cp_hk_lowest_shuffled_s1,facebook_page_reference,S0_pool/ridge,-0.0,0.0,-0.0,-0.0,0.0,-0.0,-0.0,0.0,-0.0,-0.0,0.0,-0.0
original,cp_hk,1,lowest_shuffled,memberctl_cp_hk_lowest_shuffled_s1,facebook_page_reference,U1_pre_meta/prototype,-0.1293182373046875,-0.12378692626953125,-0.00553131103515625,-0.103515625,-0.1025390625,-0.0009765625,-0.10083860166802994,-0.11174244257518706,0.010903840907157125,0.010704219341278076,0.00027889013290405273,0.010425329208374023
original,cp_hk,1,lowest_shuffled,memberctl_cp_hk_lowest_shuffled_s1,facebook_page_reference,U1_pre_meta/ridge,-0.12186431884765625,-0.12212181091308594,0.0002574920654296875,-0.0908203125,-0.09765625,0.0068359375,-0.09068336288840051,-0.1046207113810046,0.013937348492604085,0.031199216842651367,0.002635180950164795,0.028564035892486572
original,cp_hk,1,lowest_shuffled,memberctl_cp_hk_lowest_shuffled_s1,facebook_page_reference,final_input/prototype,0.07525634765625,-0.12019920349121094,0.19545555114746094,0.0576171875,-0.08984375,0.1474609375,0.06523016650342794,-0.09526753905674379,0.16049770556017173,-0.0086822509765625,-6.74128532409668e-05,-0.008614838123321533
original,cp_hk,1,lowest_shuffled,memberctl_cp_hk_lowest_shuffled_s1,facebook_page_reference,final_input/ridge,0.08757781982421875,-0.11152076721191406,0.1990985870361328,0.0595703125,-0.0869140625,0.146484375,0.06399008833731479,-0.09113759564007329,0.15512768397738808,-0.03416496515274048,-0.0006418824195861816,-0.0335230827331543
original,cp_hk,1,lowest_shuffled,memberctl_cp_hk_lowest_shuffled_s1,facebook_page_reference,full_model,0.016569137573242188,0.006168365478515625,0.010400772094726562,0.02734375,0.0029296875,0.0244140625,0.01542907582737818,0.004241013799092586,0.011188062028285595,0.21011829376220703,-3.3795833587646484e-05,0.21015208959579468
original,cp_hk,1,lowest_shuffled,memberctl_cp_hk_lowest_shuffled_s1,facebook_page_reference,raw_center/prototype,-0.0,0.0,-0.0,-0.0,0.0,-0.0,-0.0,0.0,-0.0,-0.0,0.0,-0.0
original,cp_hk,1,lowest_shuffled,memberctl_cp_hk_lowest_shuffled_s1,facebook_page_reference,raw_center/ridge,1.1102230246251565e-16,-1.1102230246251565e-16,2.220446049250313e-16,-0.0,0.0,-0.0,-0.0,0.0,-0.0,-0.0,0.0,-0.0
original,cp_hk,1,lowest_shuffled,memberctl_cp_hk_lowest_shuffled_s1,facebook_page_reference,raw_context/prototype,-0.0,0.0,-0.0,-0.0,0.0,-0.0,-0.0,0.0,-0.0,-0.0,0.0,-0.0
original,cp_hk,1,lowest_shuffled,memberctl_cp_hk_lowest_shuffled_s1,facebook_page_reference,raw_context/ridge,-0.0,0.0,-0.0,-0.0,0.0,-0.0,-0.0,0.0,-0.0,-0.0,0.0,-0.0
original,cp_hk,1,lowest_shuffled,memberctl_cp_hk_lowest_shuffled_s1,facebook_page_reference,raw_joint/prototype,-0.0,0.0,-0.0,-0.0,0.0,-0.0,-0.0,0.0,-0.0,-0.0,0.0,-0.0
original,cp_hk,1,lowest_shuffled,memberctl_cp_hk_lowest_shuffled_s1,facebook_page_reference,raw_joint/ridge,1.1102230246251565e-16,-1.1102230246251565e-16,2.220446049250313e-16,-0.0,0.0,-0.0,-0.0,0.0,-0.0,-0.0,0.0,-0.0
original,cp_hk,1,lowest_shuffled,memberctl_cp_hk_lowest_shuffled_s1,twibot20,M2_post_meta/prototype,0.055278778076171875,-0.00855339898003471,0.06383217705620658,-0.006510416666666685,-0.0029296875,-0.003580729166666685,0.3261349566601871,-0.013784267789017646,0.33991922444920475,0.005964756011962891,-0.0005570650100708008,0.006521821022033691
original,cp_hk,1,lowest_shuffled,memberctl_cp_hk_lowest_shuffled_s1,twibot20,M2_post_meta/ridge,0.053636762830946094,-0.008336808946397656,0.06197357177734375,-0.014973958333333315,-0.0013020833333333703,-0.013671874999999944,0.2887736819043569,-0.011773749551837964,0.3005474314561949,0.05491924285888672,-0.004242837429046631,0.05916208028793335
original,cp_hk,1,lowest_shuffled,memberctl_cp_hk_lowest_shuffled_s1,twibot20,S0_conv_center/prototype,-0.0,0.0,-0.0,-0.0,0.0,-0.0,-0.0,0.0,-0.0,-0.0,0.0,-0.0
original,cp_hk,1,lowest_shuffled,memberctl_cp_hk_lowest_shuffled_s1,twibot20,S0_conv_center/ridge,-0.0,0.0,-0.0,-0.0,0.0,-0.0,-0.0,0.0,-0.0,-0.0,0.0,-0.0
original,cp_hk,1,lowest_shuffled,memberctl_cp_hk_lowest_shuffled_s1,twibot20,S0_pool/prototype,-0.0,0.0,-0.0,-0.0,0.0,-0.0,-0.0,0.0,-0.0,-0.0,0.0,-0.0
original,cp_hk,1,lowest_shuffled,memberctl_cp_hk_lowest_shuffled_s1,twibot20,S0_pool/ridge,-0.0,0.0,-0.0,-0.0,0.0,-0.0,-0.0,0.0,-0.0,-0.0,0.0,-0.0
original,cp_hk,1,lowest_shuffled,memberctl_cp_hk_lowest_shuffled_s1,twibot20,U1_pre_meta/prototype,0.030566109551323772,-0.006667455037434822,0.037233564588758594,0.02376302083333337,-0.0032552083333333703,0.02701822916666674,0.03384785552983871,-0.01403938941002969,0.0478872449398684,-0.0026884078979492188,0.0021440982818603516,-0.00483250617980957
original,cp_hk,1,lowest_shuffled,memberctl_cp_hk_lowest_shuffled_s1,twibot20,U1_pre_meta/ridge,0.03184424506293415,-0.009104198879665848,0.0409484439426,0.0234375,-0.0013020833333332593,0.02473958333333326,0.03627079954346135,-0.01112967904920048,0.04740047859266183,-0.010774374008178711,0.010859966278076172,-0.021634340286254883
original,cp_hk,1,lowest_shuffled,memberctl_cp_hk_lowest_shuffled_s1,twibot20,final_input/prototype,0.055278778076171875,-0.00855339898003471,0.06383217705620658,-0.006510416666666685,-0.0029296875,-0.003580729166666685,0.3261349566601871,-0.013784267789017646,0.33991922444920475,0.005964756011962891,-0.0005570650100708008,0.006521821022033691
original,cp_hk,1,lowest_shuffled,memberctl_cp_hk_lowest_shuffled_s1,twibot20,final_input/ridge,0.053636762830946094,-0.008336808946397656,0.06197357177734375,-0.014973958333333315,-0.0013020833333333703,-0.013671874999999944,0.2887736819043569,-0.011773749551837964,0.3005474314561949,0.05491924285888672,-0.004242837429046631,0.05916208028793335
original,cp_hk,1,lowest_shuffled,memberctl_cp_hk_lowest_shuffled_s1,twibot20,full_model,-0.0006107754177517855,-0.0663405524359807,0.06572977701822891,0.02408854166666663,0.0,0.02408854166666663,-0.028520796355126388,0.0,-0.028520796355126388,0.46210962533950806,-0.048304855823516846,0.5104144811630249
original,cp_hk,1,lowest_shuffled,memberctl_cp_hk_lowest_shuffled_s1,twibot20,raw_center/prototype,-0.0,0.0,-0.0,-0.0,0.0,-0.0,-0.0,0.0,-0.0,-0.0,0.0,-0.0
original,cp_hk,1,lowest_shuffled,memberctl_cp_hk_lowest_shuffled_s1,twibot20,raw_center/ridge,-0.0,0.0,-0.0,-0.0,0.0,-0.0,-0.0,0.0,-0.0,-0.0,0.0,-0.0
original,cp_hk,1,lowest_shuffled,memberctl_cp_hk_lowest_shuffled_s1,twibot20,raw_context/prototype,-0.0,0.0,-0.0,-0.0,0.0,-0.0,-0.0,0.0,-0.0,-0.0,0.0,-0.0
original,cp_hk,1,lowest_shuffled,memberctl_cp_hk_lowest_shuffled_s1,twibot20,raw_context/ridge,-0.0,0.0,-0.0,-0.0,0.0,-0.0,-0.0,0.0,-0.0,-0.0,0.0,-0.0
original,cp_hk,1,lowest_shuffled,memberctl_cp_hk_lowest_shuffled_s1,twibot20,raw_joint/prototype,-0.0,0.0,-0.0,-0.0,0.0,-0.0,-0.0,0.0,-0.0,-0.0,0.0,-0.0
original,cp_hk,1,lowest_shuffled,memberctl_cp_hk_lowest_shuffled_s1,twibot20,raw_joint/ridge,-0.0,0.0,-0.0,-0.0,0.0,-0.0,-0.0,0.0,-0.0,-0.0,0.0,-0.0
original,cp_hk,1,lowest_shuffled,memberctl_cp_hk_lowest_shuffled_s1,ukr_rus_suspended,M2_post_meta/prototype,0.0078125,-0.016571044921875,0.024383544921875,0.02734375,0.0,0.02734375,-0.026770737051110882,0.04799999999999999,-0.07477073705111087,0.0001659393310546875,3.8743019104003906e-05,0.0001271963119506836
original,cp_hk,1,lowest_shuffled,memberctl_cp_hk_lowest_shuffled_s1,ukr_rus_suspended,M2_post_meta/ridge,-0.0008544921875,-0.014617919921875,0.013763427734375,0.0234375,-0.00390625,0.02734375,-0.023865704847299885,0.012969495746005422,-0.036835200593305306,0.0140647292137146,0.00036394596099853516,0.013700783252716064
original,cp_hk,1,lowest_shuffled,memberctl_cp_hk_lowest_shuffled_s1,ukr_rus_suspended,S0_conv_center/prototype,-0.0,0.0,-0.0,-0.0,0.0,-0.0,-0.0,0.0,-0.0,-0.0,0.0,-0.0
original,cp_hk,1,lowest_shuffled,memberctl_cp_hk_lowest_shuffled_s1,ukr_rus_suspended,S0_conv_center/ridge,-0.0,0.0,-0.0,-0.0,0.0,-0.0,-0.0,5.551115123125783e-17,-5.551115123125783e-17,-0.0,0.0,-0.0
original,cp_hk,1,lowest_shuffled,memberctl_cp_hk_lowest_shuffled_s1,ukr_rus_suspended,S0_pool/prototype,-0.0,0.0,-0.0,-0.0,0.0,-0.0,-0.0,0.0,-0.0,-0.0,0.0,-0.0
original,cp_hk,1,lowest_shuffled,memberctl_cp_hk_lowest_shuffled_s1,ukr_rus_suspended,S0_pool/ridge,-0.0,0.0,-0.0,-0.0,0.0,-0.0,-0.0,0.0,-0.0,-0.0,0.0,-0.0
original,cp_hk,1,lowest_shuffled,memberctl_cp_hk_lowest_shuffled_s1,ukr_rus_suspended,U1_pre_meta/prototype,0.03887939453125,-0.01776123046875,0.056640625,0.0234375,-0.015625,0.0390625,0.016154802059293427,-0.0030971738288811945,0.01925197588817462,-0.0012142658233642578,1.7344951629638672e-05,-0.0012316107749938965
original,cp_hk,1,lowest_shuffled,memberctl_cp_hk_lowest_shuffled_s1,ukr_rus_suspended,U1_pre_meta/ridge,0.05609130859375,-0.0196533203125,0.07574462890625,0.04296875,-0.01953125,0.0625,0.04990424693026929,-0.013596837944663986,0.06350108487493328,-0.008516311645507812,0.00023484230041503906,-0.008751153945922852
original,cp_hk,1,lowest_shuffled,memberctl_cp_hk_lowest_shuffled_s1,ukr_rus_suspended,final_input/prototype,0.0078125,-0.016571044921875,0.024383544921875,0.02734375,0.0,0.02734375,-0.026770737051110882,0.04799999999999999,-0.07477073705111087,0.0001659393310546875,3.8743019104003906e-05,0.0001271963119506836
original,cp_hk,1,lowest_shuffled,memberctl_cp_hk_lowest_shuffled_s1,ukr_rus_suspended,final_input/ridge,-0.0008544921875,-0.014617919921875,0.013763427734375,0.0234375,-0.00390625,0.02734375,-0.023865704847299885,0.012969495746005422,-0.036835200593305306,0.0140647292137146,0.00036394596099853516,0.013700783252716064
original,cp_hk,1,lowest_shuffled,memberctl_cp_hk_lowest_shuffled_s1,ukr_rus_suspended,full_model,-0.0064697265625,-0.01116943359375,0.00469970703125,0.01953125,0.0,0.01953125,0.054022144931235805,0.0,0.054022144931235805,0.3786073923110962,0.020623087882995605,0.3579843044281006
original,cp_hk,1,lowest_shuffled,memberctl_cp_hk_lowest_shuffled_s1,ukr_rus_suspended,raw_center/prototype,-0.0,0.0,-0.0,-0.0,0.0,-0.0,-5.551115123125783e-17,5.551115123125783e-17,-1.1102230246251565e-16,-0.0,0.0,-0.0
original,cp_hk,1,lowest_shuffled,memberctl_cp_hk_lowest_shuffled_s1,ukr_rus_suspended,raw_center/ridge,-0.0,0.0,-0.0,-0.0,0.0,-0.0,-5.551115123125783e-17,5.551115123125783e-17,-1.1102230246251565e-16,-0.0,0.0,-0.0
original,cp_hk,1,lowest_shuffled,memberctl_cp_hk_lowest_shuffled_s1,ukr_rus_suspended,raw_context/prototype,-0.0,0.0,-0.0,-0.0,0.0,-0.0,-0.0,0.0,-0.0,-0.0,0.0,-0.0
original,cp_hk,1,lowest_shuffled,memberctl_cp_hk_lowest_shuffled_s1,ukr_rus_suspended,raw_context/ridge,-0.0,0.0,-0.0,-0.0,0.0,-0.0,-5.551115123125783e-17,5.551115123125783e-17,-1.1102230246251565e-16,-0.0,0.0,-0.0
original,cp_hk,1,lowest_shuffled,memberctl_cp_hk_lowest_shuffled_s1,ukr_rus_suspended,raw_joint/prototype,-0.0,0.0,-0.0,-0.0,0.0,-0.0,-5.551115123125783e-17,5.551115123125783e-17,-1.1102230246251565e-16,-0.0,0.0,-0.0
original,cp_hk,1,lowest_shuffled,memberctl_cp_hk_lowest_shuffled_s1,ukr_rus_suspended,raw_joint/ridge,-0.0,0.0,-0.0,-0.0,0.0,-0.0,-0.0,0.0,-0.0,-0.0,0.0,-0.0
original,cp_hk,1,lowest_sorted,memberctl_cp_hk_lowest_sorted_s1,covid_political,M2_post_meta/prototype,0.10214148627387154,-0.02572151466652195,0.1278630009403935,0.0673828125,-0.0022786458333332593,0.06966145833333326,0.02437770676147266,-0.034920554826700756,0.05929826158817342,0.0048683881759643555,-0.0005194544792175293,0.005387842655181885
original,cp_hk,1,lowest_sorted,memberctl_cp_hk_lowest_sorted_s1,covid_political,M2_post_meta/ridge,0.05385787398726849,-0.02119332772714111,0.0750512017144096,0.06608072916666663,0.00520833333333337,0.06087239583333326,0.02333303946633758,-0.022604365324064513,0.04593740479040209,0.09915459156036377,-0.004297792911529541,0.10345238447189331
original,cp_hk,1,lowest_sorted,memberctl_cp_hk_lowest_sorted_s1,covid_political,S0_conv_center/prototype,-0.0,0.0,-0.0,-0.0,0.0,-0.0,-0.0,0.0,-0.0,-0.0,0.0,-0.0
original,cp_hk,1,lowest_sorted,memberctl_cp_hk_lowest_sorted_s1,covid_political,S0_conv_center/ridge,-0.0,0.0,-0.0,-0.0,0.0,-0.0,-0.0,0.0,-0.0,-0.0,0.0,-0.0
original,cp_hk,1,lowest_sorted,memberctl_cp_hk_lowest_sorted_s1,covid_political,S0_pool/prototype,-0.0,0.0,-0.0,-0.0,0.0,-0.0,-0.0,0.0,-0.0,-0.0,0.0,-0.0
original,cp_hk,1,lowest_sorted,memberctl_cp_hk_lowest_sorted_s1,covid_political,S0_pool/ridge,-0.0,0.0,-0.0,-0.0,0.0,-0.0,-0.0,0.0,-0.0,-0.0,0.0,-0.0
original,cp_hk,1,lowest_sorted,memberctl_cp_hk_lowest_sorted_s1,covid_political,U1_pre_meta/prototype,0.0010166874638311008,-0.02323461461950227,0.02425130208333337,0.015625,-0.03483072916666663,0.05045572916666663,0.026056456898461478,-0.03981433827033409,0.06587079516879557,-0.005151927471160889,-0.0007305741310119629,-0.004421353340148926
original,cp_hk,1,lowest_sorted,memberctl_cp_hk_lowest_sorted_s1,covid_political,U1_pre_meta/ridge,0.014031304253472321,-0.02299612539785889,0.03702742965133121,0.0302734375,-0.033203125,0.0634765625,0.041112705901608315,-0.03866741340813962,0.07978011930974793,-0.02620983123779297,-0.0038588643074035645,-0.022350966930389404
original,cp_hk,1,lowest_sorted,memberctl_cp_hk_lowest_sorted_s1,covid_political,final_input/prototype,0.10214148627387154,-0.02572151466652195,0.1278630009403935,0.0673828125,-0.0022786458333332593,0.06966145833333326,0.02437770676147266,-0.034920554826700756,0.05929826158817342,0.0048683881759643555,-0.0005194544792175293,0.005387842655181885
original,cp_hk,1,lowest_sorted,memberctl_cp_hk_lowest_sorted_s1,covid_political,final_input/ridge,0.05385787398726849,-0.02119332772714111,0.0750512017144096,0.06608072916666663,0.00520833333333337,0.06087239583333326,0.02333303946633758,-0.022604365324064513,0.04593740479040209,0.09915459156036377,-0.004297792911529541,0.10345238447189331
original,cp_hk,1,lowest_sorted,memberctl_cp_hk_lowest_sorted_s1,covid_political,full_model,0.07054703323929401,0.19051615397135413,-0.11996912073206012,-0.11783854166666663,0.0,-0.11783854166666663,0.20063230735880766,0.0,0.20063230735880766,0.7639786601066589,0.02746129035949707,0.7365173697471619
original,cp_hk,1,lowest_sorted,memberctl_cp_hk_lowest_sorted_s1,covid_political,raw_center/prototype,-0.0,0.0,-0.0,-0.0,0.0,-0.0,-0.0,0.0,-0.0,-0.0,0.0,-0.0
original,cp_hk,1,lowest_sorted,memberctl_cp_hk_lowest_sorted_s1,covid_political,raw_center/ridge,-0.0,0.0,-0.0,-0.0,0.0,-0.0,-0.0,0.0,-0.0,-0.0,0.0,-0.0
original,cp_hk,1,lowest_sorted,memberctl_cp_hk_lowest_sorted_s1,covid_political,raw_context/prototype,-1.1102230246251565e-16,1.1102230246251565e-16,-2.220446049250313e-16,-0.0,0.0,-0.0,-0.0,0.0,-0.0,-0.0,0.0,-0.0
original,cp_hk,1,lowest_sorted,memberctl_cp_hk_lowest_sorted_s1,covid_political,raw_context/ridge,-0.0,0.0,-0.0,-0.0,0.0,-0.0,-0.0,0.0,-0.0,-0.0,0.0,-0.0
original,cp_hk,1,lowest_sorted,memberctl_cp_hk_lowest_sorted_s1,covid_political,raw_joint/prototype,-0.0,0.0,-0.0,-0.0,0.0,-0.0,-0.0,0.0,-0.0,-0.0,0.0,-0.0
original,cp_hk,1,lowest_sorted,memberctl_cp_hk_lowest_sorted_s1,covid_political,raw_joint/ridge,-0.0,0.0,-0.0,-0.0,0.0,-0.0,-0.0,0.0,-0.0,-0.0,0.0,-0.0
original,cp_hk,1,lowest_sorted,memberctl_cp_hk_lowest_sorted_s1,election2020,M2_post_meta/prototype,0.04583740234375,-0.03973388671875,0.0855712890625,0.015625,-0.0234375,0.0390625,0.012262331220721956,-0.03727651920423003,0.049538850424951986,-0.0005688667297363281,-0.00027763843536376953,-0.0002912282943725586
original,cp_hk,1,lowest_sorted,memberctl_cp_hk_lowest_sorted_s1,election2020,M2_post_meta/ridge,0.001953125,-0.0296630859375,0.0316162109375,0.0078125,-0.02734375,0.03515625,0.0070360598065083435,-0.041992337164750926,0.04902839697125927,0.040506601333618164,-0.0022692084312438965,0.04277580976486206
original,cp_hk,1,lowest_sorted,memberctl_cp_hk_lowest_sorted_s1,election2020,S0_conv_center/prototype,-0.0,0.0,-0.0,-0.0,0.0,-0.0,-0.0,0.0,-0.0,-0.0,0.0,-0.0
original,cp_hk,1,lowest_sorted,memberctl_cp_hk_lowest_sorted_s1,election2020,S0_conv_center/ridge,-0.0,0.0,-0.0,-0.0,0.0,-0.0,-0.0,0.0,-0.0,-0.0,0.0,-0.0
original,cp_hk,1,lowest_sorted,memberctl_cp_hk_lowest_sorted_s1,election2020,S0_pool/prototype,-0.0,0.0,-0.0,-0.0,0.0,-0.0,1.1102230246251565e-16,-1.1102230246251565e-16,2.220446049250313e-16,-0.0,0.0,-0.0
original,cp_hk,1,lowest_sorted,memberctl_cp_hk_lowest_sorted_s1,election2020,S0_pool/ridge,-0.0,0.0,-0.0,-0.0,0.0,-0.0,1.1102230246251565e-16,-1.1102230246251565e-16,2.220446049250313e-16,-0.0,0.0,-0.0
original,cp_hk,1,lowest_sorted,memberctl_cp_hk_lowest_sorted_s1,election2020,U1_pre_meta/prototype,0.0421142578125,-0.05133056640625,0.09344482421875,0.0703125,-0.03515625,0.10546875,0.06858089616710306,-0.03180976879882047,0.10039066496592353,-0.006788194179534912,0.0001512765884399414,-0.0069394707679748535
original,cp_hk,1,lowest_sorted,memberctl_cp_hk_lowest_sorted_s1,election2020,U1_pre_meta/ridge,0.03460693359375,-0.05218505859375,0.0867919921875,0.07421875,-0.04296875,0.1171875,0.07101907101907101,-0.04696545284780573,0.11798452386687674,-0.0387803316116333,0.00219118595123291,-0.04097151756286621
original,cp_hk,1,lowest_sorted,memberctl_cp_hk_lowest_sorted_s1,election2020,final_input/prototype,0.04583740234375,-0.03973388671875,0.0855712890625,0.015625,-0.0234375,0.0390625,0.012262331220721956,-0.03727651920423003,0.049538850424951986,-0.0005688667297363281,-0.00027763843536376953,-0.0002912282943725586
original,cp_hk,1,lowest_sorted,memberctl_cp_hk_lowest_sorted_s1,election2020,final_input/ridge,0.001953125,-0.0296630859375,0.0316162109375,0.0078125,-0.02734375,0.03515625,0.0070360598065083435,-0.041992337164750926,0.04902839697125927,0.040506601333618164,-0.0022692084312438965,0.04277580976486206
original,cp_hk,1,lowest_sorted,memberctl_cp_hk_lowest_sorted_s1,election2020,full_model,0.33349609375,0.33489990234375,-0.00140380859375,0.31640625,0.0,0.31640625,0.5032546954683029,0.0,0.5032546954683029,-0.3615403473377228,-0.037162065505981445,-0.32437828183174133
original,cp_hk,1,lowest_sorted,memberctl_cp_hk_lowest_sorted_s1,election2020,raw_center/prototype,-0.0,0.0,-0.0,-0.0,0.0,-0.0,-0.0,0.0,-0.0,-0.0,0.0,-0.0
original,cp_hk,1,lowest_sorted,memberctl_cp_hk_lowest_sorted_s1,election2020,raw_center/ridge,-0.0,0.0,-0.0,-0.0,0.0,-0.0,-0.0,0.0,-0.0,-0.0,0.0,-0.0
original,cp_hk,1,lowest_sorted,memberctl_cp_hk_lowest_sorted_s1,election2020,raw_context/prototype,-0.0,0.0,-0.0,-0.0,0.0,-0.0,1.1102230246251565e-16,-1.1102230246251565e-16,2.220446049250313e-16,-0.0,0.0,-0.0
original,cp_hk,1,lowest_sorted,memberctl_cp_hk_lowest_sorted_s1,election2020,raw_context/ridge,-0.0,0.0,-0.0,-0.0,0.0,-0.0,1.1102230246251565e-16,-1.1102230246251565e-16,2.220446049250313e-16,-0.0,0.0,-0.0
original,cp_hk,1,lowest_sorted,memberctl_cp_hk_lowest_sorted_s1,election2020,raw_joint/prototype,-0.0,0.0,-0.0,-0.0,0.0,-0.0,-0.0,0.0,-0.0,-0.0,0.0,-0.0
original,cp_hk,1,lowest_sorted,memberctl_cp_hk_lowest_sorted_s1,election2020,raw_joint/ridge,-0.0,0.0,-0.0,-0.0,0.0,-0.0,-0.0,0.0,-0.0,-0.0,0.0,-0.0
original,cp_hk,1,lowest_sorted,memberctl_cp_hk_lowest_sorted_s1,facebook_page_reference,M2_post_meta/prototype,0.12832069396972656,-0.058704376220703125,0.1870250701904297,0.0810546875,-0.048828125,0.1298828125,0.039516100822761135,-0.053085929652588404,0.09260203047534954,-0.004787564277648926,-0.0003019571304321289,-0.004485607147216797
original,cp_hk,1,lowest_sorted,memberctl_cp_hk_lowest_sorted_s1,facebook_page_reference,M2_post_meta/ridge,0.13393020629882812,-0.05034828186035156,0.1842784881591797,0.0888671875,-0.04296875,0.1318359375,0.048448053370543476,-0.044988251641634,0.09343630501217748,-0.03037393093109131,-0.0028020143508911133,-0.027571916580200195
original,cp_hk,1,lowest_sorted,memberctl_cp_hk_lowest_sorted_s1,facebook_page_reference,S0_conv_center/prototype,-0.0,0.0,-0.0,-0.0,0.0,-0.0,-0.0,0.0,-0.0,-0.0,0.0,-0.0
original,cp_hk,1,lowest_sorted,memberctl_cp_hk_lowest_sorted_s1,facebook_page_reference,S0_conv_center/ridge,-0.0,0.0,-0.0,-0.0,0.0,-0.0,-0.0,0.0,-0.0,-0.0,0.0,-0.0
original,cp_hk,1,lowest_sorted,memberctl_cp_hk_lowest_sorted_s1,facebook_page_reference,S0_pool/prototype,-0.0,0.0,-0.0,-0.0,0.0,-0.0,-0.0,0.0,-0.0,-0.0,0.0,-0.0
original,cp_hk,1,lowest_sorted,memberctl_cp_hk_lowest_sorted_s1,facebook_page_reference,S0_pool/ridge,-0.0,0.0,-0.0,-0.0,0.0,-0.0,-0.0,0.0,-0.0,-0.0,0.0,-0.0
original,cp_hk,1,lowest_sorted,memberctl_cp_hk_lowest_sorted_s1,facebook_page_reference,U1_pre_meta/prototype,-0.10371017456054688,-0.06066703796386719,-0.04304313659667969,-0.1064453125,-0.0556640625,-0.05078125,-0.11317220214356927,-0.060667631470495254,-0.052504570673074014,0.005096733570098877,-0.0003089308738708496,0.0054056644439697266
original,cp_hk,1,lowest_sorted,memberctl_cp_hk_lowest_sorted_s1,facebook_page_reference,U1_pre_meta/ridge,-0.08618545532226562,-0.054859161376953125,-0.0313262939453125,-0.1005859375,-0.046875,-0.0537109375,-0.10945506172695241,-0.052563527960329925,-0.05689153376662248,0.017036795616149902,-0.002477109432220459,0.01951390504837036
original,cp_hk,1,lowest_sorted,memberctl_cp_hk_lowest_sorted_s1,facebook_page_reference,final_input/prototype,0.12832069396972656,-0.058704376220703125,0.1870250701904297,0.0810546875,-0.048828125,0.1298828125,0.039516100822761135,-0.053085929652588404,0.09260203047534954,-0.004787564277648926,-0.0003019571304321289,-0.004485607147216797
original,cp_hk,1,lowest_sorted,memberctl_cp_hk_lowest_sorted_s1,facebook_page_reference,final_input/ridge,0.13393020629882812,-0.05034828186035156,0.1842784881591797,0.0888671875,-0.04296875,0.1318359375,0.048448053370543476,-0.044988251641634,0.09343630501217748,-0.03037393093109131,-0.0028020143508911133,-0.027571916580200195
original,cp_hk,1,lowest_sorted,memberctl_cp_hk_lowest_sorted_s1,facebook_page_reference,full_model,0.013988494873046875,0.004581451416015625,0.00940704345703125,-0.0,0.0048828125,-0.0048828125,-0.003168366526678179,-0.008037360252140857,0.004868993725462678,0.24328529834747314,-7.772445678710938e-05,0.24336302280426025
original,cp_hk,1,lowest_sorted,memberctl_cp_hk_lowest_sorted_s1,facebook_page_reference,raw_center/prototype,-0.0,0.0,-0.0,-0.0,0.0,-0.0,-0.0,0.0,-0.0,-0.0,0.0,-0.0
original,cp_hk,1,lowest_sorted,memberctl_cp_hk_lowest_sorted_s1,facebook_page_reference,raw_center/ridge,1.1102230246251565e-16,-1.1102230246251565e-16,2.220446049250313e-16,-0.0,0.0,-0.0,-0.0,0.0,-0.0,-0.0,0.0,-0.0
original,cp_hk,1,lowest_sorted,memberctl_cp_hk_lowest_sorted_s1,facebook_page_reference,raw_context/prototype,-0.0,0.0,-0.0,-0.0,0.0,-0.0,-0.0,0.0,-0.0,-0.0,0.0,-0.0
original,cp_hk,1,lowest_sorted,memberctl_cp_hk_lowest_sorted_s1,facebook_page_reference,raw_context/ridge,-0.0,0.0,-0.0,-0.0,0.0,-0.0,-0.0,0.0,-0.0,-0.0,0.0,-0.0
original,cp_hk,1,lowest_sorted,memberctl_cp_hk_lowest_sorted_s1,facebook_page_reference,raw_joint/prototype,-0.0,0.0,-0.0,-0.0,0.0,-0.0,-0.0,0.0,-0.0,-0.0,0.0,-0.0
original,cp_hk,1,lowest_sorted,memberctl_cp_hk_lowest_sorted_s1,facebook_page_reference,raw_joint/ridge,1.1102230246251565e-16,-1.1102230246251565e-16,2.220446049250313e-16,-0.0,0.0,-0.0,-0.0,0.0,-0.0,-0.0,0.0,-0.0
original,cp_hk,1,lowest_sorted,memberctl_cp_hk_lowest_sorted_s1,twibot20,M2_post_meta/prototype,0.08937835693359375,-0.007339265611436607,0.09671762254503036,0.03385416666666663,0.0013020833333333703,0.03255208333333326,-0.017603797900193285,-0.0020667396080817912,-0.015537058292111494,-0.008572161197662354,-0.0022242069244384766,-0.006347954273223877
original,cp_hk,1,lowest_sorted,memberctl_cp_hk_lowest_sorted_s1,twibot20,M2_post_meta/ridge,0.07965808444552958,-0.005302217271592857,0.08496030171712243,0.02408854166666663,0.0032552083333332593,0.02083333333333337,-0.021277350575171328,-0.0004210094048116009,-0.020856341170359727,0.005040585994720459,-0.013913750648498535,0.018954336643218994
original,cp_hk,1,lowest_sorted,memberctl_cp_hk_lowest_sorted_s1,twibot20,S0_conv_center/prototype,-0.0,0.0,-0.0,-0.0,0.0,-0.0,-0.0,0.0,-0.0,-0.0,0.0,-0.0
original,cp_hk,1,lowest_sorted,memberctl_cp_hk_lowest_sorted_s1,twibot20,S0_conv_center/ridge,-0.0,0.0,-0.0,-0.0,0.0,-0.0,-0.0,0.0,-0.0,-0.0,0.0,-0.0
original,cp_hk,1,lowest_sorted,memberctl_cp_hk_lowest_sorted_s1,twibot20,S0_pool/prototype,-0.0,0.0,-0.0,-0.0,0.0,-0.0,-0.0,0.0,-0.0,-0.0,0.0,-0.0
original,cp_hk,1,lowest_sorted,memberctl_cp_hk_lowest_sorted_s1,twibot20,S0_pool/ridge,-0.0,0.0,-0.0,-0.0,0.0,-0.0,-0.0,0.0,-0.0,-0.0,0.0,-0.0
original,cp_hk,1,lowest_sorted,memberctl_cp_hk_lowest_sorted_s1,twibot20,U1_pre_meta/prototype,0.06008063422309029,-0.006882985432942745,0.06696361965603304,0.04654947916666663,0.0035807291666666297,0.04296875,0.0618375007764963,-0.00010097508983830661,0.06193847586633461,-0.004121065139770508,-0.0022869110107421875,-0.0018341541290283203
original,cp_hk,1,lowest_sorted,memberctl_cp_hk_lowest_sorted_s1,twibot20,U1_pre_meta/ridge,0.05642975701226127,-0.006587346394856808,0.06301710340711808,0.044921875,0.0035807291666667407,0.04134114583333326,0.06142052940471909,-0.0002469972099689022,0.061667526614687995,-0.014907419681549072,-0.006798505783081055,-0.008108913898468018
original,cp_hk,1,lowest_sorted,memberctl_cp_hk_lowest_sorted_s1,twibot20,final_input/prototype,0.08937835693359375,-0.007339265611436607,0.09671762254503036,0.03385416666666663,0.0013020833333333703,0.03255208333333326,-0.017603797900193285,-0.0020667396080817912,-0.015537058292111494,-0.008572161197662354,-0.0022242069244384766,-0.006347954273223877
original,cp_hk,1,lowest_sorted,memberctl_cp_hk_lowest_sorted_s1,twibot20,final_input/ridge,0.07965808444552958,-0.005302217271592857,0.08496030171712243,0.02408854166666663,0.0032552083333332593,0.02083333333333337,-0.021277350575171328,-0.0004210094048116009,-0.020856341170359727,0.005040585994720459,-0.013913750648498535,0.018954336643218994
original,cp_hk,1,lowest_sorted,memberctl_cp_hk_lowest_sorted_s1,twibot20,full_model,0.08649147881401908,-0.11044777764214397,0.19693925645616306,0.06901041666666663,0.0,0.06901041666666663,0.003089596655035387,0.0,0.003089596655035387,0.3048882484436036,-0.028815388679504395,0.333703637123108
original,cp_hk,1,lowest_sorted,memberctl_cp_hk_lowest_sorted_s1,twibot20,raw_center/prototype,-0.0,0.0,-0.0,-0.0,0.0,-0.0,-0.0,0.0,-0.0,-0.0,0.0,-0.0
original,cp_hk,1,lowest_sorted,memberctl_cp_hk_lowest_sorted_s1,twibot20,raw_center/ridge,-0.0,0.0,-0.0,-0.0,0.0,-0.0,-0.0,0.0,-0.0,-0.0,0.0,-0.0
original,cp_hk,1,lowest_sorted,memberctl_cp_hk_lowest_sorted_s1,twibot20,raw_context/prototype,-0.0,0.0,-0.0,-0.0,0.0,-0.0,-0.0,0.0,-0.0,-0.0,0.0,-0.0
original,cp_hk,1,lowest_sorted,memberctl_cp_hk_lowest_sorted_s1,twibot20,raw_context/ridge,-0.0,0.0,-0.0,-0.0,0.0,-0.0,-0.0,0.0,-0.0,-0.0,0.0,-0.0
original,cp_hk,1,lowest_sorted,memberctl_cp_hk_lowest_sorted_s1,twibot20,raw_joint/prototype,-0.0,0.0,-0.0,-0.0,0.0,-0.0,-0.0,0.0,-0.0,-0.0,0.0,-0.0
original,cp_hk,1,lowest_sorted,memberctl_cp_hk_lowest_sorted_s1,twibot20,raw_joint/ridge,-0.0,0.0,-0.0,-0.0,0.0,-0.0,-0.0,0.0,-0.0,-0.0,0.0,-0.0
original,cp_hk,1,lowest_sorted,memberctl_cp_hk_lowest_sorted_s1,ukr_rus_suspended,M2_post_meta/prototype,-0.076568603515625,-0.007049560546875,-0.06951904296875,-0.015625,0.0,-0.015625,-0.03378759538018472,0.06093749999999998,-0.0947250953801847,0.004258930683135986,5.340576171875e-05,0.004205524921417236
original,cp_hk,1,lowest_sorted,memberctl_cp_hk_lowest_sorted_s1,ukr_rus_suspended,M2_post_meta/ridge,-0.079345703125,-0.003265380859375,-0.076080322265625,-0.01953125,0.0078125,-0.02734375,-0.03540898753038979,0.04983866964507322,-0.08524765717546301,0.028290629386901855,0.00044333934783935547,0.0278472900390625
original,cp_hk,1,lowest_sorted,memberctl_cp_hk_lowest_sorted_s1,ukr_rus_suspended,S0_conv_center/prototype,-0.0,0.0,-0.0,-0.0,0.0,-0.0,-0.0,0.0,-0.0,-0.0,0.0,-0.0
original,cp_hk,1,lowest_sorted,memberctl_cp_hk_lowest_sorted_s1,ukr_rus_suspended,S0_conv_center/ridge,-0.0,0.0,-0.0,-0.0,0.0,-0.0,-5.551115123125783e-17,5.551115123125783e-17,-1.1102230246251565e-16,-0.0,0.0,-0.0
original,cp_hk,1,lowest_sorted,memberctl_cp_hk_lowest_sorted_s1,ukr_rus_suspended,S0_pool/prototype,-0.0,0.0,-0.0,-0.0,0.0,-0.0,-0.0,0.0,-0.0,-0.0,0.0,-0.0
original,cp_hk,1,lowest_sorted,memberctl_cp_hk_lowest_sorted_s1,ukr_rus_suspended,S0_pool/ridge,-0.0,0.0,-0.0,-0.0,0.0,-0.0,-0.0,0.0,-0.0,-0.0,0.0,-0.0
original,cp_hk,1,lowest_sorted,memberctl_cp_hk_lowest_sorted_s1,ukr_rus_suspended,U1_pre_meta/prototype,-0.01177978515625,-0.007293701171875,-0.004486083984375,0.015625,-0.00390625,0.01953125,0.02731575388776203,0.010893666248915412,0.016422087638846616,-0.00035637617111206055,0.00011080503463745117,-0.0004671812057495117
original,cp_hk,1,lowest_sorted,memberctl_cp_hk_lowest_sorted_s1,ukr_rus_suspended,U1_pre_meta/ridge,-0.014404296875,-0.00836181640625,-0.00604248046875,0.03125,-0.015625,0.046875,0.042579633383142745,-0.0034374999999999822,0.04601713338314273,-7.325410842895508e-05,0.000671088695526123,-0.0007443428039550781
original,cp_hk,1,lowest_sorted,memberctl_cp_hk_lowest_sorted_s1,ukr_rus_suspended,final_input/prototype,-0.076568603515625,-0.007049560546875,-0.06951904296875,-0.015625,0.0,-0.015625,-0.03378759538018472,0.06093749999999998,-0.0947250953801847,0.004258930683135986,5.340576171875e-05,0.004205524921417236
original,cp_hk,1,lowest_sorted,memberctl_cp_hk_lowest_sorted_s1,ukr_rus_suspended,final_input/ridge,-0.079345703125,-0.003265380859375,-0.076080322265625,-0.01953125,0.0078125,-0.02734375,-0.03540898753038979,0.04983866964507322,-0.08524765717546301,0.028290629386901855,0.00044333934783935547,0.0278472900390625
original,cp_hk,1,lowest_sorted,memberctl_cp_hk_lowest_sorted_s1,ukr_rus_suspended,full_model,-0.026611328125,-0.03021240234375,0.00360107421875,-0.0078125,0.0,-0.0078125,-0.0372922697150917,0.0,-0.0372922697150917,0.28917717933654785,0.06855148077011108,0.22062569856643677
original,cp_hk,1,lowest_sorted,memberctl_cp_hk_lowest_sorted_s1,ukr_rus_suspended,raw_center/prototype,-0.0,0.0,-0.0,-0.0,0.0,-0.0,-5.551115123125783e-17,5.551115123125783e-17,-1.1102230246251565e-16,-0.0,0.0,-0.0
original,cp_hk,1,lowest_sorted,memberctl_cp_hk_lowest_sorted_s1,ukr_rus_suspended,raw_center/ridge,-0.0,0.0,-0.0,-0.0,0.0,-0.0,-5.551115123125783e-17,5.551115123125783e-17,-1.1102230246251565e-16,-0.0,0.0,-0.0
original,cp_hk,1,lowest_sorted,memberctl_cp_hk_lowest_sorted_s1,ukr_rus_suspended,raw_context/prototype,-0.0,0.0,-0.0,-0.0,0.0,-0.0,-0.0,0.0,-0.0,-0.0,0.0,-0.0
original,cp_hk,1,lowest_sorted,memberctl_cp_hk_lowest_sorted_s1,ukr_rus_suspended,raw_context/ridge,-0.0,0.0,-0.0,-0.0,0.0,-0.0,-5.551115123125783e-17,5.551115123125783e-17,-1.1102230246251565e-16,-0.0,0.0,-0.0
original,cp_hk,1,lowest_sorted,memberctl_cp_hk_lowest_sorted_s1,ukr_rus_suspended,raw_joint/prototype,-0.0,0.0,-0.0,-0.0,0.0,-0.0,-5.551115123125783e-17,5.551115123125783e-17,-1.1102230246251565e-16,-0.0,0.0,-0.0
original,cp_hk,1,lowest_sorted,memberctl_cp_hk_lowest_sorted_s1,ukr_rus_suspended,raw_joint/ridge,-0.0,0.0,-0.0,-0.0,0.0,-0.0,-0.0,0.0,-0.0,-0.0,0.0,-0.0
original,cp_hk,1,uniform_shuffled,memberctl_cp_hk_uniform_shuffled_s1,covid_political,M2_post_meta/prototype,-0.026023582175926152,-0.00286158808955439,-0.023161994086371762,0.3372395833333333,0.00944010416666674,0.3277994791666666,0.09844144384523013,-0.01006653652513223,0.10850798037036236,-0.0346028208732605,-0.00014334917068481445,-0.034459471702575684
original,cp_hk,1,uniform_shuffled,memberctl_cp_hk_uniform_shuffled_s1,covid_political,M2_post_meta/ridge,0.02121480305989598,-0.0016222353334779394,0.02283703839337392,0.40527343749999994,0.0126953125,0.39257812499999994,0.1618540464731857,-0.006454892466689455,0.16830893893987514,-0.14636242389678955,-0.0013453364372253418,-0.1450170874595642
original,cp_hk,1,uniform_shuffled,memberctl_cp_hk_uniform_shuffled_s1,covid_political,S0_conv_center/prototype,-0.0,0.0,-0.0,-0.0,0.0,-0.0,-0.0,0.0,-0.0,-0.0,0.0,-0.0
original,cp_hk,1,uniform_shuffled,memberctl_cp_hk_uniform_shuffled_s1,covid_political,S0_conv_center/ridge,-0.0,0.0,-0.0,-0.0,0.0,-0.0,-0.0,0.0,-0.0,-0.0,0.0,-0.0
original,cp_hk,1,uniform_shuffled,memberctl_cp_hk_uniform_shuffled_s1,covid_political,S0_pool/prototype,-0.0,0.0,-0.0,-0.0,0.0,-0.0,-0.0,0.0,-0.0,-0.0,0.0,-0.0
original,cp_hk,1,uniform_shuffled,memberctl_cp_hk_uniform_shuffled_s1,covid_political,S0_pool/ridge,-0.0,0.0,-0.0,-0.0,0.0,-0.0,-0.0,0.0,-0.0,-0.0,0.0,-0.0
original,cp_hk,1,uniform_shuffled,memberctl_cp_hk_uniform_shuffled_s1,covid_political,U1_pre_meta/prototype,0.016222070764612018,-0.0006999263057001492,0.016921997070312167,0.04947916666666663,-0.01920572916666663,0.06868489583333326,0.06647245863559337,-0.02384230896396128,0.09031476759955465,-0.009733736515045166,0.00037163496017456055,-0.010105371475219727
original,cp_hk,1,uniform_shuffled,memberctl_cp_hk_uniform_shuffled_s1,covid_political,U1_pre_meta/ridge,0.02663619429976849,-0.006178114149305691,0.03281430844907418,0.06119791666666674,-0.01920572916666663,0.08040364583333337,0.08620364863020502,-0.02294371504945969,0.10914736367966471,-0.03569018840789795,0.002710700035095215,-0.038400888442993164
original,cp_hk,1,uniform_shuffled,memberctl_cp_hk_uniform_shuffled_s1,covid_political,final_input/prototype,-0.026023582175926152,-0.00286158808955439,-0.023161994086371762,0.3372395833333333,0.00944010416666674,0.3277994791666666,0.09844144384523013,-0.01006653652513223,0.10850798037036236,-0.0346028208732605,-0.00014334917068481445,-0.034459471702575684
original,cp_hk,1,uniform_shuffled,memberctl_cp_hk_uniform_shuffled_s1,covid_political,final_input/ridge,0.02121480305989598,-0.0016222353334779394,0.02283703839337392,0.40527343749999994,0.0126953125,0.39257812499999994,0.1618540464731857,-0.006454892466689455,0.16830893893987514,-0.14636242389678955,-0.0013453364372253418,-0.1450170874595642
original,cp_hk,1,uniform_shuffled,memberctl_cp_hk_uniform_shuffled_s1,covid_political,full_model,0.05838380036530688,0.25243095115379055,-0.19404715078848367,-0.0498046875,0.0,-0.0498046875,0.029528366370471626,0.0,0.029528366370471626,0.1537671685218811,-0.03559082746505737,0.18935799598693848
original,cp_hk,1,uniform_shuffled,memberctl_cp_hk_uniform_shuffled_s1,covid_political,raw_center/prototype,-0.0,0.0,-0.0,-0.0,0.0,-0.0,-0.0,0.0,-0.0,-0.0,0.0,-0.0
original,cp_hk,1,uniform_shuffled,memberctl_cp_hk_uniform_shuffled_s1,covid_political,raw_center/ridge,-0.0,0.0,-0.0,-0.0,0.0,-0.0,-0.0,0.0,-0.0,-0.0,0.0,-0.0
original,cp_hk,1,uniform_shuffled,memberctl_cp_hk_uniform_shuffled_s1,covid_political,raw_context/prototype,-1.1102230246251565e-16,1.1102230246251565e-16,-2.220446049250313e-16,-0.0,0.0,-0.0,-0.0,0.0,-0.0,-0.0,0.0,-0.0
original,cp_hk,1,uniform_shuffled,memberctl_cp_hk_uniform_shuffled_s1,covid_political,raw_context/ridge,-0.0,0.0,-0.0,-0.0,0.0,-0.0,-0.0,0.0,-0.0,-0.0,0.0,-0.0
original,cp_hk,1,uniform_shuffled,memberctl_cp_hk_uniform_shuffled_s1,covid_political,raw_joint/prototype,-0.0,0.0,-0.0,-0.0,0.0,-0.0,-0.0,0.0,-0.0,-0.0,0.0,-0.0
original,cp_hk,1,uniform_shuffled,memberctl_cp_hk_uniform_shuffled_s1,covid_political,raw_joint/ridge,-0.0,0.0,-0.0,-0.0,0.0,-0.0,-0.0,0.0,-0.0,-0.0,0.0,-0.0
original,cp_hk,1,uniform_shuffled,memberctl_cp_hk_uniform_shuffled_s1,election2020,M2_post_meta/prototype,0.128173828125,-0.0836181640625,0.2117919921875,0.328125,-0.07421875,0.40234375,0.13690476190476197,-0.08126349071230965,0.21816825261707162,-0.01971369981765747,2.6106834411621094e-05,-0.019739806652069092
original,cp_hk,1,uniform_shuffled,memberctl_cp_hk_uniform_shuffled_s1,election2020,M2_post_meta/ridge,0.1278076171875,-0.08392333984375,0.21173095703125,0.33984375,-0.07421875,0.4140625,0.15429403202328973,-0.0867542419266557,0.24104827394994544,-0.08511674404144287,0.0003165006637573242,-0.0854332447052002
original,cp_hk,1,uniform_shuffled,memberctl_cp_hk_uniform_shuffled_s1,election2020,S0_conv_center/prototype,-0.0,0.0,-0.0,-0.0,0.0,-0.0,-0.0,0.0,-0.0,-0.0,0.0,-0.0
original,cp_hk,1,uniform_shuffled,memberctl_cp_hk_uniform_shuffled_s1,election2020,S0_conv_center/ridge,-0.0,0.0,-0.0,-0.0,0.0,-0.0,-0.0,0.0,-0.0,-0.0,0.0,-0.0
original,cp_hk,1,uniform_shuffled,memberctl_cp_hk_uniform_shuffled_s1,election2020,S0_pool/prototype,-0.0,0.0,-0.0,-0.0,0.0,-0.0,-0.0,-1.1102230246251565e-16,1.1102230246251565e-16,-0.0,0.0,-0.0
original,cp_hk,1,uniform_shuffled,memberctl_cp_hk_uniform_shuffled_s1,election2020,S0_pool/ridge,-0.0,0.0,-0.0,-0.0,0.0,-0.0,1.1102230246251565e-16,-1.1102230246251565e-16,2.220446049250313e-16,-0.0,0.0,-0.0
original,cp_hk,1,uniform_shuffled,memberctl_cp_hk_uniform_shuffled_s1,election2020,U1_pre_meta/prototype,0.044921875,-0.10601806640625,0.15093994140625,0.0859375,-0.08984375,0.17578125,0.08057675996607294,-0.09005248845886304,0.170629248424936,-0.010859251022338867,0.0009087920188903809,-0.011768043041229248
original,cp_hk,1,uniform_shuffled,memberctl_cp_hk_uniform_shuffled_s1,election2020,U1_pre_meta/ridge,0.032958984375,-0.129150390625,0.162109375,0.0859375,-0.1171875,0.203125,0.08057675996607294,-0.12395906569799231,0.20453582566406525,-0.058291614055633545,0.00800246000289917,-0.06629407405853271
original,cp_hk,1,uniform_shuffled,memberctl_cp_hk_uniform_shuffled_s1,election2020,final_input/prototype,0.128173828125,-0.0836181640625,0.2117919921875,0.328125,-0.07421875,0.40234375,0.13690476190476197,-0.08126349071230965,0.21816825261707162,-0.01971369981765747,2.6106834411621094e-05,-0.019739806652069092
original,cp_hk,1,uniform_shuffled,memberctl_cp_hk_uniform_shuffled_s1,election2020,final_input/ridge,0.1278076171875,-0.08392333984375,0.21173095703125,0.33984375,-0.07421875,0.4140625,0.15429403202328973,-0.0867542419266557,0.24104827394994544,-0.08511674404144287,0.0003165006637573242,-0.0854332447052002
original,cp_hk,1,uniform_shuffled,memberctl_cp_hk_uniform_shuffled_s1,election2020,full_model,0.15985107421875,0.2386474609375,-0.07879638671875,0.2265625,0.0,0.2265625,0.2539484074756514,0.0,0.2539484074756514,-0.4055084884166718,0.16407525539398193,-0.5695837438106537
original,cp_hk,1,uniform_shuffled,memberctl_cp_hk_uniform_shuffled_s1,election2020,raw_center/prototype,-0.0,0.0,-0.0,-0.0,0.0,-0.0,-0.0,0.0,-0.0,-0.0,0.0,-0.0
original,cp_hk,1,uniform_shuffled,memberctl_cp_hk_uniform_shuffled_s1,election2020,raw_center/ridge,-0.0,0.0,-0.0,-0.0,0.0,-0.0,-0.0,0.0,-0.0,-0.0,0.0,-0.0
original,cp_hk,1,uniform_shuffled,memberctl_cp_hk_uniform_shuffled_s1,election2020,raw_context/prototype,-0.0,0.0,-0.0,-0.0,0.0,-0.0,1.1102230246251565e-16,-1.1102230246251565e-16,2.220446049250313e-16,-0.0,0.0,-0.0
original,cp_hk,1,uniform_shuffled,memberctl_cp_hk_uniform_shuffled_s1,election2020,raw_context/ridge,-0.0,0.0,-0.0,-0.0,0.0,-0.0,1.1102230246251565e-16,-1.1102230246251565e-16,2.220446049250313e-16,-0.0,0.0,-0.0
original,cp_hk,1,uniform_shuffled,memberctl_cp_hk_uniform_shuffled_s1,election2020,raw_joint/prototype,-0.0,0.0,-0.0,-0.0,0.0,-0.0,-0.0,0.0,-0.0,-0.0,0.0,-0.0
original,cp_hk,1,uniform_shuffled,memberctl_cp_hk_uniform_shuffled_s1,election2020,raw_joint/ridge,-0.0,0.0,-0.0,-0.0,0.0,-0.0,-0.0,0.0,-0.0,-0.0,0.0,-0.0
original,cp_hk,1,uniform_shuffled,memberctl_cp_hk_uniform_shuffled_s1,facebook_page_reference,M2_post_meta/prototype,0.13602066040039062,-0.11857223510742188,0.2545928955078125,0.083984375,-0.09375,0.177734375,0.09451959305044522,-0.10068952580234358,0.1952091188527888,-0.016306400299072266,-4.827976226806641e-06,-0.01630157232284546
original,cp_hk,1,uniform_shuffled,memberctl_cp_hk_uniform_shuffled_s1,facebook_page_reference,M2_post_meta/ridge,0.13463401794433594,-0.11325454711914062,0.24788856506347656,0.0908203125,-0.0849609375,0.17578125,0.10187662298151645,-0.09134666037124761,0.19322328335276406,-0.046388447284698486,-4.172325134277344e-05,-0.04634672403335571
original,cp_hk,1,uniform_shuffled,memberctl_cp_hk_uniform_shuffled_s1,facebook_page_reference,S0_conv_center/prototype,-0.0,0.0,-0.0,-0.0,0.0,-0.0,-0.0,0.0,-0.0,-0.0,0.0,-0.0
original,cp_hk,1,uniform_shuffled,memberctl_cp_hk_uniform_shuffled_s1,facebook_page_reference,S0_conv_center/ridge,-0.0,0.0,-0.0,-0.0,0.0,-0.0,-0.0,0.0,-0.0,-0.0,0.0,-0.0
original,cp_hk,1,uniform_shuffled,memberctl_cp_hk_uniform_shuffled_s1,facebook_page_reference,S0_pool/prototype,-0.0,0.0,-0.0,-0.0,0.0,-0.0,-0.0,0.0,-0.0,-0.0,0.0,-0.0
original,cp_hk,1,uniform_shuffled,memberctl_cp_hk_uniform_shuffled_s1,facebook_page_reference,S0_pool/ridge,-0.0,0.0,-0.0,-0.0,0.0,-0.0,-0.0,0.0,-0.0,-0.0,0.0,-0.0
original,cp_hk,1,uniform_shuffled,memberctl_cp_hk_uniform_shuffled_s1,facebook_page_reference,U1_pre_meta/prototype,-0.0891571044921875,-0.12199211120605469,0.03283500671386719,-0.0859375,-0.0947265625,0.0087890625,-0.08080127809393389,-0.10231293566394462,0.021511657570010723,0.006274282932281494,0.00033742189407348633,0.005936861038208008
original,cp_hk,1,uniform_shuffled,memberctl_cp_hk_uniform_shuffled_s1,facebook_page_reference,U1_pre_meta/ridge,-0.09395980834960938,-0.12345504760742188,0.0294952392578125,-0.078125,-0.1015625,0.0234375,-0.07302858258819589,-0.11005055607840952,0.03702197349021363,0.021251797676086426,0.003187417984008789,0.018064379692077637
original,cp_hk,1,uniform_shuffled,memberctl_cp_hk_uniform_shuffled_s1,facebook_page_reference,final_input/prototype,0.13602066040039062,-0.11857223510742188,0.2545928955078125,0.083984375,-0.09375,0.177734375,0.09451959305044522,-0.10068952580234358,0.1952091188527888,-0.016306400299072266,-4.827976226806641e-06,-0.01630157232284546
original,cp_hk,1,uniform_shuffled,memberctl_cp_hk_uniform_shuffled_s1,facebook_page_reference,final_input/ridge,0.13463401794433594,-0.11325454711914062,0.24788856506347656,0.0908203125,-0.0849609375,0.17578125,0.10187662298151645,-0.09134666037124761,0.19322328335276406,-0.046388447284698486,-4.172325134277344e-05,-0.04634672403335571
original,cp_hk,1,uniform_shuffled,memberctl_cp_hk_uniform_shuffled_s1,facebook_page_reference,full_model,0.06969451904296875,0.00146484375,0.06822967529296875,0.0244140625,-0.001953125,0.0263671875,0.03669641125121248,0.038481130468383196,-0.001784719217170716,0.16114884614944458,2.86102294921875e-06,0.16114598512649536
original,cp_hk,1,uniform_shuffled,memberctl_cp_hk_uniform_shuffled_s1,facebook_page_reference,raw_center/prototype,-0.0,0.0,-0.0,-0.0,0.0,-0.0,-0.0,0.0,-0.0,-0.0,0.0,-0.0
original,cp_hk,1,uniform_shuffled,memberctl_cp_hk_uniform_shuffled_s1,facebook_page_reference,raw_center/ridge,1.1102230246251565e-16,-1.1102230246251565e-16,2.220446049250313e-16,-0.0,0.0,-0.0,-0.0,0.0,-0.0,-0.0,0.0,-0.0
original,cp_hk,1,uniform_shuffled,memberctl_cp_hk_uniform_shuffled_s1,facebook_page_reference,raw_context/prototype,-0.0,0.0,-0.0,-0.0,0.0,-0.0,-0.0,0.0,-0.0,-0.0,0.0,-0.0
original,cp_hk,1,uniform_shuffled,memberctl_cp_hk_uniform_shuffled_s1,facebook_page_reference,raw_context/ridge,-0.0,0.0,-0.0,-0.0,0.0,-0.0,-0.0,0.0,-0.0,-0.0,0.0,-0.0
original,cp_hk,1,uniform_shuffled,memberctl_cp_hk_uniform_shuffled_s1,facebook_page_reference,raw_joint/prototype,-0.0,0.0,-0.0,-0.0,0.0,-0.0,-0.0,0.0,-0.0,-0.0,0.0,-0.0
original,cp_hk,1,uniform_shuffled,memberctl_cp_hk_uniform_shuffled_s1,facebook_page_reference,raw_joint/ridge,1.1102230246251565e-16,-1.1102230246251565e-16,2.220446049250313e-16,-0.0,0.0,-0.0,-0.0,0.0,-0.0,-0.0,0.0,-0.0
original,cp_hk,1,uniform_shuffled,memberctl_cp_hk_uniform_shuffled_s1,twibot20,M2_post_meta/prototype,0.01906861199272991,0.0013586680094401782,0.017709943983289733,-0.00651041666666663,-0.0009765625,-0.00553385416666663,0.0244283453519204,-0.0016381159083275199,0.02606646126024792,-0.015846192836761475,-0.0006926655769348145,-0.01515352725982666
original,cp_hk,1,uniform_shuffled,memberctl_cp_hk_uniform_shuffled_s1,twibot20,M2_post_meta/ridge,0.015848583645290626,0.0021832784016926343,0.013665305243597992,-0.01041666666666674,-0.0006510416666667407,-0.009765625,0.024249897246198082,-0.0014370366935889667,0.02568693393978705,-0.028043270111083984,-0.005420207977294922,-0.022623062133789062
original,cp_hk,1,uniform_shuffled,memberctl_cp_hk_uniform_shuffled_s1,twibot20,S0_conv_center/prototype,-0.0,0.0,-0.0,-0.0,0.0,-0.0,-0.0,0.0,-0.0,-0.0,0.0,-0.0
original,cp_hk,1,uniform_shuffled,memberctl_cp_hk_uniform_shuffled_s1,twibot20,S0_conv_center/ridge,-0.0,0.0,-0.0,-0.0,0.0,-0.0,-0.0,0.0,-0.0,-0.0,0.0,-0.0
original,cp_hk,1,uniform_shuffled,memberctl_cp_hk_uniform_shuffled_s1,twibot20,S0_pool/prototype,-0.0,0.0,-0.0,-0.0,0.0,-0.0,-0.0,0.0,-0.0,-0.0,0.0,-0.0
original,cp_hk,1,uniform_shuffled,memberctl_cp_hk_uniform_shuffled_s1,twibot20,S0_pool/ridge,-0.0,0.0,-0.0,-0.0,0.0,-0.0,-0.0,0.0,-0.0,-0.0,0.0,-0.0
original,cp_hk,1,uniform_shuffled,memberctl_cp_hk_uniform_shuffled_s1,twibot20,U1_pre_meta/prototype,0.01768832736545134,0.0013788011338976558,0.016309526231553684,0.02311197916666674,-0.001953125,0.02506510416666674,0.034454456366768915,-0.0019454851188792643,0.03639994148564818,-0.00042742490768432617,0.0015267133712768555,-0.0019541382789611816
original,cp_hk,1,uniform_shuffled,memberctl_cp_hk_uniform_shuffled_s1,twibot20,U1_pre_meta/ridge,0.026237911648220424,0.0004893408881292416,0.025748570760091183,0.01920572916666663,-0.0006510416666666297,0.01985677083333326,0.0338148825825072,-0.0008476312543760356,0.034662513836883235,-0.006559789180755615,0.007005274295806885,-0.0135650634765625
original,cp_hk,1,uniform_shuffled,memberctl_cp_hk_uniform_shuffled_s1,twibot20,final_input/prototype,0.01906861199272991,0.0013586680094401782,0.017709943983289733,-0.00651041666666663,-0.0009765625,-0.00553385416666663,0.0244283453519204,-0.0016381159083275199,0.02606646126024792,-0.015846192836761475,-0.0006926655769348145,-0.01515352725982666
original,cp_hk,1,uniform_shuffled,memberctl_cp_hk_uniform_shuffled_s1,twibot20,final_input/ridge,0.015848583645290626,0.0021832784016926343,0.013665305243597992,-0.01041666666666674,-0.0006510416666667407,-0.009765625,0.024249897246198082,-0.0014370366935889667,0.02568693393978705,-0.028043270111083984,-0.005420207977294922,-0.022623062133789062
original,cp_hk,1,uniform_shuffled,memberctl_cp_hk_uniform_shuffled_s1,twibot20,full_model,-0.00768364800347221,0.018565495808919308,-0.026249143812391518,0.00813802083333337,0.0,0.00813802083333337,0.05850566512912381,0.0,0.05850566512912381,0.32352250814437866,-0.09019649028778076,0.4137189984321594
original,cp_hk,1,uniform_shuffled,memberctl_cp_hk_uniform_shuffled_s1,twibot20,raw_center/prototype,-0.0,0.0,-0.0,-0.0,0.0,-0.0,-0.0,0.0,-0.0,-0.0,0.0,-0.0
original,cp_hk,1,uniform_shuffled,memberctl_cp_hk_uniform_shuffled_s1,twibot20,raw_center/ridge,-0.0,0.0,-0.0,-0.0,0.0,-0.0,-0.0,0.0,-0.0,-0.0,0.0,-0.0
original,cp_hk,1,uniform_shuffled,memberctl_cp_hk_uniform_shuffled_s1,twibot20,raw_context/prototype,-0.0,0.0,-0.0,-0.0,0.0,-0.0,-0.0,0.0,-0.0,-0.0,0.0,-0.0
original,cp_hk,1,uniform_shuffled,memberctl_cp_hk_uniform_shuffled_s1,twibot20,raw_context/ridge,-0.0,0.0,-0.0,-0.0,0.0,-0.0,-0.0,0.0,-0.0,-0.0,0.0,-0.0
original,cp_hk,1,uniform_shuffled,memberctl_cp_hk_uniform_shuffled_s1,twibot20,raw_joint/prototype,-0.0,0.0,-0.0,-0.0,0.0,-0.0,-0.0,0.0,-0.0,-0.0,0.0,-0.0
original,cp_hk,1,uniform_shuffled,memberctl_cp_hk_uniform_shuffled_s1,twibot20,raw_joint/ridge,-0.0,0.0,-0.0,-0.0,0.0,-0.0,-0.0,0.0,-0.0,-0.0,0.0,-0.0
original,cp_hk,1,uniform_shuffled,memberctl_cp_hk_uniform_shuffled_s1,ukr_rus_suspended,M2_post_meta/prototype,0.0321044921875,0.03875732421875,-0.00665283203125,-0.01171875,0.05078125,-0.0625,-0.11088911088911096,0.0897959183673469,-0.20068502925645787,0.0028362274169921875,7.331371307373047e-06,0.0028288960456848145
original,cp_hk,1,uniform_shuffled,memberctl_cp_hk_uniform_shuffled_s1,ukr_rus_suspended,M2_post_meta/ridge,0.026611328125,0.03424072265625,-0.00762939453125,-0.0,0.06640625,-0.06640625,-0.09041231992051663,0.09087166821035297,-0.1812839881308696,0.05728429555892944,6.55055046081543e-05,0.05721879005432129
original,cp_hk,1,uniform_shuffled,memberctl_cp_hk_uniform_shuffled_s1,ukr_rus_suspended,S0_conv_center/prototype,-0.0,0.0,-0.0,-0.0,0.0,-0.0,-0.0,0.0,-0.0,-0.0,0.0,-0.0
original,cp_hk,1,uniform_shuffled,memberctl_cp_hk_uniform_shuffled_s1,ukr_rus_suspended,S0_conv_center/ridge,-0.0,0.0,-0.0,-0.0,0.0,-0.0,-0.0,5.551115123125783e-17,-5.551115123125783e-17,-0.0,0.0,-0.0
original,cp_hk,1,uniform_shuffled,memberctl_cp_hk_uniform_shuffled_s1,ukr_rus_suspended,S0_pool/prototype,-0.0,0.0,-0.0,-0.0,0.0,-0.0,-0.0,0.0,-0.0,-0.0,0.0,-0.0
original,cp_hk,1,uniform_shuffled,memberctl_cp_hk_uniform_shuffled_s1,ukr_rus_suspended,S0_pool/ridge,-0.0,0.0,-0.0,-0.0,0.0,-0.0,-0.0,0.0,-0.0,-0.0,0.0,-0.0
original,cp_hk,1,uniform_shuffled,memberctl_cp_hk_uniform_shuffled_s1,ukr_rus_suspended,U1_pre_meta/prototype,-0.01080322265625,0.0384521484375,-0.04925537109375,-0.015625,0.03515625,-0.05078125,-0.019201409277745107,0.03454454952712788,-0.053745958804872984,-0.000626683235168457,-3.0994415283203125e-05,-0.0005956888198852539
original,cp_hk,1,uniform_shuffled,memberctl_cp_hk_uniform_shuffled_s1,ukr_rus_suspended,U1_pre_meta/ridge,-0.02056884765625,0.0306396484375,-0.05120849609375,-0.05078125,0.0390625,-0.08984375,-0.04380006966213856,0.02413223140495868,-0.06793230106709724,-0.003724396228790283,-0.0002334117889404297,-0.0034909844398498535
original,cp_hk,1,uniform_shuffled,memberctl_cp_hk_uniform_shuffled_s1,ukr_rus_suspended,final_input/prototype,0.0321044921875,0.03875732421875,-0.00665283203125,-0.01171875,0.05078125,-0.0625,-0.11088911088911096,0.0897959183673469,-0.20068502925645787,0.0028362274169921875,7.331371307373047e-06,0.0028288960456848145
original,cp_hk,1,uniform_shuffled,memberctl_cp_hk_uniform_shuffled_s1,ukr_rus_suspended,final_input/ridge,0.026611328125,0.03424072265625,-0.00762939453125,-0.0,0.06640625,-0.06640625,-0.09041231992051663,0.09087166821035297,-0.1812839881308696,0.05728429555892944,6.55055046081543e-05,0.05721879005432129
original,cp_hk,1,uniform_shuffled,memberctl_cp_hk_uniform_shuffled_s1,ukr_rus_suspended,full_model,0.018310546875,-0.0125732421875,0.0308837890625,0.00390625,0.0,0.00390625,0.03534061846082304,0.0,0.03534061846082304,0.20152223110198975,0.08955436944961548,0.11196786165237427
original,cp_hk,1,uniform_shuffled,memberctl_cp_hk_uniform_shuffled_s1,ukr_rus_suspended,raw_center/prototype,-0.0,0.0,-0.0,-0.0,0.0,-0.0,-5.551115123125783e-17,5.551115123125783e-17,-1.1102230246251565e-16,-0.0,0.0,-0.0
original,cp_hk,1,uniform_shuffled,memberctl_cp_hk_uniform_shuffled_s1,ukr_rus_suspended,raw_center/ridge,-0.0,0.0,-0.0,-0.0,0.0,-0.0,-5.551115123125783e-17,5.551115123125783e-17,-1.1102230246251565e-16,-0.0,0.0,-0.0
original,cp_hk,1,uniform_shuffled,memberctl_cp_hk_uniform_shuffled_s1,ukr_rus_suspended,raw_context/prototype,-0.0,0.0,-0.0,-0.0,0.0,-0.0,-0.0,0.0,-0.0,-0.0,0.0,-0.0
original,cp_hk,1,uniform_shuffled,memberctl_cp_hk_uniform_shuffled_s1,ukr_rus_suspended,raw_context/ridge,-0.0,0.0,-0.0,-0.0,0.0,-0.0,-5.551115123125783e-17,5.551115123125783e-17,-1.1102230246251565e-16,-0.0,0.0,-0.0
original,cp_hk,1,uniform_shuffled,memberctl_cp_hk_uniform_shuffled_s1,ukr_rus_suspended,raw_joint/prototype,-0.0,0.0,-0.0,-0.0,0.0,-0.0,-5.551115123125783e-17,5.551115123125783e-17,-1.1102230246251565e-16,-0.0,0.0,-0.0
original,cp_hk,1,uniform_shuffled,memberctl_cp_hk_uniform_shuffled_s1,ukr_rus_suspended,raw_joint/ridge,-0.0,0.0,-0.0,-0.0,0.0,-0.0,-0.0,0.0,-0.0,-0.0,0.0,-0.0
original,cp_hk,1,uniform_sorted,memberctl_cp_hk_uniform_sorted_s1,covid_political,M2_post_meta/prototype,0.5076203522858795,-0.0024137143735533106,0.5100340666594328,0.07942708333333337,0.0107421875,0.06868489583333337,0.37866994474827004,4.922519542371884e-06,0.37866502222872767,-0.006556391716003418,-0.00012558698654174805,-0.00643080472946167
original,cp_hk,1,uniform_sorted,memberctl_cp_hk_uniform_sorted_s1,covid_political,M2_post_meta/ridge,0.5108266759801795,-0.0005623146339699403,0.5113889906141494,0.08626302083333331,0.01236979166666674,0.07389322916666657,0.3840301295691351,0.0022753751136413425,0.3817547544554938,-0.018449485301971436,-0.0011691451072692871,-0.01728034019470215
original,cp_hk,1,uniform_sorted,memberctl_cp_hk_uniform_sorted_s1,covid_political,S0_conv_center/prototype,-0.0,0.0,-0.0,-0.0,0.0,-0.0,-0.0,0.0,-0.0,-0.0,0.0,-0.0
original,cp_hk,1,uniform_sorted,memberctl_cp_hk_uniform_sorted_s1,covid_political,S0_conv_center/ridge,-0.0,0.0,-0.0,-0.0,0.0,-0.0,-0.0,0.0,-0.0,-0.0,0.0,-0.0
original,cp_hk,1,uniform_sorted,memberctl_cp_hk_uniform_sorted_s1,covid_political,S0_pool/prototype,-0.0,0.0,-0.0,-0.0,0.0,-0.0,-0.0,0.0,-0.0,-0.0,0.0,-0.0
original,cp_hk,1,uniform_sorted,memberctl_cp_hk_uniform_sorted_s1,covid_political,S0_pool/ridge,-0.0,0.0,-0.0,-0.0,0.0,-0.0,-0.0,0.0,-0.0,-0.0,0.0,-0.0
original,cp_hk,1,uniform_sorted,memberctl_cp_hk_uniform_sorted_s1,covid_political,U1_pre_meta/prototype,0.01038247567635997,-0.0005761605721933405,0.01095863624855331,-0.0,-0.02701822916666663,0.02701822916666663,0.004851357051019245,-0.016138678628165537,0.020990035679184782,-0.0018036961555480957,0.0004576444625854492,-0.002261340618133545
original,cp_hk,1,uniform_sorted,memberctl_cp_hk_uniform_sorted_s1,covid_political,U1_pre_meta/ridge,0.0262784604673032,-0.005297625506365811,0.03157608597366901,0.025390625,-0.0263671875,0.0517578125,0.038673598801462594,-0.014946495142827865,0.05362009394429046,-0.0199776291847229,0.003459453582763672,-0.023437082767486572
original,cp_hk,1,uniform_sorted,memberctl_cp_hk_uniform_sorted_s1,covid_political,final_input/prototype,0.5076203522858795,-0.0024137143735533106,0.5100340666594328,0.07942708333333337,0.0107421875,0.06868489583333337,0.37866994474827004,4.922519542371884e-06,0.37866502222872767,-0.006556391716003418,-0.00012558698654174805,-0.00643080472946167
original,cp_hk,1,uniform_sorted,memberctl_cp_hk_uniform_sorted_s1,covid_political,final_input/ridge,0.5108266759801795,-0.0005623146339699403,0.5113889906141494,0.08626302083333331,0.01236979166666674,0.07389322916666657,0.3840301295691351,0.0022753751136413425,0.3817547544554938,-0.018449485301971436,-0.0011691451072692871,-0.01728034019470215
original,cp_hk,1,uniform_sorted,memberctl_cp_hk_uniform_sorted_s1,covid_political,full_model,0.11855457447193285,-0.0013176246925635793,0.11987219916449643,0.02376302083333337,0.0,0.02376302083333337,0.12404891427911136,0.0,0.12404891427911136,0.2290705442428589,-0.0014676451683044434,0.23053818941116333
original,cp_hk,1,uniform_sorted,memberctl_cp_hk_uniform_sorted_s1,covid_political,raw_center/prototype,-0.0,0.0,-0.0,-0.0,0.0,-0.0,-0.0,0.0,-0.0,-0.0,0.0,-0.0
original,cp_hk,1,uniform_sorted,memberctl_cp_hk_uniform_sorted_s1,covid_political,raw_center/ridge,-0.0,0.0,-0.0,-0.0,0.0,-0.0,-0.0,0.0,-0.0,-0.0,0.0,-0.0
original,cp_hk,1,uniform_sorted,memberctl_cp_hk_uniform_sorted_s1,covid_political,raw_context/prototype,-1.1102230246251565e-16,1.1102230246251565e-16,-2.220446049250313e-16,-0.0,0.0,-0.0,-0.0,0.0,-0.0,-0.0,0.0,-0.0
original,cp_hk,1,uniform_sorted,memberctl_cp_hk_uniform_sorted_s1,covid_political,raw_context/ridge,-0.0,0.0,-0.0,-0.0,0.0,-0.0,-0.0,0.0,-0.0,-0.0,0.0,-0.0
original,cp_hk,1,uniform_sorted,memberctl_cp_hk_uniform_sorted_s1,covid_political,raw_joint/prototype,-0.0,0.0,-0.0,-0.0,0.0,-0.0,-0.0,0.0,-0.0,-0.0,0.0,-0.0
original,cp_hk,1,uniform_sorted,memberctl_cp_hk_uniform_sorted_s1,covid_political,raw_joint/ridge,-0.0,0.0,-0.0,-0.0,0.0,-0.0,-0.0,0.0,-0.0,-0.0,0.0,-0.0
original,cp_hk,1,uniform_sorted,memberctl_cp_hk_uniform_sorted_s1,election2020,M2_post_meta/prototype,0.51129150390625,-0.00689697265625,0.5181884765625,0.1015625,-0.01953125,0.12109375,0.2583561144523419,-0.02065188111699734,0.27900799556933925,-0.012038707733154297,-9.500980377197266e-05,-0.011943697929382324
original,cp_hk,1,uniform_sorted,memberctl_cp_hk_uniform_sorted_s1,election2020,M2_post_meta/ridge,0.51519775390625,-0.00299072265625,0.5181884765625,0.10546875,-0.01171875,0.1171875,0.27994955863808324,-0.01532567049808431,0.29527522913616755,-0.05734914541244507,-0.0008813142776489258,-0.05646783113479614
original,cp_hk,1,uniform_sorted,memberctl_cp_hk_uniform_sorted_s1,election2020,S0_conv_center/prototype,-0.0,0.0,-0.0,-0.0,0.0,-0.0,-0.0,0.0,-0.0,-0.0,0.0,-0.0
original,cp_hk,1,uniform_sorted,memberctl_cp_hk_uniform_sorted_s1,election2020,S0_conv_center/ridge,-0.0,0.0,-0.0,-0.0,0.0,-0.0,-0.0,0.0,-0.0,-0.0,0.0,-0.0
original,cp_hk,1,uniform_sorted,memberctl_cp_hk_uniform_sorted_s1,election2020,S0_pool/prototype,-0.0,0.0,-0.0,-0.0,0.0,-0.0,-0.0,-1.1102230246251565e-16,1.1102230246251565e-16,-0.0,0.0,-0.0
original,cp_hk,1,uniform_sorted,memberctl_cp_hk_uniform_sorted_s1,election2020,S0_pool/ridge,-0.0,0.0,-0.0,-0.0,0.0,-0.0,1.1102230246251565e-16,-1.1102230246251565e-16,2.220446049250313e-16,-0.0,0.0,-0.0
original,cp_hk,1,uniform_sorted,memberctl_cp_hk_uniform_sorted_s1,election2020,U1_pre_meta/prototype,0.04351806640625,-0.037200927734375,0.080718994140625,0.09765625,-0.04296875,0.140625,0.09190734915641974,-0.036977091633466186,0.12888444078988592,-0.00011968612670898438,0.0006760358810424805,-0.0007957220077514648
original,cp_hk,1,uniform_sorted,memberctl_cp_hk_uniform_sorted_s1,election2020,U1_pre_meta/ridge,0.03314208984375,-0.05474853515625,0.087890625,0.08984375,-0.05859375,0.1484375,0.08393414703377788,-0.060151304616334667,0.14408545165011255,-0.02205270528793335,0.005717277526855469,-0.02776998281478882
original,cp_hk,1,uniform_sorted,memberctl_cp_hk_uniform_sorted_s1,election2020,final_input/prototype,0.51129150390625,-0.00689697265625,0.5181884765625,0.1015625,-0.01953125,0.12109375,0.2583561144523419,-0.02065188111699734,0.27900799556933925,-0.012038707733154297,-9.500980377197266e-05,-0.011943697929382324
original,cp_hk,1,uniform_sorted,memberctl_cp_hk_uniform_sorted_s1,election2020,final_input/ridge,0.51519775390625,-0.00299072265625,0.5181884765625,0.10546875,-0.01171875,0.1171875,0.27994955863808324,-0.01532567049808431,0.29527522913616755,-0.05734914541244507,-0.0008813142776489258,-0.05646783113479614
original,cp_hk,1,uniform_sorted,memberctl_cp_hk_uniform_sorted_s1,election2020,full_model,0.29638671875,0.17431640625,0.1220703125,0.34375,0.0,0.34375,0.466238866009003,0.0,0.466238866009003,-0.3413361310958863,-0.011572718620300293,-0.329763412475586
original,cp_hk,1,uniform_sorted,memberctl_cp_hk_uniform_sorted_s1,election2020,raw_center/prototype,-0.0,0.0,-0.0,-0.0,0.0,-0.0,-0.0,0.0,-0.0,-0.0,0.0,-0.0
original,cp_hk,1,uniform_sorted,memberctl_cp_hk_uniform_sorted_s1,election2020,raw_center/ridge,-0.0,0.0,-0.0,-0.0,0.0,-0.0,-0.0,0.0,-0.0,-0.0,0.0,-0.0
original,cp_hk,1,uniform_sorted,memberctl_cp_hk_uniform_sorted_s1,election2020,raw_context/prototype,-0.0,0.0,-0.0,-0.0,0.0,-0.0,1.1102230246251565e-16,-1.1102230246251565e-16,2.220446049250313e-16,-0.0,0.0,-0.0
original,cp_hk,1,uniform_sorted,memberctl_cp_hk_uniform_sorted_s1,election2020,raw_context/ridge,-0.0,0.0,-0.0,-0.0,0.0,-0.0,1.1102230246251565e-16,-1.1102230246251565e-16,2.220446049250313e-16,-0.0,0.0,-0.0
original,cp_hk,1,uniform_sorted,memberctl_cp_hk_uniform_sorted_s1,election2020,raw_joint/prototype,-0.0,0.0,-0.0,-0.0,0.0,-0.0,-0.0,0.0,-0.0,-0.0,0.0,-0.0
original,cp_hk,1,uniform_sorted,memberctl_cp_hk_uniform_sorted_s1,election2020,raw_joint/ridge,-0.0,0.0,-0.0,-0.0,0.0,-0.0,-0.0,0.0,-0.0,-0.0,0.0,-0.0
original,cp_hk,1,uniform_sorted,memberctl_cp_hk_uniform_sorted_s1,facebook_page_reference,M2_post_meta/prototype,0.12590408325195312,-0.049678802490234375,0.1755828857421875,0.087890625,-0.046875,0.134765625,0.09616513064788934,-0.05366546042911047,0.1498305910769998,-0.004371464252471924,-0.0001227259635925293,-0.0042487382888793945
original,cp_hk,1,uniform_sorted,memberctl_cp_hk_uniform_sorted_s1,facebook_page_reference,M2_post_meta/ridge,0.12978172302246094,-0.04246330261230469,0.17224502563476562,0.091796875,-0.04296875,0.134765625,0.10240088019175608,-0.04949409063023169,0.15189497082198777,-0.030489206314086914,-0.0011851787567138672,-0.029304027557373047
original,cp_hk,1,uniform_sorted,memberctl_cp_hk_uniform_sorted_s1,facebook_page_reference,S0_conv_center/prototype,-0.0,0.0,-0.0,-0.0,0.0,-0.0,-0.0,0.0,-0.0,-0.0,0.0,-0.0
original,cp_hk,1,uniform_sorted,memberctl_cp_hk_uniform_sorted_s1,facebook_page_reference,S0_conv_center/ridge,-0.0,0.0,-0.0,-0.0,0.0,-0.0,-0.0,0.0,-0.0,-0.0,0.0,-0.0
original,cp_hk,1,uniform_sorted,memberctl_cp_hk_uniform_sorted_s1,facebook_page_reference,S0_pool/prototype,-0.0,0.0,-0.0,-0.0,0.0,-0.0,-0.0,0.0,-0.0,-0.0,0.0,-0.0
original,cp_hk,1,uniform_sorted,memberctl_cp_hk_uniform_sorted_s1,facebook_page_reference,S0_pool/ridge,-0.0,0.0,-0.0,-0.0,0.0,-0.0,-0.0,0.0,-0.0,-0.0,0.0,-0.0
original,cp_hk,1,uniform_sorted,memberctl_cp_hk_uniform_sorted_s1,facebook_page_reference,U1_pre_meta/prototype,-0.12507247924804688,-0.04872703552246094,-0.07634544372558594,-0.0771484375,-0.0400390625,-0.037109375,-0.07860316550674007,-0.04548029923271202,-0.03312286627402805,0.007994532585144043,0.0001277327537536621,0.00786679983139038
original,cp_hk,1,uniform_sorted,memberctl_cp_hk_uniform_sorted_s1,facebook_page_reference,U1_pre_meta/ridge,-0.1104736328125,-0.048030853271484375,-0.062442779541015625,-0.078125,-0.044921875,-0.033203125,-0.08206251314362056,-0.05182975677757884,-0.030232756366041724,0.02607172727584839,0.0011940598487854004,0.02487766742706299
original,cp_hk,1,uniform_sorted,memberctl_cp_hk_uniform_sorted_s1,facebook_page_reference,final_input/prototype,0.12590408325195312,-0.049678802490234375,0.1755828857421875,0.087890625,-0.046875,0.134765625,0.09616513064788934,-0.05366546042911047,0.1498305910769998,-0.004371464252471924,-0.0001227259635925293,-0.0042487382888793945
original,cp_hk,1,uniform_sorted,memberctl_cp_hk_uniform_sorted_s1,facebook_page_reference,final_input/ridge,0.12978172302246094,-0.04246330261230469,0.17224502563476562,0.091796875,-0.04296875,0.134765625,0.10240088019175608,-0.04949409063023169,0.15189497082198777,-0.030489206314086914,-0.0011851787567138672,-0.029304027557373047
original,cp_hk,1,uniform_sorted,memberctl_cp_hk_uniform_sorted_s1,facebook_page_reference,full_model,0.038219451904296875,0.0004177093505859375,0.03780174255371094,0.0185546875,0.0009765625,0.017578125,0.01582582470772209,-0.018901376341249776,0.03472720104897187,0.12269890308380127,6.109476089477539e-05,0.1226378083229065
original,cp_hk,1,uniform_sorted,memberctl_cp_hk_uniform_sorted_s1,facebook_page_reference,raw_center/prototype,-0.0,0.0,-0.0,-0.0,0.0,-0.0,-0.0,0.0,-0.0,-0.0,0.0,-0.0
original,cp_hk,1,uniform_sorted,memberctl_cp_hk_uniform_sorted_s1,facebook_page_reference,raw_center/ridge,1.1102230246251565e-16,-1.1102230246251565e-16,2.220446049250313e-16,-0.0,0.0,-0.0,-0.0,0.0,-0.0,-0.0,0.0,-0.0
original,cp_hk,1,uniform_sorted,memberctl_cp_hk_uniform_sorted_s1,facebook_page_reference,raw_context/prototype,-0.0,0.0,-0.0,-0.0,0.0,-0.0,-0.0,0.0,-0.0,-0.0,0.0,-0.0
original,cp_hk,1,uniform_sorted,memberctl_cp_hk_uniform_sorted_s1,facebook_page_reference,raw_context/ridge,-0.0,0.0,-0.0,-0.0,0.0,-0.0,-0.0,0.0,-0.0,-0.0,0.0,-0.0
original,cp_hk,1,uniform_sorted,memberctl_cp_hk_uniform_sorted_s1,facebook_page_reference,raw_joint/prototype,-0.0,0.0,-0.0,-0.0,0.0,-0.0,-0.0,0.0,-0.0,-0.0,0.0,-0.0
original,cp_hk,1,uniform_sorted,memberctl_cp_hk_uniform_sorted_s1,facebook_page_reference,raw_joint/ridge,1.1102230246251565e-16,-1.1102230246251565e-16,2.220446049250313e-16,-0.0,0.0,-0.0,-0.0,0.0,-0.0,-0.0,0.0,-0.0
original,cp_hk,1,uniform_sorted,memberctl_cp_hk_uniform_sorted_s1,twibot20,M2_post_meta/prototype,-0.11584960089789503,-0.014888975355360157,-0.10096062554253488,-0.05305989583333337,-0.006184895833333259,-0.04687500000000011,-0.0747720118803833,-0.00954794283165672,-0.06522406904872657,0.01594001054763794,-0.00031191110610961914,0.01625192165374756
original,cp_hk,1,uniform_sorted,memberctl_cp_hk_uniform_sorted_s1,twibot20,M2_post_meta/ridge,-0.12107043796115452,-0.014204449123806473,-0.10686598883734805,-0.062174479166666685,-0.0068359375,-0.055338541666666685,-0.0857896174837216,-0.009444344235312818,-0.07634527324840878,0.12943333387374878,-0.0024480223655700684,0.13188135623931885
original,cp_hk,1,uniform_sorted,memberctl_cp_hk_uniform_sorted_s1,twibot20,S0_conv_center/prototype,-0.0,0.0,-0.0,-0.0,0.0,-0.0,-0.0,0.0,-0.0,-0.0,0.0,-0.0
original,cp_hk,1,uniform_sorted,memberctl_cp_hk_uniform_sorted_s1,twibot20,S0_conv_center/ridge,-0.0,0.0,-0.0,-0.0,0.0,-0.0,-0.0,0.0,-0.0,-0.0,0.0,-0.0
original,cp_hk,1,uniform_sorted,memberctl_cp_hk_uniform_sorted_s1,twibot20,S0_pool/prototype,-0.0,0.0,-0.0,-0.0,0.0,-0.0,-0.0,0.0,-0.0,-0.0,0.0,-0.0
original,cp_hk,1,uniform_sorted,memberctl_cp_hk_uniform_sorted_s1,twibot20,S0_pool/ridge,-0.0,0.0,-0.0,-0.0,0.0,-0.0,-0.0,0.0,-0.0,-0.0,0.0,-0.0
original,cp_hk,1,uniform_sorted,memberctl_cp_hk_uniform_sorted_s1,twibot20,U1_pre_meta/prototype,-0.00027105543348537875,-0.016322241889105804,0.016051186455620425,0.01236979166666674,-0.0068359375,0.01920572916666674,0.01836152895190979,-0.010379227204689423,0.028740756156599212,-0.0008643269538879395,0.0023102760314941406,-0.00317460298538208
original,cp_hk,1,uniform_sorted,memberctl_cp_hk_uniform_sorted_s1,twibot20,U1_pre_meta/ridge,0.00770738389756942,-0.018200768364800557,0.025908152262369977,0.001953125,-0.009765625,0.01171875,0.009325334133518326,-0.012271327374825947,0.021596661508344273,-0.002942204475402832,0.012060999870300293,-0.015003204345703125
original,cp_hk,1,uniform_sorted,memberctl_cp_hk_uniform_sorted_s1,twibot20,final_input/prototype,-0.11584960089789503,-0.014888975355360157,-0.10096062554253488,-0.05305989583333337,-0.006184895833333259,-0.04687500000000011,-0.0747720118803833,-0.00954794283165672,-0.06522406904872657,0.01594001054763794,-0.00031191110610961914,0.01625192165374756
original,cp_hk,1,uniform_sorted,memberctl_cp_hk_uniform_sorted_s1,twibot20,final_input/ridge,-0.12107043796115452,-0.014204449123806473,-0.10686598883734805,-0.062174479166666685,-0.0068359375,-0.055338541666666685,-0.0857896174837216,-0.009444344235312818,-0.07634527324840878,0.12943333387374878,-0.0024480223655700684,0.13188135623931885
original,cp_hk,1,uniform_sorted,memberctl_cp_hk_uniform_sorted_s1,twibot20,full_model,0.061005910237630134,-0.07816272311740446,0.1391686333550346,0.0546875,0.0,0.0546875,-0.003898983894868757,0.0,-0.003898983894868757,0.273936927318573,-0.08008027076721191,0.3540171980857849
original,cp_hk,1,uniform_sorted,memberctl_cp_hk_uniform_sorted_s1,twibot20,raw_center/prototype,-0.0,0.0,-0.0,-0.0,0.0,-0.0,-0.0,0.0,-0.0,-0.0,0.0,-0.0
original,cp_hk,1,uniform_sorted,memberctl_cp_hk_uniform_sorted_s1,twibot20,raw_center/ridge,-0.0,0.0,-0.0,-0.0,0.0,-0.0,-0.0,0.0,-0.0,-0.0,0.0,-0.0
original,cp_hk,1,uniform_sorted,memberctl_cp_hk_uniform_sorted_s1,twibot20,raw_context/prototype,-0.0,0.0,-0.0,-0.0,0.0,-0.0,-0.0,0.0,-0.0,-0.0,0.0,-0.0
original,cp_hk,1,uniform_sorted,memberctl_cp_hk_uniform_sorted_s1,twibot20,raw_context/ridge,-0.0,0.0,-0.0,-0.0,0.0,-0.0,-0.0,0.0,-0.0,-0.0,0.0,-0.0
original,cp_hk,1,uniform_sorted,memberctl_cp_hk_uniform_sorted_s1,twibot20,raw_joint/prototype,-0.0,0.0,-0.0,-0.0,0.0,-0.0,-0.0,0.0,-0.0,-0.0,0.0,-0.0
original,cp_hk,1,uniform_sorted,memberctl_cp_hk_uniform_sorted_s1,twibot20,raw_joint/ridge,-0.0,0.0,-0.0,-0.0,0.0,-0.0,-0.0,0.0,-0.0,-0.0,0.0,-0.0
original,cp_hk,1,uniform_sorted,memberctl_cp_hk_uniform_sorted_s1,ukr_rus_suspended,M2_post_meta/prototype,-0.001220703125,0.01519775390625,-0.01641845703125,0.0234375,0.01171875,0.01171875,0.6390532544378699,0.06640316205533597,0.572650092382534,-0.000648200511932373,1.1324882507324219e-06,-0.0006493330001831055
original,cp_hk,1,uniform_sorted,memberctl_cp_hk_uniform_sorted_s1,ukr_rus_suspended,M2_post_meta/ridge,0.00018310546875,0.01513671875,-0.01495361328125,0.0234375,0.03125,-0.0078125,0.6411764705882353,0.06505623077311012,0.5761202398151253,0.0039498209953308105,8.761882781982422e-06,0.003941059112548828
original,cp_hk,1,uniform_sorted,memberctl_cp_hk_uniform_sorted_s1,ukr_rus_suspended,S0_conv_center/prototype,-0.0,0.0,-0.0,-0.0,0.0,-0.0,-0.0,0.0,-0.0,-0.0,0.0,-0.0
original,cp_hk,1,uniform_sorted,memberctl_cp_hk_uniform_sorted_s1,ukr_rus_suspended,S0_conv_center/ridge,-0.0,0.0,-0.0,-0.0,0.0,-0.0,-0.0,5.551115123125783e-17,-5.551115123125783e-17,-0.0,0.0,-0.0
original,cp_hk,1,uniform_sorted,memberctl_cp_hk_uniform_sorted_s1,ukr_rus_suspended,S0_pool/prototype,-0.0,0.0,-0.0,-0.0,0.0,-0.0,-0.0,0.0,-0.0,-0.0,0.0,-0.0
original,cp_hk,1,uniform_sorted,memberctl_cp_hk_uniform_sorted_s1,ukr_rus_suspended,S0_pool/ridge,-0.0,0.0,-0.0,-0.0,0.0,-0.0,-0.0,0.0,-0.0,-0.0,0.0,-0.0
original,cp_hk,1,uniform_sorted,memberctl_cp_hk_uniform_sorted_s1,ukr_rus_suspended,U1_pre_meta/prototype,0.019439697265625,0.019317626953125,0.0001220703125,-0.015625,0.015625,-0.03125,-0.00798625893682925,0.036585365853658514,-0.04457162479048776,-0.0019048452377319336,-3.719329833984375e-05,-0.0018676519393920898
original,cp_hk,1,uniform_sorted,memberctl_cp_hk_uniform_sorted_s1,ukr_rus_suspended,U1_pre_meta/ridge,0.01495361328125,0.01385498046875,0.0010986328125,-0.0078125,0.015625,-0.0234375,0.003491589116894289,0.027812500000000018,-0.02432091088310573,-0.0072141289710998535,-0.00027000904083251953,-0.006944119930267334
original,cp_hk,1,uniform_sorted,memberctl_cp_hk_uniform_sorted_s1,ukr_rus_suspended,final_input/prototype,-0.001220703125,0.01519775390625,-0.01641845703125,0.0234375,0.01171875,0.01171875,0.6390532544378699,0.06640316205533597,0.572650092382534,-0.000648200511932373,1.1324882507324219e-06,-0.0006493330001831055
original,cp_hk,1,uniform_sorted,memberctl_cp_hk_uniform_sorted_s1,ukr_rus_suspended,final_input/ridge,0.00018310546875,0.01513671875,-0.01495361328125,0.0234375,0.03125,-0.0078125,0.6411764705882353,0.06505623077311012,0.5761202398151253,0.0039498209953308105,8.761882781982422e-06,0.003941059112548828
original,cp_hk,1,uniform_sorted,memberctl_cp_hk_uniform_sorted_s1,ukr_rus_suspended,full_model,0.0369873046875,-0.03033447265625,0.06732177734375,0.06640625,0.0,0.06640625,-0.005623381428042973,0.0,-0.005623381428042973,0.24356138706207264,0.029577910900115967,0.21398347616195668
original,cp_hk,1,uniform_sorted,memberctl_cp_hk_uniform_sorted_s1,ukr_rus_suspended,raw_center/prototype,-0.0,0.0,-0.0,-0.0,0.0,-0.0,-5.551115123125783e-17,5.551115123125783e-17,-1.1102230246251565e-16,-0.0,0.0,-0.0
original,cp_hk,1,uniform_sorted,memberctl_cp_hk_uniform_sorted_s1,ukr_rus_suspended,raw_center/ridge,-0.0,0.0,-0.0,-0.0,0.0,-0.0,-5.551115123125783e-17,5.551115123125783e-17,-1.1102230246251565e-16,-0.0,0.0,-0.0
original,cp_hk,1,uniform_sorted,memberctl_cp_hk_uniform_sorted_s1,ukr_rus_suspended,raw_context/prototype,-0.0,0.0,-0.0,-0.0,0.0,-0.0,-0.0,0.0,-0.0,-0.0,0.0,-0.0
original,cp_hk,1,uniform_sorted,memberctl_cp_hk_uniform_sorted_s1,ukr_rus_suspended,raw_context/ridge,-0.0,0.0,-0.0,-0.0,0.0,-0.0,-5.551115123125783e-17,5.551115123125783e-17,-1.1102230246251565e-16,-0.0,0.0,-0.0
original,cp_hk,1,uniform_sorted,memberctl_cp_hk_uniform_sorted_s1,ukr_rus_suspended,raw_joint/prototype,-0.0,0.0,-0.0,-0.0,0.0,-0.0,-5.551115123125783e-17,5.551115123125783e-17,-1.1102230246251565e-16,-0.0,0.0,-0.0
original,cp_hk,1,uniform_sorted,memberctl_cp_hk_uniform_sorted_s1,ukr_rus_suspended,raw_joint/ridge,-0.0,0.0,-0.0,-0.0,0.0,-0.0,-0.0,0.0,-0.0,-0.0,0.0,-0.0
original,cp_hk,2,lowest_shuffled,memberctl_cp_hk_lowest_shuffled_s2,covid_political,M2_post_meta/prototype,0.12985540319372113,-0.04319424099392366,0.1730496441876448,0.031901041666666685,-0.0390625,0.07096354166666669,-0.00040787558258803536,-0.04544227663412037,0.045034401051532336,0.033154308795928955,-0.00035071372985839844,0.033505022525787354
original,cp_hk,2,lowest_shuffled,memberctl_cp_hk_lowest_shuffled_s2,covid_political,M2_post_meta/ridge,0.07377907081886576,-0.0375937002676503,0.11137277108651605,0.0234375,-0.03157552083333337,0.05501302083333337,0.0013084657566269642,-0.03178325963166534,0.033091725388292303,0.1619909405708312,-0.0029145479202270508,0.16490548849105824
original,cp_hk,2,lowest_shuffled,memberctl_cp_hk_lowest_shuffled_s2,covid_political,S0_conv_center/prototype,-0.0,0.0,-0.0,-0.0,0.0,-0.0,-0.0,0.0,-0.0,-0.0,0.0,-0.0
original,cp_hk,2,lowest_shuffled,memberctl_cp_hk_lowest_shuffled_s2,covid_political,S0_conv_center/ridge,-0.0,0.0,-0.0,-0.0,0.0,-0.0,-0.0,0.0,-0.0,-0.0,0.0,-0.0
original,cp_hk,2,lowest_shuffled,memberctl_cp_hk_lowest_shuffled_s2,covid_political,S0_pool/prototype,-0.0,0.0,-0.0,-0.0,0.0,-0.0,-0.0,0.0,-0.0,-0.0,0.0,-0.0
original,cp_hk,2,lowest_shuffled,memberctl_cp_hk_lowest_shuffled_s2,covid_political,S0_pool/ridge,-0.0,0.0,-0.0,-0.0,0.0,-0.0,-0.0,0.0,-0.0,-0.0,0.0,-0.0
original,cp_hk,2,lowest_shuffled,memberctl_cp_hk_lowest_shuffled_s2,covid_political,U1_pre_meta/prototype,0.06776230423538787,-0.0512972231264468,0.11905952736183467,0.095703125,-0.04654947916666663,0.14225260416666663,0.1091769980834687,-0.06426089843249266,0.17343789651596137,-0.022340893745422363,0.0002532005310058594,-0.022594094276428223
original,cp_hk,2,lowest_shuffled,memberctl_cp_hk_lowest_shuffled_s2,covid_political,U1_pre_meta/ridge,0.06318268952546291,-0.05281773319950811,0.11600042272497102,0.09830729166666674,-0.04459635416666663,0.14290364583333337,0.11978976295200217,-0.056724364583966125,0.1765141275359683,-0.06160098314285278,0.0023535490036010742,-0.06395453214645386
original,cp_hk,2,lowest_shuffled,memberctl_cp_hk_lowest_shuffled_s2,covid_political,final_input/prototype,0.12985540319372113,-0.04319424099392366,0.1730496441876448,0.031901041666666685,-0.0390625,0.07096354166666669,-0.00040787558258803536,-0.04544227663412037,0.045034401051532336,0.033154308795928955,-0.00035071372985839844,0.033505022525787354
original,cp_hk,2,lowest_shuffled,memberctl_cp_hk_lowest_shuffled_s2,covid_political,final_input/ridge,0.07377907081886576,-0.0375937002676503,0.11137277108651605,0.0234375,-0.03157552083333337,0.05501302083333337,0.0013084657566269642,-0.03178325963166534,0.033091725388292303,0.1619909405708312,-0.0029145479202270508,0.16490548849105824
original,cp_hk,2,lowest_shuffled,memberctl_cp_hk_lowest_shuffled_s2,covid_political,full_model,0.12928150318287035,0.0448065863715279,0.08447491681134245,0.09895833333333326,-0.4720052083333333,0.5709635416666665,0.15884768383710113,0.40663456393793473,-0.2477868801008336,-0.10128599405288696,0.047127485275268555,-0.14841347932815552
original,cp_hk,2,lowest_shuffled,memberctl_cp_hk_lowest_shuffled_s2,covid_political,raw_center/prototype,-0.0,0.0,-0.0,-0.0,0.0,-0.0,-0.0,0.0,-0.0,-0.0,0.0,-0.0
original,cp_hk,2,lowest_shuffled,memberctl_cp_hk_lowest_shuffled_s2,covid_political,raw_center/ridge,-0.0,0.0,-0.0,-0.0,0.0,-0.0,-0.0,0.0,-0.0,-0.0,0.0,-0.0
original,cp_hk,2,lowest_shuffled,memberctl_cp_hk_lowest_shuffled_s2,covid_political,raw_context/prototype,-1.1102230246251565e-16,1.1102230246251565e-16,-2.220446049250313e-16,-0.0,0.0,-0.0,-0.0,0.0,-0.0,-0.0,0.0,-0.0
original,cp_hk,2,lowest_shuffled,memberctl_cp_hk_lowest_shuffled_s2,covid_political,raw_context/ridge,-0.0,0.0,-0.0,-0.0,0.0,-0.0,-0.0,0.0,-0.0,-0.0,0.0,-0.0
original,cp_hk,2,lowest_shuffled,memberctl_cp_hk_lowest_shuffled_s2,covid_political,raw_joint/prototype,-0.0,0.0,-0.0,-0.0,0.0,-0.0,-0.0,0.0,-0.0,-0.0,0.0,-0.0
original,cp_hk,2,lowest_shuffled,memberctl_cp_hk_lowest_shuffled_s2,covid_political,raw_joint/ridge,-0.0,0.0,-0.0,-0.0,0.0,-0.0,-0.0,0.0,-0.0,-0.0,0.0,-0.0
original,cp_hk,2,lowest_shuffled,memberctl_cp_hk_lowest_shuffled_s2,election2020,M2_post_meta/prototype,-0.127685546875,-0.079132080078125,-0.048553466796875,-0.0,-0.078125,0.078125,-0.0,-0.06769490413013923,0.06769490413013923,0.01700890064239502,-0.00010919570922851562,0.017118096351623535
original,cp_hk,2,lowest_shuffled,memberctl_cp_hk_lowest_shuffled_s2,election2020,M2_post_meta/ridge,-0.13128662109375,-0.0704345703125,-0.06085205078125,-0.0,-0.0625,0.0625,-0.0,-0.054088431253785596,0.054088431253785596,0.10349541902542114,-0.0006850957870483398,0.10418051481246948
original,cp_hk,2,lowest_shuffled,memberctl_cp_hk_lowest_shuffled_s2,election2020,S0_conv_center/prototype,-0.0,0.0,-0.0,-0.0,0.0,-0.0,-0.0,0.0,-0.0,-0.0,0.0,-0.0
original,cp_hk,2,lowest_shuffled,memberctl_cp_hk_lowest_shuffled_s2,election2020,S0_conv_center/ridge,-0.0,0.0,-0.0,-0.0,0.0,-0.0,-0.0,0.0,-0.0,-0.0,0.0,-0.0
original,cp_hk,2,lowest_shuffled,memberctl_cp_hk_lowest_shuffled_s2,election2020,S0_pool/prototype,-0.0,0.0,-0.0,-0.0,0.0,-0.0,-0.0,-1.1102230246251565e-16,1.1102230246251565e-16,-0.0,0.0,-0.0
original,cp_hk,2,lowest_shuffled,memberctl_cp_hk_lowest_shuffled_s2,election2020,S0_pool/ridge,-0.0,0.0,-0.0,-0.0,0.0,-0.0,-0.0,-1.1102230246251565e-16,1.1102230246251565e-16,-0.0,0.0,-0.0
original,cp_hk,2,lowest_shuffled,memberctl_cp_hk_lowest_shuffled_s2,election2020,U1_pre_meta/prototype,0.082275390625,-0.07305908203125,0.15533447265625,0.125,-0.0703125,0.1953125,0.12030075187969935,-0.07524038461538463,0.19554113649508398,-0.0147055983543396,0.0006093382835388184,-0.015314936637878418
original,cp_hk,2,lowest_shuffled,memberctl_cp_hk_lowest_shuffled_s2,election2020,U1_pre_meta/ridge,0.06689453125,-0.085693359375,0.152587890625,0.109375,-0.08203125,0.19140625,0.10619744187689928,-0.0800035916314985,0.18620103350839778,-0.06397455930709839,0.005396366119384766,-0.06937092542648315
original,cp_hk,2,lowest_shuffled,memberctl_cp_hk_lowest_shuffled_s2,election2020,final_input/prototype,-0.127685546875,-0.079132080078125,-0.048553466796875,-0.0,-0.078125,0.078125,-0.0,-0.06769490413013923,0.06769490413013923,0.01700890064239502,-0.00010919570922851562,0.017118096351623535
original,cp_hk,2,lowest_shuffled,memberctl_cp_hk_lowest_shuffled_s2,election2020,final_input/ridge,-0.13128662109375,-0.0704345703125,-0.06085205078125,-0.0,-0.0625,0.0625,-0.0,-0.054088431253785596,0.054088431253785596,0.10349541902542114,-0.0006850957870483398,0.10418051481246948
original,cp_hk,2,lowest_shuffled,memberctl_cp_hk_lowest_shuffled_s2,election2020,full_model,0.2235107421875,0.1578369140625,0.065673828125,0.23828125,0.04296875,0.1953125,0.22626411667896273,0.6811989100817438,-0.4549347934027811,-0.3899944424629212,-0.007693111896514893,-0.3823013305664063
original,cp_hk,2,lowest_shuffled,memberctl_cp_hk_lowest_shuffled_s2,election2020,raw_center/prototype,-0.0,0.0,-0.0,-0.0,0.0,-0.0,-0.0,0.0,-0.0,-0.0,0.0,-0.0
original,cp_hk,2,lowest_shuffled,memberctl_cp_hk_lowest_shuffled_s2,election2020,raw_center/ridge,-0.0,0.0,-0.0,-0.0,0.0,-0.0,-0.0,0.0,-0.0,-0.0,0.0,-0.0
original,cp_hk,2,lowest_shuffled,memberctl_cp_hk_lowest_shuffled_s2,election2020,raw_context/prototype,-0.0,0.0,-0.0,-0.0,0.0,-0.0,1.1102230246251565e-16,-1.1102230246251565e-16,2.220446049250313e-16,-0.0,0.0,-0.0
original,cp_hk,2,lowest_shuffled,memberctl_cp_hk_lowest_shuffled_s2,election2020,raw_context/ridge,-0.0,0.0,-0.0,-0.0,0.0,-0.0,1.1102230246251565e-16,-1.1102230246251565e-16,2.220446049250313e-16,-0.0,0.0,-0.0
original,cp_hk,2,lowest_shuffled,memberctl_cp_hk_lowest_shuffled_s2,election2020,raw_joint/prototype,-0.0,0.0,-0.0,-0.0,0.0,-0.0,-0.0,0.0,-0.0,-0.0,0.0,-0.0
original,cp_hk,2,lowest_shuffled,memberctl_cp_hk_lowest_shuffled_s2,election2020,raw_joint/ridge,-0.0,0.0,-0.0,-0.0,0.0,-0.0,-0.0,0.0,-0.0,-0.0,0.0,-0.0
original,cp_hk,2,lowest_shuffled,memberctl_cp_hk_lowest_shuffled_s2,facebook_page_reference,M2_post_meta/prototype,0.10838699340820312,-0.08717155456542969,0.1955585479736328,0.0791015625,-0.07421875,0.1533203125,0.10056227179887545,-0.07723561200741591,0.17779788380629136,-0.011772334575653076,-0.00014984607696533203,-0.011622488498687744
original,cp_hk,2,lowest_shuffled,memberctl_cp_hk_lowest_shuffled_s2,facebook_page_reference,M2_post_meta/ridge,0.10870742797851562,-0.07949066162109375,0.18819808959960938,0.08203125,-0.08203125,0.1640625,0.10590431953410084,-0.08285395647481908,0.18875827600891992,-0.045825421810150146,-0.001431286334991455,-0.04439413547515869
original,cp_hk,2,lowest_shuffled,memberctl_cp_hk_lowest_shuffled_s2,facebook_page_reference,S0_conv_center/prototype,-0.0,0.0,-0.0,-0.0,0.0,-0.0,-0.0,0.0,-0.0,-0.0,0.0,-0.0
original,cp_hk,2,lowest_shuffled,memberctl_cp_hk_lowest_shuffled_s2,facebook_page_reference,S0_conv_center/ridge,-0.0,0.0,-0.0,-0.0,0.0,-0.0,-0.0,0.0,-0.0,-0.0,0.0,-0.0
original,cp_hk,2,lowest_shuffled,memberctl_cp_hk_lowest_shuffled_s2,facebook_page_reference,S0_pool/prototype,-0.0,0.0,-0.0,-0.0,0.0,-0.0,-0.0,0.0,-0.0,-0.0,0.0,-0.0
original,cp_hk,2,lowest_shuffled,memberctl_cp_hk_lowest_shuffled_s2,facebook_page_reference,S0_pool/ridge,-0.0,0.0,-0.0,-0.0,0.0,-0.0,-0.0,0.0,-0.0,-0.0,0.0,-0.0
original,cp_hk,2,lowest_shuffled,memberctl_cp_hk_lowest_shuffled_s2,facebook_page_reference,U1_pre_meta/prototype,-0.102203369140625,-0.09159469604492188,-0.010608673095703125,-0.087890625,-0.0810546875,-0.0068359375,-0.08955210238495448,-0.0831722496976609,-0.006379852687293575,0.0027045011520385742,0.00019037723541259766,0.0025141239166259766
original,cp_hk,2,lowest_shuffled,memberctl_cp_hk_lowest_shuffled_s2,facebook_page_reference,U1_pre_meta/ridge,-0.10287094116210938,-0.09018707275390625,-0.012683868408203125,-0.095703125,-0.08984375,-0.005859375,-0.09399591915892058,-0.08999712202515131,-0.003998797133769272,0.015735149383544922,0.001726388931274414,0.014008760452270508
original,cp_hk,2,lowest_shuffled,memberctl_cp_hk_lowest_shuffled_s2,facebook_page_reference,final_input/prototype,0.10838699340820312,-0.08717155456542969,0.1955585479736328,0.0791015625,-0.07421875,0.1533203125,0.10056227179887545,-0.07723561200741591,0.17779788380629136,-0.011772334575653076,-0.00014984607696533203,-0.011622488498687744
original,cp_hk,2,lowest_shuffled,memberctl_cp_hk_lowest_shuffled_s2,facebook_page_reference,final_input/ridge,0.10870742797851562,-0.07949066162109375,0.18819808959960938,0.08203125,-0.08203125,0.1640625,0.10590431953410084,-0.08285395647481908,0.18875827600891992,-0.045825421810150146,-0.001431286334991455,-0.04439413547515869
original,cp_hk,2,lowest_shuffled,memberctl_cp_hk_lowest_shuffled_s2,facebook_page_reference,full_model,0.0014820098876953125,0.003322601318359375,-0.0018405914306640625,-0.0029296875,0.005859375,-0.0087890625,0.010140086937159398,-0.0002602714259155037,0.010400358363074902,0.150448739528656,-4.774332046508789e-05,0.1504964828491211
original,cp_hk,2,lowest_shuffled,memberctl_cp_hk_lowest_shuffled_s2,facebook_page_reference,raw_center/prototype,-0.0,0.0,-0.0,-0.0,0.0,-0.0,-0.0,0.0,-0.0,-0.0,0.0,-0.0
original,cp_hk,2,lowest_shuffled,memberctl_cp_hk_lowest_shuffled_s2,facebook_page_reference,raw_center/ridge,1.1102230246251565e-16,-1.1102230246251565e-16,2.220446049250313e-16,-0.0,0.0,-0.0,-0.0,0.0,-0.0,-0.0,0.0,-0.0
original,cp_hk,2,lowest_shuffled,memberctl_cp_hk_lowest_shuffled_s2,facebook_page_reference,raw_context/prototype,-0.0,0.0,-0.0,-0.0,0.0,-0.0,-0.0,0.0,-0.0,-0.0,0.0,-0.0
original,cp_hk,2,lowest_shuffled,memberctl_cp_hk_lowest_shuffled_s2,facebook_page_reference,raw_context/ridge,-0.0,0.0,-0.0,-0.0,0.0,-0.0,-0.0,0.0,-0.0,-0.0,0.0,-0.0
original,cp_hk,2,lowest_shuffled,memberctl_cp_hk_lowest_shuffled_s2,facebook_page_reference,raw_joint/prototype,-0.0,0.0,-0.0,-0.0,0.0,-0.0,-0.0,0.0,-0.0,-0.0,0.0,-0.0
original,cp_hk,2,lowest_shuffled,memberctl_cp_hk_lowest_shuffled_s2,facebook_page_reference,raw_joint/ridge,1.1102230246251565e-16,-1.1102230246251565e-16,2.220446049250313e-16,-0.0,0.0,-0.0,-0.0,0.0,-0.0,-0.0,0.0,-0.0
original,cp_hk,2,lowest_shuffled,memberctl_cp_hk_lowest_shuffled_s2,twibot20,M2_post_meta/prototype,-0.011406580607096428,0.0029521518283420756,-0.014358732435438504,-0.013671875,0.005859375,-0.01953125,0.11307315789578021,0.0029659011894739296,0.11010725670630628,-0.006457865238189697,-0.002102673053741455,-0.004355192184448242
original,cp_hk,2,lowest_shuffled,memberctl_cp_hk_lowest_shuffled_s2,twibot20,M2_post_meta/ridge,-0.02405971950954866,0.00436570909288192,-0.02842542860243058,-0.01920572916666674,0.0078125,-0.02701822916666674,0.09771914544691362,0.00500717372245485,0.09271197172445877,0.0019586682319641113,-0.013880312442779541,0.015838980674743652
original,cp_hk,2,lowest_shuffled,memberctl_cp_hk_lowest_shuffled_s2,twibot20,S0_conv_center/prototype,-0.0,0.0,-0.0,-0.0,0.0,-0.0,-0.0,0.0,-0.0,-0.0,0.0,-0.0
original,cp_hk,2,lowest_shuffled,memberctl_cp_hk_lowest_shuffled_s2,twibot20,S0_conv_center/ridge,-0.0,0.0,-0.0,-0.0,0.0,-0.0,-0.0,0.0,-0.0,-0.0,0.0,-0.0
original,cp_hk,2,lowest_shuffled,memberctl_cp_hk_lowest_shuffled_s2,twibot20,S0_pool/prototype,-0.0,0.0,-0.0,-0.0,0.0,-0.0,-0.0,0.0,-0.0,-0.0,0.0,-0.0
original,cp_hk,2,lowest_shuffled,memberctl_cp_hk_lowest_shuffled_s2,twibot20,S0_pool/ridge,-0.0,0.0,-0.0,-0.0,0.0,-0.0,-0.0,0.0,-0.0,-0.0,0.0,-0.0
original,cp_hk,2,lowest_shuffled,memberctl_cp_hk_lowest_shuffled_s2,twibot20,U1_pre_meta/prototype,-0.006260342068142188,0.0006188286675347099,-0.006879170735676898,-0.00748697916666663,0.0087890625,-0.01627604166666663,0.0006324125248914347,0.006092316183738844,-0.005459903658847409,-0.0031737089157104492,-0.0009026527404785156,-0.0022710561752319336
original,cp_hk,2,lowest_shuffled,memberctl_cp_hk_lowest_shuffled_s2,twibot20,U1_pre_meta/ridge,-0.00369940863715279,-0.0007542504204643974,-0.0029451582166883927,-0.00618489583333337,0.00944010416666663,-0.015625,0.0051861937414074966,0.006624604744691398,-0.0014384110032839015,-0.0034069418907165527,-0.0029277801513671875,-0.00047916173934936523
original,cp_hk,2,lowest_shuffled,memberctl_cp_hk_lowest_shuffled_s2,twibot20,final_input/prototype,-0.011406580607096428,0.0029521518283420756,-0.014358732435438504,-0.013671875,0.005859375,-0.01953125,0.11307315789578021,0.0029659011894739296,0.11010725670630628,-0.006457865238189697,-0.002102673053741455,-0.004355192184448242
original,cp_hk,2,lowest_shuffled,memberctl_cp_hk_lowest_shuffled_s2,twibot20,final_input/ridge,-0.02405971950954866,0.00436570909288192,-0.02842542860243058,-0.01920572916666674,0.0078125,-0.02701822916666674,0.09771914544691362,0.00500717372245485,0.09271197172445877,0.0019586682319641113,-0.013880312442779541,0.015838980674743652
original,cp_hk,2,lowest_shuffled,memberctl_cp_hk_lowest_shuffled_s2,twibot20,full_model,-0.055133819580078236,-0.23732799953884554,0.1821941799587673,-0.02408854166666663,0.0,-0.02408854166666663,-0.07840461170143243,0.0,-0.07840461170143243,0.2713468670845032,0.07501977682113647,0.1963270902633667
original,cp_hk,2,lowest_shuffled,memberctl_cp_hk_lowest_shuffled_s2,twibot20,raw_center/prototype,-0.0,0.0,-0.0,-0.0,0.0,-0.0,-0.0,0.0,-0.0,-0.0,0.0,-0.0
original,cp_hk,2,lowest_shuffled,memberctl_cp_hk_lowest_shuffled_s2,twibot20,raw_center/ridge,-0.0,0.0,-0.0,-0.0,0.0,-0.0,-0.0,0.0,-0.0,-0.0,0.0,-0.0
original,cp_hk,2,lowest_shuffled,memberctl_cp_hk_lowest_shuffled_s2,twibot20,raw_context/prototype,-0.0,0.0,-0.0,-0.0,0.0,-0.0,-0.0,0.0,-0.0,-0.0,0.0,-0.0
original,cp_hk,2,lowest_shuffled,memberctl_cp_hk_lowest_shuffled_s2,twibot20,raw_context/ridge,-0.0,0.0,-0.0,-0.0,0.0,-0.0,-0.0,0.0,-0.0,-0.0,0.0,-0.0
original,cp_hk,2,lowest_shuffled,memberctl_cp_hk_lowest_shuffled_s2,twibot20,raw_joint/prototype,-0.0,0.0,-0.0,-0.0,0.0,-0.0,-0.0,0.0,-0.0,-0.0,0.0,-0.0
original,cp_hk,2,lowest_shuffled,memberctl_cp_hk_lowest_shuffled_s2,twibot20,raw_joint/ridge,-0.0,0.0,-0.0,-0.0,0.0,-0.0,-0.0,0.0,-0.0,-0.0,0.0,-0.0
original,cp_hk,2,lowest_shuffled,memberctl_cp_hk_lowest_shuffled_s2,ukr_rus_suspended,M2_post_meta/prototype,-0.0198974609375,-0.008056640625,-0.0118408203125,-0.01953125,-0.0234375,0.00390625,0.17961807525051995,-0.049535697514125954,0.2291537727646459,0.0038264989852905273,3.355741500854492e-05,0.0037929415702819824
original,cp_hk,2,lowest_shuffled,memberctl_cp_hk_lowest_shuffled_s2,ukr_rus_suspended,M2_post_meta/ridge,-0.016357421875,-0.00555419921875,-0.01080322265625,-0.03125,-0.0078125,-0.0234375,0.18567955598367045,-0.024786324786324754,0.2104658807699952,0.030096471309661865,0.00028383731842041016,0.029812633991241455
original,cp_hk,2,lowest_shuffled,memberctl_cp_hk_lowest_shuffled_s2,ukr_rus_suspended,S0_conv_center/prototype,-0.0,0.0,-0.0,-0.0,0.0,-0.0,-0.0,0.0,-0.0,-0.0,0.0,-0.0
original,cp_hk,2,lowest_shuffled,memberctl_cp_hk_lowest_shuffled_s2,ukr_rus_suspended,S0_conv_center/ridge,-0.0,0.0,-0.0,-0.0,0.0,-0.0,-0.0,5.551115123125783e-17,-5.551115123125783e-17,-0.0,0.0,-0.0
original,cp_hk,2,lowest_shuffled,memberctl_cp_hk_lowest_shuffled_s2,ukr_rus_suspended,S0_pool/prototype,-0.0,0.0,-0.0,-0.0,0.0,-0.0,-0.0,5.551115123125783e-17,-5.551115123125783e-17,-0.0,0.0,-0.0
original,cp_hk,2,lowest_shuffled,memberctl_cp_hk_lowest_shuffled_s2,ukr_rus_suspended,S0_pool/ridge,-0.0,0.0,-0.0,-0.0,0.0,-0.0,-0.0,5.551115123125783e-17,-5.551115123125783e-17,-0.0,0.0,-0.0
original,cp_hk,2,lowest_shuffled,memberctl_cp_hk_lowest_shuffled_s2,ukr_rus_suspended,U1_pre_meta/prototype,0.02423095703125,-0.024322509765625,0.048553466796875,0.0078125,-0.01953125,0.02734375,-0.0036997885835095,-0.03090196078431373,0.02720217220080423,-0.0008623600006103516,1.5079975128173828e-05,-0.0008774399757385254
original,cp_hk,2,lowest_shuffled,memberctl_cp_hk_lowest_shuffled_s2,ukr_rus_suspended,U1_pre_meta/ridge,0.03961181640625,-0.021942138671875,0.061553955078125,0.01953125,-0.015625,0.03515625,0.017419412768249987,-0.038575430172068825,0.05599484294031881,-0.005948781967163086,0.0001410841941833496,-0.0060898661613464355
original,cp_hk,2,lowest_shuffled,memberctl_cp_hk_lowest_shuffled_s2,ukr_rus_suspended,final_input/prototype,-0.0198974609375,-0.008056640625,-0.0118408203125,-0.01953125,-0.0234375,0.00390625,0.17961807525051995,-0.049535697514125954,0.2291537727646459,0.0038264989852905273,3.355741500854492e-05,0.0037929415702819824
original,cp_hk,2,lowest_shuffled,memberctl_cp_hk_lowest_shuffled_s2,ukr_rus_suspended,final_input/ridge,-0.016357421875,-0.00555419921875,-0.01080322265625,-0.03125,-0.0078125,-0.0234375,0.18567955598367045,-0.024786324786324754,0.2104658807699952,0.030096471309661865,0.00028383731842041016,0.029812633991241455
original,cp_hk,2,lowest_shuffled,memberctl_cp_hk_lowest_shuffled_s2,ukr_rus_suspended,full_model,0.0372314453125,-0.0289306640625,0.066162109375,0.03125,-0.04296875,0.07421875,0.13989935298346518,0.08839222792711171,0.051507125056353464,0.1673668622970581,0.0008867979049682617,0.16648006439208984
original,cp_hk,2,lowest_shuffled,memberctl_cp_hk_lowest_shuffled_s2,ukr_rus_suspended,raw_center/prototype,-0.0,0.0,-0.0,-0.0,0.0,-0.0,-5.551115123125783e-17,5.551115123125783e-17,-1.1102230246251565e-16,-0.0,0.0,-0.0
original,cp_hk,2,lowest_shuffled,memberctl_cp_hk_lowest_shuffled_s2,ukr_rus_suspended,raw_center/ridge,-0.0,0.0,-0.0,-0.0,0.0,-0.0,-5.551115123125783e-17,5.551115123125783e-17,-1.1102230246251565e-16,-0.0,0.0,-0.0
original,cp_hk,2,lowest_shuffled,memberctl_cp_hk_lowest_shuffled_s2,ukr_rus_suspended,raw_context/prototype,-0.0,0.0,-0.0,-0.0,0.0,-0.0,-0.0,0.0,-0.0,-0.0,0.0,-0.0
original,cp_hk,2,lowest_shuffled,memberctl_cp_hk_lowest_shuffled_s2,ukr_rus_suspended,raw_context/ridge,-0.0,0.0,-0.0,-0.0,0.0,-0.0,-5.551115123125783e-17,5.551115123125783e-17,-1.1102230246251565e-16,-0.0,0.0,-0.0
original,cp_hk,2,lowest_shuffled,memberctl_cp_hk_lowest_shuffled_s2,ukr_rus_suspended,raw_joint/prototype,-0.0,0.0,-0.0,-0.0,0.0,-0.0,-5.551115123125783e-17,5.551115123125783e-17,-1.1102230246251565e-16,-0.0,0.0,-0.0
original,cp_hk,2,lowest_shuffled,memberctl_cp_hk_lowest_shuffled_s2,ukr_rus_suspended,raw_joint/ridge,-0.0,0.0,-0.0,-0.0,0.0,-0.0,-0.0,0.0,-0.0,-0.0,0.0,-0.0
original,cp_hk,2,lowest_sorted,memberctl_cp_hk_lowest_sorted_s2,covid_political,M2_post_meta/prototype,0.40159070050274875,-0.00824568006727433,0.4098363805700231,0.3736979166666667,-0.015625,0.3893229166666667,0.14044009886912967,-0.007250643572228599,0.14769074244135827,-0.04440295696258545,-0.0006819963455200195,-0.04372096061706543
original,cp_hk,2,lowest_sorted,memberctl_cp_hk_lowest_sorted_s2,covid_political,M2_post_meta/ridge,0.42204821551287625,-0.0019209120008679692,0.4239691275137442,0.40527343750000006,-0.00944010416666674,0.4147135416666668,0.16782574244071857,0.0006771853419786367,0.16714855709873994,-0.18141216039657593,-0.005635261535644531,-0.1757768988609314
original,cp_hk,2,lowest_sorted,memberctl_cp_hk_lowest_sorted_s2,covid_political,S0_conv_center/prototype,-0.0,0.0,-0.0,-0.0,0.0,-0.0,-0.0,0.0,-0.0,-0.0,0.0,-0.0
original,cp_hk,2,lowest_sorted,memberctl_cp_hk_lowest_sorted_s2,covid_political,S0_conv_center/ridge,-0.0,0.0,-0.0,-0.0,0.0,-0.0,-0.0,0.0,-0.0,-0.0,0.0,-0.0
original,cp_hk,2,lowest_sorted,memberctl_cp_hk_lowest_sorted_s2,covid_political,S0_pool/prototype,-0.0,0.0,-0.0,-0.0,0.0,-0.0,-0.0,0.0,-0.0,-0.0,0.0,-0.0
original,cp_hk,2,lowest_sorted,memberctl_cp_hk_lowest_sorted_s2,covid_political,S0_pool/ridge,-0.0,0.0,-0.0,-0.0,0.0,-0.0,-0.0,0.0,-0.0,-0.0,0.0,-0.0
original,cp_hk,2,lowest_sorted,memberctl_cp_hk_lowest_sorted_s2,covid_political,U1_pre_meta/prototype,0.02907251428674762,-0.00931859899450227,0.03839111328124989,0.0556640625,-0.01692708333333337,0.07259114583333337,0.07413174352679874,-0.020761622172787653,0.0948933656995864,-0.013677239418029785,-0.0003636479377746582,-0.013313591480255127
original,cp_hk,2,lowest_sorted,memberctl_cp_hk_lowest_sorted_s2,covid_political,U1_pre_meta/ridge,0.03999837239583326,-0.01093094437210651,0.05092931676793977,0.06640625,-0.02083333333333326,0.08723958333333326,0.09115785914404406,-0.024238793302504336,0.1153966524465484,-0.04387927055358887,-0.0023251771926879883,-0.04155409336090088
original,cp_hk,2,lowest_sorted,memberctl_cp_hk_lowest_sorted_s2,covid_political,final_input/prototype,0.40159070050274875,-0.00824568006727433,0.4098363805700231,0.3736979166666667,-0.015625,0.3893229166666667,0.14044009886912967,-0.007250643572228599,0.14769074244135827,-0.04440295696258545,-0.0006819963455200195,-0.04372096061706543
original,cp_hk,2,lowest_sorted,memberctl_cp_hk_lowest_sorted_s2,covid_political,final_input/ridge,0.42204821551287625,-0.0019209120008679692,0.4239691275137442,0.40527343750000006,-0.00944010416666674,0.4147135416666668,0.16782574244071857,0.0006771853419786367,0.16714855709873994,-0.18141216039657593,-0.005635261535644531,-0.1757768988609314
original,cp_hk,2,lowest_sorted,memberctl_cp_hk_lowest_sorted_s2,covid_political,full_model,0.1586233068395545,0.12903142858434613,0.02959187825520837,0.15364583333333326,-0.4212239583333333,0.5748697916666665,0.15718178293926593,0.4016250725478816,-0.24444328960861567,-0.014155864715576172,0.047548115253448486,-0.06170397996902466
original,cp_hk,2,lowest_sorted,memberctl_cp_hk_lowest_sorted_s2,covid_political,raw_center/prototype,-0.0,0.0,-0.0,-0.0,0.0,-0.0,-0.0,0.0,-0.0,-0.0,0.0,-0.0
original,cp_hk,2,lowest_sorted,memberctl_cp_hk_lowest_sorted_s2,covid_political,raw_center/ridge,-0.0,0.0,-0.0,-0.0,0.0,-0.0,-0.0,0.0,-0.0,-0.0,0.0,-0.0
original,cp_hk,2,lowest_sorted,memberctl_cp_hk_lowest_sorted_s2,covid_political,raw_context/prototype,-1.1102230246251565e-16,1.1102230246251565e-16,-2.220446049250313e-16,-0.0,0.0,-0.0,-0.0,0.0,-0.0,-0.0,0.0,-0.0
original,cp_hk,2,lowest_sorted,memberctl_cp_hk_lowest_sorted_s2,covid_political,raw_context/ridge,-0.0,0.0,-0.0,-0.0,0.0,-0.0,-0.0,0.0,-0.0,-0.0,0.0,-0.0
original,cp_hk,2,lowest_sorted,memberctl_cp_hk_lowest_sorted_s2,covid_political,raw_joint/prototype,-0.0,0.0,-0.0,-0.0,0.0,-0.0,-0.0,0.0,-0.0,-0.0,0.0,-0.0
original,cp_hk,2,lowest_sorted,memberctl_cp_hk_lowest_sorted_s2,covid_political,raw_joint/ridge,-0.0,0.0,-0.0,-0.0,0.0,-0.0,-0.0,0.0,-0.0,-0.0,0.0,-0.0
original,cp_hk,2,lowest_sorted,memberctl_cp_hk_lowest_sorted_s2,election2020,M2_post_meta/prototype,0.4251708984375,-0.037841796875,0.4630126953125,0.0859375,-0.06640625,0.15234375,0.04051565377532229,-0.05751129518072284,0.09802694895604513,-0.024987757205963135,-0.00017267465591430664,-0.024815082550048828
original,cp_hk,2,lowest_sorted,memberctl_cp_hk_lowest_sorted_s2,election2020,M2_post_meta/ridge,0.43670654296875,-0.0296630859375,0.46636962890625,0.09375,-0.0546875,0.1484375,0.04444444444444451,-0.05216535433070868,0.09660979877515319,-0.09709948301315308,-0.0014140009880065918,-0.09568548202514648
original,cp_hk,2,lowest_sorted,memberctl_cp_hk_lowest_sorted_s2,election2020,S0_conv_center/prototype,-0.0,0.0,-0.0,-0.0,0.0,-0.0,-0.0,0.0,-0.0,-0.0,0.0,-0.0
original,cp_hk,2,lowest_sorted,memberctl_cp_hk_lowest_sorted_s2,election2020,S0_conv_center/ridge,-0.0,0.0,-0.0,-0.0,0.0,-0.0,-0.0,0.0,-0.0,-0.0,0.0,-0.0
original,cp_hk,2,lowest_sorted,memberctl_cp_hk_lowest_sorted_s2,election2020,S0_pool/prototype,-0.0,0.0,-0.0,-0.0,0.0,-0.0,1.1102230246251565e-16,-1.1102230246251565e-16,2.220446049250313e-16,-0.0,0.0,-0.0
original,cp_hk,2,lowest_sorted,memberctl_cp_hk_lowest_sorted_s2,election2020,S0_pool/ridge,-0.0,0.0,-0.0,-0.0,0.0,-0.0,1.1102230246251565e-16,-1.1102230246251565e-16,2.220446049250313e-16,-0.0,0.0,-0.0
original,cp_hk,2,lowest_sorted,memberctl_cp_hk_lowest_sorted_s2,election2020,U1_pre_meta/prototype,0.0755615234375,-0.0260009765625,0.1015625,0.12109375,-0.046875,0.16796875,0.11672187815065516,-0.051802884615384626,0.16852476276603978,-0.013152122497558594,0.0005169510841369629,-0.013669073581695557
original,cp_hk,2,lowest_sorted,memberctl_cp_hk_lowest_sorted_s2,election2020,U1_pre_meta/ridge,0.06707763671875,-0.0389404296875,0.10601806640625,0.1171875,-0.0546875,0.171875,0.11095443604096333,-0.054263565891472854,0.1652180019324362,-0.06111401319503784,0.004074275493621826,-0.06518828868865967
original,cp_hk,2,lowest_sorted,memberctl_cp_hk_lowest_sorted_s2,election2020,final_input/prototype,0.4251708984375,-0.037841796875,0.4630126953125,0.0859375,-0.06640625,0.15234375,0.04051565377532229,-0.05751129518072284,0.09802694895604513,-0.024987757205963135,-0.00017267465591430664,-0.024815082550048828
original,cp_hk,2,lowest_sorted,memberctl_cp_hk_lowest_sorted_s2,election2020,final_input/ridge,0.43670654296875,-0.0296630859375,0.46636962890625,0.09375,-0.0546875,0.1484375,0.04444444444444451,-0.05216535433070868,0.09660979877515319,-0.09709948301315308,-0.0014140009880065918,-0.09568548202514648
original,cp_hk,2,lowest_sorted,memberctl_cp_hk_lowest_sorted_s2,election2020,full_model,0.2811279296875,0.04241943359375,0.23870849609375,0.28125,0.0,0.28125,0.27649822887298503,0.6666666666666666,-0.3901684377936816,-0.4575186967849732,0.006902515888214111,-0.4644212126731873
original,cp_hk,2,lowest_sorted,memberctl_cp_hk_lowest_sorted_s2,election2020,raw_center/prototype,-0.0,0.0,-0.0,-0.0,0.0,-0.0,-0.0,0.0,-0.0,-0.0,0.0,-0.0
original,cp_hk,2,lowest_sorted,memberctl_cp_hk_lowest_sorted_s2,election2020,raw_center/ridge,-0.0,0.0,-0.0,-0.0,0.0,-0.0,-0.0,0.0,-0.0,-0.0,0.0,-0.0
original,cp_hk,2,lowest_sorted,memberctl_cp_hk_lowest_sorted_s2,election2020,raw_context/prototype,-0.0,0.0,-0.0,-0.0,0.0,-0.0,1.1102230246251565e-16,-1.1102230246251565e-16,2.220446049250313e-16,-0.0,0.0,-0.0
original,cp_hk,2,lowest_sorted,memberctl_cp_hk_lowest_sorted_s2,election2020,raw_context/ridge,-0.0,0.0,-0.0,-0.0,0.0,-0.0,1.1102230246251565e-16,-1.1102230246251565e-16,2.220446049250313e-16,-0.0,0.0,-0.0
original,cp_hk,2,lowest_sorted,memberctl_cp_hk_lowest_sorted_s2,election2020,raw_joint/prototype,-0.0,0.0,-0.0,-0.0,0.0,-0.0,-0.0,0.0,-0.0,-0.0,0.0,-0.0
original,cp_hk,2,lowest_sorted,memberctl_cp_hk_lowest_sorted_s2,election2020,raw_joint/ridge,-0.0,0.0,-0.0,-0.0,0.0,-0.0,-0.0,0.0,-0.0,-0.0,0.0,-0.0
original,cp_hk,2,lowest_sorted,memberctl_cp_hk_lowest_sorted_s2,facebook_page_reference,M2_post_meta/prototype,0.1468067169189453,-0.08269882202148438,0.2295055389404297,0.0947265625,-0.0830078125,0.177734375,0.09517427297165204,-0.08314681418783532,0.17832108715948736,-0.007884562015533447,-0.00022530555725097656,-0.007659256458282471
original,cp_hk,2,lowest_sorted,memberctl_cp_hk_lowest_sorted_s2,facebook_page_reference,M2_post_meta/ridge,0.150604248046875,-0.07364273071289062,0.22424697875976562,0.1025390625,-0.078125,0.1806640625,0.10426157069970843,-0.0774861899130227,0.18174776061273112,-0.045808374881744385,-0.0021068453788757324,-0.04370152950286865
original,cp_hk,2,lowest_sorted,memberctl_cp_hk_lowest_sorted_s2,facebook_page_reference,S0_conv_center/prototype,-0.0,0.0,-0.0,-0.0,0.0,-0.0,-0.0,0.0,-0.0,-0.0,0.0,-0.0
original,cp_hk,2,lowest_sorted,memberctl_cp_hk_lowest_sorted_s2,facebook_page_reference,S0_conv_center/ridge,-0.0,0.0,-0.0,-0.0,0.0,-0.0,-0.0,0.0,-0.0,-0.0,0.0,-0.0
original,cp_hk,2,lowest_sorted,memberctl_cp_hk_lowest_sorted_s2,facebook_page_reference,S0_pool/prototype,-0.0,0.0,-0.0,-0.0,0.0,-0.0,-0.0,0.0,-0.0,-0.0,0.0,-0.0
original,cp_hk,2,lowest_sorted,memberctl_cp_hk_lowest_sorted_s2,facebook_page_reference,S0_pool/ridge,-0.0,0.0,-0.0,-0.0,0.0,-0.0,-0.0,0.0,-0.0,-0.0,0.0,-0.0
original,cp_hk,2,lowest_sorted,memberctl_cp_hk_lowest_sorted_s2,facebook_page_reference,U1_pre_meta/prototype,-0.09145736694335938,-0.07866859436035156,-0.012788772583007812,-0.078125,-0.0693359375,-0.0087890625,-0.07765444525644738,-0.06871189582012394,-0.008942549436323444,0.0022172927856445312,1.2218952178955078e-05,0.002205073833465576
original,cp_hk,2,lowest_sorted,memberctl_cp_hk_lowest_sorted_s2,facebook_page_reference,U1_pre_meta/ridge,-0.08181381225585938,-0.07802009582519531,-0.0037937164306640625,-0.068359375,-0.060546875,-0.0078125,-0.07037942738195568,-0.060323531520700246,-0.010055895861255437,0.011468052864074707,0.00019019842147827148,0.011277854442596436
original,cp_hk,2,lowest_sorted,memberctl_cp_hk_lowest_sorted_s2,facebook_page_reference,final_input/prototype,0.1468067169189453,-0.08269882202148438,0.2295055389404297,0.0947265625,-0.0830078125,0.177734375,0.09517427297165204,-0.08314681418783532,0.17832108715948736,-0.007884562015533447,-0.00022530555725097656,-0.007659256458282471
original,cp_hk,2,lowest_sorted,memberctl_cp_hk_lowest_sorted_s2,facebook_page_reference,final_input/ridge,0.150604248046875,-0.07364273071289062,0.22424697875976562,0.1025390625,-0.078125,0.1806640625,0.10426157069970843,-0.0774861899130227,0.18174776061273112,-0.045808374881744385,-0.0021068453788757324,-0.04370152950286865
original,cp_hk,2,lowest_sorted,memberctl_cp_hk_lowest_sorted_s2,facebook_page_reference,full_model,0.051998138427734375,-0.003787994384765625,0.0557861328125,0.0625,0.0107421875,0.0517578125,0.06283161733586329,0.030444385546426422,0.032387231789436866,0.14070075750350952,8.720159530639648e-05,0.14061355590820312
original,cp_hk,2,lowest_sorted,memberctl_cp_hk_lowest_sorted_s2,facebook_page_reference,raw_center/prototype,-0.0,0.0,-0.0,-0.0,0.0,-0.0,-0.0,0.0,-0.0,-0.0,0.0,-0.0
original,cp_hk,2,lowest_sorted,memberctl_cp_hk_lowest_sorted_s2,facebook_page_reference,raw_center/ridge,1.1102230246251565e-16,-1.1102230246251565e-16,2.220446049250313e-16,-0.0,0.0,-0.0,-0.0,0.0,-0.0,-0.0,0.0,-0.0
original,cp_hk,2,lowest_sorted,memberctl_cp_hk_lowest_sorted_s2,facebook_page_reference,raw_context/prototype,-0.0,0.0,-0.0,-0.0,0.0,-0.0,-0.0,0.0,-0.0,-0.0,0.0,-0.0
original,cp_hk,2,lowest_sorted,memberctl_cp_hk_lowest_sorted_s2,facebook_page_reference,raw_context/ridge,-0.0,0.0,-0.0,-0.0,0.0,-0.0,-0.0,0.0,-0.0,-0.0,0.0,-0.0
original,cp_hk,2,lowest_sorted,memberctl_cp_hk_lowest_sorted_s2,facebook_page_reference,raw_joint/prototype,-0.0,0.0,-0.0,-0.0,0.0,-0.0,-0.0,0.0,-0.0,-0.0,0.0,-0.0
original,cp_hk,2,lowest_sorted,memberctl_cp_hk_lowest_sorted_s2,facebook_page_reference,raw_joint/ridge,1.1102230246251565e-16,-1.1102230246251565e-16,2.220446049250313e-16,-0.0,0.0,-0.0,-0.0,0.0,-0.0,-0.0,0.0,-0.0
original,cp_hk,2,lowest_sorted,memberctl_cp_hk_lowest_sorted_s2,twibot20,M2_post_meta/prototype,0.12069087558322483,-0.00028695000542522386,0.12097782558865006,0.06835937499999994,0.00423177083333337,0.06412760416666657,-0.1206791673159387,-0.001009440317955801,-0.1196697269979829,-0.005395710468292236,-0.0019310712814331055,-0.003464639186859131
original,cp_hk,2,lowest_sorted,memberctl_cp_hk_lowest_sorted_s2,twibot20,M2_post_meta/ridge,0.10698403252495653,0.0008191002739801334,0.1061649322509764,0.05826822916666663,0.007161458333333259,0.05110677083333337,-0.1523176822295842,0.0010522064450301238,-0.15336988867461432,0.008145391941070557,-0.012997865676879883,0.02114325761795044
original,cp_hk,2,lowest_sorted,memberctl_cp_hk_lowest_sorted_s2,twibot20,S0_conv_center/prototype,-0.0,0.0,-0.0,-0.0,0.0,-0.0,-0.0,0.0,-0.0,-0.0,0.0,-0.0
original,cp_hk,2,lowest_sorted,memberctl_cp_hk_lowest_sorted_s2,twibot20,S0_conv_center/ridge,-0.0,0.0,-0.0,-0.0,0.0,-0.0,-0.0,0.0,-0.0,-0.0,0.0,-0.0
original,cp_hk,2,lowest_sorted,memberctl_cp_hk_lowest_sorted_s2,twibot20,S0_pool/prototype,-0.0,0.0,-0.0,-0.0,0.0,-0.0,-0.0,0.0,-0.0,-0.0,0.0,-0.0
original,cp_hk,2,lowest_sorted,memberctl_cp_hk_lowest_sorted_s2,twibot20,S0_pool/ridge,-0.0,0.0,-0.0,-0.0,0.0,-0.0,-0.0,0.0,-0.0,-0.0,0.0,-0.0
original,cp_hk,2,lowest_sorted,memberctl_cp_hk_lowest_sorted_s2,twibot20,U1_pre_meta/prototype,0.023455937703450447,-0.0015241834852430802,0.024980121188693527,0.02473958333333326,0.0048828125,0.01985677083333326,0.031756180733162775,-0.0020503764012153036,0.03380655713437808,-0.0031319260597229004,0.0002636909484863281,-0.0033956170082092285
original,cp_hk,2,lowest_sorted,memberctl_cp_hk_lowest_sorted_s2,twibot20,U1_pre_meta/ridge,0.024402406480577343,-0.00342644585503471,0.027828852335612053,0.01985677083333326,0.005208333333333259,0.0146484375,0.02811988626357642,-0.0015439600144299126,0.029663846278006334,-0.00914698839187622,0.0006309747695922852,-0.009777963161468506
original,cp_hk,2,lowest_sorted,memberctl_cp_hk_lowest_sorted_s2,twibot20,final_input/prototype,0.12069087558322483,-0.00028695000542522386,0.12097782558865006,0.06835937499999994,0.00423177083333337,0.06412760416666657,-0.1206791673159387,-0.001009440317955801,-0.1196697269979829,-0.005395710468292236,-0.0019310712814331055,-0.003464639186859131
original,cp_hk,2,lowest_sorted,memberctl_cp_hk_lowest_sorted_s2,twibot20,final_input/ridge,0.10698403252495653,0.0008191002739801334,0.1061649322509764,0.05826822916666663,0.007161458333333259,0.05110677083333337,-0.1523176822295842,0.0010522064450301238,-0.15336988867461432,0.008145391941070557,-0.012997865676879883,0.02114325761795044
original,cp_hk,2,lowest_sorted,memberctl_cp_hk_lowest_sorted_s2,twibot20,full_model,-0.04075050354003884,-0.1965781317816841,0.15582762824164526,-0.01529947916666674,0.0,-0.01529947916666674,-0.05013047156063122,-0.6653662765496315,0.6152358049890003,0.19947338104248047,-0.03760021924972534,0.2370736002922058
original,cp_hk,2,lowest_sorted,memberctl_cp_hk_lowest_sorted_s2,twibot20,raw_center/prototype,-0.0,0.0,-0.0,-0.0,0.0,-0.0,-0.0,0.0,-0.0,-0.0,0.0,-0.0
original,cp_hk,2,lowest_sorted,memberctl_cp_hk_lowest_sorted_s2,twibot20,raw_center/ridge,-0.0,0.0,-0.0,-0.0,0.0,-0.0,-0.0,0.0,-0.0,-0.0,0.0,-0.0
original,cp_hk,2,lowest_sorted,memberctl_cp_hk_lowest_sorted_s2,twibot20,raw_context/prototype,-0.0,0.0,-0.0,-0.0,0.0,-0.0,-0.0,0.0,-0.0,-0.0,0.0,-0.0
original,cp_hk,2,lowest_sorted,memberctl_cp_hk_lowest_sorted_s2,twibot20,raw_context/ridge,-0.0,0.0,-0.0,-0.0,0.0,-0.0,-0.0,0.0,-0.0,-0.0,0.0,-0.0
original,cp_hk,2,lowest_sorted,memberctl_cp_hk_lowest_sorted_s2,twibot20,raw_joint/prototype,-0.0,0.0,-0.0,-0.0,0.0,-0.0,-0.0,0.0,-0.0,-0.0,0.0,-0.0
original,cp_hk,2,lowest_sorted,memberctl_cp_hk_lowest_sorted_s2,twibot20,raw_joint/ridge,-0.0,0.0,-0.0,-0.0,0.0,-0.0,-0.0,0.0,-0.0,-0.0,0.0,-0.0
original,cp_hk,2,lowest_sorted,memberctl_cp_hk_lowest_sorted_s2,ukr_rus_suspended,M2_post_meta/prototype,0.00067138671875,0.036102294921875,-0.035430908203125,0.01953125,0.03515625,-0.015625,0.1387497495491885,0.03612167300380231,0.1026280765453862,0.0016539692878723145,3.7610530853271484e-05,0.001616358757019043
original,cp_hk,2,lowest_sorted,memberctl_cp_hk_lowest_sorted_s2,ukr_rus_suspended,M2_post_meta/ridge,0.01202392578125,0.033203125,-0.02117919921875,0.03515625,0.01953125,0.015625,0.1552922590837283,0.025065808715998894,0.1302264503677294,0.021777689456939697,0.0003145933151245117,0.021463096141815186
original,cp_hk,2,lowest_sorted,memberctl_cp_hk_lowest_sorted_s2,ukr_rus_suspended,S0_conv_center/prototype,-0.0,0.0,-0.0,-0.0,0.0,-0.0,-0.0,0.0,-0.0,-0.0,0.0,-0.0
original,cp_hk,2,lowest_sorted,memberctl_cp_hk_lowest_sorted_s2,ukr_rus_suspended,S0_conv_center/ridge,-0.0,0.0,-0.0,-0.0,0.0,-0.0,-5.551115123125783e-17,5.551115123125783e-17,-1.1102230246251565e-16,-0.0,0.0,-0.0
original,cp_hk,2,lowest_sorted,memberctl_cp_hk_lowest_sorted_s2,ukr_rus_suspended,S0_pool/prototype,-0.0,0.0,-0.0,-0.0,0.0,-0.0,-0.0,5.551115123125783e-17,-5.551115123125783e-17,-0.0,0.0,-0.0
original,cp_hk,2,lowest_sorted,memberctl_cp_hk_lowest_sorted_s2,ukr_rus_suspended,S0_pool/ridge,-0.0,0.0,-0.0,-0.0,0.0,-0.0,-0.0,5.551115123125783e-17,-5.551115123125783e-17,-0.0,0.0,-0.0
original,cp_hk,2,lowest_sorted,memberctl_cp_hk_lowest_sorted_s2,ukr_rus_suspended,U1_pre_meta/prototype,-0.000396728515625,0.013763427734375,-0.01416015625,-0.0,0.04296875,-0.04296875,-0.011809781383817941,0.06024955436720142,-0.07205933575101936,-7.331371307373047e-06,3.695487976074219e-05,-4.4286251068115234e-05
original,cp_hk,2,lowest_sorted,memberctl_cp_hk_lowest_sorted_s2,ukr_rus_suspended,U1_pre_meta/ridge,0.01385498046875,0.012664794921875,0.001190185546875,-0.0078125,0.046875,-0.0546875,-0.0077821011673152585,0.054750548868195914,-0.06253265003551117,-0.0017570853233337402,0.0003051161766052246,-0.002062201499938965
original,cp_hk,2,lowest_sorted,memberctl_cp_hk_lowest_sorted_s2,ukr_rus_suspended,final_input/prototype,0.00067138671875,0.036102294921875,-0.035430908203125,0.01953125,0.03515625,-0.015625,0.1387497495491885,0.03612167300380231,0.1026280765453862,0.0016539692878723145,3.7610530853271484e-05,0.001616358757019043
original,cp_hk,2,lowest_sorted,memberctl_cp_hk_lowest_sorted_s2,ukr_rus_suspended,final_input/ridge,0.01202392578125,0.033203125,-0.02117919921875,0.03515625,0.01953125,0.015625,0.1552922590837283,0.025065808715998894,0.1302264503677294,0.021777689456939697,0.0003145933151245117,0.021463096141815186
original,cp_hk,2,lowest_sorted,memberctl_cp_hk_lowest_sorted_s2,ukr_rus_suspended,full_model,0.00848388671875,-0.0338134765625,0.04229736328125,-0.046875,-0.00390625,-0.04296875,0.1440723592118014,0.6511627906976745,-0.5070904314858731,0.19056379795074463,0.03194832801818848,0.15861546993255615
original,cp_hk,2,lowest_sorted,memberctl_cp_hk_lowest_sorted_s2,ukr_rus_suspended,raw_center/prototype,-0.0,0.0,-0.0,-0.0,0.0,-0.0,-5.551115123125783e-17,5.551115123125783e-17,-1.1102230246251565e-16,-0.0,0.0,-0.0
original,cp_hk,2,lowest_sorted,memberctl_cp_hk_lowest_sorted_s2,ukr_rus_suspended,raw_center/ridge,-0.0,0.0,-0.0,-0.0,0.0,-0.0,-5.551115123125783e-17,5.551115123125783e-17,-1.1102230246251565e-16,-0.0,0.0,-0.0
original,cp_hk,2,lowest_sorted,memberctl_cp_hk_lowest_sorted_s2,ukr_rus_suspended,raw_context/prototype,-0.0,0.0,-0.0,-0.0,0.0,-0.0,-0.0,0.0,-0.0,-0.0,0.0,-0.0
original,cp_hk,2,lowest_sorted,memberctl_cp_hk_lowest_sorted_s2,ukr_rus_suspended,raw_context/ridge,-0.0,0.0,-0.0,-0.0,0.0,-0.0,-5.551115123125783e-17,5.551115123125783e-17,-1.1102230246251565e-16,-0.0,0.0,-0.0
original,cp_hk,2,lowest_sorted,memberctl_cp_hk_lowest_sorted_s2,ukr_rus_suspended,raw_joint/prototype,-0.0,0.0,-0.0,-0.0,0.0,-0.0,-5.551115123125783e-17,5.551115123125783e-17,-1.1102230246251565e-16,-0.0,0.0,-0.0
original,cp_hk,2,lowest_sorted,memberctl_cp_hk_lowest_sorted_s2,ukr_rus_suspended,raw_joint/ridge,-0.0,0.0,-0.0,-0.0,0.0,-0.0,-0.0,0.0,-0.0,-0.0,0.0,-0.0
original,cp_hk,2,uniform_shuffled,memberctl_cp_hk_uniform_shuffled_s2,covid_political,M2_post_meta/prototype,0.3223989981192129,-0.04735847755714706,0.36975747567635997,-0.15364583333333337,-0.10221354166666674,-0.05143229166666663,0.5128470101452807,-0.04346818602740138,0.556315196172682,-0.022418677806854248,-0.0001970529556274414,-0.022221624851226807
original,cp_hk,2,uniform_shuffled,memberctl_cp_hk_uniform_shuffled_s2,covid_political,M2_post_meta/ridge,0.3423476042570891,-0.04525191695601849,0.3875995212131076,-0.13932291666666674,-0.0986328125,-0.04069010416666674,0.5241318930332566,-0.037352245862884104,0.5614841388961407,-0.008501708507537842,-0.0017021894454956055,-0.006799519062042236
original,cp_hk,2,uniform_shuffled,memberctl_cp_hk_uniform_shuffled_s2,covid_political,S0_conv_center/prototype,-0.0,0.0,-0.0,-0.0,0.0,-0.0,-0.0,0.0,-0.0,-0.0,0.0,-0.0
original,cp_hk,2,uniform_shuffled,memberctl_cp_hk_uniform_shuffled_s2,covid_political,S0_conv_center/ridge,-0.0,0.0,-0.0,-0.0,0.0,-0.0,-0.0,0.0,-0.0,-0.0,0.0,-0.0
original,cp_hk,2,uniform_shuffled,memberctl_cp_hk_uniform_shuffled_s2,covid_political,S0_pool/prototype,-0.0,0.0,-0.0,-0.0,0.0,-0.0,-0.0,0.0,-0.0,-0.0,0.0,-0.0
original,cp_hk,2,uniform_shuffled,memberctl_cp_hk_uniform_shuffled_s2,covid_political,S0_pool/ridge,-0.0,0.0,-0.0,-0.0,0.0,-0.0,-0.0,0.0,-0.0,-0.0,0.0,-0.0
original,cp_hk,2,uniform_shuffled,memberctl_cp_hk_uniform_shuffled_s2,covid_political,U1_pre_meta/prototype,0.04596201578776027,-0.07115823251229747,0.11712024830005774,0.06901041666666663,-0.11100260416666663,0.18001302083333326,0.07513997323698396,-0.08154290342883108,0.15668287666581504,-0.011468827724456787,0.0007372498512268066,-0.012206077575683594
original,cp_hk,2,uniform_shuffled,memberctl_cp_hk_uniform_shuffled_s2,covid_political,U1_pre_meta/ridge,0.0687532778139468,-0.08264640525535294,0.15139968306929974,0.1015625,-0.11946614583333326,0.22102864583333326,0.12361631029835463,-0.09001813212001675,0.21363444241837137,-0.044573843479156494,0.005686640739440918,-0.05026048421859741
original,cp_hk,2,uniform_shuffled,memberctl_cp_hk_uniform_shuffled_s2,covid_political,final_input/prototype,0.3223989981192129,-0.04735847755714706,0.36975747567635997,-0.15364583333333337,-0.10221354166666674,-0.05143229166666663,0.5128470101452807,-0.04346818602740138,0.556315196172682,-0.022418677806854248,-0.0001970529556274414,-0.022221624851226807
original,cp_hk,2,uniform_shuffled,memberctl_cp_hk_uniform_shuffled_s2,covid_political,final_input/ridge,0.3423476042570891,-0.04525191695601849,0.3875995212131076,-0.13932291666666674,-0.0986328125,-0.04069010416666674,0.5241318930332566,-0.037352245862884104,0.5614841388961407,-0.008501708507537842,-0.0017021894454956055,-0.006799519062042236
original,cp_hk,2,uniform_shuffled,memberctl_cp_hk_uniform_shuffled_s2,covid_political,full_model,0.10853689688223378,0.19418165418836808,-0.0856447573061343,-0.0341796875,-0.5,0.4658203125,0.17721086359475136,0.4,-0.22278913640524867,0.38623958826065063,0.12208127975463867,0.26415830850601196
original,cp_hk,2,uniform_shuffled,memberctl_cp_hk_uniform_shuffled_s2,covid_political,raw_center/prototype,-0.0,0.0,-0.0,-0.0,0.0,-0.0,-0.0,0.0,-0.0,-0.0,0.0,-0.0
original,cp_hk,2,uniform_shuffled,memberctl_cp_hk_uniform_shuffled_s2,covid_political,raw_center/ridge,-0.0,0.0,-0.0,-0.0,0.0,-0.0,-0.0,0.0,-0.0,-0.0,0.0,-0.0
original,cp_hk,2,uniform_shuffled,memberctl_cp_hk_uniform_shuffled_s2,covid_political,raw_context/prototype,-1.1102230246251565e-16,1.1102230246251565e-16,-2.220446049250313e-16,-0.0,0.0,-0.0,-0.0,0.0,-0.0,-0.0,0.0,-0.0
original,cp_hk,2,uniform_shuffled,memberctl_cp_hk_uniform_shuffled_s2,covid_political,raw_context/ridge,-0.0,0.0,-0.0,-0.0,0.0,-0.0,-0.0,0.0,-0.0,-0.0,0.0,-0.0
original,cp_hk,2,uniform_shuffled,memberctl_cp_hk_uniform_shuffled_s2,covid_political,raw_joint/prototype,-0.0,0.0,-0.0,-0.0,0.0,-0.0,-0.0,0.0,-0.0,-0.0,0.0,-0.0
original,cp_hk,2,uniform_shuffled,memberctl_cp_hk_uniform_shuffled_s2,covid_political,raw_joint/ridge,-0.0,0.0,-0.0,-0.0,0.0,-0.0,-0.0,0.0,-0.0,-0.0,0.0,-0.0
original,cp_hk,2,uniform_shuffled,memberctl_cp_hk_uniform_shuffled_s2,election2020,M2_post_meta/prototype,0.42120361328125,-0.027984619140625,0.449188232421875,0.12890625,-0.02734375,0.15625,0.7293447293447294,-0.02115548809410872,0.7505002174388381,-0.03782254457473755,-6.0558319091796875e-05,-0.03776198625564575
original,cp_hk,2,uniform_shuffled,memberctl_cp_hk_uniform_shuffled_s2,election2020,M2_post_meta/ridge,0.44586181640625,-0.02447509765625,0.4703369140625,0.07421875,-0.0234375,0.09765625,0.7013698630136986,-0.023622047244094557,0.7249919102577932,-0.10275709629058838,-0.0005366802215576172,-0.10222041606903076
original,cp_hk,2,uniform_shuffled,memberctl_cp_hk_uniform_shuffled_s2,election2020,S0_conv_center/prototype,-0.0,0.0,-0.0,-0.0,0.0,-0.0,-0.0,0.0,-0.0,-0.0,0.0,-0.0
original,cp_hk,2,uniform_shuffled,memberctl_cp_hk_uniform_shuffled_s2,election2020,S0_conv_center/ridge,-0.0,0.0,-0.0,-0.0,0.0,-0.0,-0.0,0.0,-0.0,-0.0,0.0,-0.0
original,cp_hk,2,uniform_shuffled,memberctl_cp_hk_uniform_shuffled_s2,election2020,S0_pool/prototype,-0.0,0.0,-0.0,-0.0,0.0,-0.0,-0.0,-1.1102230246251565e-16,1.1102230246251565e-16,-0.0,0.0,-0.0
original,cp_hk,2,uniform_shuffled,memberctl_cp_hk_uniform_shuffled_s2,election2020,S0_pool/ridge,-0.0,0.0,-0.0,-0.0,0.0,-0.0,-1.1102230246251565e-16,-1.1102230246251565e-16,0.0,-0.0,0.0,-0.0
original,cp_hk,2,uniform_shuffled,memberctl_cp_hk_uniform_shuffled_s2,election2020,U1_pre_meta/prototype,0.16802978515625,-0.0399169921875,0.20794677734375,0.2109375,-0.02734375,0.23828125,0.19978957704987022,-0.03091888656090991,0.23070846361078012,-0.0127372145652771,0.0006942152976989746,-0.013431429862976074
original,cp_hk,2,uniform_shuffled,memberctl_cp_hk_uniform_shuffled_s2,election2020,U1_pre_meta/ridge,0.138427734375,-0.05499267578125,0.19342041015625,0.1875,-0.0625,0.25,0.17770919548292075,-0.06468023255813948,0.24238942804106023,-0.06798022985458374,0.0054250359535217285,-0.07340526580810547
original,cp_hk,2,uniform_shuffled,memberctl_cp_hk_uniform_shuffled_s2,election2020,final_input/prototype,0.42120361328125,-0.027984619140625,0.449188232421875,0.12890625,-0.02734375,0.15625,0.7293447293447294,-0.02115548809410872,0.7505002174388381,-0.03782254457473755,-6.0558319091796875e-05,-0.03776198625564575
original,cp_hk,2,uniform_shuffled,memberctl_cp_hk_uniform_shuffled_s2,election2020,final_input/ridge,0.44586181640625,-0.02447509765625,0.4703369140625,0.07421875,-0.0234375,0.09765625,0.7013698630136986,-0.023622047244094557,0.7249919102577932,-0.10275709629058838,-0.0005366802215576172,-0.10222041606903076
original,cp_hk,2,uniform_shuffled,memberctl_cp_hk_uniform_shuffled_s2,election2020,full_model,0.380096435546875,0.02069091796875,0.359405517578125,0.4140625,0.0,0.4140625,0.5991946984313399,0.6666666666666666,-0.06747196823532675,-0.3639090061187744,0.029831230640411377,-0.3937402367591858
original,cp_hk,2,uniform_shuffled,memberctl_cp_hk_uniform_shuffled_s2,election2020,raw_center/prototype,-0.0,0.0,-0.0,-0.0,0.0,-0.0,-0.0,0.0,-0.0,-0.0,0.0,-0.0
original,cp_hk,2,uniform_shuffled,memberctl_cp_hk_uniform_shuffled_s2,election2020,raw_center/ridge,-0.0,0.0,-0.0,-0.0,0.0,-0.0,-0.0,0.0,-0.0,-0.0,0.0,-0.0
original,cp_hk,2,uniform_shuffled,memberctl_cp_hk_uniform_shuffled_s2,election2020,raw_context/prototype,-0.0,0.0,-0.0,-0.0,0.0,-0.0,1.1102230246251565e-16,-1.1102230246251565e-16,2.220446049250313e-16,-0.0,0.0,-0.0
original,cp_hk,2,uniform_shuffled,memberctl_cp_hk_uniform_shuffled_s2,election2020,raw_context/ridge,-0.0,0.0,-0.0,-0.0,0.0,-0.0,1.1102230246251565e-16,-1.1102230246251565e-16,2.220446049250313e-16,-0.0,0.0,-0.0
original,cp_hk,2,uniform_shuffled,memberctl_cp_hk_uniform_shuffled_s2,election2020,raw_joint/prototype,-0.0,0.0,-0.0,-0.0,0.0,-0.0,-0.0,0.0,-0.0,-0.0,0.0,-0.0
original,cp_hk,2,uniform_shuffled,memberctl_cp_hk_uniform_shuffled_s2,election2020,raw_joint/ridge,-0.0,0.0,-0.0,-0.0,0.0,-0.0,-0.0,0.0,-0.0,-0.0,0.0,-0.0
original,cp_hk,2,uniform_shuffled,memberctl_cp_hk_uniform_shuffled_s2,facebook_page_reference,M2_post_meta/prototype,0.11790275573730469,-0.11091423034667969,0.22881698608398438,0.0888671875,-0.123046875,0.2119140625,0.14028379269198354,-0.1278037983439062,0.26808759103588975,-0.018924236297607422,-0.0001016855239868164,-0.018822550773620605
original,cp_hk,2,uniform_shuffled,memberctl_cp_hk_uniform_shuffled_s2,facebook_page_reference,M2_post_meta/ridge,0.11568832397460938,-0.10243797302246094,0.2181262969970703,0.0908203125,-0.1142578125,0.205078125,0.14282346363120474,-0.11468069547287285,0.2575041591040776,-0.04296904802322388,-0.0009663105010986328,-0.042002737522125244
original,cp_hk,2,uniform_shuffled,memberctl_cp_hk_uniform_shuffled_s2,facebook_page_reference,S0_conv_center/prototype,-0.0,0.0,-0.0,-0.0,0.0,-0.0,-0.0,0.0,-0.0,-0.0,0.0,-0.0
original,cp_hk,2,uniform_shuffled,memberctl_cp_hk_uniform_shuffled_s2,facebook_page_reference,S0_conv_center/ridge,-0.0,0.0,-0.0,-0.0,0.0,-0.0,-0.0,0.0,-0.0,-0.0,0.0,-0.0
original,cp_hk,2,uniform_shuffled,memberctl_cp_hk_uniform_shuffled_s2,facebook_page_reference,S0_pool/prototype,-0.0,0.0,-0.0,-0.0,0.0,-0.0,-0.0,0.0,-0.0,-0.0,0.0,-0.0
original,cp_hk,2,uniform_shuffled,memberctl_cp_hk_uniform_shuffled_s2,facebook_page_reference,S0_pool/ridge,-0.0,0.0,-0.0,-0.0,0.0,-0.0,-0.0,0.0,-0.0,-0.0,0.0,-0.0
original,cp_hk,2,uniform_shuffled,memberctl_cp_hk_uniform_shuffled_s2,facebook_page_reference,U1_pre_meta/prototype,-0.09496688842773438,-0.11270523071289062,0.01773834228515625,-0.05859375,-0.1220703125,0.0634765625,-0.05650302177332567,-0.125629279345845,0.06912625757251933,0.006137549877166748,0.00028884410858154297,0.005848705768585205
original,cp_hk,2,uniform_shuffled,memberctl_cp_hk_uniform_shuffled_s2,facebook_page_reference,U1_pre_meta/ridge,-0.100860595703125,-0.114410400390625,0.0135498046875,-0.0751953125,-0.1201171875,0.044921875,-0.07537108353539668,-0.12401810083903686,0.04864701730364018,0.022809982299804688,0.002641916275024414,0.020168066024780273
original,cp_hk,2,uniform_shuffled,memberctl_cp_hk_uniform_shuffled_s2,facebook_page_reference,final_input/prototype,0.11790275573730469,-0.11091423034667969,0.22881698608398438,0.0888671875,-0.123046875,0.2119140625,0.14028379269198354,-0.1278037983439062,0.26808759103588975,-0.018924236297607422,-0.0001016855239868164,-0.018822550773620605
original,cp_hk,2,uniform_shuffled,memberctl_cp_hk_uniform_shuffled_s2,facebook_page_reference,final_input/ridge,0.11568832397460938,-0.10243797302246094,0.2181262969970703,0.0908203125,-0.1142578125,0.205078125,0.14282346363120474,-0.11468069547287285,0.2575041591040776,-0.04296904802322388,-0.0009663105010986328,-0.042002737522125244
original,cp_hk,2,uniform_shuffled,memberctl_cp_hk_uniform_shuffled_s2,facebook_page_reference,full_model,0.06783294677734375,0.0019512176513671875,0.06588172912597656,0.0556640625,0.0,0.0556640625,0.0591836734693878,0.010321032103210392,0.048862641366177406,0.20506733655929565,-1.5676021575927734e-05,0.20508301258087158
original,cp_hk,2,uniform_shuffled,memberctl_cp_hk_uniform_shuffled_s2,facebook_page_reference,raw_center/prototype,-0.0,0.0,-0.0,-0.0,0.0,-0.0,-0.0,0.0,-0.0,-0.0,0.0,-0.0
original,cp_hk,2,uniform_shuffled,memberctl_cp_hk_uniform_shuffled_s2,facebook_page_reference,raw_center/ridge,1.1102230246251565e-16,-1.1102230246251565e-16,2.220446049250313e-16,-0.0,0.0,-0.0,-0.0,0.0,-0.0,-0.0,0.0,-0.0
original,cp_hk,2,uniform_shuffled,memberctl_cp_hk_uniform_shuffled_s2,facebook_page_reference,raw_context/prototype,-0.0,0.0,-0.0,-0.0,0.0,-0.0,-0.0,0.0,-0.0,-0.0,0.0,-0.0
original,cp_hk,2,uniform_shuffled,memberctl_cp_hk_uniform_shuffled_s2,facebook_page_reference,raw_context/ridge,-0.0,0.0,-0.0,-0.0,0.0,-0.0,-0.0,0.0,-0.0,-0.0,0.0,-0.0
original,cp_hk,2,uniform_shuffled,memberctl_cp_hk_uniform_shuffled_s2,facebook_page_reference,raw_joint/prototype,-0.0,0.0,-0.0,-0.0,0.0,-0.0,-0.0,0.0,-0.0,-0.0,0.0,-0.0
original,cp_hk,2,uniform_shuffled,memberctl_cp_hk_uniform_shuffled_s2,facebook_page_reference,raw_joint/ridge,1.1102230246251565e-16,-1.1102230246251565e-16,2.220446049250313e-16,-0.0,0.0,-0.0,-0.0,0.0,-0.0,-0.0,0.0,-0.0
original,cp_hk,2,uniform_shuffled,memberctl_cp_hk_uniform_shuffled_s2,twibot20,M2_post_meta/prototype,0.08625411987304688,-0.007279502020941631,0.0935336218939885,-0.01692708333333326,-0.01106770833333337,-0.005859374999999889,-0.02338772367325148,-0.015916211374218836,-0.0074715122990326455,0.005034208297729492,-0.0003917813301086426,0.005425989627838135
original,cp_hk,2,uniform_shuffled,memberctl_cp_hk_uniform_shuffled_s2,twibot20,M2_post_meta/ridge,0.08548482259114593,-0.006885316636827232,0.09237013922797316,-0.01953125,-0.0078125,-0.01171875,-0.0333537370258048,-0.013456333115792418,-0.01989740391001238,0.019302785396575928,-0.003186464309692383,0.02248924970626831
original,cp_hk,2,uniform_shuffled,memberctl_cp_hk_uniform_shuffled_s2,twibot20,S0_conv_center/prototype,-0.0,0.0,-0.0,-0.0,0.0,-0.0,-0.0,0.0,-0.0,-0.0,0.0,-0.0
original,cp_hk,2,uniform_shuffled,memberctl_cp_hk_uniform_shuffled_s2,twibot20,S0_conv_center/ridge,-0.0,0.0,-0.0,-0.0,0.0,-0.0,-0.0,0.0,-0.0,-0.0,0.0,-0.0
original,cp_hk,2,uniform_shuffled,memberctl_cp_hk_uniform_shuffled_s2,twibot20,S0_pool/prototype,-0.0,0.0,-0.0,-0.0,0.0,-0.0,-0.0,0.0,-0.0,-0.0,0.0,-0.0
original,cp_hk,2,uniform_shuffled,memberctl_cp_hk_uniform_shuffled_s2,twibot20,S0_pool/ridge,-0.0,0.0,-0.0,-0.0,0.0,-0.0,-0.0,0.0,-0.0,-0.0,0.0,-0.0
original,cp_hk,2,uniform_shuffled,memberctl_cp_hk_uniform_shuffled_s2,twibot20,U1_pre_meta/prototype,0.005921893649631027,-0.0072322421603732145,0.013154135810004242,0.0068359375,-0.0032552083333333703,0.01009114583333337,0.017402893602731284,-0.006096431413425751,0.023499325016157036,-0.0026769638061523438,0.0023200511932373047,-0.0049970149993896484
original,cp_hk,2,uniform_shuffled,memberctl_cp_hk_uniform_shuffled_s2,twibot20,U1_pre_meta/ridge,0.014789793226454018,-0.009890874226888058,0.024680667453342076,0.00944010416666674,-0.0016276041666667407,0.011067708333333481,0.019330873993100517,-0.00494687838233987,0.024277752375440387,-0.007329344749450684,0.009583353996276855,-0.01691269874572754
original,cp_hk,2,uniform_shuffled,memberctl_cp_hk_uniform_shuffled_s2,twibot20,final_input/prototype,0.08625411987304688,-0.007279502020941631,0.0935336218939885,-0.01692708333333326,-0.01106770833333337,-0.005859374999999889,-0.02338772367325148,-0.015916211374218836,-0.0074715122990326455,0.005034208297729492,-0.0003917813301086426,0.005425989627838135
original,cp_hk,2,uniform_shuffled,memberctl_cp_hk_uniform_shuffled_s2,twibot20,final_input/ridge,0.08548482259114593,-0.006885316636827232,0.09237013922797316,-0.01953125,-0.0078125,-0.01171875,-0.0333537370258048,-0.013456333115792418,-0.01989740391001238,0.019302785396575928,-0.003186464309692383,0.02248924970626831
original,cp_hk,2,uniform_shuffled,memberctl_cp_hk_uniform_shuffled_s2,twibot20,full_model,-0.005148569742838505,0.06732665167914498,-0.07247522142198348,0.03548177083333337,0.0,0.03548177083333337,0.12910016999813095,0.0,0.12910016999813095,0.40541261434555054,0.086436927318573,0.31897568702697754
original,cp_hk,2,uniform_shuffled,memberctl_cp_hk_uniform_shuffled_s2,twibot20,raw_center/prototype,-0.0,0.0,-0.0,-0.0,0.0,-0.0,-0.0,0.0,-0.0,-0.0,0.0,-0.0
original,cp_hk,2,uniform_shuffled,memberctl_cp_hk_uniform_shuffled_s2,twibot20,raw_center/ridge,-0.0,0.0,-0.0,-0.0,0.0,-0.0,-0.0,0.0,-0.0,-0.0,0.0,-0.0
original,cp_hk,2,uniform_shuffled,memberctl_cp_hk_uniform_shuffled_s2,twibot20,raw_context/prototype,-0.0,0.0,-0.0,-0.0,0.0,-0.0,-0.0,0.0,-0.0,-0.0,0.0,-0.0
original,cp_hk,2,uniform_shuffled,memberctl_cp_hk_uniform_shuffled_s2,twibot20,raw_context/ridge,-0.0,0.0,-0.0,-0.0,0.0,-0.0,-0.0,0.0,-0.0,-0.0,0.0,-0.0
original,cp_hk,2,uniform_shuffled,memberctl_cp_hk_uniform_shuffled_s2,twibot20,raw_joint/prototype,-0.0,0.0,-0.0,-0.0,0.0,-0.0,-0.0,0.0,-0.0,-0.0,0.0,-0.0
original,cp_hk,2,uniform_shuffled,memberctl_cp_hk_uniform_shuffled_s2,twibot20,raw_joint/ridge,-0.0,0.0,-0.0,-0.0,0.0,-0.0,-0.0,0.0,-0.0,-0.0,0.0,-0.0
original,cp_hk,2,uniform_shuffled,memberctl_cp_hk_uniform_shuffled_s2,ukr_rus_suspended,M2_post_meta/prototype,-0.05059814453125,0.0123291015625,-0.06292724609375,0.02734375,0.03125,-0.00390625,0.3983788395904437,-0.0023398654577361233,0.4007187050481798,0.0048866868019104,1.0311603546142578e-05,0.004876375198364258
original,cp_hk,2,uniform_shuffled,memberctl_cp_hk_uniform_shuffled_s2,ukr_rus_suspended,M2_post_meta/ridge,-0.06195068359375,0.00860595703125,-0.070556640625,0.015625,0.00390625,0.01171875,0.3866438356164384,-0.015047502298498272,0.40169133791493666,0.04309988021850586,9.679794311523438e-05,0.043003082275390625
original,cp_hk,2,uniform_shuffled,memberctl_cp_hk_uniform_shuffled_s2,ukr_rus_suspended,S0_conv_center/prototype,-0.0,0.0,-0.0,-0.0,0.0,-0.0,-0.0,0.0,-0.0,-0.0,0.0,-0.0
original,cp_hk,2,uniform_shuffled,memberctl_cp_hk_uniform_shuffled_s2,ukr_rus_suspended,S0_conv_center/ridge,-0.0,0.0,-0.0,-0.0,0.0,-0.0,-0.0,5.551115123125783e-17,-5.551115123125783e-17,-0.0,0.0,-0.0
original,cp_hk,2,uniform_shuffled,memberctl_cp_hk_uniform_shuffled_s2,ukr_rus_suspended,S0_pool/prototype,-0.0,0.0,-0.0,-0.0,0.0,-0.0,-0.0,5.551115123125783e-17,-5.551115123125783e-17,-0.0,0.0,-0.0
original,cp_hk,2,uniform_shuffled,memberctl_cp_hk_uniform_shuffled_s2,ukr_rus_suspended,S0_pool/ridge,-0.0,0.0,-0.0,-0.0,0.0,-0.0,-0.0,5.551115123125783e-17,-5.551115123125783e-17,-0.0,0.0,-0.0
original,cp_hk,2,uniform_shuffled,memberctl_cp_hk_uniform_shuffled_s2,ukr_rus_suspended,U1_pre_meta/prototype,0.01300048828125,-0.0101318359375,0.02313232421875,0.02734375,0.0,0.02734375,0.02503712503712502,-0.013134892511221352,0.03817201754834637,-0.0007276535034179688,-7.510185241699219e-06,-0.0007201433181762695
original,cp_hk,2,uniform_shuffled,memberctl_cp_hk_uniform_shuffled_s2,ukr_rus_suspended,U1_pre_meta/ridge,0.00140380859375,-0.014007568359375,0.015411376953125,0.02734375,0.0,0.02734375,0.03589433353498689,-0.008686821342082651,0.04458115487706954,-0.0018807649612426758,1.4424324035644531e-05,-0.0018951892852783203
original,cp_hk,2,uniform_shuffled,memberctl_cp_hk_uniform_shuffled_s2,ukr_rus_suspended,final_input/prototype,-0.05059814453125,0.0123291015625,-0.06292724609375,0.02734375,0.03125,-0.00390625,0.3983788395904437,-0.0023398654577361233,0.4007187050481798,0.0048866868019104,1.0311603546142578e-05,0.004876375198364258
original,cp_hk,2,uniform_shuffled,memberctl_cp_hk_uniform_shuffled_s2,ukr_rus_suspended,final_input/ridge,-0.06195068359375,0.00860595703125,-0.070556640625,0.015625,0.00390625,0.01171875,0.3866438356164384,-0.015047502298498272,0.40169133791493666,0.04309988021850586,9.679794311523438e-05,0.043003082275390625
original,cp_hk,2,uniform_shuffled,memberctl_cp_hk_uniform_shuffled_s2,ukr_rus_suspended,full_model,0.03155517578125,-0.04833984375,0.07989501953125,0.01953125,-0.03125,0.05078125,0.12830463254911473,0.46326060279548653,-0.3349559702463718,0.44641727209091187,0.00044858455657958984,0.4459686875343323
original,cp_hk,2,uniform_shuffled,memberctl_cp_hk_uniform_shuffled_s2,ukr_rus_suspended,raw_center/prototype,-0.0,0.0,-0.0,-0.0,0.0,-0.0,-5.551115123125783e-17,5.551115123125783e-17,-1.1102230246251565e-16,-0.0,0.0,-0.0
original,cp_hk,2,uniform_shuffled,memberctl_cp_hk_uniform_shuffled_s2,ukr_rus_suspended,raw_center/ridge,-0.0,0.0,-0.0,-0.0,0.0,-0.0,-5.551115123125783e-17,5.551115123125783e-17,-1.1102230246251565e-16,-0.0,0.0,-0.0
original,cp_hk,2,uniform_shuffled,memberctl_cp_hk_uniform_shuffled_s2,ukr_rus_suspended,raw_context/prototype,-0.0,0.0,-0.0,-0.0,0.0,-0.0,-0.0,0.0,-0.0,-0.0,0.0,-0.0
original,cp_hk,2,uniform_shuffled,memberctl_cp_hk_uniform_shuffled_s2,ukr_rus_suspended,raw_context/ridge,-0.0,0.0,-0.0,-0.0,0.0,-0.0,-5.551115123125783e-17,5.551115123125783e-17,-1.1102230246251565e-16,-0.0,0.0,-0.0
original,cp_hk,2,uniform_shuffled,memberctl_cp_hk_uniform_shuffled_s2,ukr_rus_suspended,raw_joint/prototype,-0.0,0.0,-0.0,-0.0,0.0,-0.0,-5.551115123125783e-17,5.551115123125783e-17,-1.1102230246251565e-16,-0.0,0.0,-0.0
original,cp_hk,2,uniform_shuffled,memberctl_cp_hk_uniform_shuffled_s2,ukr_rus_suspended,raw_joint/ridge,-0.0,0.0,-0.0,-0.0,0.0,-0.0,-0.0,0.0,-0.0,-0.0,0.0,-0.0
original,cp_hk,2,uniform_sorted,memberctl_cp_hk_uniform_sorted_s2,covid_political,M2_post_meta/prototype,0.2677471019603588,-0.04032982720269096,0.30807692916304974,-0.08919270833333337,-0.04296875,-0.04622395833333337,0.5640167364016736,-0.04646774968302164,0.6104844860846952,-0.02177482843399048,-0.0007614493370056152,-0.021013379096984863
original,cp_hk,2,uniform_sorted,memberctl_cp_hk_uniform_sorted_s2,covid_political,M2_post_meta/ridge,0.2979377464011863,-0.03623538547092009,0.3341731318721064,-0.00455729166666663,-0.03548177083333337,0.03092447916666674,0.6269083969465649,-0.034738897450498574,0.6616472943970635,-0.047232091426849365,-0.005791902542114258,-0.04144018888473511
original,cp_hk,2,uniform_sorted,memberctl_cp_hk_uniform_sorted_s2,covid_political,S0_conv_center/prototype,-0.0,0.0,-0.0,-0.0,0.0,-0.0,-0.0,0.0,-0.0,-0.0,0.0,-0.0
original,cp_hk,2,uniform_sorted,memberctl_cp_hk_uniform_sorted_s2,covid_political,S0_conv_center/ridge,-0.0,0.0,-0.0,-0.0,0.0,-0.0,-0.0,0.0,-0.0,-0.0,0.0,-0.0
original,cp_hk,2,uniform_sorted,memberctl_cp_hk_uniform_sorted_s2,covid_political,S0_pool/prototype,-0.0,0.0,-0.0,-0.0,0.0,-0.0,-0.0,0.0,-0.0,-0.0,0.0,-0.0
original,cp_hk,2,uniform_sorted,memberctl_cp_hk_uniform_sorted_s2,covid_political,S0_pool/ridge,-1.1102230246251565e-16,0.0,-1.1102230246251565e-16,-0.0,0.0,-0.0,-0.0,0.0,-0.0,-0.0,0.0,-0.0
original,cp_hk,2,uniform_sorted,memberctl_cp_hk_uniform_sorted_s2,covid_political,U1_pre_meta/prototype,0.00826659025969323,-0.06166415744357645,0.06993074770326968,0.03938802083333337,-0.05696614583333337,0.09635416666666674,0.047538737388604924,-0.08884249578639075,0.13638123317499568,-0.013012886047363281,-0.0002472996711730957,-0.012765586376190186
original,cp_hk,2,uniform_sorted,memberctl_cp_hk_uniform_sorted_s2,covid_political,U1_pre_meta/ridge,0.02324930826822913,-0.06944953070746529,0.09269883897569442,0.07356770833333337,-0.0625,0.13606770833333337,0.0901661331568877,-0.09213589110306342,0.18230202425995112,-0.04074299335479736,-4.7326087951660156e-05,-0.0406956672668457
original,cp_hk,2,uniform_sorted,memberctl_cp_hk_uniform_sorted_s2,covid_political,final_input/prototype,0.2677471019603588,-0.04032982720269096,0.30807692916304974,-0.08919270833333337,-0.04296875,-0.04622395833333337,0.5640167364016736,-0.04646774968302164,0.6104844860846952,-0.02177482843399048,-0.0007614493370056152,-0.021013379096984863
original,cp_hk,2,uniform_sorted,memberctl_cp_hk_uniform_sorted_s2,covid_political,final_input/ridge,0.2979377464011863,-0.03623538547092009,0.3341731318721064,-0.00455729166666663,-0.03548177083333337,0.03092447916666674,0.6269083969465649,-0.034738897450498574,0.6616472943970635,-0.047232091426849365,-0.005791902542114258,-0.04144018888473511
original,cp_hk,2,uniform_sorted,memberctl_cp_hk_uniform_sorted_s2,covid_political,full_model,0.07098586470992474,-0.16540809913917814,0.23639396384910288,0.0107421875,0.0,0.0107421875,0.07762655333799551,0.0,0.07762655333799551,0.24180901050567638,-0.08373391628265381,0.3255429267883302
original,cp_hk,2,uniform_sorted,memberctl_cp_hk_uniform_sorted_s2,covid_political,raw_center/prototype,-0.0,0.0,-0.0,-0.0,0.0,-0.0,-0.0,0.0,-0.0,-0.0,0.0,-0.0
original,cp_hk,2,uniform_sorted,memberctl_cp_hk_uniform_sorted_s2,covid_political,raw_center/ridge,-0.0,0.0,-0.0,-0.0,0.0,-0.0,-0.0,0.0,-0.0,-0.0,0.0,-0.0
original,cp_hk,2,uniform_sorted,memberctl_cp_hk_uniform_sorted_s2,covid_political,raw_context/prototype,-1.1102230246251565e-16,1.1102230246251565e-16,-2.220446049250313e-16,-0.0,0.0,-0.0,-0.0,0.0,-0.0,-0.0,0.0,-0.0
original,cp_hk,2,uniform_sorted,memberctl_cp_hk_uniform_sorted_s2,covid_political,raw_context/ridge,-0.0,0.0,-0.0,-0.0,0.0,-0.0,-0.0,0.0,-0.0,-0.0,0.0,-0.0
original,cp_hk,2,uniform_sorted,memberctl_cp_hk_uniform_sorted_s2,covid_political,raw_joint/prototype,-0.0,0.0,-0.0,-0.0,0.0,-0.0,-0.0,0.0,-0.0,-0.0,0.0,-0.0
original,cp_hk,2,uniform_sorted,memberctl_cp_hk_uniform_sorted_s2,covid_political,raw_joint/ridge,-0.0,0.0,-0.0,-0.0,0.0,-0.0,-0.0,0.0,-0.0,-0.0,0.0,-0.0
original,cp_hk,2,uniform_sorted,memberctl_cp_hk_uniform_sorted_s2,election2020,M2_post_meta/prototype,0.42572021484375,-0.0904541015625,0.51617431640625,0.4140625,-0.11328125,0.52734375,0.9202898550724636,-0.10776966132245513,1.0280595163949187,-0.03727519512176514,-0.0001779794692993164,-0.03709721565246582
original,cp_hk,2,uniform_sorted,memberctl_cp_hk_uniform_sorted_s2,election2020,M2_post_meta/ridge,0.4251708984375,-0.0888671875,0.5140380859375,0.42578125,-0.109375,0.53515625,0.9304029304029304,-0.11023622047244097,1.0406391508753714,-0.14275598526000977,-0.0006900429725646973,-0.14206594228744507
original,cp_hk,2,uniform_sorted,memberctl_cp_hk_uniform_sorted_s2,election2020,S0_conv_center/prototype,-0.0,0.0,-0.0,-0.0,0.0,-0.0,-0.0,0.0,-0.0,-0.0,0.0,-0.0
original,cp_hk,2,uniform_sorted,memberctl_cp_hk_uniform_sorted_s2,election2020,S0_conv_center/ridge,-0.0,0.0,-0.0,-0.0,0.0,-0.0,-0.0,0.0,-0.0,-0.0,0.0,-0.0
original,cp_hk,2,uniform_sorted,memberctl_cp_hk_uniform_sorted_s2,election2020,S0_pool/prototype,-0.0,0.0,-0.0,-0.0,0.0,-0.0,1.1102230246251565e-16,-1.1102230246251565e-16,2.220446049250313e-16,-0.0,0.0,-0.0
original,cp_hk,2,uniform_sorted,memberctl_cp_hk_uniform_sorted_s2,election2020,S0_pool/ridge,-0.0,0.0,-0.0,-0.0,0.0,-0.0,1.1102230246251565e-16,-1.1102230246251565e-16,2.220446049250313e-16,-0.0,0.0,-0.0
original,cp_hk,2,uniform_sorted,memberctl_cp_hk_uniform_sorted_s2,election2020,U1_pre_meta/prototype,0.06939697265625,-0.100799560546875,0.170196533203125,0.14453125,-0.1171875,0.26171875,0.1349447825107053,-0.12211538461538463,0.2570601671260899,-0.009771168231964111,0.000705718994140625,-0.010476887226104736
original,cp_hk,2,uniform_sorted,memberctl_cp_hk_uniform_sorted_s2,election2020,U1_pre_meta/ridge,0.05157470703125,-0.12445068359375,0.176025390625,0.12109375,-0.15234375,0.2734375,0.11086123604864218,-0.15622435020519831,0.2670855862538405,-0.055913567543029785,0.0070992112159729,-0.06301277875900269
original,cp_hk,2,uniform_sorted,memberctl_cp_hk_uniform_sorted_s2,election2020,final_input/prototype,0.42572021484375,-0.0904541015625,0.51617431640625,0.4140625,-0.11328125,0.52734375,0.9202898550724636,-0.10776966132245513,1.0280595163949187,-0.03727519512176514,-0.0001779794692993164,-0.03709721565246582
original,cp_hk,2,uniform_sorted,memberctl_cp_hk_uniform_sorted_s2,election2020,final_input/ridge,0.4251708984375,-0.0888671875,0.5140380859375,0.42578125,-0.109375,0.53515625,0.9304029304029304,-0.11023622047244097,1.0406391508753714,-0.14275598526000977,-0.0006900429725646973,-0.14206594228744507
original,cp_hk,2,uniform_sorted,memberctl_cp_hk_uniform_sorted_s2,election2020,full_model,0.30889892578125,-0.175537109375,0.48443603515625,0.3671875,0.0,0.3671875,0.37890558372486083,0.0,0.37890558372486083,-0.3663259148597718,0.09859389066696167,-0.46491980552673345
original,cp_hk,2,uniform_sorted,memberctl_cp_hk_uniform_sorted_s2,election2020,raw_center/prototype,-0.0,0.0,-0.0,-0.0,0.0,-0.0,-0.0,0.0,-0.0,-0.0,0.0,-0.0
original,cp_hk,2,uniform_sorted,memberctl_cp_hk_uniform_sorted_s2,election2020,raw_center/ridge,-0.0,0.0,-0.0,-0.0,0.0,-0.0,-0.0,0.0,-0.0,-0.0,0.0,-0.0
original,cp_hk,2,uniform_sorted,memberctl_cp_hk_uniform_sorted_s2,election2020,raw_context/prototype,-0.0,0.0,-0.0,-0.0,0.0,-0.0,1.1102230246251565e-16,-1.1102230246251565e-16,2.220446049250313e-16,-0.0,0.0,-0.0
original,cp_hk,2,uniform_sorted,memberctl_cp_hk_uniform_sorted_s2,election2020,raw_context/ridge,-0.0,0.0,-0.0,-0.0,0.0,-0.0,1.1102230246251565e-16,-1.1102230246251565e-16,2.220446049250313e-16,-0.0,0.0,-0.0
original,cp_hk,2,uniform_sorted,memberctl_cp_hk_uniform_sorted_s2,election2020,raw_joint/prototype,-0.0,0.0,-0.0,-0.0,0.0,-0.0,-0.0,0.0,-0.0,-0.0,0.0,-0.0
original,cp_hk,2,uniform_sorted,memberctl_cp_hk_uniform_sorted_s2,election2020,raw_joint/ridge,-0.0,0.0,-0.0,-0.0,0.0,-0.0,-0.0,0.0,-0.0,-0.0,0.0,-0.0
original,cp_hk,2,uniform_sorted,memberctl_cp_hk_uniform_sorted_s2,facebook_page_reference,M2_post_meta/prototype,0.1288433074951172,-0.13054847717285156,0.25939178466796875,0.1005859375,-0.1083984375,0.208984375,0.08892574961966926,-0.1139456287971139,0.20287137841678315,-0.01537179946899414,-0.00016582012176513672,-0.015205979347229004
original,cp_hk,2,uniform_sorted,memberctl_cp_hk_uniform_sorted_s2,facebook_page_reference,M2_post_meta/ridge,0.13396835327148438,-0.12336921691894531,0.2573375701904297,0.087890625,-0.1123046875,0.2001953125,0.07782611880172852,-0.11572871224114112,0.19355483104286964,-0.04878556728363037,-0.00151139497756958,-0.04727417230606079
original,cp_hk,2,uniform_sorted,memberctl_cp_hk_uniform_sorted_s2,facebook_page_reference,S0_conv_center/prototype,-0.0,0.0,-0.0,-0.0,0.0,-0.0,-0.0,0.0,-0.0,-0.0,0.0,-0.0
original,cp_hk,2,uniform_sorted,memberctl_cp_hk_uniform_sorted_s2,facebook_page_reference,S0_conv_center/ridge,-0.0,0.0,-0.0,-0.0,0.0,-0.0,-0.0,0.0,-0.0,-0.0,0.0,-0.0
original,cp_hk,2,uniform_sorted,memberctl_cp_hk_uniform_sorted_s2,facebook_page_reference,S0_pool/prototype,-0.0,0.0,-0.0,-0.0,0.0,-0.0,-0.0,0.0,-0.0,-0.0,0.0,-0.0
original,cp_hk,2,uniform_sorted,memberctl_cp_hk_uniform_sorted_s2,facebook_page_reference,S0_pool/ridge,-0.0,0.0,-0.0,-0.0,0.0,-0.0,-0.0,0.0,-0.0,-0.0,0.0,-0.0
original,cp_hk,2,uniform_sorted,memberctl_cp_hk_uniform_sorted_s2,facebook_page_reference,U1_pre_meta/prototype,-0.11102676391601562,-0.13648414611816406,0.025457382202148438,-0.08203125,-0.115234375,0.033203125,-0.08913146976807451,-0.11977233651508867,0.03064086674701416,0.007753193378448486,0.00021117925643920898,0.007542014122009277
original,cp_hk,2,uniform_sorted,memberctl_cp_hk_uniform_sorted_s2,facebook_page_reference,U1_pre_meta/ridge,-0.10851669311523438,-0.13651275634765625,0.027996063232421875,-0.0830078125,-0.11328125,0.0302734375,-0.08858508266311726,-0.12038789900705127,0.031802816343934004,0.02787303924560547,0.002062201499938965,0.025810837745666504
original,cp_hk,2,uniform_sorted,memberctl_cp_hk_uniform_sorted_s2,facebook_page_reference,final_input/prototype,0.1288433074951172,-0.13054847717285156,0.25939178466796875,0.1005859375,-0.1083984375,0.208984375,0.08892574961966926,-0.1139456287971139,0.20287137841678315,-0.01537179946899414,-0.00016582012176513672,-0.015205979347229004
original,cp_hk,2,uniform_sorted,memberctl_cp_hk_uniform_sorted_s2,facebook_page_reference,final_input/ridge,0.13396835327148438,-0.12336921691894531,0.2573375701904297,0.087890625,-0.1123046875,0.2001953125,0.07782611880172852,-0.11572871224114112,0.19355483104286964,-0.04878556728363037,-0.00151139497756958,-0.04727417230606079
original,cp_hk,2,uniform_sorted,memberctl_cp_hk_uniform_sorted_s2,facebook_page_reference,full_model,0.002166748046875,0.0009822845458984375,0.0011844635009765625,0.015625,0.0068359375,0.0087890625,0.008073332772685182,0.045066190435694764,-0.03699285766300958,0.09215331077575684,3.49879264831543e-05,0.09211832284927368
original,cp_hk,2,uniform_sorted,memberctl_cp_hk_uniform_sorted_s2,facebook_page_reference,raw_center/prototype,-0.0,0.0,-0.0,-0.0,0.0,-0.0,-0.0,0.0,-0.0,-0.0,0.0,-0.0
original,cp_hk,2,uniform_sorted,memberctl_cp_hk_uniform_sorted_s2,facebook_page_reference,raw_center/ridge,1.1102230246251565e-16,-1.1102230246251565e-16,2.220446049250313e-16,-0.0,0.0,-0.0,-0.0,0.0,-0.0,-0.0,0.0,-0.0
original,cp_hk,2,uniform_sorted,memberctl_cp_hk_uniform_sorted_s2,facebook_page_reference,raw_context/prototype,-0.0,0.0,-0.0,-0.0,0.0,-0.0,-0.0,0.0,-0.0,-0.0,0.0,-0.0
original,cp_hk,2,uniform_sorted,memberctl_cp_hk_uniform_sorted_s2,facebook_page_reference,raw_context/ridge,-0.0,0.0,-0.0,-0.0,0.0,-0.0,-0.0,0.0,-0.0,-0.0,0.0,-0.0
original,cp_hk,2,uniform_sorted,memberctl_cp_hk_uniform_sorted_s2,facebook_page_reference,raw_joint/prototype,-0.0,0.0,-0.0,-0.0,0.0,-0.0,-0.0,0.0,-0.0,-0.0,0.0,-0.0
original,cp_hk,2,uniform_sorted,memberctl_cp_hk_uniform_sorted_s2,facebook_page_reference,raw_joint/ridge,1.1102230246251565e-16,-1.1102230246251565e-16,2.220446049250313e-16,-0.0,0.0,-0.0,-0.0,0.0,-0.0,-0.0,0.0,-0.0
original,cp_hk,2,uniform_sorted,memberctl_cp_hk_uniform_sorted_s2,twibot20,M2_post_meta/prototype,0.002999411688910547,-0.000492095947265514,0.003491507636176061,-0.01399739583333337,-0.0026041666666666297,-0.01139322916666674,-0.5159551353403757,-0.005326584286243663,-0.5106285510541321,0.008143484592437744,-0.002313971519470215,0.010457456111907959
original,cp_hk,2,uniform_sorted,memberctl_cp_hk_uniform_sorted_s2,twibot20,M2_post_meta/ridge,-0.038887871636284765,0.0011425018310546875,-0.04003037346733945,-0.02864583333333337,0.0009765625,-0.02962239583333337,-0.5274386252511626,-0.0028604572059116595,-0.5245781680452509,0.07540237903594971,-0.01466280221939087,0.09006518125534058
original,cp_hk,2,uniform_sorted,memberctl_cp_hk_uniform_sorted_s2,twibot20,S0_conv_center/prototype,-0.0,0.0,-0.0,-0.0,0.0,-0.0,-0.0,0.0,-0.0,-0.0,0.0,-0.0
original,cp_hk,2,uniform_sorted,memberctl_cp_hk_uniform_sorted_s2,twibot20,S0_conv_center/ridge,-0.0,0.0,-0.0,-0.0,0.0,-0.0,-0.0,0.0,-0.0,-0.0,0.0,-0.0
original,cp_hk,2,uniform_sorted,memberctl_cp_hk_uniform_sorted_s2,twibot20,S0_pool/prototype,-0.0,0.0,-0.0,-0.0,0.0,-0.0,-0.0,0.0,-0.0,-0.0,0.0,-0.0
original,cp_hk,2,uniform_sorted,memberctl_cp_hk_uniform_sorted_s2,twibot20,S0_pool/ridge,-0.0,0.0,-0.0,-0.0,0.0,-0.0,-0.0,0.0,-0.0,-0.0,0.0,-0.0
original,cp_hk,2,uniform_sorted,memberctl_cp_hk_uniform_sorted_s2,twibot20,U1_pre_meta/prototype,0.024815241495768192,-0.002379735310872433,0.027194976806640625,0.02766927083333337,0.0026041666666666297,0.02506510416666674,0.04553846153846153,-0.0005339195698543797,0.04607238110831591,-0.0035607218742370605,-0.0010013580322265625,-0.002559363842010498
original,cp_hk,2,uniform_sorted,memberctl_cp_hk_uniform_sorted_s2,twibot20,U1_pre_meta/ridge,0.02318233913845491,-0.003318786621093639,0.02650112575954855,0.02766927083333337,0.001953125,0.02571614583333337,0.04424126040677412,-0.0006281241473270471,0.044869384554101166,-0.009091079235076904,-0.002753734588623047,-0.006337344646453857
original,cp_hk,2,uniform_sorted,memberctl_cp_hk_uniform_sorted_s2,twibot20,final_input/prototype,0.002999411688910547,-0.000492095947265514,0.003491507636176061,-0.01399739583333337,-0.0026041666666666297,-0.01139322916666674,-0.5159551353403757,-0.005326584286243663,-0.5106285510541321,0.008143484592437744,-0.002313971519470215,0.010457456111907959
original,cp_hk,2,uniform_sorted,memberctl_cp_hk_uniform_sorted_s2,twibot20,final_input/ridge,-0.038887871636284765,0.0011425018310546875,-0.04003037346733945,-0.02864583333333337,0.0009765625,-0.02962239583333337,-0.5274386252511626,-0.0028604572059116595,-0.5245781680452509,0.07540237903594971,-0.01466280221939087,0.09006518125534058
original,cp_hk,2,uniform_sorted,memberctl_cp_hk_uniform_sorted_s2,twibot20,full_model,0.07879744635687946,0.010294384426540737,0.06850306193033873,0.06673177083333337,0.0,0.06673177083333337,-0.01757203273175123,0.0,-0.01757203273175123,0.21457767486572266,0.08380883932113647,0.13076883554458618
original,cp_hk,2,uniform_sorted,memberctl_cp_hk_uniform_sorted_s2,twibot20,raw_center/prototype,-0.0,0.0,-0.0,-0.0,0.0,-0.0,-0.0,0.0,-0.0,-0.0,0.0,-0.0
original,cp_hk,2,uniform_sorted,memberctl_cp_hk_uniform_sorted_s2,twibot20,raw_center/ridge,-0.0,0.0,-0.0,-0.0,0.0,-0.0,-0.0,0.0,-0.0,-0.0,0.0,-0.0
original,cp_hk,2,uniform_sorted,memberctl_cp_hk_uniform_sorted_s2,twibot20,raw_context/prototype,-0.0,0.0,-0.0,-0.0,0.0,-0.0,-0.0,0.0,-0.0,-0.0,0.0,-0.0
original,cp_hk,2,uniform_sorted,memberctl_cp_hk_uniform_sorted_s2,twibot20,raw_context/ridge,-0.0,0.0,-0.0,-0.0,0.0,-0.0,-0.0,0.0,-0.0,-0.0,0.0,-0.0
original,cp_hk,2,uniform_sorted,memberctl_cp_hk_uniform_sorted_s2,twibot20,raw_joint/prototype,-0.0,0.0,-0.0,-0.0,0.0,-0.0,-0.0,0.0,-0.0,-0.0,0.0,-0.0
original,cp_hk,2,uniform_sorted,memberctl_cp_hk_uniform_sorted_s2,twibot20,raw_joint/ridge,-0.0,0.0,-0.0,-0.0,0.0,-0.0,-0.0,0.0,-0.0,-0.0,0.0,-0.0
original,cp_hk,2,uniform_sorted,memberctl_cp_hk_uniform_sorted_s2,ukr_rus_suspended,M2_post_meta/prototype,-0.006591796875,0.017852783203125,-0.024444580078125,-0.02734375,0.0390625,-0.06640625,0.08454106280193235,0.01001725533311959,0.07452380746881276,0.00030517578125,5.060434341430664e-05,0.00025457143783569336
original,cp_hk,2,uniform_sorted,memberctl_cp_hk_uniform_sorted_s2,ukr_rus_suspended,M2_post_meta/ridge,-0.00799560546875,0.01287841796875,-0.0208740234375,-0.015625,0.01171875,-0.02734375,0.1365123889668069,-0.0028276071754331777,0.13933999614224007,0.028926491737365723,0.0003942251205444336,0.02853226661682129
original,cp_hk,2,uniform_sorted,memberctl_cp_hk_uniform_sorted_s2,ukr_rus_suspended,S0_conv_center/prototype,-0.0,0.0,-0.0,-0.0,0.0,-0.0,-0.0,0.0,-0.0,-0.0,0.0,-0.0
original,cp_hk,2,uniform_sorted,memberctl_cp_hk_uniform_sorted_s2,ukr_rus_suspended,S0_conv_center/ridge,-0.0,0.0,-0.0,-0.0,0.0,-0.0,-0.0,5.551115123125783e-17,-5.551115123125783e-17,-0.0,0.0,-0.0
original,cp_hk,2,uniform_sorted,memberctl_cp_hk_uniform_sorted_s2,ukr_rus_suspended,S0_pool/prototype,-0.0,0.0,-0.0,-0.0,0.0,-0.0,-5.551115123125783e-17,5.551115123125783e-17,-1.1102230246251565e-16,-0.0,0.0,-0.0
original,cp_hk,2,uniform_sorted,memberctl_cp_hk_uniform_sorted_s2,ukr_rus_suspended,S0_pool/ridge,-0.0,0.0,-0.0,-0.0,0.0,-0.0,-0.0,5.551115123125783e-17,-5.551115123125783e-17,-0.0,0.0,-0.0
original,cp_hk,2,uniform_sorted,memberctl_cp_hk_uniform_sorted_s2,ukr_rus_suspended,U1_pre_meta/prototype,0.05645751953125,0.00811767578125,0.04833984375,0.0390625,0.0390625,0.0,0.03443905423714,0.031153816108116572,0.0032852381290234267,-0.0018262863159179688,2.4378299713134766e-05,-0.0018506646156311035
original,cp_hk,2,uniform_sorted,memberctl_cp_hk_uniform_sorted_s2,ukr_rus_suspended,U1_pre_meta/ridge,0.0572509765625,0.005157470703125,0.052093505859375,0.01953125,0.02734375,-0.0078125,0.02095608510144259,0.02541299984560752,-0.00445691474416493,-0.009797751903533936,0.00013464689254760742,-0.009932398796081543
original,cp_hk,2,uniform_sorted,memberctl_cp_hk_uniform_sorted_s2,ukr_rus_suspended,final_input/prototype,-0.006591796875,0.017852783203125,-0.024444580078125,-0.02734375,0.0390625,-0.06640625,0.08454106280193235,0.01001725533311959,0.07452380746881276,0.00030517578125,5.060434341430664e-05,0.00025457143783569336
original,cp_hk,2,uniform_sorted,memberctl_cp_hk_uniform_sorted_s2,ukr_rus_suspended,final_input/ridge,-0.00799560546875,0.01287841796875,-0.0208740234375,-0.015625,0.01171875,-0.02734375,0.1365123889668069,-0.0028276071754331777,0.13933999614224007,0.028926491737365723,0.0003942251205444336,0.02853226661682129
original,cp_hk,2,uniform_sorted,memberctl_cp_hk_uniform_sorted_s2,ukr_rus_suspended,full_model,0.0792236328125,0.03863525390625,0.04058837890625,0.08984375,-0.00390625,0.09375,0.11350479263547503,0.6511627906976745,-0.5376579980621994,0.1646043062210083,0.0053206682205200195,0.15928363800048828
original,cp_hk,2,uniform_sorted,memberctl_cp_hk_uniform_sorted_s2,ukr_rus_suspended,raw_center/prototype,-0.0,0.0,-0.0,-0.0,0.0,-0.0,-5.551115123125783e-17,5.551115123125783e-17,-1.1102230246251565e-16,-0.0,0.0,-0.0
original,cp_hk,2,uniform_sorted,memberctl_cp_hk_uniform_sorted_s2,ukr_rus_suspended,raw_center/ridge,-0.0,0.0,-0.0,-0.0,0.0,-0.0,-5.551115123125783e-17,5.551115123125783e-17,-1.1102230246251565e-16,-0.0,0.0,-0.0
original,cp_hk,2,uniform_sorted,memberctl_cp_hk_uniform_sorted_s2,ukr_rus_suspended,raw_context/prototype,-0.0,0.0,-0.0,-0.0,0.0,-0.0,-0.0,0.0,-0.0,-0.0,0.0,-0.0
original,cp_hk,2,uniform_sorted,memberctl_cp_hk_uniform_sorted_s2,ukr_rus_suspended,raw_context/ridge,-0.0,0.0,-0.0,-0.0,0.0,-0.0,-5.551115123125783e-17,5.551115123125783e-17,-1.1102230246251565e-16,-0.0,0.0,-0.0
original,cp_hk,2,uniform_sorted,memberctl_cp_hk_uniform_sorted_s2,ukr_rus_suspended,raw_joint/prototype,-0.0,0.0,-0.0,-0.0,0.0,-0.0,-5.551115123125783e-17,5.551115123125783e-17,-1.1102230246251565e-16,-0.0,0.0,-0.0
original,cp_hk,2,uniform_sorted,memberctl_cp_hk_uniform_sorted_s2,ukr_rus_suspended,raw_joint/ridge,-0.0,0.0,-0.0,-0.0,0.0,-0.0,-0.0,0.0,-0.0,-0.0,0.0,-0.0
original,ukr_rus,0,lowest_shuffled,memberctl_ukr_rus_lowest_shuffled_s0,covid_political,M2_post_meta/prototype,0.5133969342267073,-0.02003789831090863,0.5334348325376159,-0.19759114583333337,-0.05305989583333337,-0.14453125,0.5183887915936952,-0.029262342164605493,0.5476511337583008,-0.03274911642074585,-0.00035136938095092773,-0.03239774703979492
original,ukr_rus,0,lowest_shuffled,memberctl_ukr_rus_lowest_shuffled_s0,covid_political,M2_post_meta/ridge,0.5312240035445601,-0.01578295672381369,0.5470069602683738,-0.1025390625,-0.0478515625,-0.0546875,0.5761252446183953,-0.027107834568064926,0.6032330791864602,-0.07743531465530396,-0.0028404593467712402,-0.07459485530853271
original,ukr_rus,0,lowest_shuffled,memberctl_ukr_rus_lowest_shuffled_s0,covid_political,S0_conv_center/prototype,-0.0,0.0,-0.0,-0.0,0.0,-0.0,-0.0,0.0,-0.0,-0.0,0.0,-0.0
original,ukr_rus,0,lowest_shuffled,memberctl_ukr_rus_lowest_shuffled_s0,covid_political,S0_conv_center/ridge,-0.0,0.0,-0.0,-0.0,0.0,-0.0,-0.0,0.0,-0.0,-0.0,0.0,-0.0
original,ukr_rus,0,lowest_shuffled,memberctl_ukr_rus_lowest_shuffled_s0,covid_political,S0_pool/prototype,-0.0,0.0,-0.0,-0.0,0.0,-0.0,-0.0,0.0,-0.0,-0.0,0.0,-0.0
original,ukr_rus,0,lowest_shuffled,memberctl_ukr_rus_lowest_shuffled_s0,covid_political,S0_pool/ridge,-0.0,0.0,-0.0,-0.0,0.0,-0.0,-0.0,0.0,-0.0,-0.0,0.0,-0.0
original,ukr_rus,0,lowest_shuffled,memberctl_ukr_rus_lowest_shuffled_s0,covid_political,U1_pre_meta/prototype,0.03087163854528352,-0.02036652741608802,0.05123816596137154,0.080078125,-0.0400390625,0.1201171875,0.11163059140701259,-0.039308630193749305,0.1509392216007619,-0.019881725311279297,0.0010199546813964844,-0.02090167999267578
original,ukr_rus,0,lowest_shuffled,memberctl_ukr_rus_lowest_shuffled_s0,covid_political,U1_pre_meta/ridge,0.02883289478443285,-0.03252636944806131,0.06135926423249416,0.06705729166666663,-0.0478515625,0.11490885416666663,0.09501028598291628,-0.04957793373075137,0.14458821971366764,-0.057478249073028564,0.006348848342895508,-0.06382709741592407
original,ukr_rus,0,lowest_shuffled,memberctl_ukr_rus_lowest_shuffled_s0,covid_political,final_input/prototype,0.5133969342267073,-0.02003789831090863,0.5334348325376159,-0.19759114583333337,-0.05305989583333337,-0.14453125,0.5183887915936952,-0.029262342164605493,0.5476511337583008,-0.03274911642074585,-0.00035136938095092773,-0.03239774703979492
original,ukr_rus,0,lowest_shuffled,memberctl_ukr_rus_lowest_shuffled_s0,covid_political,final_input/ridge,0.5312240035445601,-0.01578295672381369,0.5470069602683738,-0.1025390625,-0.0478515625,-0.0546875,0.5761252446183953,-0.027107834568064926,0.6032330791864602,-0.07743531465530396,-0.0028404593467712402,-0.07459485530853271
original,ukr_rus,0,lowest_shuffled,memberctl_ukr_rus_lowest_shuffled_s0,covid_political,full_model,0.05340660942925335,0.09599078143084494,-0.04258417200159159,0.041015625,0.0,0.041015625,0.07589136809707753,0.0,0.07589136809707753,-0.18032073974609375,0.055661141872406006,-0.23598188161849976
original,ukr_rus,0,lowest_shuffled,memberctl_ukr_rus_lowest_shuffled_s0,covid_political,raw_center/prototype,-0.0,0.0,-0.0,-0.0,0.0,-0.0,-0.0,0.0,-0.0,-0.0,0.0,-0.0
original,ukr_rus,0,lowest_shuffled,memberctl_ukr_rus_lowest_shuffled_s0,covid_political,raw_center/ridge,-0.0,0.0,-0.0,-0.0,0.0,-0.0,-0.0,0.0,-0.0,-0.0,0.0,-0.0
original,ukr_rus,0,lowest_shuffled,memberctl_ukr_rus_lowest_shuffled_s0,covid_political,raw_context/prototype,-1.1102230246251565e-16,1.1102230246251565e-16,-2.220446049250313e-16,-0.0,0.0,-0.0,-0.0,0.0,-0.0,-0.0,0.0,-0.0
original,ukr_rus,0,lowest_shuffled,memberctl_ukr_rus_lowest_shuffled_s0,covid_political,raw_context/ridge,-0.0,0.0,-0.0,-0.0,0.0,-0.0,-0.0,0.0,-0.0,-0.0,0.0,-0.0
original,ukr_rus,0,lowest_shuffled,memberctl_ukr_rus_lowest_shuffled_s0,covid_political,raw_joint/prototype,-0.0,0.0,-0.0,-0.0,0.0,-0.0,-0.0,0.0,-0.0,-0.0,0.0,-0.0
original,ukr_rus,0,lowest_shuffled,memberctl_ukr_rus_lowest_shuffled_s0,covid_political,raw_joint/ridge,-0.0,0.0,-0.0,-0.0,0.0,-0.0,-0.0,0.0,-0.0,-0.0,0.0,-0.0
original,ukr_rus,0,lowest_shuffled,memberctl_ukr_rus_lowest_shuffled_s0,election2020,M2_post_meta/prototype,0.47027587890625,-0.03619384765625,0.5064697265625,0.1875,-0.03125,0.21875,0.7619047619047619,-0.031872509960159334,0.7937772718649212,-0.09094357490539551,-2.8133392333984375e-05,-0.09091544151306152
original,ukr_rus,0,lowest_shuffled,memberctl_ukr_rus_lowest_shuffled_s0,election2020,M2_post_meta/ridge,0.470703125,-0.03009033203125,0.50079345703125,0.2421875,-0.015625,0.2578125,0.7950310559006211,-0.01606425702811254,0.8110953129287336,-0.1837354302406311,-0.00017452239990234375,-0.18356090784072876
original,ukr_rus,0,lowest_shuffled,memberctl_ukr_rus_lowest_shuffled_s0,election2020,S0_conv_center/prototype,-0.0,0.0,-0.0,-0.0,0.0,-0.0,-0.0,0.0,-0.0,-0.0,0.0,-0.0
original,ukr_rus,0,lowest_shuffled,memberctl_ukr_rus_lowest_shuffled_s0,election2020,S0_conv_center/ridge,-0.0,0.0,-0.0,-0.0,0.0,-0.0,-0.0,0.0,-0.0,-0.0,0.0,-0.0
original,ukr_rus,0,lowest_shuffled,memberctl_ukr_rus_lowest_shuffled_s0,election2020,S0_pool/prototype,-0.0,0.0,-0.0,-0.0,0.0,-0.0,1.1102230246251565e-16,-1.1102230246251565e-16,2.220446049250313e-16,-0.0,0.0,-0.0
original,ukr_rus,0,lowest_shuffled,memberctl_ukr_rus_lowest_shuffled_s0,election2020,S0_pool/ridge,-0.0,0.0,-0.0,-0.0,0.0,-0.0,1.1102230246251565e-16,-1.1102230246251565e-16,2.220446049250313e-16,-5.551115123125783e-17,0.0,-5.551115123125783e-17
original,ukr_rus,0,lowest_shuffled,memberctl_ukr_rus_lowest_shuffled_s0,election2020,U1_pre_meta/prototype,0.02252197265625,-0.04608154296875,0.068603515625,0.078125,-0.03515625,0.11328125,0.07350427350427369,-0.03717297195558067,0.11067724545985436,-0.02381068468093872,0.0008330345153808594,-0.02464371919631958
original,ukr_rus,0,lowest_shuffled,memberctl_ukr_rus_lowest_shuffled_s0,election2020,U1_pre_meta/ridge,0.013671875,-0.071929931640625,0.085601806640625,0.0625,-0.0625,0.125,0.05868945868945885,-0.06989247311827951,0.12858193180773836,-0.08024400472640997,0.006082773208618164,-0.08632677793502813
original,ukr_rus,0,lowest_shuffled,memberctl_ukr_rus_lowest_shuffled_s0,election2020,final_input/prototype,0.47027587890625,-0.03619384765625,0.5064697265625,0.1875,-0.03125,0.21875,0.7619047619047619,-0.031872509960159334,0.7937772718649212,-0.09094357490539551,-2.8133392333984375e-05,-0.09091544151306152
original,ukr_rus,0,lowest_shuffled,memberctl_ukr_rus_lowest_shuffled_s0,election2020,final_input/ridge,0.470703125,-0.03009033203125,0.50079345703125,0.2421875,-0.015625,0.2578125,0.7950310559006211,-0.01606425702811254,0.8110953129287336,-0.1837354302406311,-0.00017452239990234375,-0.18356090784072876
original,ukr_rus,0,lowest_shuffled,memberctl_ukr_rus_lowest_shuffled_s0,election2020,full_model,0.06781005859375,0.18841552734375,-0.12060546875,0.1328125,0.0,0.1328125,0.1258243245167998,0.0,0.1258243245167998,-0.591325156390667,-0.09610927104949951,-0.49521588534116745
original,ukr_rus,0,lowest_shuffled,memberctl_ukr_rus_lowest_shuffled_s0,election2020,raw_center/prototype,-0.0,0.0,-0.0,-0.0,0.0,-0.0,-0.0,0.0,-0.0,-0.0,0.0,-0.0
original,ukr_rus,0,lowest_shuffled,memberctl_ukr_rus_lowest_shuffled_s0,election2020,raw_center/ridge,-0.0,0.0,-0.0,-0.0,0.0,-0.0,-0.0,0.0,-0.0,-0.0,0.0,-0.0
original,ukr_rus,0,lowest_shuffled,memberctl_ukr_rus_lowest_shuffled_s0,election2020,raw_context/prototype,-0.0,0.0,-0.0,-0.0,0.0,-0.0,1.1102230246251565e-16,-1.1102230246251565e-16,2.220446049250313e-16,-0.0,0.0,-0.0
original,ukr_rus,0,lowest_shuffled,memberctl_ukr_rus_lowest_shuffled_s0,election2020,raw_context/ridge,-0.0,0.0,-0.0,-0.0,0.0,-0.0,1.1102230246251565e-16,-1.1102230246251565e-16,2.220446049250313e-16,-0.0,0.0,-0.0
original,ukr_rus,0,lowest_shuffled,memberctl_ukr_rus_lowest_shuffled_s0,election2020,raw_joint/prototype,-0.0,0.0,-0.0,-0.0,0.0,-0.0,-0.0,0.0,-0.0,-0.0,0.0,-0.0
original,ukr_rus,0,lowest_shuffled,memberctl_ukr_rus_lowest_shuffled_s0,election2020,raw_joint/ridge,-0.0,0.0,-0.0,-0.0,0.0,-0.0,-0.0,0.0,-0.0,-0.0,0.0,-0.0
original,ukr_rus,0,lowest_shuffled,memberctl_ukr_rus_lowest_shuffled_s0,facebook_page_reference,M2_post_meta/prototype,0.12733078002929688,0.011541366577148438,0.11578941345214844,0.11328125,0.0087890625,0.1044921875,0.0925195022941393,0.012364335760406742,0.08015516653373256,-0.03603065013885498,-0.0002225637435913086,-0.03580808639526367
original,ukr_rus,0,lowest_shuffled,memberctl_ukr_rus_lowest_shuffled_s0,facebook_page_reference,M2_post_meta/ridge,0.13331985473632812,0.020998001098632812,0.11232185363769531,0.1142578125,0.021484375,0.0927734375,0.0910825024032571,0.02296511769549736,0.06811738470775974,-0.07065117359161377,-0.0020925402641296387,-0.06855863332748413
original,ukr_rus,0,lowest_shuffled,memberctl_ukr_rus_lowest_shuffled_s0,facebook_page_reference,S0_conv_center/prototype,-0.0,0.0,-0.0,-0.0,0.0,-0.0,-0.0,0.0,-0.0,-0.0,0.0,-0.0
original,ukr_rus,0,lowest_shuffled,memberctl_ukr_rus_lowest_shuffled_s0,facebook_page_reference,S0_conv_center/ridge,-0.0,0.0,-0.0,-0.0,0.0,-0.0,-0.0,0.0,-0.0,-0.0,0.0,-0.0
original,ukr_rus,0,lowest_shuffled,memberctl_ukr_rus_lowest_shuffled_s0,facebook_page_reference,S0_pool/prototype,-0.0,0.0,-0.0,-0.0,0.0,-0.0,-0.0,0.0,-0.0,-0.0,0.0,-0.0
original,ukr_rus,0,lowest_shuffled,memberctl_ukr_rus_lowest_shuffled_s0,facebook_page_reference,S0_pool/ridge,-0.0,0.0,-0.0,-0.0,0.0,-0.0,-0.0,0.0,-0.0,-0.0,0.0,-0.0
original,ukr_rus,0,lowest_shuffled,memberctl_ukr_rus_lowest_shuffled_s0,facebook_page_reference,U1_pre_meta/prototype,-0.0774078369140625,-0.014629364013671875,-0.06277847290039062,-0.0751953125,0.0048828125,-0.080078125,-0.07813108371187549,0.01326636158475425,-0.09139744529662974,0.006254315376281738,0.0003968477249145508,0.0058574676513671875
original,ukr_rus,0,lowest_shuffled,memberctl_ukr_rus_lowest_shuffled_s0,facebook_page_reference,U1_pre_meta/ridge,-0.06926345825195312,-0.023721694946289062,-0.04554176330566406,-0.076171875,-0.0087890625,-0.0673828125,-0.07580500171063165,-0.005581066208452334,-0.07022393550217931,0.015296220779418945,0.003449082374572754,0.011847138404846191
original,ukr_rus,0,lowest_shuffled,memberctl_ukr_rus_lowest_shuffled_s0,facebook_page_reference,final_input/prototype,0.12733078002929688,0.011541366577148438,0.11578941345214844,0.11328125,0.0087890625,0.1044921875,0.0925195022941393,0.012364335760406742,0.08015516653373256,-0.03603065013885498,-0.0002225637435913086,-0.03580808639526367
original,ukr_rus,0,lowest_shuffled,memberctl_ukr_rus_lowest_shuffled_s0,facebook_page_reference,final_input/ridge,0.13331985473632812,0.020998001098632812,0.11232185363769531,0.1142578125,0.021484375,0.0927734375,0.0910825024032571,0.02296511769549736,0.06811738470775974,-0.07065117359161377,-0.0020925402641296387,-0.06855863332748413
original,ukr_rus,0,lowest_shuffled,memberctl_ukr_rus_lowest_shuffled_s0,facebook_page_reference,full_model,0.0045623779296875,0.0055751800537109375,-0.0010128021240234375,-0.0009765625,0.0029296875,-0.00390625,-0.0070930514474131234,0.01889591234723975,-0.025988963794652875,0.1766321063041687,0.00013780593872070312,0.176494300365448
original,ukr_rus,0,lowest_shuffled,memberctl_ukr_rus_lowest_shuffled_s0,facebook_page_reference,raw_center/prototype,-0.0,0.0,-0.0,-0.0,0.0,-0.0,-0.0,0.0,-0.0,-0.0,0.0,-0.0
original,ukr_rus,0,lowest_shuffled,memberctl_ukr_rus_lowest_shuffled_s0,facebook_page_reference,raw_center/ridge,1.1102230246251565e-16,-1.1102230246251565e-16,2.220446049250313e-16,-0.0,0.0,-0.0,-0.0,0.0,-0.0,-0.0,0.0,-0.0
original,ukr_rus,0,lowest_shuffled,memberctl_ukr_rus_lowest_shuffled_s0,facebook_page_reference,raw_context/prototype,-0.0,0.0,-0.0,-0.0,0.0,-0.0,-0.0,0.0,-0.0,-0.0,0.0,-0.0
original,ukr_rus,0,lowest_shuffled,memberctl_ukr_rus_lowest_shuffled_s0,facebook_page_reference,raw_context/ridge,-0.0,0.0,-0.0,-0.0,0.0,-0.0,-0.0,0.0,-0.0,-0.0,0.0,-0.0
original,ukr_rus,0,lowest_shuffled,memberctl_ukr_rus_lowest_shuffled_s0,facebook_page_reference,raw_joint/prototype,-0.0,0.0,-0.0,-0.0,0.0,-0.0,-0.0,0.0,-0.0,-0.0,0.0,-0.0
original,ukr_rus,0,lowest_shuffled,memberctl_ukr_rus_lowest_shuffled_s0,facebook_page_reference,raw_joint/ridge,1.1102230246251565e-16,-1.1102230246251565e-16,2.220446049250313e-16,-0.0,0.0,-0.0,-0.0,0.0,-0.0,-0.0,0.0,-0.0
original,ukr_rus,0,lowest_shuffled,memberctl_ukr_rus_lowest_shuffled_s0,twibot20,M2_post_meta/prototype,0.17122056749131953,-0.0024691687689887276,0.17368973626030826,0.07649739583333337,0.0006510416666667407,0.07584635416666663,0.405603311843004,0.00024503222834060256,0.4053582796146634,-0.006900429725646973,-0.0013789534568786621,-0.0055214762687683105
original,ukr_rus,0,lowest_shuffled,memberctl_ukr_rus_lowest_shuffled_s0,twibot20,M2_post_meta/ridge,0.18553733825683583,-0.0013311174180773433,0.18686845567491317,0.07194010416666669,0.0013020833333333703,0.07063802083333331,0.43388308780758866,0.0007856557856558144,0.43309743202193285,-0.004606485366821289,-0.009010612964630127,0.004404127597808838
original,ukr_rus,0,lowest_shuffled,memberctl_ukr_rus_lowest_shuffled_s0,twibot20,S0_conv_center/prototype,-0.0,0.0,-0.0,-0.0,0.0,-0.0,-0.0,0.0,-0.0,-0.0,0.0,-0.0
original,ukr_rus,0,lowest_shuffled,memberctl_ukr_rus_lowest_shuffled_s0,twibot20,S0_conv_center/ridge,-0.0,0.0,-0.0,-0.0,0.0,-0.0,-0.0,0.0,-0.0,-0.0,0.0,-0.0
original,ukr_rus,0,lowest_shuffled,memberctl_ukr_rus_lowest_shuffled_s0,twibot20,S0_pool/prototype,-0.0,0.0,-0.0,-0.0,0.0,-0.0,-0.0,0.0,-0.0,-0.0,0.0,-0.0
original,ukr_rus,0,lowest_shuffled,memberctl_ukr_rus_lowest_shuffled_s0,twibot20,S0_pool/ridge,-0.0,0.0,-0.0,-0.0,0.0,-0.0,-0.0,0.0,-0.0,-0.0,0.0,-0.0
original,ukr_rus,0,lowest_shuffled,memberctl_ukr_rus_lowest_shuffled_s0,twibot20,U1_pre_meta/prototype,-0.015648947821723103,-0.0035970475938585933,-0.01205190022786451,-0.02115885416666663,-0.001953125,-0.01920572916666663,-0.031156392332469807,-0.0007415114697467695,-0.030414880862723037,0.00501328706741333,0.004595935344696045,0.00041735172271728516
original,ukr_rus,0,lowest_shuffled,memberctl_ukr_rus_lowest_shuffled_s0,twibot20,U1_pre_meta/ridge,-0.0009947882758247761,-0.005634307861328125,0.004639519585503349,-0.0006510416666666297,-0.0016276041666666297,0.0009765625,-0.003971001755575965,5.1823454764066135e-05,-0.004022825210340031,0.0042231082916259766,0.013984858989715576,-0.0097617506980896
original,ukr_rus,0,lowest_shuffled,memberctl_ukr_rus_lowest_shuffled_s0,twibot20,final_input/prototype,0.17122056749131953,-0.0024691687689887276,0.17368973626030826,0.07649739583333337,0.0006510416666667407,0.07584635416666663,0.405603311843004,0.00024503222834060256,0.4053582796146634,-0.006900429725646973,-0.0013789534568786621,-0.0055214762687683105
original,ukr_rus,0,lowest_shuffled,memberctl_ukr_rus_lowest_shuffled_s0,twibot20,final_input/ridge,0.18553733825683583,-0.0013311174180773433,0.18686845567491317,0.07194010416666669,0.0013020833333333703,0.07063802083333331,0.43388308780758866,0.0007856557856558144,0.43309743202193285,-0.004606485366821289,-0.009010612964630127,0.004404127597808838
original,ukr_rus,0,lowest_shuffled,memberctl_ukr_rus_lowest_shuffled_s0,twibot20,full_model,0.002111858791775112,0.04435348510742193,-0.04224162631564682,0.005859375,0.0,0.005859375,-0.04233397022075236,0.0,-0.04233397022075236,0.22930645942687988,-0.023863673210144043,0.2531701326370239
original,ukr_rus,0,lowest_shuffled,memberctl_ukr_rus_lowest_shuffled_s0,twibot20,raw_center/prototype,-0.0,0.0,-0.0,-0.0,0.0,-0.0,-0.0,0.0,-0.0,-0.0,0.0,-0.0
original,ukr_rus,0,lowest_shuffled,memberctl_ukr_rus_lowest_shuffled_s0,twibot20,raw_center/ridge,-0.0,0.0,-0.0,-0.0,0.0,-0.0,-0.0,0.0,-0.0,-0.0,0.0,-0.0
original,ukr_rus,0,lowest_shuffled,memberctl_ukr_rus_lowest_shuffled_s0,twibot20,raw_context/prototype,-0.0,0.0,-0.0,-0.0,0.0,-0.0,-0.0,0.0,-0.0,-0.0,0.0,-0.0
original,ukr_rus,0,lowest_shuffled,memberctl_ukr_rus_lowest_shuffled_s0,twibot20,raw_context/ridge,-0.0,0.0,-0.0,-0.0,0.0,-0.0,-0.0,0.0,-0.0,-0.0,0.0,-0.0
original,ukr_rus,0,lowest_shuffled,memberctl_ukr_rus_lowest_shuffled_s0,twibot20,raw_joint/prototype,-0.0,0.0,-0.0,-0.0,0.0,-0.0,-0.0,0.0,-0.0,-0.0,0.0,-0.0
original,ukr_rus,0,lowest_shuffled,memberctl_ukr_rus_lowest_shuffled_s0,twibot20,raw_joint/ridge,-0.0,0.0,-0.0,-0.0,0.0,-0.0,-0.0,0.0,-0.0,-0.0,0.0,-0.0
original,ukr_rus,0,lowest_shuffled,memberctl_ukr_rus_lowest_shuffled_s0,ukr_rus_suspended,M2_post_meta/prototype,0.030792236328125,-0.0089111328125,0.039703369140625,0.03125,-0.0078125,0.0390625,0.39183673469387753,-0.007722007722007651,0.3995587424158852,-0.00122833251953125,3.790855407714844e-05,-0.0012662410736083984
original,ukr_rus,0,lowest_shuffled,memberctl_ukr_rus_lowest_shuffled_s0,ukr_rus_suspended,M2_post_meta/ridge,0.04071044921875,-0.00933837890625,0.050048828125,0.03125,-0.01171875,0.04296875,0.39183673469387753,-0.017826978764478696,0.4096637134583562,0.008897125720977783,0.00031810998916625977,0.008579015731811523
original,ukr_rus,0,lowest_shuffled,memberctl_ukr_rus_lowest_shuffled_s0,ukr_rus_suspended,S0_conv_center/prototype,-0.0,0.0,-0.0,-0.0,0.0,-0.0,-0.0,0.0,-0.0,-0.0,0.0,-0.0
original,ukr_rus,0,lowest_shuffled,memberctl_ukr_rus_lowest_shuffled_s0,ukr_rus_suspended,S0_conv_center/ridge,-0.0,0.0,-0.0,-0.0,0.0,-0.0,-0.0,0.0,-0.0,-0.0,0.0,-0.0
original,ukr_rus,0,lowest_shuffled,memberctl_ukr_rus_lowest_shuffled_s0,ukr_rus_suspended,S0_pool/prototype,-0.0,0.0,-0.0,-0.0,0.0,-0.0,-0.0,0.0,-0.0,-0.0,0.0,-0.0
original,ukr_rus,0,lowest_shuffled,memberctl_ukr_rus_lowest_shuffled_s0,ukr_rus_suspended,S0_pool/ridge,-0.0,0.0,-0.0,-0.0,0.0,-0.0,-0.0,0.0,-0.0,-0.0,0.0,-0.0
original,ukr_rus,0,lowest_shuffled,memberctl_ukr_rus_lowest_shuffled_s0,ukr_rus_suspended,U1_pre_meta/prototype,-0.036407470703125,-0.00823974609375,-0.028167724609375,-0.03125,-0.00390625,-0.02734375,-0.019991759122193975,0.014756701223498703,-0.03474846034569268,0.0002262592315673828,-0.00010472536087036133,0.00033098459243774414
original,ukr_rus,0,lowest_shuffled,memberctl_ukr_rus_lowest_shuffled_s0,ukr_rus_suspended,U1_pre_meta/ridge,-0.02294921875,-0.00335693359375,-0.01959228515625,-0.0390625,-0.0078125,-0.03125,-0.0014082523588226925,0.013465447154471621,-0.014873699513294314,-0.000717461109161377,-0.0007802248001098633,6.276369094848633e-05
original,ukr_rus,0,lowest_shuffled,memberctl_ukr_rus_lowest_shuffled_s0,ukr_rus_suspended,final_input/prototype,0.030792236328125,-0.0089111328125,0.039703369140625,0.03125,-0.0078125,0.0390625,0.39183673469387753,-0.007722007722007651,0.3995587424158852,-0.00122833251953125,3.790855407714844e-05,-0.0012662410736083984
original,ukr_rus,0,lowest_shuffled,memberctl_ukr_rus_lowest_shuffled_s0,ukr_rus_suspended,final_input/ridge,0.04071044921875,-0.00933837890625,0.050048828125,0.03125,-0.01171875,0.04296875,0.39183673469387753,-0.017826978764478696,0.4096637134583562,0.008897125720977783,0.00031810998916625977,0.008579015731811523
original,ukr_rus,0,lowest_shuffled,memberctl_ukr_rus_lowest_shuffled_s0,ukr_rus_suspended,full_model,-0.0482177734375,-0.014129638671875,-0.034088134765625,-0.05078125,0.0,-0.05078125,-0.025506072874493968,0.0,-0.025506072874493968,0.23394173383712769,-0.0704236626625061,0.3043653964996338
original,ukr_rus,0,lowest_shuffled,memberctl_ukr_rus_lowest_shuffled_s0,ukr_rus_suspended,raw_center/prototype,-0.0,0.0,-0.0,-0.0,0.0,-0.0,-5.551115123125783e-17,5.551115123125783e-17,-1.1102230246251565e-16,-0.0,0.0,-0.0
original,ukr_rus,0,lowest_shuffled,memberctl_ukr_rus_lowest_shuffled_s0,ukr_rus_suspended,raw_center/ridge,-0.0,0.0,-0.0,-0.0,0.0,-0.0,-5.551115123125783e-17,5.551115123125783e-17,-1.1102230246251565e-16,-0.0,0.0,-0.0
original,ukr_rus,0,lowest_shuffled,memberctl_ukr_rus_lowest_shuffled_s0,ukr_rus_suspended,raw_context/prototype,-0.0,0.0,-0.0,-0.0,0.0,-0.0,-0.0,0.0,-0.0,-0.0,0.0,-0.0
original,ukr_rus,0,lowest_shuffled,memberctl_ukr_rus_lowest_shuffled_s0,ukr_rus_suspended,raw_context/ridge,-0.0,0.0,-0.0,-0.0,0.0,-0.0,-5.551115123125783e-17,5.551115123125783e-17,-1.1102230246251565e-16,-0.0,0.0,-0.0
original,ukr_rus,0,lowest_shuffled,memberctl_ukr_rus_lowest_shuffled_s0,ukr_rus_suspended,raw_joint/prototype,-0.0,0.0,-0.0,-0.0,0.0,-0.0,-5.551115123125783e-17,5.551115123125783e-17,-1.1102230246251565e-16,-0.0,0.0,-0.0
original,ukr_rus,0,lowest_shuffled,memberctl_ukr_rus_lowest_shuffled_s0,ukr_rus_suspended,raw_joint/ridge,-0.0,0.0,-0.0,-0.0,0.0,-0.0,-0.0,0.0,-0.0,-0.0,0.0,-0.0
original,ukr_rus,0,lowest_sorted,memberctl_ukr_rus_lowest_sorted_s0,covid_political,M2_post_meta/prototype,0.5792120474356192,0.02462203414351838,0.5545900132921008,0.10611979166666669,-0.03971354166666674,0.14583333333333343,0.3062402409445223,0.015184629372860636,0.29105561157166165,-0.017253398895263672,-0.00028967857360839844,-0.016963720321655273
original,ukr_rus,0,lowest_sorted,memberctl_ukr_rus_lowest_sorted_s0,covid_political,M2_post_meta/ridge,0.5838883011429399,0.0280012907805266,0.5558870103624133,0.13704427083333331,-0.03450520833333337,0.17154947916666669,0.32201306057386436,0.020150351740309935,0.3018627088335544,-0.03657937049865723,-0.002572774887084961,-0.034006595611572266
original,ukr_rus,0,lowest_sorted,memberctl_ukr_rus_lowest_sorted_s0,covid_political,S0_conv_center/prototype,-0.0,0.0,-0.0,-0.0,0.0,-0.0,-0.0,0.0,-0.0,-0.0,0.0,-0.0
original,ukr_rus,0,lowest_sorted,memberctl_ukr_rus_lowest_sorted_s0,covid_political,S0_conv_center/ridge,-0.0,0.0,-0.0,-0.0,0.0,-0.0,-0.0,0.0,-0.0,-0.0,0.0,-0.0
original,ukr_rus,0,lowest_sorted,memberctl_ukr_rus_lowest_sorted_s0,covid_political,S0_pool/prototype,-1.1102230246251565e-16,0.0,-1.1102230246251565e-16,-0.0,0.0,-0.0,-0.0,0.0,-0.0,-0.0,0.0,-0.0
original,ukr_rus,0,lowest_sorted,memberctl_ukr_rus_lowest_sorted_s0,covid_political,S0_pool/ridge,1.1102230246251565e-16,0.0,1.1102230246251565e-16,-0.0,0.0,-0.0,-0.0,0.0,-0.0,-0.0,0.0,-0.0
original,ukr_rus,0,lowest_sorted,memberctl_ukr_rus_lowest_sorted_s0,covid_political,U1_pre_meta/prototype,0.04049597846137154,0.02380625406901027,0.01668972439236127,0.08203125,-0.02897135416666663,0.11100260416666663,0.12099434743323034,0.004743410999165365,0.11625093643406498,-0.03068631887435913,0.0010238289833068848,-0.031710147857666016
original,ukr_rus,0,lowest_sorted,memberctl_ukr_rus_lowest_sorted_s0,covid_political,U1_pre_meta/ridge,0.03765925654658553,0.01064611364293977,0.02701314290364576,0.07552083333333326,-0.03255208333333337,0.10807291666666663,0.11489261951683549,-0.007304579509216147,0.12219719902605164,-0.07241183519363403,0.005981385707855225,-0.07839322090148926
original,ukr_rus,0,lowest_sorted,memberctl_ukr_rus_lowest_sorted_s0,covid_political,final_input/prototype,0.5792120474356192,0.02462203414351838,0.5545900132921008,0.10611979166666669,-0.03971354166666674,0.14583333333333343,0.3062402409445223,0.015184629372860636,0.29105561157166165,-0.017253398895263672,-0.00028967857360839844,-0.016963720321655273
original,ukr_rus,0,lowest_sorted,memberctl_ukr_rus_lowest_sorted_s0,covid_political,final_input/ridge,0.5838883011429399,0.0280012907805266,0.5558870103624133,0.13704427083333331,-0.03450520833333337,0.17154947916666669,0.32201306057386436,0.020150351740309935,0.3018627088335544,-0.03657937049865723,-0.002572774887084961,-0.034006595611572266
original,ukr_rus,0,lowest_sorted,memberctl_ukr_rus_lowest_sorted_s0,covid_political,full_model,0.12431702790436938,-0.0167583889431423,0.14107541684751168,0.080078125,0.0,0.080078125,0.20768682501763158,0.0,0.20768682501763158,-0.07715165615081787,-0.004397332668304443,-0.07275432348251343
original,ukr_rus,0,lowest_sorted,memberctl_ukr_rus_lowest_sorted_s0,covid_political,raw_center/prototype,-0.0,0.0,-0.0,-0.0,0.0,-0.0,-0.0,0.0,-0.0,-0.0,0.0,-0.0
original,ukr_rus,0,lowest_sorted,memberctl_ukr_rus_lowest_sorted_s0,covid_political,raw_center/ridge,-0.0,0.0,-0.0,-0.0,0.0,-0.0,-0.0,0.0,-0.0,-0.0,0.0,-0.0
original,ukr_rus,0,lowest_sorted,memberctl_ukr_rus_lowest_sorted_s0,covid_political,raw_context/prototype,-1.1102230246251565e-16,1.1102230246251565e-16,-2.220446049250313e-16,-0.0,0.0,-0.0,-0.0,0.0,-0.0,-0.0,0.0,-0.0
original,ukr_rus,0,lowest_sorted,memberctl_ukr_rus_lowest_sorted_s0,covid_political,raw_context/ridge,-0.0,0.0,-0.0,-0.0,0.0,-0.0,-0.0,0.0,-0.0,-0.0,0.0,-0.0
original,ukr_rus,0,lowest_sorted,memberctl_ukr_rus_lowest_sorted_s0,covid_political,raw_joint/prototype,-0.0,0.0,-0.0,-0.0,0.0,-0.0,-0.0,0.0,-0.0,-0.0,0.0,-0.0
original,ukr_rus,0,lowest_sorted,memberctl_ukr_rus_lowest_sorted_s0,covid_political,raw_joint/ridge,-0.0,0.0,-0.0,-0.0,0.0,-0.0,-0.0,0.0,-0.0,-0.0,0.0,-0.0
original,ukr_rus,0,lowest_sorted,memberctl_ukr_rus_lowest_sorted_s0,election2020,M2_post_meta/prototype,0.534698486328125,-0.023162841796875,0.557861328125,0.41796875,-0.03125,0.44921875,0.43829600351339476,-0.031872509960159334,0.4701685134735541,-0.06409478187561035,-1.5079975128173828e-05,-0.06407970190048218
original,ukr_rus,0,lowest_sorted,memberctl_ukr_rus_lowest_sorted_s0,election2020,M2_post_meta/ridge,0.533203125,-0.02044677734375,0.55364990234375,0.42578125,-0.015625,0.44140625,0.444512009729401,-0.009651253234281065,0.4541632629636821,-0.21026909351348883,-9.804964065551758e-05,-0.2101710438728333
original,ukr_rus,0,lowest_sorted,memberctl_ukr_rus_lowest_sorted_s0,election2020,S0_conv_center/prototype,-0.0,0.0,-0.0,-0.0,0.0,-0.0,-0.0,0.0,-0.0,-0.0,0.0,-0.0
original,ukr_rus,0,lowest_sorted,memberctl_ukr_rus_lowest_sorted_s0,election2020,S0_conv_center/ridge,-0.0,0.0,-0.0,-0.0,0.0,-0.0,-0.0,0.0,-0.0,-0.0,0.0,-0.0
original,ukr_rus,0,lowest_sorted,memberctl_ukr_rus_lowest_sorted_s0,election2020,S0_pool/prototype,-0.0,0.0,-0.0,-0.0,0.0,-0.0,1.1102230246251565e-16,-1.1102230246251565e-16,2.220446049250313e-16,-0.0,0.0,-0.0
original,ukr_rus,0,lowest_sorted,memberctl_ukr_rus_lowest_sorted_s0,election2020,S0_pool/ridge,-0.0,0.0,-0.0,-0.0,0.0,-0.0,1.1102230246251565e-16,-1.1102230246251565e-16,2.220446049250313e-16,-0.0,0.0,-0.0
original,ukr_rus,0,lowest_sorted,memberctl_ukr_rus_lowest_sorted_s0,election2020,U1_pre_meta/prototype,0.03314208984375,-0.0411376953125,0.07427978515625,0.09375,-0.03515625,0.12890625,0.09067599067599086,-0.033985870343282154,0.12466186101927301,-0.03525853157043457,0.0008559226989746094,-0.03611445426940918
original,ukr_rus,0,lowest_sorted,memberctl_ukr_rus_lowest_sorted_s0,election2020,U1_pre_meta/ridge,0.0201416015625,-0.0716552734375,0.091796875,0.08984375,-0.0625,0.15234375,0.08727698157355968,-0.0603674540682414,0.14764443564180108,-0.10077494382858276,0.00626063346862793,-0.1070355772972107
original,ukr_rus,0,lowest_sorted,memberctl_ukr_rus_lowest_sorted_s0,election2020,final_input/prototype,0.534698486328125,-0.023162841796875,0.557861328125,0.41796875,-0.03125,0.44921875,0.43829600351339476,-0.031872509960159334,0.4701685134735541,-0.06409478187561035,-1.5079975128173828e-05,-0.06407970190048218
original,ukr_rus,0,lowest_sorted,memberctl_ukr_rus_lowest_sorted_s0,election2020,final_input/ridge,0.533203125,-0.02044677734375,0.55364990234375,0.42578125,-0.015625,0.44140625,0.444512009729401,-0.009651253234281065,0.4541632629636821,-0.21026909351348883,-9.804964065551758e-05,-0.2101710438728333
original,ukr_rus,0,lowest_sorted,memberctl_ukr_rus_lowest_sorted_s0,election2020,full_model,0.090728759765625,0.1160888671875,-0.025360107421875,0.203125,0.0,0.203125,0.1714783633824113,0.0,0.1714783633824113,-0.5673413947224618,0.21253228187561035,-0.7798736765980722
original,ukr_rus,0,lowest_sorted,memberctl_ukr_rus_lowest_sorted_s0,election2020,raw_center/prototype,-0.0,0.0,-0.0,-0.0,0.0,-0.0,-0.0,0.0,-0.0,-0.0,0.0,-0.0
original,ukr_rus,0,lowest_sorted,memberctl_ukr_rus_lowest_sorted_s0,election2020,raw_center/ridge,-0.0,0.0,-0.0,-0.0,0.0,-0.0,-0.0,0.0,-0.0,-0.0,0.0,-0.0
original,ukr_rus,0,lowest_sorted,memberctl_ukr_rus_lowest_sorted_s0,election2020,raw_context/prototype,-0.0,0.0,-0.0,-0.0,0.0,-0.0,1.1102230246251565e-16,-1.1102230246251565e-16,2.220446049250313e-16,-0.0,0.0,-0.0
original,ukr_rus,0,lowest_sorted,memberctl_ukr_rus_lowest_sorted_s0,election2020,raw_context/ridge,-0.0,0.0,-0.0,-0.0,0.0,-0.0,1.1102230246251565e-16,-1.1102230246251565e-16,2.220446049250313e-16,-0.0,0.0,-0.0
original,ukr_rus,0,lowest_sorted,memberctl_ukr_rus_lowest_sorted_s0,election2020,raw_joint/prototype,-0.0,0.0,-0.0,-0.0,0.0,-0.0,-0.0,0.0,-0.0,-0.0,0.0,-0.0
original,ukr_rus,0,lowest_sorted,memberctl_ukr_rus_lowest_sorted_s0,election2020,raw_joint/ridge,-0.0,0.0,-0.0,-0.0,0.0,-0.0,-0.0,0.0,-0.0,-0.0,0.0,-0.0
original,ukr_rus,0,lowest_sorted,memberctl_ukr_rus_lowest_sorted_s0,facebook_page_reference,M2_post_meta/prototype,0.05500602722167969,0.00792694091796875,0.04707908630371094,0.0478515625,-0.0126953125,0.060546875,0.028318643986793512,-0.01666646605922728,0.04498511004602079,-0.023097515106201172,-0.00018292665481567383,-0.022914588451385498
original,ukr_rus,0,lowest_sorted,memberctl_ukr_rus_lowest_sorted_s0,facebook_page_reference,M2_post_meta/ridge,0.05554008483886719,0.018236160278320312,0.037303924560546875,0.037109375,-0.001953125,0.0390625,0.01499575667323172,-0.007948816791725988,0.022944573464957707,-0.04728972911834717,-0.001734912395477295,-0.04555481672286987
original,ukr_rus,0,lowest_sorted,memberctl_ukr_rus_lowest_sorted_s0,facebook_page_reference,S0_conv_center/prototype,-0.0,0.0,-0.0,-0.0,0.0,-0.0,-0.0,0.0,-0.0,-0.0,0.0,-0.0
original,ukr_rus,0,lowest_sorted,memberctl_ukr_rus_lowest_sorted_s0,facebook_page_reference,S0_conv_center/ridge,-0.0,0.0,-0.0,-0.0,0.0,-0.0,-0.0,0.0,-0.0,-0.0,0.0,-0.0
original,ukr_rus,0,lowest_sorted,memberctl_ukr_rus_lowest_sorted_s0,facebook_page_reference,S0_pool/prototype,-0.0,0.0,-0.0,-0.0,0.0,-0.0,-0.0,0.0,-0.0,-0.0,0.0,-0.0
original,ukr_rus,0,lowest_sorted,memberctl_ukr_rus_lowest_sorted_s0,facebook_page_reference,S0_pool/ridge,-0.0,0.0,-0.0,-0.0,0.0,-0.0,-0.0,0.0,-0.0,-0.0,0.0,-0.0
original,ukr_rus,0,lowest_sorted,memberctl_ukr_rus_lowest_sorted_s0,facebook_page_reference,U1_pre_meta/prototype,-0.054958343505859375,-0.026123046875,-0.028835296630859375,-0.0458984375,-0.02734375,-0.0185546875,-0.043316086647658625,-0.030179337204347623,-0.013136749443311002,0.004924356937408447,0.0004056692123413086,0.004518687725067139
original,ukr_rus,0,lowest_sorted,memberctl_ukr_rus_lowest_sorted_s0,facebook_page_reference,U1_pre_meta/ridge,-0.058032989501953125,-0.0350189208984375,-0.023014068603515625,-0.0537109375,-0.0341796875,-0.01953125,-0.05294382843440171,-0.04058359649986831,-0.012360231934533394,0.011544585227966309,0.0035380125045776367,0.008006572723388672
original,ukr_rus,0,lowest_sorted,memberctl_ukr_rus_lowest_sorted_s0,facebook_page_reference,final_input/prototype,0.05500602722167969,0.00792694091796875,0.04707908630371094,0.0478515625,-0.0126953125,0.060546875,0.028318643986793512,-0.01666646605922728,0.04498511004602079,-0.023097515106201172,-0.00018292665481567383,-0.022914588451385498
original,ukr_rus,0,lowest_sorted,memberctl_ukr_rus_lowest_sorted_s0,facebook_page_reference,final_input/ridge,0.05554008483886719,0.018236160278320312,0.037303924560546875,0.037109375,-0.001953125,0.0390625,0.01499575667323172,-0.007948816791725988,0.022944573464957707,-0.04728972911834717,-0.001734912395477295,-0.04555481672286987
original,ukr_rus,0,lowest_sorted,memberctl_ukr_rus_lowest_sorted_s0,facebook_page_reference,full_model,0.10806655883789062,0.0052890777587890625,0.10277748107910156,0.076171875,0.0029296875,0.0732421875,0.07239566741000325,-0.0005666053330997123,0.07296227274310296,0.1613176465034485,4.678964614868164e-05,0.1612708568572998
original,ukr_rus,0,lowest_sorted,memberctl_ukr_rus_lowest_sorted_s0,facebook_page_reference,raw_center/prototype,-0.0,0.0,-0.0,-0.0,0.0,-0.0,-0.0,0.0,-0.0,-0.0,0.0,-0.0
original,ukr_rus,0,lowest_sorted,memberctl_ukr_rus_lowest_sorted_s0,facebook_page_reference,raw_center/ridge,1.1102230246251565e-16,-1.1102230246251565e-16,2.220446049250313e-16,-0.0,0.0,-0.0,-0.0,0.0,-0.0,-0.0,0.0,-0.0
original,ukr_rus,0,lowest_sorted,memberctl_ukr_rus_lowest_sorted_s0,facebook_page_reference,raw_context/prototype,-0.0,0.0,-0.0,-0.0,0.0,-0.0,-0.0,0.0,-0.0,-0.0,0.0,-0.0
original,ukr_rus,0,lowest_sorted,memberctl_ukr_rus_lowest_sorted_s0,facebook_page_reference,raw_context/ridge,-0.0,0.0,-0.0,-0.0,0.0,-0.0,-0.0,0.0,-0.0,-0.0,0.0,-0.0
original,ukr_rus,0,lowest_sorted,memberctl_ukr_rus_lowest_sorted_s0,facebook_page_reference,raw_joint/prototype,-0.0,0.0,-0.0,-0.0,0.0,-0.0,-0.0,0.0,-0.0,-0.0,0.0,-0.0
original,ukr_rus,0,lowest_sorted,memberctl_ukr_rus_lowest_sorted_s0,facebook_page_reference,raw_joint/ridge,1.1102230246251565e-16,-1.1102230246251565e-16,2.220446049250313e-16,-0.0,0.0,-0.0,-0.0,0.0,-0.0,-0.0,0.0,-0.0
original,ukr_rus,0,lowest_sorted,memberctl_ukr_rus_lowest_sorted_s0,twibot20,M2_post_meta/prototype,0.12244584825303817,-0.002626842922634487,0.12507269117567266,0.059244791666666685,-0.0022786458333332593,0.061523437499999944,0.5999805178441724,-0.004229508831566253,0.6042100266757386,-0.005330383777618408,-0.0006184577941894531,-0.004711925983428955
original,ukr_rus,0,lowest_sorted,memberctl_ukr_rus_lowest_sorted_s0,twibot20,M2_post_meta/ridge,0.12167210049099386,-0.0018808576795791287,0.12355295817057299,0.047200520833333315,-0.0006510416666666297,0.047851562499999944,0.6033441427593709,-0.002634399104987417,0.6059785418643583,-0.007011711597442627,-0.004465997219085693,-0.0025457143783569336
original,ukr_rus,0,lowest_sorted,memberctl_ukr_rus_lowest_sorted_s0,twibot20,S0_conv_center/prototype,-0.0,0.0,-0.0,-0.0,0.0,-0.0,-0.0,0.0,-0.0,-0.0,0.0,-0.0
original,ukr_rus,0,lowest_sorted,memberctl_ukr_rus_lowest_sorted_s0,twibot20,S0_conv_center/ridge,-0.0,0.0,-0.0,-0.0,0.0,-0.0,-0.0,0.0,-0.0,-0.0,0.0,-0.0
original,ukr_rus,0,lowest_sorted,memberctl_ukr_rus_lowest_sorted_s0,twibot20,S0_pool/prototype,-0.0,0.0,-0.0,-0.0,0.0,-0.0,-0.0,0.0,-0.0,-0.0,0.0,-0.0
original,ukr_rus,0,lowest_sorted,memberctl_ukr_rus_lowest_sorted_s0,twibot20,S0_pool/ridge,-0.0,0.0,-0.0,-0.0,0.0,-0.0,-0.0,0.0,-0.0,-0.0,0.0,-0.0
original,ukr_rus,0,lowest_sorted,memberctl_ukr_rus_lowest_sorted_s0,twibot20,U1_pre_meta/prototype,-0.03318977355957031,-0.004450056287977455,-0.028739717271592857,-0.0302734375,-0.00651041666666663,-0.02376302083333337,-0.04353500294692725,-0.0065138714158801125,-0.037021131531047136,0.005330801010131836,0.0056549906730651855,-0.0003241896629333496
original,ukr_rus,0,lowest_sorted,memberctl_ukr_rus_lowest_sorted_s0,twibot20,U1_pre_meta/ridge,-0.021170298258463505,-0.007078806559244866,-0.014091491699218639,-0.017578125,-0.007161458333333259,-0.01041666666666674,-0.02977593139956869,-0.0062974884703158596,-0.02347844292925283,0.007780194282531738,0.0191270112991333,-0.011346817016601562
original,ukr_rus,0,lowest_sorted,memberctl_ukr_rus_lowest_sorted_s0,twibot20,final_input/prototype,0.12244584825303817,-0.002626842922634487,0.12507269117567266,0.059244791666666685,-0.0022786458333332593,0.061523437499999944,0.5999805178441724,-0.004229508831566253,0.6042100266757386,-0.005330383777618408,-0.0006184577941894531,-0.004711925983428955
original,ukr_rus,0,lowest_sorted,memberctl_ukr_rus_lowest_sorted_s0,twibot20,final_input/ridge,0.12167210049099386,-0.0018808576795791287,0.12355295817057299,0.047200520833333315,-0.0006510416666666297,0.047851562499999944,0.6033441427593709,-0.002634399104987417,0.6059785418643583,-0.007011711597442627,-0.004465997219085693,-0.0025457143783569336
original,ukr_rus,0,lowest_sorted,memberctl_ukr_rus_lowest_sorted_s0,twibot20,full_model,0.038342369927300446,0.011711756388346373,0.026630613538954073,0.03450520833333326,0.0,0.03450520833333326,-0.02583685855678941,0.0,-0.02583685855678941,0.34270352125167847,-0.028298616409301758,0.3710021376609802
original,ukr_rus,0,lowest_sorted,memberctl_ukr_rus_lowest_sorted_s0,twibot20,raw_center/prototype,-0.0,0.0,-0.0,-0.0,0.0,-0.0,-0.0,0.0,-0.0,-0.0,0.0,-0.0
original,ukr_rus,0,lowest_sorted,memberctl_ukr_rus_lowest_sorted_s0,twibot20,raw_center/ridge,-0.0,0.0,-0.0,-0.0,0.0,-0.0,-0.0,0.0,-0.0,-0.0,0.0,-0.0
original,ukr_rus,0,lowest_sorted,memberctl_ukr_rus_lowest_sorted_s0,twibot20,raw_context/prototype,-0.0,0.0,-0.0,-0.0,0.0,-0.0,-0.0,0.0,-0.0,-0.0,0.0,-0.0
original,ukr_rus,0,lowest_sorted,memberctl_ukr_rus_lowest_sorted_s0,twibot20,raw_context/ridge,-0.0,0.0,-0.0,-0.0,0.0,-0.0,-0.0,0.0,-0.0,-0.0,0.0,-0.0
original,ukr_rus,0,lowest_sorted,memberctl_ukr_rus_lowest_sorted_s0,twibot20,raw_joint/prototype,-0.0,0.0,-0.0,-0.0,0.0,-0.0,-0.0,0.0,-0.0,-0.0,0.0,-0.0
original,ukr_rus,0,lowest_sorted,memberctl_ukr_rus_lowest_sorted_s0,twibot20,raw_joint/ridge,-0.0,0.0,-0.0,-0.0,0.0,-0.0,-0.0,0.0,-0.0,-0.0,0.0,-0.0
original,ukr_rus,0,lowest_sorted,memberctl_ukr_rus_lowest_sorted_s0,ukr_rus_suspended,M2_post_meta/prototype,0.00897216796875,0.001220703125,0.00775146484375,0.01171875,-0.015625,0.02734375,-0.41041331186258734,-0.03699741049138633,-0.373415901371201,0.0013036131858825684,9.894371032714844e-06,0.0012937188148498535
original,ukr_rus,0,lowest_sorted,memberctl_ukr_rus_lowest_sorted_s0,ukr_rus_suspended,M2_post_meta/ridge,0.0076904296875,-0.000152587890625,0.007843017578125,0.0078125,-0.0234375,0.03125,-0.431610609789445,-0.04051746681228746,-0.3910931429771575,0.03956425189971924,7.981061935424805e-05,0.03948444128036499
original,ukr_rus,0,lowest_sorted,memberctl_ukr_rus_lowest_sorted_s0,ukr_rus_suspended,S0_conv_center/prototype,-0.0,0.0,-0.0,-0.0,0.0,-0.0,-5.551115123125783e-17,0.0,-5.551115123125783e-17,-0.0,0.0,-0.0
original,ukr_rus,0,lowest_sorted,memberctl_ukr_rus_lowest_sorted_s0,ukr_rus_suspended,S0_conv_center/ridge,-0.0,0.0,-0.0,-0.0,0.0,-0.0,-5.551115123125783e-17,0.0,-5.551115123125783e-17,-0.0,0.0,-0.0
original,ukr_rus,0,lowest_sorted,memberctl_ukr_rus_lowest_sorted_s0,ukr_rus_suspended,S0_pool/prototype,-0.0,0.0,-0.0,-0.0,0.0,-0.0,-0.0,0.0,-0.0,-0.0,0.0,-0.0
original,ukr_rus,0,lowest_sorted,memberctl_ukr_rus_lowest_sorted_s0,ukr_rus_suspended,S0_pool/ridge,-0.0,0.0,-0.0,-0.0,0.0,-0.0,-0.0,0.0,-0.0,-0.0,0.0,-0.0
original,ukr_rus,0,lowest_sorted,memberctl_ukr_rus_lowest_sorted_s0,ukr_rus_suspended,U1_pre_meta/prototype,-0.01153564453125,-0.00238037109375,-0.0091552734375,-0.03515625,-0.0078125,-0.02734375,-0.005302099871192012,-0.003712059392950273,-0.0015900404782417388,-0.0007069110870361328,-0.0001315474510192871,-0.0005753636360168457
original,ukr_rus,0,lowest_sorted,memberctl_ukr_rus_lowest_sorted_s0,ukr_rus_suspended,U1_pre_meta/ridge,-0.001708984375,0.0047607421875,-0.0064697265625,0.00390625,-0.0078125,0.01171875,0.03368017524644029,0.0007154471544716379,0.032964728091968654,-0.00455629825592041,-0.0009926557540893555,-0.0035636425018310547
original,ukr_rus,0,lowest_sorted,memberctl_ukr_rus_lowest_sorted_s0,ukr_rus_suspended,final_input/prototype,0.00897216796875,0.001220703125,0.00775146484375,0.01171875,-0.015625,0.02734375,-0.41041331186258734,-0.03699741049138633,-0.373415901371201,0.0013036131858825684,9.894371032714844e-06,0.0012937188148498535
original,ukr_rus,0,lowest_sorted,memberctl_ukr_rus_lowest_sorted_s0,ukr_rus_suspended,final_input/ridge,0.0076904296875,-0.000152587890625,0.007843017578125,0.0078125,-0.0234375,0.03125,-0.431610609789445,-0.04051746681228746,-0.3910931429771575,0.03956425189971924,7.981061935424805e-05,0.03948444128036499
original,ukr_rus,0,lowest_sorted,memberctl_ukr_rus_lowest_sorted_s0,ukr_rus_suspended,full_model,-0.02630615234375,0.044647216796875,-0.070953369140625,-0.05859375,0.0,-0.05859375,0.00020987092937840846,0.0,0.00020987092937840846,0.3206519484519956,-0.0841449499130249,0.40479689836502053
original,ukr_rus,0,lowest_sorted,memberctl_ukr_rus_lowest_sorted_s0,ukr_rus_suspended,raw_center/prototype,-0.0,0.0,-0.0,-0.0,0.0,-0.0,-5.551115123125783e-17,5.551115123125783e-17,-1.1102230246251565e-16,-0.0,0.0,-0.0
original,ukr_rus,0,lowest_sorted,memberctl_ukr_rus_lowest_sorted_s0,ukr_rus_suspended,raw_center/ridge,-0.0,0.0,-0.0,-0.0,0.0,-0.0,-5.551115123125783e-17,5.551115123125783e-17,-1.1102230246251565e-16,-0.0,0.0,-0.0
original,ukr_rus,0,lowest_sorted,memberctl_ukr_rus_lowest_sorted_s0,ukr_rus_suspended,raw_context/prototype,-0.0,0.0,-0.0,-0.0,0.0,-0.0,-0.0,0.0,-0.0,-0.0,0.0,-0.0
original,ukr_rus,0,lowest_sorted,memberctl_ukr_rus_lowest_sorted_s0,ukr_rus_suspended,raw_context/ridge,-0.0,0.0,-0.0,-0.0,0.0,-0.0,-5.551115123125783e-17,5.551115123125783e-17,-1.1102230246251565e-16,-0.0,0.0,-0.0
original,ukr_rus,0,lowest_sorted,memberctl_ukr_rus_lowest_sorted_s0,ukr_rus_suspended,raw_joint/prototype,-0.0,0.0,-0.0,-0.0,0.0,-0.0,-5.551115123125783e-17,5.551115123125783e-17,-1.1102230246251565e-16,-0.0,0.0,-0.0
original,ukr_rus,0,lowest_sorted,memberctl_ukr_rus_lowest_sorted_s0,ukr_rus_suspended,raw_joint/ridge,-0.0,0.0,-0.0,-0.0,0.0,-0.0,-0.0,0.0,-0.0,-0.0,0.0,-0.0
original,ukr_rus,0,uniform_shuffled,memberctl_ukr_rus_uniform_shuffled_s0,covid_political,M2_post_meta/prototype,0.20959416142216447,0.0244055853949654,0.18518857602719907,0.08072916666666669,-0.05208333333333337,0.13281250000000006,0.024734191382204784,0.010342364001315496,0.014391827380889288,0.02965545654296875,-0.00017493963241577148,0.02983039617538452
original,ukr_rus,0,uniform_shuffled,memberctl_ukr_rus_uniform_shuffled_s0,covid_political,M2_post_meta/ridge,0.25904761420355904,0.02622505470558445,0.2328225594979746,0.068359375,-0.04947916666666663,0.11783854166666663,0.02090707964601768,0.013302486986697504,0.007604592659320175,0.14654064178466797,-0.0015600323677062988,0.14810067415237427
original,ukr_rus,0,uniform_shuffled,memberctl_ukr_rus_uniform_shuffled_s0,covid_political,S0_conv_center/prototype,-0.0,0.0,-0.0,-0.0,0.0,-0.0,-0.0,0.0,-0.0,-0.0,0.0,-0.0
original,ukr_rus,0,uniform_shuffled,memberctl_ukr_rus_uniform_shuffled_s0,covid_political,S0_conv_center/ridge,-0.0,0.0,-0.0,-0.0,0.0,-0.0,-0.0,0.0,-0.0,-0.0,0.0,-0.0
original,ukr_rus,0,uniform_shuffled,memberctl_ukr_rus_uniform_shuffled_s0,covid_political,S0_pool/prototype,-0.0,0.0,-0.0,-0.0,0.0,-0.0,-0.0,0.0,-0.0,-0.0,0.0,-0.0
original,ukr_rus,0,uniform_shuffled,memberctl_ukr_rus_uniform_shuffled_s0,covid_political,S0_pool/ridge,-0.0,0.0,-0.0,-0.0,0.0,-0.0,-0.0,0.0,-0.0,-0.0,0.0,-0.0
original,ukr_rus,0,uniform_shuffled,memberctl_ukr_rus_uniform_shuffled_s0,covid_political,U1_pre_meta/prototype,0.03597005208333326,0.02571332013165506,0.0102567319516782,0.08951822916666674,-0.03678385416666663,0.12630208333333337,0.12778672113849732,0.0039314296936921456,0.12385529144480517,-0.02482783794403076,0.0012385845184326172,-0.02606642246246338
original,ukr_rus,0,uniform_shuffled,memberctl_ukr_rus_uniform_shuffled_s0,covid_political,U1_pre_meta/ridge,0.03336588541666652,0.01036552146629044,0.02300036395037608,0.08365885416666674,-0.0458984375,0.12955729166666674,0.12374769112011685,-0.013402245425756576,0.13714993654587343,-0.06593608856201172,0.007757663726806641,-0.07369375228881836
original,ukr_rus,0,uniform_shuffled,memberctl_ukr_rus_uniform_shuffled_s0,covid_political,final_input/prototype,0.20959416142216447,0.0244055853949654,0.18518857602719907,0.08072916666666669,-0.05208333333333337,0.13281250000000006,0.024734191382204784,0.010342364001315496,0.014391827380889288,0.02965545654296875,-0.00017493963241577148,0.02983039617538452
original,ukr_rus,0,uniform_shuffled,memberctl_ukr_rus_uniform_shuffled_s0,covid_political,final_input/ridge,0.25904761420355904,0.02622505470558445,0.2328225594979746,0.068359375,-0.04947916666666663,0.11783854166666663,0.02090707964601768,0.013302486986697504,0.007604592659320175,0.14654064178466797,-0.0015600323677062988,0.14810067415237427
original,ukr_rus,0,uniform_shuffled,memberctl_ukr_rus_uniform_shuffled_s0,covid_political,full_model,0.06145590322989014,0.18863028067129628,-0.12717437744140614,0.0361328125,0.0,0.0361328125,0.08628020361085786,0.0,0.08628020361085786,-0.24108976125717163,-0.024024486541748047,-0.21706527471542358
original,ukr_rus,0,uniform_shuffled,memberctl_ukr_rus_uniform_shuffled_s0,covid_political,raw_center/prototype,-0.0,0.0,-0.0,-0.0,0.0,-0.0,-0.0,0.0,-0.0,-0.0,0.0,-0.0
original,ukr_rus,0,uniform_shuffled,memberctl_ukr_rus_uniform_shuffled_s0,covid_political,raw_center/ridge,-0.0,0.0,-0.0,-0.0,0.0,-0.0,-0.0,0.0,-0.0,-0.0,0.0,-0.0
original,ukr_rus,0,uniform_shuffled,memberctl_ukr_rus_uniform_shuffled_s0,covid_political,raw_context/prototype,-1.1102230246251565e-16,1.1102230246251565e-16,-2.220446049250313e-16,-0.0,0.0,-0.0,-0.0,0.0,-0.0,-0.0,0.0,-0.0
original,ukr_rus,0,uniform_shuffled,memberctl_ukr_rus_uniform_shuffled_s0,covid_political,raw_context/ridge,-0.0,0.0,-0.0,-0.0,0.0,-0.0,-0.0,0.0,-0.0,-0.0,0.0,-0.0
original,ukr_rus,0,uniform_shuffled,memberctl_ukr_rus_uniform_shuffled_s0,covid_political,raw_joint/prototype,-0.0,0.0,-0.0,-0.0,0.0,-0.0,-0.0,0.0,-0.0,-0.0,0.0,-0.0
original,ukr_rus,0,uniform_shuffled,memberctl_ukr_rus_uniform_shuffled_s0,covid_political,raw_joint/ridge,-0.0,0.0,-0.0,-0.0,0.0,-0.0,-0.0,0.0,-0.0,-0.0,0.0,-0.0
original,ukr_rus,0,uniform_shuffled,memberctl_ukr_rus_uniform_shuffled_s0,election2020,M2_post_meta/prototype,0.295135498046875,0.007110595703125,0.28802490234375,0.015625,0.03125,-0.015625,0.007017543859649145,0.037309585188657124,-0.03029204132900798,-0.04120314121246338,-4.9173831939697266e-05,-0.04115396738052368
original,ukr_rus,0,uniform_shuffled,memberctl_ukr_rus_uniform_shuffled_s0,election2020,M2_post_meta/ridge,0.29345703125,0.01263427734375,0.28082275390625,0.0078125,0.0390625,-0.03125,0.003490401396160636,0.04838176234349156,-0.04489136094733093,-0.08415812253952026,-0.0004960894584655762,-0.08366203308105469
original,ukr_rus,0,uniform_shuffled,memberctl_ukr_rus_uniform_shuffled_s0,election2020,S0_conv_center/prototype,-0.0,0.0,-0.0,-0.0,0.0,-0.0,-0.0,0.0,-0.0,-0.0,0.0,-0.0
original,ukr_rus,0,uniform_shuffled,memberctl_ukr_rus_uniform_shuffled_s0,election2020,S0_conv_center/ridge,-0.0,0.0,-0.0,-0.0,0.0,-0.0,-0.0,0.0,-0.0,-0.0,0.0,-0.0
original,ukr_rus,0,uniform_shuffled,memberctl_ukr_rus_uniform_shuffled_s0,election2020,S0_pool/prototype,-0.0,0.0,-0.0,-0.0,0.0,-0.0,1.1102230246251565e-16,-1.1102230246251565e-16,2.220446049250313e-16,-0.0,0.0,-0.0
original,ukr_rus,0,uniform_shuffled,memberctl_ukr_rus_uniform_shuffled_s0,election2020,S0_pool/ridge,-0.0,0.0,-0.0,-0.0,0.0,-0.0,1.1102230246251565e-16,-1.1102230246251565e-16,2.220446049250313e-16,-5.551115123125783e-17,0.0,-5.551115123125783e-17
original,ukr_rus,0,uniform_shuffled,memberctl_ukr_rus_uniform_shuffled_s0,election2020,U1_pre_meta/prototype,0.02691650390625,0.0042724609375,0.02264404296875,0.07421875,0.03515625,0.0390625,0.07341847341847363,0.0394639328063241,0.03395454061214953,-0.03478890657424927,0.0007957220077514648,-0.03558462858200073
original,ukr_rus,0,uniform_shuffled,memberctl_ukr_rus_uniform_shuffled_s0,election2020,U1_pre_meta/ridge,0.0125732421875,-0.02166748046875,0.03424072265625,0.046875,0.00390625,0.04296875,0.04615384615384632,0.010376134889753641,0.03577771126409268,-0.09413877129554754,0.005530893802642822,-0.09966966509819036
original,ukr_rus,0,uniform_shuffled,memberctl_ukr_rus_uniform_shuffled_s0,election2020,final_input/prototype,0.295135498046875,0.007110595703125,0.28802490234375,0.015625,0.03125,-0.015625,0.007017543859649145,0.037309585188657124,-0.03029204132900798,-0.04120314121246338,-4.9173831939697266e-05,-0.04115396738052368
original,ukr_rus,0,uniform_shuffled,memberctl_ukr_rus_uniform_shuffled_s0,election2020,final_input/ridge,0.29345703125,0.01263427734375,0.28082275390625,0.0078125,0.0390625,-0.03125,0.003490401396160636,0.04838176234349156,-0.04489136094733093,-0.08415812253952026,-0.0004960894584655762,-0.08366203308105469
original,ukr_rus,0,uniform_shuffled,memberctl_ukr_rus_uniform_shuffled_s0,election2020,full_model,0.095703125,0.10418701171875,-0.00848388671875,0.15234375,0.0,0.15234375,0.16571686145722653,0.0,0.16571686145722653,-0.587447315454483,0.024282455444335938,-0.611729770898819
original,ukr_rus,0,uniform_shuffled,memberctl_ukr_rus_uniform_shuffled_s0,election2020,raw_center/prototype,-0.0,0.0,-0.0,-0.0,0.0,-0.0,-0.0,0.0,-0.0,-0.0,0.0,-0.0
original,ukr_rus,0,uniform_shuffled,memberctl_ukr_rus_uniform_shuffled_s0,election2020,raw_center/ridge,-0.0,0.0,-0.0,-0.0,0.0,-0.0,-0.0,0.0,-0.0,-0.0,0.0,-0.0
original,ukr_rus,0,uniform_shuffled,memberctl_ukr_rus_uniform_shuffled_s0,election2020,raw_context/prototype,-0.0,0.0,-0.0,-0.0,0.0,-0.0,1.1102230246251565e-16,-1.1102230246251565e-16,2.220446049250313e-16,-0.0,0.0,-0.0
original,ukr_rus,0,uniform_shuffled,memberctl_ukr_rus_uniform_shuffled_s0,election2020,raw_context/ridge,-0.0,0.0,-0.0,-0.0,0.0,-0.0,1.1102230246251565e-16,-1.1102230246251565e-16,2.220446049250313e-16,-0.0,0.0,-0.0
original,ukr_rus,0,uniform_shuffled,memberctl_ukr_rus_uniform_shuffled_s0,election2020,raw_joint/prototype,-0.0,0.0,-0.0,-0.0,0.0,-0.0,-0.0,0.0,-0.0,-0.0,0.0,-0.0
original,ukr_rus,0,uniform_shuffled,memberctl_ukr_rus_uniform_shuffled_s0,election2020,raw_joint/ridge,-0.0,0.0,-0.0,-0.0,0.0,-0.0,-0.0,0.0,-0.0,-0.0,0.0,-0.0
original,ukr_rus,0,uniform_shuffled,memberctl_ukr_rus_uniform_shuffled_s0,facebook_page_reference,M2_post_meta/prototype,0.10253143310546875,-0.016057968139648438,0.11858940124511719,0.08203125,-0.0283203125,0.1103515625,0.10817112454231492,-0.02853461774791377,0.1367057422902287,-0.02330160140991211,-0.00012618303298950195,-0.023175418376922607
original,ukr_rus,0,uniform_shuffled,memberctl_ukr_rus_uniform_shuffled_s0,facebook_page_reference,M2_post_meta/ridge,0.12119102478027344,-0.007045745849609375,0.1282367706298828,0.09765625,-0.0146484375,0.1123046875,0.11767879057598685,-0.018601384767556794,0.13628017534354364,-0.06400996446609497,-0.0011989474296569824,-0.06281101703643799
original,ukr_rus,0,uniform_shuffled,memberctl_ukr_rus_uniform_shuffled_s0,facebook_page_reference,S0_conv_center/prototype,-0.0,0.0,-0.0,-0.0,0.0,-0.0,-0.0,0.0,-0.0,-0.0,0.0,-0.0
original,ukr_rus,0,uniform_shuffled,memberctl_ukr_rus_uniform_shuffled_s0,facebook_page_reference,S0_conv_center/ridge,-0.0,0.0,-0.0,-0.0,0.0,-0.0,-0.0,0.0,-0.0,-0.0,0.0,-0.0
original,ukr_rus,0,uniform_shuffled,memberctl_ukr_rus_uniform_shuffled_s0,facebook_page_reference,S0_pool/prototype,-0.0,0.0,-0.0,-0.0,0.0,-0.0,-0.0,0.0,-0.0,-0.0,0.0,-0.0
original,ukr_rus,0,uniform_shuffled,memberctl_ukr_rus_uniform_shuffled_s0,facebook_page_reference,S0_pool/ridge,-0.0,0.0,-0.0,-0.0,0.0,-0.0,-0.0,0.0,-0.0,-0.0,0.0,-0.0
original,ukr_rus,0,uniform_shuffled,memberctl_ukr_rus_uniform_shuffled_s0,facebook_page_reference,U1_pre_meta/prototype,-0.046390533447265625,-0.03642845153808594,-0.009962081909179688,-0.033203125,-0.02734375,-0.005859375,-0.03520698526545574,-0.028084252758274864,-0.007122732507180873,0.008983314037322998,0.0005012750625610352,0.008482038974761963
original,ukr_rus,0,uniform_shuffled,memberctl_ukr_rus_uniform_shuffled_s0,facebook_page_reference,U1_pre_meta/ridge,-0.050632476806640625,-0.04791831970214844,-0.0027141571044921875,-0.0478515625,-0.0419921875,-0.005859375,-0.04818537588502758,-0.047259244132386025,-0.0009261317526415569,0.01742500066757202,0.004416823387145996,0.013008177280426025
original,ukr_rus,0,uniform_shuffled,memberctl_ukr_rus_uniform_shuffled_s0,facebook_page_reference,final_input/prototype,0.10253143310546875,-0.016057968139648438,0.11858940124511719,0.08203125,-0.0283203125,0.1103515625,0.10817112454231492,-0.02853461774791377,0.1367057422902287,-0.02330160140991211,-0.00012618303298950195,-0.023175418376922607
original,ukr_rus,0,uniform_shuffled,memberctl_ukr_rus_uniform_shuffled_s0,facebook_page_reference,final_input/ridge,0.12119102478027344,-0.007045745849609375,0.1282367706298828,0.09765625,-0.0146484375,0.1123046875,0.11767879057598685,-0.018601384767556794,0.13628017534354364,-0.06400996446609497,-0.0011989474296569824,-0.06281101703643799
original,ukr_rus,0,uniform_shuffled,memberctl_ukr_rus_uniform_shuffled_s0,facebook_page_reference,full_model,0.07602119445800781,0.0019168853759765625,0.07410430908203125,0.0703125,0.0087890625,0.0615234375,0.0634557504636245,-0.03338553754615042,0.09684128800977493,0.21383434534072876,8.761882781982422e-06,0.21382558345794678
original,ukr_rus,0,uniform_shuffled,memberctl_ukr_rus_uniform_shuffled_s0,facebook_page_reference,raw_center/prototype,-0.0,0.0,-0.0,-0.0,0.0,-0.0,-0.0,0.0,-0.0,-0.0,0.0,-0.0
original,ukr_rus,0,uniform_shuffled,memberctl_ukr_rus_uniform_shuffled_s0,facebook_page_reference,raw_center/ridge,1.1102230246251565e-16,-1.1102230246251565e-16,2.220446049250313e-16,-0.0,0.0,-0.0,-0.0,0.0,-0.0,-0.0,0.0,-0.0
original,ukr_rus,0,uniform_shuffled,memberctl_ukr_rus_uniform_shuffled_s0,facebook_page_reference,raw_context/prototype,-0.0,0.0,-0.0,-0.0,0.0,-0.0,-0.0,0.0,-0.0,-0.0,0.0,-0.0
original,ukr_rus,0,uniform_shuffled,memberctl_ukr_rus_uniform_shuffled_s0,facebook_page_reference,raw_context/ridge,-0.0,0.0,-0.0,-0.0,0.0,-0.0,-0.0,0.0,-0.0,-0.0,0.0,-0.0
original,ukr_rus,0,uniform_shuffled,memberctl_ukr_rus_uniform_shuffled_s0,facebook_page_reference,raw_joint/prototype,-0.0,0.0,-0.0,-0.0,0.0,-0.0,-0.0,0.0,-0.0,-0.0,0.0,-0.0
original,ukr_rus,0,uniform_shuffled,memberctl_ukr_rus_uniform_shuffled_s0,facebook_page_reference,raw_joint/ridge,1.1102230246251565e-16,-1.1102230246251565e-16,2.220446049250313e-16,-0.0,0.0,-0.0,-0.0,0.0,-0.0,-0.0,0.0,-0.0
original,ukr_rus,0,uniform_shuffled,memberctl_ukr_rus_uniform_shuffled_s0,twibot20,M2_post_meta/prototype,0.13827832539876306,-0.006838056776258705,0.14511638217502176,0.08398437499999994,-0.0032552083333332593,0.0872395833333332,0.4926436349674457,-0.003759621948635883,0.49640325691608156,-0.007238507270812988,-0.00040602684020996094,-0.006832480430603027
original,ukr_rus,0,uniform_shuffled,memberctl_ukr_rus_uniform_shuffled_s0,twibot20,M2_post_meta/ridge,0.13226721021864152,-0.0062183803982205355,0.13848559061686205,0.08430989583333331,-0.0035807291666666297,0.08789062499999994,0.5277259259398787,-0.0036484655883193273,0.531374391528198,-0.018269598484039307,-0.0029807090759277344,-0.015288889408111572
original,ukr_rus,0,uniform_shuffled,memberctl_ukr_rus_uniform_shuffled_s0,twibot20,S0_conv_center/prototype,-0.0,0.0,-0.0,-0.0,0.0,-0.0,-0.0,0.0,-0.0,-0.0,0.0,-0.0
original,ukr_rus,0,uniform_shuffled,memberctl_ukr_rus_uniform_shuffled_s0,twibot20,S0_conv_center/ridge,-0.0,0.0,-0.0,-0.0,0.0,-0.0,-0.0,0.0,-0.0,-0.0,0.0,-0.0
original,ukr_rus,0,uniform_shuffled,memberctl_ukr_rus_uniform_shuffled_s0,twibot20,S0_pool/prototype,-0.0,0.0,-0.0,-0.0,0.0,-0.0,-0.0,0.0,-0.0,-0.0,0.0,-0.0
original,ukr_rus,0,uniform_shuffled,memberctl_ukr_rus_uniform_shuffled_s0,twibot20,S0_pool/ridge,-0.0,0.0,-0.0,-0.0,0.0,-0.0,-0.0,0.0,-0.0,-0.0,0.0,-0.0
original,ukr_rus,0,uniform_shuffled,memberctl_ukr_rus_uniform_shuffled_s0,twibot20,U1_pre_meta/prototype,-0.01401095920138895,-0.007741080390082589,-0.006269878811306362,-0.00813802083333326,-0.00813802083333326,0.0,-0.001739266369063519,-0.006432000593152742,0.004692734224089223,0.005842328071594238,0.0062133073806762695,-0.00037097930908203125
original,ukr_rus,0,uniform_shuffled,memberctl_ukr_rus_uniform_shuffled_s0,twibot20,U1_pre_meta/ridge,-0.0063815646701388395,-0.01056416829427076,0.00418260362413192,-0.00423177083333337,-0.0078125,0.0035807291666666297,0.0017255789841196245,-0.005929388300816352,0.007654967284935976,0.00754934549331665,0.02249443531036377,-0.01494508981704712
original,ukr_rus,0,uniform_shuffled,memberctl_ukr_rus_uniform_shuffled_s0,twibot20,final_input/prototype,0.13827832539876306,-0.006838056776258705,0.14511638217502176,0.08398437499999994,-0.0032552083333332593,0.0872395833333332,0.4926436349674457,-0.003759621948635883,0.49640325691608156,-0.007238507270812988,-0.00040602684020996094,-0.006832480430603027
original,ukr_rus,0,uniform_shuffled,memberctl_ukr_rus_uniform_shuffled_s0,twibot20,final_input/ridge,0.13226721021864152,-0.0062183803982205355,0.13848559061686205,0.08430989583333331,-0.0035807291666666297,0.08789062499999994,0.5277259259398787,-0.0036484655883193273,0.531374391528198,-0.018269598484039307,-0.0029807090759277344,-0.015288889408111572
original,ukr_rus,0,uniform_shuffled,memberctl_ukr_rus_uniform_shuffled_s0,twibot20,full_model,0.0945544772677952,-0.03226873609754771,0.1268232133653429,0.06608072916666663,0.0,0.06608072916666663,0.028462486456084624,0.0,0.028462486456084624,0.1796444058418274,0.0424383282661438,0.1372060775756836
original,ukr_rus,0,uniform_shuffled,memberctl_ukr_rus_uniform_shuffled_s0,twibot20,raw_center/prototype,-0.0,0.0,-0.0,-0.0,0.0,-0.0,-0.0,0.0,-0.0,-0.0,0.0,-0.0
original,ukr_rus,0,uniform_shuffled,memberctl_ukr_rus_uniform_shuffled_s0,twibot20,raw_center/ridge,-0.0,0.0,-0.0,-0.0,0.0,-0.0,-0.0,0.0,-0.0,-0.0,0.0,-0.0
original,ukr_rus,0,uniform_shuffled,memberctl_ukr_rus_uniform_shuffled_s0,twibot20,raw_context/prototype,-0.0,0.0,-0.0,-0.0,0.0,-0.0,-0.0,0.0,-0.0,-0.0,0.0,-0.0
original,ukr_rus,0,uniform_shuffled,memberctl_ukr_rus_uniform_shuffled_s0,twibot20,raw_context/ridge,-0.0,0.0,-0.0,-0.0,0.0,-0.0,-0.0,0.0,-0.0,-0.0,0.0,-0.0
original,ukr_rus,0,uniform_shuffled,memberctl_ukr_rus_uniform_shuffled_s0,twibot20,raw_joint/prototype,-0.0,0.0,-0.0,-0.0,0.0,-0.0,-0.0,0.0,-0.0,-0.0,0.0,-0.0
original,ukr_rus,0,uniform_shuffled,memberctl_ukr_rus_uniform_shuffled_s0,twibot20,raw_joint/ridge,-0.0,0.0,-0.0,-0.0,0.0,-0.0,-0.0,0.0,-0.0,-0.0,0.0,-0.0
original,ukr_rus,0,uniform_shuffled,memberctl_ukr_rus_uniform_shuffled_s0,ukr_rus_suspended,M2_post_meta/prototype,0.060791015625,9.1552734375e-05,0.060699462890625,-0.0078125,-0.01953125,0.01171875,0.1975308641975308,-0.034320034320034276,0.23185089851756507,0.0009871125221252441,5.424022674560547e-06,0.0009816884994506836
original,ukr_rus,0,uniform_shuffled,memberctl_ukr_rus_uniform_shuffled_s0,ukr_rus_suspended,M2_post_meta/ridge,0.0604248046875,-0.001251220703125,0.061676025390625,0.0078125,-0.01171875,0.01953125,0.2125,-0.026383526383526312,0.2388835263835263,0.03813272714614868,4.380941390991211e-05,0.03808891773223877
original,ukr_rus,0,uniform_shuffled,memberctl_ukr_rus_uniform_shuffled_s0,ukr_rus_suspended,S0_conv_center/prototype,-0.0,0.0,-0.0,-0.0,0.0,-0.0,-0.0,0.0,-0.0,-0.0,0.0,-0.0
original,ukr_rus,0,uniform_shuffled,memberctl_ukr_rus_uniform_shuffled_s0,ukr_rus_suspended,S0_conv_center/ridge,-0.0,0.0,-0.0,-0.0,0.0,-0.0,-5.551115123125783e-17,0.0,-5.551115123125783e-17,-0.0,0.0,-0.0
original,ukr_rus,0,uniform_shuffled,memberctl_ukr_rus_uniform_shuffled_s0,ukr_rus_suspended,S0_pool/prototype,-0.0,0.0,-0.0,-0.0,0.0,-0.0,-0.0,0.0,-0.0,-0.0,0.0,-0.0
original,ukr_rus,0,uniform_shuffled,memberctl_ukr_rus_uniform_shuffled_s0,ukr_rus_suspended,S0_pool/ridge,-0.0,0.0,-0.0,-0.0,0.0,-0.0,-0.0,0.0,-0.0,-0.0,0.0,-0.0
original,ukr_rus,0,uniform_shuffled,memberctl_ukr_rus_uniform_shuffled_s0,ukr_rus_suspended,U1_pre_meta/prototype,-0.008544921875,0.00836181640625,-0.01690673828125,-0.015625,0.01171875,-0.02734375,-0.026196546951263944,0.005681261631893475,-0.03187780858315742,-0.0008400678634643555,-0.00014775991439819336,-0.0006923079490661621
original,ukr_rus,0,uniform_shuffled,memberctl_ukr_rus_uniform_shuffled_s0,ukr_rus_suspended,U1_pre_meta/ridge,0.00115966796875,0.0142822265625,-0.01312255859375,-0.0390625,0.0,-0.0390625,-0.04149508573068372,0.004392866509310311,-0.045887952239994034,-0.008320391178131104,-0.001130223274230957,-0.0071901679039001465
original,ukr_rus,0,uniform_shuffled,memberctl_ukr_rus_uniform_shuffled_s0,ukr_rus_suspended,final_input/prototype,0.060791015625,9.1552734375e-05,0.060699462890625,-0.0078125,-0.01953125,0.01171875,0.1975308641975308,-0.034320034320034276,0.23185089851756507,0.0009871125221252441,5.424022674560547e-06,0.0009816884994506836
original,ukr_rus,0,uniform_shuffled,memberctl_ukr_rus_uniform_shuffled_s0,ukr_rus_suspended,final_input/ridge,0.0604248046875,-0.001251220703125,0.061676025390625,0.0078125,-0.01171875,0.01953125,0.2125,-0.026383526383526312,0.2388835263835263,0.03813272714614868,4.380941390991211e-05,0.03808891773223877
original,ukr_rus,0,uniform_shuffled,memberctl_ukr_rus_uniform_shuffled_s0,ukr_rus_suspended,full_model,0.010986328125,0.011322021484375,-0.000335693359375,0.03125,0.0,0.03125,0.054333333333333345,0.0,0.054333333333333345,0.1963404417037964,0.05871176719665527,0.1376286745071411
original,ukr_rus,0,uniform_shuffled,memberctl_ukr_rus_uniform_shuffled_s0,ukr_rus_suspended,raw_center/prototype,-0.0,0.0,-0.0,-0.0,0.0,-0.0,-5.551115123125783e-17,5.551115123125783e-17,-1.1102230246251565e-16,-0.0,0.0,-0.0
original,ukr_rus,0,uniform_shuffled,memberctl_ukr_rus_uniform_shuffled_s0,ukr_rus_suspended,raw_center/ridge,-0.0,0.0,-0.0,-0.0,0.0,-0.0,-5.551115123125783e-17,5.551115123125783e-17,-1.1102230246251565e-16,-0.0,0.0,-0.0
original,ukr_rus,0,uniform_shuffled,memberctl_ukr_rus_uniform_shuffled_s0,ukr_rus_suspended,raw_context/prototype,-0.0,0.0,-0.0,-0.0,0.0,-0.0,-0.0,0.0,-0.0,-0.0,0.0,-0.0
original,ukr_rus,0,uniform_shuffled,memberctl_ukr_rus_uniform_shuffled_s0,ukr_rus_suspended,raw_context/ridge,-0.0,0.0,-0.0,-0.0,0.0,-0.0,-5.551115123125783e-17,5.551115123125783e-17,-1.1102230246251565e-16,-0.0,0.0,-0.0
original,ukr_rus,0,uniform_shuffled,memberctl_ukr_rus_uniform_shuffled_s0,ukr_rus_suspended,raw_joint/prototype,-0.0,0.0,-0.0,-0.0,0.0,-0.0,-5.551115123125783e-17,5.551115123125783e-17,-1.1102230246251565e-16,-0.0,0.0,-0.0
original,ukr_rus,0,uniform_shuffled,memberctl_ukr_rus_uniform_shuffled_s0,ukr_rus_suspended,raw_joint/ridge,-0.0,0.0,-0.0,-0.0,0.0,-0.0,-0.0,0.0,-0.0,-0.0,0.0,-0.0
original,ukr_rus,0,uniform_sorted,memberctl_ukr_rus_uniform_sorted_s0,covid_political,M2_post_meta/prototype,0.0695037841796875,0.0818690547236689,-0.0123652705439814,0.19140625000000006,0.0126953125,0.17871093750000006,0.08049078769968243,0.0860962520319925,-0.005605464332310073,-0.025821566581726074,-0.0003376007080078125,-0.02548396587371826
original,ukr_rus,0,uniform_sorted,memberctl_ukr_rus_uniform_sorted_s0,covid_political,M2_post_meta/ridge,0.0884690461335359,0.08578886809172459,0.0026801780418113097,0.33984375000000006,0.01790364583333337,0.3219401041666667,0.17909017027484841,0.09041147939040972,0.0886786908844387,-0.09331965446472168,-0.0031276345252990723,-0.09019201993942261
original,ukr_rus,0,uniform_sorted,memberctl_ukr_rus_uniform_sorted_s0,covid_political,S0_conv_center/prototype,-0.0,0.0,-0.0,-0.0,0.0,-0.0,-0.0,0.0,-0.0,-0.0,0.0,-0.0
original,ukr_rus,0,uniform_sorted,memberctl_ukr_rus_uniform_sorted_s0,covid_political,S0_conv_center/ridge,-0.0,0.0,-0.0,-0.0,0.0,-0.0,-0.0,0.0,-0.0,-0.0,0.0,-0.0
original,ukr_rus,0,uniform_sorted,memberctl_ukr_rus_uniform_sorted_s0,covid_political,S0_pool/prototype,1.1102230246251565e-16,0.0,1.1102230246251565e-16,-0.0,0.0,-0.0,-0.0,0.0,-0.0,-0.0,0.0,-0.0
original,ukr_rus,0,uniform_sorted,memberctl_ukr_rus_uniform_sorted_s0,covid_political,S0_pool/ridge,-1.1102230246251565e-16,0.0,-1.1102230246251565e-16,-0.0,0.0,-0.0,-0.0,0.0,-0.0,-0.0,0.0,-0.0
original,ukr_rus,0,uniform_sorted,memberctl_ukr_rus_uniform_sorted_s0,covid_political,U1_pre_meta/prototype,0.05735891836660878,0.08304143834997102,-0.02568251998336224,0.0966796875,0.033203125,0.0634765625,0.1332793446019116,0.0811852352855073,0.05209410931640429,-0.02218329906463623,0.0009027719497680664,-0.023086071014404297
original,ukr_rus,0,uniform_sorted,memberctl_ukr_rus_uniform_sorted_s0,covid_political,U1_pre_meta/ridge,0.0516221788194442,0.07168635615596064,-0.020064177336516442,0.09505208333333326,0.03157552083333326,0.0634765625,0.13539703140611647,0.07335370315546053,0.06204332825065595,-0.06652098894119263,0.004695534706115723,-0.07121652364730835
original,ukr_rus,0,uniform_sorted,memberctl_ukr_rus_uniform_sorted_s0,covid_political,final_input/prototype,0.0695037841796875,0.0818690547236689,-0.0123652705439814,0.19140625000000006,0.0126953125,0.17871093750000006,0.08049078769968243,0.0860962520319925,-0.005605464332310073,-0.025821566581726074,-0.0003376007080078125,-0.02548396587371826
original,ukr_rus,0,uniform_sorted,memberctl_ukr_rus_uniform_sorted_s0,covid_political,final_input/ridge,0.0884690461335359,0.08578886809172459,0.0026801780418113097,0.33984375000000006,0.01790364583333337,0.3219401041666667,0.17909017027484841,0.09041147939040972,0.0886786908844387,-0.09331965446472168,-0.0031276345252990723,-0.09019201993942261
original,ukr_rus,0,uniform_sorted,memberctl_ukr_rus_uniform_sorted_s0,covid_political,full_model,0.15920088026258683,0.34972240306712976,-0.19052152280454293,0.34537760416666663,0.0,0.34537760416666663,0.30036023033730586,0.0,0.30036023033730586,-0.2913013994693756,-0.02705329656600952,-0.2642481029033661
original,ukr_rus,0,uniform_sorted,memberctl_ukr_rus_uniform_sorted_s0,covid_political,raw_center/prototype,-0.0,0.0,-0.0,-0.0,0.0,-0.0,-0.0,0.0,-0.0,-0.0,0.0,-0.0
original,ukr_rus,0,uniform_sorted,memberctl_ukr_rus_uniform_sorted_s0,covid_political,raw_center/ridge,-0.0,0.0,-0.0,-0.0,0.0,-0.0,-0.0,0.0,-0.0,-0.0,0.0,-0.0
original,ukr_rus,0,uniform_sorted,memberctl_ukr_rus_uniform_sorted_s0,covid_political,raw_context/prototype,-1.1102230246251565e-16,1.1102230246251565e-16,-2.220446049250313e-16,-0.0,0.0,-0.0,-0.0,0.0,-0.0,-0.0,0.0,-0.0
original,ukr_rus,0,uniform_sorted,memberctl_ukr_rus_uniform_sorted_s0,covid_political,raw_context/ridge,-0.0,0.0,-0.0,-0.0,0.0,-0.0,-0.0,0.0,-0.0,-0.0,0.0,-0.0
original,ukr_rus,0,uniform_sorted,memberctl_ukr_rus_uniform_sorted_s0,covid_political,raw_joint/prototype,-0.0,0.0,-0.0,-0.0,0.0,-0.0,-0.0,0.0,-0.0,-0.0,0.0,-0.0
original,ukr_rus,0,uniform_sorted,memberctl_ukr_rus_uniform_sorted_s0,covid_political,raw_joint/ridge,-0.0,0.0,-0.0,-0.0,0.0,-0.0,-0.0,0.0,-0.0,-0.0,0.0,-0.0
original,ukr_rus,0,uniform_sorted,memberctl_ukr_rus_uniform_sorted_s0,election2020,M2_post_meta/prototype,0.12249755859375,0.07171630859375,0.05078125,0.40234375,0.078125,0.32421875,0.2721492857732639,0.0820433680298569,0.19010591774340702,-0.0940847396850586,-0.0002371072769165039,-0.09384763240814209
original,ukr_rus,0,uniform_sorted,memberctl_ukr_rus_uniform_sorted_s0,election2020,M2_post_meta/ridge,0.12091064453125,0.08306884765625,0.037841796875,0.40234375,0.09375,0.30859375,0.2721492857732639,0.10102068352461224,0.17112860224865167,-0.21692410111427307,-0.0022886991500854492,-0.21463540196418762
original,ukr_rus,0,uniform_sorted,memberctl_ukr_rus_uniform_sorted_s0,election2020,S0_conv_center/prototype,-0.0,0.0,-0.0,-0.0,0.0,-0.0,-0.0,0.0,-0.0,-0.0,0.0,-0.0
original,ukr_rus,0,uniform_sorted,memberctl_ukr_rus_uniform_sorted_s0,election2020,S0_conv_center/ridge,-0.0,0.0,-0.0,-0.0,0.0,-0.0,-0.0,0.0,-0.0,-0.0,0.0,-0.0
original,ukr_rus,0,uniform_sorted,memberctl_ukr_rus_uniform_sorted_s0,election2020,S0_pool/prototype,-0.0,0.0,-0.0,-0.0,0.0,-0.0,1.1102230246251565e-16,-1.1102230246251565e-16,2.220446049250313e-16,-0.0,0.0,-0.0
original,ukr_rus,0,uniform_sorted,memberctl_ukr_rus_uniform_sorted_s0,election2020,S0_pool/ridge,-0.0,0.0,-0.0,-0.0,0.0,-0.0,1.1102230246251565e-16,-1.1102230246251565e-16,2.220446049250313e-16,-5.551115123125783e-17,0.0,-5.551115123125783e-17
original,ukr_rus,0,uniform_sorted,memberctl_ukr_rus_uniform_sorted_s0,election2020,U1_pre_meta/prototype,0.032470703125,0.048980712890625,-0.016510009765625,0.078125,0.0625,0.015625,0.07552447552447572,0.06562814849259857,0.00989632703187715,-0.02266991138458252,0.0005211234092712402,-0.02319103479385376
original,ukr_rus,0,uniform_sorted,memberctl_ukr_rus_uniform_sorted_s0,election2020,U1_pre_meta/ridge,0.0230712890625,0.03070068359375,-0.00762939453125,0.05859375,0.05078125,0.0078125,0.056858730622989295,0.05490196078431375,0.0019567698386755428,-0.08435812592506409,0.002972543239593506,-0.08733066916465759
original,ukr_rus,0,uniform_sorted,memberctl_ukr_rus_uniform_sorted_s0,election2020,final_input/prototype,0.12249755859375,0.07171630859375,0.05078125,0.40234375,0.078125,0.32421875,0.2721492857732639,0.0820433680298569,0.19010591774340702,-0.0940847396850586,-0.0002371072769165039,-0.09384763240814209
original,ukr_rus,0,uniform_sorted,memberctl_ukr_rus_uniform_sorted_s0,election2020,final_input/ridge,0.12091064453125,0.08306884765625,0.037841796875,0.40234375,0.09375,0.30859375,0.2721492857732639,0.10102068352461224,0.17112860224865167,-0.21692410111427307,-0.0022886991500854492,-0.21463540196418762
original,ukr_rus,0,uniform_sorted,memberctl_ukr_rus_uniform_sorted_s0,election2020,full_model,0.34588623046875,0.3427734375,0.00311279296875,0.375,0.0,0.375,0.2753130590339894,0.0,0.2753130590339894,-0.6142348796129227,0.03605222702026367,-0.6502871066331863
original,ukr_rus,0,uniform_sorted,memberctl_ukr_rus_uniform_sorted_s0,election2020,raw_center/prototype,-0.0,0.0,-0.0,-0.0,0.0,-0.0,-0.0,0.0,-0.0,-0.0,0.0,-0.0
original,ukr_rus,0,uniform_sorted,memberctl_ukr_rus_uniform_sorted_s0,election2020,raw_center/ridge,-0.0,0.0,-0.0,-0.0,0.0,-0.0,-0.0,0.0,-0.0,-0.0,0.0,-0.0
original,ukr_rus,0,uniform_sorted,memberctl_ukr_rus_uniform_sorted_s0,election2020,raw_context/prototype,-0.0,0.0,-0.0,-0.0,0.0,-0.0,1.1102230246251565e-16,-1.1102230246251565e-16,2.220446049250313e-16,-0.0,0.0,-0.0
original,ukr_rus,0,uniform_sorted,memberctl_ukr_rus_uniform_sorted_s0,election2020,raw_context/ridge,-0.0,0.0,-0.0,-0.0,0.0,-0.0,1.1102230246251565e-16,-1.1102230246251565e-16,2.220446049250313e-16,-0.0,0.0,-0.0
original,ukr_rus,0,uniform_sorted,memberctl_ukr_rus_uniform_sorted_s0,election2020,raw_joint/prototype,-0.0,0.0,-0.0,-0.0,0.0,-0.0,-0.0,0.0,-0.0,-0.0,0.0,-0.0
original,ukr_rus,0,uniform_sorted,memberctl_ukr_rus_uniform_sorted_s0,election2020,raw_joint/ridge,-0.0,0.0,-0.0,-0.0,0.0,-0.0,-0.0,0.0,-0.0,-0.0,0.0,-0.0
original,ukr_rus,0,uniform_sorted,memberctl_ukr_rus_uniform_sorted_s0,facebook_page_reference,M2_post_meta/prototype,0.13445663452148438,-0.011585235595703125,0.1460418701171875,0.0849609375,-0.029296875,0.1142578125,0.04541011285879326,-0.03342765757893973,0.07883777043773299,-0.020850419998168945,-0.00011658668518066406,-0.02073383331298828
original,ukr_rus,0,uniform_sorted,memberctl_ukr_rus_uniform_sorted_s0,facebook_page_reference,M2_post_meta/ridge,0.1471729278564453,-0.0033321380615234375,0.15050506591796875,0.0869140625,-0.0224609375,0.109375,0.048972750506156904,-0.02802307151454475,0.07699582202070165,-0.06335550546646118,-0.0011084675788879395,-0.06224703788757324
original,ukr_rus,0,uniform_sorted,memberctl_ukr_rus_uniform_sorted_s0,facebook_page_reference,S0_conv_center/prototype,-0.0,0.0,-0.0,-0.0,0.0,-0.0,-0.0,0.0,-0.0,-0.0,0.0,-0.0
original,ukr_rus,0,uniform_sorted,memberctl_ukr_rus_uniform_sorted_s0,facebook_page_reference,S0_conv_center/ridge,-0.0,0.0,-0.0,-0.0,0.0,-0.0,-0.0,0.0,-0.0,-0.0,0.0,-0.0
original,ukr_rus,0,uniform_sorted,memberctl_ukr_rus_uniform_sorted_s0,facebook_page_reference,S0_pool/prototype,-0.0,0.0,-0.0,-0.0,0.0,-0.0,-0.0,0.0,-0.0,-0.0,0.0,-0.0
original,ukr_rus,0,uniform_sorted,memberctl_ukr_rus_uniform_sorted_s0,facebook_page_reference,S0_pool/ridge,-0.0,0.0,-0.0,-0.0,0.0,-0.0,-0.0,0.0,-0.0,-0.0,0.0,-0.0
original,ukr_rus,0,uniform_sorted,memberctl_ukr_rus_uniform_sorted_s0,facebook_page_reference,U1_pre_meta/prototype,-0.054294586181640625,-0.03700828552246094,-0.017286300659179688,-0.052734375,-0.0341796875,-0.0185546875,-0.051140521929965654,-0.03832144205897048,-0.012819079870995176,0.004131317138671875,0.00048536062240600586,0.003645956516265869
original,ukr_rus,0,uniform_sorted,memberctl_ukr_rus_uniform_sorted_s0,facebook_page_reference,U1_pre_meta/ridge,-0.0501556396484375,-0.04868507385253906,-0.0014705657958984375,-0.05078125,-0.04296875,-0.0078125,-0.05483846181528518,-0.04791372489409618,-0.006924736921189001,0.010329246520996094,0.004276633262634277,0.006052613258361816
original,ukr_rus,0,uniform_sorted,memberctl_ukr_rus_uniform_sorted_s0,facebook_page_reference,final_input/prototype,0.13445663452148438,-0.011585235595703125,0.1460418701171875,0.0849609375,-0.029296875,0.1142578125,0.04541011285879326,-0.03342765757893973,0.07883777043773299,-0.020850419998168945,-0.00011658668518066406,-0.02073383331298828
original,ukr_rus,0,uniform_sorted,memberctl_ukr_rus_uniform_sorted_s0,facebook_page_reference,final_input/ridge,0.1471729278564453,-0.0033321380615234375,0.15050506591796875,0.0869140625,-0.0224609375,0.109375,0.048972750506156904,-0.02802307151454475,0.07699582202070165,-0.06335550546646118,-0.0011084675788879395,-0.06224703788757324
original,ukr_rus,0,uniform_sorted,memberctl_ukr_rus_uniform_sorted_s0,facebook_page_reference,full_model,0.10939216613769531,0.0027065277099609375,0.10668563842773438,0.0771484375,0.0068359375,0.0703125,0.07467474705737198,-0.007894139705970193,0.08256888676334218,0.24058103561401356,3.516674041748047e-05,0.24054586887359608
original,ukr_rus,0,uniform_sorted,memberctl_ukr_rus_uniform_sorted_s0,facebook_page_reference,raw_center/prototype,-0.0,0.0,-0.0,-0.0,0.0,-0.0,-0.0,0.0,-0.0,-0.0,0.0,-0.0
original,ukr_rus,0,uniform_sorted,memberctl_ukr_rus_uniform_sorted_s0,facebook_page_reference,raw_center/ridge,1.1102230246251565e-16,-1.1102230246251565e-16,2.220446049250313e-16,-0.0,0.0,-0.0,-0.0,0.0,-0.0,-0.0,0.0,-0.0
original,ukr_rus,0,uniform_sorted,memberctl_ukr_rus_uniform_sorted_s0,facebook_page_reference,raw_context/prototype,-0.0,0.0,-0.0,-0.0,0.0,-0.0,-0.0,0.0,-0.0,-0.0,0.0,-0.0
original,ukr_rus,0,uniform_sorted,memberctl_ukr_rus_uniform_sorted_s0,facebook_page_reference,raw_context/ridge,-0.0,0.0,-0.0,-0.0,0.0,-0.0,-0.0,0.0,-0.0,-0.0,0.0,-0.0
original,ukr_rus,0,uniform_sorted,memberctl_ukr_rus_uniform_sorted_s0,facebook_page_reference,raw_joint/prototype,-0.0,0.0,-0.0,-0.0,0.0,-0.0,-0.0,0.0,-0.0,-0.0,0.0,-0.0
original,ukr_rus,0,uniform_sorted,memberctl_ukr_rus_uniform_sorted_s0,facebook_page_reference,raw_joint/ridge,1.1102230246251565e-16,-1.1102230246251565e-16,2.220446049250313e-16,-0.0,0.0,-0.0,-0.0,0.0,-0.0,-0.0,0.0,-0.0
original,ukr_rus,0,uniform_sorted,memberctl_ukr_rus_uniform_sorted_s0,twibot20,M2_post_meta/prototype,0.20465448167588962,-0.004660288492838616,0.20931477016872824,0.1337890625,-0.0048828125,0.138671875,0.22585911755774063,-0.005042502309596464,0.2309016198673371,-0.011133909225463867,-0.0006470680236816406,-0.010486841201782227
original,ukr_rus,0,uniform_sorted,memberctl_ukr_rus_uniform_sorted_s0,twibot20,M2_post_meta/ridge,0.21127298143174927,-0.0040740966796875,0.21534707811143677,0.130859375,-0.00390625,0.134765625,0.24641502970116963,-0.0036936449172507713,0.2501086746184204,-0.021189868450164795,-0.004628479480743408,-0.016561388969421387
original,ukr_rus,0,uniform_sorted,memberctl_ukr_rus_uniform_sorted_s0,twibot20,S0_conv_center/prototype,-0.0,0.0,-0.0,-0.0,0.0,-0.0,-0.0,0.0,-0.0,-0.0,0.0,-0.0
original,ukr_rus,0,uniform_sorted,memberctl_ukr_rus_uniform_sorted_s0,twibot20,S0_conv_center/ridge,-0.0,0.0,-0.0,-0.0,0.0,-0.0,-0.0,0.0,-0.0,-0.0,0.0,-0.0
original,ukr_rus,0,uniform_sorted,memberctl_ukr_rus_uniform_sorted_s0,twibot20,S0_pool/prototype,-0.0,0.0,-0.0,-0.0,0.0,-0.0,-0.0,0.0,-0.0,-0.0,0.0,-0.0
original,ukr_rus,0,uniform_sorted,memberctl_ukr_rus_uniform_sorted_s0,twibot20,S0_pool/ridge,-0.0,0.0,-0.0,-0.0,0.0,-0.0,-0.0,0.0,-0.0,-0.0,0.0,-0.0
original,ukr_rus,0,uniform_sorted,memberctl_ukr_rus_uniform_sorted_s0,twibot20,U1_pre_meta/prototype,-0.014924367268880245,-0.007122251722547768,-0.007802115546332478,-0.02669270833333337,-0.0048828125,-0.02180989583333337,-0.03487362439100894,-0.00296141290081664,-0.0319122114901923,0.004412412643432617,0.005511641502380371,-0.001099228858947754
original,ukr_rus,0,uniform_sorted,memberctl_ukr_rus_uniform_sorted_s0,twibot20,U1_pre_meta/ridge,-0.004866494072808147,-0.009820514255099777,0.00495402018229163,-0.01106770833333326,-0.0068359375,-0.004231770833333259,-0.01540131275092227,-0.004133891208449758,-0.011267421542472511,0.006129324436187744,0.018431782722473145,-0.0123024582862854
original,ukr_rus,0,uniform_sorted,memberctl_ukr_rus_uniform_sorted_s0,twibot20,final_input/prototype,0.20465448167588962,-0.004660288492838616,0.20931477016872824,0.1337890625,-0.0048828125,0.138671875,0.22585911755774063,-0.005042502309596464,0.2309016198673371,-0.011133909225463867,-0.0006470680236816406,-0.010486841201782227
original,ukr_rus,0,uniform_sorted,memberctl_ukr_rus_uniform_sorted_s0,twibot20,final_input/ridge,0.21127298143174927,-0.0040740966796875,0.21534707811143677,0.130859375,-0.00390625,0.134765625,0.24641502970116963,-0.0036936449172507713,0.2501086746184204,-0.021189868450164795,-0.004628479480743408,-0.016561388969421387
original,ukr_rus,0,uniform_sorted,memberctl_ukr_rus_uniform_sorted_s0,twibot20,full_model,0.05208502875434029,0.3173792097303603,-0.26529418097602003,0.0390625,0.0,0.0390625,0.049565233856642577,0.0,0.049565233856642577,0.3350382447242737,-0.01632523536682129,0.35136348009109497
original,ukr_rus,0,uniform_sorted,memberctl_ukr_rus_uniform_sorted_s0,twibot20,raw_center/prototype,-0.0,0.0,-0.0,-0.0,0.0,-0.0,-0.0,0.0,-0.0,-0.0,0.0,-0.0
original,ukr_rus,0,uniform_sorted,memberctl_ukr_rus_uniform_sorted_s0,twibot20,raw_center/ridge,-0.0,0.0,-0.0,-0.0,0.0,-0.0,-0.0,0.0,-0.0,-0.0,0.0,-0.0
original,ukr_rus,0,uniform_sorted,memberctl_ukr_rus_uniform_sorted_s0,twibot20,raw_context/prototype,-0.0,0.0,-0.0,-0.0,0.0,-0.0,-0.0,0.0,-0.0,-0.0,0.0,-0.0
original,ukr_rus,0,uniform_sorted,memberctl_ukr_rus_uniform_sorted_s0,twibot20,raw_context/ridge,-0.0,0.0,-0.0,-0.0,0.0,-0.0,-0.0,0.0,-0.0,-0.0,0.0,-0.0
original,ukr_rus,0,uniform_sorted,memberctl_ukr_rus_uniform_sorted_s0,twibot20,raw_joint/prototype,-0.0,0.0,-0.0,-0.0,0.0,-0.0,-0.0,0.0,-0.0,-0.0,0.0,-0.0
original,ukr_rus,0,uniform_sorted,memberctl_ukr_rus_uniform_sorted_s0,twibot20,raw_joint/ridge,-0.0,0.0,-0.0,-0.0,0.0,-0.0,-0.0,0.0,-0.0,-0.0,0.0,-0.0
original,ukr_rus,0,uniform_sorted,memberctl_ukr_rus_uniform_sorted_s0,ukr_rus_suspended,M2_post_meta/prototype,0.024932861328125,-0.000885009765625,0.02581787109375,-0.015625,-0.01953125,0.00390625,-0.2990906507530549,-0.04787016982138925,-0.25122048093166566,0.0009132623672485352,1.1920928955078125e-05,0.000901341438293457
original,ukr_rus,0,uniform_sorted,memberctl_ukr_rus_uniform_sorted_s0,ukr_rus_suspended,M2_post_meta/ridge,0.01776123046875,-0.005157470703125,0.022918701171875,-0.01171875,-0.0234375,0.01171875,-0.33892477993124037,-0.049614681193628496,-0.2893100987376119,0.03451031446456909,0.00010502338409423828,0.034405291080474854
original,ukr_rus,0,uniform_sorted,memberctl_ukr_rus_uniform_sorted_s0,ukr_rus_suspended,S0_conv_center/prototype,-0.0,0.0,-0.0,-0.0,0.0,-0.0,-0.0,0.0,-0.0,-0.0,0.0,-0.0
original,ukr_rus,0,uniform_sorted,memberctl_ukr_rus_uniform_sorted_s0,ukr_rus_suspended,S0_conv_center/ridge,-0.0,0.0,-0.0,-0.0,0.0,-0.0,-0.0,0.0,-0.0,-0.0,0.0,-0.0
original,ukr_rus,0,uniform_sorted,memberctl_ukr_rus_uniform_sorted_s0,ukr_rus_suspended,S0_pool/prototype,-0.0,0.0,-0.0,-0.0,0.0,-0.0,-0.0,0.0,-0.0,-0.0,0.0,-0.0
original,ukr_rus,0,uniform_sorted,memberctl_ukr_rus_uniform_sorted_s0,ukr_rus_suspended,S0_pool/ridge,-0.0,0.0,-0.0,-0.0,0.0,-0.0,-0.0,0.0,-0.0,-0.0,0.0,-0.0
original,ukr_rus,0,uniform_sorted,memberctl_ukr_rus_uniform_sorted_s0,ukr_rus_suspended,U1_pre_meta/prototype,0.0294189453125,-0.00958251953125,0.03900146484375,-0.00390625,0.0,-0.00390625,-0.0203962703962704,-0.004324992276799444,-0.016071278119470955,-0.0016330480575561523,-0.00011879205703735352,-0.0015142560005187988
original,ukr_rus,0,uniform_sorted,memberctl_ukr_rus_uniform_sorted_s0,ukr_rus_suspended,U1_pre_meta/ridge,0.04052734375,-0.005035400390625,0.045562744140625,0.0078125,-0.015625,0.0234375,0.018544955969864496,-0.007284552845528369,0.025829508815392865,-0.010345816612243652,-0.000868678092956543,-0.00947713851928711
original,ukr_rus,0,uniform_sorted,memberctl_ukr_rus_uniform_sorted_s0,ukr_rus_suspended,final_input/prototype,0.024932861328125,-0.000885009765625,0.02581787109375,-0.015625,-0.01953125,0.00390625,-0.2990906507530549,-0.04787016982138925,-0.25122048093166566,0.0009132623672485352,1.1920928955078125e-05,0.000901341438293457
original,ukr_rus,0,uniform_sorted,memberctl_ukr_rus_uniform_sorted_s0,ukr_rus_suspended,final_input/ridge,0.01776123046875,-0.005157470703125,0.022918701171875,-0.01171875,-0.0234375,0.01171875,-0.33892477993124037,-0.049614681193628496,-0.2893100987376119,0.03451031446456909,0.00010502338409423828,0.034405291080474854
original,ukr_rus,0,uniform_sorted,memberctl_ukr_rus_uniform_sorted_s0,ukr_rus_suspended,full_model,0.001708984375,0.038360595703125,-0.036651611328125,-0.0078125,0.0078125,-0.015625,-0.03546949712069397,0.5467625899280576,-0.5822320870487516,0.3295990824699402,-0.10695934295654297,0.43655842542648315
original,ukr_rus,0,uniform_sorted,memberctl_ukr_rus_uniform_sorted_s0,ukr_rus_suspended,raw_center/prototype,-0.0,0.0,-0.0,-0.0,0.0,-0.0,-5.551115123125783e-17,5.551115123125783e-17,-1.1102230246251565e-16,-0.0,0.0,-0.0
original,ukr_rus,0,uniform_sorted,memberctl_ukr_rus_uniform_sorted_s0,ukr_rus_suspended,raw_center/ridge,-0.0,0.0,-0.0,-0.0,0.0,-0.0,-5.551115123125783e-17,5.551115123125783e-17,-1.1102230246251565e-16,-0.0,0.0,-0.0
original,ukr_rus,0,uniform_sorted,memberctl_ukr_rus_uniform_sorted_s0,ukr_rus_suspended,raw_context/prototype,-0.0,0.0,-0.0,-0.0,0.0,-0.0,-0.0,0.0,-0.0,-0.0,0.0,-0.0
original,ukr_rus,0,uniform_sorted,memberctl_ukr_rus_uniform_sorted_s0,ukr_rus_suspended,raw_context/ridge,-0.0,0.0,-0.0,-0.0,0.0,-0.0,-5.551115123125783e-17,5.551115123125783e-17,-1.1102230246251565e-16,-0.0,0.0,-0.0
original,ukr_rus,0,uniform_sorted,memberctl_ukr_rus_uniform_sorted_s0,ukr_rus_suspended,raw_joint/prototype,-0.0,0.0,-0.0,-0.0,0.0,-0.0,-5.551115123125783e-17,5.551115123125783e-17,-1.1102230246251565e-16,-0.0,0.0,-0.0
original,ukr_rus,0,uniform_sorted,memberctl_ukr_rus_uniform_sorted_s0,ukr_rus_suspended,raw_joint/ridge,-0.0,0.0,-0.0,-0.0,0.0,-0.0,-0.0,0.0,-0.0,-0.0,0.0,-0.0
original,ukr_rus,1,lowest_shuffled,memberctl_ukr_rus_lowest_shuffled_s1,covid_political,M2_post_meta/prototype,0.30191407380280677,-0.07476354528356488,0.37667761908637165,0.35677083333333337,-0.03352864583333326,0.39029947916666663,0.15710159958514502,-0.059280766292380105,0.21638236587752513,-0.027642369270324707,-0.00010138750076293945,-0.027540981769561768
original,ukr_rus,1,lowest_shuffled,memberctl_ukr_rus_lowest_shuffled_s1,covid_political,M2_post_meta/ridge,0.3035914103190105,-0.07224725793909137,0.37583866825810186,0.36360677083333337,-0.0302734375,0.39388020833333337,0.16420506999924067,-0.05658038093972445,0.22078545093896512,-0.087677001953125,-0.0008780360221862793,-0.08679896593093872
original,ukr_rus,1,lowest_shuffled,memberctl_ukr_rus_lowest_shuffled_s1,covid_political,S0_conv_center/prototype,-0.0,0.0,-0.0,-0.0,0.0,-0.0,-0.0,0.0,-0.0,-0.0,0.0,-0.0
original,ukr_rus,1,lowest_shuffled,memberctl_ukr_rus_lowest_shuffled_s1,covid_political,S0_conv_center/ridge,-0.0,0.0,-0.0,-0.0,0.0,-0.0,-0.0,0.0,-0.0,-0.0,0.0,-0.0
original,ukr_rus,1,lowest_shuffled,memberctl_ukr_rus_lowest_shuffled_s1,covid_political,S0_pool/prototype,1.1102230246251565e-16,0.0,1.1102230246251565e-16,-0.0,0.0,-0.0,-0.0,0.0,-0.0,-0.0,0.0,-0.0
original,ukr_rus,1,lowest_shuffled,memberctl_ukr_rus_lowest_shuffled_s1,covid_political,S0_pool/ridge,-0.0,0.0,-0.0,-0.0,0.0,-0.0,-0.0,0.0,-0.0,-0.0,0.0,-0.0
original,ukr_rus,1,lowest_shuffled,memberctl_ukr_rus_lowest_shuffled_s1,covid_political,U1_pre_meta/prototype,0.04479641384548605,-0.06984767207392928,0.11464408591941533,0.09114583333333326,-0.06770833333333337,0.15885416666666663,0.1346100834240116,-0.06799796304379446,0.20260804646780606,-0.022346198558807373,0.0005990266799926758,-0.02294522523880005
original,ukr_rus,1,lowest_shuffled,memberctl_ukr_rus_lowest_shuffled_s1,covid_political,U1_pre_meta/ridge,0.04177234790943307,-0.07514021131727433,0.1169125592267074,0.08723958333333326,-0.06640625,0.15364583333333326,0.13113553113553122,-0.06932721734320058,0.2004627484787318,-0.0637199878692627,0.0048004984855651855,-0.06852048635482788
original,ukr_rus,1,lowest_shuffled,memberctl_ukr_rus_lowest_shuffled_s1,covid_political,final_input/prototype,0.30191407380280677,-0.07476354528356488,0.37667761908637165,0.35677083333333337,-0.03352864583333326,0.39029947916666663,0.15710159958514502,-0.059280766292380105,0.21638236587752513,-0.027642369270324707,-0.00010138750076293945,-0.027540981769561768
original,ukr_rus,1,lowest_shuffled,memberctl_ukr_rus_lowest_shuffled_s1,covid_political,final_input/ridge,0.3035914103190105,-0.07224725793909137,0.37583866825810186,0.36360677083333337,-0.0302734375,0.39388020833333337,0.16420506999924067,-0.05658038093972445,0.22078545093896512,-0.087677001953125,-0.0008780360221862793,-0.08679896593093872
original,ukr_rus,1,lowest_shuffled,memberctl_ukr_rus_lowest_shuffled_s1,covid_political,full_model,0.10039915861906823,0.1798194602683738,-0.07942030164930558,0.05631510416666663,0.0,0.05631510416666663,0.1273240584434484,0.0,0.1273240584434484,-0.1729444563388825,-0.03709536790847778,-0.13584908843040472
original,ukr_rus,1,lowest_shuffled,memberctl_ukr_rus_lowest_shuffled_s1,covid_political,raw_center/prototype,-0.0,0.0,-0.0,-0.0,0.0,-0.0,-0.0,0.0,-0.0,-0.0,0.0,-0.0
original,ukr_rus,1,lowest_shuffled,memberctl_ukr_rus_lowest_shuffled_s1,covid_political,raw_center/ridge,-0.0,0.0,-0.0,-0.0,0.0,-0.0,-0.0,0.0,-0.0,-0.0,0.0,-0.0
original,ukr_rus,1,lowest_shuffled,memberctl_ukr_rus_lowest_shuffled_s1,covid_political,raw_context/prototype,-1.1102230246251565e-16,1.1102230246251565e-16,-2.220446049250313e-16,-0.0,0.0,-0.0,-0.0,0.0,-0.0,-0.0,0.0,-0.0
original,ukr_rus,1,lowest_shuffled,memberctl_ukr_rus_lowest_shuffled_s1,covid_political,raw_context/ridge,-0.0,0.0,-0.0,-0.0,0.0,-0.0,-0.0,0.0,-0.0,-0.0,0.0,-0.0
original,ukr_rus,1,lowest_shuffled,memberctl_ukr_rus_lowest_shuffled_s1,covid_political,raw_joint/prototype,-0.0,0.0,-0.0,-0.0,0.0,-0.0,-0.0,0.0,-0.0,-0.0,0.0,-0.0
original,ukr_rus,1,lowest_shuffled,memberctl_ukr_rus_lowest_shuffled_s1,covid_political,raw_joint/ridge,-0.0,0.0,-0.0,-0.0,0.0,-0.0,-0.0,0.0,-0.0,-0.0,0.0,-0.0
original,ukr_rus,1,lowest_shuffled,memberctl_ukr_rus_lowest_shuffled_s1,election2020,M2_post_meta/prototype,0.27911376953125,-0.08966064453125,0.3687744140625,0.42578125,-0.07421875,0.5,0.274436680537018,-0.08126349071230965,0.3557001712493276,-0.058669209480285645,-5.960464477539062e-07,-0.05866861343383789
original,ukr_rus,1,lowest_shuffled,memberctl_ukr_rus_lowest_shuffled_s1,election2020,M2_post_meta/ridge,0.280517578125,-0.089111328125,0.36962890625,0.42578125,-0.07421875,0.5,0.274436680537018,-0.08999233716475097,0.36442901770176894,-0.20128867030143738,0.0001264810562133789,-0.20141515135765076
original,ukr_rus,1,lowest_shuffled,memberctl_ukr_rus_lowest_shuffled_s1,election2020,S0_conv_center/prototype,-0.0,0.0,-0.0,-0.0,0.0,-0.0,-0.0,0.0,-0.0,-0.0,0.0,-0.0
original,ukr_rus,1,lowest_shuffled,memberctl_ukr_rus_lowest_shuffled_s1,election2020,S0_conv_center/ridge,-0.0,0.0,-0.0,-0.0,0.0,-0.0,-0.0,0.0,-0.0,-0.0,0.0,-0.0
original,ukr_rus,1,lowest_shuffled,memberctl_ukr_rus_lowest_shuffled_s1,election2020,S0_pool/prototype,-0.0,0.0,-0.0,-0.0,0.0,-0.0,1.1102230246251565e-16,-1.1102230246251565e-16,2.220446049250313e-16,-0.0,0.0,-0.0
original,ukr_rus,1,lowest_shuffled,memberctl_ukr_rus_lowest_shuffled_s1,election2020,S0_pool/ridge,-0.0,0.0,-0.0,-0.0,0.0,-0.0,1.1102230246251565e-16,-1.1102230246251565e-16,2.220446049250313e-16,-0.0,0.0,-0.0
original,ukr_rus,1,lowest_shuffled,memberctl_ukr_rus_lowest_shuffled_s1,election2020,U1_pre_meta/prototype,0.0347900390625,-0.110260009765625,0.145050048828125,0.0859375,-0.10546875,0.19140625,0.08385202583675888,-0.10922709163346622,0.1930791174702251,-0.031707704067230225,0.0009173750877380371,-0.03262507915496826
original,ukr_rus,1,lowest_shuffled,memberctl_ukr_rus_lowest_shuffled_s1,election2020,U1_pre_meta/ridge,0.0208740234375,-0.1329345703125,0.15380859375,0.06640625,-0.12109375,0.1875,0.06446329336063195,-0.1328589500316255,0.19732224339225746,-0.09834218025207525,0.008068084716796875,-0.10641026496887213
original,ukr_rus,1,lowest_shuffled,memberctl_ukr_rus_lowest_shuffled_s1,election2020,final_input/prototype,0.27911376953125,-0.08966064453125,0.3687744140625,0.42578125,-0.07421875,0.5,0.274436680537018,-0.08126349071230965,0.3557001712493276,-0.058669209480285645,-5.960464477539062e-07,-0.05866861343383789
original,ukr_rus,1,lowest_shuffled,memberctl_ukr_rus_lowest_shuffled_s1,election2020,final_input/ridge,0.280517578125,-0.089111328125,0.36962890625,0.42578125,-0.07421875,0.5,0.274436680537018,-0.08999233716475097,0.36442901770176894,-0.20128867030143738,0.0001264810562133789,-0.20141515135765076
original,ukr_rus,1,lowest_shuffled,memberctl_ukr_rus_lowest_shuffled_s1,election2020,full_model,0.112091064453125,0.27587890625,-0.163787841796875,0.19921875,0.0,0.19921875,0.2072874493927127,0.0,0.2072874493927127,-0.5811001136898994,0.1143152117729187,-0.6954153254628181
original,ukr_rus,1,lowest_shuffled,memberctl_ukr_rus_lowest_shuffled_s1,election2020,raw_center/prototype,-0.0,0.0,-0.0,-0.0,0.0,-0.0,-0.0,0.0,-0.0,-0.0,0.0,-0.0
original,ukr_rus,1,lowest_shuffled,memberctl_ukr_rus_lowest_shuffled_s1,election2020,raw_center/ridge,-0.0,0.0,-0.0,-0.0,0.0,-0.0,-0.0,0.0,-0.0,-0.0,0.0,-0.0
original,ukr_rus,1,lowest_shuffled,memberctl_ukr_rus_lowest_shuffled_s1,election2020,raw_context/prototype,-0.0,0.0,-0.0,-0.0,0.0,-0.0,1.1102230246251565e-16,-1.1102230246251565e-16,2.220446049250313e-16,-0.0,0.0,-0.0
original,ukr_rus,1,lowest_shuffled,memberctl_ukr_rus_lowest_shuffled_s1,election2020,raw_context/ridge,-0.0,0.0,-0.0,-0.0,0.0,-0.0,1.1102230246251565e-16,-1.1102230246251565e-16,2.220446049250313e-16,-0.0,0.0,-0.0
original,ukr_rus,1,lowest_shuffled,memberctl_ukr_rus_lowest_shuffled_s1,election2020,raw_joint/prototype,-0.0,0.0,-0.0,-0.0,0.0,-0.0,-0.0,0.0,-0.0,-0.0,0.0,-0.0
original,ukr_rus,1,lowest_shuffled,memberctl_ukr_rus_lowest_shuffled_s1,election2020,raw_joint/ridge,-0.0,0.0,-0.0,-0.0,0.0,-0.0,-0.0,0.0,-0.0,-0.0,0.0,-0.0
original,ukr_rus,1,lowest_shuffled,memberctl_ukr_rus_lowest_shuffled_s1,facebook_page_reference,M2_post_meta/prototype,0.07958412170410156,-0.020305633544921875,0.09988975524902344,0.0546875,-0.0205078125,0.0751953125,0.041392997773675555,-0.020730718931918135,0.06212371670559369,-0.01845163106918335,-0.0001647472381591797,-0.01828688383102417
original,ukr_rus,1,lowest_shuffled,memberctl_ukr_rus_lowest_shuffled_s1,facebook_page_reference,M2_post_meta/ridge,0.10882568359375,-0.013368606567382812,0.12219429016113281,0.0576171875,-0.0107421875,0.068359375,0.0432117774444456,-0.010491996833617345,0.05370377427806294,-0.056266963481903076,-0.0015925765037536621,-0.054674386978149414
original,ukr_rus,1,lowest_shuffled,memberctl_ukr_rus_lowest_shuffled_s1,facebook_page_reference,S0_conv_center/prototype,-0.0,0.0,-0.0,-0.0,0.0,-0.0,-0.0,0.0,-0.0,-0.0,0.0,-0.0
original,ukr_rus,1,lowest_shuffled,memberctl_ukr_rus_lowest_shuffled_s1,facebook_page_reference,S0_conv_center/ridge,-0.0,0.0,-0.0,-0.0,0.0,-0.0,-0.0,0.0,-0.0,-0.0,0.0,-0.0
original,ukr_rus,1,lowest_shuffled,memberctl_ukr_rus_lowest_shuffled_s1,facebook_page_reference,S0_pool/prototype,-0.0,0.0,-0.0,-0.0,0.0,-0.0,-0.0,0.0,-0.0,-0.0,0.0,-0.0
original,ukr_rus,1,lowest_shuffled,memberctl_ukr_rus_lowest_shuffled_s1,facebook_page_reference,S0_pool/ridge,-0.0,0.0,-0.0,-0.0,0.0,-0.0,-0.0,0.0,-0.0,-0.0,0.0,-0.0
original,ukr_rus,1,lowest_shuffled,memberctl_ukr_rus_lowest_shuffled_s1,facebook_page_reference,U1_pre_meta/prototype,-0.06507301330566406,-0.022027969360351562,-0.0430450439453125,-0.07421875,-0.0283203125,-0.0458984375,-0.07907194750410118,-0.0301416925281629,-0.04893025497593828,0.006932616233825684,0.0001481175422668457,0.006784498691558838
original,ukr_rus,1,lowest_shuffled,memberctl_ukr_rus_lowest_shuffled_s1,facebook_page_reference,U1_pre_meta/ridge,-0.06560134887695312,-0.022489547729492188,-0.04311180114746094,-0.068359375,-0.0224609375,-0.0458984375,-0.07015056535239328,-0.0258926029269404,-0.04425796242545288,0.016433238983154297,0.0013696551322937012,0.015063583850860596
original,ukr_rus,1,lowest_shuffled,memberctl_ukr_rus_lowest_shuffled_s1,facebook_page_reference,final_input/prototype,0.07958412170410156,-0.020305633544921875,0.09988975524902344,0.0546875,-0.0205078125,0.0751953125,0.041392997773675555,-0.020730718931918135,0.06212371670559369,-0.01845163106918335,-0.0001647472381591797,-0.01828688383102417
original,ukr_rus,1,lowest_shuffled,memberctl_ukr_rus_lowest_shuffled_s1,facebook_page_reference,final_input/ridge,0.10882568359375,-0.013368606567382812,0.12219429016113281,0.0576171875,-0.0107421875,0.068359375,0.0432117774444456,-0.010491996833617345,0.05370377427806294,-0.056266963481903076,-0.0015925765037536621,-0.054674386978149414
original,ukr_rus,1,lowest_shuffled,memberctl_ukr_rus_lowest_shuffled_s1,facebook_page_reference,full_model,0.05674934387207031,0.0054874420166015625,0.05126190185546875,0.0390625,0.0068359375,0.0322265625,0.04288158970938427,0.023954468876299484,0.018927120833084787,0.07502478361129761,-1.4901161193847656e-06,0.07502627372741699
original,ukr_rus,1,lowest_shuffled,memberctl_ukr_rus_lowest_shuffled_s1,facebook_page_reference,raw_center/prototype,-0.0,0.0,-0.0,-0.0,0.0,-0.0,-0.0,0.0,-0.0,-0.0,0.0,-0.0
original,ukr_rus,1,lowest_shuffled,memberctl_ukr_rus_lowest_shuffled_s1,facebook_page_reference,raw_center/ridge,1.1102230246251565e-16,-1.1102230246251565e-16,2.220446049250313e-16,-0.0,0.0,-0.0,-0.0,0.0,-0.0,-0.0,0.0,-0.0
original,ukr_rus,1,lowest_shuffled,memberctl_ukr_rus_lowest_shuffled_s1,facebook_page_reference,raw_context/prototype,-0.0,0.0,-0.0,-0.0,0.0,-0.0,-0.0,0.0,-0.0,-0.0,0.0,-0.0
original,ukr_rus,1,lowest_shuffled,memberctl_ukr_rus_lowest_shuffled_s1,facebook_page_reference,raw_context/ridge,-0.0,0.0,-0.0,-0.0,0.0,-0.0,-0.0,0.0,-0.0,-0.0,0.0,-0.0
original,ukr_rus,1,lowest_shuffled,memberctl_ukr_rus_lowest_shuffled_s1,facebook_page_reference,raw_joint/prototype,-0.0,0.0,-0.0,-0.0,0.0,-0.0,-0.0,0.0,-0.0,-0.0,0.0,-0.0
original,ukr_rus,1,lowest_shuffled,memberctl_ukr_rus_lowest_shuffled_s1,facebook_page_reference,raw_joint/ridge,1.1102230246251565e-16,-1.1102230246251565e-16,2.220446049250313e-16,-0.0,0.0,-0.0,-0.0,0.0,-0.0,-0.0,0.0,-0.0
original,ukr_rus,1,lowest_shuffled,memberctl_ukr_rus_lowest_shuffled_s1,twibot20,M2_post_meta/prototype,0.08702596028645837,-0.012298160129123215,0.09932412041558158,0.1083984375,-0.0035807291666666297,0.11197916666666663,0.02542445183858033,-0.005338200593364317,0.030762652431944648,-0.012369871139526367,-0.0008519291877746582,-0.011517941951751709
original,ukr_rus,1,lowest_shuffled,memberctl_ukr_rus_lowest_shuffled_s1,twibot20,M2_post_meta/ridge,0.0932943556043837,-0.011576546563042633,0.10487090216742634,0.10319010416666663,-0.0026041666666667407,0.10579427083333337,0.021966794380587573,-0.004428106088174011,0.026394900468761584,-0.03899860382080078,-0.006282448768615723,-0.03271615505218506
original,ukr_rus,1,lowest_shuffled,memberctl_ukr_rus_lowest_shuffled_s1,twibot20,S0_conv_center/prototype,-0.0,0.0,-0.0,-0.0,0.0,-0.0,-0.0,0.0,-0.0,-0.0,0.0,-0.0
original,ukr_rus,1,lowest_shuffled,memberctl_ukr_rus_lowest_shuffled_s1,twibot20,S0_conv_center/ridge,-0.0,0.0,-0.0,-0.0,0.0,-0.0,-0.0,0.0,-0.0,-0.0,0.0,-0.0
original,ukr_rus,1,lowest_shuffled,memberctl_ukr_rus_lowest_shuffled_s1,twibot20,S0_pool/prototype,-0.0,0.0,-0.0,-0.0,0.0,-0.0,-0.0,0.0,-0.0,-0.0,0.0,-0.0
original,ukr_rus,1,lowest_shuffled,memberctl_ukr_rus_lowest_shuffled_s1,twibot20,S0_pool/ridge,-0.0,0.0,-0.0,-0.0,0.0,-0.0,-0.0,0.0,-0.0,-0.0,0.0,-0.0
original,ukr_rus,1,lowest_shuffled,memberctl_ukr_rus_lowest_shuffled_s1,twibot20,U1_pre_meta/prototype,-0.02824401855468761,-0.01311238606770826,-0.015131632486979352,-0.02604166666666674,-0.0032552083333333703,-0.02278645833333337,-0.03787414572550207,-0.002580764668799862,-0.03529338105670221,0.003989219665527344,0.0017443299293518066,0.002244889736175537
original,ukr_rus,1,lowest_shuffled,memberctl_ukr_rus_lowest_shuffled_s1,twibot20,U1_pre_meta/ridge,-0.013741175333658817,-0.015107472737630467,0.0013662974039716502,-0.0126953125,-0.00553385416666663,-0.00716145833333337,-0.026023465593279838,-0.004250623112653784,-0.021772842480626053,0.005006849765777588,0.008560717105865479,-0.0035538673400878906
original,ukr_rus,1,lowest_shuffled,memberctl_ukr_rus_lowest_shuffled_s1,twibot20,final_input/prototype,0.08702596028645837,-0.012298160129123215,0.09932412041558158,0.1083984375,-0.0035807291666666297,0.11197916666666663,0.02542445183858033,-0.005338200593364317,0.030762652431944648,-0.012369871139526367,-0.0008519291877746582,-0.011517941951751709
original,ukr_rus,1,lowest_shuffled,memberctl_ukr_rus_lowest_shuffled_s1,twibot20,final_input/ridge,0.0932943556043837,-0.011576546563042633,0.10487090216742634,0.10319010416666663,-0.0026041666666667407,0.10579427083333337,0.021966794380587573,-0.004428106088174011,0.026394900468761584,-0.03899860382080078,-0.006282448768615723,-0.03271615505218506
original,ukr_rus,1,lowest_shuffled,memberctl_ukr_rus_lowest_shuffled_s1,twibot20,full_model,0.0681936475965712,-0.01425425211588538,0.08244789971245658,0.0654296875,0.0,0.0654296875,0.04526479784446302,0.0,0.04526479784446302,0.2715054750442506,-0.04475283622741699,0.3162583112716676
original,ukr_rus,1,lowest_shuffled,memberctl_ukr_rus_lowest_shuffled_s1,twibot20,raw_center/prototype,-0.0,0.0,-0.0,-0.0,0.0,-0.0,-0.0,0.0,-0.0,-0.0,0.0,-0.0
original,ukr_rus,1,lowest_shuffled,memberctl_ukr_rus_lowest_shuffled_s1,twibot20,raw_center/ridge,-0.0,0.0,-0.0,-0.0,0.0,-0.0,-0.0,0.0,-0.0,-0.0,0.0,-0.0
original,ukr_rus,1,lowest_shuffled,memberctl_ukr_rus_lowest_shuffled_s1,twibot20,raw_context/prototype,-0.0,0.0,-0.0,-0.0,0.0,-0.0,-0.0,0.0,-0.0,-0.0,0.0,-0.0
original,ukr_rus,1,lowest_shuffled,memberctl_ukr_rus_lowest_shuffled_s1,twibot20,raw_context/ridge,-0.0,0.0,-0.0,-0.0,0.0,-0.0,-0.0,0.0,-0.0,-0.0,0.0,-0.0
original,ukr_rus,1,lowest_shuffled,memberctl_ukr_rus_lowest_shuffled_s1,twibot20,raw_joint/prototype,-0.0,0.0,-0.0,-0.0,0.0,-0.0,-0.0,0.0,-0.0,-0.0,0.0,-0.0
original,ukr_rus,1,lowest_shuffled,memberctl_ukr_rus_lowest_shuffled_s1,twibot20,raw_joint/ridge,-0.0,0.0,-0.0,-0.0,0.0,-0.0,-0.0,0.0,-0.0,-0.0,0.0,-0.0
original,ukr_rus,1,lowest_shuffled,memberctl_ukr_rus_lowest_shuffled_s1,ukr_rus_suspended,M2_post_meta/prototype,0.000732421875,0.01513671875,-0.014404296875,-0.0234375,0.02734375,-0.05078125,0.0058879586141175055,0.06963562753036434,-0.06374766891624684,0.00014853477478027344,1.3947486877441406e-05,0.00013458728790283203
original,ukr_rus,1,lowest_shuffled,memberctl_ukr_rus_lowest_shuffled_s1,ukr_rus_suspended,M2_post_meta/ridge,-0.00079345703125,0.01495361328125,-0.0157470703125,-0.0234375,0.03515625,-0.05859375,0.012269732136094724,0.06267864434463044,-0.05040891220853572,0.029120683670043945,0.00012189149856567383,0.02899879217147827
original,ukr_rus,1,lowest_shuffled,memberctl_ukr_rus_lowest_shuffled_s1,ukr_rus_suspended,S0_conv_center/prototype,-0.0,0.0,-0.0,-0.0,0.0,-0.0,-5.551115123125783e-17,0.0,-5.551115123125783e-17,-0.0,0.0,-0.0
original,ukr_rus,1,lowest_shuffled,memberctl_ukr_rus_lowest_shuffled_s1,ukr_rus_suspended,S0_conv_center/ridge,-0.0,0.0,-0.0,-0.0,0.0,-0.0,-0.0,5.551115123125783e-17,-5.551115123125783e-17,-0.0,0.0,-0.0
original,ukr_rus,1,lowest_shuffled,memberctl_ukr_rus_lowest_shuffled_s1,ukr_rus_suspended,S0_pool/prototype,-0.0,0.0,-0.0,-0.0,0.0,-0.0,-0.0,0.0,-0.0,-0.0,0.0,-0.0
original,ukr_rus,1,lowest_shuffled,memberctl_ukr_rus_lowest_shuffled_s1,ukr_rus_suspended,S0_pool/ridge,-0.0,0.0,-0.0,-0.0,0.0,-0.0,-0.0,0.0,-0.0,-0.0,0.0,-0.0
original,ukr_rus,1,lowest_shuffled,memberctl_ukr_rus_lowest_shuffled_s1,ukr_rus_suspended,U1_pre_meta/prototype,0.008056640625,0.00909423828125,-0.00103759765625,-0.0,0.015625,-0.015625,0.011987118320610612,0.04046133484590658,-0.02847421652529597,-0.001086592674255371,-3.3795833587646484e-05,-0.0010527968406677246
original,ukr_rus,1,lowest_shuffled,memberctl_ukr_rus_lowest_shuffled_s1,ukr_rus_suspended,U1_pre_meta/ridge,0.018310546875,0.00616455078125,0.01214599609375,0.03515625,-0.01171875,0.046875,0.03691973577051855,0.0024902723735408805,0.034429463396977666,-0.006767928600311279,-0.0002516508102416992,-0.00651627779006958
original,ukr_rus,1,lowest_shuffled,memberctl_ukr_rus_lowest_shuffled_s1,ukr_rus_suspended,final_input/prototype,0.000732421875,0.01513671875,-0.014404296875,-0.0234375,0.02734375,-0.05078125,0.0058879586141175055,0.06963562753036434,-0.06374766891624684,0.00014853477478027344,1.3947486877441406e-05,0.00013458728790283203
original,ukr_rus,1,lowest_shuffled,memberctl_ukr_rus_lowest_shuffled_s1,ukr_rus_suspended,final_input/ridge,-0.00079345703125,0.01495361328125,-0.0157470703125,-0.0234375,0.03515625,-0.05859375,0.012269732136094724,0.06267864434463044,-0.05040891220853572,0.029120683670043945,0.00012189149856567383,0.02899879217147827
original,ukr_rus,1,lowest_shuffled,memberctl_ukr_rus_lowest_shuffled_s1,ukr_rus_suspended,full_model,0.01812744140625,0.002685546875,0.01544189453125,0.01171875,0.0,0.01171875,0.06215703881073531,0.0,0.06215703881073531,0.18777191638946533,-0.010500013828277588,0.19827193021774292
original,ukr_rus,1,lowest_shuffled,memberctl_ukr_rus_lowest_shuffled_s1,ukr_rus_suspended,raw_center/prototype,-0.0,0.0,-0.0,-0.0,0.0,-0.0,-5.551115123125783e-17,5.551115123125783e-17,-1.1102230246251565e-16,-0.0,0.0,-0.0
original,ukr_rus,1,lowest_shuffled,memberctl_ukr_rus_lowest_shuffled_s1,ukr_rus_suspended,raw_center/ridge,-0.0,0.0,-0.0,-0.0,0.0,-0.0,-5.551115123125783e-17,5.551115123125783e-17,-1.1102230246251565e-16,-0.0,0.0,-0.0
original,ukr_rus,1,lowest_shuffled,memberctl_ukr_rus_lowest_shuffled_s1,ukr_rus_suspended,raw_context/prototype,-0.0,0.0,-0.0,-0.0,0.0,-0.0,-0.0,0.0,-0.0,-0.0,0.0,-0.0
original,ukr_rus,1,lowest_shuffled,memberctl_ukr_rus_lowest_shuffled_s1,ukr_rus_suspended,raw_context/ridge,-0.0,0.0,-0.0,-0.0,0.0,-0.0,-5.551115123125783e-17,5.551115123125783e-17,-1.1102230246251565e-16,-0.0,0.0,-0.0
original,ukr_rus,1,lowest_shuffled,memberctl_ukr_rus_lowest_shuffled_s1,ukr_rus_suspended,raw_joint/prototype,-0.0,0.0,-0.0,-0.0,0.0,-0.0,-5.551115123125783e-17,5.551115123125783e-17,-1.1102230246251565e-16,-0.0,0.0,-0.0
original,ukr_rus,1,lowest_shuffled,memberctl_ukr_rus_lowest_shuffled_s1,ukr_rus_suspended,raw_joint/ridge,-0.0,0.0,-0.0,-0.0,0.0,-0.0,-0.0,0.0,-0.0,-0.0,0.0,-0.0
original,ukr_rus,1,lowest_sorted,memberctl_ukr_rus_lowest_sorted_s1,covid_political,M2_post_meta/prototype,0.08648173014322902,0.08686659071180558,-0.0003848605685765616,0.09602864583333331,0.076171875,0.019856770833333315,0.0381880459801518,0.10351249784976119,-0.06532445186960939,0.005203366279602051,-0.00020194053649902344,0.005405306816101074
original,ukr_rus,1,lowest_sorted,memberctl_ukr_rus_lowest_sorted_s1,covid_political,M2_post_meta/ridge,0.1463264182761861,0.08967081705729163,0.05665560121889446,0.1064453125,0.07942708333333337,0.02701822916666663,0.04366648152664615,0.10588372911651922,-0.06221724758987307,0.02236354351043701,-0.001926124095916748,0.02428966760635376
original,ukr_rus,1,lowest_sorted,memberctl_ukr_rus_lowest_sorted_s1,covid_political,S0_conv_center/prototype,-0.0,0.0,-0.0,-0.0,0.0,-0.0,-0.0,0.0,-0.0,-0.0,0.0,-0.0
original,ukr_rus,1,lowest_sorted,memberctl_ukr_rus_lowest_sorted_s1,covid_political,S0_conv_center/ridge,-0.0,0.0,-0.0,-0.0,0.0,-0.0,-0.0,0.0,-0.0,-0.0,0.0,-0.0
original,ukr_rus,1,lowest_sorted,memberctl_ukr_rus_lowest_sorted_s1,covid_political,S0_pool/prototype,-0.0,0.0,-0.0,-0.0,0.0,-0.0,-0.0,0.0,-0.0,-0.0,0.0,-0.0
original,ukr_rus,1,lowest_sorted,memberctl_ukr_rus_lowest_sorted_s1,covid_political,S0_pool/ridge,-0.0,0.0,-0.0,-0.0,0.0,-0.0,-0.0,0.0,-0.0,-0.0,0.0,-0.0
original,ukr_rus,1,lowest_sorted,memberctl_ukr_rus_lowest_sorted_s1,covid_political,U1_pre_meta/prototype,0.03708111798321745,0.08354554352936927,-0.04646442554615182,0.06998697916666663,0.05110677083333337,0.01888020833333326,0.10856195100229626,0.10299683027567003,0.005565120726626238,-0.030352115631103516,0.0004374980926513672,-0.030789613723754883
original,ukr_rus,1,lowest_sorted,memberctl_ukr_rus_lowest_sorted_s1,covid_political,U1_pre_meta/ridge,0.03055996365017344,0.07870878996672437,-0.04814882631655093,0.05859375,0.04817708333333337,0.01041666666666663,0.09356492808634209,0.09404653898375082,-0.0004816108974087241,-0.0655173659324646,0.0030977725982666016,-0.0686151385307312
original,ukr_rus,1,lowest_sorted,memberctl_ukr_rus_lowest_sorted_s1,covid_political,final_input/prototype,0.08648173014322902,0.08686659071180558,-0.0003848605685765616,0.09602864583333331,0.076171875,0.019856770833333315,0.0381880459801518,0.10351249784976119,-0.06532445186960939,0.005203366279602051,-0.00020194053649902344,0.005405306816101074
original,ukr_rus,1,lowest_sorted,memberctl_ukr_rus_lowest_sorted_s1,covid_political,final_input/ridge,0.1463264182761861,0.08967081705729163,0.05665560121889446,0.1064453125,0.07942708333333337,0.02701822916666663,0.04366648152664615,0.10588372911651922,-0.06221724758987307,0.02236354351043701,-0.001926124095916748,0.02428966760635376
original,ukr_rus,1,lowest_sorted,memberctl_ukr_rus_lowest_sorted_s1,covid_political,full_model,0.2041473388671875,0.17851794207537608,0.02562939679181142,0.34635416666666663,0.0009765625,0.34537760416666663,0.31162191488090896,0.05672009864364982,0.25490181623725916,-0.26119017601013184,0.05131274461746216,-0.312502920627594
original,ukr_rus,1,lowest_sorted,memberctl_ukr_rus_lowest_sorted_s1,covid_political,raw_center/prototype,-0.0,0.0,-0.0,-0.0,0.0,-0.0,-0.0,0.0,-0.0,-0.0,0.0,-0.0
original,ukr_rus,1,lowest_sorted,memberctl_ukr_rus_lowest_sorted_s1,covid_political,raw_center/ridge,-0.0,0.0,-0.0,-0.0,0.0,-0.0,-0.0,0.0,-0.0,-0.0,0.0,-0.0
original,ukr_rus,1,lowest_sorted,memberctl_ukr_rus_lowest_sorted_s1,covid_political,raw_context/prototype,-1.1102230246251565e-16,1.1102230246251565e-16,-2.220446049250313e-16,-0.0,0.0,-0.0,-0.0,0.0,-0.0,-0.0,0.0,-0.0
original,ukr_rus,1,lowest_sorted,memberctl_ukr_rus_lowest_sorted_s1,covid_political,raw_context/ridge,-0.0,0.0,-0.0,-0.0,0.0,-0.0,-0.0,0.0,-0.0,-0.0,0.0,-0.0
original,ukr_rus,1,lowest_sorted,memberctl_ukr_rus_lowest_sorted_s1,covid_political,raw_joint/prototype,-0.0,0.0,-0.0,-0.0,0.0,-0.0,-0.0,0.0,-0.0,-0.0,0.0,-0.0
original,ukr_rus,1,lowest_sorted,memberctl_ukr_rus_lowest_sorted_s1,covid_political,raw_joint/ridge,-0.0,0.0,-0.0,-0.0,0.0,-0.0,-0.0,0.0,-0.0,-0.0,0.0,-0.0
original,ukr_rus,1,lowest_sorted,memberctl_ukr_rus_lowest_sorted_s1,election2020,M2_post_meta/prototype,0.190826416015625,0.066162109375,0.124664306640625,0.2890625,0.0546875,0.234375,0.16464363523187053,0.05405405405405406,0.11058958117781648,-0.026580214500427246,-0.00015717744827270508,-0.02642303705215454
original,ukr_rus,1,lowest_sorted,memberctl_ukr_rus_lowest_sorted_s1,election2020,M2_post_meta/ridge,0.19012451171875,0.0714111328125,0.11871337890625,0.2734375,0.05859375,0.21484375,0.15384877965523125,0.05646920129678756,0.09737957835844369,-0.14103418588638306,-0.001529395580291748,-0.1395047903060913
original,ukr_rus,1,lowest_sorted,memberctl_ukr_rus_lowest_sorted_s1,election2020,S0_conv_center/prototype,-0.0,0.0,-0.0,-0.0,0.0,-0.0,-0.0,0.0,-0.0,-0.0,0.0,-0.0
original,ukr_rus,1,lowest_sorted,memberctl_ukr_rus_lowest_sorted_s1,election2020,S0_conv_center/ridge,-0.0,0.0,-0.0,-0.0,0.0,-0.0,-0.0,0.0,-0.0,-0.0,0.0,-0.0
original,ukr_rus,1,lowest_sorted,memberctl_ukr_rus_lowest_sorted_s1,election2020,S0_pool/prototype,-0.0,0.0,-0.0,-0.0,0.0,-0.0,1.1102230246251565e-16,-1.1102230246251565e-16,2.220446049250313e-16,-0.0,0.0,-0.0
original,ukr_rus,1,lowest_sorted,memberctl_ukr_rus_lowest_sorted_s1,election2020,S0_pool/ridge,-0.0,0.0,-0.0,-0.0,0.0,-0.0,1.1102230246251565e-16,-1.1102230246251565e-16,2.220446049250313e-16,-5.551115123125783e-17,0.0,-5.551115123125783e-17
original,ukr_rus,1,lowest_sorted,memberctl_ukr_rus_lowest_sorted_s1,election2020,U1_pre_meta/prototype,0.01849365234375,0.042510986328125,-0.024017333984375,0.0625,0.03125,0.03125,0.06153846153846165,0.04240509227457978,0.019133369263881872,-0.05144459009170532,0.0006957054138183594,-0.05214029550552368
original,ukr_rus,1,lowest_sorted,memberctl_ukr_rus_lowest_sorted_s1,election2020,U1_pre_meta/ridge,0.01153564453125,0.0224609375,-0.01092529296875,0.0546875,0.015625,0.0390625,0.05384615384615399,0.021726391706107795,0.03211976214004619,-0.10514140129089355,0.005692422389984131,-0.11083382368087769
original,ukr_rus,1,lowest_sorted,memberctl_ukr_rus_lowest_sorted_s1,election2020,final_input/prototype,0.190826416015625,0.066162109375,0.124664306640625,0.2890625,0.0546875,0.234375,0.16464363523187053,0.05405405405405406,0.11058958117781648,-0.026580214500427246,-0.00015717744827270508,-0.02642303705215454
original,ukr_rus,1,lowest_sorted,memberctl_ukr_rus_lowest_sorted_s1,election2020,final_input/ridge,0.19012451171875,0.0714111328125,0.11871337890625,0.2734375,0.05859375,0.21484375,0.15384877965523125,0.05646920129678756,0.09737957835844369,-0.14103418588638306,-0.001529395580291748,-0.1395047903060913
original,ukr_rus,1,lowest_sorted,memberctl_ukr_rus_lowest_sorted_s1,election2020,full_model,0.344146728515625,0.28472900390625,0.059417724609375,0.40234375,0.06640625,0.3359375,0.302271483305966,0.4931506849315068,-0.19087920162554084,-0.590856559574604,-0.04402565956115723,-0.5468309000134468
original,ukr_rus,1,lowest_sorted,memberctl_ukr_rus_lowest_sorted_s1,election2020,raw_center/prototype,-0.0,0.0,-0.0,-0.0,0.0,-0.0,-0.0,0.0,-0.0,-0.0,0.0,-0.0
original,ukr_rus,1,lowest_sorted,memberctl_ukr_rus_lowest_sorted_s1,election2020,raw_center/ridge,-0.0,0.0,-0.0,-0.0,0.0,-0.0,-0.0,0.0,-0.0,-0.0,0.0,-0.0
original,ukr_rus,1,lowest_sorted,memberctl_ukr_rus_lowest_sorted_s1,election2020,raw_context/prototype,-0.0,0.0,-0.0,-0.0,0.0,-0.0,1.1102230246251565e-16,-1.1102230246251565e-16,2.220446049250313e-16,-0.0,0.0,-0.0
original,ukr_rus,1,lowest_sorted,memberctl_ukr_rus_lowest_sorted_s1,election2020,raw_context/ridge,-0.0,0.0,-0.0,-0.0,0.0,-0.0,1.1102230246251565e-16,-1.1102230246251565e-16,2.220446049250313e-16,-0.0,0.0,-0.0
original,ukr_rus,1,lowest_sorted,memberctl_ukr_rus_lowest_sorted_s1,election2020,raw_joint/prototype,-0.0,0.0,-0.0,-0.0,0.0,-0.0,-0.0,0.0,-0.0,-0.0,0.0,-0.0
original,ukr_rus,1,lowest_sorted,memberctl_ukr_rus_lowest_sorted_s1,election2020,raw_joint/ridge,-0.0,0.0,-0.0,-0.0,0.0,-0.0,-0.0,0.0,-0.0,-0.0,0.0,-0.0
original,ukr_rus,1,lowest_sorted,memberctl_ukr_rus_lowest_sorted_s1,facebook_page_reference,M2_post_meta/prototype,0.12351226806640625,-0.029239654541015625,0.15275192260742188,0.087890625,-0.0380859375,0.1259765625,0.07284517947342162,-0.046915642385062184,0.1197608218584838,-0.024124622344970703,-0.00011867284774780273,-0.0240059494972229
original,ukr_rus,1,lowest_sorted,memberctl_ukr_rus_lowest_sorted_s1,facebook_page_reference,M2_post_meta/ridge,0.12723731994628906,-0.021739959716796875,0.14897727966308594,0.087890625,-0.033203125,0.12109375,0.06583204057542691,-0.04013808127422225,0.10597012184964916,-0.06599748134613037,-0.0011505484580993652,-0.064846932888031
original,ukr_rus,1,lowest_sorted,memberctl_ukr_rus_lowest_sorted_s1,facebook_page_reference,S0_conv_center/prototype,-0.0,0.0,-0.0,-0.0,0.0,-0.0,-0.0,0.0,-0.0,-0.0,0.0,-0.0
original,ukr_rus,1,lowest_sorted,memberctl_ukr_rus_lowest_sorted_s1,facebook_page_reference,S0_conv_center/ridge,-0.0,0.0,-0.0,-0.0,0.0,-0.0,-0.0,0.0,-0.0,-0.0,0.0,-0.0
original,ukr_rus,1,lowest_sorted,memberctl_ukr_rus_lowest_sorted_s1,facebook_page_reference,S0_pool/prototype,-0.0,0.0,-0.0,-0.0,0.0,-0.0,-0.0,0.0,-0.0,-0.0,0.0,-0.0
original,ukr_rus,1,lowest_sorted,memberctl_ukr_rus_lowest_sorted_s1,facebook_page_reference,S0_pool/ridge,-0.0,0.0,-0.0,-0.0,0.0,-0.0,-0.0,0.0,-0.0,-0.0,0.0,-0.0
original,ukr_rus,1,lowest_sorted,memberctl_ukr_rus_lowest_sorted_s1,facebook_page_reference,U1_pre_meta/prototype,-0.06780624389648438,-0.032238006591796875,-0.0355682373046875,-0.0439453125,-0.0390625,-0.0048828125,-0.04670127993001272,-0.04662901790894669,-7.226202106602742e-05,0.005749702453613281,0.00023573637008666992,0.005513966083526611
original,ukr_rus,1,lowest_sorted,memberctl_ukr_rus_lowest_sorted_s1,facebook_page_reference,U1_pre_meta/ridge,-0.06617355346679688,-0.03257560729980469,-0.03359794616699219,-0.0498046875,-0.0419921875,-0.0078125,-0.05176069321533927,-0.05103056230230729,-0.0007301309130319789,0.015278458595275879,0.002197563648223877,0.013080894947052002
original,ukr_rus,1,lowest_sorted,memberctl_ukr_rus_lowest_sorted_s1,facebook_page_reference,final_input/prototype,0.12351226806640625,-0.029239654541015625,0.15275192260742188,0.087890625,-0.0380859375,0.1259765625,0.07284517947342162,-0.046915642385062184,0.1197608218584838,-0.024124622344970703,-0.00011867284774780273,-0.0240059494972229
original,ukr_rus,1,lowest_sorted,memberctl_ukr_rus_lowest_sorted_s1,facebook_page_reference,final_input/ridge,0.12723731994628906,-0.021739959716796875,0.14897727966308594,0.087890625,-0.033203125,0.12109375,0.06583204057542691,-0.04013808127422225,0.10597012184964916,-0.06599748134613037,-0.0011505484580993652,-0.064846932888031
original,ukr_rus,1,lowest_sorted,memberctl_ukr_rus_lowest_sorted_s1,facebook_page_reference,full_model,0.0816192626953125,0.009382247924804688,0.07223701477050781,0.0595703125,0.001953125,0.0576171875,0.06041270703231061,0.008319373902788696,0.05209333312952191,0.18510782718658447,-0.0001258254051208496,0.18523365259170532
original,ukr_rus,1,lowest_sorted,memberctl_ukr_rus_lowest_sorted_s1,facebook_page_reference,raw_center/prototype,-0.0,0.0,-0.0,-0.0,0.0,-0.0,-0.0,0.0,-0.0,-0.0,0.0,-0.0
original,ukr_rus,1,lowest_sorted,memberctl_ukr_rus_lowest_sorted_s1,facebook_page_reference,raw_center/ridge,1.1102230246251565e-16,-1.1102230246251565e-16,2.220446049250313e-16,-0.0,0.0,-0.0,-0.0,0.0,-0.0,-0.0,0.0,-0.0
original,ukr_rus,1,lowest_sorted,memberctl_ukr_rus_lowest_sorted_s1,facebook_page_reference,raw_context/prototype,-0.0,0.0,-0.0,-0.0,0.0,-0.0,-0.0,0.0,-0.0,-0.0,0.0,-0.0
original,ukr_rus,1,lowest_sorted,memberctl_ukr_rus_lowest_sorted_s1,facebook_page_reference,raw_context/ridge,-0.0,0.0,-0.0,-0.0,0.0,-0.0,-0.0,0.0,-0.0,-0.0,0.0,-0.0
original,ukr_rus,1,lowest_sorted,memberctl_ukr_rus_lowest_sorted_s1,facebook_page_reference,raw_joint/prototype,-0.0,0.0,-0.0,-0.0,0.0,-0.0,-0.0,0.0,-0.0,-0.0,0.0,-0.0
original,ukr_rus,1,lowest_sorted,memberctl_ukr_rus_lowest_sorted_s1,facebook_page_reference,raw_joint/ridge,1.1102230246251565e-16,-1.1102230246251565e-16,2.220446049250313e-16,-0.0,0.0,-0.0,-0.0,0.0,-0.0,-0.0,0.0,-0.0
original,ukr_rus,1,lowest_sorted,memberctl_ukr_rus_lowest_sorted_s1,twibot20,M2_post_meta/prototype,-0.07043435838487411,-0.00863054063585067,-0.06180381774902344,-0.06022135416666663,-0.01041666666666663,-0.0498046875,-0.02819926332404743,-0.01416445387714338,-0.01403480944690405,-0.0018944144248962402,-0.00015342235565185547,-0.0017409920692443848
original,ukr_rus,1,lowest_sorted,memberctl_ukr_rus_lowest_sorted_s1,twibot20,M2_post_meta/ridge,-0.08682208591037333,-0.00854746500651049,-0.07827462090386283,-0.0673828125,-0.007486979166666741,-0.05989583333333326,-0.015449691957156175,-0.011089082689405005,-0.00436060926775117,0.018623530864715576,-0.0012731552124023438,0.01989668607711792
original,ukr_rus,1,lowest_sorted,memberctl_ukr_rus_lowest_sorted_s1,twibot20,S0_conv_center/prototype,-0.0,0.0,-0.0,-0.0,0.0,-0.0,-0.0,0.0,-0.0,-0.0,0.0,-0.0
original,ukr_rus,1,lowest_sorted,memberctl_ukr_rus_lowest_sorted_s1,twibot20,S0_conv_center/ridge,-0.0,0.0,-0.0,-0.0,0.0,-0.0,-0.0,0.0,-0.0,-0.0,0.0,-0.0
original,ukr_rus,1,lowest_sorted,memberctl_ukr_rus_lowest_sorted_s1,twibot20,S0_pool/prototype,-0.0,0.0,-0.0,-0.0,0.0,-0.0,-0.0,0.0,-0.0,-0.0,0.0,-0.0
original,ukr_rus,1,lowest_sorted,memberctl_ukr_rus_lowest_sorted_s1,twibot20,S0_pool/ridge,-0.0,0.0,-0.0,-0.0,0.0,-0.0,-0.0,0.0,-0.0,-0.0,0.0,-0.0
original,ukr_rus,1,lowest_sorted,memberctl_ukr_rus_lowest_sorted_s1,twibot20,U1_pre_meta/prototype,-0.0160369873046875,-0.009785546196831585,-0.006251441107855915,-0.02571614583333337,-0.00618489583333337,-0.01953125,-0.02968145426228319,-0.007450763027498031,-0.02223069123478516,0.0044040679931640625,0.002771615982055664,0.0016324520111083984
original,ukr_rus,1,lowest_sorted,memberctl_ukr_rus_lowest_sorted_s1,twibot20,U1_pre_meta/ridge,-0.0036366780598959814,-0.012446933322482812,0.00881025526258683,-0.005859375,-0.007161458333333259,0.0013020833333332593,-0.007527441947497104,-0.007857177306921481,0.0003297353594243768,0.004782199859619141,0.01511460542678833,-0.01033240556716919
original,ukr_rus,1,lowest_sorted,memberctl_ukr_rus_lowest_sorted_s1,twibot20,final_input/prototype,-0.07043435838487411,-0.00863054063585067,-0.06180381774902344,-0.06022135416666663,-0.01041666666666663,-0.0498046875,-0.02819926332404743,-0.01416445387714338,-0.01403480944690405,-0.0018944144248962402,-0.00015342235565185547,-0.0017409920692443848
original,ukr_rus,1,lowest_sorted,memberctl_ukr_rus_lowest_sorted_s1,twibot20,final_input/ridge,-0.08682208591037333,-0.00854746500651049,-0.07827462090386283,-0.0673828125,-0.007486979166666741,-0.05989583333333326,-0.015449691957156175,-0.011089082689405005,-0.00436060926775117,0.018623530864715576,-0.0012731552124023438,0.01989668607711792
original,ukr_rus,1,lowest_sorted,memberctl_ukr_rus_lowest_sorted_s1,twibot20,full_model,0.021108203464084152,-0.018224504258897545,0.0393327077229817,0.013671875,0.0,0.013671875,-0.012422360248447117,0.0,-0.012422360248447117,0.25147926807403564,-0.007847607135772705,0.25932687520980835
original,ukr_rus,1,lowest_sorted,memberctl_ukr_rus_lowest_sorted_s1,twibot20,raw_center/prototype,-0.0,0.0,-0.0,-0.0,0.0,-0.0,-0.0,0.0,-0.0,-0.0,0.0,-0.0
original,ukr_rus,1,lowest_sorted,memberctl_ukr_rus_lowest_sorted_s1,twibot20,raw_center/ridge,-0.0,0.0,-0.0,-0.0,0.0,-0.0,-0.0,0.0,-0.0,-0.0,0.0,-0.0
original,ukr_rus,1,lowest_sorted,memberctl_ukr_rus_lowest_sorted_s1,twibot20,raw_context/prototype,-0.0,0.0,-0.0,-0.0,0.0,-0.0,-0.0,0.0,-0.0,-0.0,0.0,-0.0
original,ukr_rus,1,lowest_sorted,memberctl_ukr_rus_lowest_sorted_s1,twibot20,raw_context/ridge,-0.0,0.0,-0.0,-0.0,0.0,-0.0,-0.0,0.0,-0.0,-0.0,0.0,-0.0
original,ukr_rus,1,lowest_sorted,memberctl_ukr_rus_lowest_sorted_s1,twibot20,raw_joint/prototype,-0.0,0.0,-0.0,-0.0,0.0,-0.0,-0.0,0.0,-0.0,-0.0,0.0,-0.0
original,ukr_rus,1,lowest_sorted,memberctl_ukr_rus_lowest_sorted_s1,twibot20,raw_joint/ridge,-0.0,0.0,-0.0,-0.0,0.0,-0.0,-0.0,0.0,-0.0,-0.0,0.0,-0.0
original,ukr_rus,1,lowest_sorted,memberctl_ukr_rus_lowest_sorted_s1,ukr_rus_suspended,M2_post_meta/prototype,-0.06732177734375,-0.008209228515625,-0.059112548828125,-0.0625,-0.01953125,-0.04296875,-0.023380213968025032,0.03478260869565214,-0.05816282266367717,0.004089176654815674,9.655952453613281e-06,0.0040795207023620605
original,ukr_rus,1,lowest_sorted,memberctl_ukr_rus_lowest_sorted_s1,ukr_rus_suspended,M2_post_meta/ridge,-0.06817626953125,-0.00616455078125,-0.06201171875,-0.05859375,0.00390625,-0.0625,-0.021649717514124367,0.0349367088607595,-0.05658642637488387,0.11220037937164307,9.226799011230469e-05,0.11210811138153076
original,ukr_rus,1,lowest_sorted,memberctl_ukr_rus_lowest_sorted_s1,ukr_rus_suspended,S0_conv_center/prototype,-0.0,0.0,-0.0,-0.0,0.0,-0.0,-5.551115123125783e-17,0.0,-5.551115123125783e-17,-0.0,0.0,-0.0
original,ukr_rus,1,lowest_sorted,memberctl_ukr_rus_lowest_sorted_s1,ukr_rus_suspended,S0_conv_center/ridge,-0.0,0.0,-0.0,-0.0,0.0,-0.0,-0.0,5.551115123125783e-17,-5.551115123125783e-17,-0.0,0.0,-0.0
original,ukr_rus,1,lowest_sorted,memberctl_ukr_rus_lowest_sorted_s1,ukr_rus_suspended,S0_pool/prototype,-0.0,0.0,-0.0,-0.0,0.0,-0.0,-0.0,0.0,-0.0,-0.0,0.0,-0.0
original,ukr_rus,1,lowest_sorted,memberctl_ukr_rus_lowest_sorted_s1,ukr_rus_suspended,S0_pool/ridge,-0.0,0.0,-0.0,-0.0,0.0,-0.0,-0.0,0.0,-0.0,-0.0,0.0,-0.0
original,ukr_rus,1,lowest_sorted,memberctl_ukr_rus_lowest_sorted_s1,ukr_rus_suspended,U1_pre_meta/prototype,0.0228271484375,-0.021148681640625,0.043975830078125,0.01953125,-0.046875,0.06640625,0.00957772250335931,-0.0394146341463415,0.04899235664970081,-0.0015192031860351562,-3.30805778503418e-05,-0.0014861226081848145
original,ukr_rus,1,lowest_sorted,memberctl_ukr_rus_lowest_sorted_s1,ukr_rus_suspended,U1_pre_meta/ridge,0.026123046875,-0.025146484375,0.05126953125,0.03515625,-0.046875,0.08203125,0.04063084736701422,-0.03905511811023621,0.07968596547725043,-0.007173717021942139,-0.000225067138671875,-0.006948649883270264
original,ukr_rus,1,lowest_sorted,memberctl_ukr_rus_lowest_sorted_s1,ukr_rus_suspended,final_input/prototype,-0.06732177734375,-0.008209228515625,-0.059112548828125,-0.0625,-0.01953125,-0.04296875,-0.023380213968025032,0.03478260869565214,-0.05816282266367717,0.004089176654815674,9.655952453613281e-06,0.0040795207023620605
original,ukr_rus,1,lowest_sorted,memberctl_ukr_rus_lowest_sorted_s1,ukr_rus_suspended,final_input/ridge,-0.06817626953125,-0.00616455078125,-0.06201171875,-0.05859375,0.00390625,-0.0625,-0.021649717514124367,0.0349367088607595,-0.05658642637488387,0.11220037937164307,9.226799011230469e-05,0.11210811138153076
original,ukr_rus,1,lowest_sorted,memberctl_ukr_rus_lowest_sorted_s1,ukr_rus_suspended,full_model,0.00103759765625,0.006591796875,-0.00555419921875,0.03515625,0.0,0.03515625,0.09143835616438356,0.0,0.09143835616438356,0.18861079216003418,0.145236074924469,0.043374717235565186
original,ukr_rus,1,lowest_sorted,memberctl_ukr_rus_lowest_sorted_s1,ukr_rus_suspended,raw_center/prototype,-0.0,0.0,-0.0,-0.0,0.0,-0.0,-5.551115123125783e-17,5.551115123125783e-17,-1.1102230246251565e-16,-0.0,0.0,-0.0
original,ukr_rus,1,lowest_sorted,memberctl_ukr_rus_lowest_sorted_s1,ukr_rus_suspended,raw_center/ridge,-0.0,0.0,-0.0,-0.0,0.0,-0.0,-5.551115123125783e-17,5.551115123125783e-17,-1.1102230246251565e-16,-0.0,0.0,-0.0
original,ukr_rus,1,lowest_sorted,memberctl_ukr_rus_lowest_sorted_s1,ukr_rus_suspended,raw_context/prototype,-0.0,0.0,-0.0,-0.0,0.0,-0.0,-0.0,0.0,-0.0,-0.0,0.0,-0.0
original,ukr_rus,1,lowest_sorted,memberctl_ukr_rus_lowest_sorted_s1,ukr_rus_suspended,raw_context/ridge,-0.0,0.0,-0.0,-0.0,0.0,-0.0,-5.551115123125783e-17,5.551115123125783e-17,-1.1102230246251565e-16,-0.0,0.0,-0.0
original,ukr_rus,1,lowest_sorted,memberctl_ukr_rus_lowest_sorted_s1,ukr_rus_suspended,raw_joint/prototype,-0.0,0.0,-0.0,-0.0,0.0,-0.0,-5.551115123125783e-17,5.551115123125783e-17,-1.1102230246251565e-16,-0.0,0.0,-0.0
original,ukr_rus,1,lowest_sorted,memberctl_ukr_rus_lowest_sorted_s1,ukr_rus_suspended,raw_joint/ridge,-0.0,0.0,-0.0,-0.0,0.0,-0.0,-0.0,0.0,-0.0,-0.0,0.0,-0.0
original,ukr_rus,1,uniform_shuffled,memberctl_ukr_rus_uniform_shuffled_s1,covid_political,M2_post_meta/prototype,0.6461291842990451,0.01837638572410305,0.627752798574942,0.5514322916666667,-0.00390625,0.5553385416666667,0.2992990510310444,0.023176642791155222,0.2761224082398892,-0.05634564161300659,-0.00020265579223632812,-0.056142985820770264
original,ukr_rus,1,uniform_shuffled,memberctl_ukr_rus_uniform_shuffled_s1,covid_political,M2_post_meta/ridge,0.6511778654875577,0.02021902578848389,0.6309588396990738,0.5172526041666667,-0.0032552083333332593,0.5205078125,0.2692482552920395,0.02261391513152672,0.24663434016051278,-0.15911126136779785,-0.0018655657768249512,-0.1572456955909729
original,ukr_rus,1,uniform_shuffled,memberctl_ukr_rus_uniform_shuffled_s1,covid_political,S0_conv_center/prototype,-0.0,0.0,-0.0,-0.0,0.0,-0.0,-0.0,0.0,-0.0,-0.0,0.0,-0.0
original,ukr_rus,1,uniform_shuffled,memberctl_ukr_rus_uniform_shuffled_s1,covid_political,S0_conv_center/ridge,-0.0,0.0,-0.0,-0.0,0.0,-0.0,-0.0,0.0,-0.0,-0.0,0.0,-0.0
original,ukr_rus,1,uniform_shuffled,memberctl_ukr_rus_uniform_shuffled_s1,covid_political,S0_pool/prototype,-1.1102230246251565e-16,0.0,-1.1102230246251565e-16,-0.0,0.0,-0.0,-0.0,0.0,-0.0,-0.0,0.0,-0.0
original,ukr_rus,1,uniform_shuffled,memberctl_ukr_rus_uniform_shuffled_s1,covid_political,S0_pool/ridge,-0.0,0.0,-0.0,-0.0,0.0,-0.0,-0.0,0.0,-0.0,-0.0,0.0,-0.0
original,ukr_rus,1,uniform_shuffled,memberctl_ukr_rus_uniform_shuffled_s1,covid_political,U1_pre_meta/prototype,0.04052790889033553,0.01455208107277206,0.025975827817563468,0.08723958333333337,-0.0419921875,0.12923177083333337,0.1271579097403125,0.006649149448037073,0.12050876029227542,-0.029700040817260742,0.0004152059555053711,-0.030115246772766113
original,ukr_rus,1,uniform_shuffled,memberctl_ukr_rus_uniform_shuffled_s1,covid_political,U1_pre_meta/ridge,0.03668241147641804,0.00856865776909721,0.028113753707320832,0.07291666666666674,-0.04557291666666663,0.11848958333333337,0.11170238246192432,-0.0017799651571820396,0.11348234761910636,-0.06693905591964722,0.0030643343925476074,-0.07000339031219482
original,ukr_rus,1,uniform_shuffled,memberctl_ukr_rus_uniform_shuffled_s1,covid_political,final_input/prototype,0.6461291842990451,0.01837638572410305,0.627752798574942,0.5514322916666667,-0.00390625,0.5553385416666667,0.2992990510310444,0.023176642791155222,0.2761224082398892,-0.05634564161300659,-0.00020265579223632812,-0.056142985820770264
original,ukr_rus,1,uniform_shuffled,memberctl_ukr_rus_uniform_shuffled_s1,covid_political,final_input/ridge,0.6511778654875577,0.02021902578848389,0.6309588396990738,0.5172526041666667,-0.0032552083333332593,0.5205078125,0.2692482552920395,0.02261391513152672,0.24663434016051278,-0.15911126136779785,-0.0018655657768249512,-0.1572456955909729
original,ukr_rus,1,uniform_shuffled,memberctl_ukr_rus_uniform_shuffled_s1,covid_political,full_model,0.11501425283926503,0.26520001446759256,-0.15018576162832753,0.08203125,0.0,0.08203125,0.3260573717396342,0.0,0.3260573717396342,-0.21550029516220098,-0.020105063915252686,-0.1953952312469483
original,ukr_rus,1,uniform_shuffled,memberctl_ukr_rus_uniform_shuffled_s1,covid_political,raw_center/prototype,-0.0,0.0,-0.0,-0.0,0.0,-0.0,-0.0,0.0,-0.0,-0.0,0.0,-0.0
original,ukr_rus,1,uniform_shuffled,memberctl_ukr_rus_uniform_shuffled_s1,covid_political,raw_center/ridge,-0.0,0.0,-0.0,-0.0,0.0,-0.0,-0.0,0.0,-0.0,-0.0,0.0,-0.0
original,ukr_rus,1,uniform_shuffled,memberctl_ukr_rus_uniform_shuffled_s1,covid_political,raw_context/prototype,-1.1102230246251565e-16,1.1102230246251565e-16,-2.220446049250313e-16,-0.0,0.0,-0.0,-0.0,0.0,-0.0,-0.0,0.0,-0.0
original,ukr_rus,1,uniform_shuffled,memberctl_ukr_rus_uniform_shuffled_s1,covid_political,raw_context/ridge,-0.0,0.0,-0.0,-0.0,0.0,-0.0,-0.0,0.0,-0.0,-0.0,0.0,-0.0
original,ukr_rus,1,uniform_shuffled,memberctl_ukr_rus_uniform_shuffled_s1,covid_political,raw_joint/prototype,-0.0,0.0,-0.0,-0.0,0.0,-0.0,-0.0,0.0,-0.0,-0.0,0.0,-0.0
original,ukr_rus,1,uniform_shuffled,memberctl_ukr_rus_uniform_shuffled_s1,covid_political,raw_joint/ridge,-0.0,0.0,-0.0,-0.0,0.0,-0.0,-0.0,0.0,-0.0,-0.0,0.0,-0.0
original,ukr_rus,1,uniform_shuffled,memberctl_ukr_rus_uniform_shuffled_s1,election2020,M2_post_meta/prototype,0.68621826171875,-0.0164794921875,0.70269775390625,0.46875,-0.0078125,0.4765625,0.303030303030303,-0.007722007722007707,0.3107523107523107,-0.06772994995117188,-4.571676254272461e-05,-0.06768423318862915
original,ukr_rus,1,uniform_shuffled,memberctl_ukr_rus_uniform_shuffled_s1,election2020,M2_post_meta/ridge,0.68756103515625,-0.0120849609375,0.69964599609375,0.4609375,0.0,0.4609375,0.2957393483709274,-0.0074825332431822655,0.3032218816141097,-0.27142357826232916,-0.0004195570945739746,-0.2710040211677552
original,ukr_rus,1,uniform_shuffled,memberctl_ukr_rus_uniform_shuffled_s1,election2020,S0_conv_center/prototype,-0.0,0.0,-0.0,-0.0,0.0,-0.0,-0.0,0.0,-0.0,-0.0,0.0,-0.0
original,ukr_rus,1,uniform_shuffled,memberctl_ukr_rus_uniform_shuffled_s1,election2020,S0_conv_center/ridge,-0.0,0.0,-0.0,-0.0,0.0,-0.0,-0.0,0.0,-0.0,-0.0,0.0,-0.0
original,ukr_rus,1,uniform_shuffled,memberctl_ukr_rus_uniform_shuffled_s1,election2020,S0_pool/prototype,-0.0,0.0,-0.0,-0.0,0.0,-0.0,1.1102230246251565e-16,-1.1102230246251565e-16,2.220446049250313e-16,-0.0,0.0,-0.0
original,ukr_rus,1,uniform_shuffled,memberctl_ukr_rus_uniform_shuffled_s1,election2020,S0_pool/ridge,-0.0,0.0,-0.0,-0.0,0.0,-0.0,1.1102230246251565e-16,-1.1102230246251565e-16,2.220446049250313e-16,-5.551115123125783e-17,0.0,-5.551115123125783e-17
original,ukr_rus,1,uniform_shuffled,memberctl_ukr_rus_uniform_shuffled_s1,election2020,U1_pre_meta/prototype,0.02484130859375,-0.035247802734375,0.060089111328125,0.07421875,-0.03515625,0.109375,0.07273798997936942,-0.03180976879882047,0.10454775877818989,-0.03833484649658203,0.0008421540260314941,-0.039177000522613525
original,ukr_rus,1,uniform_shuffled,memberctl_ukr_rus_uniform_shuffled_s1,election2020,U1_pre_meta/ridge,0.01287841796875,-0.05462646484375,0.0675048828125,0.05078125,-0.05078125,0.1015625,0.0502524502524504,-0.052277288868303184,0.10252973912075358,-0.08859920501708984,0.007157564163208008,-0.09575676918029785
original,ukr_rus,1,uniform_shuffled,memberctl_ukr_rus_uniform_shuffled_s1,election2020,final_input/prototype,0.68621826171875,-0.0164794921875,0.70269775390625,0.46875,-0.0078125,0.4765625,0.303030303030303,-0.007722007722007707,0.3107523107523107,-0.06772994995117188,-4.571676254272461e-05,-0.06768423318862915
original,ukr_rus,1,uniform_shuffled,memberctl_ukr_rus_uniform_shuffled_s1,election2020,final_input/ridge,0.68756103515625,-0.0120849609375,0.69964599609375,0.4609375,0.0,0.4609375,0.2957393483709274,-0.0074825332431822655,0.3032218816141097,-0.27142357826232916,-0.0004195570945739746,-0.2710040211677552
original,ukr_rus,1,uniform_shuffled,memberctl_ukr_rus_uniform_shuffled_s1,election2020,full_model,0.177947998046875,0.41070556640625,-0.232757568359375,0.4765625,0.0,0.4765625,0.9653390359084023,0.0,0.9653390359084023,-0.5815127193927765,0.23759770393371582,-0.8191104233264923
original,ukr_rus,1,uniform_shuffled,memberctl_ukr_rus_uniform_shuffled_s1,election2020,raw_center/prototype,-0.0,0.0,-0.0,-0.0,0.0,-0.0,-0.0,0.0,-0.0,-0.0,0.0,-0.0
original,ukr_rus,1,uniform_shuffled,memberctl_ukr_rus_uniform_shuffled_s1,election2020,raw_center/ridge,-0.0,0.0,-0.0,-0.0,0.0,-0.0,-0.0,0.0,-0.0,-0.0,0.0,-0.0
original,ukr_rus,1,uniform_shuffled,memberctl_ukr_rus_uniform_shuffled_s1,election2020,raw_context/prototype,-0.0,0.0,-0.0,-0.0,0.0,-0.0,1.1102230246251565e-16,-1.1102230246251565e-16,2.220446049250313e-16,-0.0,0.0,-0.0
original,ukr_rus,1,uniform_shuffled,memberctl_ukr_rus_uniform_shuffled_s1,election2020,raw_context/ridge,-0.0,0.0,-0.0,-0.0,0.0,-0.0,1.1102230246251565e-16,-1.1102230246251565e-16,2.220446049250313e-16,-0.0,0.0,-0.0
original,ukr_rus,1,uniform_shuffled,memberctl_ukr_rus_uniform_shuffled_s1,election2020,raw_joint/prototype,-0.0,0.0,-0.0,-0.0,0.0,-0.0,-0.0,0.0,-0.0,-0.0,0.0,-0.0
original,ukr_rus,1,uniform_shuffled,memberctl_ukr_rus_uniform_shuffled_s1,election2020,raw_joint/ridge,-0.0,0.0,-0.0,-0.0,0.0,-0.0,-0.0,0.0,-0.0,-0.0,0.0,-0.0
original,ukr_rus,1,uniform_shuffled,memberctl_ukr_rus_uniform_shuffled_s1,facebook_page_reference,M2_post_meta/prototype,0.15860557556152344,-0.035427093505859375,0.1940326690673828,0.12109375,-0.0185546875,0.1396484375,0.10291057575942264,-0.02162095852916146,0.1245315342885841,-0.03534209728240967,-0.0001246929168701172,-0.03521740436553955
original,ukr_rus,1,uniform_shuffled,memberctl_ukr_rus_uniform_shuffled_s1,facebook_page_reference,M2_post_meta/ridge,0.16945648193359375,-0.027185440063476562,0.1966419219970703,0.1328125,-0.017578125,0.150390625,0.11362256677438376,-0.018208398893116984,0.13183096566750074,-0.07558345794677734,-0.0012058615684509277,-0.07437759637832642
original,ukr_rus,1,uniform_shuffled,memberctl_ukr_rus_uniform_shuffled_s1,facebook_page_reference,S0_conv_center/prototype,-0.0,0.0,-0.0,-0.0,0.0,-0.0,-0.0,0.0,-0.0,-0.0,0.0,-0.0
original,ukr_rus,1,uniform_shuffled,memberctl_ukr_rus_uniform_shuffled_s1,facebook_page_reference,S0_conv_center/ridge,-0.0,0.0,-0.0,-0.0,0.0,-0.0,-0.0,0.0,-0.0,-0.0,0.0,-0.0
original,ukr_rus,1,uniform_shuffled,memberctl_ukr_rus_uniform_shuffled_s1,facebook_page_reference,S0_pool/prototype,-0.0,0.0,-0.0,-0.0,0.0,-0.0,-0.0,0.0,-0.0,-0.0,0.0,-0.0
original,ukr_rus,1,uniform_shuffled,memberctl_ukr_rus_uniform_shuffled_s1,facebook_page_reference,S0_pool/ridge,-0.0,0.0,-0.0,-0.0,0.0,-0.0,-0.0,0.0,-0.0,-0.0,0.0,-0.0
original,ukr_rus,1,uniform_shuffled,memberctl_ukr_rus_uniform_shuffled_s1,facebook_page_reference,U1_pre_meta/prototype,-0.048187255859375,-0.041889190673828125,-0.006298065185546875,-0.0595703125,-0.029296875,-0.0302734375,-0.061734703753169584,-0.0319817247287264,-0.029752979024443182,0.006514012813568115,0.00020927190780639648,0.006304740905761719
original,ukr_rus,1,uniform_shuffled,memberctl_ukr_rus_uniform_shuffled_s1,facebook_page_reference,U1_pre_meta/ridge,-0.0492401123046875,-0.04119873046875,-0.0080413818359375,-0.0595703125,-0.037109375,-0.0224609375,-0.06102059366844881,-0.042090806346239185,-0.018929787322209624,0.013453781604766846,0.0019521713256835938,0.011501610279083252
original,ukr_rus,1,uniform_shuffled,memberctl_ukr_rus_uniform_shuffled_s1,facebook_page_reference,final_input/prototype,0.15860557556152344,-0.035427093505859375,0.1940326690673828,0.12109375,-0.0185546875,0.1396484375,0.10291057575942264,-0.02162095852916146,0.1245315342885841,-0.03534209728240967,-0.0001246929168701172,-0.03521740436553955
original,ukr_rus,1,uniform_shuffled,memberctl_ukr_rus_uniform_shuffled_s1,facebook_page_reference,final_input/ridge,0.16945648193359375,-0.027185440063476562,0.1966419219970703,0.1328125,-0.017578125,0.150390625,0.11362256677438376,-0.018208398893116984,0.13183096566750074,-0.07558345794677734,-0.0012058615684509277,-0.07437759637832642
original,ukr_rus,1,uniform_shuffled,memberctl_ukr_rus_uniform_shuffled_s1,facebook_page_reference,full_model,0.06703948974609375,0.0056591033935546875,0.06138038635253906,0.0283203125,0.0048828125,0.0234375,0.02563439079508012,-0.011958989189148728,0.03759337998422885,-0.0029484033584594727,2.086162567138672e-05,-0.0029692649841308594
original,ukr_rus,1,uniform_shuffled,memberctl_ukr_rus_uniform_shuffled_s1,facebook_page_reference,raw_center/prototype,-0.0,0.0,-0.0,-0.0,0.0,-0.0,-0.0,0.0,-0.0,-0.0,0.0,-0.0
original,ukr_rus,1,uniform_shuffled,memberctl_ukr_rus_uniform_shuffled_s1,facebook_page_reference,raw_center/ridge,1.1102230246251565e-16,-1.1102230246251565e-16,2.220446049250313e-16,-0.0,0.0,-0.0,-0.0,0.0,-0.0,-0.0,0.0,-0.0
original,ukr_rus,1,uniform_shuffled,memberctl_ukr_rus_uniform_shuffled_s1,facebook_page_reference,raw_context/prototype,-0.0,0.0,-0.0,-0.0,0.0,-0.0,-0.0,0.0,-0.0,-0.0,0.0,-0.0
original,ukr_rus,1,uniform_shuffled,memberctl_ukr_rus_uniform_shuffled_s1,facebook_page_reference,raw_context/ridge,-0.0,0.0,-0.0,-0.0,0.0,-0.0,-0.0,0.0,-0.0,-0.0,0.0,-0.0
original,ukr_rus,1,uniform_shuffled,memberctl_ukr_rus_uniform_shuffled_s1,facebook_page_reference,raw_joint/prototype,-0.0,0.0,-0.0,-0.0,0.0,-0.0,-0.0,0.0,-0.0,-0.0,0.0,-0.0
original,ukr_rus,1,uniform_shuffled,memberctl_ukr_rus_uniform_shuffled_s1,facebook_page_reference,raw_joint/ridge,1.1102230246251565e-16,-1.1102230246251565e-16,2.220446049250313e-16,-0.0,0.0,-0.0,-0.0,0.0,-0.0,-0.0,0.0,-0.0
original,ukr_rus,1,uniform_shuffled,memberctl_ukr_rus_uniform_shuffled_s1,twibot20,M2_post_meta/prototype,0.1399271223280164,-0.015379375881618862,0.15530649820963527,0.06966145833333331,-0.00553385416666663,0.07519531249999994,-0.04078970388205927,-0.011201596951952997,-0.029588106930106273,-0.007230162620544434,-0.00025349855422973633,-0.006976664066314697
original,ukr_rus,1,uniform_shuffled,memberctl_ukr_rus_uniform_shuffled_s1,twibot20,M2_post_meta/ridge,0.1537649366590712,-0.01490444607204866,0.16866938273111987,0.07194010416666669,-0.00716145833333337,0.07910156250000006,-0.02197630689622798,-0.011680736678856274,-0.010295570217371708,-0.0173606276512146,-0.0019907355308532715,-0.015369892120361328
original,ukr_rus,1,uniform_shuffled,memberctl_ukr_rus_uniform_shuffled_s1,twibot20,S0_conv_center/prototype,-0.0,0.0,-0.0,-0.0,0.0,-0.0,-0.0,0.0,-0.0,-0.0,0.0,-0.0
original,ukr_rus,1,uniform_shuffled,memberctl_ukr_rus_uniform_shuffled_s1,twibot20,S0_conv_center/ridge,-0.0,0.0,-0.0,-0.0,0.0,-0.0,-0.0,0.0,-0.0,-0.0,0.0,-0.0
original,ukr_rus,1,uniform_shuffled,memberctl_ukr_rus_uniform_shuffled_s1,twibot20,S0_pool/prototype,-0.0,0.0,-0.0,-0.0,0.0,-0.0,-0.0,0.0,-0.0,-0.0,0.0,-0.0
original,ukr_rus,1,uniform_shuffled,memberctl_ukr_rus_uniform_shuffled_s1,twibot20,S0_pool/ridge,-0.0,0.0,-0.0,-0.0,0.0,-0.0,-0.0,0.0,-0.0,-0.0,0.0,-0.0
original,ukr_rus,1,uniform_shuffled,memberctl_ukr_rus_uniform_shuffled_s1,twibot20,U1_pre_meta/prototype,-0.038399166531033035,-0.013955222235785492,-0.024443944295247544,-0.03548177083333337,-0.00423177083333337,-0.03125,-0.037676423226295386,-0.0073657057768675704,-0.030310717449427815,0.004845917224884033,0.0025513768196105957,0.0022945404052734375
original,ukr_rus,1,uniform_shuffled,memberctl_ukr_rus_uniform_shuffled_s1,twibot20,U1_pre_meta/ridge,-0.024873521592882142,-0.01588927374945759,-0.008984247843424553,-0.02278645833333337,-0.0048828125,-0.01790364583333337,-0.02269622754315248,-0.007104419651806859,-0.015591807891345622,0.008095622062683105,0.013619303703308105,-0.005523681640625
original,ukr_rus,1,uniform_shuffled,memberctl_ukr_rus_uniform_shuffled_s1,twibot20,final_input/prototype,0.1399271223280164,-0.015379375881618862,0.15530649820963527,0.06966145833333331,-0.00553385416666663,0.07519531249999994,-0.04078970388205927,-0.011201596951952997,-0.029588106930106273,-0.007230162620544434,-0.00025349855422973633,-0.006976664066314697
original,ukr_rus,1,uniform_shuffled,memberctl_ukr_rus_uniform_shuffled_s1,twibot20,final_input/ridge,0.1537649366590712,-0.01490444607204866,0.16866938273111987,0.07194010416666669,-0.00716145833333337,0.07910156250000006,-0.02197630689622798,-0.011680736678856274,-0.010295570217371708,-0.0173606276512146,-0.0019907355308532715,-0.015369892120361328
original,ukr_rus,1,uniform_shuffled,memberctl_ukr_rus_uniform_shuffled_s1,twibot20,full_model,0.020388921101888058,-0.02654944525824654,0.0469383663601346,0.017578125,0.09537760416666663,-0.07779947916666663,0.02440565969977737,0.536367027228646,-0.5119613675288687,0.1607804298400879,-0.09945875406265259,0.2602391839027405
original,ukr_rus,1,uniform_shuffled,memberctl_ukr_rus_uniform_shuffled_s1,twibot20,raw_center/prototype,-0.0,0.0,-0.0,-0.0,0.0,-0.0,-0.0,0.0,-0.0,-0.0,0.0,-0.0
original,ukr_rus,1,uniform_shuffled,memberctl_ukr_rus_uniform_shuffled_s1,twibot20,raw_center/ridge,-0.0,0.0,-0.0,-0.0,0.0,-0.0,-0.0,0.0,-0.0,-0.0,0.0,-0.0
original,ukr_rus,1,uniform_shuffled,memberctl_ukr_rus_uniform_shuffled_s1,twibot20,raw_context/prototype,-0.0,0.0,-0.0,-0.0,0.0,-0.0,-0.0,0.0,-0.0,-0.0,0.0,-0.0
original,ukr_rus,1,uniform_shuffled,memberctl_ukr_rus_uniform_shuffled_s1,twibot20,raw_context/ridge,-0.0,0.0,-0.0,-0.0,0.0,-0.0,-0.0,0.0,-0.0,-0.0,0.0,-0.0
original,ukr_rus,1,uniform_shuffled,memberctl_ukr_rus_uniform_shuffled_s1,twibot20,raw_joint/prototype,-0.0,0.0,-0.0,-0.0,0.0,-0.0,-0.0,0.0,-0.0,-0.0,0.0,-0.0
original,ukr_rus,1,uniform_shuffled,memberctl_ukr_rus_uniform_shuffled_s1,twibot20,raw_joint/ridge,-0.0,0.0,-0.0,-0.0,0.0,-0.0,-0.0,0.0,-0.0,-0.0,0.0,-0.0
original,ukr_rus,1,uniform_shuffled,memberctl_ukr_rus_uniform_shuffled_s1,ukr_rus_suspended,M2_post_meta/prototype,0.050811767578125,0.0023193359375,0.048492431640625,0.02734375,-0.01171875,0.0390625,-0.28059228445500917,0.01975308641975304,-0.3003453708747622,0.0011053085327148438,7.510185241699219e-06,0.0010977983474731445
original,ukr_rus,1,uniform_shuffled,memberctl_ukr_rus_uniform_shuffled_s1,ukr_rus_suspended,M2_post_meta/ridge,0.0469970703125,0.000732421875,0.0462646484375,0.04296875,0.01171875,0.03125,-0.28675827286295097,0.03396109910466194,-0.3207193719676129,0.04667693376541138,7.009506225585938e-05,0.04660683870315552
original,ukr_rus,1,uniform_shuffled,memberctl_ukr_rus_uniform_shuffled_s1,ukr_rus_suspended,S0_conv_center/prototype,-0.0,0.0,-0.0,-0.0,0.0,-0.0,-0.0,0.0,-0.0,-0.0,0.0,-0.0
original,ukr_rus,1,uniform_shuffled,memberctl_ukr_rus_uniform_shuffled_s1,ukr_rus_suspended,S0_conv_center/ridge,-0.0,0.0,-0.0,-0.0,0.0,-0.0,-5.551115123125783e-17,5.551115123125783e-17,-1.1102230246251565e-16,-0.0,0.0,-0.0
original,ukr_rus,1,uniform_shuffled,memberctl_ukr_rus_uniform_shuffled_s1,ukr_rus_suspended,S0_pool/prototype,-0.0,0.0,-0.0,-0.0,0.0,-0.0,-0.0,0.0,-0.0,-0.0,0.0,-0.0
original,ukr_rus,1,uniform_shuffled,memberctl_ukr_rus_uniform_shuffled_s1,ukr_rus_suspended,S0_pool/ridge,-0.0,0.0,-0.0,-0.0,0.0,-0.0,-0.0,0.0,-0.0,-0.0,0.0,-0.0
original,ukr_rus,1,uniform_shuffled,memberctl_ukr_rus_uniform_shuffled_s1,ukr_rus_suspended,U1_pre_meta/prototype,-0.0093994140625,-0.009735107421875,0.000335693359375,-0.02734375,-0.03125,0.00390625,-0.028430694780504695,-0.006050293061070189,-0.022380401719434506,-0.0008939504623413086,-3.7610530853271484e-05,-0.0008563399314880371
original,ukr_rus,1,uniform_shuffled,memberctl_ukr_rus_uniform_shuffled_s1,ukr_rus_suspended,U1_pre_meta/ridge,0.00775146484375,-0.01275634765625,0.0205078125,-0.02734375,-0.046875,0.01953125,0.0016603773584905612,-0.03468749999999998,0.03634787735849054,-0.006009995937347412,-0.00027245283126831055,-0.0057375431060791016
original,ukr_rus,1,uniform_shuffled,memberctl_ukr_rus_uniform_shuffled_s1,ukr_rus_suspended,final_input/prototype,0.050811767578125,0.0023193359375,0.048492431640625,0.02734375,-0.01171875,0.0390625,-0.28059228445500917,0.01975308641975304,-0.3003453708747622,0.0011053085327148438,7.510185241699219e-06,0.0010977983474731445
original,ukr_rus,1,uniform_shuffled,memberctl_ukr_rus_uniform_shuffled_s1,ukr_rus_suspended,final_input/ridge,0.0469970703125,0.000732421875,0.0462646484375,0.04296875,0.01171875,0.03125,-0.28675827286295097,0.03396109910466194,-0.3207193719676129,0.04667693376541138,7.009506225585938e-05,0.04660683870315552
original,ukr_rus,1,uniform_shuffled,memberctl_ukr_rus_uniform_shuffled_s1,ukr_rus_suspended,full_model,0.00177001953125,0.0584716796875,-0.05670166015625,0.01171875,0.0,0.01171875,0.03760351007292051,0.0,0.03760351007292051,0.17958027124404907,0.20747190713882446,-0.02789163589477539
original,ukr_rus,1,uniform_shuffled,memberctl_ukr_rus_uniform_shuffled_s1,ukr_rus_suspended,raw_center/prototype,-0.0,0.0,-0.0,-0.0,0.0,-0.0,-5.551115123125783e-17,5.551115123125783e-17,-1.1102230246251565e-16,-0.0,0.0,-0.0
original,ukr_rus,1,uniform_shuffled,memberctl_ukr_rus_uniform_shuffled_s1,ukr_rus_suspended,raw_center/ridge,-0.0,0.0,-0.0,-0.0,0.0,-0.0,-5.551115123125783e-17,5.551115123125783e-17,-1.1102230246251565e-16,-0.0,0.0,-0.0
original,ukr_rus,1,uniform_shuffled,memberctl_ukr_rus_uniform_shuffled_s1,ukr_rus_suspended,raw_context/prototype,-0.0,0.0,-0.0,-0.0,0.0,-0.0,-0.0,0.0,-0.0,-0.0,0.0,-0.0
original,ukr_rus,1,uniform_shuffled,memberctl_ukr_rus_uniform_shuffled_s1,ukr_rus_suspended,raw_context/ridge,-0.0,0.0,-0.0,-0.0,0.0,-0.0,-5.551115123125783e-17,5.551115123125783e-17,-1.1102230246251565e-16,-0.0,0.0,-0.0
original,ukr_rus,1,uniform_shuffled,memberctl_ukr_rus_uniform_shuffled_s1,ukr_rus_suspended,raw_joint/prototype,-0.0,0.0,-0.0,-0.0,0.0,-0.0,-5.551115123125783e-17,5.551115123125783e-17,-1.1102230246251565e-16,-0.0,0.0,-0.0
original,ukr_rus,1,uniform_shuffled,memberctl_ukr_rus_uniform_shuffled_s1,ukr_rus_suspended,raw_joint/ridge,-0.0,0.0,-0.0,-0.0,0.0,-0.0,-0.0,0.0,-0.0,-0.0,0.0,-0.0
original,ukr_rus,1,uniform_sorted,memberctl_ukr_rus_uniform_sorted_s1,covid_political,M2_post_meta/prototype,0.40058672869646983,0.01366424560546875,0.3869224830910011,-0.05924479166666674,0.00520833333333337,-0.06445312500000011,0.37094341458667834,0.021155028872626103,0.34978838571405224,-0.04252558946609497,-0.00013643503189086914,-0.0423891544342041
original,ukr_rus,1,uniform_sorted,memberctl_ukr_rus_uniform_sorted_s1,covid_political,M2_post_meta/ridge,0.3995474356192127,0.01551112422236689,0.3840363113968458,-0.0517578125,0.00716145833333337,-0.05891927083333337,0.3771907891829094,0.021995952553664266,0.3551948366292451,-0.06292641162872314,-0.0012775063514709473,-0.0616489052772522
original,ukr_rus,1,uniform_sorted,memberctl_ukr_rus_uniform_sorted_s1,covid_political,S0_conv_center/prototype,-0.0,0.0,-0.0,-0.0,0.0,-0.0,-0.0,0.0,-0.0,-0.0,0.0,-0.0
original,ukr_rus,1,uniform_sorted,memberctl_ukr_rus_uniform_sorted_s1,covid_political,S0_conv_center/ridge,-0.0,0.0,-0.0,-0.0,0.0,-0.0,-0.0,0.0,-0.0,-0.0,0.0,-0.0
original,ukr_rus,1,uniform_sorted,memberctl_ukr_rus_uniform_sorted_s1,covid_political,S0_pool/prototype,-0.0,0.0,-0.0,-0.0,0.0,-0.0,-0.0,0.0,-0.0,-0.0,0.0,-0.0
original,ukr_rus,1,uniform_sorted,memberctl_ukr_rus_uniform_sorted_s1,covid_political,S0_pool/ridge,-0.0,0.0,-0.0,-0.0,0.0,-0.0,-0.0,0.0,-0.0,-0.0,0.0,-0.0
original,ukr_rus,1,uniform_sorted,memberctl_ukr_rus_uniform_sorted_s1,covid_political,U1_pre_meta/prototype,0.04772638391565398,0.0016976815682870905,0.04602870234736689,0.10416666666666663,-0.0380859375,0.14225260416666663,0.15094744848265973,0.0010737669140113981,0.14987368156864833,-0.03222191333770752,0.0006164312362670898,-0.03283834457397461
original,ukr_rus,1,uniform_sorted,memberctl_ukr_rus_uniform_sorted_s1,covid_political,U1_pre_meta/ridge,0.03322403519241868,-0.005058853714554501,0.03828288890697318,0.08203125,-0.03548177083333326,0.11751302083333326,0.1218981856970186,-0.001226448437896488,0.12312463413491509,-0.07270675897598267,0.004805326461791992,-0.07751208543777466
original,ukr_rus,1,uniform_sorted,memberctl_ukr_rus_uniform_sorted_s1,covid_political,final_input/prototype,0.40058672869646983,0.01366424560546875,0.3869224830910011,-0.05924479166666674,0.00520833333333337,-0.06445312500000011,0.37094341458667834,0.021155028872626103,0.34978838571405224,-0.04252558946609497,-0.00013643503189086914,-0.0423891544342041
original,ukr_rus,1,uniform_sorted,memberctl_ukr_rus_uniform_sorted_s1,covid_political,final_input/ridge,0.3995474356192127,0.01551112422236689,0.3840363113968458,-0.0517578125,0.00716145833333337,-0.05891927083333337,0.3771907891829094,0.021995952553664266,0.3551948366292451,-0.06292641162872314,-0.0012775063514709473,-0.0616489052772522
original,ukr_rus,1,uniform_sorted,memberctl_ukr_rus_uniform_sorted_s1,covid_political,full_model,0.2392134489836516,0.1392474704318577,0.0999659785517939,0.5065104166666667,0.0,0.5065104166666667,0.3765450236038471,0.0,0.3765450236038471,-0.22559073567390442,-0.028623640537261963,-0.19696709513664246
original,ukr_rus,1,uniform_sorted,memberctl_ukr_rus_uniform_sorted_s1,covid_political,raw_center/prototype,-0.0,0.0,-0.0,-0.0,0.0,-0.0,-0.0,0.0,-0.0,-0.0,0.0,-0.0
original,ukr_rus,1,uniform_sorted,memberctl_ukr_rus_uniform_sorted_s1,covid_political,raw_center/ridge,-0.0,0.0,-0.0,-0.0,0.0,-0.0,-0.0,0.0,-0.0,-0.0,0.0,-0.0
original,ukr_rus,1,uniform_sorted,memberctl_ukr_rus_uniform_sorted_s1,covid_political,raw_context/prototype,-1.1102230246251565e-16,1.1102230246251565e-16,-2.220446049250313e-16,-0.0,0.0,-0.0,-0.0,0.0,-0.0,-0.0,0.0,-0.0
original,ukr_rus,1,uniform_sorted,memberctl_ukr_rus_uniform_sorted_s1,covid_political,raw_context/ridge,-0.0,0.0,-0.0,-0.0,0.0,-0.0,-0.0,0.0,-0.0,-0.0,0.0,-0.0
original,ukr_rus,1,uniform_sorted,memberctl_ukr_rus_uniform_sorted_s1,covid_political,raw_joint/prototype,-0.0,0.0,-0.0,-0.0,0.0,-0.0,-0.0,0.0,-0.0,-0.0,0.0,-0.0
original,ukr_rus,1,uniform_sorted,memberctl_ukr_rus_uniform_sorted_s1,covid_political,raw_joint/ridge,-0.0,0.0,-0.0,-0.0,0.0,-0.0,-0.0,0.0,-0.0,-0.0,0.0,-0.0
original,ukr_rus,1,uniform_sorted,memberctl_ukr_rus_uniform_sorted_s1,election2020,M2_post_meta/prototype,0.399658203125,-0.026702880859375,0.426361083984375,0.38671875,-0.015625,0.40234375,0.8768345475662549,-0.02083427965780904,0.8976688272240639,-0.11163705587387085,-1.049041748046875e-05,-0.11162656545639038
original,ukr_rus,1,uniform_sorted,memberctl_ukr_rus_uniform_sorted_s1,election2020,M2_post_meta/ridge,0.401123046875,-0.024658203125,0.42578125,0.35546875,-0.01953125,0.375,0.8526450950179764,-0.02574233716475094,0.8783874321827273,-0.21531689167022705,-7.933378219604492e-05,-0.215237557888031
original,ukr_rus,1,uniform_sorted,memberctl_ukr_rus_uniform_sorted_s1,election2020,S0_conv_center/prototype,-0.0,0.0,-0.0,-0.0,0.0,-0.0,-0.0,0.0,-0.0,-0.0,0.0,-0.0
original,ukr_rus,1,uniform_sorted,memberctl_ukr_rus_uniform_sorted_s1,election2020,S0_conv_center/ridge,-0.0,0.0,-0.0,-0.0,0.0,-0.0,-0.0,0.0,-0.0,-0.0,0.0,-0.0
original,ukr_rus,1,uniform_sorted,memberctl_ukr_rus_uniform_sorted_s1,election2020,S0_pool/prototype,-0.0,0.0,-0.0,-0.0,0.0,-0.0,1.1102230246251565e-16,-1.1102230246251565e-16,2.220446049250313e-16,-0.0,0.0,-0.0
original,ukr_rus,1,uniform_sorted,memberctl_ukr_rus_uniform_sorted_s1,election2020,S0_pool/ridge,-0.0,0.0,-0.0,-0.0,0.0,-0.0,1.1102230246251565e-16,-1.1102230246251565e-16,2.220446049250313e-16,-0.0,0.0,-0.0
original,ukr_rus,1,uniform_sorted,memberctl_ukr_rus_uniform_sorted_s1,election2020,U1_pre_meta/prototype,0.02197265625,-0.058868408203125,0.080841064453125,0.0546875,-0.0546875,0.109375,0.05492788461538478,-0.05291088609986938,0.10783877071525416,-0.04814338684082031,0.0009573698043823242,-0.04910075664520264
original,ukr_rus,1,uniform_sorted,memberctl_ukr_rus_uniform_sorted_s1,election2020,U1_pre_meta/ridge,0.00958251953125,-0.08502197265625,0.0946044921875,0.046875,-0.07421875,0.12109375,0.04663088849135377,-0.07871148459383748,0.12534237308519125,-0.11303281784057623,0.00823831558227539,-0.12127113342285162
original,ukr_rus,1,uniform_sorted,memberctl_ukr_rus_uniform_sorted_s1,election2020,final_input/prototype,0.399658203125,-0.026702880859375,0.426361083984375,0.38671875,-0.015625,0.40234375,0.8768345475662549,-0.02083427965780904,0.8976688272240639,-0.11163705587387085,-1.049041748046875e-05,-0.11162656545639038
original,ukr_rus,1,uniform_sorted,memberctl_ukr_rus_uniform_sorted_s1,election2020,final_input/ridge,0.401123046875,-0.024658203125,0.42578125,0.35546875,-0.01953125,0.375,0.8526450950179764,-0.02574233716475094,0.8783874321827273,-0.21531689167022705,-7.933378219604492e-05,-0.215237557888031
original,ukr_rus,1,uniform_sorted,memberctl_ukr_rus_uniform_sorted_s1,election2020,full_model,0.50726318359375,0.08270263671875,0.424560546875,0.453125,0.0,0.453125,0.3124842370744012,0.0,0.3124842370744012,-0.591134563088417,0.01772785186767578,-0.6088624149560928
original,ukr_rus,1,uniform_sorted,memberctl_ukr_rus_uniform_sorted_s1,election2020,raw_center/prototype,-0.0,0.0,-0.0,-0.0,0.0,-0.0,-0.0,0.0,-0.0,-0.0,0.0,-0.0
original,ukr_rus,1,uniform_sorted,memberctl_ukr_rus_uniform_sorted_s1,election2020,raw_center/ridge,-0.0,0.0,-0.0,-0.0,0.0,-0.0,-0.0,0.0,-0.0,-0.0,0.0,-0.0
original,ukr_rus,1,uniform_sorted,memberctl_ukr_rus_uniform_sorted_s1,election2020,raw_context/prototype,-0.0,0.0,-0.0,-0.0,0.0,-0.0,1.1102230246251565e-16,-1.1102230246251565e-16,2.220446049250313e-16,-0.0,0.0,-0.0
original,ukr_rus,1,uniform_sorted,memberctl_ukr_rus_uniform_sorted_s1,election2020,raw_context/ridge,-0.0,0.0,-0.0,-0.0,0.0,-0.0,1.1102230246251565e-16,-1.1102230246251565e-16,2.220446049250313e-16,-0.0,0.0,-0.0
original,ukr_rus,1,uniform_sorted,memberctl_ukr_rus_uniform_sorted_s1,election2020,raw_joint/prototype,-0.0,0.0,-0.0,-0.0,0.0,-0.0,-0.0,0.0,-0.0,-0.0,0.0,-0.0
original,ukr_rus,1,uniform_sorted,memberctl_ukr_rus_uniform_sorted_s1,election2020,raw_joint/ridge,-0.0,0.0,-0.0,-0.0,0.0,-0.0,-0.0,0.0,-0.0,-0.0,0.0,-0.0
original,ukr_rus,1,uniform_sorted,memberctl_ukr_rus_uniform_sorted_s1,facebook_page_reference,M2_post_meta/prototype,0.16881752014160156,-0.07205009460449219,0.24086761474609375,0.1142578125,-0.0537109375,0.16796875,0.11416975175928934,-0.05899524713912474,0.17316499889841408,-0.036090314388275146,-5.120038986206055e-05,-0.036039113998413086
original,ukr_rus,1,uniform_sorted,memberctl_ukr_rus_uniform_sorted_s1,facebook_page_reference,M2_post_meta/ridge,0.17053604125976562,-0.06456756591796875,0.23510360717773438,0.1162109375,-0.0439453125,0.16015625,0.11933117507144986,-0.046931435893663886,0.16626261096511374,-0.06644028425216675,-0.0004981160163879395,-0.06594216823577881
original,ukr_rus,1,uniform_sorted,memberctl_ukr_rus_uniform_sorted_s1,facebook_page_reference,S0_conv_center/prototype,-0.0,0.0,-0.0,-0.0,0.0,-0.0,-0.0,0.0,-0.0,-0.0,0.0,-0.0
original,ukr_rus,1,uniform_sorted,memberctl_ukr_rus_uniform_sorted_s1,facebook_page_reference,S0_conv_center/ridge,-0.0,0.0,-0.0,-0.0,0.0,-0.0,-0.0,0.0,-0.0,-0.0,0.0,-0.0
original,ukr_rus,1,uniform_sorted,memberctl_ukr_rus_uniform_sorted_s1,facebook_page_reference,S0_pool/prototype,-0.0,0.0,-0.0,-0.0,0.0,-0.0,-0.0,0.0,-0.0,-0.0,0.0,-0.0
original,ukr_rus,1,uniform_sorted,memberctl_ukr_rus_uniform_sorted_s1,facebook_page_reference,S0_pool/ridge,-0.0,0.0,-0.0,-0.0,0.0,-0.0,-0.0,0.0,-0.0,-0.0,0.0,-0.0
original,ukr_rus,1,uniform_sorted,memberctl_ukr_rus_uniform_sorted_s1,facebook_page_reference,U1_pre_meta/prototype,-0.05615997314453125,-0.07781219482421875,0.0216522216796875,-0.0517578125,-0.0556640625,0.00390625,-0.05210491379293858,-0.06130621416841919,0.009201300375480614,0.0070574283599853516,0.0003292560577392578,0.006728172302246094
original,ukr_rus,1,uniform_sorted,memberctl_ukr_rus_uniform_sorted_s1,facebook_page_reference,U1_pre_meta/ridge,-0.0574951171875,-0.07811737060546875,0.02062225341796875,-0.0439453125,-0.0498046875,0.005859375,-0.04916224188790563,-0.05646918999741213,0.007306948109506495,0.01762634515762329,0.003096282482147217,0.014530062675476074
original,ukr_rus,1,uniform_sorted,memberctl_ukr_rus_uniform_sorted_s1,facebook_page_reference,final_input/prototype,0.16881752014160156,-0.07205009460449219,0.24086761474609375,0.1142578125,-0.0537109375,0.16796875,0.11416975175928934,-0.05899524713912474,0.17316499889841408,-0.036090314388275146,-5.120038986206055e-05,-0.036039113998413086
original,ukr_rus,1,uniform_sorted,memberctl_ukr_rus_uniform_sorted_s1,facebook_page_reference,final_input/ridge,0.17053604125976562,-0.06456756591796875,0.23510360717773438,0.1162109375,-0.0439453125,0.16015625,0.11933117507144986,-0.046931435893663886,0.16626261096511374,-0.06644028425216675,-0.0004981160163879395,-0.06594216823577881
original,ukr_rus,1,uniform_sorted,memberctl_ukr_rus_uniform_sorted_s1,facebook_page_reference,full_model,0.1379852294921875,0.005153656005859375,0.13283157348632812,0.09765625,0.0048828125,0.0927734375,0.09534596846040799,0.018660161697951594,0.0766858067624564,0.22796905040740956,-1.2636184692382812e-05,0.22798168659210194
original,ukr_rus,1,uniform_sorted,memberctl_ukr_rus_uniform_sorted_s1,facebook_page_reference,raw_center/prototype,-0.0,0.0,-0.0,-0.0,0.0,-0.0,-0.0,0.0,-0.0,-0.0,0.0,-0.0
original,ukr_rus,1,uniform_sorted,memberctl_ukr_rus_uniform_sorted_s1,facebook_page_reference,raw_center/ridge,1.1102230246251565e-16,-1.1102230246251565e-16,2.220446049250313e-16,-0.0,0.0,-0.0,-0.0,0.0,-0.0,-0.0,0.0,-0.0
original,ukr_rus,1,uniform_sorted,memberctl_ukr_rus_uniform_sorted_s1,facebook_page_reference,raw_context/prototype,-0.0,0.0,-0.0,-0.0,0.0,-0.0,-0.0,0.0,-0.0,-0.0,0.0,-0.0
original,ukr_rus,1,uniform_sorted,memberctl_ukr_rus_uniform_sorted_s1,facebook_page_reference,raw_context/ridge,-0.0,0.0,-0.0,-0.0,0.0,-0.0,-0.0,0.0,-0.0,-0.0,0.0,-0.0
original,ukr_rus,1,uniform_sorted,memberctl_ukr_rus_uniform_sorted_s1,facebook_page_reference,raw_joint/prototype,-0.0,0.0,-0.0,-0.0,0.0,-0.0,-0.0,0.0,-0.0,-0.0,0.0,-0.0
original,ukr_rus,1,uniform_sorted,memberctl_ukr_rus_uniform_sorted_s1,facebook_page_reference,raw_joint/ridge,1.1102230246251565e-16,-1.1102230246251565e-16,2.220446049250313e-16,-0.0,0.0,-0.0,-0.0,0.0,-0.0,-0.0,0.0,-0.0
original,ukr_rus,1,uniform_sorted,memberctl_ukr_rus_uniform_sorted_s1,twibot20,M2_post_meta/prototype,0.029545678032769085,-0.013058768378363617,0.0426044464111327,0.05989583333333337,-0.00390625,0.06380208333333337,0.008020532563362215,-0.00894708600799532,0.016967618571357534,-0.013181924819946289,-7.37309455871582e-05,-0.01310819387435913
original,ukr_rus,1,uniform_sorted,memberctl_ukr_rus_uniform_sorted_s1,twibot20,M2_post_meta/ridge,0.02600839402940547,-0.013056013319227455,0.039064407348632924,0.05305989583333337,-0.005533854166666741,0.05859375000000011,0.012913263321664759,-0.009282191192528377,0.022195454514193136,0.0011410713195800781,-0.000598609447479248,0.0017396807670593262
original,ukr_rus,1,uniform_sorted,memberctl_ukr_rus_uniform_sorted_s1,twibot20,S0_conv_center/prototype,-0.0,0.0,-0.0,-0.0,0.0,-0.0,-0.0,0.0,-0.0,-0.0,0.0,-0.0
original,ukr_rus,1,uniform_sorted,memberctl_ukr_rus_uniform_sorted_s1,twibot20,S0_conv_center/ridge,-0.0,0.0,-0.0,-0.0,0.0,-0.0,-0.0,0.0,-0.0,-0.0,0.0,-0.0
original,ukr_rus,1,uniform_sorted,memberctl_ukr_rus_uniform_sorted_s1,twibot20,S0_pool/prototype,-0.0,0.0,-0.0,-0.0,0.0,-0.0,-0.0,0.0,-0.0,-0.0,0.0,-0.0
original,ukr_rus,1,uniform_sorted,memberctl_ukr_rus_uniform_sorted_s1,twibot20,S0_pool/ridge,-0.0,0.0,-0.0,-0.0,0.0,-0.0,-0.0,0.0,-0.0,-0.0,0.0,-0.0
original,ukr_rus,1,uniform_sorted,memberctl_ukr_rus_uniform_sorted_s1,twibot20,U1_pre_meta/prototype,-0.037300533718533146,-0.01250627305772567,-0.024794260660807477,-0.03841145833333337,-0.00390625,-0.03450520833333337,-0.05144488111980494,-0.0062247582684133995,-0.04522012285139154,0.009800910949707031,0.0028868913650512695,0.006914019584655762
original,ukr_rus,1,uniform_sorted,memberctl_ukr_rus_uniform_sorted_s1,twibot20,U1_pre_meta/ridge,-0.022705078125,-0.015273835923936718,-0.007431242201063282,-0.02278645833333337,-0.0029296875,-0.01985677083333337,-0.029387464307009337,-0.004831200176328432,-0.024556264130680905,0.014924764633178711,0.01601654291152954,-0.00109177827835083
original,ukr_rus,1,uniform_sorted,memberctl_ukr_rus_uniform_sorted_s1,twibot20,final_input/prototype,0.029545678032769085,-0.013058768378363617,0.0426044464111327,0.05989583333333337,-0.00390625,0.06380208333333337,0.008020532563362215,-0.00894708600799532,0.016967618571357534,-0.013181924819946289,-7.37309455871582e-05,-0.01310819387435913
original,ukr_rus,1,uniform_sorted,memberctl_ukr_rus_uniform_sorted_s1,twibot20,final_input/ridge,0.02600839402940547,-0.013056013319227455,0.039064407348632924,0.05305989583333337,-0.005533854166666741,0.05859375000000011,0.012913263321664759,-0.009282191192528377,0.022195454514193136,0.0011410713195800781,-0.000598609447479248,0.0017396807670593262
original,ukr_rus,1,uniform_sorted,memberctl_ukr_rus_uniform_sorted_s1,twibot20,full_model,0.06848610772026908,0.026448355780707478,0.04203775193956161,0.0703125,0.0,0.0703125,-0.046441397608580015,0.0,-0.046441397608580015,0.22509914636611927,0.2746269106864929,-0.049527764320373646
original,ukr_rus,1,uniform_sorted,memberctl_ukr_rus_uniform_sorted_s1,twibot20,raw_center/prototype,-0.0,0.0,-0.0,-0.0,0.0,-0.0,-0.0,0.0,-0.0,-0.0,0.0,-0.0
original,ukr_rus,1,uniform_sorted,memberctl_ukr_rus_uniform_sorted_s1,twibot20,raw_center/ridge,-0.0,0.0,-0.0,-0.0,0.0,-0.0,-0.0,0.0,-0.0,-0.0,0.0,-0.0
original,ukr_rus,1,uniform_sorted,memberctl_ukr_rus_uniform_sorted_s1,twibot20,raw_context/prototype,-0.0,0.0,-0.0,-0.0,0.0,-0.0,-0.0,0.0,-0.0,-0.0,0.0,-0.0
original,ukr_rus,1,uniform_sorted,memberctl_ukr_rus_uniform_sorted_s1,twibot20,raw_context/ridge,-0.0,0.0,-0.0,-0.0,0.0,-0.0,-0.0,0.0,-0.0,-0.0,0.0,-0.0
original,ukr_rus,1,uniform_sorted,memberctl_ukr_rus_uniform_sorted_s1,twibot20,raw_joint/prototype,-0.0,0.0,-0.0,-0.0,0.0,-0.0,-0.0,0.0,-0.0,-0.0,0.0,-0.0
original,ukr_rus,1,uniform_sorted,memberctl_ukr_rus_uniform_sorted_s1,twibot20,raw_joint/ridge,-0.0,0.0,-0.0,-0.0,0.0,-0.0,-0.0,0.0,-0.0,-0.0,0.0,-0.0
original,ukr_rus,1,uniform_sorted,memberctl_ukr_rus_uniform_sorted_s1,ukr_rus_suspended,M2_post_meta/prototype,0.057159423828125,0.015411376953125,0.041748046875,0.0078125,0.01953125,-0.01171875,-0.10114942528735626,0.0701195219123506,-0.17126894719970687,-0.0007985234260559082,4.291534423828125e-06,-0.0008028149604797363
original,ukr_rus,1,uniform_sorted,memberctl_ukr_rus_uniform_sorted_s1,ukr_rus_suspended,M2_post_meta/ridge,0.05621337890625,0.017578125,0.03863525390625,0.02734375,0.01953125,0.0078125,-0.07134894091415822,0.04654961208656594,-0.11789855300072416,0.011351525783538818,3.9458274841308594e-05,0.01131206750869751
original,ukr_rus,1,uniform_sorted,memberctl_ukr_rus_uniform_sorted_s1,ukr_rus_suspended,S0_conv_center/prototype,-0.0,0.0,-0.0,-0.0,0.0,-0.0,-0.0,0.0,-0.0,-0.0,0.0,-0.0
original,ukr_rus,1,uniform_sorted,memberctl_ukr_rus_uniform_sorted_s1,ukr_rus_suspended,S0_conv_center/ridge,-0.0,0.0,-0.0,-0.0,0.0,-0.0,-0.0,5.551115123125783e-17,-5.551115123125783e-17,-0.0,0.0,-0.0
original,ukr_rus,1,uniform_sorted,memberctl_ukr_rus_uniform_sorted_s1,ukr_rus_suspended,S0_pool/prototype,-0.0,0.0,-0.0,-0.0,0.0,-0.0,-0.0,0.0,-0.0,-0.0,0.0,-0.0
original,ukr_rus,1,uniform_sorted,memberctl_ukr_rus_uniform_sorted_s1,ukr_rus_suspended,S0_pool/ridge,-0.0,0.0,-0.0,-0.0,0.0,-0.0,-0.0,0.0,-0.0,-0.0,0.0,-0.0
original,ukr_rus,1,uniform_sorted,memberctl_ukr_rus_uniform_sorted_s1,ukr_rus_suspended,U1_pre_meta/prototype,0.01226806640625,-0.003753662109375,0.016021728515625,0.015625,-0.015625,0.03125,0.01993650793650792,0.0011522949875167887,0.01878421294899113,-0.0008077621459960938,-4.112720489501953e-05,-0.0007666349411010742
original,ukr_rus,1,uniform_sorted,memberctl_ukr_rus_uniform_sorted_s1,ukr_rus_suspended,U1_pre_meta/ridge,0.0125732421875,-0.00372314453125,0.01629638671875,0.01953125,-0.03515625,0.0546875,0.029883312778673732,-0.033784860557768914,0.06366817333644265,-0.00562286376953125,-0.0003026127815246582,-0.005320250988006592
original,ukr_rus,1,uniform_sorted,memberctl_ukr_rus_uniform_sorted_s1,ukr_rus_suspended,final_input/prototype,0.057159423828125,0.015411376953125,0.041748046875,0.0078125,0.01953125,-0.01171875,-0.10114942528735626,0.0701195219123506,-0.17126894719970687,-0.0007985234260559082,4.291534423828125e-06,-0.0008028149604797363
original,ukr_rus,1,uniform_sorted,memberctl_ukr_rus_uniform_sorted_s1,ukr_rus_suspended,final_input/ridge,0.05621337890625,0.017578125,0.03863525390625,0.02734375,0.01953125,0.0078125,-0.07134894091415822,0.04654961208656594,-0.11789855300072416,0.011351525783538818,3.9458274841308594e-05,0.01131206750869751
original,ukr_rus,1,uniform_sorted,memberctl_ukr_rus_uniform_sorted_s1,ukr_rus_suspended,full_model,-0.0107421875,0.01312255859375,-0.02386474609375,0.0390625,0.0,0.0390625,0.05539991595461541,0.0,0.05539991595461541,0.2892798185348511,-0.024306058883666992,0.31358587741851807
original,ukr_rus,1,uniform_sorted,memberctl_ukr_rus_uniform_sorted_s1,ukr_rus_suspended,raw_center/prototype,-0.0,0.0,-0.0,-0.0,0.0,-0.0,-5.551115123125783e-17,5.551115123125783e-17,-1.1102230246251565e-16,-0.0,0.0,-0.0
original,ukr_rus,1,uniform_sorted,memberctl_ukr_rus_uniform_sorted_s1,ukr_rus_suspended,raw_center/ridge,-0.0,0.0,-0.0,-0.0,0.0,-0.0,-5.551115123125783e-17,5.551115123125783e-17,-1.1102230246251565e-16,-0.0,0.0,-0.0
original,ukr_rus,1,uniform_sorted,memberctl_ukr_rus_uniform_sorted_s1,ukr_rus_suspended,raw_context/prototype,-0.0,0.0,-0.0,-0.0,0.0,-0.0,-0.0,0.0,-0.0,-0.0,0.0,-0.0
original,ukr_rus,1,uniform_sorted,memberctl_ukr_rus_uniform_sorted_s1,ukr_rus_suspended,raw_context/ridge,-0.0,0.0,-0.0,-0.0,0.0,-0.0,-5.551115123125783e-17,5.551115123125783e-17,-1.1102230246251565e-16,-0.0,0.0,-0.0
original,ukr_rus,1,uniform_sorted,memberctl_ukr_rus_uniform_sorted_s1,ukr_rus_suspended,raw_joint/prototype,-0.0,0.0,-0.0,-0.0,0.0,-0.0,-5.551115123125783e-17,5.551115123125783e-17,-1.1102230246251565e-16,-0.0,0.0,-0.0
original,ukr_rus,1,uniform_sorted,memberctl_ukr_rus_uniform_sorted_s1,ukr_rus_suspended,raw_joint/ridge,-0.0,0.0,-0.0,-0.0,0.0,-0.0,-0.0,0.0,-0.0,-0.0,0.0,-0.0
original,ukr_rus,2,lowest_shuffled,memberctl_ukr_rus_lowest_shuffled_s2,covid_political,M2_post_meta/prototype,0.11114869294343155,0.02461101390697329,0.08653767903645826,0.2041015625,-0.02408854166666674,0.22819010416666674,0.07379981173517408,0.03383574817661056,0.03996406355856352,-0.014675676822662354,-0.00014919042587280273,-0.01452648639678955
original,ukr_rus,2,lowest_shuffled,memberctl_ukr_rus_lowest_shuffled_s2,covid_political,M2_post_meta/ridge,0.1157808657045718,0.02664043285228601,0.08914043285228579,0.29915364583333337,-0.02018229166666674,0.3193359375000001,0.12026324904745411,0.036244957186298665,0.08401829186115545,-0.05747723579406738,-0.0013881921768188477,-0.056089043617248535
original,ukr_rus,2,lowest_shuffled,memberctl_ukr_rus_lowest_shuffled_s2,covid_political,S0_conv_center/prototype,-0.0,0.0,-0.0,-0.0,0.0,-0.0,-0.0,0.0,-0.0,-0.0,0.0,-0.0
original,ukr_rus,2,lowest_shuffled,memberctl_ukr_rus_lowest_shuffled_s2,covid_political,S0_conv_center/ridge,-0.0,0.0,-0.0,-0.0,0.0,-0.0,-0.0,0.0,-0.0,-0.0,0.0,-0.0
original,ukr_rus,2,lowest_shuffled,memberctl_ukr_rus_lowest_shuffled_s2,covid_political,S0_pool/prototype,-1.1102230246251565e-16,0.0,-1.1102230246251565e-16,-0.0,0.0,-0.0,-0.0,0.0,-0.0,-0.0,0.0,-0.0
original,ukr_rus,2,lowest_shuffled,memberctl_ukr_rus_lowest_shuffled_s2,covid_political,S0_pool/ridge,-0.0,0.0,-0.0,-0.0,0.0,-0.0,-0.0,0.0,-0.0,-0.0,0.0,-0.0
original,ukr_rus,2,lowest_shuffled,memberctl_ukr_rus_lowest_shuffled_s2,covid_political,U1_pre_meta/prototype,0.04074124936704271,0.014769377531828831,0.025971871835213878,0.08072916666666663,-0.0224609375,0.10319010416666663,0.11652723893978412,0.011545189504373221,0.1049820494354109,-0.03784620761871338,0.0008699297904968262,-0.038716137409210205
original,ukr_rus,2,lowest_shuffled,memberctl_ukr_rus_lowest_shuffled_s2,covid_political,U1_pre_meta/ridge,0.03635802092375573,0.0035996613679109,0.03275835955584483,0.07356770833333326,-0.029296875,0.10286458333333326,0.10597171293871133,0.0017426629379251324,0.1042290500007862,-0.07797032594680786,0.006302237510681152,-0.08427256345748901
original,ukr_rus,2,lowest_shuffled,memberctl_ukr_rus_lowest_shuffled_s2,covid_political,final_input/prototype,0.11114869294343155,0.02461101390697329,0.08653767903645826,0.2041015625,-0.02408854166666674,0.22819010416666674,0.07379981173517408,0.03383574817661056,0.03996406355856352,-0.014675676822662354,-0.00014919042587280273,-0.01452648639678955
original,ukr_rus,2,lowest_shuffled,memberctl_ukr_rus_lowest_shuffled_s2,covid_political,final_input/ridge,0.1157808657045718,0.02664043285228601,0.08914043285228579,0.29915364583333337,-0.02018229166666674,0.3193359375000001,0.12026324904745411,0.036244957186298665,0.08401829186115545,-0.05747723579406738,-0.0013881921768188477,-0.056089043617248535
original,ukr_rus,2,lowest_shuffled,memberctl_ukr_rus_lowest_shuffled_s2,covid_political,full_model,0.10166422526041663,-0.008735939308449014,0.11040016456886564,0.28938802083333337,0.0,0.28938802083333337,0.2702483834296959,0.0,0.2702483834296959,-0.1605607271194458,-0.012587010860443115,-0.14797371625900269
original,ukr_rus,2,lowest_shuffled,memberctl_ukr_rus_lowest_shuffled_s2,covid_political,raw_center/prototype,-0.0,0.0,-0.0,-0.0,0.0,-0.0,-0.0,0.0,-0.0,-0.0,0.0,-0.0
original,ukr_rus,2,lowest_shuffled,memberctl_ukr_rus_lowest_shuffled_s2,covid_political,raw_center/ridge,-0.0,0.0,-0.0,-0.0,0.0,-0.0,-0.0,0.0,-0.0,-0.0,0.0,-0.0
original,ukr_rus,2,lowest_shuffled,memberctl_ukr_rus_lowest_shuffled_s2,covid_political,raw_context/prototype,-1.1102230246251565e-16,1.1102230246251565e-16,-2.220446049250313e-16,-0.0,0.0,-0.0,-0.0,0.0,-0.0,-0.0,0.0,-0.0
original,ukr_rus,2,lowest_shuffled,memberctl_ukr_rus_lowest_shuffled_s2,covid_political,raw_context/ridge,-0.0,0.0,-0.0,-0.0,0.0,-0.0,-0.0,0.0,-0.0,-0.0,0.0,-0.0
original,ukr_rus,2,lowest_shuffled,memberctl_ukr_rus_lowest_shuffled_s2,covid_political,raw_joint/prototype,-0.0,0.0,-0.0,-0.0,0.0,-0.0,-0.0,0.0,-0.0,-0.0,0.0,-0.0
original,ukr_rus,2,lowest_shuffled,memberctl_ukr_rus_lowest_shuffled_s2,covid_political,raw_joint/ridge,-0.0,0.0,-0.0,-0.0,0.0,-0.0,-0.0,0.0,-0.0,-0.0,0.0,-0.0
original,ukr_rus,2,lowest_shuffled,memberctl_ukr_rus_lowest_shuffled_s2,election2020,M2_post_meta/prototype,0.094757080078125,-0.024993896484375,0.1197509765625,0.26171875,-0.03515625,0.296875,0.14090431125131442,-0.03469879518072283,0.17560310643203725,-0.09651648998260498,-5.7220458984375e-06,-0.09651076793670654
original,ukr_rus,2,lowest_shuffled,memberctl_ukr_rus_lowest_shuffled_s2,election2020,M2_post_meta/ridge,0.09228515625,-0.02203369140625,0.11431884765625,0.30078125,-0.03125,0.33203125,0.16720955483170474,-0.0400685801371603,0.20727813496886505,-0.2247942090034485,-3.921985626220703e-05,-0.22475498914718628
original,ukr_rus,2,lowest_shuffled,memberctl_ukr_rus_lowest_shuffled_s2,election2020,S0_conv_center/prototype,-0.0,0.0,-0.0,-0.0,0.0,-0.0,-0.0,0.0,-0.0,-0.0,0.0,-0.0
original,ukr_rus,2,lowest_shuffled,memberctl_ukr_rus_lowest_shuffled_s2,election2020,S0_conv_center/ridge,-0.0,0.0,-0.0,-0.0,0.0,-0.0,-0.0,0.0,-0.0,-0.0,0.0,-0.0
original,ukr_rus,2,lowest_shuffled,memberctl_ukr_rus_lowest_shuffled_s2,election2020,S0_pool/prototype,-0.0,0.0,-0.0,-0.0,0.0,-0.0,1.1102230246251565e-16,-1.1102230246251565e-16,2.220446049250313e-16,-0.0,0.0,-0.0
original,ukr_rus,2,lowest_shuffled,memberctl_ukr_rus_lowest_shuffled_s2,election2020,S0_pool/ridge,-0.0,0.0,-0.0,-0.0,0.0,-0.0,1.1102230246251565e-16,-1.1102230246251565e-16,2.220446049250313e-16,-0.0,0.0,-0.0
original,ukr_rus,2,lowest_shuffled,memberctl_ukr_rus_lowest_shuffled_s2,election2020,U1_pre_meta/prototype,0.036376953125,-0.033447265625,0.06982421875,0.09765625,-0.04296875,0.140625,0.09242207606519892,-0.04932126696832584,0.14174334303352476,-0.05731719732284546,0.0009160041809082031,-0.05823320150375366
original,ukr_rus,2,lowest_shuffled,memberctl_ukr_rus_lowest_shuffled_s2,election2020,U1_pre_meta/ridge,0.0220947265625,-0.0576171875,0.0797119140625,0.08984375,-0.0703125,0.16015625,0.08424638092534786,-0.07526094121955684,0.1595073221449047,-0.12384936213493347,0.007270395755767822,-0.1311197578907013
original,ukr_rus,2,lowest_shuffled,memberctl_ukr_rus_lowest_shuffled_s2,election2020,final_input/prototype,0.094757080078125,-0.024993896484375,0.1197509765625,0.26171875,-0.03515625,0.296875,0.14090431125131442,-0.03469879518072283,0.17560310643203725,-0.09651648998260498,-5.7220458984375e-06,-0.09651076793670654
original,ukr_rus,2,lowest_shuffled,memberctl_ukr_rus_lowest_shuffled_s2,election2020,final_input/ridge,0.09228515625,-0.02203369140625,0.11431884765625,0.30078125,-0.03125,0.33203125,0.16720955483170474,-0.0400685801371603,0.20727813496886505,-0.2247942090034485,-3.921985626220703e-05,-0.22475498914718628
original,ukr_rus,2,lowest_shuffled,memberctl_ukr_rus_lowest_shuffled_s2,election2020,full_model,0.1844482421875,0.05810546875,0.1263427734375,0.25,0.0,0.25,0.23099219620958766,0.0,0.23099219620958766,-0.5564354211091996,-0.0032843947410583496,-0.5531510263681413
original,ukr_rus,2,lowest_shuffled,memberctl_ukr_rus_lowest_shuffled_s2,election2020,raw_center/prototype,-0.0,0.0,-0.0,-0.0,0.0,-0.0,-0.0,0.0,-0.0,-0.0,0.0,-0.0
original,ukr_rus,2,lowest_shuffled,memberctl_ukr_rus_lowest_shuffled_s2,election2020,raw_center/ridge,-0.0,0.0,-0.0,-0.0,0.0,-0.0,-0.0,0.0,-0.0,-0.0,0.0,-0.0
original,ukr_rus,2,lowest_shuffled,memberctl_ukr_rus_lowest_shuffled_s2,election2020,raw_context/prototype,-0.0,0.0,-0.0,-0.0,0.0,-0.0,1.1102230246251565e-16,-1.1102230246251565e-16,2.220446049250313e-16,-0.0,0.0,-0.0
original,ukr_rus,2,lowest_shuffled,memberctl_ukr_rus_lowest_shuffled_s2,election2020,raw_context/ridge,-0.0,0.0,-0.0,-0.0,0.0,-0.0,1.1102230246251565e-16,-1.1102230246251565e-16,2.220446049250313e-16,-0.0,0.0,-0.0
original,ukr_rus,2,lowest_shuffled,memberctl_ukr_rus_lowest_shuffled_s2,election2020,raw_joint/prototype,-0.0,0.0,-0.0,-0.0,0.0,-0.0,-0.0,0.0,-0.0,-0.0,0.0,-0.0
original,ukr_rus,2,lowest_shuffled,memberctl_ukr_rus_lowest_shuffled_s2,election2020,raw_joint/ridge,-0.0,0.0,-0.0,-0.0,0.0,-0.0,-0.0,0.0,-0.0,-0.0,0.0,-0.0
original,ukr_rus,2,lowest_shuffled,memberctl_ukr_rus_lowest_shuffled_s2,facebook_page_reference,M2_post_meta/prototype,0.15907669067382812,-0.05109977722167969,0.2101764678955078,0.1044921875,-0.06640625,0.1708984375,0.0471909817702284,-0.06604565782021987,0.11323663959044827,-0.018082499504089355,-8.219480514526367e-05,-0.018000304698944092
original,ukr_rus,2,lowest_shuffled,memberctl_ukr_rus_lowest_shuffled_s2,facebook_page_reference,M2_post_meta/ridge,0.18927001953125,-0.043262481689453125,0.23253250122070312,0.13671875,-0.0625,0.19921875,0.07950013394659494,-0.05898049528645166,0.1384806292330466,-0.05990725755691528,-0.0007988810539245605,-0.05910837650299072
original,ukr_rus,2,lowest_shuffled,memberctl_ukr_rus_lowest_shuffled_s2,facebook_page_reference,S0_conv_center/prototype,-0.0,0.0,-0.0,-0.0,0.0,-0.0,-0.0,0.0,-0.0,-0.0,0.0,-0.0
original,ukr_rus,2,lowest_shuffled,memberctl_ukr_rus_lowest_shuffled_s2,facebook_page_reference,S0_conv_center/ridge,-0.0,0.0,-0.0,-0.0,0.0,-0.0,-0.0,0.0,-0.0,-0.0,0.0,-0.0
original,ukr_rus,2,lowest_shuffled,memberctl_ukr_rus_lowest_shuffled_s2,facebook_page_reference,S0_pool/prototype,-0.0,0.0,-0.0,-0.0,0.0,-0.0,-0.0,0.0,-0.0,-0.0,0.0,-0.0
original,ukr_rus,2,lowest_shuffled,memberctl_ukr_rus_lowest_shuffled_s2,facebook_page_reference,S0_pool/ridge,-0.0,0.0,-0.0,-0.0,0.0,-0.0,-0.0,0.0,-0.0,-0.0,0.0,-0.0
original,ukr_rus,2,lowest_shuffled,memberctl_ukr_rus_lowest_shuffled_s2,facebook_page_reference,U1_pre_meta/prototype,-0.061244964599609375,-0.05765724182128906,-0.0035877227783203125,-0.05078125,-0.0654296875,0.0146484375,-0.046398191189956695,-0.06791783655977535,0.021519645369818652,0.0030690431594848633,0.00038927793502807617,0.002679765224456787
original,ukr_rus,2,lowest_shuffled,memberctl_ukr_rus_lowest_shuffled_s2,facebook_page_reference,U1_pre_meta/ridge,-0.060581207275390625,-0.06048393249511719,-9.72747802734375e-05,-0.048828125,-0.0654296875,0.0166015625,-0.04773226209019943,-0.06558447304511972,0.01785221095492029,0.012100815773010254,0.003542780876159668,0.008558034896850586
original,ukr_rus,2,lowest_shuffled,memberctl_ukr_rus_lowest_shuffled_s2,facebook_page_reference,final_input/prototype,0.15907669067382812,-0.05109977722167969,0.2101764678955078,0.1044921875,-0.06640625,0.1708984375,0.0471909817702284,-0.06604565782021987,0.11323663959044827,-0.018082499504089355,-8.219480514526367e-05,-0.018000304698944092
original,ukr_rus,2,lowest_shuffled,memberctl_ukr_rus_lowest_shuffled_s2,facebook_page_reference,final_input/ridge,0.18927001953125,-0.043262481689453125,0.23253250122070312,0.13671875,-0.0625,0.19921875,0.07950013394659494,-0.05898049528645166,0.1384806292330466,-0.05990725755691528,-0.0007988810539245605,-0.05910837650299072
original,ukr_rus,2,lowest_shuffled,memberctl_ukr_rus_lowest_shuffled_s2,facebook_page_reference,full_model,0.08804893493652344,-0.003955841064453125,0.09200477600097656,0.07421875,-0.0029296875,0.0771484375,0.07625073075921707,0.01188925565765614,0.06436147510156093,0.13514596223831177,0.00012046098709106445,0.1350255012512207
original,ukr_rus,2,lowest_shuffled,memberctl_ukr_rus_lowest_shuffled_s2,facebook_page_reference,raw_center/prototype,-0.0,0.0,-0.0,-0.0,0.0,-0.0,-0.0,0.0,-0.0,-0.0,0.0,-0.0
original,ukr_rus,2,lowest_shuffled,memberctl_ukr_rus_lowest_shuffled_s2,facebook_page_reference,raw_center/ridge,1.1102230246251565e-16,-1.1102230246251565e-16,2.220446049250313e-16,-0.0,0.0,-0.0,-0.0,0.0,-0.0,-0.0,0.0,-0.0
original,ukr_rus,2,lowest_shuffled,memberctl_ukr_rus_lowest_shuffled_s2,facebook_page_reference,raw_context/prototype,-0.0,0.0,-0.0,-0.0,0.0,-0.0,-0.0,0.0,-0.0,-0.0,0.0,-0.0
original,ukr_rus,2,lowest_shuffled,memberctl_ukr_rus_lowest_shuffled_s2,facebook_page_reference,raw_context/ridge,-0.0,0.0,-0.0,-0.0,0.0,-0.0,-0.0,0.0,-0.0,-0.0,0.0,-0.0
original,ukr_rus,2,lowest_shuffled,memberctl_ukr_rus_lowest_shuffled_s2,facebook_page_reference,raw_joint/prototype,-0.0,0.0,-0.0,-0.0,0.0,-0.0,-0.0,0.0,-0.0,-0.0,0.0,-0.0
original,ukr_rus,2,lowest_shuffled,memberctl_ukr_rus_lowest_shuffled_s2,facebook_page_reference,raw_joint/ridge,1.1102230246251565e-16,-1.1102230246251565e-16,2.220446049250313e-16,-0.0,0.0,-0.0,-0.0,0.0,-0.0,-0.0,0.0,-0.0
original,ukr_rus,2,lowest_shuffled,memberctl_ukr_rus_lowest_shuffled_s2,twibot20,M2_post_meta/prototype,0.15069474114312054,0.0017511579725477677,0.14894358317057277,0.08723958333333337,-0.0022786458333333703,0.08951822916666674,0.13003183944423213,-0.006353216937158512,0.13638505638139065,-0.005275309085845947,-0.0002130270004272461,-0.005062282085418701
original,ukr_rus,2,lowest_shuffled,memberctl_ukr_rus_lowest_shuffled_s2,twibot20,M2_post_meta/ridge,0.17255655924479169,0.0022619035508897323,0.17029465569390195,0.11165364583333331,-0.00032552083333337034,0.11197916666666669,0.1693988122745484,-0.005175767573326273,0.17457457984787467,-0.016197681427001953,-0.001812279224395752,-0.014385402202606201
original,ukr_rus,2,lowest_shuffled,memberctl_ukr_rus_lowest_shuffled_s2,twibot20,S0_conv_center/prototype,-0.0,0.0,-0.0,-0.0,0.0,-0.0,-0.0,0.0,-0.0,-0.0,0.0,-0.0
original,ukr_rus,2,lowest_shuffled,memberctl_ukr_rus_lowest_shuffled_s2,twibot20,S0_conv_center/ridge,-0.0,0.0,-0.0,-0.0,0.0,-0.0,-0.0,0.0,-0.0,-0.0,0.0,-0.0
original,ukr_rus,2,lowest_shuffled,memberctl_ukr_rus_lowest_shuffled_s2,twibot20,S0_pool/prototype,-0.0,0.0,-0.0,-0.0,0.0,-0.0,-0.0,0.0,-0.0,-0.0,0.0,-0.0
original,ukr_rus,2,lowest_shuffled,memberctl_ukr_rus_lowest_shuffled_s2,twibot20,S0_pool/ridge,-0.0,0.0,-0.0,-0.0,0.0,-0.0,-0.0,0.0,-0.0,-0.0,0.0,-0.0
original,ukr_rus,2,lowest_shuffled,memberctl_ukr_rus_lowest_shuffled_s2,twibot20,U1_pre_meta/prototype,-0.0239887237548827,-0.0027927822536892855,-0.021195941501193416,-0.02083333333333337,-0.00032552083333337034,-0.0205078125,-0.03457494340521872,-0.002164228616017616,-0.0324107147892011,0.002570807933807373,0.0036283135414123535,-0.0010575056076049805
original,ukr_rus,2,lowest_shuffled,memberctl_ukr_rus_lowest_shuffled_s2,twibot20,U1_pre_meta/ridge,-0.01159413655598951,-0.005830340915256138,-0.005763795640733371,-0.01399739583333337,-0.0032552083333333703,-0.0107421875,-0.026810274543858648,-0.004237525012911303,-0.022572749530947345,0.003130674362182617,0.017426133155822754,-0.014295458793640137
original,ukr_rus,2,lowest_shuffled,memberctl_ukr_rus_lowest_shuffled_s2,twibot20,final_input/prototype,0.15069474114312054,0.0017511579725477677,0.14894358317057277,0.08723958333333337,-0.0022786458333333703,0.08951822916666674,0.13003183944423213,-0.006353216937158512,0.13638505638139065,-0.005275309085845947,-0.0002130270004272461,-0.005062282085418701
original,ukr_rus,2,lowest_shuffled,memberctl_ukr_rus_lowest_shuffled_s2,twibot20,final_input/ridge,0.17255655924479169,0.0022619035508897323,0.17029465569390195,0.11165364583333331,-0.00032552083333337034,0.11197916666666669,0.1693988122745484,-0.005175767573326273,0.17457457984787467,-0.016197681427001953,-0.001812279224395752,-0.014385402202606201
original,ukr_rus,2,lowest_shuffled,memberctl_ukr_rus_lowest_shuffled_s2,twibot20,full_model,0.07525528801812065,0.09382099575466585,-0.0185657077365452,0.0625,0.0,0.0625,-0.04894095472698101,0.0,-0.04894095472698101,0.21537518501281738,0.011323988437652588,0.2040511965751648
original,ukr_rus,2,lowest_shuffled,memberctl_ukr_rus_lowest_shuffled_s2,twibot20,raw_center/prototype,-0.0,0.0,-0.0,-0.0,0.0,-0.0,-0.0,0.0,-0.0,-0.0,0.0,-0.0
original,ukr_rus,2,lowest_shuffled,memberctl_ukr_rus_lowest_shuffled_s2,twibot20,raw_center/ridge,-0.0,0.0,-0.0,-0.0,0.0,-0.0,-0.0,0.0,-0.0,-0.0,0.0,-0.0
original,ukr_rus,2,lowest_shuffled,memberctl_ukr_rus_lowest_shuffled_s2,twibot20,raw_context/prototype,-0.0,0.0,-0.0,-0.0,0.0,-0.0,-0.0,0.0,-0.0,-0.0,0.0,-0.0
original,ukr_rus,2,lowest_shuffled,memberctl_ukr_rus_lowest_shuffled_s2,twibot20,raw_context/ridge,-0.0,0.0,-0.0,-0.0,0.0,-0.0,-0.0,0.0,-0.0,-0.0,0.0,-0.0
original,ukr_rus,2,lowest_shuffled,memberctl_ukr_rus_lowest_shuffled_s2,twibot20,raw_joint/prototype,-0.0,0.0,-0.0,-0.0,0.0,-0.0,-0.0,0.0,-0.0,-0.0,0.0,-0.0
original,ukr_rus,2,lowest_shuffled,memberctl_ukr_rus_lowest_shuffled_s2,twibot20,raw_joint/ridge,-0.0,0.0,-0.0,-0.0,0.0,-0.0,-0.0,0.0,-0.0,-0.0,0.0,-0.0
original,ukr_rus,2,lowest_shuffled,memberctl_ukr_rus_lowest_shuffled_s2,ukr_rus_suspended,M2_post_meta/prototype,0.08197021484375,0.02520751953125,0.0567626953125,0.00390625,0.06640625,-0.0625,-0.03628493806695221,0.05919859608072542,-0.09548353414767763,0.002259969711303711,3.874301910400391e-06,0.0022560954093933105
original,ukr_rus,2,lowest_shuffled,memberctl_ukr_rus_lowest_shuffled_s2,ukr_rus_suspended,M2_post_meta/ridge,0.0753173828125,0.020782470703125,0.054534912109375,-0.0,0.03515625,-0.03515625,-0.03587812393016088,0.02882370547740204,-0.06470182940756292,0.05148059129714966,3.6597251892089844e-05,0.05144399404525757
original,ukr_rus,2,lowest_shuffled,memberctl_ukr_rus_lowest_shuffled_s2,ukr_rus_suspended,S0_conv_center/prototype,-0.0,0.0,-0.0,-0.0,0.0,-0.0,-0.0,0.0,-0.0,-0.0,0.0,-0.0
original,ukr_rus,2,lowest_shuffled,memberctl_ukr_rus_lowest_shuffled_s2,ukr_rus_suspended,S0_conv_center/ridge,-0.0,0.0,-0.0,-0.0,0.0,-0.0,-0.0,5.551115123125783e-17,-5.551115123125783e-17,-0.0,0.0,-0.0
original,ukr_rus,2,lowest_shuffled,memberctl_ukr_rus_lowest_shuffled_s2,ukr_rus_suspended,S0_pool/prototype,-0.0,0.0,-0.0,-0.0,0.0,-0.0,-0.0,5.551115123125783e-17,-5.551115123125783e-17,-0.0,0.0,-0.0
original,ukr_rus,2,lowest_shuffled,memberctl_ukr_rus_lowest_shuffled_s2,ukr_rus_suspended,S0_pool/ridge,-0.0,0.0,-0.0,-0.0,0.0,-0.0,-0.0,5.551115123125783e-17,-5.551115123125783e-17,-0.0,0.0,-0.0
original,ukr_rus,2,lowest_shuffled,memberctl_ukr_rus_lowest_shuffled_s2,ukr_rus_suspended,U1_pre_meta/prototype,-0.019622802734375,0.003326416015625,-0.02294921875,0.0078125,0.01953125,-0.01171875,0.011450381679389277,0.02166053921568628,-0.010210157536297004,-0.0004229545593261719,-5.543231964111328e-05,-0.0003675222396850586
original,ukr_rus,2,lowest_shuffled,memberctl_ukr_rus_lowest_shuffled_s2,ukr_rus_suspended,U1_pre_meta/ridge,-0.00360107421875,-0.001129150390625,-0.002471923828125,-0.00390625,0.01953125,-0.0234375,0.009161624891962039,0.02166053921568628,-0.012498914323724242,-0.00439763069152832,-0.00040918588638305664,-0.003988444805145264
original,ukr_rus,2,lowest_shuffled,memberctl_ukr_rus_lowest_shuffled_s2,ukr_rus_suspended,final_input/prototype,0.08197021484375,0.02520751953125,0.0567626953125,0.00390625,0.06640625,-0.0625,-0.03628493806695221,0.05919859608072542,-0.09548353414767763,0.002259969711303711,3.874301910400391e-06,0.0022560954093933105
original,ukr_rus,2,lowest_shuffled,memberctl_ukr_rus_lowest_shuffled_s2,ukr_rus_suspended,final_input/ridge,0.0753173828125,0.020782470703125,0.054534912109375,-0.0,0.03515625,-0.03515625,-0.03587812393016088,0.02882370547740204,-0.06470182940756292,0.05148059129714966,3.6597251892089844e-05,0.05144399404525757
original,ukr_rus,2,lowest_shuffled,memberctl_ukr_rus_lowest_shuffled_s2,ukr_rus_suspended,full_model,-0.010772705078125,-0.00079345703125,-0.009979248046875,0.00390625,-0.00390625,0.0078125,0.08650531586777455,-0.0155038759689922,0.10200919183676674,0.2350558042526245,0.02722489833831787,0.20783090591430664
original,ukr_rus,2,lowest_shuffled,memberctl_ukr_rus_lowest_shuffled_s2,ukr_rus_suspended,raw_center/prototype,-0.0,0.0,-0.0,-0.0,0.0,-0.0,-5.551115123125783e-17,5.551115123125783e-17,-1.1102230246251565e-16,-0.0,0.0,-0.0
original,ukr_rus,2,lowest_shuffled,memberctl_ukr_rus_lowest_shuffled_s2,ukr_rus_suspended,raw_center/ridge,-0.0,0.0,-0.0,-0.0,0.0,-0.0,-5.551115123125783e-17,5.551115123125783e-17,-1.1102230246251565e-16,-0.0,0.0,-0.0
original,ukr_rus,2,lowest_shuffled,memberctl_ukr_rus_lowest_shuffled_s2,ukr_rus_suspended,raw_context/prototype,-0.0,0.0,-0.0,-0.0,0.0,-0.0,-0.0,0.0,-0.0,-0.0,0.0,-0.0
original,ukr_rus,2,lowest_shuffled,memberctl_ukr_rus_lowest_shuffled_s2,ukr_rus_suspended,raw_context/ridge,-0.0,0.0,-0.0,-0.0,0.0,-0.0,-5.551115123125783e-17,5.551115123125783e-17,-1.1102230246251565e-16,-0.0,0.0,-0.0
original,ukr_rus,2,lowest_shuffled,memberctl_ukr_rus_lowest_shuffled_s2,ukr_rus_suspended,raw_joint/prototype,-0.0,0.0,-0.0,-0.0,0.0,-0.0,-5.551115123125783e-17,5.551115123125783e-17,-1.1102230246251565e-16,-0.0,0.0,-0.0
original,ukr_rus,2,lowest_shuffled,memberctl_ukr_rus_lowest_shuffled_s2,ukr_rus_suspended,raw_joint/ridge,-0.0,0.0,-0.0,-0.0,0.0,-0.0,-0.0,0.0,-0.0,-0.0,0.0,-0.0
original,ukr_rus,2,lowest_sorted,memberctl_ukr_rus_lowest_sorted_s2,covid_political,M2_post_meta/prototype,0.42787735550491923,0.06197328920717593,0.3659040662977433,0.09244791666666669,0.029296875,0.06315104166666669,0.12097416163610991,0.08523226789370236,0.03574189374240755,-0.01959782838821411,-0.0006088018417358398,-0.01898902654647827
original,ukr_rus,2,lowest_sorted,memberctl_ukr_rus_lowest_sorted_s2,covid_political,M2_post_meta/ridge,0.4322916666666667,0.06759841353804974,0.36469325312861695,0.1328125,0.03515625,0.09765625,0.14368514995545772,0.09322746086724315,0.050457689088214575,-0.038861095905303955,-0.0054367780685424805,-0.033424317836761475
original,ukr_rus,2,lowest_sorted,memberctl_ukr_rus_lowest_sorted_s2,covid_political,S0_conv_center/prototype,-0.0,0.0,-0.0,-0.0,0.0,-0.0,-0.0,0.0,-0.0,-0.0,0.0,-0.0
original,ukr_rus,2,lowest_sorted,memberctl_ukr_rus_lowest_sorted_s2,covid_political,S0_conv_center/ridge,-0.0,0.0,-0.0,-0.0,0.0,-0.0,-0.0,0.0,-0.0,-0.0,0.0,-0.0
original,ukr_rus,2,lowest_sorted,memberctl_ukr_rus_lowest_sorted_s2,covid_political,S0_pool/prototype,1.1102230246251565e-16,0.0,1.1102230246251565e-16,-0.0,0.0,-0.0,-0.0,0.0,-0.0,-0.0,0.0,-0.0
original,ukr_rus,2,lowest_sorted,memberctl_ukr_rus_lowest_sorted_s2,covid_political,S0_pool/ridge,-1.1102230246251565e-16,0.0,-1.1102230246251565e-16,-0.0,0.0,-0.0,-0.0,0.0,-0.0,-0.0,0.0,-0.0
original,ukr_rus,2,lowest_sorted,memberctl_ukr_rus_lowest_sorted_s2,covid_political,U1_pre_meta/prototype,0.02899622034143534,0.06395043267144107,-0.03495421233000573,0.07389322916666663,0.03255208333333337,0.04134114583333326,0.11193779143161131,0.06962582550664465,0.042311965924966666,-0.031235098838806152,6.943941116333008e-05,-0.03130453824996948
original,ukr_rus,2,lowest_sorted,memberctl_ukr_rus_lowest_sorted_s2,covid_political,U1_pre_meta/ridge,0.02794053819444431,0.0592747441044561,-0.03133420591001179,0.06608072916666674,0.02994791666666674,0.0361328125,0.10332398571348844,0.06451799171059458,0.03880599400289386,-0.06423777341842651,-0.0003790855407714844,-0.06385868787765503
original,ukr_rus,2,lowest_sorted,memberctl_ukr_rus_lowest_sorted_s2,covid_political,final_input/prototype,0.42787735550491923,0.06197328920717593,0.3659040662977433,0.09244791666666669,0.029296875,0.06315104166666669,0.12097416163610991,0.08523226789370236,0.03574189374240755,-0.01959782838821411,-0.0006088018417358398,-0.01898902654647827
original,ukr_rus,2,lowest_sorted,memberctl_ukr_rus_lowest_sorted_s2,covid_political,final_input/ridge,0.4322916666666667,0.06759841353804974,0.36469325312861695,0.1328125,0.03515625,0.09765625,0.14368514995545772,0.09322746086724315,0.050457689088214575,-0.038861095905303955,-0.0054367780685424805,-0.033424317836761475
original,ukr_rus,2,lowest_sorted,memberctl_ukr_rus_lowest_sorted_s2,covid_political,full_model,0.20117639612268512,-0.2376895480685763,0.43886594419126146,0.33951822916666663,-0.5071614583333334,0.8466796875,0.3108019040644453,0.34107648725212464,-0.030274583187679338,-0.20154729485511785,0.07098895311355591,-0.27253624796867376
original,ukr_rus,2,lowest_sorted,memberctl_ukr_rus_lowest_sorted_s2,covid_political,raw_center/prototype,-0.0,0.0,-0.0,-0.0,0.0,-0.0,-0.0,0.0,-0.0,-0.0,0.0,-0.0
original,ukr_rus,2,lowest_sorted,memberctl_ukr_rus_lowest_sorted_s2,covid_political,raw_center/ridge,-0.0,0.0,-0.0,-0.0,0.0,-0.0,-0.0,0.0,-0.0,-0.0,0.0,-0.0
original,ukr_rus,2,lowest_sorted,memberctl_ukr_rus_lowest_sorted_s2,covid_political,raw_context/prototype,-1.1102230246251565e-16,1.1102230246251565e-16,-2.220446049250313e-16,-0.0,0.0,-0.0,-0.0,0.0,-0.0,-0.0,0.0,-0.0
original,ukr_rus,2,lowest_sorted,memberctl_ukr_rus_lowest_sorted_s2,covid_political,raw_context/ridge,-0.0,0.0,-0.0,-0.0,0.0,-0.0,-0.0,0.0,-0.0,-0.0,0.0,-0.0
original,ukr_rus,2,lowest_sorted,memberctl_ukr_rus_lowest_sorted_s2,covid_political,raw_joint/prototype,-0.0,0.0,-0.0,-0.0,0.0,-0.0,-0.0,0.0,-0.0,-0.0,0.0,-0.0
original,ukr_rus,2,lowest_sorted,memberctl_ukr_rus_lowest_sorted_s2,covid_political,raw_joint/ridge,-0.0,0.0,-0.0,-0.0,0.0,-0.0,-0.0,0.0,-0.0,-0.0,0.0,-0.0
original,ukr_rus,2,lowest_sorted,memberctl_ukr_rus_lowest_sorted_s2,election2020,M2_post_meta/prototype,0.431365966796875,0.030517578125,0.400848388671875,0.34765625,0.00390625,0.34375,0.33458778664258115,0.0053012048192772054,0.32928658182330395,-0.09258431196212769,-0.0003451108932495117,-0.09223920106887817
original,ukr_rus,2,lowest_sorted,memberctl_ukr_rus_lowest_sorted_s2,election2020,M2_post_meta/ridge,0.4271240234375,0.04010009765625,0.38702392578125,0.2890625,0.01171875,0.27734375,0.2917516793738293,0.008093609812717562,0.2836580695611117,-0.20170158147811895,-0.003121018409729004,-0.19858056306838995
original,ukr_rus,2,lowest_sorted,memberctl_ukr_rus_lowest_sorted_s2,election2020,S0_conv_center/prototype,-0.0,0.0,-0.0,-0.0,0.0,-0.0,-0.0,0.0,-0.0,-0.0,0.0,-0.0
original,ukr_rus,2,lowest_sorted,memberctl_ukr_rus_lowest_sorted_s2,election2020,S0_conv_center/ridge,-0.0,0.0,-0.0,-0.0,0.0,-0.0,-0.0,0.0,-0.0,-0.0,0.0,-0.0
original,ukr_rus,2,lowest_sorted,memberctl_ukr_rus_lowest_sorted_s2,election2020,S0_pool/prototype,-0.0,0.0,-0.0,-0.0,0.0,-0.0,1.1102230246251565e-16,-1.1102230246251565e-16,2.220446049250313e-16,-0.0,0.0,-0.0
original,ukr_rus,2,lowest_sorted,memberctl_ukr_rus_lowest_sorted_s2,election2020,S0_pool/ridge,-0.0,0.0,-0.0,-0.0,0.0,-0.0,1.1102230246251565e-16,-1.1102230246251565e-16,2.220446049250313e-16,-0.0,0.0,-0.0
original,ukr_rus,2,lowest_sorted,memberctl_ukr_rus_lowest_sorted_s2,election2020,U1_pre_meta/prototype,0.05242919921875,0.03564453125,0.01678466796875,0.1015625,0.01171875,0.08984375,0.09782404395286626,0.0031316509577379303,0.09469239299512833,-0.03917175531387329,0.00033611059188842773,-0.03950786590576172
original,ukr_rus,2,lowest_sorted,memberctl_ukr_rus_lowest_sorted_s2,election2020,U1_pre_meta/ridge,0.03900146484375,0.0235595703125,0.01544189453125,0.0703125,0.0,0.0703125,0.06763536470758325,-0.006644518272425182,0.07427988298000843,-0.10247832536697393,0.0021682381629943848,-0.10464656352996832
original,ukr_rus,2,lowest_sorted,memberctl_ukr_rus_lowest_sorted_s2,election2020,final_input/prototype,0.431365966796875,0.030517578125,0.400848388671875,0.34765625,0.00390625,0.34375,0.33458778664258115,0.0053012048192772054,0.32928658182330395,-0.09258431196212769,-0.0003451108932495117,-0.09223920106887817
original,ukr_rus,2,lowest_sorted,memberctl_ukr_rus_lowest_sorted_s2,election2020,final_input/ridge,0.4271240234375,0.04010009765625,0.38702392578125,0.2890625,0.01171875,0.27734375,0.2917516793738293,0.008093609812717562,0.2836580695611117,-0.20170158147811895,-0.003121018409729004,-0.19858056306838995
original,ukr_rus,2,lowest_sorted,memberctl_ukr_rus_lowest_sorted_s2,election2020,full_model,0.24322509765625,-0.12982177734375,0.373046875,0.38671875,-0.03515625,0.421875,0.27629745733194,0.20809248554913296,0.06820497178280704,-0.577229730784893,0.014248847961425781,-0.5914785787463188
original,ukr_rus,2,lowest_sorted,memberctl_ukr_rus_lowest_sorted_s2,election2020,raw_center/prototype,-0.0,0.0,-0.0,-0.0,0.0,-0.0,-0.0,0.0,-0.0,-0.0,0.0,-0.0
original,ukr_rus,2,lowest_sorted,memberctl_ukr_rus_lowest_sorted_s2,election2020,raw_center/ridge,-0.0,0.0,-0.0,-0.0,0.0,-0.0,-0.0,0.0,-0.0,-0.0,0.0,-0.0
original,ukr_rus,2,lowest_sorted,memberctl_ukr_rus_lowest_sorted_s2,election2020,raw_context/prototype,-0.0,0.0,-0.0,-0.0,0.0,-0.0,1.1102230246251565e-16,-1.1102230246251565e-16,2.220446049250313e-16,-0.0,0.0,-0.0
original,ukr_rus,2,lowest_sorted,memberctl_ukr_rus_lowest_sorted_s2,election2020,raw_context/ridge,-0.0,0.0,-0.0,-0.0,0.0,-0.0,1.1102230246251565e-16,-1.1102230246251565e-16,2.220446049250313e-16,-0.0,0.0,-0.0
original,ukr_rus,2,lowest_sorted,memberctl_ukr_rus_lowest_sorted_s2,election2020,raw_joint/prototype,-0.0,0.0,-0.0,-0.0,0.0,-0.0,-0.0,0.0,-0.0,-0.0,0.0,-0.0
original,ukr_rus,2,lowest_sorted,memberctl_ukr_rus_lowest_sorted_s2,election2020,raw_joint/ridge,-0.0,0.0,-0.0,-0.0,0.0,-0.0,-0.0,0.0,-0.0,-0.0,0.0,-0.0
original,ukr_rus,2,lowest_sorted,memberctl_ukr_rus_lowest_sorted_s2,facebook_page_reference,M2_post_meta/prototype,0.14702606201171875,-0.06474876403808594,0.2117748260498047,0.1083984375,-0.0849609375,0.193359375,0.09161140238186172,-0.0948585213851334,0.18646992376699512,-0.030866920948028564,-0.0001838207244873047,-0.03068310022354126
original,ukr_rus,2,lowest_sorted,memberctl_ukr_rus_lowest_sorted_s2,facebook_page_reference,M2_post_meta/ridge,0.14904403686523438,-0.05667877197265625,0.20572280883789062,0.1083984375,-0.0830078125,0.19140625,0.09844977951243128,-0.08917218185998166,0.18762196137241294,-0.07282114028930664,-0.0017549395561218262,-0.07106620073318481
original,ukr_rus,2,lowest_sorted,memberctl_ukr_rus_lowest_sorted_s2,facebook_page_reference,S0_conv_center/prototype,-0.0,0.0,-0.0,-0.0,0.0,-0.0,-0.0,0.0,-0.0,-0.0,0.0,-0.0
original,ukr_rus,2,lowest_sorted,memberctl_ukr_rus_lowest_sorted_s2,facebook_page_reference,S0_conv_center/ridge,-0.0,0.0,-0.0,-0.0,0.0,-0.0,-0.0,0.0,-0.0,-0.0,0.0,-0.0
original,ukr_rus,2,lowest_sorted,memberctl_ukr_rus_lowest_sorted_s2,facebook_page_reference,S0_pool/prototype,-0.0,0.0,-0.0,-0.0,0.0,-0.0,-0.0,0.0,-0.0,-0.0,0.0,-0.0
original,ukr_rus,2,lowest_sorted,memberctl_ukr_rus_lowest_sorted_s2,facebook_page_reference,S0_pool/ridge,-0.0,0.0,-0.0,-0.0,0.0,-0.0,-0.0,0.0,-0.0,-0.0,0.0,-0.0
original,ukr_rus,2,lowest_sorted,memberctl_ukr_rus_lowest_sorted_s2,facebook_page_reference,U1_pre_meta/prototype,-0.0482177734375,-0.06903839111328125,0.02082061767578125,-0.0546875,-0.0810546875,0.0263671875,-0.05302970297029708,-0.0934483212906756,0.04041861832037852,0.0009751319885253906,0.00026404857635498047,0.0007110834121704102
original,ukr_rus,2,lowest_sorted,memberctl_ukr_rus_lowest_sorted_s2,facebook_page_reference,U1_pre_meta/ridge,-0.04427337646484375,-0.07116889953613281,0.026895523071289062,-0.0478515625,-0.08203125,0.0341796875,-0.04553602671092416,-0.09375314456938577,0.04821711785846161,0.004189550876617432,0.0023862123489379883,0.0018033385276794434
original,ukr_rus,2,lowest_sorted,memberctl_ukr_rus_lowest_sorted_s2,facebook_page_reference,final_input/prototype,0.14702606201171875,-0.06474876403808594,0.2117748260498047,0.1083984375,-0.0849609375,0.193359375,0.09161140238186172,-0.0948585213851334,0.18646992376699512,-0.030866920948028564,-0.0001838207244873047,-0.03068310022354126
original,ukr_rus,2,lowest_sorted,memberctl_ukr_rus_lowest_sorted_s2,facebook_page_reference,final_input/ridge,0.14904403686523438,-0.05667877197265625,0.20572280883789062,0.1083984375,-0.0830078125,0.19140625,0.09844977951243128,-0.08917218185998166,0.18762196137241294,-0.07282114028930664,-0.0017549395561218262,-0.07106620073318481
original,ukr_rus,2,lowest_sorted,memberctl_ukr_rus_lowest_sorted_s2,facebook_page_reference,full_model,0.05859375,-0.0063228607177734375,0.06491661071777344,0.0458984375,-0.00390625,0.0498046875,0.07356453443409972,-0.005103668261562944,0.07866820269566266,0.26286005973815907,0.0001639723777770996,0.26269608736038197
original,ukr_rus,2,lowest_sorted,memberctl_ukr_rus_lowest_sorted_s2,facebook_page_reference,raw_center/prototype,-0.0,0.0,-0.0,-0.0,0.0,-0.0,-0.0,0.0,-0.0,-0.0,0.0,-0.0
original,ukr_rus,2,lowest_sorted,memberctl_ukr_rus_lowest_sorted_s2,facebook_page_reference,raw_center/ridge,1.1102230246251565e-16,-1.1102230246251565e-16,2.220446049250313e-16,-0.0,0.0,-0.0,-0.0,0.0,-0.0,-0.0,0.0,-0.0
original,ukr_rus,2,lowest_sorted,memberctl_ukr_rus_lowest_sorted_s2,facebook_page_reference,raw_context/prototype,-0.0,0.0,-0.0,-0.0,0.0,-0.0,-0.0,0.0,-0.0,-0.0,0.0,-0.0
original,ukr_rus,2,lowest_sorted,memberctl_ukr_rus_lowest_sorted_s2,facebook_page_reference,raw_context/ridge,-0.0,0.0,-0.0,-0.0,0.0,-0.0,-0.0,0.0,-0.0,-0.0,0.0,-0.0
original,ukr_rus,2,lowest_sorted,memberctl_ukr_rus_lowest_sorted_s2,facebook_page_reference,raw_joint/prototype,-0.0,0.0,-0.0,-0.0,0.0,-0.0,-0.0,0.0,-0.0,-0.0,0.0,-0.0
original,ukr_rus,2,lowest_sorted,memberctl_ukr_rus_lowest_sorted_s2,facebook_page_reference,raw_joint/ridge,1.1102230246251565e-16,-1.1102230246251565e-16,2.220446049250313e-16,-0.0,0.0,-0.0,-0.0,0.0,-0.0,-0.0,0.0,-0.0
original,ukr_rus,2,lowest_sorted,memberctl_ukr_rus_lowest_sorted_s2,twibot20,M2_post_meta/prototype,0.17351362440321189,-0.0007741716172959823,0.17428779602050787,0.04817708333333337,-0.0048828125,0.05305989583333337,0.5078014184397163,-0.007010756119287809,0.5148121745590041,-0.007852315902709961,-0.0012056827545166016,-0.006646633148193359
original,ukr_rus,2,lowest_sorted,memberctl_ukr_rus_lowest_sorted_s2,twibot20,M2_post_meta/ridge,0.1680895487467448,0.0004225836859809151,0.1676669650607639,0.056640625,-0.0026041666666667407,0.05924479166666674,0.5513833992094862,-0.005631965817687767,0.557015365027174,-0.027949273586273193,-0.008831620216369629,-0.019117653369903564
original,ukr_rus,2,lowest_sorted,memberctl_ukr_rus_lowest_sorted_s2,twibot20,S0_conv_center/prototype,-0.0,0.0,-0.0,-0.0,0.0,-0.0,-0.0,0.0,-0.0,-0.0,0.0,-0.0
original,ukr_rus,2,lowest_sorted,memberctl_ukr_rus_lowest_sorted_s2,twibot20,S0_conv_center/ridge,-0.0,0.0,-0.0,-0.0,0.0,-0.0,-0.0,0.0,-0.0,-0.0,0.0,-0.0
original,ukr_rus,2,lowest_sorted,memberctl_ukr_rus_lowest_sorted_s2,twibot20,S0_pool/prototype,-0.0,0.0,-0.0,-0.0,0.0,-0.0,-0.0,0.0,-0.0,-0.0,0.0,-0.0
original,ukr_rus,2,lowest_sorted,memberctl_ukr_rus_lowest_sorted_s2,twibot20,S0_pool/ridge,-0.0,0.0,-0.0,-0.0,0.0,-0.0,-0.0,0.0,-0.0,-0.0,0.0,-0.0
original,ukr_rus,2,lowest_sorted,memberctl_ukr_rus_lowest_sorted_s2,twibot20,U1_pre_meta/prototype,-0.03248023986816406,-0.001348071628146874,-0.03113216824001719,-0.037109375,-0.0016276041666667407,-0.03548177083333326,-0.049205950413223176,-0.0024961933607936526,-0.046709757052429524,0.0027045607566833496,0.0018522143363952637,0.0008523464202880859
original,ukr_rus,2,lowest_sorted,memberctl_ukr_rus_lowest_sorted_s2,twibot20,U1_pre_meta/ridge,-0.022754033406575447,-0.002926508585612053,-0.019827524820963394,-0.01985677083333326,-0.0016276041666667407,-0.01822916666666652,-0.030443165206605727,-0.002644751852909466,-0.02779841335369626,0.0054160356521606445,0.0071215033531188965,-0.001705467700958252
original,ukr_rus,2,lowest_sorted,memberctl_ukr_rus_lowest_sorted_s2,twibot20,final_input/prototype,0.17351362440321189,-0.0007741716172959823,0.17428779602050787,0.04817708333333337,-0.0048828125,0.05305989583333337,0.5078014184397163,-0.007010756119287809,0.5148121745590041,-0.007852315902709961,-0.0012056827545166016,-0.006646633148193359
original,ukr_rus,2,lowest_sorted,memberctl_ukr_rus_lowest_sorted_s2,twibot20,final_input/ridge,0.1680895487467448,0.0004225836859809151,0.1676669650607639,0.056640625,-0.0026041666666667407,0.05924479166666674,0.5513833992094862,-0.005631965817687767,0.557015365027174,-0.027949273586273193,-0.008831620216369629,-0.019117653369903564
original,ukr_rus,2,lowest_sorted,memberctl_ukr_rus_lowest_sorted_s2,twibot20,full_model,0.038238949245876785,0.1370896233452692,-0.09885067409939241,0.02701822916666663,0.0,0.02701822916666663,0.031810919554987716,0.0,0.031810919554987716,0.20621150732040405,-0.011631786823272705,0.21784329414367676
original,ukr_rus,2,lowest_sorted,memberctl_ukr_rus_lowest_sorted_s2,twibot20,raw_center/prototype,-0.0,0.0,-0.0,-0.0,0.0,-0.0,-0.0,0.0,-0.0,-0.0,0.0,-0.0
original,ukr_rus,2,lowest_sorted,memberctl_ukr_rus_lowest_sorted_s2,twibot20,raw_center/ridge,-0.0,0.0,-0.0,-0.0,0.0,-0.0,-0.0,0.0,-0.0,-0.0,0.0,-0.0
original,ukr_rus,2,lowest_sorted,memberctl_ukr_rus_lowest_sorted_s2,twibot20,raw_context/prototype,-0.0,0.0,-0.0,-0.0,0.0,-0.0,-0.0,0.0,-0.0,-0.0,0.0,-0.0
original,ukr_rus,2,lowest_sorted,memberctl_ukr_rus_lowest_sorted_s2,twibot20,raw_context/ridge,-0.0,0.0,-0.0,-0.0,0.0,-0.0,-0.0,0.0,-0.0,-0.0,0.0,-0.0
original,ukr_rus,2,lowest_sorted,memberctl_ukr_rus_lowest_sorted_s2,twibot20,raw_joint/prototype,-0.0,0.0,-0.0,-0.0,0.0,-0.0,-0.0,0.0,-0.0,-0.0,0.0,-0.0
original,ukr_rus,2,lowest_sorted,memberctl_ukr_rus_lowest_sorted_s2,twibot20,raw_joint/ridge,-0.0,0.0,-0.0,-0.0,0.0,-0.0,-0.0,0.0,-0.0,-0.0,0.0,-0.0
original,ukr_rus,2,lowest_sorted,memberctl_ukr_rus_lowest_sorted_s2,ukr_rus_suspended,M2_post_meta/prototype,-0.076171875,0.03448486328125,-0.11065673828125,0.015625,0.04296875,-0.02734375,0.4605992622473413,0.03612167300380231,0.424477589243539,0.002813279628753662,4.827976226806641e-06,0.0028084516525268555
original,ukr_rus,2,lowest_sorted,memberctl_ukr_rus_lowest_sorted_s2,ukr_rus_suspended,M2_post_meta/ridge,-0.0721435546875,0.03021240234375,-0.10235595703125,0.03125,0.0078125,0.0234375,0.46551230996017695,0.007692307692307776,0.4578200022678692,0.03071504831314087,3.910064697265625e-05,0.030675947666168213
original,ukr_rus,2,lowest_sorted,memberctl_ukr_rus_lowest_sorted_s2,ukr_rus_suspended,S0_conv_center/prototype,-0.0,0.0,-0.0,-0.0,0.0,-0.0,-0.0,0.0,-0.0,-0.0,0.0,-0.0
original,ukr_rus,2,lowest_sorted,memberctl_ukr_rus_lowest_sorted_s2,ukr_rus_suspended,S0_conv_center/ridge,-0.0,0.0,-0.0,-0.0,0.0,-0.0,-5.551115123125783e-17,5.551115123125783e-17,-1.1102230246251565e-16,-0.0,0.0,-0.0
original,ukr_rus,2,lowest_sorted,memberctl_ukr_rus_lowest_sorted_s2,ukr_rus_suspended,S0_pool/prototype,-0.0,0.0,-0.0,-0.0,0.0,-0.0,-0.0,5.551115123125783e-17,-5.551115123125783e-17,-0.0,0.0,-0.0
original,ukr_rus,2,lowest_sorted,memberctl_ukr_rus_lowest_sorted_s2,ukr_rus_suspended,S0_pool/ridge,-0.0,0.0,-0.0,-0.0,0.0,-0.0,-0.0,5.551115123125783e-17,-5.551115123125783e-17,-0.0,0.0,-0.0
original,ukr_rus,2,lowest_sorted,memberctl_ukr_rus_lowest_sorted_s2,ukr_rus_suspended,U1_pre_meta/prototype,0.01873779296875,0.017578125,0.00115966796875,0.01171875,0.03125,-0.01953125,0.021475034900644563,0.027311477950864138,-0.005836443050219575,-0.0020589232444763184,-4.488229751586914e-05,-0.0020140409469604492
original,ukr_rus,2,lowest_sorted,memberctl_ukr_rus_lowest_sorted_s2,ukr_rus_suspended,U1_pre_meta/ridge,0.0318603515625,0.014007568359375,0.017852783203125,0.015625,0.02734375,-0.01171875,0.03500939849624063,0.017098039215686256,0.017911359280554373,-0.010280489921569824,-0.0003268122673034668,-0.009953677654266357
original,ukr_rus,2,lowest_sorted,memberctl_ukr_rus_lowest_sorted_s2,ukr_rus_suspended,final_input/prototype,-0.076171875,0.03448486328125,-0.11065673828125,0.015625,0.04296875,-0.02734375,0.4605992622473413,0.03612167300380231,0.424477589243539,0.002813279628753662,4.827976226806641e-06,0.0028084516525268555
original,ukr_rus,2,lowest_sorted,memberctl_ukr_rus_lowest_sorted_s2,ukr_rus_suspended,final_input/ridge,-0.0721435546875,0.03021240234375,-0.10235595703125,0.03125,0.0078125,0.0234375,0.46551230996017695,0.007692307692307776,0.4578200022678692,0.03071504831314087,3.910064697265625e-05,0.030675947666168213
original,ukr_rus,2,lowest_sorted,memberctl_ukr_rus_lowest_sorted_s2,ukr_rus_suspended,full_model,-0.000732421875,-0.03875732421875,0.03802490234375,-0.0078125,-0.00390625,-0.00390625,0.1300278465346535,-0.0155038759689922,0.14553172250364568,0.31527209281921387,0.009735822677612305,0.30553627014160156
original,ukr_rus,2,lowest_sorted,memberctl_ukr_rus_lowest_sorted_s2,ukr_rus_suspended,raw_center/prototype,-0.0,0.0,-0.0,-0.0,0.0,-0.0,-5.551115123125783e-17,5.551115123125783e-17,-1.1102230246251565e-16,-0.0,0.0,-0.0
original,ukr_rus,2,lowest_sorted,memberctl_ukr_rus_lowest_sorted_s2,ukr_rus_suspended,raw_center/ridge,-0.0,0.0,-0.0,-0.0,0.0,-0.0,-5.551115123125783e-17,5.551115123125783e-17,-1.1102230246251565e-16,-0.0,0.0,-0.0
original,ukr_rus,2,lowest_sorted,memberctl_ukr_rus_lowest_sorted_s2,ukr_rus_suspended,raw_context/prototype,-0.0,0.0,-0.0,-0.0,0.0,-0.0,-0.0,0.0,-0.0,-0.0,0.0,-0.0
original,ukr_rus,2,lowest_sorted,memberctl_ukr_rus_lowest_sorted_s2,ukr_rus_suspended,raw_context/ridge,-0.0,0.0,-0.0,-0.0,0.0,-0.0,-5.551115123125783e-17,5.551115123125783e-17,-1.1102230246251565e-16,-0.0,0.0,-0.0
original,ukr_rus,2,lowest_sorted,memberctl_ukr_rus_lowest_sorted_s2,ukr_rus_suspended,raw_joint/prototype,-0.0,0.0,-0.0,-0.0,0.0,-0.0,-5.551115123125783e-17,5.551115123125783e-17,-1.1102230246251565e-16,-0.0,0.0,-0.0
original,ukr_rus,2,lowest_sorted,memberctl_ukr_rus_lowest_sorted_s2,ukr_rus_suspended,raw_joint/ridge,-0.0,0.0,-0.0,-0.0,0.0,-0.0,-0.0,0.0,-0.0,-0.0,0.0,-0.0
original,ukr_rus,2,uniform_shuffled,memberctl_ukr_rus_uniform_shuffled_s2,covid_political,M2_post_meta/prototype,0.28235089337384256,0.04164886474609375,0.2407020286277488,-0.21679687499999994,-0.03645833333333337,-0.18033854166666657,0.07867554200549381,0.03860717845139655,0.040068363554097264,-0.021815180778503418,-0.0003089308738708496,-0.02150624990463257
original,ukr_rus,2,uniform_shuffled,memberctl_ukr_rus_uniform_shuffled_s2,covid_political,M2_post_meta/ridge,0.28164022940176525,0.0442600956669561,0.23738013373480915,-0.1298828125,-0.025390625,-0.1044921875,0.1258914091776513,0.050691437059352695,0.0751999721182986,-0.0307997465133667,-0.0028710365295410156,-0.027928709983825684
original,ukr_rus,2,uniform_shuffled,memberctl_ukr_rus_uniform_shuffled_s2,covid_political,S0_conv_center/prototype,-0.0,0.0,-0.0,-0.0,0.0,-0.0,-0.0,0.0,-0.0,-0.0,0.0,-0.0
original,ukr_rus,2,uniform_shuffled,memberctl_ukr_rus_uniform_shuffled_s2,covid_political,S0_conv_center/ridge,-0.0,0.0,-0.0,-0.0,0.0,-0.0,-0.0,0.0,-0.0,-0.0,0.0,-0.0
original,ukr_rus,2,uniform_shuffled,memberctl_ukr_rus_uniform_shuffled_s2,covid_political,S0_pool/prototype,1.1102230246251565e-16,0.0,1.1102230246251565e-16,-0.0,0.0,-0.0,-0.0,0.0,-0.0,-0.0,0.0,-0.0
original,ukr_rus,2,uniform_shuffled,memberctl_ukr_rus_uniform_shuffled_s2,covid_political,S0_pool/ridge,-0.0,0.0,-0.0,-0.0,0.0,-0.0,-0.0,0.0,-0.0,-0.0,0.0,-0.0
original,ukr_rus,2,uniform_shuffled,memberctl_ukr_rus_uniform_shuffled_s2,covid_political,U1_pre_meta/prototype,0.0289555302372686,0.03632863362630212,-0.00737310338903352,0.04752604166666674,-0.03255208333333337,0.08007812500000011,0.0765432411120529,0.021689683774428037,0.05485355733762487,-0.008149147033691406,0.0007241368293762207,-0.008873283863067627
original,ukr_rus,2,uniform_shuffled,memberctl_ukr_rus_uniform_shuffled_s2,covid_political,U1_pre_meta/ridge,0.02409108479817712,0.02534823947482634,-0.0012571546766492192,0.03645833333333326,-0.0390625,0.07552083333333326,0.0615461767888722,0.009233025671632533,0.052313151117239665,-0.03765493631362915,0.004945158958435059,-0.04260009527206421
original,ukr_rus,2,uniform_shuffled,memberctl_ukr_rus_uniform_shuffled_s2,covid_political,final_input/prototype,0.28235089337384256,0.04164886474609375,0.2407020286277488,-0.21679687499999994,-0.03645833333333337,-0.18033854166666657,0.07867554200549381,0.03860717845139655,0.040068363554097264,-0.021815180778503418,-0.0003089308738708496,-0.02150624990463257
original,ukr_rus,2,uniform_shuffled,memberctl_ukr_rus_uniform_shuffled_s2,covid_political,final_input/ridge,0.28164022940176525,0.0442600956669561,0.23738013373480915,-0.1298828125,-0.025390625,-0.1044921875,0.1258914091776513,0.050691437059352695,0.0751999721182986,-0.0307997465133667,-0.0028710365295410156,-0.027928709983825684
original,ukr_rus,2,uniform_shuffled,memberctl_ukr_rus_uniform_shuffled_s2,covid_political,full_model,0.102394669144242,-0.09748275191695599,0.199877421061198,0.189453125,0.0,0.189453125,0.2014728300382279,0.0,0.2014728300382279,-0.2590873241424561,-0.05756098031997681,-0.2015263438224793
original,ukr_rus,2,uniform_shuffled,memberctl_ukr_rus_uniform_shuffled_s2,covid_political,raw_center/prototype,-0.0,0.0,-0.0,-0.0,0.0,-0.0,-0.0,0.0,-0.0,-0.0,0.0,-0.0
original,ukr_rus,2,uniform_shuffled,memberctl_ukr_rus_uniform_shuffled_s2,covid_political,raw_center/ridge,-0.0,0.0,-0.0,-0.0,0.0,-0.0,-0.0,0.0,-0.0,-0.0,0.0,-0.0
original,ukr_rus,2,uniform_shuffled,memberctl_ukr_rus_uniform_shuffled_s2,covid_political,raw_context/prototype,-1.1102230246251565e-16,1.1102230246251565e-16,-2.220446049250313e-16,-0.0,0.0,-0.0,-0.0,0.0,-0.0,-0.0,0.0,-0.0
original,ukr_rus,2,uniform_shuffled,memberctl_ukr_rus_uniform_shuffled_s2,covid_political,raw_context/ridge,-0.0,0.0,-0.0,-0.0,0.0,-0.0,-0.0,0.0,-0.0,-0.0,0.0,-0.0
original,ukr_rus,2,uniform_shuffled,memberctl_ukr_rus_uniform_shuffled_s2,covid_political,raw_joint/prototype,-0.0,0.0,-0.0,-0.0,0.0,-0.0,-0.0,0.0,-0.0,-0.0,0.0,-0.0
original,ukr_rus,2,uniform_shuffled,memberctl_ukr_rus_uniform_shuffled_s2,covid_political,raw_joint/ridge,-0.0,0.0,-0.0,-0.0,0.0,-0.0,-0.0,0.0,-0.0,-0.0,0.0,-0.0
original,ukr_rus,2,uniform_shuffled,memberctl_ukr_rus_uniform_shuffled_s2,election2020,M2_post_meta/prototype,0.28460693359375,-0.00592041015625,0.29052734375,-0.08984375,-0.00390625,-0.0859375,0.19636876432222816,0.0024665591499858364,0.19390220517224233,-0.10211586952209473,-3.844499588012695e-05,-0.1020774245262146
original,ukr_rus,2,uniform_shuffled,memberctl_ukr_rus_uniform_shuffled_s2,election2020,M2_post_meta/ridge,0.28155517578125,-0.0023193359375,0.28387451171875,-0.04296875,0.00390625,-0.046875,0.21930783242258656,0.005187586845761927,0.21412024557682463,-0.13454914093017578,-0.0003647804260253906,-0.1341843605041504
original,ukr_rus,2,uniform_shuffled,memberctl_ukr_rus_uniform_shuffled_s2,election2020,S0_conv_center/prototype,-0.0,0.0,-0.0,-0.0,0.0,-0.0,-0.0,0.0,-0.0,-0.0,0.0,-0.0
original,ukr_rus,2,uniform_shuffled,memberctl_ukr_rus_uniform_shuffled_s2,election2020,S0_conv_center/ridge,-0.0,0.0,-0.0,-0.0,0.0,-0.0,-0.0,0.0,-0.0,-0.0,0.0,-0.0
original,ukr_rus,2,uniform_shuffled,memberctl_ukr_rus_uniform_shuffled_s2,election2020,S0_pool/prototype,-0.0,0.0,-0.0,-0.0,0.0,-0.0,-0.0,-1.1102230246251565e-16,1.1102230246251565e-16,-0.0,0.0,-0.0
original,ukr_rus,2,uniform_shuffled,memberctl_ukr_rus_uniform_shuffled_s2,election2020,S0_pool/ridge,-0.0,0.0,-0.0,-0.0,0.0,-0.0,-0.0,-1.1102230246251565e-16,1.1102230246251565e-16,-0.0,0.0,-0.0
original,ukr_rus,2,uniform_shuffled,memberctl_ukr_rus_uniform_shuffled_s2,election2020,U1_pre_meta/prototype,0.014892578125,-0.009185791015625,0.024078369140625,0.0625,-0.00390625,0.06640625,0.06069082062264175,-0.010105580693815952,0.0707964013164577,-0.01853775978088379,0.0008762478828430176,-0.019414007663726807
original,ukr_rus,2,uniform_shuffled,memberctl_ukr_rus_uniform_shuffled_s2,election2020,U1_pre_meta/ridge,0.00689697265625,-0.0330810546875,0.03997802734375,0.0390625,-0.0234375,0.0625,0.03744668546230023,-0.02801684673136784,0.06546353219366807,-0.07263839244842529,0.006849765777587891,-0.07948815822601318
original,ukr_rus,2,uniform_shuffled,memberctl_ukr_rus_uniform_shuffled_s2,election2020,final_input/prototype,0.28460693359375,-0.00592041015625,0.29052734375,-0.08984375,-0.00390625,-0.0859375,0.19636876432222816,0.0024665591499858364,0.19390220517224233,-0.10211586952209473,-3.844499588012695e-05,-0.1020774245262146
original,ukr_rus,2,uniform_shuffled,memberctl_ukr_rus_uniform_shuffled_s2,election2020,final_input/ridge,0.28155517578125,-0.0023193359375,0.28387451171875,-0.04296875,0.00390625,-0.046875,0.21930783242258656,0.005187586845761927,0.21412024557682463,-0.13454914093017578,-0.0003647804260253906,-0.1341843605041504
original,ukr_rus,2,uniform_shuffled,memberctl_ukr_rus_uniform_shuffled_s2,election2020,full_model,0.091064453125,0.0677490234375,0.0233154296875,0.203125,0.0,0.203125,0.1665106643203913,0.0,0.1665106643203913,-0.5896295458078386,0.024528682231903076,-0.6141582280397416
original,ukr_rus,2,uniform_shuffled,memberctl_ukr_rus_uniform_shuffled_s2,election2020,raw_center/prototype,-0.0,0.0,-0.0,-0.0,0.0,-0.0,-0.0,0.0,-0.0,-0.0,0.0,-0.0
original,ukr_rus,2,uniform_shuffled,memberctl_ukr_rus_uniform_shuffled_s2,election2020,raw_center/ridge,-0.0,0.0,-0.0,-0.0,0.0,-0.0,-0.0,0.0,-0.0,-0.0,0.0,-0.0
original,ukr_rus,2,uniform_shuffled,memberctl_ukr_rus_uniform_shuffled_s2,election2020,raw_context/prototype,-0.0,0.0,-0.0,-0.0,0.0,-0.0,1.1102230246251565e-16,-1.1102230246251565e-16,2.220446049250313e-16,-0.0,0.0,-0.0
original,ukr_rus,2,uniform_shuffled,memberctl_ukr_rus_uniform_shuffled_s2,election2020,raw_context/ridge,-0.0,0.0,-0.0,-0.0,0.0,-0.0,1.1102230246251565e-16,-1.1102230246251565e-16,2.220446049250313e-16,-0.0,0.0,-0.0
original,ukr_rus,2,uniform_shuffled,memberctl_ukr_rus_uniform_shuffled_s2,election2020,raw_joint/prototype,-0.0,0.0,-0.0,-0.0,0.0,-0.0,-0.0,0.0,-0.0,-0.0,0.0,-0.0
original,ukr_rus,2,uniform_shuffled,memberctl_ukr_rus_uniform_shuffled_s2,election2020,raw_joint/ridge,-0.0,0.0,-0.0,-0.0,0.0,-0.0,-0.0,0.0,-0.0,-0.0,0.0,-0.0
original,ukr_rus,2,uniform_shuffled,memberctl_ukr_rus_uniform_shuffled_s2,facebook_page_reference,M2_post_meta/prototype,0.05236244201660156,-0.04134178161621094,0.0937042236328125,0.029296875,-0.05859375,0.087890625,0.0174713842733496,-0.05507425742574257,0.07254564169909217,-0.035707831382751465,-0.0001488327980041504,-0.035558998584747314
original,ukr_rus,2,uniform_shuffled,memberctl_ukr_rus_uniform_shuffled_s2,facebook_page_reference,M2_post_meta/ridge,0.06281852722167969,-0.03323554992675781,0.0960540771484375,0.0361328125,-0.0556640625,0.091796875,0.017454262271029197,-0.049888882333274376,0.06734314460430357,-0.07689100503921509,-0.0014392733573913574,-0.07545173168182373
original,ukr_rus,2,uniform_shuffled,memberctl_ukr_rus_uniform_shuffled_s2,facebook_page_reference,S0_conv_center/prototype,-0.0,0.0,-0.0,-0.0,0.0,-0.0,-0.0,0.0,-0.0,-0.0,0.0,-0.0
original,ukr_rus,2,uniform_shuffled,memberctl_ukr_rus_uniform_shuffled_s2,facebook_page_reference,S0_conv_center/ridge,-0.0,0.0,-0.0,-0.0,0.0,-0.0,-0.0,0.0,-0.0,-0.0,0.0,-0.0
original,ukr_rus,2,uniform_shuffled,memberctl_ukr_rus_uniform_shuffled_s2,facebook_page_reference,S0_pool/prototype,-0.0,0.0,-0.0,-0.0,0.0,-0.0,-0.0,0.0,-0.0,-0.0,0.0,-0.0
original,ukr_rus,2,uniform_shuffled,memberctl_ukr_rus_uniform_shuffled_s2,facebook_page_reference,S0_pool/ridge,-0.0,0.0,-0.0,-0.0,0.0,-0.0,-0.0,0.0,-0.0,-0.0,0.0,-0.0
original,ukr_rus,2,uniform_shuffled,memberctl_ukr_rus_uniform_shuffled_s2,facebook_page_reference,U1_pre_meta/prototype,-0.044338226318359375,-0.044727325439453125,0.00038909912109375,-0.03515625,-0.060546875,0.025390625,-0.03482029353981275,-0.05953847353239261,0.02471817999257986,0.0015972256660461426,0.00032711029052734375,0.0012701153755187988
original,ukr_rus,2,uniform_shuffled,memberctl_ukr_rus_uniform_shuffled_s2,facebook_page_reference,U1_pre_meta/ridge,-0.042999267578125,-0.047992706298828125,0.004993438720703125,-0.033203125,-0.0634765625,0.0302734375,-0.03241469816272968,-0.06360427502531774,0.031189576862588053,0.005342721939086914,0.0029486417770385742,0.00239408016204834
original,ukr_rus,2,uniform_shuffled,memberctl_ukr_rus_uniform_shuffled_s2,facebook_page_reference,final_input/prototype,0.05236244201660156,-0.04134178161621094,0.0937042236328125,0.029296875,-0.05859375,0.087890625,0.0174713842733496,-0.05507425742574257,0.07254564169909217,-0.035707831382751465,-0.0001488327980041504,-0.035558998584747314
original,ukr_rus,2,uniform_shuffled,memberctl_ukr_rus_uniform_shuffled_s2,facebook_page_reference,final_input/ridge,0.06281852722167969,-0.03323554992675781,0.0960540771484375,0.0361328125,-0.0556640625,0.091796875,0.017454262271029197,-0.049888882333274376,0.06734314460430357,-0.07689100503921509,-0.0014392733573913574,-0.07545173168182373
original,ukr_rus,2,uniform_shuffled,memberctl_ukr_rus_uniform_shuffled_s2,facebook_page_reference,full_model,0.08297348022460938,0.002315521240234375,0.080657958984375,0.0751953125,0.0029296875,0.072265625,0.06539745652949125,-0.013720099851486645,0.0791175563809779,0.07916486263275146,-1.9490718841552734e-05,0.07918435335159302
original,ukr_rus,2,uniform_shuffled,memberctl_ukr_rus_uniform_shuffled_s2,facebook_page_reference,raw_center/prototype,-0.0,0.0,-0.0,-0.0,0.0,-0.0,-0.0,0.0,-0.0,-0.0,0.0,-0.0
original,ukr_rus,2,uniform_shuffled,memberctl_ukr_rus_uniform_shuffled_s2,facebook_page_reference,raw_center/ridge,1.1102230246251565e-16,-1.1102230246251565e-16,2.220446049250313e-16,-0.0,0.0,-0.0,-0.0,0.0,-0.0,-0.0,0.0,-0.0
original,ukr_rus,2,uniform_shuffled,memberctl_ukr_rus_uniform_shuffled_s2,facebook_page_reference,raw_context/prototype,-0.0,0.0,-0.0,-0.0,0.0,-0.0,-0.0,0.0,-0.0,-0.0,0.0,-0.0
original,ukr_rus,2,uniform_shuffled,memberctl_ukr_rus_uniform_shuffled_s2,facebook_page_reference,raw_context/ridge,-0.0,0.0,-0.0,-0.0,0.0,-0.0,-0.0,0.0,-0.0,-0.0,0.0,-0.0
original,ukr_rus,2,uniform_shuffled,memberctl_ukr_rus_uniform_shuffled_s2,facebook_page_reference,raw_joint/prototype,-0.0,0.0,-0.0,-0.0,0.0,-0.0,-0.0,0.0,-0.0,-0.0,0.0,-0.0
original,ukr_rus,2,uniform_shuffled,memberctl_ukr_rus_uniform_shuffled_s2,facebook_page_reference,raw_joint/ridge,1.1102230246251565e-16,-1.1102230246251565e-16,2.220446049250313e-16,-0.0,0.0,-0.0,-0.0,0.0,-0.0,-0.0,0.0,-0.0
original,ukr_rus,2,uniform_shuffled,memberctl_ukr_rus_uniform_shuffled_s2,twibot20,M2_post_meta/prototype,0.1831978691948784,0.003038194444444531,0.18015967475043387,0.12369791666666663,-0.0022786458333333703,0.1259765625,0.144104122093347,-0.005892980519708657,0.14999710261305566,-0.016569972038269043,-0.00035244226455688477,-0.016217529773712158
original,ukr_rus,2,uniform_shuffled,memberctl_ukr_rus_uniform_shuffled_s2,twibot20,M2_post_meta/ridge,0.17596711052788622,0.003926171196831585,0.17204093933105463,0.10546875,0.001953125,0.103515625,0.15965392596610917,-0.0025723894898590505,0.16222631545596822,-0.025719761848449707,-0.002946197986602783,-0.022773563861846924
original,ukr_rus,2,uniform_shuffled,memberctl_ukr_rus_uniform_shuffled_s2,twibot20,S0_conv_center/prototype,-0.0,0.0,-0.0,-0.0,0.0,-0.0,-0.0,0.0,-0.0,-0.0,0.0,-0.0
original,ukr_rus,2,uniform_shuffled,memberctl_ukr_rus_uniform_shuffled_s2,twibot20,S0_conv_center/ridge,-0.0,0.0,-0.0,-0.0,0.0,-0.0,-0.0,0.0,-0.0,-0.0,0.0,-0.0
original,ukr_rus,2,uniform_shuffled,memberctl_ukr_rus_uniform_shuffled_s2,twibot20,S0_pool/prototype,-0.0,0.0,-0.0,-0.0,0.0,-0.0,-0.0,0.0,-0.0,-0.0,0.0,-0.0
original,ukr_rus,2,uniform_shuffled,memberctl_ukr_rus_uniform_shuffled_s2,twibot20,S0_pool/ridge,-0.0,0.0,-0.0,-0.0,0.0,-0.0,-0.0,0.0,-0.0,-0.0,0.0,-0.0
original,ukr_rus,2,uniform_shuffled,memberctl_ukr_rus_uniform_shuffled_s2,twibot20,U1_pre_meta/prototype,-0.037947548760308036,0.003223419189453014,-0.04117096794976105,-0.04361979166666663,0.001953125,-0.04557291666666663,-0.04783481381754018,-0.0006269497152342485,-0.04720786410230593,0.0026551485061645508,0.0035671591758728027,-0.000912010669708252
original,ukr_rus,2,uniform_shuffled,memberctl_ukr_rus_uniform_shuffled_s2,twibot20,U1_pre_meta/ridge,-0.024769041273328907,0.0005499521891275672,-0.025318993462456474,-0.02701822916666663,0.0022786458333332593,-0.02929687499999989,-0.030653210324954272,0.00017473824462910237,-0.030827948569583374,0.0045392513275146484,0.016903996467590332,-0.012364745140075684
original,ukr_rus,2,uniform_shuffled,memberctl_ukr_rus_uniform_shuffled_s2,twibot20,final_input/prototype,0.1831978691948784,0.003038194444444531,0.18015967475043387,0.12369791666666663,-0.0022786458333333703,0.1259765625,0.144104122093347,-0.005892980519708657,0.14999710261305566,-0.016569972038269043,-0.00035244226455688477,-0.016217529773712158
original,ukr_rus,2,uniform_shuffled,memberctl_ukr_rus_uniform_shuffled_s2,twibot20,final_input/ridge,0.17596711052788622,0.003926171196831585,0.17204093933105463,0.10546875,0.001953125,0.103515625,0.15965392596610917,-0.0025723894898590505,0.16222631545596822,-0.025719761848449707,-0.002946197986602783,-0.022773563861846924
original,ukr_rus,2,uniform_shuffled,memberctl_ukr_rus_uniform_shuffled_s2,twibot20,full_model,0.055067698160807255,-0.16723505655924487,0.22230275472005212,0.0458984375,0.0,0.0458984375,-0.025638843654632537,0.0,-0.025638843654632537,0.17322033643722534,0.06539338827133179,0.10782694816589355
original,ukr_rus,2,uniform_shuffled,memberctl_ukr_rus_uniform_shuffled_s2,twibot20,raw_center/prototype,-0.0,0.0,-0.0,-0.0,0.0,-0.0,-0.0,0.0,-0.0,-0.0,0.0,-0.0
original,ukr_rus,2,uniform_shuffled,memberctl_ukr_rus_uniform_shuffled_s2,twibot20,raw_center/ridge,-0.0,0.0,-0.0,-0.0,0.0,-0.0,-0.0,0.0,-0.0,-0.0,0.0,-0.0
original,ukr_rus,2,uniform_shuffled,memberctl_ukr_rus_uniform_shuffled_s2,twibot20,raw_context/prototype,-0.0,0.0,-0.0,-0.0,0.0,-0.0,-0.0,0.0,-0.0,-0.0,0.0,-0.0
original,ukr_rus,2,uniform_shuffled,memberctl_ukr_rus_uniform_shuffled_s2,twibot20,raw_context/ridge,-0.0,0.0,-0.0,-0.0,0.0,-0.0,-0.0,0.0,-0.0,-0.0,0.0,-0.0
original,ukr_rus,2,uniform_shuffled,memberctl_ukr_rus_uniform_shuffled_s2,twibot20,raw_joint/prototype,-0.0,0.0,-0.0,-0.0,0.0,-0.0,-0.0,0.0,-0.0,-0.0,0.0,-0.0
original,ukr_rus,2,uniform_shuffled,memberctl_ukr_rus_uniform_shuffled_s2,twibot20,raw_joint/ridge,-0.0,0.0,-0.0,-0.0,0.0,-0.0,-0.0,0.0,-0.0,-0.0,0.0,-0.0
original,ukr_rus,2,uniform_shuffled,memberctl_ukr_rus_uniform_shuffled_s2,ukr_rus_suspended,M2_post_meta/prototype,-0.016204833984375,0.019805908203125,-0.0360107421875,-0.015625,0.01171875,-0.02734375,-0.16116206747234574,-0.011497374615245304,-0.14966469285710043,-0.000703275203704834,5.304813385009766e-06,-0.0007085800170898438
original,ukr_rus,2,uniform_shuffled,memberctl_ukr_rus_uniform_shuffled_s2,ukr_rus_suspended,M2_post_meta/ridge,-0.00970458984375,0.0150146484375,-0.02471923828125,0.015625,0.00390625,0.01171875,-0.15311044234653914,-0.015047502298498272,-0.13806294004804087,0.006353974342346191,5.239248275756836e-05,0.006301581859588623
original,ukr_rus,2,uniform_shuffled,memberctl_ukr_rus_uniform_shuffled_s2,ukr_rus_suspended,S0_conv_center/prototype,-0.0,0.0,-0.0,-0.0,0.0,-0.0,-0.0,0.0,-0.0,-0.0,0.0,-0.0
original,ukr_rus,2,uniform_shuffled,memberctl_ukr_rus_uniform_shuffled_s2,ukr_rus_suspended,S0_conv_center/ridge,-0.0,0.0,-0.0,-0.0,0.0,-0.0,-0.0,5.551115123125783e-17,-5.551115123125783e-17,-0.0,0.0,-0.0
original,ukr_rus,2,uniform_shuffled,memberctl_ukr_rus_uniform_shuffled_s2,ukr_rus_suspended,S0_pool/prototype,-0.0,0.0,-0.0,-0.0,0.0,-0.0,-0.0,5.551115123125783e-17,-5.551115123125783e-17,-0.0,0.0,-0.0
original,ukr_rus,2,uniform_shuffled,memberctl_ukr_rus_uniform_shuffled_s2,ukr_rus_suspended,S0_pool/ridge,-0.0,0.0,-0.0,-0.0,0.0,-0.0,-0.0,5.551115123125783e-17,-5.551115123125783e-17,-0.0,0.0,-0.0
original,ukr_rus,2,uniform_shuffled,memberctl_ukr_rus_uniform_shuffled_s2,ukr_rus_suspended,U1_pre_meta/prototype,0.03997802734375,0.005218505859375,0.034759521484375,0.06640625,0.01171875,0.0546875,0.07840143691064205,0.005415499533146573,0.07298593737749548,-0.0010222792625427246,-6.16312026977539e-05,-0.0009606480598449707
original,ukr_rus,2,uniform_shuffled,memberctl_ukr_rus_uniform_shuffled_s2,ukr_rus_suspended,U1_pre_meta/ridge,0.0406494140625,0.002044677734375,0.038604736328125,0.0390625,0.03125,0.0078125,0.05639097744360899,0.01899362154500356,0.03739735589860543,-0.008004963397979736,-0.00046128034591674805,-0.007543683052062988
original,ukr_rus,2,uniform_shuffled,memberctl_ukr_rus_uniform_shuffled_s2,ukr_rus_suspended,final_input/prototype,-0.016204833984375,0.019805908203125,-0.0360107421875,-0.015625,0.01171875,-0.02734375,-0.16116206747234574,-0.011497374615245304,-0.14966469285710043,-0.000703275203704834,5.304813385009766e-06,-0.0007085800170898438
original,ukr_rus,2,uniform_shuffled,memberctl_ukr_rus_uniform_shuffled_s2,ukr_rus_suspended,final_input/ridge,-0.00970458984375,0.0150146484375,-0.02471923828125,0.015625,0.00390625,0.01171875,-0.15311044234653914,-0.015047502298498272,-0.13806294004804087,0.006353974342346191,5.239248275756836e-05,0.006301581859588623
original,ukr_rus,2,uniform_shuffled,memberctl_ukr_rus_uniform_shuffled_s2,ukr_rus_suspended,full_model,-0.05047607421875,-0.0438232421875,-0.00665283203125,-0.07421875,-0.00390625,-0.0703125,-0.09695152423788106,0.6511627906976745,-0.7481143149355556,0.1606229543685913,0.008258819580078125,0.15236413478851318
original,ukr_rus,2,uniform_shuffled,memberctl_ukr_rus_uniform_shuffled_s2,ukr_rus_suspended,raw_center/prototype,-0.0,0.0,-0.0,-0.0,0.0,-0.0,-5.551115123125783e-17,5.551115123125783e-17,-1.1102230246251565e-16,-0.0,0.0,-0.0
original,ukr_rus,2,uniform_shuffled,memberctl_ukr_rus_uniform_shuffled_s2,ukr_rus_suspended,raw_center/ridge,-0.0,0.0,-0.0,-0.0,0.0,-0.0,-5.551115123125783e-17,5.551115123125783e-17,-1.1102230246251565e-16,-0.0,0.0,-0.0
original,ukr_rus,2,uniform_shuffled,memberctl_ukr_rus_uniform_shuffled_s2,ukr_rus_suspended,raw_context/prototype,-0.0,0.0,-0.0,-0.0,0.0,-0.0,-0.0,0.0,-0.0,-0.0,0.0,-0.0
original,ukr_rus,2,uniform_shuffled,memberctl_ukr_rus_uniform_shuffled_s2,ukr_rus_suspended,raw_context/ridge,-0.0,0.0,-0.0,-0.0,0.0,-0.0,-5.551115123125783e-17,5.551115123125783e-17,-1.1102230246251565e-16,-0.0,0.0,-0.0
original,ukr_rus,2,uniform_shuffled,memberctl_ukr_rus_uniform_shuffled_s2,ukr_rus_suspended,raw_joint/prototype,-0.0,0.0,-0.0,-0.0,0.0,-0.0,-5.551115123125783e-17,5.551115123125783e-17,-1.1102230246251565e-16,-0.0,0.0,-0.0
original,ukr_rus,2,uniform_shuffled,memberctl_ukr_rus_uniform_shuffled_s2,ukr_rus_suspended,raw_joint/ridge,-0.0,0.0,-0.0,-0.0,0.0,-0.0,-0.0,0.0,-0.0,-0.0,0.0,-0.0
original,ukr_rus,2,uniform_sorted,memberctl_ukr_rus_uniform_sorted_s2,covid_political,M2_post_meta/prototype,0.3832468103479455,0.05263886628327541,0.3306079440646701,-0.32226562499999994,0.0,-0.32226562499999994,0.4559232910609341,0.06641073641700362,0.3895125546439305,0.033306121826171875,-0.00016117095947265625,0.03346729278564453
original,ukr_rus,2,uniform_sorted,memberctl_ukr_rus_uniform_sorted_s2,covid_political,M2_post_meta/ridge,0.43072029396339717,0.05538742630570026,0.3753328676576969,-0.23990885416666663,0.006184895833333259,-0.2460937499999999,0.4939516129032258,0.07158738094797207,0.42236423195525374,0.06732773780822754,-0.0015124082565307617,0.0688401460647583
original,ukr_rus,2,uniform_sorted,memberctl_ukr_rus_uniform_sorted_s2,covid_political,S0_conv_center/prototype,-0.0,0.0,-0.0,-0.0,0.0,-0.0,-0.0,0.0,-0.0,-0.0,0.0,-0.0
original,ukr_rus,2,uniform_sorted,memberctl_ukr_rus_uniform_sorted_s2,covid_political,S0_conv_center/ridge,-0.0,0.0,-0.0,-0.0,0.0,-0.0,-0.0,0.0,-0.0,-0.0,0.0,-0.0
original,ukr_rus,2,uniform_sorted,memberctl_ukr_rus_uniform_sorted_s2,covid_political,S0_pool/prototype,1.1102230246251565e-16,0.0,1.1102230246251565e-16,-0.0,0.0,-0.0,-0.0,0.0,-0.0,-0.0,0.0,-0.0
original,ukr_rus,2,uniform_sorted,memberctl_ukr_rus_uniform_sorted_s2,covid_political,S0_pool/ridge,-1.1102230246251565e-16,0.0,-1.1102230246251565e-16,-0.0,0.0,-0.0,-0.0,0.0,-0.0,-0.0,0.0,-0.0
original,ukr_rus,2,uniform_sorted,memberctl_ukr_rus_uniform_sorted_s2,covid_political,U1_pre_meta/prototype,0.03558999520760986,0.06194305419921875,-0.02635305899160889,0.07161458333333326,0.017578125,0.05403645833333326,0.11185153849268337,0.06110329097736833,0.05074824751531504,-0.010556638240814209,0.0008909106254577637,-0.011447548866271973
original,ukr_rus,2,uniform_sorted,memberctl_ukr_rus_uniform_sorted_s2,covid_political,U1_pre_meta/ridge,0.03027400264033575,0.05128083405671302,-0.02100683141637727,0.05696614583333337,0.0126953125,0.04427083333333337,0.09251893797264532,0.051789724696560624,0.0407292132760847,-0.04556262493133545,0.00642770528793335,-0.0519903302192688
original,ukr_rus,2,uniform_sorted,memberctl_ukr_rus_uniform_sorted_s2,covid_political,final_input/prototype,0.3832468103479455,0.05263886628327541,0.3306079440646701,-0.32226562499999994,0.0,-0.32226562499999994,0.4559232910609341,0.06641073641700362,0.3895125546439305,0.033306121826171875,-0.00016117095947265625,0.03346729278564453
original,ukr_rus,2,uniform_sorted,memberctl_ukr_rus_uniform_sorted_s2,covid_political,final_input/ridge,0.43072029396339717,0.05538742630570026,0.3753328676576969,-0.23990885416666663,0.006184895833333259,-0.2460937499999999,0.4939516129032258,0.07158738094797207,0.42236423195525374,0.06732773780822754,-0.0015124082565307617,0.0688401460647583
original,ukr_rus,2,uniform_sorted,memberctl_ukr_rus_uniform_sorted_s2,covid_political,full_model,0.08458737973813679,-0.17611016167534715,0.26069754141348395,0.07421875,-0.40234375,0.4765625,0.13235118286471048,0.1958266452648475,-0.06347546240013702,-0.2454032003879547,0.032513201236724854,-0.27791640162467957
original,ukr_rus,2,uniform_sorted,memberctl_ukr_rus_uniform_sorted_s2,covid_political,raw_center/prototype,-0.0,0.0,-0.0,-0.0,0.0,-0.0,-0.0,0.0,-0.0,-0.0,0.0,-0.0
original,ukr_rus,2,uniform_sorted,memberctl_ukr_rus_uniform_sorted_s2,covid_political,raw_center/ridge,-0.0,0.0,-0.0,-0.0,0.0,-0.0,-0.0,0.0,-0.0,-0.0,0.0,-0.0
original,ukr_rus,2,uniform_sorted,memberctl_ukr_rus_uniform_sorted_s2,covid_political,raw_context/prototype,-1.1102230246251565e-16,1.1102230246251565e-16,-2.220446049250313e-16,-0.0,0.0,-0.0,-0.0,0.0,-0.0,-0.0,0.0,-0.0
original,ukr_rus,2,uniform_sorted,memberctl_ukr_rus_uniform_sorted_s2,covid_political,raw_context/ridge,-0.0,0.0,-0.0,-0.0,0.0,-0.0,-0.0,0.0,-0.0,-0.0,0.0,-0.0
original,ukr_rus,2,uniform_sorted,memberctl_ukr_rus_uniform_sorted_s2,covid_political,raw_joint/prototype,-0.0,0.0,-0.0,-0.0,0.0,-0.0,-0.0,0.0,-0.0,-0.0,0.0,-0.0
original,ukr_rus,2,uniform_sorted,memberctl_ukr_rus_uniform_sorted_s2,covid_political,raw_joint/ridge,-0.0,0.0,-0.0,-0.0,0.0,-0.0,-0.0,0.0,-0.0,-0.0,0.0,-0.0
original,ukr_rus,2,uniform_sorted,memberctl_ukr_rus_uniform_sorted_s2,election2020,M2_post_meta/prototype,0.7213134765625,0.0179443359375,0.703369140625,-0.0,0.0,-0.0,0.6666666666666666,0.0051431020524786986,0.6615235646141879,-0.022974073886871338,-6.860494613647461e-05,-0.022905468940734863
original,ukr_rus,2,uniform_sorted,memberctl_ukr_rus_uniform_sorted_s2,election2020,M2_post_meta/ridge,0.735595703125,0.02099609375,0.714599609375,-0.0,0.01171875,-0.01171875,0.6666666666666666,0.005565569364070488,0.6611010973025961,-0.033478736877441406,-0.0006499886512756348,-0.03282874822616577
original,ukr_rus,2,uniform_sorted,memberctl_ukr_rus_uniform_sorted_s2,election2020,S0_conv_center/prototype,-0.0,0.0,-0.0,-0.0,0.0,-0.0,-0.0,0.0,-0.0,-0.0,0.0,-0.0
original,ukr_rus,2,uniform_sorted,memberctl_ukr_rus_uniform_sorted_s2,election2020,S0_conv_center/ridge,-0.0,0.0,-0.0,-0.0,0.0,-0.0,-0.0,0.0,-0.0,-0.0,0.0,-0.0
original,ukr_rus,2,uniform_sorted,memberctl_ukr_rus_uniform_sorted_s2,election2020,S0_pool/prototype,-0.0,0.0,-0.0,-0.0,0.0,-0.0,1.1102230246251565e-16,-1.1102230246251565e-16,2.220446049250313e-16,-0.0,0.0,-0.0
original,ukr_rus,2,uniform_sorted,memberctl_ukr_rus_uniform_sorted_s2,election2020,S0_pool/ridge,-0.0,0.0,-0.0,-0.0,0.0,-0.0,1.1102230246251565e-16,-1.1102230246251565e-16,2.220446049250313e-16,-0.0,0.0,-0.0
original,ukr_rus,2,uniform_sorted,memberctl_ukr_rus_uniform_sorted_s2,election2020,U1_pre_meta/prototype,0.0186767578125,0.02197265625,-0.0032958984375,0.046875,0.015625,0.03125,0.04522144522144533,0.010697115384615374,0.03452432983682996,-0.01685643196105957,0.0008233189582824707,-0.01767975091934204
original,ukr_rus,2,uniform_sorted,memberctl_ukr_rus_uniform_sorted_s2,election2020,U1_pre_meta/ridge,0.01153564453125,-0.001708984375,0.01324462890625,0.02734375,-0.01171875,0.0390625,0.026760978485116604,-0.01737292030517501,0.044133898790291615,-0.06621706485748297,0.0063585638999938965,-0.07257562875747686
original,ukr_rus,2,uniform_sorted,memberctl_ukr_rus_uniform_sorted_s2,election2020,final_input/prototype,0.7213134765625,0.0179443359375,0.703369140625,-0.0,0.0,-0.0,0.6666666666666666,0.0051431020524786986,0.6615235646141879,-0.022974073886871338,-6.860494613647461e-05,-0.022905468940734863
original,ukr_rus,2,uniform_sorted,memberctl_ukr_rus_uniform_sorted_s2,election2020,final_input/ridge,0.735595703125,0.02099609375,0.714599609375,-0.0,0.01171875,-0.01171875,0.6666666666666666,0.005565569364070488,0.6611010973025961,-0.033478736877441406,-0.0006499886512756348,-0.03282874822616577
original,ukr_rus,2,uniform_sorted,memberctl_ukr_rus_uniform_sorted_s2,election2020,full_model,0.072021484375,-0.21343994140625,0.28546142578125,0.171875,-0.09765625,0.26953125,0.15362946912242703,0.012903225806451613,0.1407262433159754,-0.579143337905407,0.004306375980377197,-0.5834497138857841
original,ukr_rus,2,uniform_sorted,memberctl_ukr_rus_uniform_sorted_s2,election2020,raw_center/prototype,-0.0,0.0,-0.0,-0.0,0.0,-0.0,-0.0,0.0,-0.0,-0.0,0.0,-0.0
original,ukr_rus,2,uniform_sorted,memberctl_ukr_rus_uniform_sorted_s2,election2020,raw_center/ridge,-0.0,0.0,-0.0,-0.0,0.0,-0.0,-0.0,0.0,-0.0,-0.0,0.0,-0.0
original,ukr_rus,2,uniform_sorted,memberctl_ukr_rus_uniform_sorted_s2,election2020,raw_context/prototype,-0.0,0.0,-0.0,-0.0,0.0,-0.0,1.1102230246251565e-16,-1.1102230246251565e-16,2.220446049250313e-16,-0.0,0.0,-0.0
original,ukr_rus,2,uniform_sorted,memberctl_ukr_rus_uniform_sorted_s2,election2020,raw_context/ridge,-0.0,0.0,-0.0,-0.0,0.0,-0.0,1.1102230246251565e-16,-1.1102230246251565e-16,2.220446049250313e-16,-0.0,0.0,-0.0
original,ukr_rus,2,uniform_sorted,memberctl_ukr_rus_uniform_sorted_s2,election2020,raw_joint/prototype,-0.0,0.0,-0.0,-0.0,0.0,-0.0,-0.0,0.0,-0.0,-0.0,0.0,-0.0
original,ukr_rus,2,uniform_sorted,memberctl_ukr_rus_uniform_sorted_s2,election2020,raw_joint/ridge,-0.0,0.0,-0.0,-0.0,0.0,-0.0,-0.0,0.0,-0.0,-0.0,0.0,-0.0
original,ukr_rus,2,uniform_sorted,memberctl_ukr_rus_uniform_sorted_s2,facebook_page_reference,M2_post_meta/prototype,0.1172027587890625,-0.040187835693359375,0.15739059448242188,0.087890625,-0.060546875,0.1484375,0.0970108464612357,-0.06586743011650564,0.16287827657774134,-0.029620349407196045,-0.00012916326522827148,-0.029491186141967773
original,ukr_rus,2,uniform_sorted,memberctl_ukr_rus_uniform_sorted_s2,facebook_page_reference,M2_post_meta/ridge,0.12806129455566406,-0.03174400329589844,0.1598052978515625,0.091796875,-0.056640625,0.1484375,0.09738687530035472,-0.059479546393460425,0.15686642169381515,-0.06751596927642822,-0.0012502670288085938,-0.06626570224761963
original,ukr_rus,2,uniform_sorted,memberctl_ukr_rus_uniform_sorted_s2,facebook_page_reference,S0_conv_center/prototype,-0.0,0.0,-0.0,-0.0,0.0,-0.0,-0.0,0.0,-0.0,-0.0,0.0,-0.0
original,ukr_rus,2,uniform_sorted,memberctl_ukr_rus_uniform_sorted_s2,facebook_page_reference,S0_conv_center/ridge,-0.0,0.0,-0.0,-0.0,0.0,-0.0,-0.0,0.0,-0.0,-0.0,0.0,-0.0
original,ukr_rus,2,uniform_sorted,memberctl_ukr_rus_uniform_sorted_s2,facebook_page_reference,S0_pool/prototype,-0.0,0.0,-0.0,-0.0,0.0,-0.0,-0.0,0.0,-0.0,-0.0,0.0,-0.0
original,ukr_rus,2,uniform_sorted,memberctl_ukr_rus_uniform_sorted_s2,facebook_page_reference,S0_pool/ridge,-0.0,0.0,-0.0,-0.0,0.0,-0.0,-0.0,0.0,-0.0,-0.0,0.0,-0.0
original,ukr_rus,2,uniform_sorted,memberctl_ukr_rus_uniform_sorted_s2,facebook_page_reference,U1_pre_meta/prototype,-0.04312896728515625,-0.03287315368652344,-0.010255813598632812,-0.02734375,-0.0537109375,0.0263671875,-0.027695351137487556,-0.05597753805231265,0.02828218691482509,0.007071971893310547,0.00037592649459838867,0.006696045398712158
original,ukr_rus,2,uniform_sorted,memberctl_ukr_rus_uniform_sorted_s2,facebook_page_reference,U1_pre_meta/ridge,-0.046558380126953125,-0.03597831726074219,-0.010580062866210938,-0.0439453125,-0.0576171875,0.013671875,-0.045567076107661086,-0.05828052836493747,0.01271345225727638,0.013248801231384277,0.003408491611480713,0.009840309619903564
original,ukr_rus,2,uniform_sorted,memberctl_ukr_rus_uniform_sorted_s2,facebook_page_reference,final_input/prototype,0.1172027587890625,-0.040187835693359375,0.15739059448242188,0.087890625,-0.060546875,0.1484375,0.0970108464612357,-0.06586743011650564,0.16287827657774134,-0.029620349407196045,-0.00012916326522827148,-0.029491186141967773
original,ukr_rus,2,uniform_sorted,memberctl_ukr_rus_uniform_sorted_s2,facebook_page_reference,final_input/ridge,0.12806129455566406,-0.03174400329589844,0.1598052978515625,0.091796875,-0.056640625,0.1484375,0.09738687530035472,-0.059479546393460425,0.15686642169381515,-0.06751596927642822,-0.0012502670288085938,-0.06626570224761963
original,ukr_rus,2,uniform_sorted,memberctl_ukr_rus_uniform_sorted_s2,facebook_page_reference,full_model,0.05546379089355469,0.0001430511474609375,0.05532073974609375,0.0498046875,0.009765625,0.0400390625,0.046316941779736664,-0.019386169386169327,0.06570311116590599,0.1083185076713562,2.9742717742919922e-05,0.10828876495361328
original,ukr_rus,2,uniform_sorted,memberctl_ukr_rus_uniform_sorted_s2,facebook_page_reference,raw_center/prototype,-0.0,0.0,-0.0,-0.0,0.0,-0.0,-0.0,0.0,-0.0,-0.0,0.0,-0.0
original,ukr_rus,2,uniform_sorted,memberctl_ukr_rus_uniform_sorted_s2,facebook_page_reference,raw_center/ridge,1.1102230246251565e-16,-1.1102230246251565e-16,2.220446049250313e-16,-0.0,0.0,-0.0,-0.0,0.0,-0.0,-0.0,0.0,-0.0
original,ukr_rus,2,uniform_sorted,memberctl_ukr_rus_uniform_sorted_s2,facebook_page_reference,raw_context/prototype,-0.0,0.0,-0.0,-0.0,0.0,-0.0,-0.0,0.0,-0.0,-0.0,0.0,-0.0
original,ukr_rus,2,uniform_sorted,memberctl_ukr_rus_uniform_sorted_s2,facebook_page_reference,raw_context/ridge,-0.0,0.0,-0.0,-0.0,0.0,-0.0,-0.0,0.0,-0.0,-0.0,0.0,-0.0
original,ukr_rus,2,uniform_sorted,memberctl_ukr_rus_uniform_sorted_s2,facebook_page_reference,raw_joint/prototype,-0.0,0.0,-0.0,-0.0,0.0,-0.0,-0.0,0.0,-0.0,-0.0,0.0,-0.0
original,ukr_rus,2,uniform_sorted,memberctl_ukr_rus_uniform_sorted_s2,facebook_page_reference,raw_joint/ridge,1.1102230246251565e-16,-1.1102230246251565e-16,2.220446049250313e-16,-0.0,0.0,-0.0,-0.0,0.0,-0.0,-0.0,0.0,-0.0
original,ukr_rus,2,uniform_sorted,memberctl_ukr_rus_uniform_sorted_s2,twibot20,M2_post_meta/prototype,0.005135430230034599,0.00874582926432299,-0.003610399034288392,0.05859375,-0.001953125,0.060546875,-0.06125280713172743,-0.007079909599335021,-0.054172897532392406,-0.00926220417022705,-0.0002690553665161133,-0.008993148803710938
original,ukr_rus,2,uniform_sorted,memberctl_ukr_rus_uniform_sorted_s2,twibot20,M2_post_meta/ridge,0.012779447767469643,0.009233474731445312,0.0035459730360243302,0.056640625,-0.0022786458333333703,0.05891927083333337,-0.025470746923984766,-0.007594978293402943,-0.017875768630581823,-0.014878034591674805,-0.0023109912872314453,-0.01256704330444336
original,ukr_rus,2,uniform_sorted,memberctl_ukr_rus_uniform_sorted_s2,twibot20,S0_conv_center/prototype,-0.0,0.0,-0.0,-0.0,0.0,-0.0,-0.0,0.0,-0.0,-0.0,0.0,-0.0
original,ukr_rus,2,uniform_sorted,memberctl_ukr_rus_uniform_sorted_s2,twibot20,S0_conv_center/ridge,-0.0,0.0,-0.0,-0.0,0.0,-0.0,-0.0,0.0,-0.0,-0.0,0.0,-0.0
original,ukr_rus,2,uniform_sorted,memberctl_ukr_rus_uniform_sorted_s2,twibot20,S0_pool/prototype,-0.0,0.0,-0.0,-0.0,0.0,-0.0,-0.0,0.0,-0.0,-0.0,0.0,-0.0
original,ukr_rus,2,uniform_sorted,memberctl_ukr_rus_uniform_sorted_s2,twibot20,S0_pool/ridge,-0.0,0.0,-0.0,-0.0,0.0,-0.0,-0.0,0.0,-0.0,-0.0,0.0,-0.0
original,ukr_rus,2,uniform_sorted,memberctl_ukr_rus_uniform_sorted_s2,twibot20,U1_pre_meta/prototype,-0.01888635423448337,0.007803810967339397,-0.02669016520182277,-0.013671875,-0.0006510416666667407,-0.01302083333333326,-0.01979859440592424,-0.0028199321713746617,-0.01697866223454958,0.004727602005004883,0.0036361217498779297,0.0010914802551269531
original,ukr_rus,2,uniform_sorted,memberctl_ukr_rus_uniform_sorted_s2,twibot20,U1_pre_meta/ridge,-0.00799539354112433,0.004894892374674442,-0.012890285915798771,-0.01888020833333326,0.0009765625,-0.01985677083333326,-0.02364733660006535,-0.0015249918492327152,-0.022122344750832634,0.0066547393798828125,0.017363429069519043,-0.01070868968963623
original,ukr_rus,2,uniform_sorted,memberctl_ukr_rus_uniform_sorted_s2,twibot20,final_input/prototype,0.005135430230034599,0.00874582926432299,-0.003610399034288392,0.05859375,-0.001953125,0.060546875,-0.06125280713172743,-0.007079909599335021,-0.054172897532392406,-0.00926220417022705,-0.0002690553665161133,-0.008993148803710938
original,ukr_rus,2,uniform_sorted,memberctl_ukr_rus_uniform_sorted_s2,twibot20,final_input/ridge,0.012779447767469643,0.009233474731445312,0.0035459730360243302,0.056640625,-0.0022786458333333703,0.05891927083333337,-0.025470746923984766,-0.007594978293402943,-0.017875768630581823,-0.014878034591674805,-0.0023109912872314453,-0.01256704330444336
original,ukr_rus,2,uniform_sorted,memberctl_ukr_rus_uniform_sorted_s2,twibot20,full_model,0.07272847493489576,0.0267596774631077,0.04596879747178806,0.06119791666666674,0.0,0.06119791666666674,0.017990580693371117,0.0,0.017990580693371117,0.17947006225585938,0.09264516830444336,0.08682489395141602
original,ukr_rus,2,uniform_sorted,memberctl_ukr_rus_uniform_sorted_s2,twibot20,raw_center/prototype,-0.0,0.0,-0.0,-0.0,0.0,-0.0,-0.0,0.0,-0.0,-0.0,0.0,-0.0
original,ukr_rus,2,uniform_sorted,memberctl_ukr_rus_uniform_sorted_s2,twibot20,raw_center/ridge,-0.0,0.0,-0.0,-0.0,0.0,-0.0,-0.0,0.0,-0.0,-0.0,0.0,-0.0
original,ukr_rus,2,uniform_sorted,memberctl_ukr_rus_uniform_sorted_s2,twibot20,raw_context/prototype,-0.0,0.0,-0.0,-0.0,0.0,-0.0,-0.0,0.0,-0.0,-0.0,0.0,-0.0
original,ukr_rus,2,uniform_sorted,memberctl_ukr_rus_uniform_sorted_s2,twibot20,raw_context/ridge,-0.0,0.0,-0.0,-0.0,0.0,-0.0,-0.0,0.0,-0.0,-0.0,0.0,-0.0
original,ukr_rus,2,uniform_sorted,memberctl_ukr_rus_uniform_sorted_s2,twibot20,raw_joint/prototype,-0.0,0.0,-0.0,-0.0,0.0,-0.0,-0.0,0.0,-0.0,-0.0,0.0,-0.0
original,ukr_rus,2,uniform_sorted,memberctl_ukr_rus_uniform_sorted_s2,twibot20,raw_joint/ridge,-0.0,0.0,-0.0,-0.0,0.0,-0.0,-0.0,0.0,-0.0,-0.0,0.0,-0.0
original,ukr_rus,2,uniform_sorted,memberctl_ukr_rus_uniform_sorted_s2,ukr_rus_suspended,M2_post_meta/prototype,-0.034912109375,0.0352783203125,-0.0701904296875,-0.046875,0.046875,-0.09375,0.14585289514866973,0.009591060758904368,0.13626183438976536,0.0009658336639404297,-3.874301910400391e-06,0.0009697079658508301
original,ukr_rus,2,uniform_sorted,memberctl_ukr_rus_uniform_sorted_s2,ukr_rus_suspended,M2_post_meta/ridge,-0.04034423828125,0.030517578125,-0.07086181640625,-0.046875,0.02734375,-0.07421875,0.14585289514866973,-0.008325419436530479,0.1541783145852002,0.026751935482025146,-3.8564205169677734e-05,0.026790499687194824
original,ukr_rus,2,uniform_sorted,memberctl_ukr_rus_uniform_sorted_s2,ukr_rus_suspended,S0_conv_center/prototype,-0.0,0.0,-0.0,-0.0,0.0,-0.0,-0.0,0.0,-0.0,-0.0,0.0,-0.0
original,ukr_rus,2,uniform_sorted,memberctl_ukr_rus_uniform_sorted_s2,ukr_rus_suspended,S0_conv_center/ridge,-0.0,0.0,-0.0,-0.0,0.0,-0.0,-0.0,5.551115123125783e-17,-5.551115123125783e-17,-0.0,0.0,-0.0
original,ukr_rus,2,uniform_sorted,memberctl_ukr_rus_uniform_sorted_s2,ukr_rus_suspended,S0_pool/prototype,-0.0,0.0,-0.0,-0.0,0.0,-0.0,-0.0,5.551115123125783e-17,-5.551115123125783e-17,-0.0,0.0,-0.0
original,ukr_rus,2,uniform_sorted,memberctl_ukr_rus_uniform_sorted_s2,ukr_rus_suspended,S0_pool/ridge,-0.0,0.0,-0.0,-0.0,0.0,-0.0,-0.0,5.551115123125783e-17,-5.551115123125783e-17,-0.0,0.0,-0.0
original,ukr_rus,2,uniform_sorted,memberctl_ukr_rus_uniform_sorted_s2,ukr_rus_suspended,U1_pre_meta/prototype,0.028564453125,0.00982666015625,0.01873779296875,0.015625,0.01171875,0.00390625,0.015325670498084365,-0.0168854318586939,0.032211102356778265,-0.001710355281829834,-6.41942024230957e-05,-0.0016461610794067383
original,ukr_rus,2,uniform_sorted,memberctl_ukr_rus_uniform_sorted_s2,ukr_rus_suspended,U1_pre_meta/ridge,0.03057861328125,0.006683349609375,0.023895263671875,0.0078125,0.02734375,-0.01953125,0.01517976422919387,-0.004901960784313708,0.02008172501350758,-0.008548736572265625,-0.0004914402961730957,-0.00805729627609253
original,ukr_rus,2,uniform_sorted,memberctl_ukr_rus_uniform_sorted_s2,ukr_rus_suspended,final_input/prototype,-0.034912109375,0.0352783203125,-0.0701904296875,-0.046875,0.046875,-0.09375,0.14585289514866973,0.009591060758904368,0.13626183438976536,0.0009658336639404297,-3.874301910400391e-06,0.0009697079658508301
original,ukr_rus,2,uniform_sorted,memberctl_ukr_rus_uniform_sorted_s2,ukr_rus_suspended,final_input/ridge,-0.04034423828125,0.030517578125,-0.07086181640625,-0.046875,0.02734375,-0.07421875,0.14585289514866973,-0.008325419436530479,0.1541783145852002,0.026751935482025146,-3.8564205169677734e-05,0.026790499687194824
original,ukr_rus,2,uniform_sorted,memberctl_ukr_rus_uniform_sorted_s2,ukr_rus_suspended,full_model,-0.02276611328125,-0.0714111328125,0.04864501953125,-0.015625,-0.015625,0.0,-0.05712347134941276,0.1605967529618254,-0.21772022431123816,0.19856524467468262,0.0010116100311279297,0.1975536346435547
original,ukr_rus,2,uniform_sorted,memberctl_ukr_rus_uniform_sorted_s2,ukr_rus_suspended,raw_center/prototype,-0.0,0.0,-0.0,-0.0,0.0,-0.0,-5.551115123125783e-17,5.551115123125783e-17,-1.1102230246251565e-16,-0.0,0.0,-0.0
original,ukr_rus,2,uniform_sorted,memberctl_ukr_rus_uniform_sorted_s2,ukr_rus_suspended,raw_center/ridge,-0.0,0.0,-0.0,-0.0,0.0,-0.0,-5.551115123125783e-17,5.551115123125783e-17,-1.1102230246251565e-16,-0.0,0.0,-0.0
original,ukr_rus,2,uniform_sorted,memberctl_ukr_rus_uniform_sorted_s2,ukr_rus_suspended,raw_context/prototype,-0.0,0.0,-0.0,-0.0,0.0,-0.0,-0.0,0.0,-0.0,-0.0,0.0,-0.0
original,ukr_rus,2,uniform_sorted,memberctl_ukr_rus_uniform_sorted_s2,ukr_rus_suspended,raw_context/ridge,-0.0,0.0,-0.0,-0.0,0.0,-0.0,-5.551115123125783e-17,5.551115123125783e-17,-1.1102230246251565e-16,-0.0,0.0,-0.0
original,ukr_rus,2,uniform_sorted,memberctl_ukr_rus_uniform_sorted_s2,ukr_rus_suspended,raw_joint/prototype,-0.0,0.0,-0.0,-0.0,0.0,-0.0,-5.551115123125783e-17,5.551115123125783e-17,-1.1102230246251565e-16,-0.0,0.0,-0.0
original,ukr_rus,2,uniform_sorted,memberctl_ukr_rus_uniform_sorted_s2,ukr_rus_suspended,raw_joint/ridge,-0.0,0.0,-0.0,-0.0,0.0,-0.0,-0.0,0.0,-0.0,-0.0,0.0,-0.0
