stream,target,model_id,source,foreign_source,checkpoint,weights_sha256,episode_fingerprint,queries,episodes,variant,roc_auc,accuracy,f1,nll,delta_roc_auc,delta_accuracy,delta_f1,delta_nll
original,covid_political,ss_covid,covid,True,/dataMeR1/phil/gfm/worktree-runtime-archive-20260812/prodigy-final-core/files/state/final_core/finalcore_ss_covid_s0_20260807/checkpoint/state_dict_2500.ckpt,030f1710751dce3603f70a538b23389694cf40e4359d020e78416af93c2e5d6c,db497c203ef6c4249fb91b34083c59d3c400dc84b821c0835e3d5426fbbe2750,3072,128,baseline,0.9334575511791088,0.8766276041666666,0.7833047455688965,0.4514741599559784,0.0,0.0,0.0,0.0
original,covid_political,ss_covid,covid,True,/dataMeR1/phil/gfm/worktree-runtime-archive-20260812/prodigy-final-core/files/state/final_core/finalcore_ss_covid_s0_20260807/checkpoint/state_dict_2500.ckpt,030f1710751dce3603f70a538b23389694cf40e4359d020e78416af93c2e5d6c,db497c203ef6c4249fb91b34083c59d3c400dc84b821c0835e3d5426fbbe2750,3072,128,features_query,0.8441297743055556,0.7565104166666666,0.6214574898785425,0.8367989659309387,-0.0893277768735532,-0.1201171875,-0.16184725569035396,0.3853248059749603
original,covid_political,ss_covid,covid,True,/dataMeR1/phil/gfm/worktree-runtime-archive-20260812/prodigy-final-core/files/state/final_core/finalcore_ss_covid_s0_20260807/checkpoint/state_dict_2500.ckpt,030f1710751dce3603f70a538b23389694cf40e4359d020e78416af93c2e5d6c,db497c203ef6c4249fb91b34083c59d3c400dc84b821c0835e3d5426fbbe2750,3072,128,features_support,0.9173581158673321,0.8509114583333334,0.7502726281352236,0.5309478640556335,-0.01609943531177671,-0.02571614583333326,-0.03303211743367296,0.07947370409965515
original,covid_political,ss_covid,covid,True,/dataMeR1/phil/gfm/worktree-runtime-archive-20260812/prodigy-final-core/files/state/final_core/finalcore_ss_covid_s0_20260807/checkpoint/state_dict_2500.ckpt,030f1710751dce3603f70a538b23389694cf40e4359d020e78416af93c2e5d6c,db497c203ef6c4249fb91b34083c59d3c400dc84b821c0835e3d5426fbbe2750,3072,128,features_both,0.8223956072771991,0.7340494791666666,0.5949429846306395,0.9289997220039368,-0.11106194390190971,-0.142578125,-0.18836176093825696,0.4775255620479584
original,covid_political,ss_covid,covid,True,/dataMeR1/phil/gfm/worktree-runtime-archive-20260812/prodigy-final-core/files/state/final_core/finalcore_ss_covid_s0_20260807/checkpoint/state_dict_2500.ckpt,030f1710751dce3603f70a538b23389694cf40e4359d020e78416af93c2e5d6c,db497c203ef6c4249fb91b34083c59d3c400dc84b821c0835e3d5426fbbe2750,3072,128,edges_query,0.927360252097801,0.8837890625,0.7871198568872988,0.36211660504341125,-0.006097299081307739,0.00716145833333337,0.0038151113184022867,-0.08935755491256714
original,covid_political,ss_covid,covid,True,/dataMeR1/phil/gfm/worktree-runtime-archive-20260812/prodigy-final-core/files/state/final_core/finalcore_ss_covid_s0_20260807/checkpoint/state_dict_2500.ckpt,030f1710751dce3603f70a538b23389694cf40e4359d020e78416af93c2e5d6c,db497c203ef6c4249fb91b34083c59d3c400dc84b821c0835e3d5426fbbe2750,3072,128,edges_support,0.9339941519278067,0.8212890625,0.723704076497232,0.5780708193778992,0.0005366007486978797,-0.05533854166666663,-0.0596006690716645,0.12659665942192078
original,covid_political,ss_covid,covid,True,/dataMeR1/phil/gfm/worktree-runtime-archive-20260812/prodigy-final-core/files/state/final_core/finalcore_ss_covid_s0_20260807/checkpoint/state_dict_2500.ckpt,030f1710751dce3603f70a538b23389694cf40e4359d020e78416af93c2e5d6c,db497c203ef6c4249fb91b34083c59d3c400dc84b821c0835e3d5426fbbe2750,3072,128,edges_both,0.9310257523148148,0.8531901041666666,0.7584359935725763,0.4443890154361725,-0.0024317988642940103,-0.0234375,-0.024868751996320215,-0.007085144519805908
original,covid_political,ss_covid,covid,True,/dataMeR1/phil/gfm/worktree-runtime-archive-20260812/prodigy-final-core/files/state/final_core/finalcore_ss_covid_s0_20260807/checkpoint/state_dict_2500.ckpt,030f1710751dce3603f70a538b23389694cf40e4359d020e78416af93c2e5d6c,db497c203ef6c4249fb91b34083c59d3c400dc84b821c0835e3d5426fbbe2750,3072,128,center_zero_query,0.9072664048936632,0.7864583333333334,0.6639344262295082,0.55575031042099,-0.02619114628544561,-0.09016927083333326,-0.11937031933938835,0.1042761504650116
original,covid_political,ss_covid_political,covid_political,False,/dataMeR1/phil/gfm/worktree-runtime-archive-20260812/prodigy-final-core/files/state/final_core/finalcore_ss_covid_political_s0_20260807/checkpoint/state_dict_2500.ckpt,8e6516ca9c865f744c15bf968a2c113e2bba43eeee0be9adcb67a00673b9595b,db497c203ef6c4249fb91b34083c59d3c400dc84b821c0835e3d5426fbbe2750,3072,128,baseline,0.897971824363426,0.8138020833333334,0.6944444444444444,0.5178168416023254,0.0,0.0,0.0,0.0
original,covid_political,ss_covid_political,covid_political,False,/dataMeR1/phil/gfm/worktree-runtime-archive-20260812/prodigy-final-core/files/state/final_core/finalcore_ss_covid_political_s0_20260807/checkpoint/state_dict_2500.ckpt,8e6516ca9c865f744c15bf968a2c113e2bba43eeee0be9adcb67a00673b9595b,db497c203ef6c4249fb91b34083c59d3c400dc84b821c0835e3d5426fbbe2750,3072,128,features_query,0.8040980586299191,0.7317708333333334,0.5791624106230848,0.7738502621650696,-0.09387376573350692,-0.08203125,-0.1152820338213596,0.25603342056274414
original,covid_political,ss_covid_political,covid_political,False,/dataMeR1/phil/gfm/worktree-runtime-archive-20260812/prodigy-final-core/files/state/final_core/finalcore_ss_covid_political_s0_20260807/checkpoint/state_dict_2500.ckpt,8e6516ca9c865f744c15bf968a2c113e2bba43eeee0be9adcb67a00673b9595b,db497c203ef6c4249fb91b34083c59d3c400dc84b821c0835e3d5426fbbe2750,3072,128,features_support,0.8751831054687501,0.7776692708333334,0.655919395465995,0.6467456221580505,-0.02278871889467593,-0.0361328125,-0.03852504897844944,0.1289287805557251
original,covid_political,ss_covid_political,covid_political,False,/dataMeR1/phil/gfm/worktree-runtime-archive-20260812/prodigy-final-core/files/state/final_core/finalcore_ss_covid_political_s0_20260807/checkpoint/state_dict_2500.ckpt,8e6516ca9c865f744c15bf968a2c113e2bba43eeee0be9adcb67a00673b9595b,db497c203ef6c4249fb91b34083c59d3c400dc84b821c0835e3d5426fbbe2750,3072,128,features_both,0.7812268292462384,0.7001953125,0.5544267053701016,0.8973455429077148,-0.11674499511718761,-0.11360677083333337,-0.14001773907434278,0.3795287013053894
original,covid_political,ss_covid_political,covid_political,False,/dataMeR1/phil/gfm/worktree-runtime-archive-20260812/prodigy-final-core/files/state/final_core/finalcore_ss_covid_political_s0_20260807/checkpoint/state_dict_2500.ckpt,8e6516ca9c865f744c15bf968a2c113e2bba43eeee0be9adcb67a00673b9595b,db497c203ef6c4249fb91b34083c59d3c400dc84b821c0835e3d5426fbbe2750,3072,128,edges_query,0.8852474071361401,0.7835286458333334,0.6605410923940787,0.622111976146698,-0.0127244172272859,-0.0302734375,-0.033903352050365765,0.10429513454437256
original,covid_political,ss_covid_political,covid_political,False,/dataMeR1/phil/gfm/worktree-runtime-archive-20260812/prodigy-final-core/files/state/final_core/finalcore_ss_covid_political_s0_20260807/checkpoint/state_dict_2500.ckpt,8e6516ca9c865f744c15bf968a2c113e2bba43eeee0be9adcb67a00673b9595b,db497c203ef6c4249fb91b34083c59d3c400dc84b821c0835e3d5426fbbe2750,3072,128,edges_support,0.8399666680230035,0.77734375,0.638477801268499,0.7141783237457275,-0.05800515634042258,-0.03645833333333337,-0.05596664317594546,0.1963614821434021
original,covid_political,ss_covid_political,covid_political,False,/dataMeR1/phil/gfm/worktree-runtime-archive-20260812/prodigy-final-core/files/state/final_core/finalcore_ss_covid_political_s0_20260807/checkpoint/state_dict_2500.ckpt,8e6516ca9c865f744c15bf968a2c113e2bba43eeee0be9adcb67a00673b9595b,db497c203ef6c4249fb91b34083c59d3c400dc84b821c0835e3d5426fbbe2750,3072,128,edges_both,0.8179711235894098,0.7340494791666666,0.6051232479458676,0.9813759922981262,-0.08000070077401622,-0.07975260416666674,-0.08932119649857684,0.4635591506958008
original,covid_political,ss_covid_political,covid_political,False,/dataMeR1/phil/gfm/worktree-runtime-archive-20260812/prodigy-final-core/files/state/final_core/finalcore_ss_covid_political_s0_20260807/checkpoint/state_dict_2500.ckpt,8e6516ca9c865f744c15bf968a2c113e2bba43eeee0be9adcb67a00673b9595b,db497c203ef6c4249fb91b34083c59d3c400dc84b821c0835e3d5426fbbe2750,3072,128,center_zero_query,0.8391291300455729,0.7548828125,0.6124549665465775,0.6356717944145203,-0.05884269431785316,-0.05891927083333337,-0.08198947789786692,0.11785495281219482
original,covid_political,ss_cp_hk,cp_hk,True,/dataMeR1/phil/gfm/worktree-runtime-archive-20260812/prodigy-final-core/files/state/final_core/finalcore_ss_cp_hk_s0_20260807/checkpoint/state_dict_2500.ckpt,e1b049709343d31a4897ec32108ac25abd446223f63e964474d7fcc2c7f47390,db497c203ef6c4249fb91b34083c59d3c400dc84b821c0835e3d5426fbbe2750,3072,128,baseline,0.7489375361689814,0.6722005208333334,0.5287786616752457,1.2054864168167114,0.0,0.0,0.0,0.0
original,covid_political,ss_cp_hk,cp_hk,True,/dataMeR1/phil/gfm/worktree-runtime-archive-20260812/prodigy-final-core/files/state/final_core/finalcore_ss_cp_hk_s0_20260807/checkpoint/state_dict_2500.ckpt,e1b049709343d31a4897ec32108ac25abd446223f63e964474d7fcc2c7f47390,db497c203ef6c4249fb91b34083c59d3c400dc84b821c0835e3d5426fbbe2750,3072,128,features_query,0.7037799976490162,0.6692708333333334,0.49603174603174605,1.2091559171676636,-0.04515753851996518,-0.0029296875,-0.03274691564349963,0.0036695003509521484
original,covid_political,ss_cp_hk,cp_hk,True,/dataMeR1/phil/gfm/worktree-runtime-archive-20260812/prodigy-final-core/files/state/final_core/finalcore_ss_cp_hk_s0_20260807/checkpoint/state_dict_2500.ckpt,e1b049709343d31a4897ec32108ac25abd446223f63e964474d7fcc2c7f47390,db497c203ef6c4249fb91b34083c59d3c400dc84b821c0835e3d5426fbbe2750,3072,128,features_support,0.745080170808015,0.6611328125,0.5248744865358284,1.1881318092346191,-0.0038573653609663694,-0.01106770833333337,-0.0039041751394173208,-0.017354607582092285
original,covid_political,ss_cp_hk,cp_hk,True,/dataMeR1/phil/gfm/worktree-runtime-archive-20260812/prodigy-final-core/files/state/final_core/finalcore_ss_cp_hk_s0_20260807/checkpoint/state_dict_2500.ckpt,e1b049709343d31a4897ec32108ac25abd446223f63e964474d7fcc2c7f47390,db497c203ef6c4249fb91b34083c59d3c400dc84b821c0835e3d5426fbbe2750,3072,128,features_both,0.6980101973922165,0.6578776041666666,0.4870668618838458,1.2410670518875122,-0.05092733877676492,-0.01432291666666674,-0.041711799791399884,0.03558063507080078
original,covid_political,ss_cp_hk,cp_hk,True,/dataMeR1/phil/gfm/worktree-runtime-archive-20260812/prodigy-final-core/files/state/final_core/finalcore_ss_cp_hk_s0_20260807/checkpoint/state_dict_2500.ckpt,e1b049709343d31a4897ec32108ac25abd446223f63e964474d7fcc2c7f47390,db497c203ef6c4249fb91b34083c59d3c400dc84b821c0835e3d5426fbbe2750,3072,128,edges_query,0.6763537371600116,0.7405598958333334,0.3739198743126473,0.987680971622467,-0.07258379900896983,0.068359375,-0.1548587873625984,-0.21780544519424438
original,covid_political,ss_cp_hk,cp_hk,True,/dataMeR1/phil/gfm/worktree-runtime-archive-20260812/prodigy-final-core/files/state/final_core/finalcore_ss_cp_hk_s0_20260807/checkpoint/state_dict_2500.ckpt,e1b049709343d31a4897ec32108ac25abd446223f63e964474d7fcc2c7f47390,db497c203ef6c4249fb91b34083c59d3c400dc84b821c0835e3d5426fbbe2750,3072,128,edges_support,0.8551833541304976,0.7565104166666666,0.6329735034347399,0.5340279936790466,0.10624581796151622,0.08430989583333326,0.10419484175949423,-0.6714584231376648
original,covid_political,ss_cp_hk,cp_hk,True,/dataMeR1/phil/gfm/worktree-runtime-archive-20260812/prodigy-final-core/files/state/final_core/finalcore_ss_cp_hk_s0_20260807/checkpoint/state_dict_2500.ckpt,e1b049709343d31a4897ec32108ac25abd446223f63e964474d7fcc2c7f47390,db497c203ef6c4249fb91b34083c59d3c400dc84b821c0835e3d5426fbbe2750,3072,128,edges_both,0.864622328016493,0.8258463541666666,0.703601108033241,0.4615304172039032,0.11568479184751157,0.15364583333333326,0.17482244635799538,-0.7439559996128082
original,covid_political,ss_cp_hk,cp_hk,True,/dataMeR1/phil/gfm/worktree-runtime-archive-20260812/prodigy-final-core/files/state/final_core/finalcore_ss_cp_hk_s0_20260807/checkpoint/state_dict_2500.ckpt,e1b049709343d31a4897ec32108ac25abd446223f63e964474d7fcc2c7f47390,db497c203ef6c4249fb91b34083c59d3c400dc84b821c0835e3d5426fbbe2750,3072,128,center_zero_query,0.7039077193648726,0.5999348958333334,0.4825263157894737,1.5047022104263306,-0.04502981680410878,-0.072265625,-0.046252345885771984,0.29921579360961914
original,covid_political,ss_election2020,election2020,True,/dataMeR1/phil/gfm/worktree-runtime-archive-20260812/prodigy-final-core/files/state/final_core/finalcore_ss_election2020_s0_20260807/checkpoint/state_dict_2500.ckpt,90baf3b1a12d5fa06bed5b0ea26543f1a18fad091c152bb0eada7ccf064382d3,db497c203ef6c4249fb91b34083c59d3c400dc84b821c0835e3d5426fbbe2750,3072,128,baseline,0.9326838740596065,0.890625,0.8021201413427562,0.3525921106338501,0.0,0.0,0.0,0.0
original,covid_political,ss_election2020,election2020,True,/dataMeR1/phil/gfm/worktree-runtime-archive-20260812/prodigy-final-core/files/state/final_core/finalcore_ss_election2020_s0_20260807/checkpoint/state_dict_2500.ckpt,90baf3b1a12d5fa06bed5b0ea26543f1a18fad091c152bb0eada7ccf064382d3,db497c203ef6c4249fb91b34083c59d3c400dc84b821c0835e3d5426fbbe2750,3072,128,features_query,0.8516088415075231,0.798828125,0.6464530892448512,0.5691970586776733,-0.08107503255208337,-0.091796875,-0.155667052097905,0.21660494804382324
original,covid_political,ss_election2020,election2020,True,/dataMeR1/phil/gfm/worktree-runtime-archive-20260812/prodigy-final-core/files/state/final_core/finalcore_ss_election2020_s0_20260807/checkpoint/state_dict_2500.ckpt,90baf3b1a12d5fa06bed5b0ea26543f1a18fad091c152bb0eada7ccf064382d3,db497c203ef6c4249fb91b34083c59d3c400dc84b821c0835e3d5426fbbe2750,3072,128,features_support,0.9220631917317709,0.875,0.7808219178082192,0.399629682302475,-0.01062068232783564,-0.015625,-0.02129822353453703,0.04703757166862488
original,covid_political,ss_election2020,election2020,True,/dataMeR1/phil/gfm/worktree-runtime-archive-20260812/prodigy-final-core/files/state/final_core/finalcore_ss_election2020_s0_20260807/checkpoint/state_dict_2500.ckpt,90baf3b1a12d5fa06bed5b0ea26543f1a18fad091c152bb0eada7ccf064382d3,db497c203ef6c4249fb91b34083c59d3c400dc84b821c0835e3d5426fbbe2750,3072,128,features_both,0.8349886293764468,0.7727864583333334,0.6214750542299349,0.6283312439918518,-0.09769524468315971,-0.11783854166666663,-0.18064508711282135,0.2757391333580017
original,covid_political,ss_election2020,election2020,True,/dataMeR1/phil/gfm/worktree-runtime-archive-20260812/prodigy-final-core/files/state/final_core/finalcore_ss_election2020_s0_20260807/checkpoint/state_dict_2500.ckpt,90baf3b1a12d5fa06bed5b0ea26543f1a18fad091c152bb0eada7ccf064382d3,db497c203ef6c4249fb91b34083c59d3c400dc84b821c0835e3d5426fbbe2750,3072,128,edges_query,0.9373245239257811,0.8880208333333334,0.798358733880422,0.38883331418037415,0.004640649866174629,-0.0026041666666666297,-0.003761407462334221,0.03624120354652405
original,covid_political,ss_election2020,election2020,True,/dataMeR1/phil/gfm/worktree-runtime-archive-20260812/prodigy-final-core/files/state/final_core/finalcore_ss_election2020_s0_20260807/checkpoint/state_dict_2500.ckpt,90baf3b1a12d5fa06bed5b0ea26543f1a18fad091c152bb0eada7ccf064382d3,db497c203ef6c4249fb91b34083c59d3c400dc84b821c0835e3d5426fbbe2750,3072,128,edges_support,0.9316321478949653,0.9013671875,0.8097928436911488,0.3561333417892456,-0.0010517261646412202,0.0107421875,0.007672702348392568,0.003541231155395508
original,covid_political,ss_election2020,election2020,True,/dataMeR1/phil/gfm/worktree-runtime-archive-20260812/prodigy-final-core/files/state/final_core/finalcore_ss_election2020_s0_20260807/checkpoint/state_dict_2500.ckpt,90baf3b1a12d5fa06bed5b0ea26543f1a18fad091c152bb0eada7ccf064382d3,db497c203ef6c4249fb91b34083c59d3c400dc84b821c0835e3d5426fbbe2750,3072,128,edges_both,0.9393285115559896,0.9052734375,0.8220183486238533,0.4087611734867096,0.00664463749638311,0.0146484375,0.019898207281097036,0.0561690628528595
original,covid_political,ss_election2020,election2020,True,/dataMeR1/phil/gfm/worktree-runtime-archive-20260812/prodigy-final-core/files/state/final_core/finalcore_ss_election2020_s0_20260807/checkpoint/state_dict_2500.ckpt,90baf3b1a12d5fa06bed5b0ea26543f1a18fad091c152bb0eada7ccf064382d3,db497c203ef6c4249fb91b34083c59d3c400dc84b821c0835e3d5426fbbe2750,3072,128,center_zero_query,0.9085385357892072,0.8994140625,0.7864547339322737,0.32308751344680786,-0.02414533827039933,0.0087890625,-0.0156654074104825,-0.029504597187042236
original,covid_political,ss_facebook_page_reference,facebook_page_reference,True,/dataMeR1/phil/gfm/worktree-runtime-archive-20260812/prodigy-final-core/files/state/final_core/finalcore_ss_facebook_page_reference_s0_20260807/checkpoint/state_dict_2500.ckpt,1f36b6591001b4616df4499a7c686f4a15f62c69cb58e8dbeacfc38213478ff5,db497c203ef6c4249fb91b34083c59d3c400dc84b821c0835e3d5426fbbe2750,3072,128,baseline,0.6227747599283854,0.5511067708333334,0.4169133192389006,2.914464235305786,0.0,0.0,0.0,0.0
original,covid_political,ss_facebook_page_reference,facebook_page_reference,True,/dataMeR1/phil/gfm/worktree-runtime-archive-20260812/prodigy-final-core/files/state/final_core/finalcore_ss_facebook_page_reference_s0_20260807/checkpoint/state_dict_2500.ckpt,1f36b6591001b4616df4499a7c686f4a15f62c69cb58e8dbeacfc38213478ff5,db497c203ef6c4249fb91b34083c59d3c400dc84b821c0835e3d5426fbbe2750,3072,128,features_query,0.6059711597583912,0.5465494791666666,0.40137516115169747,2.8794689178466797,-0.01680360016999416,-0.004557291666666741,-0.015538158087203158,-0.034995317459106445
original,covid_political,ss_facebook_page_reference,facebook_page_reference,True,/dataMeR1/phil/gfm/worktree-runtime-archive-20260812/prodigy-final-core/files/state/final_core/finalcore_ss_facebook_page_reference_s0_20260807/checkpoint/state_dict_2500.ckpt,1f36b6591001b4616df4499a7c686f4a15f62c69cb58e8dbeacfc38213478ff5,db497c203ef6c4249fb91b34083c59d3c400dc84b821c0835e3d5426fbbe2750,3072,128,features_support,0.6165729098849827,0.5693359375,0.42302660270388137,2.7811715602874756,-0.006201850043402679,0.01822916666666663,0.0061132834649807455,-0.13329267501831055
original,covid_political,ss_facebook_page_reference,facebook_page_reference,True,/dataMeR1/phil/gfm/worktree-runtime-archive-20260812/prodigy-final-core/files/state/final_core/finalcore_ss_facebook_page_reference_s0_20260807/checkpoint/state_dict_2500.ckpt,1f36b6591001b4616df4499a7c686f4a15f62c69cb58e8dbeacfc38213478ff5,db497c203ef6c4249fb91b34083c59d3c400dc84b821c0835e3d5426fbbe2750,3072,128,features_both,0.595685323079427,0.5579427083333334,0.3980496453900709,2.8455331325531006,-0.02708943684895837,0.0068359375,-0.0188636738488297,-0.06893110275268555
original,covid_political,ss_facebook_page_reference,facebook_page_reference,True,/dataMeR1/phil/gfm/worktree-runtime-archive-20260812/prodigy-final-core/files/state/final_core/finalcore_ss_facebook_page_reference_s0_20260807/checkpoint/state_dict_2500.ckpt,1f36b6591001b4616df4499a7c686f4a15f62c69cb58e8dbeacfc38213478ff5,db497c203ef6c4249fb91b34083c59d3c400dc84b821c0835e3d5426fbbe2750,3072,128,edges_query,0.652448018391927,0.615234375,0.43714285714285717,1.7536827325820923,0.02967325846354163,0.06412760416666663,0.02022953790395654,-1.1607815027236938
original,covid_political,ss_facebook_page_reference,facebook_page_reference,True,/dataMeR1/phil/gfm/worktree-runtime-archive-20260812/prodigy-final-core/files/state/final_core/finalcore_ss_facebook_page_reference_s0_20260807/checkpoint/state_dict_2500.ckpt,1f36b6591001b4616df4499a7c686f4a15f62c69cb58e8dbeacfc38213478ff5,db497c203ef6c4249fb91b34083c59d3c400dc84b821c0835e3d5426fbbe2750,3072,128,edges_support,0.6462416472258391,0.5699869791666666,0.43954179041154007,2.3090856075286865,0.02346688729745372,0.01888020833333326,0.02262847117263944,-0.6053786277770996
original,covid_political,ss_facebook_page_reference,facebook_page_reference,True,/dataMeR1/phil/gfm/worktree-runtime-archive-20260812/prodigy-final-core/files/state/final_core/finalcore_ss_facebook_page_reference_s0_20260807/checkpoint/state_dict_2500.ckpt,1f36b6591001b4616df4499a7c686f4a15f62c69cb58e8dbeacfc38213478ff5,db497c203ef6c4249fb91b34083c59d3c400dc84b821c0835e3d5426fbbe2750,3072,128,edges_both,0.6439672399450231,0.5641276041666666,0.4275331338178709,2.0410149097442627,0.02119248001663776,0.01302083333333326,0.010619814578970266,-0.8734493255615234
original,covid_political,ss_facebook_page_reference,facebook_page_reference,True,/dataMeR1/phil/gfm/worktree-runtime-archive-20260812/prodigy-final-core/files/state/final_core/finalcore_ss_facebook_page_reference_s0_20260807/checkpoint/state_dict_2500.ckpt,1f36b6591001b4616df4499a7c686f4a15f62c69cb58e8dbeacfc38213478ff5,db497c203ef6c4249fb91b34083c59d3c400dc84b821c0835e3d5426fbbe2750,3072,128,center_zero_query,0.618027581108941,0.5823567708333334,0.4122766834631241,2.407191038131714,-0.00474717881944442,0.03125,-0.004636635775776499,-0.5072731971740723
original,covid_political,ss_midterm,midterm,True,/dataMeR1/phil/gfm/worktree-runtime-archive-20260812/prodigy-final-core/files/state/final_core/finalcore_ss_midterm_s0_20260807/checkpoint/state_dict_2500.ckpt,55a5d31025f33caafb8a31e0e8500b55502681c74175442b007af02f8303df67,db497c203ef6c4249fb91b34083c59d3c400dc84b821c0835e3d5426fbbe2750,3072,128,baseline,0.8891853049949364,0.7513020833333334,0.6365366317792579,1.4008876085281372,0.0,0.0,0.0,0.0
original,covid_political,ss_midterm,midterm,True,/dataMeR1/phil/gfm/worktree-runtime-archive-20260812/prodigy-final-core/files/state/final_core/finalcore_ss_midterm_s0_20260807/checkpoint/state_dict_2500.ckpt,55a5d31025f33caafb8a31e0e8500b55502681c74175442b007af02f8303df67,db497c203ef6c4249fb91b34083c59d3c400dc84b821c0835e3d5426fbbe2750,3072,128,features_query,0.824104874222367,0.6910807291666666,0.5672594619243047,1.8536685705184937,-0.06508043077256942,-0.06022135416666674,-0.06927716985495325,0.45278096199035645
original,covid_political,ss_midterm,midterm,True,/dataMeR1/phil/gfm/worktree-runtime-archive-20260812/prodigy-final-core/files/state/final_core/finalcore_ss_midterm_s0_20260807/checkpoint/state_dict_2500.ckpt,55a5d31025f33caafb8a31e0e8500b55502681c74175442b007af02f8303df67,db497c203ef6c4249fb91b34083c59d3c400dc84b821c0835e3d5426fbbe2750,3072,128,features_support,0.8730593080873841,0.7369791666666666,0.6213683223992502,1.4308066368103027,-0.016125996907552342,-0.01432291666666674,-0.015168309380007683,0.029919028282165527
original,covid_political,ss_midterm,midterm,True,/dataMeR1/phil/gfm/worktree-runtime-archive-20260812/prodigy-final-core/files/state/final_core/finalcore_ss_midterm_s0_20260807/checkpoint/state_dict_2500.ckpt,55a5d31025f33caafb8a31e0e8500b55502681c74175442b007af02f8303df67,db497c203ef6c4249fb91b34083c59d3c400dc84b821c0835e3d5426fbbe2750,3072,128,features_both,0.8047027587890625,0.6858723958333334,0.5583524027459954,1.8927634954452515,-0.08448254620587392,-0.0654296875,-0.0781842290332625,0.49187588691711426
original,covid_political,ss_midterm,midterm,True,/dataMeR1/phil/gfm/worktree-runtime-archive-20260812/prodigy-final-core/files/state/final_core/finalcore_ss_midterm_s0_20260807/checkpoint/state_dict_2500.ckpt,55a5d31025f33caafb8a31e0e8500b55502681c74175442b007af02f8303df67,db497c203ef6c4249fb91b34083c59d3c400dc84b821c0835e3d5426fbbe2750,3072,128,edges_query,0.9331102724428529,0.8955078125,0.7979861548143486,0.6476106643676758,0.04392496744791652,0.14420572916666663,0.16144952303509075,-0.7532769441604614
original,covid_political,ss_midterm,midterm,True,/dataMeR1/phil/gfm/worktree-runtime-archive-20260812/prodigy-final-core/files/state/final_core/finalcore_ss_midterm_s0_20260807/checkpoint/state_dict_2500.ckpt,55a5d31025f33caafb8a31e0e8500b55502681c74175442b007af02f8303df67,db497c203ef6c4249fb91b34083c59d3c400dc84b821c0835e3d5426fbbe2750,3072,128,edges_support,0.9245373761212385,0.7298177083333334,0.6333922261484098,1.2205535173416138,0.03535207112630212,-0.021484375,-0.0031444056308480572,-0.18033409118652344
original,covid_political,ss_midterm,midterm,True,/dataMeR1/phil/gfm/worktree-runtime-archive-20260812/prodigy-final-core/files/state/final_core/finalcore_ss_midterm_s0_20260807/checkpoint/state_dict_2500.ckpt,55a5d31025f33caafb8a31e0e8500b55502681c74175442b007af02f8303df67,db497c203ef6c4249fb91b34083c59d3c400dc84b821c0835e3d5426fbbe2750,3072,128,edges_both,0.9490401656539352,0.8880208333333334,0.8038768529076397,0.7013296484947205,0.05985486065899881,0.13671875,0.16734022112838176,-0.6995579600334167
original,covid_political,ss_midterm,midterm,True,/dataMeR1/phil/gfm/worktree-runtime-archive-20260812/prodigy-final-core/files/state/final_core/finalcore_ss_midterm_s0_20260807/checkpoint/state_dict_2500.ckpt,55a5d31025f33caafb8a31e0e8500b55502681c74175442b007af02f8303df67,db497c203ef6c4249fb91b34083c59d3c400dc84b821c0835e3d5426fbbe2750,3072,128,center_zero_query,0.8373480902777778,0.6575520833333334,0.5492716366752356,1.5928763151168823,-0.05183721471715863,-0.09375,-0.0872649951040223,0.19198870658874512
original,covid_political,ss_twibot20,twibot20,True,/dataMeR1/phil/gfm/worktree-runtime-archive-20260812/prodigy-final-core/files/state/final_core/finalcore_ss_twibot20_s0_20260807/checkpoint/state_dict_2500.ckpt,38fd5db6854999a613fa5bf5647ba23362f9c52afb0b45470d1ad01a75f6c429,db497c203ef6c4249fb91b34083c59d3c400dc84b821c0835e3d5426fbbe2750,3072,128,baseline,0.9185067635995372,0.8271484375,0.7203791469194313,0.5843959450721741,0.0,0.0,0.0,0.0
original,covid_political,ss_twibot20,twibot20,True,/dataMeR1/phil/gfm/worktree-runtime-archive-20260812/prodigy-final-core/files/state/final_core/finalcore_ss_twibot20_s0_20260807/checkpoint/state_dict_2500.ckpt,38fd5db6854999a613fa5bf5647ba23362f9c52afb0b45470d1ad01a75f6c429,db497c203ef6c4249fb91b34083c59d3c400dc84b821c0835e3d5426fbbe2750,3072,128,features_query,0.8405416983145255,0.7307942708333334,0.5987384764677341,0.9352514743804932,-0.07796506528501168,-0.09635416666666663,-0.12164067045169713,0.3508555293083191
original,covid_political,ss_twibot20,twibot20,True,/dataMeR1/phil/gfm/worktree-runtime-archive-20260812/prodigy-final-core/files/state/final_core/finalcore_ss_twibot20_s0_20260807/checkpoint/state_dict_2500.ckpt,38fd5db6854999a613fa5bf5647ba23362f9c52afb0b45470d1ad01a75f6c429,db497c203ef6c4249fb91b34083c59d3c400dc84b821c0835e3d5426fbbe2750,3072,128,features_support,0.8956547489872685,0.7669270833333334,0.659372026641294,0.7974920272827148,-0.022852014612268712,-0.06022135416666663,-0.06100712027813726,0.21309608221054077
original,covid_political,ss_twibot20,twibot20,True,/dataMeR1/phil/gfm/worktree-runtime-archive-20260812/prodigy-final-core/files/state/final_core/finalcore_ss_twibot20_s0_20260807/checkpoint/state_dict_2500.ckpt,38fd5db6854999a613fa5bf5647ba23362f9c52afb0b45470d1ad01a75f6c429,db497c203ef6c4249fb91b34083c59d3c400dc84b821c0835e3d5426fbbe2750,3072,128,features_both,0.812700907389323,0.6946614583333334,0.5716894977168949,1.1323424577713013,-0.10580585621021421,-0.13248697916666663,-0.14868964920253636,0.5479465126991272
original,covid_political,ss_twibot20,twibot20,True,/dataMeR1/phil/gfm/worktree-runtime-archive-20260812/prodigy-final-core/files/state/final_core/finalcore_ss_twibot20_s0_20260807/checkpoint/state_dict_2500.ckpt,38fd5db6854999a613fa5bf5647ba23362f9c52afb0b45470d1ad01a75f6c429,db497c203ef6c4249fb91b34083c59d3c400dc84b821c0835e3d5426fbbe2750,3072,128,edges_query,0.9277010317201967,0.8873697916666666,0.7910628019323671,0.36664697527885437,0.009194268120659488,0.06022135416666663,0.07068365501293583,-0.2177489697933197
original,covid_political,ss_twibot20,twibot20,True,/dataMeR1/phil/gfm/worktree-runtime-archive-20260812/prodigy-final-core/files/state/final_core/finalcore_ss_twibot20_s0_20260807/checkpoint/state_dict_2500.ckpt,38fd5db6854999a613fa5bf5647ba23362f9c52afb0b45470d1ad01a75f6c429,db497c203ef6c4249fb91b34083c59d3c400dc84b821c0835e3d5426fbbe2750,3072,128,edges_support,0.9298762568721066,0.7610677083333334,0.6623735050597976,0.7085999846458435,0.01136949327256942,-0.06608072916666663,-0.05800564185963364,0.12420403957366943
original,covid_political,ss_twibot20,twibot20,True,/dataMeR1/phil/gfm/worktree-runtime-archive-20260812/prodigy-final-core/files/state/final_core/finalcore_ss_twibot20_s0_20260807/checkpoint/state_dict_2500.ckpt,38fd5db6854999a613fa5bf5647ba23362f9c52afb0b45470d1ad01a75f6c429,db497c203ef6c4249fb91b34083c59d3c400dc84b821c0835e3d5426fbbe2750,3072,128,edges_both,0.9354985555013021,0.8453776041666666,0.7503941145559643,0.4662967622280121,0.01699179190176492,0.01822916666666663,0.030014967636532996,-0.11809918284416199
original,covid_political,ss_twibot20,twibot20,True,/dataMeR1/phil/gfm/worktree-runtime-archive-20260812/prodigy-final-core/files/state/final_core/finalcore_ss_twibot20_s0_20260807/checkpoint/state_dict_2500.ckpt,38fd5db6854999a613fa5bf5647ba23362f9c52afb0b45470d1ad01a75f6c429,db497c203ef6c4249fb91b34083c59d3c400dc84b821c0835e3d5426fbbe2750,3072,128,center_zero_query,0.8590977986653645,0.7880859375,0.6535391165513571,0.664070725440979,-0.05940896493417269,-0.0390625,-0.06684003036807418,0.07967478036880493
original,covid_political,ss_ukr_rus,ukr_rus,True,/dataMeR1/phil/gfm/worktree-runtime-archive-20260812/prodigy-final-core/files/state/final_core/finalcore_ss_ukr_rus_s0_20260807/checkpoint/state_dict_2500.ckpt,f203cc94aa624776407539869397b585cd3963892d2a2244bb38dfc386466693,db497c203ef6c4249fb91b34083c59d3c400dc84b821c0835e3d5426fbbe2750,3072,128,baseline,0.9464057639793114,0.8857421875,0.801358234295416,0.42140138149261475,0.0,0.0,0.0,0.0
original,covid_political,ss_ukr_rus,ukr_rus,True,/dataMeR1/phil/gfm/worktree-runtime-archive-20260812/prodigy-final-core/files/state/final_core/finalcore_ss_ukr_rus_s0_20260807/checkpoint/state_dict_2500.ckpt,f203cc94aa624776407539869397b585cd3963892d2a2244bb38dfc386466693,db497c203ef6c4249fb91b34083c59d3c400dc84b821c0835e3d5426fbbe2750,3072,128,features_query,0.8726891411675347,0.78125,0.6550308008213552,0.7631550431251526,-0.07371662281177671,-0.1044921875,-0.14632743347406074,0.34175366163253784
original,covid_political,ss_ukr_rus,ukr_rus,True,/dataMeR1/phil/gfm/worktree-runtime-archive-20260812/prodigy-final-core/files/state/final_core/finalcore_ss_ukr_rus_s0_20260807/checkpoint/state_dict_2500.ckpt,f203cc94aa624776407539869397b585cd3963892d2a2244bb38dfc386466693,db497c203ef6c4249fb91b34083c59d3c400dc84b821c0835e3d5426fbbe2750,3072,128,features_support,0.9372434262876157,0.849609375,0.7545164718384697,0.5318737626075745,-0.009162337691695721,-0.0361328125,-0.04684176245694627,0.11047238111495972
original,covid_political,ss_ukr_rus,ukr_rus,True,/dataMeR1/phil/gfm/worktree-runtime-archive-20260812/prodigy-final-core/files/state/final_core/finalcore_ss_ukr_rus_s0_20260807/checkpoint/state_dict_2500.ckpt,f203cc94aa624776407539869397b585cd3963892d2a2244bb38dfc386466693,db497c203ef6c4249fb91b34083c59d3c400dc84b821c0835e3d5426fbbe2750,3072,128,features_both,0.8607044926396121,0.759765625,0.636094674556213,0.8723574280738831,-0.08570127133969929,-0.1259765625,-0.16526355973920293,0.4509560465812683
original,covid_political,ss_ukr_rus,ukr_rus,True,/dataMeR1/phil/gfm/worktree-runtime-archive-20260812/prodigy-final-core/files/state/final_core/finalcore_ss_ukr_rus_s0_20260807/checkpoint/state_dict_2500.ckpt,f203cc94aa624776407539869397b585cd3963892d2a2244bb38dfc386466693,db497c203ef6c4249fb91b34083c59d3c400dc84b821c0835e3d5426fbbe2750,3072,128,edges_query,0.9488273903175636,0.8994140625,0.819614711033275,0.35182103514671326,0.0024216263382521586,0.013671875,0.018256476737859018,-0.06958034634590149
original,covid_political,ss_ukr_rus,ukr_rus,True,/dataMeR1/phil/gfm/worktree-runtime-archive-20260812/prodigy-final-core/files/state/final_core/finalcore_ss_ukr_rus_s0_20260807/checkpoint/state_dict_2500.ckpt,f203cc94aa624776407539869397b585cd3963892d2a2244bb38dfc386466693,db497c203ef6c4249fb91b34083c59d3c400dc84b821c0835e3d5426fbbe2750,3072,128,edges_support,0.9461497554072626,0.8600260416666666,0.7698072805139187,0.48417937755584717,-0.0002560085720487715,-0.02571614583333337,-0.031550953781497304,0.06277799606323242
original,covid_political,ss_ukr_rus,ukr_rus,True,/dataMeR1/phil/gfm/worktree-runtime-archive-20260812/prodigy-final-core/files/state/final_core/finalcore_ss_ukr_rus_s0_20260807/checkpoint/state_dict_2500.ckpt,f203cc94aa624776407539869397b585cd3963892d2a2244bb38dfc386466693,db497c203ef6c4249fb91b34083c59d3c400dc84b821c0835e3d5426fbbe2750,3072,128,edges_both,0.9497135303638599,0.88671875,0.8044943820224719,0.38748085498809814,0.0033077663845484384,0.0009765625,0.003136147727055949,-0.0339205265045166
original,covid_political,ss_ukr_rus,ukr_rus,True,/dataMeR1/phil/gfm/worktree-runtime-archive-20260812/prodigy-final-core/files/state/final_core/finalcore_ss_ukr_rus_s0_20260807/checkpoint/state_dict_2500.ckpt,f203cc94aa624776407539869397b585cd3963892d2a2244bb38dfc386466693,db497c203ef6c4249fb91b34083c59d3c400dc84b821c0835e3d5426fbbe2750,3072,128,center_zero_query,0.910986441153067,0.68359375,0.6,0.8304830193519592,-0.03541932282624438,-0.2021484375,-0.201358234295416,0.4090816378593445
original,covid_political,ss_ukr_rus_suspended,ukr_rus_suspended,True,/dataMeR1/phil/gfm/worktree-runtime-archive-20260812/prodigy-final-core/files/state/final_core/finalcore_ss_ukr_rus_suspended_s0_20260807/checkpoint/state_dict_2500.ckpt,7ec514855df19a4a47666ee0a92ecadb7fb1d943875490aceee9923d5ec06ee6,db497c203ef6c4249fb91b34083c59d3c400dc84b821c0835e3d5426fbbe2750,3072,128,baseline,0.6844465467664931,0.6474609375,0.475544794188862,0.8868484497070312,0.0,0.0,0.0,0.0
original,covid_political,ss_ukr_rus_suspended,ukr_rus_suspended,True,/dataMeR1/phil/gfm/worktree-runtime-archive-20260812/prodigy-final-core/files/state/final_core/finalcore_ss_ukr_rus_suspended_s0_20260807/checkpoint/state_dict_2500.ckpt,7ec514855df19a4a47666ee0a92ecadb7fb1d943875490aceee9923d5ec06ee6,db497c203ef6c4249fb91b34083c59d3c400dc84b821c0835e3d5426fbbe2750,3072,128,features_query,0.6224630850332754,0.6165364583333334,0.42254901960784313,1.083663821220398,-0.06198346173321767,-0.03092447916666663,-0.05299577458101884,0.1968153715133667
original,covid_political,ss_ukr_rus_suspended,ukr_rus_suspended,True,/dataMeR1/phil/gfm/worktree-runtime-archive-20260812/prodigy-final-core/files/state/final_core/finalcore_ss_ukr_rus_suspended_s0_20260807/checkpoint/state_dict_2500.ckpt,7ec514855df19a4a47666ee0a92ecadb7fb1d943875490aceee9923d5ec06ee6,db497c203ef6c4249fb91b34083c59d3c400dc84b821c0835e3d5426fbbe2750,3072,128,features_support,0.6567529748987267,0.6432291666666666,0.4315352697095436,1.0506139993667603,-0.02769357186776633,-0.00423177083333337,-0.044009524479318385,0.163765549659729
original,covid_political,ss_ukr_rus_suspended,ukr_rus_suspended,True,/dataMeR1/phil/gfm/worktree-runtime-archive-20260812/prodigy-final-core/files/state/final_core/finalcore_ss_ukr_rus_suspended_s0_20260807/checkpoint/state_dict_2500.ckpt,7ec514855df19a4a47666ee0a92ecadb7fb1d943875490aceee9923d5ec06ee6,db497c203ef6c4249fb91b34083c59d3c400dc84b821c0835e3d5426fbbe2750,3072,128,features_both,0.614709359628183,0.6168619791666666,0.4088397790055249,1.3443673849105835,-0.06973718713831012,-0.03059895833333337,-0.0667050151833371,0.45751893520355225
original,covid_political,ss_ukr_rus_suspended,ukr_rus_suspended,True,/dataMeR1/phil/gfm/worktree-runtime-archive-20260812/prodigy-final-core/files/state/final_core/finalcore_ss_ukr_rus_suspended_s0_20260807/checkpoint/state_dict_2500.ckpt,7ec514855df19a4a47666ee0a92ecadb7fb1d943875490aceee9923d5ec06ee6,db497c203ef6c4249fb91b34083c59d3c400dc84b821c0835e3d5426fbbe2750,3072,128,edges_query,0.6566975911458334,0.6608072916666666,0.4578563995837669,0.9008556008338928,-0.02774895562065971,0.01334635416666663,-0.01768839460509508,0.014007151126861572
original,covid_political,ss_ukr_rus_suspended,ukr_rus_suspended,True,/dataMeR1/phil/gfm/worktree-runtime-archive-20260812/prodigy-final-core/files/state/final_core/finalcore_ss_ukr_rus_suspended_s0_20260807/checkpoint/state_dict_2500.ckpt,7ec514855df19a4a47666ee0a92ecadb7fb1d943875490aceee9923d5ec06ee6,db497c203ef6c4249fb91b34083c59d3c400dc84b821c0835e3d5426fbbe2750,3072,128,edges_support,0.7658567075376158,0.7408854166666666,0.45027624309392267,0.5563167929649353,0.08141016077112273,0.09342447916666663,-0.025268551094939307,-0.33053165674209595
original,covid_political,ss_ukr_rus_suspended,ukr_rus_suspended,True,/dataMeR1/phil/gfm/worktree-runtime-archive-20260812/prodigy-final-core/files/state/final_core/finalcore_ss_ukr_rus_suspended_s0_20260807/checkpoint/state_dict_2500.ckpt,7ec514855df19a4a47666ee0a92ecadb7fb1d943875490aceee9923d5ec06ee6,db497c203ef6c4249fb91b34083c59d3c400dc84b821c0835e3d5426fbbe2750,3072,128,edges_both,0.8529352258752894,0.7620442708333334,0.6449732880038854,0.5561842322349548,0.16848867910879628,0.11458333333333337,0.16942849381502345,-0.3306642174720764
original,covid_political,ss_ukr_rus_suspended,ukr_rus_suspended,True,/dataMeR1/phil/gfm/worktree-runtime-archive-20260812/prodigy-final-core/files/state/final_core/finalcore_ss_ukr_rus_suspended_s0_20260807/checkpoint/state_dict_2500.ckpt,7ec514855df19a4a47666ee0a92ecadb7fb1d943875490aceee9923d5ec06ee6,db497c203ef6c4249fb91b34083c59d3c400dc84b821c0835e3d5426fbbe2750,3072,128,center_zero_query,0.6800116079824942,0.6461588541666666,0.4689789936492428,0.8163818717002869,-0.004434938783998921,-0.0013020833333333703,-0.006565800539619193,-0.07046657800674438
original,election2020,ss_covid,covid,True,/dataMeR1/phil/gfm/worktree-runtime-archive-20260812/prodigy-final-core/files/state/final_core/finalcore_ss_covid_s0_20260807/checkpoint/state_dict_2500.ckpt,030f1710751dce3603f70a538b23389694cf40e4359d020e78416af93c2e5d6c,4b5288ebc0896afebadb04ad14ebc9ec53fb1a88beeae490bd1d31ace91f14ef,256,128,baseline,0.98760986328125,0.984375,0.9846153846153847,0.10878913849592209,0.0,0.0,0.0,0.0
original,election2020,ss_covid,covid,True,/dataMeR1/phil/gfm/worktree-runtime-archive-20260812/prodigy-final-core/files/state/final_core/finalcore_ss_covid_s0_20260807/checkpoint/state_dict_2500.ckpt,030f1710751dce3603f70a538b23389694cf40e4359d020e78416af93c2e5d6c,4b5288ebc0896afebadb04ad14ebc9ec53fb1a88beeae490bd1d31ace91f14ef,256,128,features_query,0.837982177734375,0.734375,0.7553956834532374,1.0540211200714111,-0.149627685546875,-0.25,-0.2292197011621473,0.945231981575489
original,election2020,ss_covid,covid,True,/dataMeR1/phil/gfm/worktree-runtime-archive-20260812/prodigy-final-core/files/state/final_core/finalcore_ss_covid_s0_20260807/checkpoint/state_dict_2500.ckpt,030f1710751dce3603f70a538b23389694cf40e4359d020e78416af93c2e5d6c,4b5288ebc0896afebadb04ad14ebc9ec53fb1a88beeae490bd1d31ace91f14ef,256,128,features_support,0.98919677734375,0.9765625,0.9769230769230769,0.09740819036960602,0.0015869140625,-0.0078125,-0.007692307692307776,-0.01138094812631607
original,election2020,ss_covid,covid,True,/dataMeR1/phil/gfm/worktree-runtime-archive-20260812/prodigy-final-core/files/state/final_core/finalcore_ss_covid_s0_20260807/checkpoint/state_dict_2500.ckpt,030f1710751dce3603f70a538b23389694cf40e4359d020e78416af93c2e5d6c,4b5288ebc0896afebadb04ad14ebc9ec53fb1a88beeae490bd1d31ace91f14ef,256,128,features_both,0.824462890625,0.73046875,0.7434944237918215,1.0390446186065674,-0.16314697265625,-0.25390625,-0.24112096082356316,0.9302554801106453
original,election2020,ss_covid,covid,True,/dataMeR1/phil/gfm/worktree-runtime-archive-20260812/prodigy-final-core/files/state/final_core/finalcore_ss_covid_s0_20260807/checkpoint/state_dict_2500.ckpt,030f1710751dce3603f70a538b23389694cf40e4359d020e78416af93c2e5d6c,4b5288ebc0896afebadb04ad14ebc9ec53fb1a88beeae490bd1d31ace91f14ef,256,128,edges_query,0.98797607421875,0.98046875,0.9806949806949807,0.08090200275182724,0.0003662109375,-0.00390625,-0.0039204039204039365,-0.02788713574409485
original,election2020,ss_covid,covid,True,/dataMeR1/phil/gfm/worktree-runtime-archive-20260812/prodigy-final-core/files/state/final_core/finalcore_ss_covid_s0_20260807/checkpoint/state_dict_2500.ckpt,030f1710751dce3603f70a538b23389694cf40e4359d020e78416af93c2e5d6c,4b5288ebc0896afebadb04ad14ebc9ec53fb1a88beeae490bd1d31ace91f14ef,256,128,edges_support,0.98797607421875,0.98046875,0.9808429118773946,0.1323058307170868,0.0003662109375,-0.00390625,-0.0037724727379900846,0.023516692221164703
original,election2020,ss_covid,covid,True,/dataMeR1/phil/gfm/worktree-runtime-archive-20260812/prodigy-final-core/files/state/final_core/finalcore_ss_covid_s0_20260807/checkpoint/state_dict_2500.ckpt,030f1710751dce3603f70a538b23389694cf40e4359d020e78416af93c2e5d6c,4b5288ebc0896afebadb04ad14ebc9ec53fb1a88beeae490bd1d31ace91f14ef,256,128,edges_both,0.9873046875,0.98046875,0.9808429118773946,0.09802021831274033,-0.00030517578125,-0.00390625,-0.0037724727379900846,-0.010768920183181763
original,election2020,ss_covid,covid,True,/dataMeR1/phil/gfm/worktree-runtime-archive-20260812/prodigy-final-core/files/state/final_core/finalcore_ss_covid_s0_20260807/checkpoint/state_dict_2500.ckpt,030f1710751dce3603f70a538b23389694cf40e4359d020e78416af93c2e5d6c,4b5288ebc0896afebadb04ad14ebc9ec53fb1a88beeae490bd1d31ace91f14ef,256,128,center_zero_query,0.986083984375,0.984375,0.9846153846153847,0.1135478988289833,-0.00152587890625,0.0,0.0,0.004758760333061218
original,election2020,ss_covid_political,covid_political,True,/dataMeR1/phil/gfm/worktree-runtime-archive-20260812/prodigy-final-core/files/state/final_core/finalcore_ss_covid_political_s0_20260807/checkpoint/state_dict_2500.ckpt,8e6516ca9c865f744c15bf968a2c113e2bba43eeee0be9adcb67a00673b9595b,4b5288ebc0896afebadb04ad14ebc9ec53fb1a88beeae490bd1d31ace91f14ef,256,128,baseline,0.986480712890625,0.96875,0.9696969696969697,0.19809812307357788,0.0,0.0,0.0,0.0
original,election2020,ss_covid_political,covid_political,True,/dataMeR1/phil/gfm/worktree-runtime-archive-20260812/prodigy-final-core/files/state/final_core/finalcore_ss_covid_political_s0_20260807/checkpoint/state_dict_2500.ckpt,8e6516ca9c865f744c15bf968a2c113e2bba43eeee0be9adcb67a00673b9595b,4b5288ebc0896afebadb04ad14ebc9ec53fb1a88beeae490bd1d31ace91f14ef,256,128,features_query,0.869140625,0.7890625,0.7906976744186046,1.167823076248169,-0.117340087890625,-0.1796875,-0.1789992952783651,0.9697249531745911
original,election2020,ss_covid_political,covid_political,True,/dataMeR1/phil/gfm/worktree-runtime-archive-20260812/prodigy-final-core/files/state/final_core/finalcore_ss_covid_political_s0_20260807/checkpoint/state_dict_2500.ckpt,8e6516ca9c865f744c15bf968a2c113e2bba43eeee0be9adcb67a00673b9595b,4b5288ebc0896afebadb04ad14ebc9ec53fb1a88beeae490bd1d31ace91f14ef,256,128,features_support,0.964813232421875,0.87109375,0.8817204301075269,0.4686061143875122,-0.02166748046875,-0.09765625,-0.08797653958944285,0.2705079913139343
original,election2020,ss_covid_political,covid_political,True,/dataMeR1/phil/gfm/worktree-runtime-archive-20260812/prodigy-final-core/files/state/final_core/finalcore_ss_covid_political_s0_20260807/checkpoint/state_dict_2500.ckpt,8e6516ca9c865f744c15bf968a2c113e2bba43eeee0be9adcb67a00673b9595b,4b5288ebc0896afebadb04ad14ebc9ec53fb1a88beeae490bd1d31ace91f14ef,256,128,features_both,0.828369140625,0.74609375,0.7619047619047619,1.296043872833252,-0.158111572265625,-0.22265625,-0.20779220779220786,1.097945749759674
original,election2020,ss_covid_political,covid_political,True,/dataMeR1/phil/gfm/worktree-runtime-archive-20260812/prodigy-final-core/files/state/final_core/finalcore_ss_covid_political_s0_20260807/checkpoint/state_dict_2500.ckpt,8e6516ca9c865f744c15bf968a2c113e2bba43eeee0be9adcb67a00673b9595b,4b5288ebc0896afebadb04ad14ebc9ec53fb1a88beeae490bd1d31ace91f14ef,256,128,edges_query,0.98681640625,0.94921875,0.951310861423221,0.23791491985321045,0.000335693359375,-0.01953125,-0.018386108273748758,0.03981679677963257
original,election2020,ss_covid_political,covid_political,True,/dataMeR1/phil/gfm/worktree-runtime-archive-20260812/prodigy-final-core/files/state/final_core/finalcore_ss_covid_political_s0_20260807/checkpoint/state_dict_2500.ckpt,8e6516ca9c865f744c15bf968a2c113e2bba43eeee0be9adcb67a00673b9595b,4b5288ebc0896afebadb04ad14ebc9ec53fb1a88beeae490bd1d31ace91f14ef,256,128,edges_support,0.982177734375,0.96484375,0.9660377358490566,0.226462259888649,-0.004302978515625,-0.00390625,-0.0036592338479131126,0.028364136815071106
original,election2020,ss_covid_political,covid_political,True,/dataMeR1/phil/gfm/worktree-runtime-archive-20260812/prodigy-final-core/files/state/final_core/finalcore_ss_covid_political_s0_20260807/checkpoint/state_dict_2500.ckpt,8e6516ca9c865f744c15bf968a2c113e2bba43eeee0be9adcb67a00673b9595b,4b5288ebc0896afebadb04ad14ebc9ec53fb1a88beeae490bd1d31ace91f14ef,256,128,edges_both,0.9840087890625,0.94140625,0.9442379182156134,0.2763170003890991,-0.002471923828125,-0.02734375,-0.0254590514813563,0.07821887731552124
original,election2020,ss_covid_political,covid_political,True,/dataMeR1/phil/gfm/worktree-runtime-archive-20260812/prodigy-final-core/files/state/final_core/finalcore_ss_covid_political_s0_20260807/checkpoint/state_dict_2500.ckpt,8e6516ca9c865f744c15bf968a2c113e2bba43eeee0be9adcb67a00673b9595b,4b5288ebc0896afebadb04ad14ebc9ec53fb1a88beeae490bd1d31ace91f14ef,256,128,center_zero_query,0.97967529296875,0.96875,0.9696969696969697,0.17932912707328796,-0.006805419921875,0.0,0.0,-0.018768996000289917
original,election2020,ss_cp_hk,cp_hk,True,/dataMeR1/phil/gfm/worktree-runtime-archive-20260812/prodigy-final-core/files/state/final_core/finalcore_ss_cp_hk_s0_20260807/checkpoint/state_dict_2500.ckpt,e1b049709343d31a4897ec32108ac25abd446223f63e964474d7fcc2c7f47390,4b5288ebc0896afebadb04ad14ebc9ec53fb1a88beeae490bd1d31ace91f14ef,256,128,baseline,0.933349609375,0.8828125,0.8846153846153846,0.33333566784858704,0.0,0.0,0.0,0.0
original,election2020,ss_cp_hk,cp_hk,True,/dataMeR1/phil/gfm/worktree-runtime-archive-20260812/prodigy-final-core/files/state/final_core/finalcore_ss_cp_hk_s0_20260807/checkpoint/state_dict_2500.ckpt,e1b049709343d31a4897ec32108ac25abd446223f63e964474d7fcc2c7f47390,4b5288ebc0896afebadb04ad14ebc9ec53fb1a88beeae490bd1d31ace91f14ef,256,128,features_query,0.7149658203125,0.6484375,0.6484375,0.9171326160430908,-0.2183837890625,-0.234375,-0.23617788461538458,0.5837969481945038
original,election2020,ss_cp_hk,cp_hk,True,/dataMeR1/phil/gfm/worktree-runtime-archive-20260812/prodigy-final-core/files/state/final_core/finalcore_ss_cp_hk_s0_20260807/checkpoint/state_dict_2500.ckpt,e1b049709343d31a4897ec32108ac25abd446223f63e964474d7fcc2c7f47390,4b5288ebc0896afebadb04ad14ebc9ec53fb1a88beeae490bd1d31ace91f14ef,256,128,features_support,0.81341552734375,0.7578125,0.7832167832167832,0.6452131867408752,-0.11993408203125,-0.125,-0.10139860139860135,0.3118775188922882
original,election2020,ss_cp_hk,cp_hk,True,/dataMeR1/phil/gfm/worktree-runtime-archive-20260812/prodigy-final-core/files/state/final_core/finalcore_ss_cp_hk_s0_20260807/checkpoint/state_dict_2500.ckpt,e1b049709343d31a4897ec32108ac25abd446223f63e964474d7fcc2c7f47390,4b5288ebc0896afebadb04ad14ebc9ec53fb1a88beeae490bd1d31ace91f14ef,256,128,features_both,0.66363525390625,0.640625,0.6592592592592592,1.2124313116073608,-0.26971435546875,-0.2421875,-0.22535612535612537,0.8790956437587738
original,election2020,ss_cp_hk,cp_hk,True,/dataMeR1/phil/gfm/worktree-runtime-archive-20260812/prodigy-final-core/files/state/final_core/finalcore_ss_cp_hk_s0_20260807/checkpoint/state_dict_2500.ckpt,e1b049709343d31a4897ec32108ac25abd446223f63e964474d7fcc2c7f47390,4b5288ebc0896afebadb04ad14ebc9ec53fb1a88beeae490bd1d31ace91f14ef,256,128,edges_query,0.71221923828125,0.6328125,0.584070796460177,0.9668782353401184,-0.22113037109375,-0.25,-0.30054458815520757,0.6335425674915314
original,election2020,ss_cp_hk,cp_hk,True,/dataMeR1/phil/gfm/worktree-runtime-archive-20260812/prodigy-final-core/files/state/final_core/finalcore_ss_cp_hk_s0_20260807/checkpoint/state_dict_2500.ckpt,e1b049709343d31a4897ec32108ac25abd446223f63e964474d7fcc2c7f47390,4b5288ebc0896afebadb04ad14ebc9ec53fb1a88beeae490bd1d31ace91f14ef,256,128,edges_support,0.9700927734375,0.79296875,0.8284789644012945,0.43132197856903076,0.0367431640625,-0.08984375,-0.056136420214090044,0.09798631072044373
original,election2020,ss_cp_hk,cp_hk,True,/dataMeR1/phil/gfm/worktree-runtime-archive-20260812/prodigy-final-core/files/state/final_core/finalcore_ss_cp_hk_s0_20260807/checkpoint/state_dict_2500.ckpt,e1b049709343d31a4897ec32108ac25abd446223f63e964474d7fcc2c7f47390,4b5288ebc0896afebadb04ad14ebc9ec53fb1a88beeae490bd1d31ace91f14ef,256,128,edges_both,0.98199462890625,0.9453125,0.9453125,0.40121543407440186,0.04864501953125,0.0625,0.06069711538461542,0.06787976622581482
original,election2020,ss_cp_hk,cp_hk,True,/dataMeR1/phil/gfm/worktree-runtime-archive-20260812/prodigy-final-core/files/state/final_core/finalcore_ss_cp_hk_s0_20260807/checkpoint/state_dict_2500.ckpt,e1b049709343d31a4897ec32108ac25abd446223f63e964474d7fcc2c7f47390,4b5288ebc0896afebadb04ad14ebc9ec53fb1a88beeae490bd1d31ace91f14ef,256,128,center_zero_query,0.95361328125,0.9140625,0.9166666666666666,0.29015854001045227,0.020263671875,0.03125,0.03205128205128205,-0.043177127838134766
original,election2020,ss_election2020,election2020,False,/dataMeR1/phil/gfm/worktree-runtime-archive-20260812/prodigy-final-core/files/state/final_core/finalcore_ss_election2020_s0_20260807/checkpoint/state_dict_2500.ckpt,90baf3b1a12d5fa06bed5b0ea26543f1a18fad091c152bb0eada7ccf064382d3,4b5288ebc0896afebadb04ad14ebc9ec53fb1a88beeae490bd1d31ace91f14ef,256,128,baseline,0.98321533203125,0.97265625,0.973384030418251,0.13756725192070007,0.0,0.0,0.0,0.0
original,election2020,ss_election2020,election2020,False,/dataMeR1/phil/gfm/worktree-runtime-archive-20260812/prodigy-final-core/files/state/final_core/finalcore_ss_election2020_s0_20260807/checkpoint/state_dict_2500.ckpt,90baf3b1a12d5fa06bed5b0ea26543f1a18fad091c152bb0eada7ccf064382d3,4b5288ebc0896afebadb04ad14ebc9ec53fb1a88beeae490bd1d31ace91f14ef,256,128,features_query,0.88250732421875,0.79296875,0.8,0.6178888082504272,-0.1007080078125,-0.1796875,-0.1733840304182509,0.4803215563297272
original,election2020,ss_election2020,election2020,False,/dataMeR1/phil/gfm/worktree-runtime-archive-20260812/prodigy-final-core/files/state/final_core/finalcore_ss_election2020_s0_20260807/checkpoint/state_dict_2500.ckpt,90baf3b1a12d5fa06bed5b0ea26543f1a18fad091c152bb0eada7ccf064382d3,4b5288ebc0896afebadb04ad14ebc9ec53fb1a88beeae490bd1d31ace91f14ef,256,128,features_support,0.98175048828125,0.9375,0.9411764705882353,0.18713593482971191,-0.00146484375,-0.03515625,-0.032207559830015664,0.04956868290901184
original,election2020,ss_election2020,election2020,False,/dataMeR1/phil/gfm/worktree-runtime-archive-20260812/prodigy-final-core/files/state/final_core/finalcore_ss_election2020_s0_20260807/checkpoint/state_dict_2500.ckpt,90baf3b1a12d5fa06bed5b0ea26543f1a18fad091c152bb0eada7ccf064382d3,4b5288ebc0896afebadb04ad14ebc9ec53fb1a88beeae490bd1d31ace91f14ef,256,128,features_both,0.8623046875,0.78125,0.7925925925925926,0.6696261167526245,-0.12091064453125,-0.19140625,-0.18079143782565832,0.5320588648319244
original,election2020,ss_election2020,election2020,False,/dataMeR1/phil/gfm/worktree-runtime-archive-20260812/prodigy-final-core/files/state/final_core/finalcore_ss_election2020_s0_20260807/checkpoint/state_dict_2500.ckpt,90baf3b1a12d5fa06bed5b0ea26543f1a18fad091c152bb0eada7ccf064382d3,4b5288ebc0896afebadb04ad14ebc9ec53fb1a88beeae490bd1d31ace91f14ef,256,128,edges_query,0.98797607421875,0.95703125,0.9588014981273408,0.1781482994556427,0.0047607421875,-0.015625,-0.01458253229091011,0.04058104753494263
original,election2020,ss_election2020,election2020,False,/dataMeR1/phil/gfm/worktree-runtime-archive-20260812/prodigy-final-core/files/state/final_core/finalcore_ss_election2020_s0_20260807/checkpoint/state_dict_2500.ckpt,90baf3b1a12d5fa06bed5b0ea26543f1a18fad091c152bb0eada7ccf064382d3,4b5288ebc0896afebadb04ad14ebc9ec53fb1a88beeae490bd1d31ace91f14ef,256,128,edges_support,0.98358154296875,0.97265625,0.973384030418251,0.13111788034439087,0.0003662109375,0.0,0.0,-0.006449371576309204
original,election2020,ss_election2020,election2020,False,/dataMeR1/phil/gfm/worktree-runtime-archive-20260812/prodigy-final-core/files/state/final_core/finalcore_ss_election2020_s0_20260807/checkpoint/state_dict_2500.ckpt,90baf3b1a12d5fa06bed5b0ea26543f1a18fad091c152bb0eada7ccf064382d3,4b5288ebc0896afebadb04ad14ebc9ec53fb1a88beeae490bd1d31ace91f14ef,256,128,edges_both,0.98388671875,0.96875,0.9696969696969697,0.1758037805557251,0.00067138671875,-0.00390625,-0.003687060721281221,0.038236528635025024
original,election2020,ss_election2020,election2020,False,/dataMeR1/phil/gfm/worktree-runtime-archive-20260812/prodigy-final-core/files/state/final_core/finalcore_ss_election2020_s0_20260807/checkpoint/state_dict_2500.ckpt,90baf3b1a12d5fa06bed5b0ea26543f1a18fad091c152bb0eada7ccf064382d3,4b5288ebc0896afebadb04ad14ebc9ec53fb1a88beeae490bd1d31ace91f14ef,256,128,center_zero_query,0.980712890625,0.97265625,0.973384030418251,0.1283569633960724,-0.00250244140625,0.0,0.0,-0.009210288524627686
original,election2020,ss_facebook_page_reference,facebook_page_reference,True,/dataMeR1/phil/gfm/worktree-runtime-archive-20260812/prodigy-final-core/files/state/final_core/finalcore_ss_facebook_page_reference_s0_20260807/checkpoint/state_dict_2500.ckpt,1f36b6591001b4616df4499a7c686f4a15f62c69cb58e8dbeacfc38213478ff5,4b5288ebc0896afebadb04ad14ebc9ec53fb1a88beeae490bd1d31ace91f14ef,256,128,baseline,0.96026611328125,0.921875,0.9236641221374046,0.2470075786113739,0.0,0.0,0.0,0.0
original,election2020,ss_facebook_page_reference,facebook_page_reference,True,/dataMeR1/phil/gfm/worktree-runtime-archive-20260812/prodigy-final-core/files/state/final_core/finalcore_ss_facebook_page_reference_s0_20260807/checkpoint/state_dict_2500.ckpt,1f36b6591001b4616df4499a7c686f4a15f62c69cb58e8dbeacfc38213478ff5,4b5288ebc0896afebadb04ad14ebc9ec53fb1a88beeae490bd1d31ace91f14ef,256,128,features_query,0.73406982421875,0.68359375,0.6746987951807228,1.2761372327804565,-0.2261962890625,-0.23828125,-0.24896532695668172,1.0291296541690826
original,election2020,ss_facebook_page_reference,facebook_page_reference,True,/dataMeR1/phil/gfm/worktree-runtime-archive-20260812/prodigy-final-core/files/state/final_core/finalcore_ss_facebook_page_reference_s0_20260807/checkpoint/state_dict_2500.ckpt,1f36b6591001b4616df4499a7c686f4a15f62c69cb58e8dbeacfc38213478ff5,4b5288ebc0896afebadb04ad14ebc9ec53fb1a88beeae490bd1d31ace91f14ef,256,128,features_support,0.7850341796875,0.73046875,0.735632183908046,1.1724764108657837,-0.17523193359375,-0.19140625,-0.1880319382293586,0.9254688322544098
original,election2020,ss_facebook_page_reference,facebook_page_reference,True,/dataMeR1/phil/gfm/worktree-runtime-archive-20260812/prodigy-final-core/files/state/final_core/finalcore_ss_facebook_page_reference_s0_20260807/checkpoint/state_dict_2500.ckpt,1f36b6591001b4616df4499a7c686f4a15f62c69cb58e8dbeacfc38213478ff5,4b5288ebc0896afebadb04ad14ebc9ec53fb1a88beeae490bd1d31ace91f14ef,256,128,features_both,0.6497802734375,0.6328125,0.624,2.2596094608306885,-0.31048583984375,-0.2890625,-0.29966412213740456,2.0126018822193146
original,election2020,ss_facebook_page_reference,facebook_page_reference,True,/dataMeR1/phil/gfm/worktree-runtime-archive-20260812/prodigy-final-core/files/state/final_core/finalcore_ss_facebook_page_reference_s0_20260807/checkpoint/state_dict_2500.ckpt,1f36b6591001b4616df4499a7c686f4a15f62c69cb58e8dbeacfc38213478ff5,4b5288ebc0896afebadb04ad14ebc9ec53fb1a88beeae490bd1d31ace91f14ef,256,128,edges_query,0.85809326171875,0.7734375,0.7661290322580645,0.6712523698806763,-0.1021728515625,-0.1484375,-0.15753508987934006,0.42424479126930237
original,election2020,ss_facebook_page_reference,facebook_page_reference,True,/dataMeR1/phil/gfm/worktree-runtime-archive-20260812/prodigy-final-core/files/state/final_core/finalcore_ss_facebook_page_reference_s0_20260807/checkpoint/state_dict_2500.ckpt,1f36b6591001b4616df4499a7c686f4a15f62c69cb58e8dbeacfc38213478ff5,4b5288ebc0896afebadb04ad14ebc9ec53fb1a88beeae490bd1d31ace91f14ef,256,128,edges_support,0.97198486328125,0.875,0.8888888888888888,0.33728259801864624,0.01171875,-0.046875,-0.034775233248515725,0.09027501940727234
original,election2020,ss_facebook_page_reference,facebook_page_reference,True,/dataMeR1/phil/gfm/worktree-runtime-archive-20260812/prodigy-final-core/files/state/final_core/finalcore_ss_facebook_page_reference_s0_20260807/checkpoint/state_dict_2500.ckpt,1f36b6591001b4616df4499a7c686f4a15f62c69cb58e8dbeacfc38213478ff5,4b5288ebc0896afebadb04ad14ebc9ec53fb1a88beeae490bd1d31ace91f14ef,256,128,edges_both,0.9765625,0.98046875,0.9808429118773946,0.14991913735866547,0.01629638671875,0.05859375,0.05717878973999002,-0.09708844125270844
original,election2020,ss_facebook_page_reference,facebook_page_reference,True,/dataMeR1/phil/gfm/worktree-runtime-archive-20260812/prodigy-final-core/files/state/final_core/finalcore_ss_facebook_page_reference_s0_20260807/checkpoint/state_dict_2500.ckpt,1f36b6591001b4616df4499a7c686f4a15f62c69cb58e8dbeacfc38213478ff5,4b5288ebc0896afebadb04ad14ebc9ec53fb1a88beeae490bd1d31ace91f14ef,256,128,center_zero_query,0.97637939453125,0.94921875,0.9482071713147411,0.18273764848709106,0.01611328125,0.02734375,0.024543049177336518,-0.06426993012428284
original,election2020,ss_midterm,midterm,True,/dataMeR1/phil/gfm/worktree-runtime-archive-20260812/prodigy-final-core/files/state/final_core/finalcore_ss_midterm_s0_20260807/checkpoint/state_dict_2500.ckpt,55a5d31025f33caafb8a31e0e8500b55502681c74175442b007af02f8303df67,4b5288ebc0896afebadb04ad14ebc9ec53fb1a88beeae490bd1d31ace91f14ef,256,128,baseline,0.98309326171875,0.984375,0.9846153846153847,0.12872402369976044,0.0,0.0,0.0,0.0
original,election2020,ss_midterm,midterm,True,/dataMeR1/phil/gfm/worktree-runtime-archive-20260812/prodigy-final-core/files/state/final_core/finalcore_ss_midterm_s0_20260807/checkpoint/state_dict_2500.ckpt,55a5d31025f33caafb8a31e0e8500b55502681c74175442b007af02f8303df67,4b5288ebc0896afebadb04ad14ebc9ec53fb1a88beeae490bd1d31ace91f14ef,256,128,features_query,0.852996826171875,0.78515625,0.782608695652174,1.0727556943893433,-0.130096435546875,-0.19921875,-0.20200668896321072,0.9440316706895828
original,election2020,ss_midterm,midterm,True,/dataMeR1/phil/gfm/worktree-runtime-archive-20260812/prodigy-final-core/files/state/final_core/finalcore_ss_midterm_s0_20260807/checkpoint/state_dict_2500.ckpt,55a5d31025f33caafb8a31e0e8500b55502681c74175442b007af02f8303df67,4b5288ebc0896afebadb04ad14ebc9ec53fb1a88beeae490bd1d31ace91f14ef,256,128,features_support,0.98406982421875,0.97265625,0.973384030418251,0.15100793540477753,0.0009765625,-0.01171875,-0.011231354197133725,0.02228391170501709
original,election2020,ss_midterm,midterm,True,/dataMeR1/phil/gfm/worktree-runtime-archive-20260812/prodigy-final-core/files/state/final_core/finalcore_ss_midterm_s0_20260807/checkpoint/state_dict_2500.ckpt,55a5d31025f33caafb8a31e0e8500b55502681c74175442b007af02f8303df67,4b5288ebc0896afebadb04ad14ebc9ec53fb1a88beeae490bd1d31ace91f14ef,256,128,features_both,0.825775146484375,0.73828125,0.7392996108949417,1.2004599571228027,-0.157318115234375,-0.24609375,-0.245315773720443,1.0717359334230423
original,election2020,ss_midterm,midterm,True,/dataMeR1/phil/gfm/worktree-runtime-archive-20260812/prodigy-final-core/files/state/final_core/finalcore_ss_midterm_s0_20260807/checkpoint/state_dict_2500.ckpt,55a5d31025f33caafb8a31e0e8500b55502681c74175442b007af02f8303df67,4b5288ebc0896afebadb04ad14ebc9ec53fb1a88beeae490bd1d31ace91f14ef,256,128,edges_query,0.98443603515625,0.984375,0.9846153846153847,0.14454372227191925,0.0013427734375,0.0,0.0,0.015819698572158813
original,election2020,ss_midterm,midterm,True,/dataMeR1/phil/gfm/worktree-runtime-archive-20260812/prodigy-final-core/files/state/final_core/finalcore_ss_midterm_s0_20260807/checkpoint/state_dict_2500.ckpt,55a5d31025f33caafb8a31e0e8500b55502681c74175442b007af02f8303df67,4b5288ebc0896afebadb04ad14ebc9ec53fb1a88beeae490bd1d31ace91f14ef,256,128,edges_support,0.98760986328125,0.859375,0.8767123287671232,0.4986463785171509,0.0045166015625,-0.125,-0.10790305584826143,0.36992235481739044
original,election2020,ss_midterm,midterm,True,/dataMeR1/phil/gfm/worktree-runtime-archive-20260812/prodigy-final-core/files/state/final_core/finalcore_ss_midterm_s0_20260807/checkpoint/state_dict_2500.ckpt,55a5d31025f33caafb8a31e0e8500b55502681c74175442b007af02f8303df67,4b5288ebc0896afebadb04ad14ebc9ec53fb1a88beeae490bd1d31ace91f14ef,256,128,edges_both,0.983978271484375,0.984375,0.9846153846153847,0.21162962913513184,0.000885009765625,0.0,0.0,0.0829056054353714
original,election2020,ss_midterm,midterm,True,/dataMeR1/phil/gfm/worktree-runtime-archive-20260812/prodigy-final-core/files/state/final_core/finalcore_ss_midterm_s0_20260807/checkpoint/state_dict_2500.ckpt,55a5d31025f33caafb8a31e0e8500b55502681c74175442b007af02f8303df67,4b5288ebc0896afebadb04ad14ebc9ec53fb1a88beeae490bd1d31ace91f14ef,256,128,center_zero_query,0.98248291015625,0.984375,0.9846153846153847,0.121399886906147,-0.0006103515625,0.0,0.0,-0.007324136793613434
original,election2020,ss_twibot20,twibot20,True,/dataMeR1/phil/gfm/worktree-runtime-archive-20260812/prodigy-final-core/files/state/final_core/finalcore_ss_twibot20_s0_20260807/checkpoint/state_dict_2500.ckpt,38fd5db6854999a613fa5bf5647ba23362f9c52afb0b45470d1ad01a75f6c429,4b5288ebc0896afebadb04ad14ebc9ec53fb1a88beeae490bd1d31ace91f14ef,256,128,baseline,0.99090576171875,0.984375,0.9846153846153847,0.08433935046195984,0.0,0.0,0.0,0.0
original,election2020,ss_twibot20,twibot20,True,/dataMeR1/phil/gfm/worktree-runtime-archive-20260812/prodigy-final-core/files/state/final_core/finalcore_ss_twibot20_s0_20260807/checkpoint/state_dict_2500.ckpt,38fd5db6854999a613fa5bf5647ba23362f9c52afb0b45470d1ad01a75f6c429,4b5288ebc0896afebadb04ad14ebc9ec53fb1a88beeae490bd1d31ace91f14ef,256,128,features_query,0.87017822265625,0.77734375,0.7865168539325843,0.6510356664657593,-0.1207275390625,-0.20703125,-0.19809853068280037,0.5666963160037994
original,election2020,ss_twibot20,twibot20,True,/dataMeR1/phil/gfm/worktree-runtime-archive-20260812/prodigy-final-core/files/state/final_core/finalcore_ss_twibot20_s0_20260807/checkpoint/state_dict_2500.ckpt,38fd5db6854999a613fa5bf5647ba23362f9c52afb0b45470d1ad01a75f6c429,4b5288ebc0896afebadb04ad14ebc9ec53fb1a88beeae490bd1d31ace91f14ef,256,128,features_support,0.98260498046875,0.95703125,0.9584905660377359,0.15506350994110107,-0.00830078125,-0.02734375,-0.026124818577648812,0.07072415947914124
original,election2020,ss_twibot20,twibot20,True,/dataMeR1/phil/gfm/worktree-runtime-archive-20260812/prodigy-final-core/files/state/final_core/finalcore_ss_twibot20_s0_20260807/checkpoint/state_dict_2500.ckpt,38fd5db6854999a613fa5bf5647ba23362f9c52afb0b45470d1ad01a75f6c429,4b5288ebc0896afebadb04ad14ebc9ec53fb1a88beeae490bd1d31ace91f14ef,256,128,features_both,0.804931640625,0.734375,0.7481481481481481,0.9181234836578369,-0.18597412109375,-0.25,-0.23646723646723655,0.8337841331958771
original,election2020,ss_twibot20,twibot20,True,/dataMeR1/phil/gfm/worktree-runtime-archive-20260812/prodigy-final-core/files/state/final_core/finalcore_ss_twibot20_s0_20260807/checkpoint/state_dict_2500.ckpt,38fd5db6854999a613fa5bf5647ba23362f9c52afb0b45470d1ad01a75f6c429,4b5288ebc0896afebadb04ad14ebc9ec53fb1a88beeae490bd1d31ace91f14ef,256,128,edges_query,0.9886474609375,0.984375,0.9846153846153847,0.07721822708845139,-0.00225830078125,0.0,0.0,-0.007121123373508453
original,election2020,ss_twibot20,twibot20,True,/dataMeR1/phil/gfm/worktree-runtime-archive-20260812/prodigy-final-core/files/state/final_core/finalcore_ss_twibot20_s0_20260807/checkpoint/state_dict_2500.ckpt,38fd5db6854999a613fa5bf5647ba23362f9c52afb0b45470d1ad01a75f6c429,4b5288ebc0896afebadb04ad14ebc9ec53fb1a88beeae490bd1d31ace91f14ef,256,128,edges_support,0.99212646484375,0.96875,0.9696969696969697,0.13099510967731476,0.001220703125,-0.015625,-0.014918414918414946,0.04665575921535492
original,election2020,ss_twibot20,twibot20,True,/dataMeR1/phil/gfm/worktree-runtime-archive-20260812/prodigy-final-core/files/state/final_core/finalcore_ss_twibot20_s0_20260807/checkpoint/state_dict_2500.ckpt,38fd5db6854999a613fa5bf5647ba23362f9c52afb0b45470d1ad01a75f6c429,4b5288ebc0896afebadb04ad14ebc9ec53fb1a88beeae490bd1d31ace91f14ef,256,128,edges_both,0.9892578125,0.9765625,0.9770992366412213,0.08761787414550781,-0.00164794921875,-0.0078125,-0.007516147974163334,0.0032785236835479736
original,election2020,ss_twibot20,twibot20,True,/dataMeR1/phil/gfm/worktree-runtime-archive-20260812/prodigy-final-core/files/state/final_core/finalcore_ss_twibot20_s0_20260807/checkpoint/state_dict_2500.ckpt,38fd5db6854999a613fa5bf5647ba23362f9c52afb0b45470d1ad01a75f6c429,4b5288ebc0896afebadb04ad14ebc9ec53fb1a88beeae490bd1d31ace91f14ef,256,128,center_zero_query,0.98907470703125,0.98046875,0.9808429118773946,0.08821310847997665,-0.0018310546875,-0.00390625,-0.0037724727379900846,0.003873758018016815
original,election2020,ss_ukr_rus,ukr_rus,True,/dataMeR1/phil/gfm/worktree-runtime-archive-20260812/prodigy-final-core/files/state/final_core/finalcore_ss_ukr_rus_s0_20260807/checkpoint/state_dict_2500.ckpt,f203cc94aa624776407539869397b585cd3963892d2a2244bb38dfc386466693,4b5288ebc0896afebadb04ad14ebc9ec53fb1a88beeae490bd1d31ace91f14ef,256,128,baseline,0.98736572265625,0.984375,0.9846153846153847,0.09177272021770477,0.0,0.0,0.0,0.0
original,election2020,ss_ukr_rus,ukr_rus,True,/dataMeR1/phil/gfm/worktree-runtime-archive-20260812/prodigy-final-core/files/state/final_core/finalcore_ss_ukr_rus_s0_20260807/checkpoint/state_dict_2500.ckpt,f203cc94aa624776407539869397b585cd3963892d2a2244bb38dfc386466693,4b5288ebc0896afebadb04ad14ebc9ec53fb1a88beeae490bd1d31ace91f14ef,256,128,features_query,0.85321044921875,0.796875,0.8088235294117647,0.7415794134140015,-0.1341552734375,-0.1875,-0.17579185520361995,0.6498066931962967
original,election2020,ss_ukr_rus,ukr_rus,True,/dataMeR1/phil/gfm/worktree-runtime-archive-20260812/prodigy-final-core/files/state/final_core/finalcore_ss_ukr_rus_s0_20260807/checkpoint/state_dict_2500.ckpt,f203cc94aa624776407539869397b585cd3963892d2a2244bb38dfc386466693,4b5288ebc0896afebadb04ad14ebc9ec53fb1a88beeae490bd1d31ace91f14ef,256,128,features_support,0.9854736328125,0.94140625,0.9446494464944649,0.1968296468257904,-0.00189208984375,-0.04296875,-0.03996593812091975,0.10505692660808563
original,election2020,ss_ukr_rus,ukr_rus,True,/dataMeR1/phil/gfm/worktree-runtime-archive-20260812/prodigy-final-core/files/state/final_core/finalcore_ss_ukr_rus_s0_20260807/checkpoint/state_dict_2500.ckpt,f203cc94aa624776407539869397b585cd3963892d2a2244bb38dfc386466693,4b5288ebc0896afebadb04ad14ebc9ec53fb1a88beeae490bd1d31ace91f14ef,256,128,features_both,0.81793212890625,0.78515625,0.8014440433212996,0.9264990091323853,-0.16943359375,-0.19921875,-0.18317134129408508,0.8347262889146805
original,election2020,ss_ukr_rus,ukr_rus,True,/dataMeR1/phil/gfm/worktree-runtime-archive-20260812/prodigy-final-core/files/state/final_core/finalcore_ss_ukr_rus_s0_20260807/checkpoint/state_dict_2500.ckpt,f203cc94aa624776407539869397b585cd3963892d2a2244bb38dfc386466693,4b5288ebc0896afebadb04ad14ebc9ec53fb1a88beeae490bd1d31ace91f14ef,256,128,edges_query,0.98809814453125,0.984375,0.9846153846153847,0.08481258898973465,0.000732421875,0.0,0.0,-0.006960131227970123
original,election2020,ss_ukr_rus,ukr_rus,True,/dataMeR1/phil/gfm/worktree-runtime-archive-20260812/prodigy-final-core/files/state/final_core/finalcore_ss_ukr_rus_s0_20260807/checkpoint/state_dict_2500.ckpt,f203cc94aa624776407539869397b585cd3963892d2a2244bb38dfc386466693,4b5288ebc0896afebadb04ad14ebc9ec53fb1a88beeae490bd1d31ace91f14ef,256,128,edges_support,0.98724365234375,0.9765625,0.9770992366412213,0.12295915186405182,-0.0001220703125,-0.0078125,-0.007516147974163334,0.031186431646347046
original,election2020,ss_ukr_rus,ukr_rus,True,/dataMeR1/phil/gfm/worktree-runtime-archive-20260812/prodigy-final-core/files/state/final_core/finalcore_ss_ukr_rus_s0_20260807/checkpoint/state_dict_2500.ckpt,f203cc94aa624776407539869397b585cd3963892d2a2244bb38dfc386466693,4b5288ebc0896afebadb04ad14ebc9ec53fb1a88beeae490bd1d31ace91f14ef,256,128,edges_both,0.98699951171875,0.98046875,0.9808429118773946,0.09323412925004959,-0.0003662109375,-0.00390625,-0.0037724727379900846,0.0014614090323448181
original,election2020,ss_ukr_rus,ukr_rus,True,/dataMeR1/phil/gfm/worktree-runtime-archive-20260812/prodigy-final-core/files/state/final_core/finalcore_ss_ukr_rus_s0_20260807/checkpoint/state_dict_2500.ckpt,f203cc94aa624776407539869397b585cd3963892d2a2244bb38dfc386466693,4b5288ebc0896afebadb04ad14ebc9ec53fb1a88beeae490bd1d31ace91f14ef,256,128,center_zero_query,0.9874267578125,0.98046875,0.9808429118773946,0.09907017648220062,6.103515625e-05,-0.00390625,-0.0037724727379900846,0.00729745626449585
original,election2020,ss_ukr_rus_suspended,ukr_rus_suspended,True,/dataMeR1/phil/gfm/worktree-runtime-archive-20260812/prodigy-final-core/files/state/final_core/finalcore_ss_ukr_rus_suspended_s0_20260807/checkpoint/state_dict_2500.ckpt,7ec514855df19a4a47666ee0a92ecadb7fb1d943875490aceee9923d5ec06ee6,4b5288ebc0896afebadb04ad14ebc9ec53fb1a88beeae490bd1d31ace91f14ef,256,128,baseline,0.97235107421875,0.9296875,0.9291338582677166,0.2592797875404358,0.0,0.0,0.0,0.0
original,election2020,ss_ukr_rus_suspended,ukr_rus_suspended,True,/dataMeR1/phil/gfm/worktree-runtime-archive-20260812/prodigy-final-core/files/state/final_core/finalcore_ss_ukr_rus_suspended_s0_20260807/checkpoint/state_dict_2500.ckpt,7ec514855df19a4a47666ee0a92ecadb7fb1d943875490aceee9923d5ec06ee6,4b5288ebc0896afebadb04ad14ebc9ec53fb1a88beeae490bd1d31ace91f14ef,256,128,features_query,0.70013427734375,0.66015625,0.6506024096385542,0.8743582963943481,-0.272216796875,-0.26953125,-0.27853144862916235,0.6150785088539124
original,election2020,ss_ukr_rus_suspended,ukr_rus_suspended,True,/dataMeR1/phil/gfm/worktree-runtime-archive-20260812/prodigy-final-core/files/state/final_core/finalcore_ss_ukr_rus_suspended_s0_20260807/checkpoint/state_dict_2500.ckpt,7ec514855df19a4a47666ee0a92ecadb7fb1d943875490aceee9923d5ec06ee6,4b5288ebc0896afebadb04ad14ebc9ec53fb1a88beeae490bd1d31ace91f14ef,256,128,features_support,0.83685302734375,0.73828125,0.7124463519313304,0.5928211212158203,-0.135498046875,-0.19140625,-0.21668750633638612,0.3335413336753845
original,election2020,ss_ukr_rus_suspended,ukr_rus_suspended,True,/dataMeR1/phil/gfm/worktree-runtime-archive-20260812/prodigy-final-core/files/state/final_core/finalcore_ss_ukr_rus_suspended_s0_20260807/checkpoint/state_dict_2500.ckpt,7ec514855df19a4a47666ee0a92ecadb7fb1d943875490aceee9923d5ec06ee6,4b5288ebc0896afebadb04ad14ebc9ec53fb1a88beeae490bd1d31ace91f14ef,256,128,features_both,0.6051025390625,0.5703125,0.56,1.4304178953170776,-0.36724853515625,-0.359375,-0.3691338582677165,1.1711381077766418
original,election2020,ss_ukr_rus_suspended,ukr_rus_suspended,True,/dataMeR1/phil/gfm/worktree-runtime-archive-20260812/prodigy-final-core/files/state/final_core/finalcore_ss_ukr_rus_suspended_s0_20260807/checkpoint/state_dict_2500.ckpt,7ec514855df19a4a47666ee0a92ecadb7fb1d943875490aceee9923d5ec06ee6,4b5288ebc0896afebadb04ad14ebc9ec53fb1a88beeae490bd1d31ace91f14ef,256,128,edges_query,0.90008544921875,0.78125,0.8120805369127517,0.4669332802295685,-0.072265625,-0.1484375,-0.11705332135496482,0.2076534926891327
original,election2020,ss_ukr_rus_suspended,ukr_rus_suspended,True,/dataMeR1/phil/gfm/worktree-runtime-archive-20260812/prodigy-final-core/files/state/final_core/finalcore_ss_ukr_rus_suspended_s0_20260807/checkpoint/state_dict_2500.ckpt,7ec514855df19a4a47666ee0a92ecadb7fb1d943875490aceee9923d5ec06ee6,4b5288ebc0896afebadb04ad14ebc9ec53fb1a88beeae490bd1d31ace91f14ef,256,128,edges_support,0.97161865234375,0.65234375,0.47337278106508873,0.5529050230979919,-0.000732421875,-0.27734375,-0.4557610772026278,0.29362523555755615
original,election2020,ss_ukr_rus_suspended,ukr_rus_suspended,True,/dataMeR1/phil/gfm/worktree-runtime-archive-20260812/prodigy-final-core/files/state/final_core/finalcore_ss_ukr_rus_suspended_s0_20260807/checkpoint/state_dict_2500.ckpt,7ec514855df19a4a47666ee0a92ecadb7fb1d943875490aceee9923d5ec06ee6,4b5288ebc0896afebadb04ad14ebc9ec53fb1a88beeae490bd1d31ace91f14ef,256,128,edges_both,0.9859619140625,0.96484375,0.9660377358490566,0.2703092098236084,0.01361083984375,0.03515625,0.03690387758134006,0.011029422283172607
original,election2020,ss_ukr_rus_suspended,ukr_rus_suspended,True,/dataMeR1/phil/gfm/worktree-runtime-archive-20260812/prodigy-final-core/files/state/final_core/finalcore_ss_ukr_rus_suspended_s0_20260807/checkpoint/state_dict_2500.ckpt,7ec514855df19a4a47666ee0a92ecadb7fb1d943875490aceee9923d5ec06ee6,4b5288ebc0896afebadb04ad14ebc9ec53fb1a88beeae490bd1d31ace91f14ef,256,128,center_zero_query,0.97869873046875,0.96875,0.9694656488549618,0.23231065273284912,0.00634765625,0.0390625,0.04033179058724523,-0.02696913480758667
original,facebook_page_reference,ss_covid,covid,True,/dataMeR1/phil/gfm/worktree-runtime-archive-20260812/prodigy-final-core/files/state/final_core/finalcore_ss_covid_s0_20260807/checkpoint/state_dict_2500.ckpt,030f1710751dce3603f70a538b23389694cf40e4359d020e78416af93c2e5d6c,df2330ab1920415c5c98c8ec00ef3e640a961ff90514a04bf5074d09529a0afe,1024,128,baseline,0.7663536071777344,0.6943359375,0.6879361914257228,0.7312086224555969,0.0,0.0,0.0,0.0
original,facebook_page_reference,ss_covid,covid,True,/dataMeR1/phil/gfm/worktree-runtime-archive-20260812/prodigy-final-core/files/state/final_core/finalcore_ss_covid_s0_20260807/checkpoint/state_dict_2500.ckpt,030f1710751dce3603f70a538b23389694cf40e4359d020e78416af93c2e5d6c,df2330ab1920415c5c98c8ec00ef3e640a961ff90514a04bf5074d09529a0afe,1024,128,features_query,0.7513542175292969,0.6787109375,0.6745796241345203,0.8046367168426514,-0.0149993896484375,-0.015625,-0.013356567291202492,0.07342809438705444
original,facebook_page_reference,ss_covid,covid,True,/dataMeR1/phil/gfm/worktree-runtime-archive-20260812/prodigy-final-core/files/state/final_core/finalcore_ss_covid_s0_20260807/checkpoint/state_dict_2500.ckpt,030f1710751dce3603f70a538b23389694cf40e4359d020e78416af93c2e5d6c,df2330ab1920415c5c98c8ec00ef3e640a961ff90514a04bf5074d09529a0afe,1024,128,features_support,0.73834228515625,0.685546875,0.6773547094188377,0.9536877870559692,-0.028011322021484375,-0.0087890625,-0.010581482006885135,0.22247916460037231
original,facebook_page_reference,ss_covid,covid,True,/dataMeR1/phil/gfm/worktree-runtime-archive-20260812/prodigy-final-core/files/state/final_core/finalcore_ss_covid_s0_20260807/checkpoint/state_dict_2500.ckpt,030f1710751dce3603f70a538b23389694cf40e4359d020e78416af93c2e5d6c,df2330ab1920415c5c98c8ec00ef3e640a961ff90514a04bf5074d09529a0afe,1024,128,features_both,0.7423725128173828,0.68359375,0.6792079207920793,1.0121674537658691,-0.023981094360351562,-0.0107421875,-0.008728270633643564,0.2809588313102722
original,facebook_page_reference,ss_covid,covid,True,/dataMeR1/phil/gfm/worktree-runtime-archive-20260812/prodigy-final-core/files/state/final_core/finalcore_ss_covid_s0_20260807/checkpoint/state_dict_2500.ckpt,030f1710751dce3603f70a538b23389694cf40e4359d020e78416af93c2e5d6c,df2330ab1920415c5c98c8ec00ef3e640a961ff90514a04bf5074d09529a0afe,1024,128,edges_query,0.7615432739257812,0.6865234375,0.6786786786786787,0.7293465733528137,-0.004810333251953125,-0.0078125,-0.009257512747044117,-0.0018620491027832031
original,facebook_page_reference,ss_covid,covid,True,/dataMeR1/phil/gfm/worktree-runtime-archive-20260812/prodigy-final-core/files/state/final_core/finalcore_ss_covid_s0_20260807/checkpoint/state_dict_2500.ckpt,030f1710751dce3603f70a538b23389694cf40e4359d020e78416af93c2e5d6c,df2330ab1920415c5c98c8ec00ef3e640a961ff90514a04bf5074d09529a0afe,1024,128,edges_support,0.7676048278808594,0.69140625,0.6852589641434262,0.7093045115470886,0.001251220703125,-0.0029296875,-0.0026772272822965792,-0.0219041109085083
original,facebook_page_reference,ss_covid,covid,True,/dataMeR1/phil/gfm/worktree-runtime-archive-20260812/prodigy-final-core/files/state/final_core/finalcore_ss_covid_s0_20260807/checkpoint/state_dict_2500.ckpt,030f1710751dce3603f70a538b23389694cf40e4359d020e78416af93c2e5d6c,df2330ab1920415c5c98c8ec00ef3e640a961ff90514a04bf5074d09529a0afe,1024,128,edges_both,0.76605224609375,0.6875,0.678714859437751,0.6961843967437744,-0.000301361083984375,-0.0068359375,-0.009221331987971815,-0.03502422571182251
original,facebook_page_reference,ss_covid,covid,True,/dataMeR1/phil/gfm/worktree-runtime-archive-20260812/prodigy-final-core/files/state/final_core/finalcore_ss_covid_s0_20260807/checkpoint/state_dict_2500.ckpt,030f1710751dce3603f70a538b23389694cf40e4359d020e78416af93c2e5d6c,df2330ab1920415c5c98c8ec00ef3e640a961ff90514a04bf5074d09529a0afe,1024,128,center_zero_query,0.7051944732666016,0.6318359375,0.6248756218905472,0.8159485459327698,-0.06115913391113281,-0.0625,-0.06306056953517558,0.08473992347717285
original,facebook_page_reference,ss_covid_political,covid_political,True,/dataMeR1/phil/gfm/worktree-runtime-archive-20260812/prodigy-final-core/files/state/final_core/finalcore_ss_covid_political_s0_20260807/checkpoint/state_dict_2500.ckpt,8e6516ca9c865f744c15bf968a2c113e2bba43eeee0be9adcb67a00673b9595b,df2330ab1920415c5c98c8ec00ef3e640a961ff90514a04bf5074d09529a0afe,1024,128,baseline,0.7047500610351562,0.6474609375,0.6443349753694582,0.9485970139503479,0.0,0.0,0.0,0.0
original,facebook_page_reference,ss_covid_political,covid_political,True,/dataMeR1/phil/gfm/worktree-runtime-archive-20260812/prodigy-final-core/files/state/final_core/finalcore_ss_covid_political_s0_20260807/checkpoint/state_dict_2500.ckpt,8e6516ca9c865f744c15bf968a2c113e2bba43eeee0be9adcb67a00673b9595b,df2330ab1920415c5c98c8ec00ef3e640a961ff90514a04bf5074d09529a0afe,1024,128,features_query,0.7034702301025391,0.6416015625,0.638423645320197,0.9929138422012329,-0.0012798309326171875,-0.005859375,-0.005911330049261143,0.04431682825088501
original,facebook_page_reference,ss_covid_political,covid_political,True,/dataMeR1/phil/gfm/worktree-runtime-archive-20260812/prodigy-final-core/files/state/final_core/finalcore_ss_covid_political_s0_20260807/checkpoint/state_dict_2500.ckpt,8e6516ca9c865f744c15bf968a2c113e2bba43eeee0be9adcb67a00673b9595b,df2330ab1920415c5c98c8ec00ef3e640a961ff90514a04bf5074d09529a0afe,1024,128,features_support,0.7031097412109375,0.650390625,0.6510721247563352,1.1424784660339355,-0.00164031982421875,0.0029296875,0.006737149386877084,0.19388145208358765
original,facebook_page_reference,ss_covid_political,covid_political,True,/dataMeR1/phil/gfm/worktree-runtime-archive-20260812/prodigy-final-core/files/state/final_core/finalcore_ss_covid_political_s0_20260807/checkpoint/state_dict_2500.ckpt,8e6516ca9c865f744c15bf968a2c113e2bba43eeee0be9adcb67a00673b9595b,df2330ab1920415c5c98c8ec00ef3e640a961ff90514a04bf5074d09529a0afe,1024,128,features_both,0.692840576171875,0.6337890625,0.6362754607177498,1.2261288166046143,-0.01190948486328125,-0.013671875,-0.0080595146517084,0.27753180265426636
original,facebook_page_reference,ss_covid_political,covid_political,True,/dataMeR1/phil/gfm/worktree-runtime-archive-20260812/prodigy-final-core/files/state/final_core/finalcore_ss_covid_political_s0_20260807/checkpoint/state_dict_2500.ckpt,8e6516ca9c865f744c15bf968a2c113e2bba43eeee0be9adcb67a00673b9595b,df2330ab1920415c5c98c8ec00ef3e640a961ff90514a04bf5074d09529a0afe,1024,128,edges_query,0.6726570129394531,0.630859375,0.6372360844529751,1.0462969541549683,-0.032093048095703125,-0.0166015625,-0.0070988909164830805,0.09769994020462036
original,facebook_page_reference,ss_covid_political,covid_political,True,/dataMeR1/phil/gfm/worktree-runtime-archive-20260812/prodigy-final-core/files/state/final_core/finalcore_ss_covid_political_s0_20260807/checkpoint/state_dict_2500.ckpt,8e6516ca9c865f744c15bf968a2c113e2bba43eeee0be9adcb67a00673b9595b,df2330ab1920415c5c98c8ec00ef3e640a961ff90514a04bf5074d09529a0afe,1024,128,edges_support,0.6681365966796875,0.611328125,0.6128404669260701,1.1081509590148926,-0.03661346435546875,-0.0361328125,-0.03149450844338808,0.15955394506454468
original,facebook_page_reference,ss_covid_political,covid_political,True,/dataMeR1/phil/gfm/worktree-runtime-archive-20260812/prodigy-final-core/files/state/final_core/finalcore_ss_covid_political_s0_20260807/checkpoint/state_dict_2500.ckpt,8e6516ca9c865f744c15bf968a2c113e2bba43eeee0be9adcb67a00673b9595b,df2330ab1920415c5c98c8ec00ef3e640a961ff90514a04bf5074d09529a0afe,1024,128,edges_both,0.6627655029296875,0.6103515625,0.6107317073170732,1.179341197013855,-0.04198455810546875,-0.037109375,-0.033603268052385005,0.23074418306350708
original,facebook_page_reference,ss_covid_political,covid_political,True,/dataMeR1/phil/gfm/worktree-runtime-archive-20260812/prodigy-final-core/files/state/final_core/finalcore_ss_covid_political_s0_20260807/checkpoint/state_dict_2500.ckpt,8e6516ca9c865f744c15bf968a2c113e2bba43eeee0be9adcb67a00673b9595b,df2330ab1920415c5c98c8ec00ef3e640a961ff90514a04bf5074d09529a0afe,1024,128,center_zero_query,0.6337795257568359,0.580078125,0.5825242718446602,1.166385531425476,-0.07097053527832031,-0.0673828125,-0.061810703524798005,0.21778851747512817
original,facebook_page_reference,ss_cp_hk,cp_hk,True,/dataMeR1/phil/gfm/worktree-runtime-archive-20260812/prodigy-final-core/files/state/final_core/finalcore_ss_cp_hk_s0_20260807/checkpoint/state_dict_2500.ckpt,e1b049709343d31a4897ec32108ac25abd446223f63e964474d7fcc2c7f47390,df2330ab1920415c5c98c8ec00ef3e640a961ff90514a04bf5074d09529a0afe,1024,128,baseline,0.6773834228515625,0.6298828125,0.6251236399604352,0.8683981895446777,0.0,0.0,0.0,0.0
original,facebook_page_reference,ss_cp_hk,cp_hk,True,/dataMeR1/phil/gfm/worktree-runtime-archive-20260812/prodigy-final-core/files/state/final_core/finalcore_ss_cp_hk_s0_20260807/checkpoint/state_dict_2500.ckpt,e1b049709343d31a4897ec32108ac25abd446223f63e964474d7fcc2c7f47390,df2330ab1920415c5c98c8ec00ef3e640a961ff90514a04bf5074d09529a0afe,1024,128,features_query,0.6685028076171875,0.6044921875,0.599406528189911,0.91974276304245,-0.008880615234375,-0.025390625,-0.02571711177052416,0.05134457349777222
original,facebook_page_reference,ss_cp_hk,cp_hk,True,/dataMeR1/phil/gfm/worktree-runtime-archive-20260812/prodigy-final-core/files/state/final_core/finalcore_ss_cp_hk_s0_20260807/checkpoint/state_dict_2500.ckpt,e1b049709343d31a4897ec32108ac25abd446223f63e964474d7fcc2c7f47390,df2330ab1920415c5c98c8ec00ef3e640a961ff90514a04bf5074d09529a0afe,1024,128,features_support,0.6666641235351562,0.6142578125,0.6153846153846154,1.0646358728408813,-0.01071929931640625,-0.015625,-0.009739024575819766,0.1962376832962036
original,facebook_page_reference,ss_cp_hk,cp_hk,True,/dataMeR1/phil/gfm/worktree-runtime-archive-20260812/prodigy-final-core/files/state/final_core/finalcore_ss_cp_hk_s0_20260807/checkpoint/state_dict_2500.ckpt,e1b049709343d31a4897ec32108ac25abd446223f63e964474d7fcc2c7f47390,df2330ab1920415c5c98c8ec00ef3e640a961ff90514a04bf5074d09529a0afe,1024,128,features_both,0.6623306274414062,0.61328125,0.6184971098265896,1.1728262901306152,-0.01505279541015625,-0.0166015625,-0.006626530133845621,0.3044281005859375
original,facebook_page_reference,ss_cp_hk,cp_hk,True,/dataMeR1/phil/gfm/worktree-runtime-archive-20260812/prodigy-final-core/files/state/final_core/finalcore_ss_cp_hk_s0_20260807/checkpoint/state_dict_2500.ckpt,e1b049709343d31a4897ec32108ac25abd446223f63e964474d7fcc2c7f47390,df2330ab1920415c5c98c8ec00ef3e640a961ff90514a04bf5074d09529a0afe,1024,128,edges_query,0.6693153381347656,0.619140625,0.6153846153846154,0.8386207818984985,-0.008068084716796875,-0.0107421875,-0.009739024575819766,-0.0297774076461792
original,facebook_page_reference,ss_cp_hk,cp_hk,True,/dataMeR1/phil/gfm/worktree-runtime-archive-20260812/prodigy-final-core/files/state/final_core/finalcore_ss_cp_hk_s0_20260807/checkpoint/state_dict_2500.ckpt,e1b049709343d31a4897ec32108ac25abd446223f63e964474d7fcc2c7f47390,df2330ab1920415c5c98c8ec00ef3e640a961ff90514a04bf5074d09529a0afe,1024,128,edges_support,0.7023582458496094,0.63671875,0.6302186878727635,0.7138989567756653,0.024974822998046875,0.0068359375,0.005095047912328288,-0.15449923276901245
original,facebook_page_reference,ss_cp_hk,cp_hk,True,/dataMeR1/phil/gfm/worktree-runtime-archive-20260812/prodigy-final-core/files/state/final_core/finalcore_ss_cp_hk_s0_20260807/checkpoint/state_dict_2500.ckpt,e1b049709343d31a4897ec32108ac25abd446223f63e964474d7fcc2c7f47390,df2330ab1920415c5c98c8ec00ef3e640a961ff90514a04bf5074d09529a0afe,1024,128,edges_both,0.71209716796875,0.650390625,0.6469428007889546,0.670097291469574,0.0347137451171875,0.0205078125,0.021819160828519424,-0.19830089807510376
original,facebook_page_reference,ss_cp_hk,cp_hk,True,/dataMeR1/phil/gfm/worktree-runtime-archive-20260812/prodigy-final-core/files/state/final_core/finalcore_ss_cp_hk_s0_20260807/checkpoint/state_dict_2500.ckpt,e1b049709343d31a4897ec32108ac25abd446223f63e964474d7fcc2c7f47390,df2330ab1920415c5c98c8ec00ef3e640a961ff90514a04bf5074d09529a0afe,1024,128,center_zero_query,0.6318264007568359,0.599609375,0.605009633911368,0.9850420355796814,-0.04555702209472656,-0.0302734375,-0.020114006049067212,0.11664384603500366
original,facebook_page_reference,ss_election2020,election2020,True,/dataMeR1/phil/gfm/worktree-runtime-archive-20260812/prodigy-final-core/files/state/final_core/finalcore_ss_election2020_s0_20260807/checkpoint/state_dict_2500.ckpt,90baf3b1a12d5fa06bed5b0ea26543f1a18fad091c152bb0eada7ccf064382d3,df2330ab1920415c5c98c8ec00ef3e640a961ff90514a04bf5074d09529a0afe,1024,128,baseline,0.6424598693847656,0.59375,0.5848303393213573,0.7143940329551697,0.0,0.0,0.0,0.0
original,facebook_page_reference,ss_election2020,election2020,True,/dataMeR1/phil/gfm/worktree-runtime-archive-20260812/prodigy-final-core/files/state/final_core/finalcore_ss_election2020_s0_20260807/checkpoint/state_dict_2500.ckpt,90baf3b1a12d5fa06bed5b0ea26543f1a18fad091c152bb0eada7ccf064382d3,df2330ab1920415c5c98c8ec00ef3e640a961ff90514a04bf5074d09529a0afe,1024,128,features_query,0.6223335266113281,0.5927734375,0.5858987090367428,0.7683849334716797,-0.0201263427734375,-0.0009765625,0.0010683697153854865,0.05399090051651001
original,facebook_page_reference,ss_election2020,election2020,True,/dataMeR1/phil/gfm/worktree-runtime-archive-20260812/prodigy-final-core/files/state/final_core/finalcore_ss_election2020_s0_20260807/checkpoint/state_dict_2500.ckpt,90baf3b1a12d5fa06bed5b0ea26543f1a18fad091c152bb0eada7ccf064382d3,df2330ab1920415c5c98c8ec00ef3e640a961ff90514a04bf5074d09529a0afe,1024,128,features_support,0.6341743469238281,0.5927734375,0.5867195242814668,0.7656499147415161,-0.0082855224609375,-0.0009765625,0.0018891849601094801,0.051255881786346436
original,facebook_page_reference,ss_election2020,election2020,True,/dataMeR1/phil/gfm/worktree-runtime-archive-20260812/prodigy-final-core/files/state/final_core/finalcore_ss_election2020_s0_20260807/checkpoint/state_dict_2500.ckpt,90baf3b1a12d5fa06bed5b0ea26543f1a18fad091c152bb0eada7ccf064382d3,df2330ab1920415c5c98c8ec00ef3e640a961ff90514a04bf5074d09529a0afe,1024,128,features_both,0.6164627075195312,0.5927734375,0.593170731707317,0.8483963012695312,-0.025997161865234375,-0.0009765625,0.008340392385959738,0.13400226831436157
original,facebook_page_reference,ss_election2020,election2020,True,/dataMeR1/phil/gfm/worktree-runtime-archive-20260812/prodigy-final-core/files/state/final_core/finalcore_ss_election2020_s0_20260807/checkpoint/state_dict_2500.ckpt,90baf3b1a12d5fa06bed5b0ea26543f1a18fad091c152bb0eada7ccf064382d3,df2330ab1920415c5c98c8ec00ef3e640a961ff90514a04bf5074d09529a0afe,1024,128,edges_query,0.6296577453613281,0.59375,0.584,0.7348910570144653,-0.0128021240234375,0.0,-0.0008303393213573429,0.020497024059295654
original,facebook_page_reference,ss_election2020,election2020,True,/dataMeR1/phil/gfm/worktree-runtime-archive-20260812/prodigy-final-core/files/state/final_core/finalcore_ss_election2020_s0_20260807/checkpoint/state_dict_2500.ckpt,90baf3b1a12d5fa06bed5b0ea26543f1a18fad091c152bb0eada7ccf064382d3,df2330ab1920415c5c98c8ec00ef3e640a961ff90514a04bf5074d09529a0afe,1024,128,edges_support,0.6362876892089844,0.5810546875,0.574826560951437,0.7251129746437073,-0.00617218017578125,-0.0126953125,-0.01000377836992028,0.010718941688537598
original,facebook_page_reference,ss_election2020,election2020,True,/dataMeR1/phil/gfm/worktree-runtime-archive-20260812/prodigy-final-core/files/state/final_core/finalcore_ss_election2020_s0_20260807/checkpoint/state_dict_2500.ckpt,90baf3b1a12d5fa06bed5b0ea26543f1a18fad091c152bb0eada7ccf064382d3,df2330ab1920415c5c98c8ec00ef3e640a961ff90514a04bf5074d09529a0afe,1024,128,edges_both,0.6300926208496094,0.5830078125,0.5784797630799605,0.7398127317428589,-0.01236724853515625,-0.0107421875,-0.006350576241396788,0.02541869878768921
original,facebook_page_reference,ss_election2020,election2020,True,/dataMeR1/phil/gfm/worktree-runtime-archive-20260812/prodigy-final-core/files/state/final_core/finalcore_ss_election2020_s0_20260807/checkpoint/state_dict_2500.ckpt,90baf3b1a12d5fa06bed5b0ea26543f1a18fad091c152bb0eada7ccf064382d3,df2330ab1920415c5c98c8ec00ef3e640a961ff90514a04bf5074d09529a0afe,1024,128,center_zero_query,0.6063308715820312,0.5498046875,0.5528612997090203,0.6958057880401611,-0.036128997802734375,-0.0439453125,-0.03196903961233699,-0.018588244915008545
original,facebook_page_reference,ss_facebook_page_reference,facebook_page_reference,False,/dataMeR1/phil/gfm/worktree-runtime-archive-20260812/prodigy-final-core/files/state/final_core/finalcore_ss_facebook_page_reference_s0_20260807/checkpoint/state_dict_2500.ckpt,1f36b6591001b4616df4499a7c686f4a15f62c69cb58e8dbeacfc38213478ff5,df2330ab1920415c5c98c8ec00ef3e640a961ff90514a04bf5074d09529a0afe,1024,128,baseline,0.7076454162597656,0.6474609375,0.6498545101842871,2.3568694591522217,0.0,0.0,0.0,0.0
original,facebook_page_reference,ss_facebook_page_reference,facebook_page_reference,False,/dataMeR1/phil/gfm/worktree-runtime-archive-20260812/prodigy-final-core/files/state/final_core/finalcore_ss_facebook_page_reference_s0_20260807/checkpoint/state_dict_2500.ckpt,1f36b6591001b4616df4499a7c686f4a15f62c69cb58e8dbeacfc38213478ff5,df2330ab1920415c5c98c8ec00ef3e640a961ff90514a04bf5074d09529a0afe,1024,128,features_query,0.7200469970703125,0.669921875,0.6640159045725647,2.3201589584350586,0.012401580810546875,0.0224609375,0.01416139438827757,-0.036710500717163086
original,facebook_page_reference,ss_facebook_page_reference,facebook_page_reference,False,/dataMeR1/phil/gfm/worktree-runtime-archive-20260812/prodigy-final-core/files/state/final_core/finalcore_ss_facebook_page_reference_s0_20260807/checkpoint/state_dict_2500.ckpt,1f36b6591001b4616df4499a7c686f4a15f62c69cb58e8dbeacfc38213478ff5,df2330ab1920415c5c98c8ec00ef3e640a961ff90514a04bf5074d09529a0afe,1024,128,features_support,0.7083797454833984,0.66015625,0.6608187134502924,2.5321977138519287,0.0007343292236328125,0.0126953125,0.010964203266005335,0.17532825469970703
original,facebook_page_reference,ss_facebook_page_reference,facebook_page_reference,False,/dataMeR1/phil/gfm/worktree-runtime-archive-20260812/prodigy-final-core/files/state/final_core/finalcore_ss_facebook_page_reference_s0_20260807/checkpoint/state_dict_2500.ckpt,1f36b6591001b4616df4499a7c686f4a15f62c69cb58e8dbeacfc38213478ff5,df2330ab1920415c5c98c8ec00ef3e640a961ff90514a04bf5074d09529a0afe,1024,128,features_both,0.7064743041992188,0.6552734375,0.6515301085883515,2.53139591217041,-0.001171112060546875,0.0078125,0.0016755984040643934,0.17452645301818848
original,facebook_page_reference,ss_facebook_page_reference,facebook_page_reference,False,/dataMeR1/phil/gfm/worktree-runtime-archive-20260812/prodigy-final-core/files/state/final_core/finalcore_ss_facebook_page_reference_s0_20260807/checkpoint/state_dict_2500.ckpt,1f36b6591001b4616df4499a7c686f4a15f62c69cb58e8dbeacfc38213478ff5,df2330ab1920415c5c98c8ec00ef3e640a961ff90514a04bf5074d09529a0afe,1024,128,edges_query,0.6987991333007812,0.646484375,0.6565464895635673,2.3776490688323975,-0.008846282958984375,-0.0009765625,0.006691979379280233,0.02077960968017578
original,facebook_page_reference,ss_facebook_page_reference,facebook_page_reference,False,/dataMeR1/phil/gfm/worktree-runtime-archive-20260812/prodigy-final-core/files/state/final_core/finalcore_ss_facebook_page_reference_s0_20260807/checkpoint/state_dict_2500.ckpt,1f36b6591001b4616df4499a7c686f4a15f62c69cb58e8dbeacfc38213478ff5,df2330ab1920415c5c98c8ec00ef3e640a961ff90514a04bf5074d09529a0afe,1024,128,edges_support,0.7182064056396484,0.6650390625,0.6653658536585366,2.219973087310791,0.010560989379882812,0.017578125,0.01551134347424954,-0.13689637184143066
original,facebook_page_reference,ss_facebook_page_reference,facebook_page_reference,False,/dataMeR1/phil/gfm/worktree-runtime-archive-20260812/prodigy-final-core/files/state/final_core/finalcore_ss_facebook_page_reference_s0_20260807/checkpoint/state_dict_2500.ckpt,1f36b6591001b4616df4499a7c686f4a15f62c69cb58e8dbeacfc38213478ff5,df2330ab1920415c5c98c8ec00ef3e640a961ff90514a04bf5074d09529a0afe,1024,128,edges_both,0.7113056182861328,0.658203125,0.6647509578544061,2.2330000400543213,0.0036602020263671875,0.0107421875,0.014896447670118995,-0.12386941909790039
original,facebook_page_reference,ss_facebook_page_reference,facebook_page_reference,False,/dataMeR1/phil/gfm/worktree-runtime-archive-20260812/prodigy-final-core/files/state/final_core/finalcore_ss_facebook_page_reference_s0_20260807/checkpoint/state_dict_2500.ckpt,1f36b6591001b4616df4499a7c686f4a15f62c69cb58e8dbeacfc38213478ff5,df2330ab1920415c5c98c8ec00ef3e640a961ff90514a04bf5074d09529a0afe,1024,128,center_zero_query,0.6575279235839844,0.611328125,0.6238185255198487,2.6466028690338135,-0.05011749267578125,-0.0361328125,-0.02603598466443835,0.2897334098815918
original,facebook_page_reference,ss_midterm,midterm,True,/dataMeR1/phil/gfm/worktree-runtime-archive-20260812/prodigy-final-core/files/state/final_core/finalcore_ss_midterm_s0_20260807/checkpoint/state_dict_2500.ckpt,55a5d31025f33caafb8a31e0e8500b55502681c74175442b007af02f8303df67,df2330ab1920415c5c98c8ec00ef3e640a961ff90514a04bf5074d09529a0afe,1024,128,baseline,0.7226409912109375,0.6513671875,0.6447761194029851,0.9280831813812256,0.0,0.0,0.0,0.0
original,facebook_page_reference,ss_midterm,midterm,True,/dataMeR1/phil/gfm/worktree-runtime-archive-20260812/prodigy-final-core/files/state/final_core/finalcore_ss_midterm_s0_20260807/checkpoint/state_dict_2500.ckpt,55a5d31025f33caafb8a31e0e8500b55502681c74175442b007af02f8303df67,df2330ab1920415c5c98c8ec00ef3e640a961ff90514a04bf5074d09529a0afe,1024,128,features_query,0.7085113525390625,0.642578125,0.634,1.0457161664962769,-0.014129638671875,-0.0087890625,-0.010776119402985063,0.11763298511505127
original,facebook_page_reference,ss_midterm,midterm,True,/dataMeR1/phil/gfm/worktree-runtime-archive-20260812/prodigy-final-core/files/state/final_core/finalcore_ss_midterm_s0_20260807/checkpoint/state_dict_2500.ckpt,55a5d31025f33caafb8a31e0e8500b55502681c74175442b007af02f8303df67,df2330ab1920415c5c98c8ec00ef3e640a961ff90514a04bf5074d09529a0afe,1024,128,features_support,0.7056694030761719,0.6455078125,0.6444662095984329,1.217302680015564,-0.016971588134765625,-0.005859375,-0.00030990980455214423,0.2892194986343384
original,facebook_page_reference,ss_midterm,midterm,True,/dataMeR1/phil/gfm/worktree-runtime-archive-20260812/prodigy-final-core/files/state/final_core/finalcore_ss_midterm_s0_20260807/checkpoint/state_dict_2500.ckpt,55a5d31025f33caafb8a31e0e8500b55502681c74175442b007af02f8303df67,df2330ab1920415c5c98c8ec00ef3e640a961ff90514a04bf5074d09529a0afe,1024,128,features_both,0.70867919921875,0.6474609375,0.6457311089303238,1.3010728359222412,-0.0139617919921875,-0.00390625,0.0009549895273387454,0.3729896545410156
original,facebook_page_reference,ss_midterm,midterm,True,/dataMeR1/phil/gfm/worktree-runtime-archive-20260812/prodigy-final-core/files/state/final_core/finalcore_ss_midterm_s0_20260807/checkpoint/state_dict_2500.ckpt,55a5d31025f33caafb8a31e0e8500b55502681c74175442b007af02f8303df67,df2330ab1920415c5c98c8ec00ef3e640a961ff90514a04bf5074d09529a0afe,1024,128,edges_query,0.7197227478027344,0.6474609375,0.6457311089303238,0.9286613464355469,-0.002918243408203125,-0.00390625,0.0009549895273387454,0.0005781650543212891
original,facebook_page_reference,ss_midterm,midterm,True,/dataMeR1/phil/gfm/worktree-runtime-archive-20260812/prodigy-final-core/files/state/final_core/finalcore_ss_midterm_s0_20260807/checkpoint/state_dict_2500.ckpt,55a5d31025f33caafb8a31e0e8500b55502681c74175442b007af02f8303df67,df2330ab1920415c5c98c8ec00ef3e640a961ff90514a04bf5074d09529a0afe,1024,128,edges_support,0.7313041687011719,0.658203125,0.6485943775100401,0.8605972528457642,0.008663177490234375,0.0068359375,0.0038182581070550503,-0.06748592853546143
original,facebook_page_reference,ss_midterm,midterm,True,/dataMeR1/phil/gfm/worktree-runtime-archive-20260812/prodigy-final-core/files/state/final_core/finalcore_ss_midterm_s0_20260807/checkpoint/state_dict_2500.ckpt,55a5d31025f33caafb8a31e0e8500b55502681c74175442b007af02f8303df67,df2330ab1920415c5c98c8ec00ef3e640a961ff90514a04bf5074d09529a0afe,1024,128,edges_both,0.7620525360107422,0.685546875,0.679920477137177,0.7405003309249878,0.03941154479980469,0.0341796875,0.03514435773419189,-0.1875828504562378
original,facebook_page_reference,ss_midterm,midterm,True,/dataMeR1/phil/gfm/worktree-runtime-archive-20260812/prodigy-final-core/files/state/final_core/finalcore_ss_midterm_s0_20260807/checkpoint/state_dict_2500.ckpt,55a5d31025f33caafb8a31e0e8500b55502681c74175442b007af02f8303df67,df2330ab1920415c5c98c8ec00ef3e640a961ff90514a04bf5074d09529a0afe,1024,128,center_zero_query,0.6749744415283203,0.6162109375,0.617332035053554,1.0381286144256592,-0.04766654968261719,-0.03515625,-0.02744408434943102,0.1100454330444336
original,facebook_page_reference,ss_twibot20,twibot20,True,/dataMeR1/phil/gfm/worktree-runtime-archive-20260812/prodigy-final-core/files/state/final_core/finalcore_ss_twibot20_s0_20260807/checkpoint/state_dict_2500.ckpt,38fd5db6854999a613fa5bf5647ba23362f9c52afb0b45470d1ad01a75f6c429,df2330ab1920415c5c98c8ec00ef3e640a961ff90514a04bf5074d09529a0afe,1024,128,baseline,0.7738265991210938,0.6943359375,0.6879361914257228,0.8171056509017944,0.0,0.0,0.0,0.0
original,facebook_page_reference,ss_twibot20,twibot20,True,/dataMeR1/phil/gfm/worktree-runtime-archive-20260812/prodigy-final-core/files/state/final_core/finalcore_ss_twibot20_s0_20260807/checkpoint/state_dict_2500.ckpt,38fd5db6854999a613fa5bf5647ba23362f9c52afb0b45470d1ad01a75f6c429,df2330ab1920415c5c98c8ec00ef3e640a961ff90514a04bf5074d09529a0afe,1024,128,features_query,0.7638664245605469,0.6787109375,0.678396871945259,0.8688406944274902,-0.009960174560546875,-0.015625,-0.009539319480463826,0.0517350435256958
original,facebook_page_reference,ss_twibot20,twibot20,True,/dataMeR1/phil/gfm/worktree-runtime-archive-20260812/prodigy-final-core/files/state/final_core/finalcore_ss_twibot20_s0_20260807/checkpoint/state_dict_2500.ckpt,38fd5db6854999a613fa5bf5647ba23362f9c52afb0b45470d1ad01a75f6c429,df2330ab1920415c5c98c8ec00ef3e640a961ff90514a04bf5074d09529a0afe,1024,128,features_support,0.7522544860839844,0.6875,0.6806387225548902,1.0137916803359985,-0.021572113037109375,-0.0068359375,-0.007297468870832602,0.1966860294342041
original,facebook_page_reference,ss_twibot20,twibot20,True,/dataMeR1/phil/gfm/worktree-runtime-archive-20260812/prodigy-final-core/files/state/final_core/finalcore_ss_twibot20_s0_20260807/checkpoint/state_dict_2500.ckpt,38fd5db6854999a613fa5bf5647ba23362f9c52afb0b45470d1ad01a75f6c429,df2330ab1920415c5c98c8ec00ef3e640a961ff90514a04bf5074d09529a0afe,1024,128,features_both,0.7523994445800781,0.6708984375,0.6737657308809293,1.035118579864502,-0.021427154541015625,-0.0234375,-0.01417046054479354,0.21801292896270752
original,facebook_page_reference,ss_twibot20,twibot20,True,/dataMeR1/phil/gfm/worktree-runtime-archive-20260812/prodigy-final-core/files/state/final_core/finalcore_ss_twibot20_s0_20260807/checkpoint/state_dict_2500.ckpt,38fd5db6854999a613fa5bf5647ba23362f9c52afb0b45470d1ad01a75f6c429,df2330ab1920415c5c98c8ec00ef3e640a961ff90514a04bf5074d09529a0afe,1024,128,edges_query,0.7727165222167969,0.6875,0.6806387225548902,0.797440767288208,-0.001110076904296875,-0.0068359375,-0.007297468870832602,-0.019664883613586426
original,facebook_page_reference,ss_twibot20,twibot20,True,/dataMeR1/phil/gfm/worktree-runtime-archive-20260812/prodigy-final-core/files/state/final_core/finalcore_ss_twibot20_s0_20260807/checkpoint/state_dict_2500.ckpt,38fd5db6854999a613fa5bf5647ba23362f9c52afb0b45470d1ad01a75f6c429,df2330ab1920415c5c98c8ec00ef3e640a961ff90514a04bf5074d09529a0afe,1024,128,edges_support,0.7734336853027344,0.69921875,0.6938369781312127,0.7811765074729919,-0.000392913818359375,0.0048828125,0.00590078670548988,-0.03592914342880249
original,facebook_page_reference,ss_twibot20,twibot20,True,/dataMeR1/phil/gfm/worktree-runtime-archive-20260812/prodigy-final-core/files/state/final_core/finalcore_ss_twibot20_s0_20260807/checkpoint/state_dict_2500.ckpt,38fd5db6854999a613fa5bf5647ba23362f9c52afb0b45470d1ad01a75f6c429,df2330ab1920415c5c98c8ec00ef3e640a961ff90514a04bf5074d09529a0afe,1024,128,edges_both,0.7737960815429688,0.6943359375,0.6860581745235708,0.7559939622879028,-3.0517578125e-05,0.0,-0.0018780169021520576,-0.0611116886138916
original,facebook_page_reference,ss_twibot20,twibot20,True,/dataMeR1/phil/gfm/worktree-runtime-archive-20260812/prodigy-final-core/files/state/final_core/finalcore_ss_twibot20_s0_20260807/checkpoint/state_dict_2500.ckpt,38fd5db6854999a613fa5bf5647ba23362f9c52afb0b45470d1ad01a75f6c429,df2330ab1920415c5c98c8ec00ef3e640a961ff90514a04bf5074d09529a0afe,1024,128,center_zero_query,0.7194385528564453,0.65234375,0.6475247524752475,0.9767062664031982,-0.05438804626464844,-0.0419921875,-0.040411438950475276,0.1596006155014038
original,facebook_page_reference,ss_ukr_rus,ukr_rus,True,/dataMeR1/phil/gfm/worktree-runtime-archive-20260812/prodigy-final-core/files/state/final_core/finalcore_ss_ukr_rus_s0_20260807/checkpoint/state_dict_2500.ckpt,f203cc94aa624776407539869397b585cd3963892d2a2244bb38dfc386466693,df2330ab1920415c5c98c8ec00ef3e640a961ff90514a04bf5074d09529a0afe,1024,128,baseline,0.7720451354980469,0.6923828125,0.6914789422135161,0.7673294544219971,0.0,0.0,0.0,0.0
original,facebook_page_reference,ss_ukr_rus,ukr_rus,True,/dataMeR1/phil/gfm/worktree-runtime-archive-20260812/prodigy-final-core/files/state/final_core/finalcore_ss_ukr_rus_s0_20260807/checkpoint/state_dict_2500.ckpt,f203cc94aa624776407539869397b585cd3963892d2a2244bb38dfc386466693,df2330ab1920415c5c98c8ec00ef3e640a961ff90514a04bf5074d09529a0afe,1024,128,features_query,0.7736282348632812,0.6953125,0.6964980544747081,0.7746946811676025,0.001583099365234375,0.0029296875,0.005019112261192005,0.007365226745605469
original,facebook_page_reference,ss_ukr_rus,ukr_rus,True,/dataMeR1/phil/gfm/worktree-runtime-archive-20260812/prodigy-final-core/files/state/final_core/finalcore_ss_ukr_rus_s0_20260807/checkpoint/state_dict_2500.ckpt,f203cc94aa624776407539869397b585cd3963892d2a2244bb38dfc386466693,df2330ab1920415c5c98c8ec00ef3e640a961ff90514a04bf5074d09529a0afe,1024,128,features_support,0.7612380981445312,0.6796875,0.6746031746031746,0.846830427646637,-0.010807037353515625,-0.0126953125,-0.016875767610341486,0.07950097322463989
original,facebook_page_reference,ss_ukr_rus,ukr_rus,True,/dataMeR1/phil/gfm/worktree-runtime-archive-20260812/prodigy-final-core/files/state/final_core/finalcore_ss_ukr_rus_s0_20260807/checkpoint/state_dict_2500.ckpt,f203cc94aa624776407539869397b585cd3963892d2a2244bb38dfc386466693,df2330ab1920415c5c98c8ec00ef3e640a961ff90514a04bf5074d09529a0afe,1024,128,features_both,0.7700386047363281,0.697265625,0.6918489065606361,0.8715029954910278,-0.00200653076171875,0.0048828125,0.0003699643471199998,0.10417354106903076
original,facebook_page_reference,ss_ukr_rus,ukr_rus,True,/dataMeR1/phil/gfm/worktree-runtime-archive-20260812/prodigy-final-core/files/state/final_core/finalcore_ss_ukr_rus_s0_20260807/checkpoint/state_dict_2500.ckpt,f203cc94aa624776407539869397b585cd3963892d2a2244bb38dfc386466693,df2330ab1920415c5c98c8ec00ef3e640a961ff90514a04bf5074d09529a0afe,1024,128,edges_query,0.76654052734375,0.6904296875,0.6895200783545543,0.7710264325141907,-0.005504608154296875,-0.001953125,-0.0019588638589618235,0.0036969780921936035
original,facebook_page_reference,ss_ukr_rus,ukr_rus,True,/dataMeR1/phil/gfm/worktree-runtime-archive-20260812/prodigy-final-core/files/state/final_core/finalcore_ss_ukr_rus_s0_20260807/checkpoint/state_dict_2500.ckpt,f203cc94aa624776407539869397b585cd3963892d2a2244bb38dfc386466693,df2330ab1920415c5c98c8ec00ef3e640a961ff90514a04bf5074d09529a0afe,1024,128,edges_support,0.7707061767578125,0.6875,0.6875,0.7519369125366211,-0.001338958740234375,-0.0048828125,-0.0039789422135161345,-0.015392541885375977
original,facebook_page_reference,ss_ukr_rus,ukr_rus,True,/dataMeR1/phil/gfm/worktree-runtime-archive-20260812/prodigy-final-core/files/state/final_core/finalcore_ss_ukr_rus_s0_20260807/checkpoint/state_dict_2500.ckpt,f203cc94aa624776407539869397b585cd3963892d2a2244bb38dfc386466693,df2330ab1920415c5c98c8ec00ef3e640a961ff90514a04bf5074d09529a0afe,1024,128,edges_both,0.7671966552734375,0.6806640625,0.6797257590597453,0.7493484616279602,-0.004848480224609375,-0.01171875,-0.01175318315377083,-0.017980992794036865
original,facebook_page_reference,ss_ukr_rus,ukr_rus,True,/dataMeR1/phil/gfm/worktree-runtime-archive-20260812/prodigy-final-core/files/state/final_core/finalcore_ss_ukr_rus_s0_20260807/checkpoint/state_dict_2500.ckpt,f203cc94aa624776407539869397b585cd3963892d2a2244bb38dfc386466693,df2330ab1920415c5c98c8ec00ef3e640a961ff90514a04bf5074d09529a0afe,1024,128,center_zero_query,0.7137889862060547,0.6396484375,0.6342913776015857,0.8529898524284363,-0.05825614929199219,-0.052734375,-0.05718756461193042,0.08566039800643921
original,facebook_page_reference,ss_ukr_rus_suspended,ukr_rus_suspended,True,/dataMeR1/phil/gfm/worktree-runtime-archive-20260812/prodigy-final-core/files/state/final_core/finalcore_ss_ukr_rus_suspended_s0_20260807/checkpoint/state_dict_2500.ckpt,7ec514855df19a4a47666ee0a92ecadb7fb1d943875490aceee9923d5ec06ee6,df2330ab1920415c5c98c8ec00ef3e640a961ff90514a04bf5074d09529a0afe,1024,128,baseline,0.6333580017089844,0.5927734375,0.5891625615763547,1.024381160736084,0.0,0.0,0.0,0.0
original,facebook_page_reference,ss_ukr_rus_suspended,ukr_rus_suspended,True,/dataMeR1/phil/gfm/worktree-runtime-archive-20260812/prodigy-final-core/files/state/final_core/finalcore_ss_ukr_rus_suspended_s0_20260807/checkpoint/state_dict_2500.ckpt,7ec514855df19a4a47666ee0a92ecadb7fb1d943875490aceee9923d5ec06ee6,df2330ab1920415c5c98c8ec00ef3e640a961ff90514a04bf5074d09529a0afe,1024,128,features_query,0.6070976257324219,0.58203125,0.5795677799607073,1.150929570198059,-0.0262603759765625,-0.0107421875,-0.009594781615647419,0.1265484094619751
original,facebook_page_reference,ss_ukr_rus_suspended,ukr_rus_suspended,True,/dataMeR1/phil/gfm/worktree-runtime-archive-20260812/prodigy-final-core/files/state/final_core/finalcore_ss_ukr_rus_suspended_s0_20260807/checkpoint/state_dict_2500.ckpt,7ec514855df19a4a47666ee0a92ecadb7fb1d943875490aceee9923d5ec06ee6,df2330ab1920415c5c98c8ec00ef3e640a961ff90514a04bf5074d09529a0afe,1024,128,features_support,0.60150146484375,0.5888671875,0.5768844221105528,1.4920989274978638,-0.031856536865234375,-0.00390625,-0.012278139465801918,0.4677177667617798
original,facebook_page_reference,ss_ukr_rus_suspended,ukr_rus_suspended,True,/dataMeR1/phil/gfm/worktree-runtime-archive-20260812/prodigy-final-core/files/state/final_core/finalcore_ss_ukr_rus_suspended_s0_20260807/checkpoint/state_dict_2500.ckpt,7ec514855df19a4a47666ee0a92ecadb7fb1d943875490aceee9923d5ec06ee6,df2330ab1920415c5c98c8ec00ef3e640a961ff90514a04bf5074d09529a0afe,1024,128,features_both,0.6109180450439453,0.583984375,0.5831702544031311,1.5868721008300781,-0.022439956665039062,-0.0087890625,-0.005992307173223632,0.5624909400939941
original,facebook_page_reference,ss_ukr_rus_suspended,ukr_rus_suspended,True,/dataMeR1/phil/gfm/worktree-runtime-archive-20260812/prodigy-final-core/files/state/final_core/finalcore_ss_ukr_rus_suspended_s0_20260807/checkpoint/state_dict_2500.ckpt,7ec514855df19a4a47666ee0a92ecadb7fb1d943875490aceee9923d5ec06ee6,df2330ab1920415c5c98c8ec00ef3e640a961ff90514a04bf5074d09529a0afe,1024,128,edges_query,0.5983085632324219,0.5625,0.5528942115768463,1.0664057731628418,-0.0350494384765625,-0.0302734375,-0.036268349999508454,0.04202461242675781
original,facebook_page_reference,ss_ukr_rus_suspended,ukr_rus_suspended,True,/dataMeR1/phil/gfm/worktree-runtime-archive-20260812/prodigy-final-core/files/state/final_core/finalcore_ss_ukr_rus_suspended_s0_20260807/checkpoint/state_dict_2500.ckpt,7ec514855df19a4a47666ee0a92ecadb7fb1d943875490aceee9923d5ec06ee6,df2330ab1920415c5c98c8ec00ef3e640a961ff90514a04bf5074d09529a0afe,1024,128,edges_support,0.6288223266601562,0.5908203125,0.5904203323558163,0.9057166576385498,-0.004535675048828125,-0.001953125,0.0012577707794615423,-0.11866450309753418
original,facebook_page_reference,ss_ukr_rus_suspended,ukr_rus_suspended,True,/dataMeR1/phil/gfm/worktree-runtime-archive-20260812/prodigy-final-core/files/state/final_core/finalcore_ss_ukr_rus_suspended_s0_20260807/checkpoint/state_dict_2500.ckpt,7ec514855df19a4a47666ee0a92ecadb7fb1d943875490aceee9923d5ec06ee6,df2330ab1920415c5c98c8ec00ef3e640a961ff90514a04bf5074d09529a0afe,1024,128,edges_both,0.6131744384765625,0.5732421875,0.5668979187314173,0.8802311420440674,-0.020183563232421875,-0.01953125,-0.022264642844937454,-0.1441500186920166
original,facebook_page_reference,ss_ukr_rus_suspended,ukr_rus_suspended,True,/dataMeR1/phil/gfm/worktree-runtime-archive-20260812/prodigy-final-core/files/state/final_core/finalcore_ss_ukr_rus_suspended_s0_20260807/checkpoint/state_dict_2500.ckpt,7ec514855df19a4a47666ee0a92ecadb7fb1d943875490aceee9923d5ec06ee6,df2330ab1920415c5c98c8ec00ef3e640a961ff90514a04bf5074d09529a0afe,1024,128,center_zero_query,0.6222209930419922,0.5791015625,0.5753694581280788,0.9741412997245789,-0.011137008666992188,-0.013671875,-0.01379310344827589,-0.05023986101150513
original,twibot20,ss_covid,covid,True,/dataMeR1/phil/gfm/worktree-runtime-archive-20260812/prodigy-final-core/files/state/final_core/finalcore_ss_covid_s0_20260807/checkpoint/state_dict_2500.ckpt,030f1710751dce3603f70a538b23389694cf40e4359d020e78416af93c2e5d6c,c52eedbda4ef0539387be507588f0477560fc57987270d62405daeda5fe6d92d,3072,128,baseline,0.59721925523546,0.5738932291666666,0.5973546601045832,0.9164753556251526,0.0,0.0,0.0,0.0
original,twibot20,ss_covid,covid,True,/dataMeR1/phil/gfm/worktree-runtime-archive-20260812/prodigy-final-core/files/state/final_core/finalcore_ss_covid_s0_20260807/checkpoint/state_dict_2500.ckpt,030f1710751dce3603f70a538b23389694cf40e4359d020e78416af93c2e5d6c,c52eedbda4ef0539387be507588f0477560fc57987270d62405daeda5fe6d92d,3072,128,features_query,0.5483820173475478,0.5439453125,0.5628705148205928,1.1089791059494019,-0.04883723788791228,-0.02994791666666663,-0.03448414528399035,0.19250375032424927
original,twibot20,ss_covid,covid,True,/dataMeR1/phil/gfm/worktree-runtime-archive-20260812/prodigy-final-core/files/state/final_core/finalcore_ss_covid_s0_20260807/checkpoint/state_dict_2500.ckpt,030f1710751dce3603f70a538b23389694cf40e4359d020e78416af93c2e5d6c,c52eedbda4ef0539387be507588f0477560fc57987270d62405daeda5fe6d92d,3072,128,features_support,0.56231689453125,0.5452473958333334,0.5877840070817351,1.3253934383392334,-0.034902360704210045,-0.02864583333333326,-0.009570653022848097,0.4089180827140808
original,twibot20,ss_covid,covid,True,/dataMeR1/phil/gfm/worktree-runtime-archive-20260812/prodigy-final-core/files/state/final_core/finalcore_ss_covid_s0_20260807/checkpoint/state_dict_2500.ckpt,030f1710751dce3603f70a538b23389694cf40e4359d020e78416af93c2e5d6c,c52eedbda4ef0539387be507588f0477560fc57987270d62405daeda5fe6d92d,3072,128,features_both,0.5344431135389539,0.5198567708333334,0.5515354211006385,1.62094247341156,-0.06277614169650614,-0.05403645833333326,-0.04581923900394469,0.7044671177864075
original,twibot20,ss_covid,covid,True,/dataMeR1/phil/gfm/worktree-runtime-archive-20260812/prodigy-final-core/files/state/final_core/finalcore_ss_covid_s0_20260807/checkpoint/state_dict_2500.ckpt,030f1710751dce3603f70a538b23389694cf40e4359d020e78416af93c2e5d6c,c52eedbda4ef0539387be507588f0477560fc57987270d62405daeda5fe6d92d,3072,128,edges_query,0.5469309488932291,0.533203125,0.6073384446878423,1.0522297620773315,-0.050288306342230915,-0.04069010416666663,0.009983784583259103,0.13575440645217896
original,twibot20,ss_covid,covid,True,/dataMeR1/phil/gfm/worktree-runtime-archive-20260812/prodigy-final-core/files/state/final_core/finalcore_ss_covid_s0_20260807/checkpoint/state_dict_2500.ckpt,030f1710751dce3603f70a538b23389694cf40e4359d020e78416af93c2e5d6c,c52eedbda4ef0539387be507588f0477560fc57987270d62405daeda5fe6d92d,3072,128,edges_support,0.5574688381618923,0.5403645833333334,0.5415584415584416,0.9013187289237976,-0.039750417073567745,-0.03352864583333326,-0.055796218546141585,-0.01515662670135498
original,twibot20,ss_covid,covid,True,/dataMeR1/phil/gfm/worktree-runtime-archive-20260812/prodigy-final-core/files/state/final_core/finalcore_ss_covid_s0_20260807/checkpoint/state_dict_2500.ckpt,030f1710751dce3603f70a538b23389694cf40e4359d020e78416af93c2e5d6c,c52eedbda4ef0539387be507588f0477560fc57987270d62405daeda5fe6d92d,3072,128,edges_both,0.5478452046712239,0.5322265625,0.5445324881141046,0.9097781181335449,-0.04937405056423616,-0.04166666666666663,-0.05282217199047856,-0.006697237491607666
original,twibot20,ss_covid,covid,True,/dataMeR1/phil/gfm/worktree-runtime-archive-20260812/prodigy-final-core/files/state/final_core/finalcore_ss_covid_s0_20260807/checkpoint/state_dict_2500.ckpt,030f1710751dce3603f70a538b23389694cf40e4359d020e78416af93c2e5d6c,c52eedbda4ef0539387be507588f0477560fc57987270d62405daeda5fe6d92d,3072,128,center_zero_query,0.5896661546495225,0.5651041666666666,0.5871446229913473,0.9367905259132385,-0.0075531005859375,-0.0087890625,-0.01021003711323587,0.020315170288085938
original,twibot20,ss_covid_political,covid_political,True,/dataMeR1/phil/gfm/worktree-runtime-archive-20260812/prodigy-final-core/files/state/final_core/finalcore_ss_covid_political_s0_20260807/checkpoint/state_dict_2500.ckpt,8e6516ca9c865f744c15bf968a2c113e2bba43eeee0be9adcb67a00673b9595b,c52eedbda4ef0539387be507588f0477560fc57987270d62405daeda5fe6d92d,3072,128,baseline,0.5382715861002605,0.5341796875,0.5260019874130507,1.1606584787368774,0.0,0.0,0.0,0.0
original,twibot20,ss_covid_political,covid_political,True,/dataMeR1/phil/gfm/worktree-runtime-archive-20260812/prodigy-final-core/files/state/final_core/finalcore_ss_covid_political_s0_20260807/checkpoint/state_dict_2500.ckpt,8e6516ca9c865f744c15bf968a2c113e2bba43eeee0be9adcb67a00673b9595b,c52eedbda4ef0539387be507588f0477560fc57987270d62405daeda5fe6d92d,3072,128,features_query,0.5095990498860677,0.5065104166666666,0.49297658862876254,1.252273678779602,-0.028672536214192745,-0.02766927083333337,-0.033025398784288174,0.09161520004272461
original,twibot20,ss_covid_political,covid_political,True,/dataMeR1/phil/gfm/worktree-runtime-archive-20260812/prodigy-final-core/files/state/final_core/finalcore_ss_covid_political_s0_20260807/checkpoint/state_dict_2500.ckpt,8e6516ca9c865f744c15bf968a2c113e2bba43eeee0be9adcb67a00673b9595b,c52eedbda4ef0539387be507588f0477560fc57987270d62405daeda5fe6d92d,3072,128,features_support,0.5023888481987847,0.5055338541666666,0.5047277469840235,1.2206535339355469,-0.03588273790147578,-0.02864583333333337,-0.021274240429027258,0.059995055198669434
original,twibot20,ss_covid_political,covid_political,True,/dataMeR1/phil/gfm/worktree-runtime-archive-20260812/prodigy-final-core/files/state/final_core/finalcore_ss_covid_political_s0_20260807/checkpoint/state_dict_2500.ckpt,8e6516ca9c865f744c15bf968a2c113e2bba43eeee0be9adcb67a00673b9595b,c52eedbda4ef0539387be507588f0477560fc57987270d62405daeda5fe6d92d,3072,128,features_both,0.5136307610405816,0.5152994791666666,0.5028380634390651,1.3028298616409302,-0.024640825059678906,-0.01888020833333337,-0.02316392397398559,0.14217138290405273
original,twibot20,ss_covid_political,covid_political,True,/dataMeR1/phil/gfm/worktree-runtime-archive-20260812/prodigy-final-core/files/state/final_core/finalcore_ss_covid_political_s0_20260807/checkpoint/state_dict_2500.ckpt,8e6516ca9c865f744c15bf968a2c113e2bba43eeee0be9adcb67a00673b9595b,c52eedbda4ef0539387be507588f0477560fc57987270d62405daeda5fe6d92d,3072,128,edges_query,0.5113557179768881,0.5087890625,0.529466791393826,1.467220664024353,-0.026915868123372433,-0.025390625,0.0034648039807753106,0.3065621852874756
original,twibot20,ss_covid_political,covid_political,True,/dataMeR1/phil/gfm/worktree-runtime-archive-20260812/prodigy-final-core/files/state/final_core/finalcore_ss_covid_political_s0_20260807/checkpoint/state_dict_2500.ckpt,8e6516ca9c865f744c15bf968a2c113e2bba43eeee0be9adcb67a00673b9595b,c52eedbda4ef0539387be507588f0477560fc57987270d62405daeda5fe6d92d,3072,128,edges_support,0.5104329850938585,0.5100911458333334,0.49916805324459235,1.635185718536377,-0.02783860100640201,-0.02408854166666663,-0.026833934168458362,0.4745272397994995
original,twibot20,ss_covid_political,covid_political,True,/dataMeR1/phil/gfm/worktree-runtime-archive-20260812/prodigy-final-core/files/state/final_core/finalcore_ss_covid_political_s0_20260807/checkpoint/state_dict_2500.ckpt,8e6516ca9c865f744c15bf968a2c113e2bba43eeee0be9adcb67a00673b9595b,c52eedbda4ef0539387be507588f0477560fc57987270d62405daeda5fe6d92d,3072,128,edges_both,0.5238043467203777,0.5162760416666666,0.5,2.0503456592559814,-0.014467239379882812,-0.01790364583333337,-0.02600198741305071,0.889687180519104
original,twibot20,ss_covid_political,covid_political,True,/dataMeR1/phil/gfm/worktree-runtime-archive-20260812/prodigy-final-core/files/state/final_core/finalcore_ss_covid_political_s0_20260807/checkpoint/state_dict_2500.ckpt,8e6516ca9c865f744c15bf968a2c113e2bba43eeee0be9adcb67a00673b9595b,c52eedbda4ef0539387be507588f0477560fc57987270d62405daeda5fe6d92d,3072,128,center_zero_query,0.5309189690483941,0.5237630208333334,0.5491525423728814,0.9836469292640686,-0.007352617051866406,-0.01041666666666663,0.02315055495983065,-0.17701154947280884
original,twibot20,ss_cp_hk,cp_hk,True,/dataMeR1/phil/gfm/worktree-runtime-archive-20260812/prodigy-final-core/files/state/final_core/finalcore_ss_cp_hk_s0_20260807/checkpoint/state_dict_2500.ckpt,e1b049709343d31a4897ec32108ac25abd446223f63e964474d7fcc2c7f47390,c52eedbda4ef0539387be507588f0477560fc57987270d62405daeda5fe6d92d,3072,128,baseline,0.5914120144314237,0.5774739583333334,0.6139202855443189,1.0193997621536255,0.0,0.0,0.0,0.0
original,twibot20,ss_cp_hk,cp_hk,True,/dataMeR1/phil/gfm/worktree-runtime-archive-20260812/prodigy-final-core/files/state/final_core/finalcore_ss_cp_hk_s0_20260807/checkpoint/state_dict_2500.ckpt,e1b049709343d31a4897ec32108ac25abd446223f63e964474d7fcc2c7f47390,c52eedbda4ef0539387be507588f0477560fc57987270d62405daeda5fe6d92d,3072,128,features_query,0.5567881266276041,0.5465494791666666,0.5672569120844982,1.1024169921875,-0.03462388780381953,-0.03092447916666674,-0.046663373459820634,0.08301723003387451
original,twibot20,ss_cp_hk,cp_hk,True,/dataMeR1/phil/gfm/worktree-runtime-archive-20260812/prodigy-final-core/files/state/final_core/finalcore_ss_cp_hk_s0_20260807/checkpoint/state_dict_2500.ckpt,e1b049709343d31a4897ec32108ac25abd446223f63e964474d7fcc2c7f47390,c52eedbda4ef0539387be507588f0477560fc57987270d62405daeda5fe6d92d,3072,128,features_support,0.5862424638536241,0.568359375,0.5969604863221885,1.3774561882019043,-0.005169550577799553,-0.00911458333333337,-0.016959799222130423,0.3580564260482788
original,twibot20,ss_cp_hk,cp_hk,True,/dataMeR1/phil/gfm/worktree-runtime-archive-20260812/prodigy-final-core/files/state/final_core/finalcore_ss_cp_hk_s0_20260807/checkpoint/state_dict_2500.ckpt,e1b049709343d31a4897ec32108ac25abd446223f63e964474d7fcc2c7f47390,c52eedbda4ef0539387be507588f0477560fc57987270d62405daeda5fe6d92d,3072,128,features_both,0.558609856499566,0.544921875,0.5695812807881774,1.5193616151809692,-0.0328021579318577,-0.03255208333333337,-0.0443390047561415,0.49996185302734375
original,twibot20,ss_cp_hk,cp_hk,True,/dataMeR1/phil/gfm/worktree-runtime-archive-20260812/prodigy-final-core/files/state/final_core/finalcore_ss_cp_hk_s0_20260807/checkpoint/state_dict_2500.ckpt,e1b049709343d31a4897ec32108ac25abd446223f63e964474d7fcc2c7f47390,c52eedbda4ef0539387be507588f0477560fc57987270d62405daeda5fe6d92d,3072,128,edges_query,0.5235805511474609,0.5244140625,0.6241317211216877,1.118963360786438,-0.06783146328396272,-0.05305989583333337,0.01021143557736881,0.0995635986328125
original,twibot20,ss_cp_hk,cp_hk,True,/dataMeR1/phil/gfm/worktree-runtime-archive-20260812/prodigy-final-core/files/state/final_core/finalcore_ss_cp_hk_s0_20260807/checkpoint/state_dict_2500.ckpt,e1b049709343d31a4897ec32108ac25abd446223f63e964474d7fcc2c7f47390,c52eedbda4ef0539387be507588f0477560fc57987270d62405daeda5fe6d92d,3072,128,edges_support,0.5246819390190972,0.5322265625,0.5693736889421637,0.8292694687843323,-0.06673007541232645,-0.04524739583333337,-0.04454659660215521,-0.1901302933692932
original,twibot20,ss_cp_hk,cp_hk,True,/dataMeR1/phil/gfm/worktree-runtime-archive-20260812/prodigy-final-core/files/state/final_core/finalcore_ss_cp_hk_s0_20260807/checkpoint/state_dict_2500.ckpt,e1b049709343d31a4897ec32108ac25abd446223f63e964474d7fcc2c7f47390,c52eedbda4ef0539387be507588f0477560fc57987270d62405daeda5fe6d92d,3072,128,edges_both,0.5596493615044488,0.5501302083333334,0.5598726114649681,0.7297456860542297,-0.03176265292697489,-0.02734375,-0.05404767407935074,-0.28965407609939575
original,twibot20,ss_cp_hk,cp_hk,True,/dataMeR1/phil/gfm/worktree-runtime-archive-20260812/prodigy-final-core/files/state/final_core/finalcore_ss_cp_hk_s0_20260807/checkpoint/state_dict_2500.ckpt,e1b049709343d31a4897ec32108ac25abd446223f63e964474d7fcc2c7f47390,c52eedbda4ef0539387be507588f0477560fc57987270d62405daeda5fe6d92d,3072,128,center_zero_query,0.5825157165527344,0.57421875,0.5972906403940886,1.069291591644287,-0.008896297878689285,-0.0032552083333333703,-0.016629645150230243,0.04989182949066162
original,twibot20,ss_election2020,election2020,True,/dataMeR1/phil/gfm/worktree-runtime-archive-20260812/prodigy-final-core/files/state/final_core/finalcore_ss_election2020_s0_20260807/checkpoint/state_dict_2500.ckpt,90baf3b1a12d5fa06bed5b0ea26543f1a18fad091c152bb0eada7ccf064382d3,c52eedbda4ef0539387be507588f0477560fc57987270d62405daeda5fe6d92d,3072,128,baseline,0.6303024291992188,0.5950520833333334,0.5805799055967633,0.7118404507637024,0.0,0.0,0.0,0.0
original,twibot20,ss_election2020,election2020,True,/dataMeR1/phil/gfm/worktree-runtime-archive-20260812/prodigy-final-core/files/state/final_core/finalcore_ss_election2020_s0_20260807/checkpoint/state_dict_2500.ckpt,90baf3b1a12d5fa06bed5b0ea26543f1a18fad091c152bb0eada7ccf064382d3,c52eedbda4ef0539387be507588f0477560fc57987270d62405daeda5fe6d92d,3072,128,features_query,0.5506708357069228,0.5286458333333334,0.5034293552812071,0.8453460335731506,-0.07963159349229598,-0.06640625,-0.07715055031555618,0.13350558280944824
original,twibot20,ss_election2020,election2020,True,/dataMeR1/phil/gfm/worktree-runtime-archive-20260812/prodigy-final-core/files/state/final_core/finalcore_ss_election2020_s0_20260807/checkpoint/state_dict_2500.ckpt,90baf3b1a12d5fa06bed5b0ea26543f1a18fad091c152bb0eada7ccf064382d3,c52eedbda4ef0539387be507588f0477560fc57987270d62405daeda5fe6d92d,3072,128,features_support,0.5978764428032769,0.5712890625,0.5672034176799211,0.7808828353881836,-0.03242598639594185,-0.02376302083333337,-0.013376487916842206,0.0690423846244812
original,twibot20,ss_election2020,election2020,True,/dataMeR1/phil/gfm/worktree-runtime-archive-20260812/prodigy-final-core/files/state/final_core/finalcore_ss_election2020_s0_20260807/checkpoint/state_dict_2500.ckpt,90baf3b1a12d5fa06bed5b0ea26543f1a18fad091c152bb0eada7ccf064382d3,c52eedbda4ef0539387be507588f0477560fc57987270d62405daeda5fe6d92d,3072,128,features_both,0.5339372422960069,0.5192057291666666,0.5206101914962674,0.9502477645874023,-0.09636518690321183,-0.07584635416666674,-0.0599697141004959,0.23840731382369995
original,twibot20,ss_election2020,election2020,True,/dataMeR1/phil/gfm/worktree-runtime-archive-20260812/prodigy-final-core/files/state/final_core/finalcore_ss_election2020_s0_20260807/checkpoint/state_dict_2500.ckpt,90baf3b1a12d5fa06bed5b0ea26543f1a18fad091c152bb0eada7ccf064382d3,c52eedbda4ef0539387be507588f0477560fc57987270d62405daeda5fe6d92d,3072,128,edges_query,0.52045652601454,0.5068359375,0.5806808746194299,0.831068754196167,-0.1098459031846788,-0.08821614583333337,0.00010096902266654162,0.1192283034324646
original,twibot20,ss_election2020,election2020,True,/dataMeR1/phil/gfm/worktree-runtime-archive-20260812/prodigy-final-core/files/state/final_core/finalcore_ss_election2020_s0_20260807/checkpoint/state_dict_2500.ckpt,90baf3b1a12d5fa06bed5b0ea26543f1a18fad091c152bb0eada7ccf064382d3,c52eedbda4ef0539387be507588f0477560fc57987270d62405daeda5fe6d92d,3072,128,edges_support,0.5367571512858073,0.521484375,0.5077026121902211,0.7708402276039124,-0.0935452779134115,-0.07356770833333337,-0.07287729340654225,0.05899977684020996
original,twibot20,ss_election2020,election2020,True,/dataMeR1/phil/gfm/worktree-runtime-archive-20260812/prodigy-final-core/files/state/final_core/finalcore_ss_election2020_s0_20260807/checkpoint/state_dict_2500.ckpt,90baf3b1a12d5fa06bed5b0ea26543f1a18fad091c152bb0eada7ccf064382d3,c52eedbda4ef0539387be507588f0477560fc57987270d62405daeda5fe6d92d,3072,128,edges_both,0.5116418202718099,0.5081380208333334,0.5282547611614111,0.8101329803466797,-0.11866060892740882,-0.0869140625,-0.05232514443535219,0.0982925295829773
original,twibot20,ss_election2020,election2020,True,/dataMeR1/phil/gfm/worktree-runtime-archive-20260812/prodigy-final-core/files/state/final_core/finalcore_ss_election2020_s0_20260807/checkpoint/state_dict_2500.ckpt,90baf3b1a12d5fa06bed5b0ea26543f1a18fad091c152bb0eada7ccf064382d3,c52eedbda4ef0539387be507588f0477560fc57987270d62405daeda5fe6d92d,3072,128,center_zero_query,0.6158379448784722,0.5758463541666666,0.5489788854274835,0.6893278956413269,-0.01446448432074654,-0.01920572916666674,-0.03160102016927979,-0.02251255512237549
original,twibot20,ss_facebook_page_reference,facebook_page_reference,True,/dataMeR1/phil/gfm/worktree-runtime-archive-20260812/prodigy-final-core/files/state/final_core/finalcore_ss_facebook_page_reference_s0_20260807/checkpoint/state_dict_2500.ckpt,1f36b6591001b4616df4499a7c686f4a15f62c69cb58e8dbeacfc38213478ff5,c52eedbda4ef0539387be507588f0477560fc57987270d62405daeda5fe6d92d,3072,128,baseline,0.51555421617296,0.5042317708333334,0.5120153796859981,3.830185651779175,0.0,0.0,0.0,0.0
original,twibot20,ss_facebook_page_reference,facebook_page_reference,True,/dataMeR1/phil/gfm/worktree-runtime-archive-20260812/prodigy-final-core/files/state/final_core/finalcore_ss_facebook_page_reference_s0_20260807/checkpoint/state_dict_2500.ckpt,1f36b6591001b4616df4499a7c686f4a15f62c69cb58e8dbeacfc38213478ff5,c52eedbda4ef0539387be507588f0477560fc57987270d62405daeda5fe6d92d,3072,128,features_query,0.5091989305284288,0.5006510416666666,0.5019480519480519,3.8096818923950195,-0.00635528564453125,-0.0035807291666667407,-0.010067327737946163,-0.020503759384155273
original,twibot20,ss_facebook_page_reference,facebook_page_reference,True,/dataMeR1/phil/gfm/worktree-runtime-archive-20260812/prodigy-final-core/files/state/final_core/finalcore_ss_facebook_page_reference_s0_20260807/checkpoint/state_dict_2500.ckpt,1f36b6591001b4616df4499a7c686f4a15f62c69cb58e8dbeacfc38213478ff5,c52eedbda4ef0539387be507588f0477560fc57987270d62405daeda5fe6d92d,3072,128,features_support,0.4582125345865885,0.4622395833333333,0.4493333333333333,3.576720952987671,-0.05734168158637154,-0.041992187500000056,-0.06268204635266478,-0.2534646987915039
original,twibot20,ss_facebook_page_reference,facebook_page_reference,True,/dataMeR1/phil/gfm/worktree-runtime-archive-20260812/prodigy-final-core/files/state/final_core/finalcore_ss_facebook_page_reference_s0_20260807/checkpoint/state_dict_2500.ckpt,1f36b6591001b4616df4499a7c686f4a15f62c69cb58e8dbeacfc38213478ff5,c52eedbda4ef0539387be507588f0477560fc57987270d62405daeda5fe6d92d,3072,128,features_both,0.4783795674641927,0.4752604166666667,0.4700854700854701,3.561784505844116,-0.037174648708767355,-0.028971354166666685,-0.041929909600528004,-0.2684011459350586
original,twibot20,ss_facebook_page_reference,facebook_page_reference,True,/dataMeR1/phil/gfm/worktree-runtime-archive-20260812/prodigy-final-core/files/state/final_core/finalcore_ss_facebook_page_reference_s0_20260807/checkpoint/state_dict_2500.ckpt,1f36b6591001b4616df4499a7c686f4a15f62c69cb58e8dbeacfc38213478ff5,c52eedbda4ef0539387be507588f0477560fc57987270d62405daeda5fe6d92d,3072,128,edges_query,0.513255861070421,0.50390625,0.52375,4.448882579803467,-0.0022983551025390625,-0.00032552083333337034,0.011734620314001964,0.618696928024292
original,twibot20,ss_facebook_page_reference,facebook_page_reference,True,/dataMeR1/phil/gfm/worktree-runtime-archive-20260812/prodigy-final-core/files/state/final_core/finalcore_ss_facebook_page_reference_s0_20260807/checkpoint/state_dict_2500.ckpt,1f36b6591001b4616df4499a7c686f4a15f62c69cb58e8dbeacfc38213478ff5,c52eedbda4ef0539387be507588f0477560fc57987270d62405daeda5fe6d92d,3072,128,edges_support,0.5030331081814237,0.4866536458333333,0.49503682356708295,3.6379454135894775,-0.012521107991536384,-0.017578125000000056,-0.016978556118915133,-0.19224023818969727
original,twibot20,ss_facebook_page_reference,facebook_page_reference,True,/dataMeR1/phil/gfm/worktree-runtime-archive-20260812/prodigy-final-core/files/state/final_core/finalcore_ss_facebook_page_reference_s0_20260807/checkpoint/state_dict_2500.ckpt,1f36b6591001b4616df4499a7c686f4a15f62c69cb58e8dbeacfc38213478ff5,c52eedbda4ef0539387be507588f0477560fc57987270d62405daeda5fe6d92d,3072,128,edges_both,0.5177110036214193,0.5081380208333334,0.5011554968636514,4.653716087341309,0.002156787448459263,0.00390625,-0.010859882822346734,0.8235304355621338
original,twibot20,ss_facebook_page_reference,facebook_page_reference,True,/dataMeR1/phil/gfm/worktree-runtime-archive-20260812/prodigy-final-core/files/state/final_core/finalcore_ss_facebook_page_reference_s0_20260807/checkpoint/state_dict_2500.ckpt,1f36b6591001b4616df4499a7c686f4a15f62c69cb58e8dbeacfc38213478ff5,c52eedbda4ef0539387be507588f0477560fc57987270d62405daeda5fe6d92d,3072,128,center_zero_query,0.5071544647216797,0.4973958333333333,0.5187032418952618,3.37349534034729,-0.008399751451280357,-0.0068359375000000555,0.006687862209263762,-0.45669031143188477
original,twibot20,ss_midterm,midterm,True,/dataMeR1/phil/gfm/worktree-runtime-archive-20260812/prodigy-final-core/files/state/final_core/finalcore_ss_midterm_s0_20260807/checkpoint/state_dict_2500.ckpt,55a5d31025f33caafb8a31e0e8500b55502681c74175442b007af02f8303df67,c52eedbda4ef0539387be507588f0477560fc57987270d62405daeda5fe6d92d,3072,128,baseline,0.5385074615478516,0.521484375,0.5374449339207048,1.4751478433609009,0.0,0.0,0.0,0.0
original,twibot20,ss_midterm,midterm,True,/dataMeR1/phil/gfm/worktree-runtime-archive-20260812/prodigy-final-core/files/state/final_core/finalcore_ss_midterm_s0_20260807/checkpoint/state_dict_2500.ckpt,55a5d31025f33caafb8a31e0e8500b55502681c74175442b007af02f8303df67,c52eedbda4ef0539387be507588f0477560fc57987270d62405daeda5fe6d92d,3072,128,features_query,0.5065595838758681,0.501953125,0.49836065573770494,1.6663042306900024,-0.03194787767198348,-0.01953125,-0.039084278182999865,0.19115638732910156
original,twibot20,ss_midterm,midterm,True,/dataMeR1/phil/gfm/worktree-runtime-archive-20260812/prodigy-final-core/files/state/final_core/finalcore_ss_midterm_s0_20260807/checkpoint/state_dict_2500.ckpt,55a5d31025f33caafb8a31e0e8500b55502681c74175442b007af02f8303df67,c52eedbda4ef0539387be507588f0477560fc57987270d62405daeda5fe6d92d,3072,128,features_support,0.5255974663628472,0.5143229166666666,0.5149544863459038,1.9938541650772095,-0.012909995185004353,-0.00716145833333337,-0.02249044757480101,0.5187063217163086
original,twibot20,ss_midterm,midterm,True,/dataMeR1/phil/gfm/worktree-runtime-archive-20260812/prodigy-final-core/files/state/final_core/finalcore_ss_midterm_s0_20260807/checkpoint/state_dict_2500.ckpt,55a5d31025f33caafb8a31e0e8500b55502681c74175442b007af02f8303df67,c52eedbda4ef0539387be507588f0477560fc57987270d62405daeda5fe6d92d,3072,128,features_both,0.5194555918375651,0.505859375,0.5177890724269377,2.273693084716797,-0.019051869710286495,-0.015625,-0.01965586149376708,0.798545241355896
original,twibot20,ss_midterm,midterm,True,/dataMeR1/phil/gfm/worktree-runtime-archive-20260812/prodigy-final-core/files/state/final_core/finalcore_ss_midterm_s0_20260807/checkpoint/state_dict_2500.ckpt,55a5d31025f33caafb8a31e0e8500b55502681c74175442b007af02f8303df67,c52eedbda4ef0539387be507588f0477560fc57987270d62405daeda5fe6d92d,3072,128,edges_query,0.5195488399929471,0.5035807291666666,0.5544843704352906,1.521811604499817,-0.018958621554904465,-0.01790364583333337,0.017039436514585837,0.046663761138916016
original,twibot20,ss_midterm,midterm,True,/dataMeR1/phil/gfm/worktree-runtime-archive-20260812/prodigy-final-core/files/state/final_core/finalcore_ss_midterm_s0_20260807/checkpoint/state_dict_2500.ckpt,55a5d31025f33caafb8a31e0e8500b55502681c74175442b007af02f8303df67,c52eedbda4ef0539387be507588f0477560fc57987270d62405daeda5fe6d92d,3072,128,edges_support,0.5346755981445312,0.5286458333333334,0.5064758009543285,1.0321191549301147,-0.0038318634033203125,0.00716145833333337,-0.030969132966376267,-0.44302868843078613
original,twibot20,ss_midterm,midterm,True,/dataMeR1/phil/gfm/worktree-runtime-archive-20260812/prodigy-final-core/files/state/final_core/finalcore_ss_midterm_s0_20260807/checkpoint/state_dict_2500.ckpt,55a5d31025f33caafb8a31e0e8500b55502681c74175442b007af02f8303df67,c52eedbda4ef0539387be507588f0477560fc57987270d62405daeda5fe6d92d,3072,128,edges_both,0.5457229614257812,0.5296223958333334,0.5076660988074957,0.9703134894371033,0.0072154998779296875,0.00813802083333337,-0.029778835113209112,-0.5048343539237976
original,twibot20,ss_midterm,midterm,True,/dataMeR1/phil/gfm/worktree-runtime-archive-20260812/prodigy-final-core/files/state/final_core/finalcore_ss_midterm_s0_20260807/checkpoint/state_dict_2500.ckpt,55a5d31025f33caafb8a31e0e8500b55502681c74175442b007af02f8303df67,c52eedbda4ef0539387be507588f0477560fc57987270d62405daeda5fe6d92d,3072,128,center_zero_query,0.5393068525526259,0.5218098958333334,0.5213424568263278,1.4650293588638306,0.0007993910047743302,0.00032552083333337034,-0.016102477094376955,-0.010118484497070312
original,twibot20,ss_twibot20,twibot20,False,/dataMeR1/phil/gfm/worktree-runtime-archive-20260812/prodigy-final-core/files/state/final_core/finalcore_ss_twibot20_s0_20260807/checkpoint/state_dict_2500.ckpt,38fd5db6854999a613fa5bf5647ba23362f9c52afb0b45470d1ad01a75f6c429,c52eedbda4ef0539387be507588f0477560fc57987270d62405daeda5fe6d92d,3072,128,baseline,0.6227552625868056,0.5859375,0.5912596401028277,1.1045066118240356,0.0,0.0,0.0,0.0
original,twibot20,ss_twibot20,twibot20,False,/dataMeR1/phil/gfm/worktree-runtime-archive-20260812/prodigy-final-core/files/state/final_core/finalcore_ss_twibot20_s0_20260807/checkpoint/state_dict_2500.ckpt,38fd5db6854999a613fa5bf5647ba23362f9c52afb0b45470d1ad01a75f6c429,c52eedbda4ef0539387be507588f0477560fc57987270d62405daeda5fe6d92d,3072,128,features_query,0.5943934122721353,0.5706380208333334,0.5727243278263686,1.2661806344985962,-0.02836185031467031,-0.01529947916666663,-0.018535312276459104,0.16167402267456055
original,twibot20,ss_twibot20,twibot20,False,/dataMeR1/phil/gfm/worktree-runtime-archive-20260812/prodigy-final-core/files/state/final_core/finalcore_ss_twibot20_s0_20260807/checkpoint/state_dict_2500.ckpt,38fd5db6854999a613fa5bf5647ba23362f9c52afb0b45470d1ad01a75f6c429,c52eedbda4ef0539387be507588f0477560fc57987270d62405daeda5fe6d92d,3072,128,features_support,0.6046763526068794,0.5758463541666666,0.5914079648792725,1.4490842819213867,-0.018078909979926228,-0.01009114583333337,0.00014832477644477482,0.3445776700973511
original,twibot20,ss_twibot20,twibot20,False,/dataMeR1/phil/gfm/worktree-runtime-archive-20260812/prodigy-final-core/files/state/final_core/finalcore_ss_twibot20_s0_20260807/checkpoint/state_dict_2500.ckpt,38fd5db6854999a613fa5bf5647ba23362f9c52afb0b45470d1ad01a75f6c429,c52eedbda4ef0539387be507588f0477560fc57987270d62405daeda5fe6d92d,3072,128,features_both,0.5741367340087891,0.5517578125,0.5759162303664922,1.75396728515625,-0.04861852857801652,-0.0341796875,-0.015343409736335523,0.6494606733322144
original,twibot20,ss_twibot20,twibot20,False,/dataMeR1/phil/gfm/worktree-runtime-archive-20260812/prodigy-final-core/files/state/final_core/finalcore_ss_twibot20_s0_20260807/checkpoint/state_dict_2500.ckpt,38fd5db6854999a613fa5bf5647ba23362f9c52afb0b45470d1ad01a75f6c429,c52eedbda4ef0539387be507588f0477560fc57987270d62405daeda5fe6d92d,3072,128,edges_query,0.5838296678331163,0.5530598958333334,0.6028348278854498,1.1816189289093018,-0.038925594753689285,-0.03287760416666663,0.01157518778262212,0.07711231708526611
original,twibot20,ss_twibot20,twibot20,False,/dataMeR1/phil/gfm/worktree-runtime-archive-20260812/prodigy-final-core/files/state/final_core/finalcore_ss_twibot20_s0_20260807/checkpoint/state_dict_2500.ckpt,38fd5db6854999a613fa5bf5647ba23362f9c52afb0b45470d1ad01a75f6c429,c52eedbda4ef0539387be507588f0477560fc57987270d62405daeda5fe6d92d,3072,128,edges_support,0.5976448059082031,0.5696614583333334,0.5682560418027433,0.9731287360191345,-0.025110456678602455,-0.01627604166666663,-0.02300359830008447,-0.13137787580490112
original,twibot20,ss_twibot20,twibot20,False,/dataMeR1/phil/gfm/worktree-runtime-archive-20260812/prodigy-final-core/files/state/final_core/finalcore_ss_twibot20_s0_20260807/checkpoint/state_dict_2500.ckpt,38fd5db6854999a613fa5bf5647ba23362f9c52afb0b45470d1ad01a75f6c429,c52eedbda4ef0539387be507588f0477560fc57987270d62405daeda5fe6d92d,3072,128,edges_both,0.5956361558702257,0.5690104166666666,0.5748233782915864,0.9432957172393799,-0.02711910671657991,-0.01692708333333337,-0.01643626181124136,-0.16121089458465576
original,twibot20,ss_twibot20,twibot20,False,/dataMeR1/phil/gfm/worktree-runtime-archive-20260812/prodigy-final-core/files/state/final_core/finalcore_ss_twibot20_s0_20260807/checkpoint/state_dict_2500.ckpt,38fd5db6854999a613fa5bf5647ba23362f9c52afb0b45470d1ad01a75f6c429,c52eedbda4ef0539387be507588f0477560fc57987270d62405daeda5fe6d92d,3072,128,center_zero_query,0.6168899536132812,0.5872395833333334,0.6027568922305765,1.1087112426757812,-0.00586530897352433,0.0013020833333333703,0.01149725212774877,0.0042046308517456055
original,twibot20,ss_ukr_rus,ukr_rus,True,/dataMeR1/phil/gfm/worktree-runtime-archive-20260812/prodigy-final-core/files/state/final_core/finalcore_ss_ukr_rus_s0_20260807/checkpoint/state_dict_2500.ckpt,f203cc94aa624776407539869397b585cd3963892d2a2244bb38dfc386466693,c52eedbda4ef0539387be507588f0477560fc57987270d62405daeda5fe6d92d,3072,128,baseline,0.6355730692545573,0.6048177083333334,0.627835683629675,0.8777194023132324,0.0,0.0,0.0,0.0
original,twibot20,ss_ukr_rus,ukr_rus,True,/dataMeR1/phil/gfm/worktree-runtime-archive-20260812/prodigy-final-core/files/state/final_core/finalcore_ss_ukr_rus_s0_20260807/checkpoint/state_dict_2500.ckpt,f203cc94aa624776407539869397b585cd3963892d2a2244bb38dfc386466693,c52eedbda4ef0539387be507588f0477560fc57987270d62405daeda5fe6d92d,3072,128,features_query,0.5803508758544922,0.5553385416666666,0.5883062085593731,1.0566411018371582,-0.05522219340006507,-0.04947916666666674,-0.03952947507030191,0.17892169952392578
original,twibot20,ss_ukr_rus,ukr_rus,True,/dataMeR1/phil/gfm/worktree-runtime-archive-20260812/prodigy-final-core/files/state/final_core/finalcore_ss_ukr_rus_s0_20260807/checkpoint/state_dict_2500.ckpt,f203cc94aa624776407539869397b585cd3963892d2a2244bb38dfc386466693,c52eedbda4ef0539387be507588f0477560fc57987270d62405daeda5fe6d92d,3072,128,features_support,0.5855098300509983,0.5712890625,0.5674876847290641,1.2650395631790161,-0.05006323920355893,-0.03352864583333337,-0.06034799890061093,0.3873201608657837
original,twibot20,ss_ukr_rus,ukr_rus,True,/dataMeR1/phil/gfm/worktree-runtime-archive-20260812/prodigy-final-core/files/state/final_core/finalcore_ss_ukr_rus_s0_20260807/checkpoint/state_dict_2500.ckpt,f203cc94aa624776407539869397b585cd3963892d2a2244bb38dfc386466693,c52eedbda4ef0539387be507588f0477560fc57987270d62405daeda5fe6d92d,3072,128,features_both,0.5621774461534288,0.5530598958333334,0.5681031770997169,1.378808617591858,-0.07339562310112846,-0.0517578125,-0.059732506529958096,0.5010892152786255
original,twibot20,ss_ukr_rus,ukr_rus,True,/dataMeR1/phil/gfm/worktree-runtime-archive-20260812/prodigy-final-core/files/state/final_core/finalcore_ss_ukr_rus_s0_20260807/checkpoint/state_dict_2500.ckpt,f203cc94aa624776407539869397b585cd3963892d2a2244bb38dfc386466693,c52eedbda4ef0539387be507588f0477560fc57987270d62405daeda5fe6d92d,3072,128,edges_query,0.5708902147081163,0.5432942708333334,0.6192672998643148,1.0252654552459717,-0.06468285454644096,-0.0615234375,-0.008568383765360177,0.14754605293273926
original,twibot20,ss_ukr_rus,ukr_rus,True,/dataMeR1/phil/gfm/worktree-runtime-archive-20260812/prodigy-final-core/files/state/final_core/finalcore_ss_ukr_rus_s0_20260807/checkpoint/state_dict_2500.ckpt,f203cc94aa624776407539869397b585cd3963892d2a2244bb38dfc386466693,c52eedbda4ef0539387be507588f0477560fc57987270d62405daeda5fe6d92d,3072,128,edges_support,0.5799005296495225,0.5540364583333334,0.5540364583333334,0.8754370808601379,-0.05567253960503471,-0.05078125,-0.07379922529634164,-0.0022823214530944824
original,twibot20,ss_ukr_rus,ukr_rus,True,/dataMeR1/phil/gfm/worktree-runtime-archive-20260812/prodigy-final-core/files/state/final_core/finalcore_ss_ukr_rus_s0_20260807/checkpoint/state_dict_2500.ckpt,f203cc94aa624776407539869397b585cd3963892d2a2244bb38dfc386466693,c52eedbda4ef0539387be507588f0477560fc57987270d62405daeda5fe6d92d,3072,128,edges_both,0.5719045003255208,0.5533854166666666,0.5622208040842374,0.8692443370819092,-0.0636685689290365,-0.05143229166666674,-0.06561487954543765,-0.008475065231323242
original,twibot20,ss_ukr_rus,ukr_rus,True,/dataMeR1/phil/gfm/worktree-runtime-archive-20260812/prodigy-final-core/files/state/final_core/finalcore_ss_ukr_rus_s0_20260807/checkpoint/state_dict_2500.ckpt,f203cc94aa624776407539869397b585cd3963892d2a2244bb38dfc386466693,c52eedbda4ef0539387be507588f0477560fc57987270d62405daeda5fe6d92d,3072,128,center_zero_query,0.6388087802463107,0.607421875,0.6311926605504588,0.8852863311767578,0.00323571099175346,0.0026041666666666297,0.0033569769207837385,0.007566928863525391
original,twibot20,ss_ukr_rus_suspended,ukr_rus_suspended,True,/dataMeR1/phil/gfm/worktree-runtime-archive-20260812/prodigy-final-core/files/state/final_core/finalcore_ss_ukr_rus_suspended_s0_20260807/checkpoint/state_dict_2500.ckpt,7ec514855df19a4a47666ee0a92ecadb7fb1d943875490aceee9923d5ec06ee6,c52eedbda4ef0539387be507588f0477560fc57987270d62405daeda5fe6d92d,3072,128,baseline,0.6220957438151041,0.5908203125,0.6109563602599815,0.8233452439308167,0.0,0.0,0.0,0.0
original,twibot20,ss_ukr_rus_suspended,ukr_rus_suspended,True,/dataMeR1/phil/gfm/worktree-runtime-archive-20260812/prodigy-final-core/files/state/final_core/finalcore_ss_ukr_rus_suspended_s0_20260807/checkpoint/state_dict_2500.ckpt,7ec514855df19a4a47666ee0a92ecadb7fb1d943875490aceee9923d5ec06ee6,c52eedbda4ef0539387be507588f0477560fc57987270d62405daeda5fe6d92d,3072,128,features_query,0.5587885114881728,0.5364583333333334,0.5522012578616352,1.0117090940475464,-0.06330723232693136,-0.05436197916666663,-0.05875510239834625,0.18836385011672974
original,twibot20,ss_ukr_rus_suspended,ukr_rus_suspended,True,/dataMeR1/phil/gfm/worktree-runtime-archive-20260812/prodigy-final-core/files/state/final_core/finalcore_ss_ukr_rus_suspended_s0_20260807/checkpoint/state_dict_2500.ckpt,7ec514855df19a4a47666ee0a92ecadb7fb1d943875490aceee9923d5ec06ee6,c52eedbda4ef0539387be507588f0477560fc57987270d62405daeda5fe6d92d,3072,128,features_support,0.5711394415961372,0.546875,0.5600505689001264,1.371777892112732,-0.050956302218966965,-0.0439453125,-0.05090579135985507,0.5484326481819153
original,twibot20,ss_ukr_rus_suspended,ukr_rus_suspended,True,/dataMeR1/phil/gfm/worktree-runtime-archive-20260812/prodigy-final-core/files/state/final_core/finalcore_ss_ukr_rus_suspended_s0_20260807/checkpoint/state_dict_2500.ckpt,7ec514855df19a4a47666ee0a92ecadb7fb1d943875490aceee9923d5ec06ee6,c52eedbda4ef0539387be507588f0477560fc57987270d62405daeda5fe6d92d,3072,128,features_both,0.544478522406684,0.5299479166666666,0.5371794871794872,1.6963359117507935,-0.07761722140842009,-0.06087239583333337,-0.0737768730804943,0.8729906678199768
original,twibot20,ss_ukr_rus_suspended,ukr_rus_suspended,True,/dataMeR1/phil/gfm/worktree-runtime-archive-20260812/prodigy-final-core/files/state/final_core/finalcore_ss_ukr_rus_suspended_s0_20260807/checkpoint/state_dict_2500.ckpt,7ec514855df19a4a47666ee0a92ecadb7fb1d943875490aceee9923d5ec06ee6,c52eedbda4ef0539387be507588f0477560fc57987270d62405daeda5fe6d92d,3072,128,edges_query,0.5274522569444445,0.5159505208333334,0.6264757598593318,1.0996958017349243,-0.0946434868706596,-0.07486979166666663,0.015519399599350336,0.27635055780410767
original,twibot20,ss_ukr_rus_suspended,ukr_rus_suspended,True,/dataMeR1/phil/gfm/worktree-runtime-archive-20260812/prodigy-final-core/files/state/final_core/finalcore_ss_ukr_rus_suspended_s0_20260807/checkpoint/state_dict_2500.ckpt,7ec514855df19a4a47666ee0a92ecadb7fb1d943875490aceee9923d5ec06ee6,c52eedbda4ef0539387be507588f0477560fc57987270d62405daeda5fe6d92d,3072,128,edges_support,0.5491180419921875,0.5377604166666666,0.5341207349081365,0.7903802990913391,-0.07297770182291663,-0.05305989583333337,-0.07683562535184496,-0.03296494483947754
original,twibot20,ss_ukr_rus_suspended,ukr_rus_suspended,True,/dataMeR1/phil/gfm/worktree-runtime-archive-20260812/prodigy-final-core/files/state/final_core/finalcore_ss_ukr_rus_suspended_s0_20260807/checkpoint/state_dict_2500.ckpt,7ec514855df19a4a47666ee0a92ecadb7fb1d943875490aceee9923d5ec06ee6,c52eedbda4ef0539387be507588f0477560fc57987270d62405daeda5fe6d92d,3072,128,edges_both,0.5651503668891059,0.5485026041666666,0.5138450753592709,0.7325612902641296,-0.056945376925998215,-0.04231770833333337,-0.09711128490071053,-0.09078395366668701
original,twibot20,ss_ukr_rus_suspended,ukr_rus_suspended,True,/dataMeR1/phil/gfm/worktree-runtime-archive-20260812/prodigy-final-core/files/state/final_core/finalcore_ss_ukr_rus_suspended_s0_20260807/checkpoint/state_dict_2500.ckpt,7ec514855df19a4a47666ee0a92ecadb7fb1d943875490aceee9923d5ec06ee6,c52eedbda4ef0539387be507588f0477560fc57987270d62405daeda5fe6d92d,3072,128,center_zero_query,0.6256446838378906,0.5908203125,0.5760539629005059,0.7747573852539062,0.0035489400227864953,0.0,-0.034902397359475534,-0.0485878586769104
original,ukr_rus_suspended,ss_covid,covid,True,/dataMeR1/phil/gfm/worktree-runtime-archive-20260812/prodigy-final-core/files/state/final_core/finalcore_ss_covid_s0_20260807/checkpoint/state_dict_2500.ckpt,030f1710751dce3603f70a538b23389694cf40e4359d020e78416af93c2e5d6c,c4b969d4c4f558104e8052335698b2ea62a3f94fa5af7e021a7bf0d46e2e3347,256,128,baseline,0.49700927734375,0.50390625,0.4980237154150198,0.8697530627250671,0.0,0.0,0.0,0.0
original,ukr_rus_suspended,ss_covid,covid,True,/dataMeR1/phil/gfm/worktree-runtime-archive-20260812/prodigy-final-core/files/state/final_core/finalcore_ss_covid_s0_20260807/checkpoint/state_dict_2500.ckpt,030f1710751dce3603f70a538b23389694cf40e4359d020e78416af93c2e5d6c,c4b969d4c4f558104e8052335698b2ea62a3f94fa5af7e021a7bf0d46e2e3347,256,128,features_query,0.49688720703125,0.49609375,0.47346938775510206,1.0743614435195923,-0.0001220703125,-0.0078125,-0.02455432765991772,0.20460838079452515
original,ukr_rus_suspended,ss_covid,covid,True,/dataMeR1/phil/gfm/worktree-runtime-archive-20260812/prodigy-final-core/files/state/final_core/finalcore_ss_covid_s0_20260807/checkpoint/state_dict_2500.ckpt,030f1710751dce3603f70a538b23389694cf40e4359d020e78416af93c2e5d6c,c4b969d4c4f558104e8052335698b2ea62a3f94fa5af7e021a7bf0d46e2e3347,256,128,features_support,0.46240234375,0.47265625,0.4827586206896552,1.492057204246521,-0.03460693359375,-0.03125,-0.01526509472536458,0.6223041415214539
original,ukr_rus_suspended,ss_covid,covid,True,/dataMeR1/phil/gfm/worktree-runtime-archive-20260812/prodigy-final-core/files/state/final_core/finalcore_ss_covid_s0_20260807/checkpoint/state_dict_2500.ckpt,030f1710751dce3603f70a538b23389694cf40e4359d020e78416af93c2e5d6c,c4b969d4c4f558104e8052335698b2ea62a3f94fa5af7e021a7bf0d46e2e3347,256,128,features_both,0.46319580078125,0.46875,0.4728682170542636,2.105172634124756,-0.0338134765625,-0.03515625,-0.0251554983607562,1.2354195713996887
original,ukr_rus_suspended,ss_covid,covid,True,/dataMeR1/phil/gfm/worktree-runtime-archive-20260812/prodigy-final-core/files/state/final_core/finalcore_ss_covid_s0_20260807/checkpoint/state_dict_2500.ckpt,030f1710751dce3603f70a538b23389694cf40e4359d020e78416af93c2e5d6c,c4b969d4c4f558104e8052335698b2ea62a3f94fa5af7e021a7bf0d46e2e3347,256,128,edges_query,0.505615234375,0.51171875,0.5136186770428015,0.8863343000411987,0.00860595703125,0.0078125,0.015594961627781734,0.016581237316131592
original,ukr_rus_suspended,ss_covid,covid,True,/dataMeR1/phil/gfm/worktree-runtime-archive-20260812/prodigy-final-core/files/state/final_core/finalcore_ss_covid_s0_20260807/checkpoint/state_dict_2500.ckpt,030f1710751dce3603f70a538b23389694cf40e4359d020e78416af93c2e5d6c,c4b969d4c4f558104e8052335698b2ea62a3f94fa5af7e021a7bf0d46e2e3347,256,128,edges_support,0.49920654296875,0.515625,0.5267175572519084,0.8403387069702148,0.002197265625,0.01171875,0.02869384183688861,-0.029414355754852295
original,ukr_rus_suspended,ss_covid,covid,True,/dataMeR1/phil/gfm/worktree-runtime-archive-20260812/prodigy-final-core/files/state/final_core/finalcore_ss_covid_s0_20260807/checkpoint/state_dict_2500.ckpt,030f1710751dce3603f70a538b23389694cf40e4359d020e78416af93c2e5d6c,c4b969d4c4f558104e8052335698b2ea62a3f94fa5af7e021a7bf0d46e2e3347,256,128,edges_both,0.49365234375,0.51953125,0.5138339920948617,0.8556138873100281,-0.00335693359375,0.015625,0.015810276679841917,-0.014139175415039062
original,ukr_rus_suspended,ss_covid,covid,True,/dataMeR1/phil/gfm/worktree-runtime-archive-20260812/prodigy-final-core/files/state/final_core/finalcore_ss_covid_s0_20260807/checkpoint/state_dict_2500.ckpt,030f1710751dce3603f70a538b23389694cf40e4359d020e78416af93c2e5d6c,c4b969d4c4f558104e8052335698b2ea62a3f94fa5af7e021a7bf0d46e2e3347,256,128,center_zero_query,0.52667236328125,0.51953125,0.5176470588235295,0.840049684047699,0.0296630859375,0.015625,0.019623343408509686,-0.029703378677368164
original,ukr_rus_suspended,ss_covid_political,covid_political,True,/dataMeR1/phil/gfm/worktree-runtime-archive-20260812/prodigy-final-core/files/state/final_core/finalcore_ss_covid_political_s0_20260807/checkpoint/state_dict_2500.ckpt,8e6516ca9c865f744c15bf968a2c113e2bba43eeee0be9adcb67a00673b9595b,c4b969d4c4f558104e8052335698b2ea62a3f94fa5af7e021a7bf0d46e2e3347,256,128,baseline,0.52362060546875,0.51171875,0.5283018867924528,0.7869718074798584,0.0,0.0,0.0,0.0
original,ukr_rus_suspended,ss_covid_political,covid_political,True,/dataMeR1/phil/gfm/worktree-runtime-archive-20260812/prodigy-final-core/files/state/final_core/finalcore_ss_covid_political_s0_20260807/checkpoint/state_dict_2500.ckpt,8e6516ca9c865f744c15bf968a2c113e2bba43eeee0be9adcb67a00673b9595b,c4b969d4c4f558104e8052335698b2ea62a3f94fa5af7e021a7bf0d46e2e3347,256,128,features_query,0.50030517578125,0.50390625,0.5171102661596958,0.8863797187805176,-0.0233154296875,-0.0078125,-0.011191620632757027,0.09940791130065918
original,ukr_rus_suspended,ss_covid_political,covid_political,True,/dataMeR1/phil/gfm/worktree-runtime-archive-20260812/prodigy-final-core/files/state/final_core/finalcore_ss_covid_political_s0_20260807/checkpoint/state_dict_2500.ckpt,8e6516ca9c865f744c15bf968a2c113e2bba43eeee0be9adcb67a00673b9595b,c4b969d4c4f558104e8052335698b2ea62a3f94fa5af7e021a7bf0d46e2e3347,256,128,features_support,0.47930908203125,0.48828125,0.46963562753036436,0.8899343013763428,-0.0443115234375,-0.0234375,-0.05866625926208846,0.10296249389648438
original,ukr_rus_suspended,ss_covid_political,covid_political,True,/dataMeR1/phil/gfm/worktree-runtime-archive-20260812/prodigy-final-core/files/state/final_core/finalcore_ss_covid_political_s0_20260807/checkpoint/state_dict_2500.ckpt,8e6516ca9c865f744c15bf968a2c113e2bba43eeee0be9adcb67a00673b9595b,c4b969d4c4f558104e8052335698b2ea62a3f94fa5af7e021a7bf0d46e2e3347,256,128,features_both,0.4947509765625,0.51171875,0.5173745173745173,0.8967068195343018,-0.02886962890625,0.0,-0.010927369417935484,0.10973501205444336
original,ukr_rus_suspended,ss_covid_political,covid_political,True,/dataMeR1/phil/gfm/worktree-runtime-archive-20260812/prodigy-final-core/files/state/final_core/finalcore_ss_covid_political_s0_20260807/checkpoint/state_dict_2500.ckpt,8e6516ca9c865f744c15bf968a2c113e2bba43eeee0be9adcb67a00673b9595b,c4b969d4c4f558104e8052335698b2ea62a3f94fa5af7e021a7bf0d46e2e3347,256,128,edges_query,0.50103759765625,0.47265625,0.4866920152091255,0.8535041213035583,-0.0225830078125,-0.0390625,-0.04160987158332735,0.06653231382369995
original,ukr_rus_suspended,ss_covid_political,covid_political,True,/dataMeR1/phil/gfm/worktree-runtime-archive-20260812/prodigy-final-core/files/state/final_core/finalcore_ss_covid_political_s0_20260807/checkpoint/state_dict_2500.ckpt,8e6516ca9c865f744c15bf968a2c113e2bba43eeee0be9adcb67a00673b9595b,c4b969d4c4f558104e8052335698b2ea62a3f94fa5af7e021a7bf0d46e2e3347,256,128,edges_support,0.50091552734375,0.5078125,0.5,0.9043847322463989,-0.022705078125,-0.00390625,-0.028301886792452824,0.11741292476654053
original,ukr_rus_suspended,ss_covid_political,covid_political,True,/dataMeR1/phil/gfm/worktree-runtime-archive-20260812/prodigy-final-core/files/state/final_core/finalcore_ss_covid_political_s0_20260807/checkpoint/state_dict_2500.ckpt,8e6516ca9c865f744c15bf968a2c113e2bba43eeee0be9adcb67a00673b9595b,c4b969d4c4f558104e8052335698b2ea62a3f94fa5af7e021a7bf0d46e2e3347,256,128,edges_both,0.488037109375,0.51171875,0.5247148288973384,0.9948698282241821,-0.03558349609375,0.0,-0.003587057895114376,0.20789802074432373
original,ukr_rus_suspended,ss_covid_political,covid_political,True,/dataMeR1/phil/gfm/worktree-runtime-archive-20260812/prodigy-final-core/files/state/final_core/finalcore_ss_covid_political_s0_20260807/checkpoint/state_dict_2500.ckpt,8e6516ca9c865f744c15bf968a2c113e2bba43eeee0be9adcb67a00673b9595b,c4b969d4c4f558104e8052335698b2ea62a3f94fa5af7e021a7bf0d46e2e3347,256,128,center_zero_query,0.5030517578125,0.48828125,0.47808764940239046,0.7469625473022461,-0.02056884765625,-0.0234375,-0.050214237390062366,-0.040009260177612305
original,ukr_rus_suspended,ss_cp_hk,cp_hk,True,/dataMeR1/phil/gfm/worktree-runtime-archive-20260812/prodigy-final-core/files/state/final_core/finalcore_ss_cp_hk_s0_20260807/checkpoint/state_dict_2500.ckpt,e1b049709343d31a4897ec32108ac25abd446223f63e964474d7fcc2c7f47390,c4b969d4c4f558104e8052335698b2ea62a3f94fa5af7e021a7bf0d46e2e3347,256,128,baseline,0.46270751953125,0.43359375,0.45692883895131087,1.0137860774993896,0.0,0.0,0.0,0.0
original,ukr_rus_suspended,ss_cp_hk,cp_hk,True,/dataMeR1/phil/gfm/worktree-runtime-archive-20260812/prodigy-final-core/files/state/final_core/finalcore_ss_cp_hk_s0_20260807/checkpoint/state_dict_2500.ckpt,e1b049709343d31a4897ec32108ac25abd446223f63e964474d7fcc2c7f47390,c4b969d4c4f558104e8052335698b2ea62a3f94fa5af7e021a7bf0d46e2e3347,256,128,features_query,0.45220947265625,0.44921875,0.4470588235294118,1.0839974880218506,-0.010498046875,0.015625,-0.009870015421899081,0.07021141052246094
original,ukr_rus_suspended,ss_cp_hk,cp_hk,True,/dataMeR1/phil/gfm/worktree-runtime-archive-20260812/prodigy-final-core/files/state/final_core/finalcore_ss_cp_hk_s0_20260807/checkpoint/state_dict_2500.ckpt,e1b049709343d31a4897ec32108ac25abd446223f63e964474d7fcc2c7f47390,c4b969d4c4f558104e8052335698b2ea62a3f94fa5af7e021a7bf0d46e2e3347,256,128,features_support,0.474609375,0.47265625,0.47876447876447875,1.3975906372070312,0.01190185546875,0.0390625,0.021835639813167884,0.3838045597076416
original,ukr_rus_suspended,ss_cp_hk,cp_hk,True,/dataMeR1/phil/gfm/worktree-runtime-archive-20260812/prodigy-final-core/files/state/final_core/finalcore_ss_cp_hk_s0_20260807/checkpoint/state_dict_2500.ckpt,e1b049709343d31a4897ec32108ac25abd446223f63e964474d7fcc2c7f47390,c4b969d4c4f558104e8052335698b2ea62a3f94fa5af7e021a7bf0d46e2e3347,256,128,features_both,0.47003173828125,0.484375,0.472,1.6596839427947998,0.00732421875,0.05078125,0.015071161048689108,0.6458978652954102
original,ukr_rus_suspended,ss_cp_hk,cp_hk,True,/dataMeR1/phil/gfm/worktree-runtime-archive-20260812/prodigy-final-core/files/state/final_core/finalcore_ss_cp_hk_s0_20260807/checkpoint/state_dict_2500.ckpt,e1b049709343d31a4897ec32108ac25abd446223f63e964474d7fcc2c7f47390,c4b969d4c4f558104e8052335698b2ea62a3f94fa5af7e021a7bf0d46e2e3347,256,128,edges_query,0.46270751953125,0.453125,0.48148148148148145,0.9090540409088135,0.0,0.01953125,0.024552642530170588,-0.10473203659057617
original,ukr_rus_suspended,ss_cp_hk,cp_hk,True,/dataMeR1/phil/gfm/worktree-runtime-archive-20260812/prodigy-final-core/files/state/final_core/finalcore_ss_cp_hk_s0_20260807/checkpoint/state_dict_2500.ckpt,e1b049709343d31a4897ec32108ac25abd446223f63e964474d7fcc2c7f47390,c4b969d4c4f558104e8052335698b2ea62a3f94fa5af7e021a7bf0d46e2e3347,256,128,edges_support,0.4478759765625,0.4609375,0.4566929133858268,0.7993303537368774,-0.01483154296875,0.02734375,-0.00023592556548407417,-0.2144557237625122
original,ukr_rus_suspended,ss_cp_hk,cp_hk,True,/dataMeR1/phil/gfm/worktree-runtime-archive-20260812/prodigy-final-core/files/state/final_core/finalcore_ss_cp_hk_s0_20260807/checkpoint/state_dict_2500.ckpt,e1b049709343d31a4897ec32108ac25abd446223f63e964474d7fcc2c7f47390,c4b969d4c4f558104e8052335698b2ea62a3f94fa5af7e021a7bf0d46e2e3347,256,128,edges_both,0.46856689453125,0.48828125,0.47808764940239046,0.7437787652015686,0.005859375,0.0546875,0.02115881045107959,-0.27000731229782104
original,ukr_rus_suspended,ss_cp_hk,cp_hk,True,/dataMeR1/phil/gfm/worktree-runtime-archive-20260812/prodigy-final-core/files/state/final_core/finalcore_ss_cp_hk_s0_20260807/checkpoint/state_dict_2500.ckpt,e1b049709343d31a4897ec32108ac25abd446223f63e964474d7fcc2c7f47390,c4b969d4c4f558104e8052335698b2ea62a3f94fa5af7e021a7bf0d46e2e3347,256,128,center_zero_query,0.4847412109375,0.49609375,0.5019305019305019,1.0154656171798706,0.02203369140625,0.0625,0.04500166297919106,0.001679539680480957
original,ukr_rus_suspended,ss_election2020,election2020,True,/dataMeR1/phil/gfm/worktree-runtime-archive-20260812/prodigy-final-core/files/state/final_core/finalcore_ss_election2020_s0_20260807/checkpoint/state_dict_2500.ckpt,90baf3b1a12d5fa06bed5b0ea26543f1a18fad091c152bb0eada7ccf064382d3,c4b969d4c4f558104e8052335698b2ea62a3f94fa5af7e021a7bf0d46e2e3347,256,128,baseline,0.4840087890625,0.48046875,0.45267489711934156,0.756825864315033,0.0,0.0,0.0,0.0
original,ukr_rus_suspended,ss_election2020,election2020,True,/dataMeR1/phil/gfm/worktree-runtime-archive-20260812/prodigy-final-core/files/state/final_core/finalcore_ss_election2020_s0_20260807/checkpoint/state_dict_2500.ckpt,90baf3b1a12d5fa06bed5b0ea26543f1a18fad091c152bb0eada7ccf064382d3,c4b969d4c4f558104e8052335698b2ea62a3f94fa5af7e021a7bf0d46e2e3347,256,128,features_query,0.5032958984375,0.49609375,0.47346938775510206,0.7756114602088928,0.019287109375,0.015625,0.0207944906357605,0.018785595893859863
original,ukr_rus_suspended,ss_election2020,election2020,True,/dataMeR1/phil/gfm/worktree-runtime-archive-20260812/prodigy-final-core/files/state/final_core/finalcore_ss_election2020_s0_20260807/checkpoint/state_dict_2500.ckpt,90baf3b1a12d5fa06bed5b0ea26543f1a18fad091c152bb0eada7ccf064382d3,c4b969d4c4f558104e8052335698b2ea62a3f94fa5af7e021a7bf0d46e2e3347,256,128,features_support,0.467529296875,0.45703125,0.483271375464684,0.8736986517906189,-0.0164794921875,-0.0234375,0.03059647834534246,0.11687278747558594
original,ukr_rus_suspended,ss_election2020,election2020,True,/dataMeR1/phil/gfm/worktree-runtime-archive-20260812/prodigy-final-core/files/state/final_core/finalcore_ss_election2020_s0_20260807/checkpoint/state_dict_2500.ckpt,90baf3b1a12d5fa06bed5b0ea26543f1a18fad091c152bb0eada7ccf064382d3,c4b969d4c4f558104e8052335698b2ea62a3f94fa5af7e021a7bf0d46e2e3347,256,128,features_both,0.49169921875,0.48046875,0.46153846153846156,0.9712647795677185,0.0076904296875,0.0,0.008863564419120007,0.21443891525268555
original,ukr_rus_suspended,ss_election2020,election2020,True,/dataMeR1/phil/gfm/worktree-runtime-archive-20260812/prodigy-final-core/files/state/final_core/finalcore_ss_election2020_s0_20260807/checkpoint/state_dict_2500.ckpt,90baf3b1a12d5fa06bed5b0ea26543f1a18fad091c152bb0eada7ccf064382d3,c4b969d4c4f558104e8052335698b2ea62a3f94fa5af7e021a7bf0d46e2e3347,256,128,edges_query,0.496826171875,0.484375,0.45901639344262296,0.7640722990036011,0.0128173828125,0.00390625,0.006341496323281404,0.007246434688568115
original,ukr_rus_suspended,ss_election2020,election2020,True,/dataMeR1/phil/gfm/worktree-runtime-archive-20260812/prodigy-final-core/files/state/final_core/finalcore_ss_election2020_s0_20260807/checkpoint/state_dict_2500.ckpt,90baf3b1a12d5fa06bed5b0ea26543f1a18fad091c152bb0eada7ccf064382d3,c4b969d4c4f558104e8052335698b2ea62a3f94fa5af7e021a7bf0d46e2e3347,256,128,edges_support,0.49713134765625,0.50390625,0.4641350210970464,0.7560696601867676,0.01312255859375,0.0234375,0.01146012397770485,-0.0007562041282653809
original,ukr_rus_suspended,ss_election2020,election2020,True,/dataMeR1/phil/gfm/worktree-runtime-archive-20260812/prodigy-final-core/files/state/final_core/finalcore_ss_election2020_s0_20260807/checkpoint/state_dict_2500.ckpt,90baf3b1a12d5fa06bed5b0ea26543f1a18fad091c152bb0eada7ccf064382d3,c4b969d4c4f558104e8052335698b2ea62a3f94fa5af7e021a7bf0d46e2e3347,256,128,edges_both,0.5057373046875,0.52734375,0.5061224489795918,0.7583507299423218,0.021728515625,0.046875,0.05344755186025024,0.0015248656272888184
original,ukr_rus_suspended,ss_election2020,election2020,True,/dataMeR1/phil/gfm/worktree-runtime-archive-20260812/prodigy-final-core/files/state/final_core/finalcore_ss_election2020_s0_20260807/checkpoint/state_dict_2500.ckpt,90baf3b1a12d5fa06bed5b0ea26543f1a18fad091c152bb0eada7ccf064382d3,c4b969d4c4f558104e8052335698b2ea62a3f94fa5af7e021a7bf0d46e2e3347,256,128,center_zero_query,0.47625732421875,0.48828125,0.4942084942084942,0.7361272573471069,-0.00775146484375,0.0078125,0.04153359708915266,-0.020698606967926025
original,ukr_rus_suspended,ss_facebook_page_reference,facebook_page_reference,True,/dataMeR1/phil/gfm/worktree-runtime-archive-20260812/prodigy-final-core/files/state/final_core/finalcore_ss_facebook_page_reference_s0_20260807/checkpoint/state_dict_2500.ckpt,1f36b6591001b4616df4499a7c686f4a15f62c69cb58e8dbeacfc38213478ff5,c4b969d4c4f558104e8052335698b2ea62a3f94fa5af7e021a7bf0d46e2e3347,256,128,baseline,0.474273681640625,0.50390625,0.5096525096525096,4.446539402008057,0.0,0.0,0.0,0.0
original,ukr_rus_suspended,ss_facebook_page_reference,facebook_page_reference,True,/dataMeR1/phil/gfm/worktree-runtime-archive-20260812/prodigy-final-core/files/state/final_core/finalcore_ss_facebook_page_reference_s0_20260807/checkpoint/state_dict_2500.ckpt,1f36b6591001b4616df4499a7c686f4a15f62c69cb58e8dbeacfc38213478ff5,c4b969d4c4f558104e8052335698b2ea62a3f94fa5af7e021a7bf0d46e2e3347,256,128,features_query,0.4881591796875,0.515625,0.5338345864661654,3.987029552459717,0.013885498046875,0.01171875,0.024182076813655806,-0.45950984954833984
original,ukr_rus_suspended,ss_facebook_page_reference,facebook_page_reference,True,/dataMeR1/phil/gfm/worktree-runtime-archive-20260812/prodigy-final-core/files/state/final_core/finalcore_ss_facebook_page_reference_s0_20260807/checkpoint/state_dict_2500.ckpt,1f36b6591001b4616df4499a7c686f4a15f62c69cb58e8dbeacfc38213478ff5,c4b969d4c4f558104e8052335698b2ea62a3f94fa5af7e021a7bf0d46e2e3347,256,128,features_support,0.476348876953125,0.50390625,0.4730290456431535,2.4552059173583984,0.0020751953125,0.0,-0.03662346400935612,-1.9913334846496582
original,ukr_rus_suspended,ss_facebook_page_reference,facebook_page_reference,True,/dataMeR1/phil/gfm/worktree-runtime-archive-20260812/prodigy-final-core/files/state/final_core/finalcore_ss_facebook_page_reference_s0_20260807/checkpoint/state_dict_2500.ckpt,1f36b6591001b4616df4499a7c686f4a15f62c69cb58e8dbeacfc38213478ff5,c4b969d4c4f558104e8052335698b2ea62a3f94fa5af7e021a7bf0d46e2e3347,256,128,features_both,0.563568115234375,0.5625,0.5555555555555556,2.165698528289795,0.08929443359375,0.05859375,0.04590304590304595,-2.2808408737182617
original,ukr_rus_suspended,ss_facebook_page_reference,facebook_page_reference,True,/dataMeR1/phil/gfm/worktree-runtime-archive-20260812/prodigy-final-core/files/state/final_core/finalcore_ss_facebook_page_reference_s0_20260807/checkpoint/state_dict_2500.ckpt,1f36b6591001b4616df4499a7c686f4a15f62c69cb58e8dbeacfc38213478ff5,c4b969d4c4f558104e8052335698b2ea62a3f94fa5af7e021a7bf0d46e2e3347,256,128,edges_query,0.4862060546875,0.51171875,0.5247148288973384,4.599523067474365,0.011932373046875,0.0078125,0.015062319244828815,0.1529836654663086
original,ukr_rus_suspended,ss_facebook_page_reference,facebook_page_reference,True,/dataMeR1/phil/gfm/worktree-runtime-archive-20260812/prodigy-final-core/files/state/final_core/finalcore_ss_facebook_page_reference_s0_20260807/checkpoint/state_dict_2500.ckpt,1f36b6591001b4616df4499a7c686f4a15f62c69cb58e8dbeacfc38213478ff5,c4b969d4c4f558104e8052335698b2ea62a3f94fa5af7e021a7bf0d46e2e3347,256,128,edges_support,0.48907470703125,0.53125,0.5161290322580645,4.106190204620361,0.014801025390625,0.02734375,0.006476522605554869,-0.3403491973876953
original,ukr_rus_suspended,ss_facebook_page_reference,facebook_page_reference,True,/dataMeR1/phil/gfm/worktree-runtime-archive-20260812/prodigy-final-core/files/state/final_core/finalcore_ss_facebook_page_reference_s0_20260807/checkpoint/state_dict_2500.ckpt,1f36b6591001b4616df4499a7c686f4a15f62c69cb58e8dbeacfc38213478ff5,c4b969d4c4f558104e8052335698b2ea62a3f94fa5af7e021a7bf0d46e2e3347,256,128,edges_both,0.49468994140625,0.5234375,0.5307692307692308,4.740627765655518,0.020416259765625,0.01953125,0.021116721116721138,0.29408836364746094
original,ukr_rus_suspended,ss_facebook_page_reference,facebook_page_reference,True,/dataMeR1/phil/gfm/worktree-runtime-archive-20260812/prodigy-final-core/files/state/final_core/finalcore_ss_facebook_page_reference_s0_20260807/checkpoint/state_dict_2500.ckpt,1f36b6591001b4616df4499a7c686f4a15f62c69cb58e8dbeacfc38213478ff5,c4b969d4c4f558104e8052335698b2ea62a3f94fa5af7e021a7bf0d46e2e3347,256,128,center_zero_query,0.461273193359375,0.484375,0.472,3.6887094974517822,-0.01300048828125,-0.01953125,-0.03765250965250966,-0.7578299045562744
original,ukr_rus_suspended,ss_midterm,midterm,True,/dataMeR1/phil/gfm/worktree-runtime-archive-20260812/prodigy-final-core/files/state/final_core/finalcore_ss_midterm_s0_20260807/checkpoint/state_dict_2500.ckpt,55a5d31025f33caafb8a31e0e8500b55502681c74175442b007af02f8303df67,c4b969d4c4f558104e8052335698b2ea62a3f94fa5af7e021a7bf0d46e2e3347,256,128,baseline,0.520751953125,0.53125,0.5275590551181102,1.203071117401123,0.0,0.0,0.0,0.0
original,ukr_rus_suspended,ss_midterm,midterm,True,/dataMeR1/phil/gfm/worktree-runtime-archive-20260812/prodigy-final-core/files/state/final_core/finalcore_ss_midterm_s0_20260807/checkpoint/state_dict_2500.ckpt,55a5d31025f33caafb8a31e0e8500b55502681c74175442b007af02f8303df67,c4b969d4c4f558104e8052335698b2ea62a3f94fa5af7e021a7bf0d46e2e3347,256,128,features_query,0.51434326171875,0.5078125,0.5190839694656488,1.3104069232940674,-0.00640869140625,-0.0234375,-0.008475085652461356,0.10733580589294434
original,ukr_rus_suspended,ss_midterm,midterm,True,/dataMeR1/phil/gfm/worktree-runtime-archive-20260812/prodigy-final-core/files/state/final_core/finalcore_ss_midterm_s0_20260807/checkpoint/state_dict_2500.ckpt,55a5d31025f33caafb8a31e0e8500b55502681c74175442b007af02f8303df67,c4b969d4c4f558104e8052335698b2ea62a3f94fa5af7e021a7bf0d46e2e3347,256,128,features_support,0.4820556640625,0.484375,0.48031496062992124,1.7094014883041382,-0.0386962890625,-0.046875,-0.04724409448818895,0.5063303709030151
original,ukr_rus_suspended,ss_midterm,midterm,True,/dataMeR1/phil/gfm/worktree-runtime-archive-20260812/prodigy-final-core/files/state/final_core/finalcore_ss_midterm_s0_20260807/checkpoint/state_dict_2500.ckpt,55a5d31025f33caafb8a31e0e8500b55502681c74175442b007af02f8303df67,c4b969d4c4f558104e8052335698b2ea62a3f94fa5af7e021a7bf0d46e2e3347,256,128,features_both,0.46258544921875,0.4921875,0.5220588235294118,2.347459554672241,-0.05816650390625,-0.0390625,-0.00550023158869839,1.1443884372711182
original,ukr_rus_suspended,ss_midterm,midterm,True,/dataMeR1/phil/gfm/worktree-runtime-archive-20260812/prodigy-final-core/files/state/final_core/finalcore_ss_midterm_s0_20260807/checkpoint/state_dict_2500.ckpt,55a5d31025f33caafb8a31e0e8500b55502681c74175442b007af02f8303df67,c4b969d4c4f558104e8052335698b2ea62a3f94fa5af7e021a7bf0d46e2e3347,256,128,edges_query,0.53106689453125,0.5234375,0.512,1.1763606071472168,0.01031494140625,-0.0078125,-0.015559055118110177,-0.02671051025390625
original,ukr_rus_suspended,ss_midterm,midterm,True,/dataMeR1/phil/gfm/worktree-runtime-archive-20260812/prodigy-final-core/files/state/final_core/finalcore_ss_midterm_s0_20260807/checkpoint/state_dict_2500.ckpt,55a5d31025f33caafb8a31e0e8500b55502681c74175442b007af02f8303df67,c4b969d4c4f558104e8052335698b2ea62a3f94fa5af7e021a7bf0d46e2e3347,256,128,edges_support,0.51177978515625,0.5078125,0.5153846153846153,0.8804334998130798,-0.00897216796875,-0.0234375,-0.012174439733494857,-0.3226376175880432
original,ukr_rus_suspended,ss_midterm,midterm,True,/dataMeR1/phil/gfm/worktree-runtime-archive-20260812/prodigy-final-core/files/state/final_core/finalcore_ss_midterm_s0_20260807/checkpoint/state_dict_2500.ckpt,55a5d31025f33caafb8a31e0e8500b55502681c74175442b007af02f8303df67,c4b969d4c4f558104e8052335698b2ea62a3f94fa5af7e021a7bf0d46e2e3347,256,128,edges_both,0.50018310546875,0.484375,0.49230769230769234,0.8334212303161621,-0.02056884765625,-0.046875,-0.03525136281041785,-0.36964988708496094
original,ukr_rus_suspended,ss_midterm,midterm,True,/dataMeR1/phil/gfm/worktree-runtime-archive-20260812/prodigy-final-core/files/state/final_core/finalcore_ss_midterm_s0_20260807/checkpoint/state_dict_2500.ckpt,55a5d31025f33caafb8a31e0e8500b55502681c74175442b007af02f8303df67,c4b969d4c4f558104e8052335698b2ea62a3f94fa5af7e021a7bf0d46e2e3347,256,128,center_zero_query,0.51422119140625,0.51953125,0.525096525096525,1.2496525049209595,-0.00653076171875,-0.01171875,-0.002462530021585141,0.046581387519836426
original,ukr_rus_suspended,ss_twibot20,twibot20,True,/dataMeR1/phil/gfm/worktree-runtime-archive-20260812/prodigy-final-core/files/state/final_core/finalcore_ss_twibot20_s0_20260807/checkpoint/state_dict_2500.ckpt,38fd5db6854999a613fa5bf5647ba23362f9c52afb0b45470d1ad01a75f6c429,c4b969d4c4f558104e8052335698b2ea62a3f94fa5af7e021a7bf0d46e2e3347,256,128,baseline,0.51171875,0.52734375,0.5363984674329502,0.9757912158966064,0.0,0.0,0.0,0.0
original,ukr_rus_suspended,ss_twibot20,twibot20,True,/dataMeR1/phil/gfm/worktree-runtime-archive-20260812/prodigy-final-core/files/state/final_core/finalcore_ss_twibot20_s0_20260807/checkpoint/state_dict_2500.ckpt,38fd5db6854999a613fa5bf5647ba23362f9c52afb0b45470d1ad01a75f6c429,c4b969d4c4f558104e8052335698b2ea62a3f94fa5af7e021a7bf0d46e2e3347,256,128,features_query,0.50604248046875,0.53515625,0.5509433962264151,1.0931081771850586,-0.00567626953125,0.0078125,0.014544928793464917,0.11731696128845215
original,ukr_rus_suspended,ss_twibot20,twibot20,True,/dataMeR1/phil/gfm/worktree-runtime-archive-20260812/prodigy-final-core/files/state/final_core/finalcore_ss_twibot20_s0_20260807/checkpoint/state_dict_2500.ckpt,38fd5db6854999a613fa5bf5647ba23362f9c52afb0b45470d1ad01a75f6c429,c4b969d4c4f558104e8052335698b2ea62a3f94fa5af7e021a7bf0d46e2e3347,256,128,features_support,0.49810791015625,0.51171875,0.5421245421245421,1.5528424978256226,-0.01361083984375,-0.015625,0.00572607469159192,0.5770512819290161
original,ukr_rus_suspended,ss_twibot20,twibot20,True,/dataMeR1/phil/gfm/worktree-runtime-archive-20260812/prodigy-final-core/files/state/final_core/finalcore_ss_twibot20_s0_20260807/checkpoint/state_dict_2500.ckpt,38fd5db6854999a613fa5bf5647ba23362f9c52afb0b45470d1ad01a75f6c429,c4b969d4c4f558104e8052335698b2ea62a3f94fa5af7e021a7bf0d46e2e3347,256,128,features_both,0.500518798828125,0.50390625,0.5278810408921933,1.93967604637146,-0.011199951171875,-0.0234375,-0.008517426540756823,0.9638848304748535
original,ukr_rus_suspended,ss_twibot20,twibot20,True,/dataMeR1/phil/gfm/worktree-runtime-archive-20260812/prodigy-final-core/files/state/final_core/finalcore_ss_twibot20_s0_20260807/checkpoint/state_dict_2500.ckpt,38fd5db6854999a613fa5bf5647ba23362f9c52afb0b45470d1ad01a75f6c429,c4b969d4c4f558104e8052335698b2ea62a3f94fa5af7e021a7bf0d46e2e3347,256,128,edges_query,0.53045654296875,0.53515625,0.5509433962264151,0.8910584449768066,0.01873779296875,0.0078125,0.014544928793464917,-0.0847327709197998
original,ukr_rus_suspended,ss_twibot20,twibot20,True,/dataMeR1/phil/gfm/worktree-runtime-archive-20260812/prodigy-final-core/files/state/final_core/finalcore_ss_twibot20_s0_20260807/checkpoint/state_dict_2500.ckpt,38fd5db6854999a613fa5bf5647ba23362f9c52afb0b45470d1ad01a75f6c429,c4b969d4c4f558104e8052335698b2ea62a3f94fa5af7e021a7bf0d46e2e3347,256,128,edges_support,0.52471923828125,0.51171875,0.5318352059925093,0.847279965877533,0.01300048828125,-0.015625,-0.004563261440440836,-0.1285112500190735
original,ukr_rus_suspended,ss_twibot20,twibot20,True,/dataMeR1/phil/gfm/worktree-runtime-archive-20260812/prodigy-final-core/files/state/final_core/finalcore_ss_twibot20_s0_20260807/checkpoint/state_dict_2500.ckpt,38fd5db6854999a613fa5bf5647ba23362f9c52afb0b45470d1ad01a75f6c429,c4b969d4c4f558104e8052335698b2ea62a3f94fa5af7e021a7bf0d46e2e3347,256,128,edges_both,0.53033447265625,0.515625,0.5230769230769231,0.809364378452301,0.01861572265625,-0.01171875,-0.01332154435602706,-0.16642683744430542
original,ukr_rus_suspended,ss_twibot20,twibot20,True,/dataMeR1/phil/gfm/worktree-runtime-archive-20260812/prodigy-final-core/files/state/final_core/finalcore_ss_twibot20_s0_20260807/checkpoint/state_dict_2500.ckpt,38fd5db6854999a613fa5bf5647ba23362f9c52afb0b45470d1ad01a75f6c429,c4b969d4c4f558104e8052335698b2ea62a3f94fa5af7e021a7bf0d46e2e3347,256,128,center_zero_query,0.48876953125,0.48046875,0.4981132075471698,1.0184290409088135,-0.02294921875,-0.046875,-0.038285259885780354,0.04263782501220703
original,ukr_rus_suspended,ss_ukr_rus,ukr_rus,True,/dataMeR1/phil/gfm/worktree-runtime-archive-20260812/prodigy-final-core/files/state/final_core/finalcore_ss_ukr_rus_s0_20260807/checkpoint/state_dict_2500.ckpt,f203cc94aa624776407539869397b585cd3963892d2a2244bb38dfc386466693,c4b969d4c4f558104e8052335698b2ea62a3f94fa5af7e021a7bf0d46e2e3347,256,128,baseline,0.49755859375,0.47265625,0.4534412955465587,0.8300235867500305,0.0,0.0,0.0,0.0
original,ukr_rus_suspended,ss_ukr_rus,ukr_rus,True,/dataMeR1/phil/gfm/worktree-runtime-archive-20260812/prodigy-final-core/files/state/final_core/finalcore_ss_ukr_rus_s0_20260807/checkpoint/state_dict_2500.ckpt,f203cc94aa624776407539869397b585cd3963892d2a2244bb38dfc386466693,c4b969d4c4f558104e8052335698b2ea62a3f94fa5af7e021a7bf0d46e2e3347,256,128,features_query,0.44940185546875,0.46875,0.48484848484848486,1.0207200050354004,-0.04815673828125,-0.00390625,0.03140718930192615,0.19069641828536987
original,ukr_rus_suspended,ss_ukr_rus,ukr_rus,True,/dataMeR1/phil/gfm/worktree-runtime-archive-20260812/prodigy-final-core/files/state/final_core/finalcore_ss_ukr_rus_s0_20260807/checkpoint/state_dict_2500.ckpt,f203cc94aa624776407539869397b585cd3963892d2a2244bb38dfc386466693,c4b969d4c4f558104e8052335698b2ea62a3f94fa5af7e021a7bf0d46e2e3347,256,128,features_support,0.51202392578125,0.51953125,0.5427509293680297,1.3406952619552612,0.01446533203125,0.046875,0.089309633821471,0.5106716752052307
original,ukr_rus_suspended,ss_ukr_rus,ukr_rus,True,/dataMeR1/phil/gfm/worktree-runtime-archive-20260812/prodigy-final-core/files/state/final_core/finalcore_ss_ukr_rus_s0_20260807/checkpoint/state_dict_2500.ckpt,f203cc94aa624776407539869397b585cd3963892d2a2244bb38dfc386466693,c4b969d4c4f558104e8052335698b2ea62a3f94fa5af7e021a7bf0d46e2e3347,256,128,features_both,0.4658203125,0.48828125,0.4942084942084942,1.690598487854004,-0.03173828125,0.015625,0.04076719866193551,0.8605749011039734
original,ukr_rus_suspended,ss_ukr_rus,ukr_rus,True,/dataMeR1/phil/gfm/worktree-runtime-archive-20260812/prodigy-final-core/files/state/final_core/finalcore_ss_ukr_rus_s0_20260807/checkpoint/state_dict_2500.ckpt,f203cc94aa624776407539869397b585cd3963892d2a2244bb38dfc386466693,c4b969d4c4f558104e8052335698b2ea62a3f94fa5af7e021a7bf0d46e2e3347,256,128,edges_query,0.5078125,0.515625,0.504,0.8110150098800659,0.01025390625,0.04296875,0.050558704453441294,-0.0190085768699646
original,ukr_rus_suspended,ss_ukr_rus,ukr_rus,True,/dataMeR1/phil/gfm/worktree-runtime-archive-20260812/prodigy-final-core/files/state/final_core/finalcore_ss_ukr_rus_s0_20260807/checkpoint/state_dict_2500.ckpt,f203cc94aa624776407539869397b585cd3963892d2a2244bb38dfc386466693,c4b969d4c4f558104e8052335698b2ea62a3f94fa5af7e021a7bf0d46e2e3347,256,128,edges_support,0.520263671875,0.51171875,0.5098039215686274,0.8094851970672607,0.022705078125,0.0390625,0.05636262602206871,-0.020538389682769775
original,ukr_rus_suspended,ss_ukr_rus,ukr_rus,True,/dataMeR1/phil/gfm/worktree-runtime-archive-20260812/prodigy-final-core/files/state/final_core/finalcore_ss_ukr_rus_s0_20260807/checkpoint/state_dict_2500.ckpt,f203cc94aa624776407539869397b585cd3963892d2a2244bb38dfc386466693,c4b969d4c4f558104e8052335698b2ea62a3f94fa5af7e021a7bf0d46e2e3347,256,128,edges_both,0.5162353515625,0.5,0.4796747967479675,0.7959277629852295,0.0186767578125,0.02734375,0.02623350120140877,-0.034095823764801025
original,ukr_rus_suspended,ss_ukr_rus,ukr_rus,True,/dataMeR1/phil/gfm/worktree-runtime-archive-20260812/prodigy-final-core/files/state/final_core/finalcore_ss_ukr_rus_s0_20260807/checkpoint/state_dict_2500.ckpt,f203cc94aa624776407539869397b585cd3963892d2a2244bb38dfc386466693,c4b969d4c4f558104e8052335698b2ea62a3f94fa5af7e021a7bf0d46e2e3347,256,128,center_zero_query,0.52734375,0.51953125,0.4896265560165975,0.7982293367385864,0.02978515625,0.046875,0.03618526047003878,-0.03179425001144409
original,ukr_rus_suspended,ss_ukr_rus_suspended,ukr_rus_suspended,False,/dataMeR1/phil/gfm/worktree-runtime-archive-20260812/prodigy-final-core/files/state/final_core/finalcore_ss_ukr_rus_suspended_s0_20260807/checkpoint/state_dict_2500.ckpt,7ec514855df19a4a47666ee0a92ecadb7fb1d943875490aceee9923d5ec06ee6,c4b969d4c4f558104e8052335698b2ea62a3f94fa5af7e021a7bf0d46e2e3347,256,128,baseline,0.47119140625,0.46875,0.44715447154471544,1.1523990631103516,0.0,0.0,0.0,0.0
original,ukr_rus_suspended,ss_ukr_rus_suspended,ukr_rus_suspended,False,/dataMeR1/phil/gfm/worktree-runtime-archive-20260812/prodigy-final-core/files/state/final_core/finalcore_ss_ukr_rus_suspended_s0_20260807/checkpoint/state_dict_2500.ckpt,7ec514855df19a4a47666ee0a92ecadb7fb1d943875490aceee9923d5ec06ee6,c4b969d4c4f558104e8052335698b2ea62a3f94fa5af7e021a7bf0d46e2e3347,256,128,features_query,0.502197265625,0.49609375,0.4777327935222672,1.21397066116333,0.031005859375,0.02734375,0.03057832197755178,0.061571598052978516
original,ukr_rus_suspended,ss_ukr_rus_suspended,ukr_rus_suspended,False,/dataMeR1/phil/gfm/worktree-runtime-archive-20260812/prodigy-final-core/files/state/final_core/finalcore_ss_ukr_rus_suspended_s0_20260807/checkpoint/state_dict_2500.ckpt,7ec514855df19a4a47666ee0a92ecadb7fb1d943875490aceee9923d5ec06ee6,c4b969d4c4f558104e8052335698b2ea62a3f94fa5af7e021a7bf0d46e2e3347,256,128,features_support,0.46826171875,0.4765625,0.47244094488188976,1.5661699771881104,-0.0029296875,0.0078125,0.02528647333717432,0.4137709140777588
original,ukr_rus_suspended,ss_ukr_rus_suspended,ukr_rus_suspended,False,/dataMeR1/phil/gfm/worktree-runtime-archive-20260812/prodigy-final-core/files/state/final_core/finalcore_ss_ukr_rus_suspended_s0_20260807/checkpoint/state_dict_2500.ckpt,7ec514855df19a4a47666ee0a92ecadb7fb1d943875490aceee9923d5ec06ee6,c4b969d4c4f558104e8052335698b2ea62a3f94fa5af7e021a7bf0d46e2e3347,256,128,features_both,0.48150634765625,0.46875,0.43333333333333335,1.9223124980926514,0.01031494140625,0.0,-0.013821138211382089,0.7699134349822998
original,ukr_rus_suspended,ss_ukr_rus_suspended,ukr_rus_suspended,False,/dataMeR1/phil/gfm/worktree-runtime-archive-20260812/prodigy-final-core/files/state/final_core/finalcore_ss_ukr_rus_suspended_s0_20260807/checkpoint/state_dict_2500.ckpt,7ec514855df19a4a47666ee0a92ecadb7fb1d943875490aceee9923d5ec06ee6,c4b969d4c4f558104e8052335698b2ea62a3f94fa5af7e021a7bf0d46e2e3347,256,128,edges_query,0.47161865234375,0.48828125,0.490272373540856,1.118403434753418,0.00042724609375,0.01953125,0.04311790199614057,-0.033995628356933594
original,ukr_rus_suspended,ss_ukr_rus_suspended,ukr_rus_suspended,False,/dataMeR1/phil/gfm/worktree-runtime-archive-20260812/prodigy-final-core/files/state/final_core/finalcore_ss_ukr_rus_suspended_s0_20260807/checkpoint/state_dict_2500.ckpt,7ec514855df19a4a47666ee0a92ecadb7fb1d943875490aceee9923d5ec06ee6,c4b969d4c4f558104e8052335698b2ea62a3f94fa5af7e021a7bf0d46e2e3347,256,128,edges_support,0.47979736328125,0.51171875,0.4897959183673469,0.961740255355835,0.00860595703125,0.04296875,0.04264144682263149,-0.1906588077545166
original,ukr_rus_suspended,ss_ukr_rus_suspended,ukr_rus_suspended,False,/dataMeR1/phil/gfm/worktree-runtime-archive-20260812/prodigy-final-core/files/state/final_core/finalcore_ss_ukr_rus_suspended_s0_20260807/checkpoint/state_dict_2500.ckpt,7ec514855df19a4a47666ee0a92ecadb7fb1d943875490aceee9923d5ec06ee6,c4b969d4c4f558104e8052335698b2ea62a3f94fa5af7e021a7bf0d46e2e3347,256,128,edges_both,0.474609375,0.50390625,0.5019607843137255,0.8766090869903564,0.00341796875,0.03515625,0.054806312769010046,-0.2757899761199951
original,ukr_rus_suspended,ss_ukr_rus_suspended,ukr_rus_suspended,False,/dataMeR1/phil/gfm/worktree-runtime-archive-20260812/prodigy-final-core/files/state/final_core/finalcore_ss_ukr_rus_suspended_s0_20260807/checkpoint/state_dict_2500.ckpt,7ec514855df19a4a47666ee0a92ecadb7fb1d943875490aceee9923d5ec06ee6,c4b969d4c4f558104e8052335698b2ea62a3f94fa5af7e021a7bf0d46e2e3347,256,128,center_zero_query,0.4696044921875,0.46484375,0.45849802371541504,1.1219685077667236,-0.0015869140625,-0.00390625,0.0113435521706996,-0.03043055534362793
fresh,covid_political,ss_covid,covid,True,/dataMeR1/phil/gfm/worktree-runtime-archive-20260812/prodigy-final-core/files/state/final_core/finalcore_ss_covid_s0_20260807/checkpoint/state_dict_2500.ckpt,030f1710751dce3603f70a538b23389694cf40e4359d020e78416af93c2e5d6c,720532292f3c73ef63bfc8b0cd8f740ccb248272ffca4b33bc4ef4c649aa6ae7,3072,128,baseline,0.9469666657624422,0.8815104166666666,0.7952755905511811,0.39672327041625977,0.0,0.0,0.0,0.0
fresh,covid_political,ss_covid,covid,True,/dataMeR1/phil/gfm/worktree-runtime-archive-20260812/prodigy-final-core/files/state/final_core/finalcore_ss_covid_s0_20260807/checkpoint/state_dict_2500.ckpt,030f1710751dce3603f70a538b23389694cf40e4359d020e78416af93c2e5d6c,720532292f3c73ef63bfc8b0cd8f740ccb248272ffca4b33bc4ef4c649aa6ae7,3072,128,features_query,0.8590596516927084,0.7594401041666666,0.6306846576711644,0.828109085559845,-0.08790701406973378,-0.1220703125,-0.1645909328800167,0.4313858151435852
fresh,covid_political,ss_covid,covid,True,/dataMeR1/phil/gfm/worktree-runtime-archive-20260812/prodigy-final-core/files/state/final_core/finalcore_ss_covid_s0_20260807/checkpoint/state_dict_2500.ckpt,030f1710751dce3603f70a538b23389694cf40e4359d020e78416af93c2e5d6c,720532292f3c73ef63bfc8b0cd8f740ccb248272ffca4b33bc4ef4c649aa6ae7,3072,128,features_support,0.9283862643771701,0.8408203125,0.739755188930282,0.5026450157165527,-0.01858040138527206,-0.04069010416666663,-0.05552040162089911,0.10592174530029297
fresh,covid_political,ss_covid,covid,True,/dataMeR1/phil/gfm/worktree-runtime-archive-20260812/prodigy-final-core/files/state/final_core/finalcore_ss_covid_s0_20260807/checkpoint/state_dict_2500.ckpt,030f1710751dce3603f70a538b23389694cf40e4359d020e78416af93c2e5d6c,720532292f3c73ef63bfc8b0cd8f740ccb248272ffca4b33bc4ef4c649aa6ae7,3072,128,features_both,0.8310453626844618,0.7333984375,0.6014598540145986,0.9383917450904846,-0.11592130307798032,-0.14811197916666663,-0.19381573653658257,0.5416684746742249
fresh,covid_political,ss_covid,covid,True,/dataMeR1/phil/gfm/worktree-runtime-archive-20260812/prodigy-final-core/files/state/final_core/finalcore_ss_covid_s0_20260807/checkpoint/state_dict_2500.ckpt,030f1710751dce3603f70a538b23389694cf40e4359d020e78416af93c2e5d6c,720532292f3c73ef63bfc8b0cd8f740ccb248272ffca4b33bc4ef4c649aa6ae7,3072,128,edges_query,0.9388478597005209,0.8981119791666666,0.8146832445233866,0.317554771900177,-0.00811880606192128,0.0166015625,0.019407653972205452,-0.07916849851608276
fresh,covid_political,ss_covid,covid,True,/dataMeR1/phil/gfm/worktree-runtime-archive-20260812/prodigy-final-core/files/state/final_core/finalcore_ss_covid_s0_20260807/checkpoint/state_dict_2500.ckpt,030f1710751dce3603f70a538b23389694cf40e4359d020e78416af93c2e5d6c,720532292f3c73ef63bfc8b0cd8f740ccb248272ffca4b33bc4ef4c649aa6ae7,3072,128,edges_support,0.944957591869213,0.8092447916666666,0.713307240704501,0.5562130808830261,-0.0020090738932291297,-0.072265625,-0.08196834984668011,0.15948981046676636
fresh,covid_political,ss_covid,covid,True,/dataMeR1/phil/gfm/worktree-runtime-archive-20260812/prodigy-final-core/files/state/final_core/finalcore_ss_covid_s0_20260807/checkpoint/state_dict_2500.ckpt,030f1710751dce3603f70a538b23389694cf40e4359d020e78416af93c2e5d6c,720532292f3c73ef63bfc8b0cd8f740ccb248272ffca4b33bc4ef4c649aa6ae7,3072,128,edges_both,0.9404539885344328,0.859375,0.7699680511182109,0.41278257966041565,-0.0065126772280093,-0.02213541666666663,-0.02530753943297026,0.016059309244155884
fresh,covid_political,ss_covid,covid,True,/dataMeR1/phil/gfm/worktree-runtime-archive-20260812/prodigy-final-core/files/state/final_core/finalcore_ss_covid_s0_20260807/checkpoint/state_dict_2500.ckpt,030f1710751dce3603f70a538b23389694cf40e4359d020e78416af93c2e5d6c,720532292f3c73ef63bfc8b0cd8f740ccb248272ffca4b33bc4ef4c649aa6ae7,3072,128,center_zero_query,0.9262664229781539,0.7864583333333334,0.6749256689791873,0.5358636975288391,-0.02070024278428828,-0.09505208333333326,-0.12034992157199387,0.13914042711257935
fresh,covid_political,ss_covid_political,covid_political,False,/dataMeR1/phil/gfm/worktree-runtime-archive-20260812/prodigy-final-core/files/state/final_core/finalcore_ss_covid_political_s0_20260807/checkpoint/state_dict_2500.ckpt,8e6516ca9c865f744c15bf968a2c113e2bba43eeee0be9adcb67a00673b9595b,720532292f3c73ef63bfc8b0cd8f740ccb248272ffca4b33bc4ef4c649aa6ae7,3072,128,baseline,0.9176839192708334,0.8326822916666666,0.7254273504273504,0.4661557674407959,0.0,0.0,0.0,0.0
fresh,covid_political,ss_covid_political,covid_political,False,/dataMeR1/phil/gfm/worktree-runtime-archive-20260812/prodigy-final-core/files/state/final_core/finalcore_ss_covid_political_s0_20260807/checkpoint/state_dict_2500.ckpt,8e6516ca9c865f744c15bf968a2c113e2bba43eeee0be9adcb67a00673b9595b,720532292f3c73ef63bfc8b0cd8f740ccb248272ffca4b33bc4ef4c649aa6ae7,3072,128,features_query,0.8341431794343172,0.7496744791666666,0.6129843985908404,0.7179953455924988,-0.08354073983651622,-0.0830078125,-0.11244295183650999,0.2518395781517029
fresh,covid_political,ss_covid_political,covid_political,False,/dataMeR1/phil/gfm/worktree-runtime-archive-20260812/prodigy-final-core/files/state/final_core/finalcore_ss_covid_political_s0_20260807/checkpoint/state_dict_2500.ckpt,8e6516ca9c865f744c15bf968a2c113e2bba43eeee0be9adcb67a00673b9595b,720532292f3c73ef63bfc8b0cd8f740ccb248272ffca4b33bc4ef4c649aa6ae7,3072,128,features_support,0.9022307219328703,0.8053385416666666,0.6917525773195876,0.5126608610153198,-0.01545319733796302,-0.02734375,-0.03367477310776279,0.046505093574523926
fresh,covid_political,ss_covid_political,covid_political,False,/dataMeR1/phil/gfm/worktree-runtime-archive-20260812/prodigy-final-core/files/state/final_core/finalcore_ss_covid_political_s0_20260807/checkpoint/state_dict_2500.ckpt,8e6516ca9c865f744c15bf968a2c113e2bba43eeee0be9adcb67a00673b9595b,720532292f3c73ef63bfc8b0cd8f740ccb248272ffca4b33bc4ef4c649aa6ae7,3072,128,features_both,0.8230237607602721,0.7376302083333334,0.6005946481665014,0.7627213001251221,-0.09466015851056131,-0.09505208333333326,-0.12483270226084897,0.29656553268432617
fresh,covid_political,ss_covid_political,covid_political,False,/dataMeR1/phil/gfm/worktree-runtime-archive-20260812/prodigy-final-core/files/state/final_core/finalcore_ss_covid_political_s0_20260807/checkpoint/state_dict_2500.ckpt,8e6516ca9c865f744c15bf968a2c113e2bba43eeee0be9adcb67a00673b9595b,720532292f3c73ef63bfc8b0cd8f740ccb248272ffca4b33bc4ef4c649aa6ae7,3072,128,edges_query,0.9055746572989004,0.8082682291666666,0.694025974025974,0.5489147305488586,-0.01210926197193296,-0.0244140625,-0.03140137640137641,0.08275896310806274
fresh,covid_political,ss_covid_political,covid_political,False,/dataMeR1/phil/gfm/worktree-runtime-archive-20260812/prodigy-final-core/files/state/final_core/finalcore_ss_covid_political_s0_20260807/checkpoint/state_dict_2500.ckpt,8e6516ca9c865f744c15bf968a2c113e2bba43eeee0be9adcb67a00673b9595b,720532292f3c73ef63bfc8b0cd8f740ccb248272ffca4b33bc4ef4c649aa6ae7,3072,128,edges_support,0.8609777379918981,0.7825520833333334,0.6480505795574288,0.6490758061408997,-0.05670618127893523,-0.05013020833333326,-0.07737677086992156,0.18292003870010376
fresh,covid_political,ss_covid_political,covid_political,False,/dataMeR1/phil/gfm/worktree-runtime-archive-20260812/prodigy-final-core/files/state/final_core/finalcore_ss_covid_political_s0_20260807/checkpoint/state_dict_2500.ckpt,8e6516ca9c865f744c15bf968a2c113e2bba43eeee0be9adcb67a00673b9595b,720532292f3c73ef63bfc8b0cd8f740ccb248272ffca4b33bc4ef4c649aa6ae7,3072,128,edges_both,0.8408036408600983,0.7496744791666666,0.6160758861707439,0.8517869114875793,-0.07688027841073508,-0.0830078125,-0.10935146425660647,0.38563114404678345
fresh,covid_political,ss_covid_political,covid_political,False,/dataMeR1/phil/gfm/worktree-runtime-archive-20260812/prodigy-final-core/files/state/final_core/finalcore_ss_covid_political_s0_20260807/checkpoint/state_dict_2500.ckpt,8e6516ca9c865f744c15bf968a2c113e2bba43eeee0be9adcb67a00673b9595b,720532292f3c73ef63bfc8b0cd8f740ccb248272ffca4b33bc4ef4c649aa6ae7,3072,128,center_zero_query,0.8736642908166956,0.7705078125,0.6473236618309155,0.552535355091095,-0.04401962845413776,-0.06217447916666663,-0.0781036885964349,0.08637958765029907
fresh,covid_political,ss_cp_hk,cp_hk,True,/dataMeR1/phil/gfm/worktree-runtime-archive-20260812/prodigy-final-core/files/state/final_core/finalcore_ss_cp_hk_s0_20260807/checkpoint/state_dict_2500.ckpt,e1b049709343d31a4897ec32108ac25abd446223f63e964474d7fcc2c7f47390,720532292f3c73ef63bfc8b0cd8f740ccb248272ffca4b33bc4ef4c649aa6ae7,3072,128,baseline,0.7932332356770834,0.6959635416666666,0.5695852534562212,1.0974644422531128,0.0,0.0,0.0,0.0
fresh,covid_political,ss_cp_hk,cp_hk,True,/dataMeR1/phil/gfm/worktree-runtime-archive-20260812/prodigy-final-core/files/state/final_core/finalcore_ss_cp_hk_s0_20260807/checkpoint/state_dict_2500.ckpt,e1b049709343d31a4897ec32108ac25abd446223f63e964474d7fcc2c7f47390,720532292f3c73ef63bfc8b0cd8f740ccb248272ffca4b33bc4ef4c649aa6ae7,3072,128,features_query,0.7546406498661747,0.6878255208333334,0.5324232081911263,1.091999888420105,-0.03859258581090863,-0.00813802083333326,-0.03716204526509492,-0.0054645538330078125
fresh,covid_political,ss_cp_hk,cp_hk,True,/dataMeR1/phil/gfm/worktree-runtime-archive-20260812/prodigy-final-core/files/state/final_core/finalcore_ss_cp_hk_s0_20260807/checkpoint/state_dict_2500.ckpt,e1b049709343d31a4897ec32108ac25abd446223f63e964474d7fcc2c7f47390,720532292f3c73ef63bfc8b0cd8f740ccb248272ffca4b33bc4ef4c649aa6ae7,3072,128,features_support,0.7702605636031539,0.6585286458333334,0.5348115299334811,1.2474249601364136,-0.0229726720739295,-0.03743489583333326,-0.03477372352274011,0.14996051788330078
fresh,covid_political,ss_cp_hk,cp_hk,True,/dataMeR1/phil/gfm/worktree-runtime-archive-20260812/prodigy-final-core/files/state/final_core/finalcore_ss_cp_hk_s0_20260807/checkpoint/state_dict_2500.ckpt,e1b049709343d31a4897ec32108ac25abd446223f63e964474d7fcc2c7f47390,720532292f3c73ef63bfc8b0cd8f740ccb248272ffca4b33bc4ef4c649aa6ae7,3072,128,features_both,0.7328225594979745,0.65625,0.5028248587570622,1.2361050844192505,-0.06041067617910889,-0.03971354166666663,-0.06676039469915906,0.1386406421661377
fresh,covid_political,ss_cp_hk,cp_hk,True,/dataMeR1/phil/gfm/worktree-runtime-archive-20260812/prodigy-final-core/files/state/final_core/finalcore_ss_cp_hk_s0_20260807/checkpoint/state_dict_2500.ckpt,e1b049709343d31a4897ec32108ac25abd446223f63e964474d7fcc2c7f47390,720532292f3c73ef63bfc8b0cd8f740ccb248272ffca4b33bc4ef4c649aa6ae7,3072,128,edges_query,0.7264864886248553,0.7708333333333334,0.4567901234567901,0.7634916305541992,-0.06674674705222805,0.07486979166666674,-0.11279512999943114,-0.3339728116989136
fresh,covid_political,ss_cp_hk,cp_hk,True,/dataMeR1/phil/gfm/worktree-runtime-archive-20260812/prodigy-final-core/files/state/final_core/finalcore_ss_cp_hk_s0_20260807/checkpoint/state_dict_2500.ckpt,e1b049709343d31a4897ec32108ac25abd446223f63e964474d7fcc2c7f47390,720532292f3c73ef63bfc8b0cd8f740ccb248272ffca4b33bc4ef4c649aa6ae7,3072,128,edges_support,0.8853019431785302,0.7464192708333334,0.6344439230408259,0.5339242815971375,0.0920687075014468,0.05045572916666674,0.06485866958460462,-0.5635401606559753
fresh,covid_political,ss_cp_hk,cp_hk,True,/dataMeR1/phil/gfm/worktree-runtime-archive-20260812/prodigy-final-core/files/state/final_core/finalcore_ss_cp_hk_s0_20260807/checkpoint/state_dict_2500.ckpt,e1b049709343d31a4897ec32108ac25abd446223f63e964474d7fcc2c7f47390,720532292f3c73ef63bfc8b0cd8f740ccb248272ffca4b33bc4ef4c649aa6ae7,3072,128,edges_both,0.8917569760923032,0.8294270833333334,0.7200854700854701,0.4468475878238678,0.09852374041521983,0.13346354166666674,0.15050021662924884,-0.650616854429245
fresh,covid_political,ss_cp_hk,cp_hk,True,/dataMeR1/phil/gfm/worktree-runtime-archive-20260812/prodigy-final-core/files/state/final_core/finalcore_ss_cp_hk_s0_20260807/checkpoint/state_dict_2500.ckpt,e1b049709343d31a4897ec32108ac25abd446223f63e964474d7fcc2c7f47390,720532292f3c73ef63bfc8b0cd8f740ccb248272ffca4b33bc4ef4c649aa6ae7,3072,128,center_zero_query,0.7463593659577547,0.6357421875,0.5224071702944942,1.4052815437316895,-0.04687386971932872,-0.06022135416666663,-0.047178083161727,0.30781710147857666
fresh,covid_political,ss_election2020,election2020,True,/dataMeR1/phil/gfm/worktree-runtime-archive-20260812/prodigy-final-core/files/state/final_core/finalcore_ss_election2020_s0_20260807/checkpoint/state_dict_2500.ckpt,90baf3b1a12d5fa06bed5b0ea26543f1a18fad091c152bb0eada7ccf064382d3,720532292f3c73ef63bfc8b0cd8f740ccb248272ffca4b33bc4ef4c649aa6ae7,3072,128,baseline,0.9428383156105324,0.900390625,0.8189349112426035,0.3148314356803894,0.0,0.0,0.0,0.0
fresh,covid_political,ss_election2020,election2020,True,/dataMeR1/phil/gfm/worktree-runtime-archive-20260812/prodigy-final-core/files/state/final_core/finalcore_ss_election2020_s0_20260807/checkpoint/state_dict_2500.ckpt,90baf3b1a12d5fa06bed5b0ea26543f1a18fad091c152bb0eada7ccf064382d3,720532292f3c73ef63bfc8b0cd8f740ccb248272ffca4b33bc4ef4c649aa6ae7,3072,128,features_query,0.8640910961009838,0.8095703125,0.6674246731097214,0.5408637523651123,-0.07874721950954866,-0.0908203125,-0.1515102381328821,0.2260323166847229
fresh,covid_political,ss_election2020,election2020,True,/dataMeR1/phil/gfm/worktree-runtime-archive-20260812/prodigy-final-core/files/state/final_core/finalcore_ss_election2020_s0_20260807/checkpoint/state_dict_2500.ckpt,90baf3b1a12d5fa06bed5b0ea26543f1a18fad091c152bb0eada7ccf064382d3,720532292f3c73ef63bfc8b0cd8f740ccb248272ffca4b33bc4ef4c649aa6ae7,3072,128,features_support,0.9404525756835939,0.8740234375,0.7822172200337648,0.35972127318382263,-0.0023857399269385793,-0.0263671875,-0.03671769120883872,0.04488983750343323
fresh,covid_political,ss_election2020,election2020,True,/dataMeR1/phil/gfm/worktree-runtime-archive-20260812/prodigy-final-core/files/state/final_core/finalcore_ss_election2020_s0_20260807/checkpoint/state_dict_2500.ckpt,90baf3b1a12d5fa06bed5b0ea26543f1a18fad091c152bb0eada7ccf064382d3,720532292f3c73ef63bfc8b0cd8f740ccb248272ffca4b33bc4ef4c649aa6ae7,3072,128,features_both,0.8521530716507524,0.76953125,0.6261879619852164,0.6058791875839233,-0.09068524395978006,-0.130859375,-0.1927469492573871,0.29104775190353394
fresh,covid_political,ss_election2020,election2020,True,/dataMeR1/phil/gfm/worktree-runtime-archive-20260812/prodigy-final-core/files/state/final_core/finalcore_ss_election2020_s0_20260807/checkpoint/state_dict_2500.ckpt,90baf3b1a12d5fa06bed5b0ea26543f1a18fad091c152bb0eada7ccf064382d3,720532292f3c73ef63bfc8b0cd8f740ccb248272ffca4b33bc4ef4c649aa6ae7,3072,128,edges_query,0.9459431966145834,0.896484375,0.8144690781796966,0.35331472754478455,0.00310488100405093,-0.00390625,-0.004465833062906932,0.03848329186439514
fresh,covid_political,ss_election2020,election2020,True,/dataMeR1/phil/gfm/worktree-runtime-archive-20260812/prodigy-final-core/files/state/final_core/finalcore_ss_election2020_s0_20260807/checkpoint/state_dict_2500.ckpt,90baf3b1a12d5fa06bed5b0ea26543f1a18fad091c152bb0eada7ccf064382d3,720532292f3c73ef63bfc8b0cd8f740ccb248272ffca4b33bc4ef4c649aa6ae7,3072,128,edges_support,0.9390942608868634,0.9117838541666666,0.8298807281858129,0.3164081871509552,-0.0037440547236690103,0.01139322916666663,0.010945816943209397,0.001576751470565796
fresh,covid_political,ss_election2020,election2020,True,/dataMeR1/phil/gfm/worktree-runtime-archive-20260812/prodigy-final-core/files/state/final_core/finalcore_ss_election2020_s0_20260807/checkpoint/state_dict_2500.ckpt,90baf3b1a12d5fa06bed5b0ea26543f1a18fad091c152bb0eada7ccf064382d3,720532292f3c73ef63bfc8b0cd8f740ccb248272ffca4b33bc4ef4c649aa6ae7,3072,128,edges_both,0.9458759449146411,0.9117838541666666,0.8346552776082977,0.36280348896980286,0.003037629304108669,0.01139322916666663,0.015720366365694183,0.04797205328941345
fresh,covid_political,ss_election2020,election2020,True,/dataMeR1/phil/gfm/worktree-runtime-archive-20260812/prodigy-final-core/files/state/final_core/finalcore_ss_election2020_s0_20260807/checkpoint/state_dict_2500.ckpt,90baf3b1a12d5fa06bed5b0ea26543f1a18fad091c152bb0eada7ccf064382d3,720532292f3c73ef63bfc8b0cd8f740ccb248272ffca4b33bc4ef4c649aa6ae7,3072,128,center_zero_query,0.9245150530779803,0.9147135416666666,0.8217687074829932,0.2838464677333832,-0.01832326253255212,0.01432291666666663,0.0028337962403897077,-0.030984967947006226
fresh,covid_political,ss_facebook_page_reference,facebook_page_reference,True,/dataMeR1/phil/gfm/worktree-runtime-archive-20260812/prodigy-final-core/files/state/final_core/finalcore_ss_facebook_page_reference_s0_20260807/checkpoint/state_dict_2500.ckpt,1f36b6591001b4616df4499a7c686f4a15f62c69cb58e8dbeacfc38213478ff5,720532292f3c73ef63bfc8b0cd8f740ccb248272ffca4b33bc4ef4c649aa6ae7,3072,128,baseline,0.6584667629665799,0.5641276041666666,0.4427798585101956,2.7384872436523438,0.0,0.0,0.0,0.0
fresh,covid_political,ss_facebook_page_reference,facebook_page_reference,True,/dataMeR1/phil/gfm/worktree-runtime-archive-20260812/prodigy-final-core/files/state/final_core/finalcore_ss_facebook_page_reference_s0_20260807/checkpoint/state_dict_2500.ckpt,1f36b6591001b4616df4499a7c686f4a15f62c69cb58e8dbeacfc38213478ff5,720532292f3c73ef63bfc8b0cd8f740ccb248272ffca4b33bc4ef4c649aa6ae7,3072,128,features_query,0.62163656729239,0.5638020833333334,0.4214162348877375,2.918341636657715,-0.03683019567418988,-0.0003255208333332593,-0.021363623622458083,0.1798543930053711
fresh,covid_political,ss_facebook_page_reference,facebook_page_reference,True,/dataMeR1/phil/gfm/worktree-runtime-archive-20260812/prodigy-final-core/files/state/final_core/finalcore_ss_facebook_page_reference_s0_20260807/checkpoint/state_dict_2500.ckpt,1f36b6591001b4616df4499a7c686f4a15f62c69cb58e8dbeacfc38213478ff5,720532292f3c73ef63bfc8b0cd8f740ccb248272ffca4b33bc4ef4c649aa6ae7,3072,128,features_support,0.6503033108181424,0.5755208333333334,0.4417808219178082,2.5337016582489014,-0.0081634521484375,0.01139322916666674,-0.00099903659238737,-0.20478558540344238
fresh,covid_political,ss_facebook_page_reference,facebook_page_reference,True,/dataMeR1/phil/gfm/worktree-runtime-archive-20260812/prodigy-final-core/files/state/final_core/finalcore_ss_facebook_page_reference_s0_20260807/checkpoint/state_dict_2500.ckpt,1f36b6591001b4616df4499a7c686f4a15f62c69cb58e8dbeacfc38213478ff5,720532292f3c73ef63bfc8b0cd8f740ccb248272ffca4b33bc4ef4c649aa6ae7,3072,128,features_both,0.6106714319299769,0.568359375,0.41379310344827586,2.8531672954559326,-0.04779533103660305,0.00423177083333337,-0.028986755061919722,0.11468005180358887
fresh,covid_political,ss_facebook_page_reference,facebook_page_reference,True,/dataMeR1/phil/gfm/worktree-runtime-archive-20260812/prodigy-final-core/files/state/final_core/finalcore_ss_facebook_page_reference_s0_20260807/checkpoint/state_dict_2500.ckpt,1f36b6591001b4616df4499a7c686f4a15f62c69cb58e8dbeacfc38213478ff5,720532292f3c73ef63bfc8b0cd8f740ccb248272ffca4b33bc4ef4c649aa6ae7,3072,128,edges_query,0.6482792607060186,0.6080729166666666,0.42775665399239543,1.9674959182739258,-0.01018750226056131,0.0439453125,-0.015023204517800148,-0.770991325378418
fresh,covid_political,ss_facebook_page_reference,facebook_page_reference,True,/dataMeR1/phil/gfm/worktree-runtime-archive-20260812/prodigy-final-core/files/state/final_core/finalcore_ss_facebook_page_reference_s0_20260807/checkpoint/state_dict_2500.ckpt,1f36b6591001b4616df4499a7c686f4a15f62c69cb58e8dbeacfc38213478ff5,720532292f3c73ef63bfc8b0cd8f740ccb248272ffca4b33bc4ef4c649aa6ae7,3072,128,edges_support,0.6706034342447916,0.5589192708333334,0.4480651731160896,2.3437695503234863,0.01213667127821172,-0.005208333333333259,0.0052853146058940426,-0.3947176933288574
fresh,covid_political,ss_facebook_page_reference,facebook_page_reference,True,/dataMeR1/phil/gfm/worktree-runtime-archive-20260812/prodigy-final-core/files/state/final_core/finalcore_ss_facebook_page_reference_s0_20260807/checkpoint/state_dict_2500.ckpt,1f36b6591001b4616df4499a7c686f4a15f62c69cb58e8dbeacfc38213478ff5,720532292f3c73ef63bfc8b0cd8f740ccb248272ffca4b33bc4ef4c649aa6ae7,3072,128,edges_both,0.6535378915292246,0.5810546875,0.43626806833114323,2.1101415157318115,-0.00492887143735532,0.01692708333333337,-0.006511790179052346,-0.6283457279205322
fresh,covid_political,ss_facebook_page_reference,facebook_page_reference,True,/dataMeR1/phil/gfm/worktree-runtime-archive-20260812/prodigy-final-core/files/state/final_core/finalcore_ss_facebook_page_reference_s0_20260807/checkpoint/state_dict_2500.ckpt,1f36b6591001b4616df4499a7c686f4a15f62c69cb58e8dbeacfc38213478ff5,720532292f3c73ef63bfc8b0cd8f740ccb248272ffca4b33bc4ef4c649aa6ae7,3072,128,center_zero_query,0.6758821275499132,0.62109375,0.4601113172541744,2.1497910022735596,0.01741536458333326,0.05696614583333337,0.017331458743978845,-0.5886962413787842
fresh,covid_political,ss_midterm,midterm,True,/dataMeR1/phil/gfm/worktree-runtime-archive-20260812/prodigy-final-core/files/state/final_core/finalcore_ss_midterm_s0_20260807/checkpoint/state_dict_2500.ckpt,55a5d31025f33caafb8a31e0e8500b55502681c74175442b007af02f8303df67,720532292f3c73ef63bfc8b0cd8f740ccb248272ffca4b33bc4ef4c649aa6ae7,3072,128,baseline,0.9114696361400463,0.7620442708333334,0.6533902323376007,1.2280254364013672,0.0,0.0,0.0,0.0
fresh,covid_political,ss_midterm,midterm,True,/dataMeR1/phil/gfm/worktree-runtime-archive-20260812/prodigy-final-core/files/state/final_core/finalcore_ss_midterm_s0_20260807/checkpoint/state_dict_2500.ckpt,55a5d31025f33caafb8a31e0e8500b55502681c74175442b007af02f8303df67,720532292f3c73ef63bfc8b0cd8f740ccb248272ffca4b33bc4ef4c649aa6ae7,3072,128,features_query,0.8478972823531539,0.7047526041666666,0.5890348889895786,1.7507692575454712,-0.06357235378689241,-0.05729166666666674,-0.06435534334802218,0.522743821144104
fresh,covid_political,ss_midterm,midterm,True,/dataMeR1/phil/gfm/worktree-runtime-archive-20260812/prodigy-final-core/files/state/final_core/finalcore_ss_midterm_s0_20260807/checkpoint/state_dict_2500.ckpt,55a5d31025f33caafb8a31e0e8500b55502681c74175442b007af02f8303df67,720532292f3c73ef63bfc8b0cd8f740ccb248272ffca4b33bc4ef4c649aa6ae7,3072,128,features_support,0.897724292896412,0.7535807291666666,0.6427560169891459,1.2795720100402832,-0.0137453432436343,-0.00846354166666674,-0.010634215348454878,0.051546573638916016
fresh,covid_political,ss_midterm,midterm,True,/dataMeR1/phil/gfm/worktree-runtime-archive-20260812/prodigy-final-core/files/state/final_core/finalcore_ss_midterm_s0_20260807/checkpoint/state_dict_2500.ckpt,55a5d31025f33caafb8a31e0e8500b55502681c74175442b007af02f8303df67,720532292f3c73ef63bfc8b0cd8f740ccb248272ffca4b33bc4ef4c649aa6ae7,3072,128,features_both,0.8279515019169561,0.6901041666666666,0.5684496826835902,1.7825775146484375,-0.08351813422309018,-0.07194010416666674,-0.08494054965401054,0.5545520782470703
fresh,covid_political,ss_midterm,midterm,True,/dataMeR1/phil/gfm/worktree-runtime-archive-20260812/prodigy-final-core/files/state/final_core/finalcore_ss_midterm_s0_20260807/checkpoint/state_dict_2500.ckpt,55a5d31025f33caafb8a31e0e8500b55502681c74175442b007af02f8303df67,720532292f3c73ef63bfc8b0cd8f740ccb248272ffca4b33bc4ef4c649aa6ae7,3072,128,edges_query,0.946586326316551,0.9114583333333334,0.8293601003764115,0.5434478521347046,0.03511669017650476,0.1494140625,0.17596986803881076,-0.6845775842666626
fresh,covid_political,ss_midterm,midterm,True,/dataMeR1/phil/gfm/worktree-runtime-archive-20260812/prodigy-final-core/files/state/final_core/finalcore_ss_midterm_s0_20260807/checkpoint/state_dict_2500.ckpt,55a5d31025f33caafb8a31e0e8500b55502681c74175442b007af02f8303df67,720532292f3c73ef63bfc8b0cd8f740ccb248272ffca4b33bc4ef4c649aa6ae7,3072,128,edges_support,0.9382697211371528,0.7190755208333334,0.6268914829226113,1.1759120225906372,0.02680008499710651,-0.04296875,-0.02649874941498942,-0.05211341381072998
fresh,covid_political,ss_midterm,midterm,True,/dataMeR1/phil/gfm/worktree-runtime-archive-20260812/prodigy-final-core/files/state/final_core/finalcore_ss_midterm_s0_20260807/checkpoint/state_dict_2500.ckpt,55a5d31025f33caafb8a31e0e8500b55502681c74175442b007af02f8303df67,720532292f3c73ef63bfc8b0cd8f740ccb248272ffca4b33bc4ef4c649aa6ae7,3072,128,edges_both,0.9576859650788485,0.9013671875,0.8247541931752458,0.5877129435539246,0.04621632893880223,0.13932291666666663,0.17136396083764505,-0.6403124928474426
fresh,covid_political,ss_midterm,midterm,True,/dataMeR1/phil/gfm/worktree-runtime-archive-20260812/prodigy-final-core/files/state/final_core/finalcore_ss_midterm_s0_20260807/checkpoint/state_dict_2500.ckpt,55a5d31025f33caafb8a31e0e8500b55502681c74175442b007af02f8303df67,720532292f3c73ef63bfc8b0cd8f740ccb248272ffca4b33bc4ef4c649aa6ae7,3072,128,center_zero_query,0.8617839106807004,0.6966145833333334,0.5820627802690583,1.4001579284667969,-0.04968572545934591,-0.0654296875,-0.07132745206854241,0.1721324920654297
fresh,covid_political,ss_twibot20,twibot20,True,/dataMeR1/phil/gfm/worktree-runtime-archive-20260812/prodigy-final-core/files/state/final_core/finalcore_ss_twibot20_s0_20260807/checkpoint/state_dict_2500.ckpt,38fd5db6854999a613fa5bf5647ba23362f9c52afb0b45470d1ad01a75f6c429,720532292f3c73ef63bfc8b0cd8f740ccb248272ffca4b33bc4ef4c649aa6ae7,3072,128,baseline,0.9377382066514758,0.8356119791666666,0.736567553468962,0.5066681504249573,0.0,0.0,0.0,0.0
fresh,covid_political,ss_twibot20,twibot20,True,/dataMeR1/phil/gfm/worktree-runtime-archive-20260812/prodigy-final-core/files/state/final_core/finalcore_ss_twibot20_s0_20260807/checkpoint/state_dict_2500.ckpt,38fd5db6854999a613fa5bf5647ba23362f9c52afb0b45470d1ad01a75f6c429,720532292f3c73ef63bfc8b0cd8f740ccb248272ffca4b33bc4ef4c649aa6ae7,3072,128,features_query,0.8650416621455439,0.7399088541666666,0.6229353468617272,0.8939937949180603,-0.07269654450593188,-0.095703125,-0.11363220660723472,0.387325644493103
fresh,covid_political,ss_twibot20,twibot20,True,/dataMeR1/phil/gfm/worktree-runtime-archive-20260812/prodigy-final-core/files/state/final_core/finalcore_ss_twibot20_s0_20260807/checkpoint/state_dict_2500.ckpt,38fd5db6854999a613fa5bf5647ba23362f9c52afb0b45470d1ad01a75f6c429,720532292f3c73ef63bfc8b0cd8f740ccb248272ffca4b33bc4ef4c649aa6ae7,3072,128,features_support,0.9151882595486112,0.7698567708333334,0.6638135996195911,0.7075727581977844,-0.02254994710286462,-0.06575520833333326,-0.07275395384937089,0.20090460777282715
fresh,covid_political,ss_twibot20,twibot20,True,/dataMeR1/phil/gfm/worktree-runtime-archive-20260812/prodigy-final-core/files/state/final_core/finalcore_ss_twibot20_s0_20260807/checkpoint/state_dict_2500.ckpt,38fd5db6854999a613fa5bf5647ba23362f9c52afb0b45470d1ad01a75f6c429,720532292f3c73ef63bfc8b0cd8f740ccb248272ffca4b33bc4ef4c649aa6ae7,3072,128,features_both,0.8330298529730904,0.7086588541666666,0.5846867749419954,1.0692218542099,-0.10470835367838538,-0.126953125,-0.15188077852696658,0.5625537037849426
fresh,covid_political,ss_twibot20,twibot20,True,/dataMeR1/phil/gfm/worktree-runtime-archive-20260812/prodigy-final-core/files/state/final_core/finalcore_ss_twibot20_s0_20260807/checkpoint/state_dict_2500.ckpt,38fd5db6854999a613fa5bf5647ba23362f9c52afb0b45470d1ad01a75f6c429,720532292f3c73ef63bfc8b0cd8f740ccb248272ffca4b33bc4ef4c649aa6ae7,3072,128,edges_query,0.9410502115885416,0.900390625,0.8182897862232779,0.3181968629360199,0.003312004937065849,0.06477864583333337,0.0817222327543159,-0.18847128748893738
fresh,covid_political,ss_twibot20,twibot20,True,/dataMeR1/phil/gfm/worktree-runtime-archive-20260812/prodigy-final-core/files/state/final_core/finalcore_ss_twibot20_s0_20260807/checkpoint/state_dict_2500.ckpt,38fd5db6854999a613fa5bf5647ba23362f9c52afb0b45470d1ad01a75f6c429,720532292f3c73ef63bfc8b0cd8f740ccb248272ffca4b33bc4ef4c649aa6ae7,3072,128,edges_support,0.9413726241500289,0.7688802083333334,0.6719038817005545,0.6677671074867249,0.0036344174985530886,-0.06673177083333326,-0.06466367176840748,0.16109895706176758
fresh,covid_political,ss_twibot20,twibot20,True,/dataMeR1/phil/gfm/worktree-runtime-archive-20260812/prodigy-final-core/files/state/final_core/finalcore_ss_twibot20_s0_20260807/checkpoint/state_dict_2500.ckpt,38fd5db6854999a613fa5bf5647ba23362f9c52afb0b45470d1ad01a75f6c429,720532292f3c73ef63bfc8b0cd8f740ccb248272ffca4b33bc4ef4c649aa6ae7,3072,128,edges_both,0.9444235342520255,0.8551432291666666,0.7641759406465288,0.44101056456565857,0.00668532760054974,0.01953125,0.027608387177566862,-0.0656575858592987
fresh,covid_political,ss_twibot20,twibot20,True,/dataMeR1/phil/gfm/worktree-runtime-archive-20260812/prodigy-final-core/files/state/final_core/finalcore_ss_twibot20_s0_20260807/checkpoint/state_dict_2500.ckpt,38fd5db6854999a613fa5bf5647ba23362f9c52afb0b45470d1ad01a75f6c429,720532292f3c73ef63bfc8b0cd8f740ccb248272ffca4b33bc4ef4c649aa6ae7,3072,128,center_zero_query,0.8959983543113426,0.8154296875,0.6946688206785138,0.5706732273101807,-0.04173985234013322,-0.02018229166666663,-0.0418987327904482,0.06400507688522339
fresh,covid_political,ss_ukr_rus,ukr_rus,True,/dataMeR1/phil/gfm/worktree-runtime-archive-20260812/prodigy-final-core/files/state/final_core/finalcore_ss_ukr_rus_s0_20260807/checkpoint/state_dict_2500.ckpt,f203cc94aa624776407539869397b585cd3963892d2a2244bb38dfc386466693,720532292f3c73ef63bfc8b0cd8f740ccb248272ffca4b33bc4ef4c649aa6ae7,3072,128,baseline,0.9572474161783854,0.8955078125,0.8170940170940171,0.3729611933231354,0.0,0.0,0.0,0.0
fresh,covid_political,ss_ukr_rus,ukr_rus,True,/dataMeR1/phil/gfm/worktree-runtime-archive-20260812/prodigy-final-core/files/state/final_core/finalcore_ss_ukr_rus_s0_20260807/checkpoint/state_dict_2500.ckpt,f203cc94aa624776407539869397b585cd3963892d2a2244bb38dfc386466693,720532292f3c73ef63bfc8b0cd8f740ccb248272ffca4b33bc4ef4c649aa6ae7,3072,128,features_query,0.8924467298719617,0.7906901041666666,0.674759736975215,0.7265436053276062,-0.06480068630642366,-0.10481770833333337,-0.14233428011880211,0.3535824120044708
fresh,covid_political,ss_ukr_rus,ukr_rus,True,/dataMeR1/phil/gfm/worktree-runtime-archive-20260812/prodigy-final-core/files/state/final_core/finalcore_ss_ukr_rus_s0_20260807/checkpoint/state_dict_2500.ckpt,f203cc94aa624776407539869397b585cd3963892d2a2244bb38dfc386466693,720532292f3c73ef63bfc8b0cd8f740ccb248272ffca4b33bc4ef4c649aa6ae7,3072,128,features_support,0.9497963234230324,0.8649088541666666,0.7765212708669897,0.4650035798549652,-0.007451092755352939,-0.03059895833333337,-0.040572746227027334,0.09204238653182983
fresh,covid_political,ss_ukr_rus,ukr_rus,True,/dataMeR1/phil/gfm/worktree-runtime-archive-20260812/prodigy-final-core/files/state/final_core/finalcore_ss_ukr_rus_s0_20260807/checkpoint/state_dict_2500.ckpt,f203cc94aa624776407539869397b585cd3963892d2a2244bb38dfc386466693,720532292f3c73ef63bfc8b0cd8f740ccb248272ffca4b33bc4ef4c649aa6ae7,3072,128,features_both,0.88024252432364,0.7672526041666666,0.6524064171122995,0.8207393288612366,-0.07700489185474535,-0.12825520833333337,-0.16468759998171756,0.4477781355381012
fresh,covid_political,ss_ukr_rus,ukr_rus,True,/dataMeR1/phil/gfm/worktree-runtime-archive-20260812/prodigy-final-core/files/state/final_core/finalcore_ss_ukr_rus_s0_20260807/checkpoint/state_dict_2500.ckpt,f203cc94aa624776407539869397b585cd3963892d2a2244bb38dfc386466693,720532292f3c73ef63bfc8b0cd8f740ccb248272ffca4b33bc4ef4c649aa6ae7,3072,128,edges_query,0.9566314132125288,0.9095052083333334,0.8370457209847597,0.3184416592121124,-0.0006160029658566213,0.01399739583333337,0.019951703890742634,-0.05451953411102295
fresh,covid_political,ss_ukr_rus,ukr_rus,True,/dataMeR1/phil/gfm/worktree-runtime-archive-20260812/prodigy-final-core/files/state/final_core/finalcore_ss_ukr_rus_s0_20260807/checkpoint/state_dict_2500.ckpt,f203cc94aa624776407539869397b585cd3963892d2a2244bb38dfc386466693,720532292f3c73ef63bfc8b0cd8f740ccb248272ffca4b33bc4ef4c649aa6ae7,3072,128,edges_support,0.9562841344762733,0.8756510416666666,0.7921653971708379,0.4313826262950897,-0.0009632817021121287,-0.01985677083333337,-0.024928619923179185,0.058421432971954346
fresh,covid_political,ss_ukr_rus,ukr_rus,True,/dataMeR1/phil/gfm/worktree-runtime-archive-20260812/prodigy-final-core/files/state/final_core/finalcore_ss_ukr_rus_s0_20260807/checkpoint/state_dict_2500.ckpt,f203cc94aa624776407539869397b585cd3963892d2a2244bb38dfc386466693,720532292f3c73ef63bfc8b0cd8f740ccb248272ffca4b33bc4ef4c649aa6ae7,3072,128,edges_both,0.9574240225332755,0.9036458333333334,0.8302752293577982,0.3489559590816498,0.00017660635489014087,0.00813802083333337,0.013181212263781106,-0.024005234241485596
fresh,covid_political,ss_ukr_rus,ukr_rus,True,/dataMeR1/phil/gfm/worktree-runtime-archive-20260812/prodigy-final-core/files/state/final_core/finalcore_ss_ukr_rus_s0_20260807/checkpoint/state_dict_2500.ckpt,f203cc94aa624776407539869397b585cd3963892d2a2244bb38dfc386466693,720532292f3c73ef63bfc8b0cd8f740ccb248272ffca4b33bc4ef4c649aa6ae7,3072,128,center_zero_query,0.9362631903754339,0.7093098958333334,0.6246321984026902,0.7621772885322571,-0.02098422580295145,-0.18619791666666663,-0.19246181869132684,0.3892160952091217
fresh,covid_political,ss_ukr_rus_suspended,ukr_rus_suspended,True,/dataMeR1/phil/gfm/worktree-runtime-archive-20260812/prodigy-final-core/files/state/final_core/finalcore_ss_ukr_rus_suspended_s0_20260807/checkpoint/state_dict_2500.ckpt,7ec514855df19a4a47666ee0a92ecadb7fb1d943875490aceee9923d5ec06ee6,720532292f3c73ef63bfc8b0cd8f740ccb248272ffca4b33bc4ef4c649aa6ae7,3072,128,baseline,0.7095139114945023,0.66796875,0.5034079844206426,0.8268210887908936,0.0,0.0,0.0,0.0
fresh,covid_political,ss_ukr_rus_suspended,ukr_rus_suspended,True,/dataMeR1/phil/gfm/worktree-runtime-archive-20260812/prodigy-final-core/files/state/final_core/finalcore_ss_ukr_rus_suspended_s0_20260807/checkpoint/state_dict_2500.ckpt,7ec514855df19a4a47666ee0a92ecadb7fb1d943875490aceee9923d5ec06ee6,720532292f3c73ef63bfc8b0cd8f740ccb248272ffca4b33bc4ef4c649aa6ae7,3072,128,features_query,0.6382305003978588,0.6175130208333334,0.4186046511627907,1.0214252471923828,-0.07128341109664349,-0.05045572916666663,-0.08480333325785189,0.19460415840148926
fresh,covid_political,ss_ukr_rus_suspended,ukr_rus_suspended,True,/dataMeR1/phil/gfm/worktree-runtime-archive-20260812/prodigy-final-core/files/state/final_core/finalcore_ss_ukr_rus_suspended_s0_20260807/checkpoint/state_dict_2500.ckpt,7ec514855df19a4a47666ee0a92ecadb7fb1d943875490aceee9923d5ec06ee6,720532292f3c73ef63bfc8b0cd8f740ccb248272ffca4b33bc4ef4c649aa6ae7,3072,128,features_support,0.6842634412977431,0.6520182291666666,0.46362267937782237,0.9858397841453552,-0.02525047019675919,-0.01595052083333337,-0.03978530504282024,0.15901869535446167
fresh,covid_political,ss_ukr_rus_suspended,ukr_rus_suspended,True,/dataMeR1/phil/gfm/worktree-runtime-archive-20260812/prodigy-final-core/files/state/final_core/finalcore_ss_ukr_rus_suspended_s0_20260807/checkpoint/state_dict_2500.ckpt,7ec514855df19a4a47666ee0a92ecadb7fb1d943875490aceee9923d5ec06ee6,720532292f3c73ef63bfc8b0cd8f740ccb248272ffca4b33bc4ef4c649aa6ae7,3072,128,features_both,0.6191349735966435,0.6123046875,0.41531664212076586,1.2804332971572876,-0.09037893789785878,-0.0556640625,-0.08809134229987675,0.45361220836639404
fresh,covid_political,ss_ukr_rus_suspended,ukr_rus_suspended,True,/dataMeR1/phil/gfm/worktree-runtime-archive-20260812/prodigy-final-core/files/state/final_core/finalcore_ss_ukr_rus_suspended_s0_20260807/checkpoint/state_dict_2500.ckpt,7ec514855df19a4a47666ee0a92ecadb7fb1d943875490aceee9923d5ec06ee6,720532292f3c73ef63bfc8b0cd8f740ccb248272ffca4b33bc4ef4c649aa6ae7,3072,128,edges_query,0.6494050202546297,0.6451822916666666,0.4311064718162839,0.9085795879364014,-0.06010889123987262,-0.02278645833333337,-0.07230151260435869,0.08175849914550781
fresh,covid_political,ss_ukr_rus_suspended,ukr_rus_suspended,True,/dataMeR1/phil/gfm/worktree-runtime-archive-20260812/prodigy-final-core/files/state/final_core/finalcore_ss_ukr_rus_suspended_s0_20260807/checkpoint/state_dict_2500.ckpt,7ec514855df19a4a47666ee0a92ecadb7fb1d943875490aceee9923d5ec06ee6,720532292f3c73ef63bfc8b0cd8f740ccb248272ffca4b33bc4ef4c649aa6ae7,3072,128,edges_support,0.7751402678313078,0.7470703125,0.45473684210526316,0.5321447253227234,0.06562635633680558,0.0791015625,-0.048671142315379445,-0.29467636346817017
fresh,covid_political,ss_ukr_rus_suspended,ukr_rus_suspended,True,/dataMeR1/phil/gfm/worktree-runtime-archive-20260812/prodigy-final-core/files/state/final_core/finalcore_ss_ukr_rus_suspended_s0_20260807/checkpoint/state_dict_2500.ckpt,7ec514855df19a4a47666ee0a92ecadb7fb1d943875490aceee9923d5ec06ee6,720532292f3c73ef63bfc8b0cd8f740ccb248272ffca4b33bc4ef4c649aa6ae7,3072,128,edges_both,0.8728971128110532,0.771484375,0.6555446516192346,0.5205042362213135,0.16338320131655093,0.103515625,0.15213666719859198,-0.3063168525695801
fresh,covid_political,ss_ukr_rus_suspended,ukr_rus_suspended,True,/dataMeR1/phil/gfm/worktree-runtime-archive-20260812/prodigy-final-core/files/state/final_core/finalcore_ss_ukr_rus_suspended_s0_20260807/checkpoint/state_dict_2500.ckpt,7ec514855df19a4a47666ee0a92ecadb7fb1d943875490aceee9923d5ec06ee6,720532292f3c73ef63bfc8b0cd8f740ccb248272ffca4b33bc4ef4c649aa6ae7,3072,128,center_zero_query,0.7052123458297165,0.64453125,0.4858757062146893,0.8127744197845459,-0.004301565664785789,-0.0234375,-0.017532278205953322,-0.014046669006347656
fresh,election2020,ss_covid,covid,True,/dataMeR1/phil/gfm/worktree-runtime-archive-20260812/prodigy-final-core/files/state/final_core/finalcore_ss_covid_s0_20260807/checkpoint/state_dict_2500.ckpt,030f1710751dce3603f70a538b23389694cf40e4359d020e78416af93c2e5d6c,fa648ea5a7cab89edacf5cccf7a49a6c24fe2c038cd861dbc9bdddccd34e7cb2,256,128,baseline,0.9857177734375,0.9765625,0.9763779527559056,0.13788676261901855,0.0,0.0,0.0,0.0
fresh,election2020,ss_covid,covid,True,/dataMeR1/phil/gfm/worktree-runtime-archive-20260812/prodigy-final-core/files/state/final_core/finalcore_ss_covid_s0_20260807/checkpoint/state_dict_2500.ckpt,030f1710751dce3603f70a538b23389694cf40e4359d020e78416af93c2e5d6c,fa648ea5a7cab89edacf5cccf7a49a6c24fe2c038cd861dbc9bdddccd34e7cb2,256,128,features_query,0.8748779296875,0.80859375,0.8191881918819188,0.899724006652832,-0.11083984375,-0.16796875,-0.15718976087398673,0.7618372440338135
fresh,election2020,ss_covid,covid,True,/dataMeR1/phil/gfm/worktree-runtime-archive-20260812/prodigy-final-core/files/state/final_core/finalcore_ss_covid_s0_20260807/checkpoint/state_dict_2500.ckpt,030f1710751dce3603f70a538b23389694cf40e4359d020e78416af93c2e5d6c,fa648ea5a7cab89edacf5cccf7a49a6c24fe2c038cd861dbc9bdddccd34e7cb2,256,128,features_support,0.979736328125,0.95703125,0.9571984435797666,0.1718726009130478,-0.0059814453125,-0.01953125,-0.019179509176138976,0.033985838294029236
fresh,election2020,ss_covid,covid,True,/dataMeR1/phil/gfm/worktree-runtime-archive-20260812/prodigy-final-core/files/state/final_core/finalcore_ss_covid_s0_20260807/checkpoint/state_dict_2500.ckpt,030f1710751dce3603f70a538b23389694cf40e4359d020e78416af93c2e5d6c,fa648ea5a7cab89edacf5cccf7a49a6c24fe2c038cd861dbc9bdddccd34e7cb2,256,128,features_both,0.84136962890625,0.76171875,0.758893280632411,0.8762747645378113,-0.14434814453125,-0.21484375,-0.21748467212349454,0.7383880019187927
fresh,election2020,ss_covid,covid,True,/dataMeR1/phil/gfm/worktree-runtime-archive-20260812/prodigy-final-core/files/state/final_core/finalcore_ss_covid_s0_20260807/checkpoint/state_dict_2500.ckpt,030f1710751dce3603f70a538b23389694cf40e4359d020e78416af93c2e5d6c,fa648ea5a7cab89edacf5cccf7a49a6c24fe2c038cd861dbc9bdddccd34e7cb2,256,128,edges_query,0.9842529296875,0.97265625,0.9723320158102767,0.15237009525299072,-0.00146484375,-0.00390625,-0.004045936945628825,0.014483332633972168
fresh,election2020,ss_covid,covid,True,/dataMeR1/phil/gfm/worktree-runtime-archive-20260812/prodigy-final-core/files/state/final_core/finalcore_ss_covid_s0_20260807/checkpoint/state_dict_2500.ckpt,030f1710751dce3603f70a538b23389694cf40e4359d020e78416af93c2e5d6c,fa648ea5a7cab89edacf5cccf7a49a6c24fe2c038cd861dbc9bdddccd34e7cb2,256,128,edges_support,0.985595703125,0.97265625,0.9725490196078431,0.11576862633228302,-0.0001220703125,-0.00390625,-0.00382893314806243,-0.022118136286735535
fresh,election2020,ss_covid,covid,True,/dataMeR1/phil/gfm/worktree-runtime-archive-20260812/prodigy-final-core/files/state/final_core/finalcore_ss_covid_s0_20260807/checkpoint/state_dict_2500.ckpt,030f1710751dce3603f70a538b23389694cf40e4359d020e78416af93c2e5d6c,fa648ea5a7cab89edacf5cccf7a49a6c24fe2c038cd861dbc9bdddccd34e7cb2,256,128,edges_both,0.9849853515625,0.9765625,0.9763779527559056,0.1165514886379242,-0.000732421875,0.0,0.0,-0.02133527398109436
fresh,election2020,ss_covid,covid,True,/dataMeR1/phil/gfm/worktree-runtime-archive-20260812/prodigy-final-core/files/state/final_core/finalcore_ss_covid_s0_20260807/checkpoint/state_dict_2500.ckpt,030f1710751dce3603f70a538b23389694cf40e4359d020e78416af93c2e5d6c,fa648ea5a7cab89edacf5cccf7a49a6c24fe2c038cd861dbc9bdddccd34e7cb2,256,128,center_zero_query,0.98406982421875,0.9765625,0.9763779527559056,0.14297103881835938,-0.00164794921875,0.0,0.0,0.00508427619934082
fresh,election2020,ss_covid_political,covid_political,True,/dataMeR1/phil/gfm/worktree-runtime-archive-20260812/prodigy-final-core/files/state/final_core/finalcore_ss_covid_political_s0_20260807/checkpoint/state_dict_2500.ckpt,8e6516ca9c865f744c15bf968a2c113e2bba43eeee0be9adcb67a00673b9595b,fa648ea5a7cab89edacf5cccf7a49a6c24fe2c038cd861dbc9bdddccd34e7cb2,256,128,baseline,0.9859619140625,0.96875,0.9689922480620154,0.16998285055160522,0.0,0.0,0.0,0.0
fresh,election2020,ss_covid_political,covid_political,True,/dataMeR1/phil/gfm/worktree-runtime-archive-20260812/prodigy-final-core/files/state/final_core/finalcore_ss_covid_political_s0_20260807/checkpoint/state_dict_2500.ckpt,8e6516ca9c865f744c15bf968a2c113e2bba43eeee0be9adcb67a00673b9595b,fa648ea5a7cab89edacf5cccf7a49a6c24fe2c038cd861dbc9bdddccd34e7cb2,256,128,features_query,0.90240478515625,0.83984375,0.844106463878327,0.775344729423523,-0.08355712890625,-0.12890625,-0.12488578418368845,0.6053618788719177
fresh,election2020,ss_covid_political,covid_political,True,/dataMeR1/phil/gfm/worktree-runtime-archive-20260812/prodigy-final-core/files/state/final_core/finalcore_ss_covid_political_s0_20260807/checkpoint/state_dict_2500.ckpt,8e6516ca9c865f744c15bf968a2c113e2bba43eeee0be9adcb67a00673b9595b,fa648ea5a7cab89edacf5cccf7a49a6c24fe2c038cd861dbc9bdddccd34e7cb2,256,128,features_support,0.948272705078125,0.8671875,0.8712121212121212,0.4752863943576813,-0.037689208984375,-0.1015625,-0.09778012684989423,0.30530354380607605
fresh,election2020,ss_covid_political,covid_political,True,/dataMeR1/phil/gfm/worktree-runtime-archive-20260812/prodigy-final-core/files/state/final_core/finalcore_ss_covid_political_s0_20260807/checkpoint/state_dict_2500.ckpt,8e6516ca9c865f744c15bf968a2c113e2bba43eeee0be9adcb67a00673b9595b,fa648ea5a7cab89edacf5cccf7a49a6c24fe2c038cd861dbc9bdddccd34e7cb2,256,128,features_both,0.849945068359375,0.73828125,0.7581227436823105,1.1378060579299927,-0.136016845703125,-0.23046875,-0.21086950437970498,0.9678232073783875
fresh,election2020,ss_covid_political,covid_political,True,/dataMeR1/phil/gfm/worktree-runtime-archive-20260812/prodigy-final-core/files/state/final_core/finalcore_ss_covid_political_s0_20260807/checkpoint/state_dict_2500.ckpt,8e6516ca9c865f744c15bf968a2c113e2bba43eeee0be9adcb67a00673b9595b,fa648ea5a7cab89edacf5cccf7a49a6c24fe2c038cd861dbc9bdddccd34e7cb2,256,128,edges_query,0.9842529296875,0.9609375,0.9615384615384616,0.21014514565467834,-0.001708984375,-0.0078125,-0.007453786523553885,0.04016229510307312
fresh,election2020,ss_covid_political,covid_political,True,/dataMeR1/phil/gfm/worktree-runtime-archive-20260812/prodigy-final-core/files/state/final_core/finalcore_ss_covid_political_s0_20260807/checkpoint/state_dict_2500.ckpt,8e6516ca9c865f744c15bf968a2c113e2bba43eeee0be9adcb67a00673b9595b,fa648ea5a7cab89edacf5cccf7a49a6c24fe2c038cd861dbc9bdddccd34e7cb2,256,128,edges_support,0.983245849609375,0.96875,0.96875,0.22955107688903809,-0.002716064453125,0.0,-0.0002422480620154488,0.05956822633743286
fresh,election2020,ss_covid_political,covid_political,True,/dataMeR1/phil/gfm/worktree-runtime-archive-20260812/prodigy-final-core/files/state/final_core/finalcore_ss_covid_political_s0_20260807/checkpoint/state_dict_2500.ckpt,8e6516ca9c865f744c15bf968a2c113e2bba43eeee0be9adcb67a00673b9595b,fa648ea5a7cab89edacf5cccf7a49a6c24fe2c038cd861dbc9bdddccd34e7cb2,256,128,edges_both,0.981842041015625,0.953125,0.953125,0.2482008934020996,-0.004119873046875,-0.015625,-0.01586724806201545,0.07821804285049438
fresh,election2020,ss_covid_political,covid_political,True,/dataMeR1/phil/gfm/worktree-runtime-archive-20260812/prodigy-final-core/files/state/final_core/finalcore_ss_covid_political_s0_20260807/checkpoint/state_dict_2500.ckpt,8e6516ca9c865f744c15bf968a2c113e2bba43eeee0be9adcb67a00673b9595b,fa648ea5a7cab89edacf5cccf7a49a6c24fe2c038cd861dbc9bdddccd34e7cb2,256,128,center_zero_query,0.98333740234375,0.9765625,0.9763779527559056,0.15304315090179443,-0.00262451171875,0.0078125,0.007385704693890105,-0.01693969964981079
fresh,election2020,ss_cp_hk,cp_hk,True,/dataMeR1/phil/gfm/worktree-runtime-archive-20260812/prodigy-final-core/files/state/final_core/finalcore_ss_cp_hk_s0_20260807/checkpoint/state_dict_2500.ckpt,e1b049709343d31a4897ec32108ac25abd446223f63e964474d7fcc2c7f47390,fa648ea5a7cab89edacf5cccf7a49a6c24fe2c038cd861dbc9bdddccd34e7cb2,256,128,baseline,0.9586181640625,0.8984375,0.9007633587786259,0.28247591853141785,0.0,0.0,0.0,0.0
fresh,election2020,ss_cp_hk,cp_hk,True,/dataMeR1/phil/gfm/worktree-runtime-archive-20260812/prodigy-final-core/files/state/final_core/finalcore_ss_cp_hk_s0_20260807/checkpoint/state_dict_2500.ckpt,e1b049709343d31a4897ec32108ac25abd446223f63e964474d7fcc2c7f47390,fa648ea5a7cab89edacf5cccf7a49a6c24fe2c038cd861dbc9bdddccd34e7cb2,256,128,features_query,0.72149658203125,0.68359375,0.6693877551020408,0.8910475969314575,-0.23712158203125,-0.21484375,-0.23137560367658505,0.6085716784000397
fresh,election2020,ss_cp_hk,cp_hk,True,/dataMeR1/phil/gfm/worktree-runtime-archive-20260812/prodigy-final-core/files/state/final_core/finalcore_ss_cp_hk_s0_20260807/checkpoint/state_dict_2500.ckpt,e1b049709343d31a4897ec32108ac25abd446223f63e964474d7fcc2c7f47390,fa648ea5a7cab89edacf5cccf7a49a6c24fe2c038cd861dbc9bdddccd34e7cb2,256,128,features_support,0.781494140625,0.74609375,0.7653429602888087,0.677708625793457,-0.1771240234375,-0.15234375,-0.13542039848981724,0.3952327072620392
fresh,election2020,ss_cp_hk,cp_hk,True,/dataMeR1/phil/gfm/worktree-runtime-archive-20260812/prodigy-final-core/files/state/final_core/finalcore_ss_cp_hk_s0_20260807/checkpoint/state_dict_2500.ckpt,e1b049709343d31a4897ec32108ac25abd446223f63e964474d7fcc2c7f47390,fa648ea5a7cab89edacf5cccf7a49a6c24fe2c038cd861dbc9bdddccd34e7cb2,256,128,features_both,0.61041259765625,0.58203125,0.5803921568627451,1.240689754486084,-0.34820556640625,-0.31640625,-0.32037120191588075,0.9582138359546661
fresh,election2020,ss_cp_hk,cp_hk,True,/dataMeR1/phil/gfm/worktree-runtime-archive-20260812/prodigy-final-core/files/state/final_core/finalcore_ss_cp_hk_s0_20260807/checkpoint/state_dict_2500.ckpt,e1b049709343d31a4897ec32108ac25abd446223f63e964474d7fcc2c7f47390,fa648ea5a7cab89edacf5cccf7a49a6c24fe2c038cd861dbc9bdddccd34e7cb2,256,128,edges_query,0.7138671875,0.63671875,0.5463414634146342,0.9571924805641174,-0.2447509765625,-0.26171875,-0.3544218953639917,0.6747165620326996
fresh,election2020,ss_cp_hk,cp_hk,True,/dataMeR1/phil/gfm/worktree-runtime-archive-20260812/prodigy-final-core/files/state/final_core/finalcore_ss_cp_hk_s0_20260807/checkpoint/state_dict_2500.ckpt,e1b049709343d31a4897ec32108ac25abd446223f63e964474d7fcc2c7f47390,fa648ea5a7cab89edacf5cccf7a49a6c24fe2c038cd861dbc9bdddccd34e7cb2,256,128,edges_support,0.9622802734375,0.8125,0.8389261744966443,0.4087340235710144,0.003662109375,-0.0859375,-0.061837184281981594,0.12625810503959656
fresh,election2020,ss_cp_hk,cp_hk,True,/dataMeR1/phil/gfm/worktree-runtime-archive-20260812/prodigy-final-core/files/state/final_core/finalcore_ss_cp_hk_s0_20260807/checkpoint/state_dict_2500.ckpt,e1b049709343d31a4897ec32108ac25abd446223f63e964474d7fcc2c7f47390,fa648ea5a7cab89edacf5cccf7a49a6c24fe2c038cd861dbc9bdddccd34e7cb2,256,128,edges_both,0.97308349609375,0.9296875,0.9285714285714286,0.4099038541316986,0.01446533203125,0.03125,0.027808069792802703,0.12742793560028076
fresh,election2020,ss_cp_hk,cp_hk,True,/dataMeR1/phil/gfm/worktree-runtime-archive-20260812/prodigy-final-core/files/state/final_core/finalcore_ss_cp_hk_s0_20260807/checkpoint/state_dict_2500.ckpt,e1b049709343d31a4897ec32108ac25abd446223f63e964474d7fcc2c7f47390,fa648ea5a7cab89edacf5cccf7a49a6c24fe2c038cd861dbc9bdddccd34e7cb2,256,128,center_zero_query,0.95916748046875,0.89453125,0.8981132075471698,0.2913302183151245,0.00054931640625,-0.00390625,-0.002650151231456066,0.008854299783706665
fresh,election2020,ss_election2020,election2020,False,/dataMeR1/phil/gfm/worktree-runtime-archive-20260812/prodigy-final-core/files/state/final_core/finalcore_ss_election2020_s0_20260807/checkpoint/state_dict_2500.ckpt,90baf3b1a12d5fa06bed5b0ea26543f1a18fad091c152bb0eada7ccf064382d3,fa648ea5a7cab89edacf5cccf7a49a6c24fe2c038cd861dbc9bdddccd34e7cb2,256,128,baseline,0.977783203125,0.96484375,0.9647058823529412,0.15633022785186768,0.0,0.0,0.0,0.0
fresh,election2020,ss_election2020,election2020,False,/dataMeR1/phil/gfm/worktree-runtime-archive-20260812/prodigy-final-core/files/state/final_core/finalcore_ss_election2020_s0_20260807/checkpoint/state_dict_2500.ckpt,90baf3b1a12d5fa06bed5b0ea26543f1a18fad091c152bb0eada7ccf064382d3,fa648ea5a7cab89edacf5cccf7a49a6c24fe2c038cd861dbc9bdddccd34e7cb2,256,128,features_query,0.87115478515625,0.79296875,0.7905138339920948,0.6447060108184814,-0.10662841796875,-0.171875,-0.17419204836084634,0.48837578296661377
fresh,election2020,ss_election2020,election2020,False,/dataMeR1/phil/gfm/worktree-runtime-archive-20260812/prodigy-final-core/files/state/final_core/finalcore_ss_election2020_s0_20260807/checkpoint/state_dict_2500.ckpt,90baf3b1a12d5fa06bed5b0ea26543f1a18fad091c152bb0eada7ccf064382d3,fa648ea5a7cab89edacf5cccf7a49a6c24fe2c038cd861dbc9bdddccd34e7cb2,256,128,features_support,0.97015380859375,0.9453125,0.9461538461538461,0.19515055418014526,-0.00762939453125,-0.01953125,-0.018552036199095068,0.03882032632827759
fresh,election2020,ss_election2020,election2020,False,/dataMeR1/phil/gfm/worktree-runtime-archive-20260812/prodigy-final-core/files/state/final_core/finalcore_ss_election2020_s0_20260807/checkpoint/state_dict_2500.ckpt,90baf3b1a12d5fa06bed5b0ea26543f1a18fad091c152bb0eada7ccf064382d3,fa648ea5a7cab89edacf5cccf7a49a6c24fe2c038cd861dbc9bdddccd34e7cb2,256,128,features_both,0.8515625,0.7734375,0.7661290322580645,0.6668092012405396,-0.126220703125,-0.19140625,-0.1985768500948767,0.5104789733886719
fresh,election2020,ss_election2020,election2020,False,/dataMeR1/phil/gfm/worktree-runtime-archive-20260812/prodigy-final-core/files/state/final_core/finalcore_ss_election2020_s0_20260807/checkpoint/state_dict_2500.ckpt,90baf3b1a12d5fa06bed5b0ea26543f1a18fad091c152bb0eada7ccf064382d3,fa648ea5a7cab89edacf5cccf7a49a6c24fe2c038cd861dbc9bdddccd34e7cb2,256,128,edges_query,0.9754638671875,0.9609375,0.9615384615384616,0.196408212184906,-0.0023193359375,-0.00390625,-0.0031674208144796268,0.04007798433303833
fresh,election2020,ss_election2020,election2020,False,/dataMeR1/phil/gfm/worktree-runtime-archive-20260812/prodigy-final-core/files/state/final_core/finalcore_ss_election2020_s0_20260807/checkpoint/state_dict_2500.ckpt,90baf3b1a12d5fa06bed5b0ea26543f1a18fad091c152bb0eada7ccf064382d3,fa648ea5a7cab89edacf5cccf7a49a6c24fe2c038cd861dbc9bdddccd34e7cb2,256,128,edges_support,0.977294921875,0.96875,0.9682539682539683,0.19394905865192413,-0.00048828125,0.00390625,0.003548085901027065,0.03761883080005646
fresh,election2020,ss_election2020,election2020,False,/dataMeR1/phil/gfm/worktree-runtime-archive-20260812/prodigy-final-core/files/state/final_core/finalcore_ss_election2020_s0_20260807/checkpoint/state_dict_2500.ckpt,90baf3b1a12d5fa06bed5b0ea26543f1a18fad091c152bb0eada7ccf064382d3,fa648ea5a7cab89edacf5cccf7a49a6c24fe2c038cd861dbc9bdddccd34e7cb2,256,128,edges_both,0.978759765625,0.97265625,0.9725490196078431,0.20295514166355133,0.0009765625,0.0078125,0.007843137254901933,0.046624913811683655
fresh,election2020,ss_election2020,election2020,False,/dataMeR1/phil/gfm/worktree-runtime-archive-20260812/prodigy-final-core/files/state/final_core/finalcore_ss_election2020_s0_20260807/checkpoint/state_dict_2500.ckpt,90baf3b1a12d5fa06bed5b0ea26543f1a18fad091c152bb0eada7ccf064382d3,fa648ea5a7cab89edacf5cccf7a49a6c24fe2c038cd861dbc9bdddccd34e7cb2,256,128,center_zero_query,0.97747802734375,0.96484375,0.9647058823529412,0.15938451886177063,-0.00030517578125,0.0,0.0,0.003054291009902954
fresh,election2020,ss_facebook_page_reference,facebook_page_reference,True,/dataMeR1/phil/gfm/worktree-runtime-archive-20260812/prodigy-final-core/files/state/final_core/finalcore_ss_facebook_page_reference_s0_20260807/checkpoint/state_dict_2500.ckpt,1f36b6591001b4616df4499a7c686f4a15f62c69cb58e8dbeacfc38213478ff5,fa648ea5a7cab89edacf5cccf7a49a6c24fe2c038cd861dbc9bdddccd34e7cb2,256,128,baseline,0.97161865234375,0.9140625,0.9140625,0.22148698568344116,0.0,0.0,0.0,0.0
fresh,election2020,ss_facebook_page_reference,facebook_page_reference,True,/dataMeR1/phil/gfm/worktree-runtime-archive-20260812/prodigy-final-core/files/state/final_core/finalcore_ss_facebook_page_reference_s0_20260807/checkpoint/state_dict_2500.ckpt,1f36b6591001b4616df4499a7c686f4a15f62c69cb58e8dbeacfc38213478ff5,fa648ea5a7cab89edacf5cccf7a49a6c24fe2c038cd861dbc9bdddccd34e7cb2,256,128,features_query,0.727294921875,0.6875,0.689922480620155,1.2310357093811035,-0.24432373046875,-0.2265625,-0.22414001937984496,1.0095487236976624
fresh,election2020,ss_facebook_page_reference,facebook_page_reference,True,/dataMeR1/phil/gfm/worktree-runtime-archive-20260812/prodigy-final-core/files/state/final_core/finalcore_ss_facebook_page_reference_s0_20260807/checkpoint/state_dict_2500.ckpt,1f36b6591001b4616df4499a7c686f4a15f62c69cb58e8dbeacfc38213478ff5,fa648ea5a7cab89edacf5cccf7a49a6c24fe2c038cd861dbc9bdddccd34e7cb2,256,128,features_support,0.771270751953125,0.7109375,0.7109375,1.1430706977844238,-0.200347900390625,-0.203125,-0.203125,0.9215837121009827
fresh,election2020,ss_facebook_page_reference,facebook_page_reference,True,/dataMeR1/phil/gfm/worktree-runtime-archive-20260812/prodigy-final-core/files/state/final_core/finalcore_ss_facebook_page_reference_s0_20260807/checkpoint/state_dict_2500.ckpt,1f36b6591001b4616df4499a7c686f4a15f62c69cb58e8dbeacfc38213478ff5,fa648ea5a7cab89edacf5cccf7a49a6c24fe2c038cd861dbc9bdddccd34e7cb2,256,128,features_both,0.6307373046875,0.6015625,0.6015625,2.149059534072876,-0.34088134765625,-0.3125,-0.3125,1.9275725483894348
fresh,election2020,ss_facebook_page_reference,facebook_page_reference,True,/dataMeR1/phil/gfm/worktree-runtime-archive-20260812/prodigy-final-core/files/state/final_core/finalcore_ss_facebook_page_reference_s0_20260807/checkpoint/state_dict_2500.ckpt,1f36b6591001b4616df4499a7c686f4a15f62c69cb58e8dbeacfc38213478ff5,fa648ea5a7cab89edacf5cccf7a49a6c24fe2c038cd861dbc9bdddccd34e7cb2,256,128,edges_query,0.86163330078125,0.77734375,0.7553648068669528,0.6867249011993408,-0.1099853515625,-0.13671875,-0.15869769313304716,0.46523791551589966
fresh,election2020,ss_facebook_page_reference,facebook_page_reference,True,/dataMeR1/phil/gfm/worktree-runtime-archive-20260812/prodigy-final-core/files/state/final_core/finalcore_ss_facebook_page_reference_s0_20260807/checkpoint/state_dict_2500.ckpt,1f36b6591001b4616df4499a7c686f4a15f62c69cb58e8dbeacfc38213478ff5,fa648ea5a7cab89edacf5cccf7a49a6c24fe2c038cd861dbc9bdddccd34e7cb2,256,128,edges_support,0.98590087890625,0.89453125,0.9032258064516129,0.2505492568016052,0.0142822265625,-0.01953125,-0.010836693548387122,0.029062271118164062
fresh,election2020,ss_facebook_page_reference,facebook_page_reference,True,/dataMeR1/phil/gfm/worktree-runtime-archive-20260812/prodigy-final-core/files/state/final_core/finalcore_ss_facebook_page_reference_s0_20260807/checkpoint/state_dict_2500.ckpt,1f36b6591001b4616df4499a7c686f4a15f62c69cb58e8dbeacfc38213478ff5,fa648ea5a7cab89edacf5cccf7a49a6c24fe2c038cd861dbc9bdddccd34e7cb2,256,128,edges_both,0.98931884765625,0.9609375,0.9603174603174603,0.1336139589548111,0.0177001953125,0.046875,0.04625496031746035,-0.08787302672863007
fresh,election2020,ss_facebook_page_reference,facebook_page_reference,True,/dataMeR1/phil/gfm/worktree-runtime-archive-20260812/prodigy-final-core/files/state/final_core/finalcore_ss_facebook_page_reference_s0_20260807/checkpoint/state_dict_2500.ckpt,1f36b6591001b4616df4499a7c686f4a15f62c69cb58e8dbeacfc38213478ff5,fa648ea5a7cab89edacf5cccf7a49a6c24fe2c038cd861dbc9bdddccd34e7cb2,256,128,center_zero_query,0.9779052734375,0.9375,0.936,0.19415615499019623,0.00628662109375,0.0234375,0.021937500000000054,-0.027330830693244934
fresh,election2020,ss_midterm,midterm,True,/dataMeR1/phil/gfm/worktree-runtime-archive-20260812/prodigy-final-core/files/state/final_core/finalcore_ss_midterm_s0_20260807/checkpoint/state_dict_2500.ckpt,55a5d31025f33caafb8a31e0e8500b55502681c74175442b007af02f8303df67,fa648ea5a7cab89edacf5cccf7a49a6c24fe2c038cd861dbc9bdddccd34e7cb2,256,128,baseline,0.983489990234375,0.9765625,0.9763779527559056,0.13817866146564484,0.0,0.0,0.0,0.0
fresh,election2020,ss_midterm,midterm,True,/dataMeR1/phil/gfm/worktree-runtime-archive-20260812/prodigy-final-core/files/state/final_core/finalcore_ss_midterm_s0_20260807/checkpoint/state_dict_2500.ckpt,55a5d31025f33caafb8a31e0e8500b55502681c74175442b007af02f8303df67,fa648ea5a7cab89edacf5cccf7a49a6c24fe2c038cd861dbc9bdddccd34e7cb2,256,128,features_query,0.8988037109375,0.8125,0.813953488372093,0.7177238464355469,-0.084686279296875,-0.1640625,-0.16242446438381253,0.579545184969902
fresh,election2020,ss_midterm,midterm,True,/dataMeR1/phil/gfm/worktree-runtime-archive-20260812/prodigy-final-core/files/state/final_core/finalcore_ss_midterm_s0_20260807/checkpoint/state_dict_2500.ckpt,55a5d31025f33caafb8a31e0e8500b55502681c74175442b007af02f8303df67,fa648ea5a7cab89edacf5cccf7a49a6c24fe2c038cd861dbc9bdddccd34e7cb2,256,128,features_support,0.9830322265625,0.9609375,0.9615384615384616,0.17025291919708252,-0.000457763671875,-0.015625,-0.01483949121744399,0.03207425773143768
fresh,election2020,ss_midterm,midterm,True,/dataMeR1/phil/gfm/worktree-runtime-archive-20260812/prodigy-final-core/files/state/final_core/finalcore_ss_midterm_s0_20260807/checkpoint/state_dict_2500.ckpt,55a5d31025f33caafb8a31e0e8500b55502681c74175442b007af02f8303df67,fa648ea5a7cab89edacf5cccf7a49a6c24fe2c038cd861dbc9bdddccd34e7cb2,256,128,features_both,0.87799072265625,0.82421875,0.8301886792452831,0.8491647243499756,-0.105499267578125,-0.15234375,-0.1461892735106225,0.7109860628843307
fresh,election2020,ss_midterm,midterm,True,/dataMeR1/phil/gfm/worktree-runtime-archive-20260812/prodigy-final-core/files/state/final_core/finalcore_ss_midterm_s0_20260807/checkpoint/state_dict_2500.ckpt,55a5d31025f33caafb8a31e0e8500b55502681c74175442b007af02f8303df67,fa648ea5a7cab89edacf5cccf7a49a6c24fe2c038cd861dbc9bdddccd34e7cb2,256,128,edges_query,0.98065185546875,0.9765625,0.9763779527559056,0.1887550950050354,-0.002838134765625,0.0,0.0,0.050576433539390564
fresh,election2020,ss_midterm,midterm,True,/dataMeR1/phil/gfm/worktree-runtime-archive-20260812/prodigy-final-core/files/state/final_core/finalcore_ss_midterm_s0_20260807/checkpoint/state_dict_2500.ckpt,55a5d31025f33caafb8a31e0e8500b55502681c74175442b007af02f8303df67,fa648ea5a7cab89edacf5cccf7a49a6c24fe2c038cd861dbc9bdddccd34e7cb2,256,128,edges_support,0.9857177734375,0.82421875,0.8494983277591973,0.4941537380218506,0.002227783203125,-0.15234375,-0.12687962499670824,0.35597507655620575
fresh,election2020,ss_midterm,midterm,True,/dataMeR1/phil/gfm/worktree-runtime-archive-20260812/prodigy-final-core/files/state/final_core/finalcore_ss_midterm_s0_20260807/checkpoint/state_dict_2500.ckpt,55a5d31025f33caafb8a31e0e8500b55502681c74175442b007af02f8303df67,fa648ea5a7cab89edacf5cccf7a49a6c24fe2c038cd861dbc9bdddccd34e7cb2,256,128,edges_both,0.985504150390625,0.9765625,0.9763779527559056,0.23080334067344666,0.00201416015625,0.0,0.0,0.09262467920780182
fresh,election2020,ss_midterm,midterm,True,/dataMeR1/phil/gfm/worktree-runtime-archive-20260812/prodigy-final-core/files/state/final_core/finalcore_ss_midterm_s0_20260807/checkpoint/state_dict_2500.ckpt,55a5d31025f33caafb8a31e0e8500b55502681c74175442b007af02f8303df67,fa648ea5a7cab89edacf5cccf7a49a6c24fe2c038cd861dbc9bdddccd34e7cb2,256,128,center_zero_query,0.98370361328125,0.9765625,0.9763779527559056,0.1305234432220459,0.000213623046875,0.0,0.0,-0.007655218243598938
fresh,election2020,ss_twibot20,twibot20,True,/dataMeR1/phil/gfm/worktree-runtime-archive-20260812/prodigy-final-core/files/state/final_core/finalcore_ss_twibot20_s0_20260807/checkpoint/state_dict_2500.ckpt,38fd5db6854999a613fa5bf5647ba23362f9c52afb0b45470d1ad01a75f6c429,fa648ea5a7cab89edacf5cccf7a49a6c24fe2c038cd861dbc9bdddccd34e7cb2,256,128,baseline,0.9837646484375,0.97265625,0.9725490196078431,0.10810016840696335,0.0,0.0,0.0,0.0
fresh,election2020,ss_twibot20,twibot20,True,/dataMeR1/phil/gfm/worktree-runtime-archive-20260812/prodigy-final-core/files/state/final_core/finalcore_ss_twibot20_s0_20260807/checkpoint/state_dict_2500.ckpt,38fd5db6854999a613fa5bf5647ba23362f9c52afb0b45470d1ad01a75f6c429,fa648ea5a7cab89edacf5cccf7a49a6c24fe2c038cd861dbc9bdddccd34e7cb2,256,128,features_query,0.884765625,0.8046875,0.8046875,0.6042951345443726,-0.0989990234375,-0.16796875,-0.16786151960784312,0.4961949661374092
fresh,election2020,ss_twibot20,twibot20,True,/dataMeR1/phil/gfm/worktree-runtime-archive-20260812/prodigy-final-core/files/state/final_core/finalcore_ss_twibot20_s0_20260807/checkpoint/state_dict_2500.ckpt,38fd5db6854999a613fa5bf5647ba23362f9c52afb0b45470d1ad01a75f6c429,fa648ea5a7cab89edacf5cccf7a49a6c24fe2c038cd861dbc9bdddccd34e7cb2,256,128,features_support,0.97747802734375,0.93359375,0.9363295880149812,0.19136977195739746,-0.00628662109375,-0.0390625,-0.036219431592861895,0.08326960355043411
fresh,election2020,ss_twibot20,twibot20,True,/dataMeR1/phil/gfm/worktree-runtime-archive-20260812/prodigy-final-core/files/state/final_core/finalcore_ss_twibot20_s0_20260807/checkpoint/state_dict_2500.ckpt,38fd5db6854999a613fa5bf5647ba23362f9c52afb0b45470d1ad01a75f6c429,fa648ea5a7cab89edacf5cccf7a49a6c24fe2c038cd861dbc9bdddccd34e7cb2,256,128,features_both,0.81884765625,0.76171875,0.7829181494661922,0.8817301988601685,-0.1649169921875,-0.2109375,-0.18963087014165092,0.7736300304532051
fresh,election2020,ss_twibot20,twibot20,True,/dataMeR1/phil/gfm/worktree-runtime-archive-20260812/prodigy-final-core/files/state/final_core/finalcore_ss_twibot20_s0_20260807/checkpoint/state_dict_2500.ckpt,38fd5db6854999a613fa5bf5647ba23362f9c52afb0b45470d1ad01a75f6c429,fa648ea5a7cab89edacf5cccf7a49a6c24fe2c038cd861dbc9bdddccd34e7cb2,256,128,edges_query,0.9798583984375,0.97265625,0.9723320158102767,0.1355811208486557,-0.00390625,0.0,-0.0002170037975663952,0.027480952441692352
fresh,election2020,ss_twibot20,twibot20,True,/dataMeR1/phil/gfm/worktree-runtime-archive-20260812/prodigy-final-core/files/state/final_core/finalcore_ss_twibot20_s0_20260807/checkpoint/state_dict_2500.ckpt,38fd5db6854999a613fa5bf5647ba23362f9c52afb0b45470d1ad01a75f6c429,fa648ea5a7cab89edacf5cccf7a49a6c24fe2c038cd861dbc9bdddccd34e7cb2,256,128,edges_support,0.9840087890625,0.97265625,0.9727626459143969,0.11950770020484924,0.000244140625,0.0,0.00021362630655374915,0.011407531797885895
fresh,election2020,ss_twibot20,twibot20,True,/dataMeR1/phil/gfm/worktree-runtime-archive-20260812/prodigy-final-core/files/state/final_core/finalcore_ss_twibot20_s0_20260807/checkpoint/state_dict_2500.ckpt,38fd5db6854999a613fa5bf5647ba23362f9c52afb0b45470d1ad01a75f6c429,fa648ea5a7cab89edacf5cccf7a49a6c24fe2c038cd861dbc9bdddccd34e7cb2,256,128,edges_both,0.9813232421875,0.97265625,0.9725490196078431,0.10620316863059998,-0.00244140625,0.0,0.0,-0.0018969997763633728
fresh,election2020,ss_twibot20,twibot20,True,/dataMeR1/phil/gfm/worktree-runtime-archive-20260812/prodigy-final-core/files/state/final_core/finalcore_ss_twibot20_s0_20260807/checkpoint/state_dict_2500.ckpt,38fd5db6854999a613fa5bf5647ba23362f9c52afb0b45470d1ad01a75f6c429,fa648ea5a7cab89edacf5cccf7a49a6c24fe2c038cd861dbc9bdddccd34e7cb2,256,128,center_zero_query,0.978271484375,0.97265625,0.9725490196078431,0.11926250904798508,-0.0054931640625,0.0,0.0,0.011162340641021729
fresh,election2020,ss_ukr_rus,ukr_rus,True,/dataMeR1/phil/gfm/worktree-runtime-archive-20260812/prodigy-final-core/files/state/final_core/finalcore_ss_ukr_rus_s0_20260807/checkpoint/state_dict_2500.ckpt,f203cc94aa624776407539869397b585cd3963892d2a2244bb38dfc386466693,fa648ea5a7cab89edacf5cccf7a49a6c24fe2c038cd861dbc9bdddccd34e7cb2,256,128,baseline,0.9871826171875,0.9765625,0.9763779527559056,0.09539992362260818,0.0,0.0,0.0,0.0
fresh,election2020,ss_ukr_rus,ukr_rus,True,/dataMeR1/phil/gfm/worktree-runtime-archive-20260812/prodigy-final-core/files/state/final_core/finalcore_ss_ukr_rus_s0_20260807/checkpoint/state_dict_2500.ckpt,f203cc94aa624776407539869397b585cd3963892d2a2244bb38dfc386466693,fa648ea5a7cab89edacf5cccf7a49a6c24fe2c038cd861dbc9bdddccd34e7cb2,256,128,features_query,0.8671875,0.79296875,0.8044280442804428,0.6929641962051392,-0.1199951171875,-0.18359375,-0.17194990847546276,0.597564272582531
fresh,election2020,ss_ukr_rus,ukr_rus,True,/dataMeR1/phil/gfm/worktree-runtime-archive-20260812/prodigy-final-core/files/state/final_core/finalcore_ss_ukr_rus_s0_20260807/checkpoint/state_dict_2500.ckpt,f203cc94aa624776407539869397b585cd3963892d2a2244bb38dfc386466693,fa648ea5a7cab89edacf5cccf7a49a6c24fe2c038cd861dbc9bdddccd34e7cb2,256,128,features_support,0.97943115234375,0.94140625,0.9429657794676806,0.18047158420085907,-0.00775146484375,-0.03515625,-0.03341217328822499,0.08507166057825089
fresh,election2020,ss_ukr_rus,ukr_rus,True,/dataMeR1/phil/gfm/worktree-runtime-archive-20260812/prodigy-final-core/files/state/final_core/finalcore_ss_ukr_rus_s0_20260807/checkpoint/state_dict_2500.ckpt,f203cc94aa624776407539869397b585cd3963892d2a2244bb38dfc386466693,fa648ea5a7cab89edacf5cccf7a49a6c24fe2c038cd861dbc9bdddccd34e7cb2,256,128,features_both,0.82122802734375,0.76171875,0.7732342007434945,0.907869815826416,-0.16595458984375,-0.21484375,-0.20314375201241108,0.8124698922038078
fresh,election2020,ss_ukr_rus,ukr_rus,True,/dataMeR1/phil/gfm/worktree-runtime-archive-20260812/prodigy-final-core/files/state/final_core/finalcore_ss_ukr_rus_s0_20260807/checkpoint/state_dict_2500.ckpt,f203cc94aa624776407539869397b585cd3963892d2a2244bb38dfc386466693,fa648ea5a7cab89edacf5cccf7a49a6c24fe2c038cd861dbc9bdddccd34e7cb2,256,128,edges_query,0.98388671875,0.9765625,0.9763779527559056,0.10281063616275787,-0.0032958984375,0.0,0.0,0.007410712540149689
fresh,election2020,ss_ukr_rus,ukr_rus,True,/dataMeR1/phil/gfm/worktree-runtime-archive-20260812/prodigy-final-core/files/state/final_core/finalcore_ss_ukr_rus_s0_20260807/checkpoint/state_dict_2500.ckpt,f203cc94aa624776407539869397b585cd3963892d2a2244bb38dfc386466693,fa648ea5a7cab89edacf5cccf7a49a6c24fe2c038cd861dbc9bdddccd34e7cb2,256,128,edges_support,0.9871826171875,0.98046875,0.9803921568627451,0.09861584007740021,0.0,0.00390625,0.004014204106839503,0.0032159164547920227
fresh,election2020,ss_ukr_rus,ukr_rus,True,/dataMeR1/phil/gfm/worktree-runtime-archive-20260812/prodigy-final-core/files/state/final_core/finalcore_ss_ukr_rus_s0_20260807/checkpoint/state_dict_2500.ckpt,f203cc94aa624776407539869397b585cd3963892d2a2244bb38dfc386466693,fa648ea5a7cab89edacf5cccf7a49a6c24fe2c038cd861dbc9bdddccd34e7cb2,256,128,edges_both,0.98443603515625,0.9765625,0.9763779527559056,0.09614076465368271,-0.00274658203125,0.0,0.0,0.0007408410310745239
fresh,election2020,ss_ukr_rus,ukr_rus,True,/dataMeR1/phil/gfm/worktree-runtime-archive-20260812/prodigy-final-core/files/state/final_core/finalcore_ss_ukr_rus_s0_20260807/checkpoint/state_dict_2500.ckpt,f203cc94aa624776407539869397b585cd3963892d2a2244bb38dfc386466693,fa648ea5a7cab89edacf5cccf7a49a6c24fe2c038cd861dbc9bdddccd34e7cb2,256,128,center_zero_query,0.98651123046875,0.9765625,0.9763779527559056,0.0950663611292839,-0.00067138671875,0.0,0.0,-0.0003335624933242798
fresh,election2020,ss_ukr_rus_suspended,ukr_rus_suspended,True,/dataMeR1/phil/gfm/worktree-runtime-archive-20260812/prodigy-final-core/files/state/final_core/finalcore_ss_ukr_rus_suspended_s0_20260807/checkpoint/state_dict_2500.ckpt,7ec514855df19a4a47666ee0a92ecadb7fb1d943875490aceee9923d5ec06ee6,fa648ea5a7cab89edacf5cccf7a49a6c24fe2c038cd861dbc9bdddccd34e7cb2,256,128,baseline,0.97076416015625,0.94140625,0.9407114624505929,0.2431914359331131,0.0,0.0,0.0,0.0
fresh,election2020,ss_ukr_rus_suspended,ukr_rus_suspended,True,/dataMeR1/phil/gfm/worktree-runtime-archive-20260812/prodigy-final-core/files/state/final_core/finalcore_ss_ukr_rus_suspended_s0_20260807/checkpoint/state_dict_2500.ckpt,7ec514855df19a4a47666ee0a92ecadb7fb1d943875490aceee9923d5ec06ee6,fa648ea5a7cab89edacf5cccf7a49a6c24fe2c038cd861dbc9bdddccd34e7cb2,256,128,features_query,0.721435546875,0.6640625,0.6666666666666666,0.8375722169876099,-0.24932861328125,-0.27734375,-0.27404479578392626,0.5943807810544968
fresh,election2020,ss_ukr_rus_suspended,ukr_rus_suspended,True,/dataMeR1/phil/gfm/worktree-runtime-archive-20260812/prodigy-final-core/files/state/final_core/finalcore_ss_ukr_rus_suspended_s0_20260807/checkpoint/state_dict_2500.ckpt,7ec514855df19a4a47666ee0a92ecadb7fb1d943875490aceee9923d5ec06ee6,fa648ea5a7cab89edacf5cccf7a49a6c24fe2c038cd861dbc9bdddccd34e7cb2,256,128,features_support,0.821044921875,0.7421875,0.7203389830508474,0.6400048136711121,-0.14971923828125,-0.19921875,-0.22037247939974547,0.39681337773799896
fresh,election2020,ss_ukr_rus_suspended,ukr_rus_suspended,True,/dataMeR1/phil/gfm/worktree-runtime-archive-20260812/prodigy-final-core/files/state/final_core/finalcore_ss_ukr_rus_suspended_s0_20260807/checkpoint/state_dict_2500.ckpt,7ec514855df19a4a47666ee0a92ecadb7fb1d943875490aceee9923d5ec06ee6,fa648ea5a7cab89edacf5cccf7a49a6c24fe2c038cd861dbc9bdddccd34e7cb2,256,128,features_both,0.60687255859375,0.54296875,0.5263157894736842,1.4482593536376953,-0.3638916015625,-0.3984375,-0.4143956729769087,1.2050679177045822
fresh,election2020,ss_ukr_rus_suspended,ukr_rus_suspended,True,/dataMeR1/phil/gfm/worktree-runtime-archive-20260812/prodigy-final-core/files/state/final_core/finalcore_ss_ukr_rus_suspended_s0_20260807/checkpoint/state_dict_2500.ckpt,7ec514855df19a4a47666ee0a92ecadb7fb1d943875490aceee9923d5ec06ee6,fa648ea5a7cab89edacf5cccf7a49a6c24fe2c038cd861dbc9bdddccd34e7cb2,256,128,edges_query,0.91070556640625,0.765625,0.7986577181208053,0.44066864252090454,-0.06005859375,-0.17578125,-0.14205374432978757,0.19747720658779144
fresh,election2020,ss_ukr_rus_suspended,ukr_rus_suspended,True,/dataMeR1/phil/gfm/worktree-runtime-archive-20260812/prodigy-final-core/files/state/final_core/finalcore_ss_ukr_rus_suspended_s0_20260807/checkpoint/state_dict_2500.ckpt,7ec514855df19a4a47666ee0a92ecadb7fb1d943875490aceee9923d5ec06ee6,fa648ea5a7cab89edacf5cccf7a49a6c24fe2c038cd861dbc9bdddccd34e7cb2,256,128,edges_support,0.97418212890625,0.67578125,0.5257142857142857,0.5190951824188232,0.00341796875,-0.265625,-0.4149971767363072,0.27590374648571014
fresh,election2020,ss_ukr_rus_suspended,ukr_rus_suspended,True,/dataMeR1/phil/gfm/worktree-runtime-archive-20260812/prodigy-final-core/files/state/final_core/finalcore_ss_ukr_rus_suspended_s0_20260807/checkpoint/state_dict_2500.ckpt,7ec514855df19a4a47666ee0a92ecadb7fb1d943875490aceee9923d5ec06ee6,fa648ea5a7cab89edacf5cccf7a49a6c24fe2c038cd861dbc9bdddccd34e7cb2,256,128,edges_both,0.98187255859375,0.9453125,0.9457364341085271,0.2546754479408264,0.0111083984375,0.00390625,0.005024971657934252,0.011484012007713318
fresh,election2020,ss_ukr_rus_suspended,ukr_rus_suspended,True,/dataMeR1/phil/gfm/worktree-runtime-archive-20260812/prodigy-final-core/files/state/final_core/finalcore_ss_ukr_rus_suspended_s0_20260807/checkpoint/state_dict_2500.ckpt,7ec514855df19a4a47666ee0a92ecadb7fb1d943875490aceee9923d5ec06ee6,fa648ea5a7cab89edacf5cccf7a49a6c24fe2c038cd861dbc9bdddccd34e7cb2,256,128,center_zero_query,0.9783935546875,0.95703125,0.9565217391304348,0.24108311533927917,0.00762939453125,0.015625,0.015810276679841917,-0.0021083205938339233
fresh,facebook_page_reference,ss_covid,covid,True,/dataMeR1/phil/gfm/worktree-runtime-archive-20260812/prodigy-final-core/files/state/final_core/finalcore_ss_covid_s0_20260807/checkpoint/state_dict_2500.ckpt,030f1710751dce3603f70a538b23389694cf40e4359d020e78416af93c2e5d6c,4fd9916241b1f156c0ab0e6dde2a76fd200a53611b2bbd6a5446c5f019e75aa5,1024,128,baseline,0.7330970764160156,0.669921875,0.6640159045725647,0.7979860901832581,0.0,0.0,0.0,0.0
fresh,facebook_page_reference,ss_covid,covid,True,/dataMeR1/phil/gfm/worktree-runtime-archive-20260812/prodigy-final-core/files/state/final_core/finalcore_ss_covid_s0_20260807/checkpoint/state_dict_2500.ckpt,030f1710751dce3603f70a538b23389694cf40e4359d020e78416af93c2e5d6c,4fd9916241b1f156c0ab0e6dde2a76fd200a53611b2bbd6a5446c5f019e75aa5,1024,128,features_query,0.7272796630859375,0.6728515625,0.66864490603363,0.865731418132782,-0.005817413330078125,0.0029296875,0.004629001461065374,0.06774532794952393
fresh,facebook_page_reference,ss_covid,covid,True,/dataMeR1/phil/gfm/worktree-runtime-archive-20260812/prodigy-final-core/files/state/final_core/finalcore_ss_covid_s0_20260807/checkpoint/state_dict_2500.ckpt,030f1710751dce3603f70a538b23389694cf40e4359d020e78416af93c2e5d6c,4fd9916241b1f156c0ab0e6dde2a76fd200a53611b2bbd6a5446c5f019e75aa5,1024,128,features_support,0.7293128967285156,0.6640625,0.6640625,0.9743342995643616,-0.0037841796875,-0.005859375,4.65954274353475e-05,0.17634820938110352
fresh,facebook_page_reference,ss_covid,covid,True,/dataMeR1/phil/gfm/worktree-runtime-archive-20260812/prodigy-final-core/files/state/final_core/finalcore_ss_covid_s0_20260807/checkpoint/state_dict_2500.ckpt,030f1710751dce3603f70a538b23389694cf40e4359d020e78416af93c2e5d6c,4fd9916241b1f156c0ab0e6dde2a76fd200a53611b2bbd6a5446c5f019e75aa5,1024,128,features_both,0.7305850982666016,0.6650390625,0.6647116324535679,1.0720340013504028,-0.0025119781494140625,-0.0048828125,0.0006957278810032497,0.2740479111671448
fresh,facebook_page_reference,ss_covid,covid,True,/dataMeR1/phil/gfm/worktree-runtime-archive-20260812/prodigy-final-core/files/state/final_core/finalcore_ss_covid_s0_20260807/checkpoint/state_dict_2500.ckpt,030f1710751dce3603f70a538b23389694cf40e4359d020e78416af93c2e5d6c,4fd9916241b1f156c0ab0e6dde2a76fd200a53611b2bbd6a5446c5f019e75aa5,1024,128,edges_query,0.7305145263671875,0.6689453125,0.6620139581256231,0.7914465665817261,-0.002582550048828125,-0.0009765625,-0.002001946446941516,-0.006539523601531982
fresh,facebook_page_reference,ss_covid,covid,True,/dataMeR1/phil/gfm/worktree-runtime-archive-20260812/prodigy-final-core/files/state/final_core/finalcore_ss_covid_s0_20260807/checkpoint/state_dict_2500.ckpt,030f1710751dce3603f70a538b23389694cf40e4359d020e78416af93c2e5d6c,4fd9916241b1f156c0ab0e6dde2a76fd200a53611b2bbd6a5446c5f019e75aa5,1024,128,edges_support,0.7332878112792969,0.662109375,0.654690618762475,0.7710599899291992,0.00019073486328125,-0.0078125,-0.009325285810089623,-0.026926100254058838
fresh,facebook_page_reference,ss_covid,covid,True,/dataMeR1/phil/gfm/worktree-runtime-archive-20260812/prodigy-final-core/files/state/final_core/finalcore_ss_covid_s0_20260807/checkpoint/state_dict_2500.ckpt,030f1710751dce3603f70a538b23389694cf40e4359d020e78416af93c2e5d6c,4fd9916241b1f156c0ab0e6dde2a76fd200a53611b2bbd6a5446c5f019e75aa5,1024,128,edges_both,0.7322349548339844,0.6572265625,0.6521308225966304,0.7613088488578796,-0.00086212158203125,-0.0126953125,-0.011885081975934297,-0.03667724132537842
fresh,facebook_page_reference,ss_covid,covid,True,/dataMeR1/phil/gfm/worktree-runtime-archive-20260812/prodigy-final-core/files/state/final_core/finalcore_ss_covid_s0_20260807/checkpoint/state_dict_2500.ckpt,030f1710751dce3603f70a538b23389694cf40e4359d020e78416af93c2e5d6c,4fd9916241b1f156c0ab0e6dde2a76fd200a53611b2bbd6a5446c5f019e75aa5,1024,128,center_zero_query,0.670745849609375,0.6005859375,0.6025267249757046,0.8877706527709961,-0.062351226806640625,-0.0693359375,-0.061489179596860066,0.08978456258773804
fresh,facebook_page_reference,ss_covid_political,covid_political,True,/dataMeR1/phil/gfm/worktree-runtime-archive-20260812/prodigy-final-core/files/state/final_core/finalcore_ss_covid_political_s0_20260807/checkpoint/state_dict_2500.ckpt,8e6516ca9c865f744c15bf968a2c113e2bba43eeee0be9adcb67a00673b9595b,4fd9916241b1f156c0ab0e6dde2a76fd200a53611b2bbd6a5446c5f019e75aa5,1024,128,baseline,0.7167625427246094,0.654296875,0.6589595375722543,0.9311023354530334,0.0,0.0,0.0,0.0
fresh,facebook_page_reference,ss_covid_political,covid_political,True,/dataMeR1/phil/gfm/worktree-runtime-archive-20260812/prodigy-final-core/files/state/final_core/finalcore_ss_covid_political_s0_20260807/checkpoint/state_dict_2500.ckpt,8e6516ca9c865f744c15bf968a2c113e2bba43eeee0be9adcb67a00673b9595b,4fd9916241b1f156c0ab0e6dde2a76fd200a53611b2bbd6a5446c5f019e75aa5,1024,128,features_query,0.6955680847167969,0.646484375,0.6444007858546169,1.043731927871704,-0.0211944580078125,-0.0078125,-0.01455875171763743,0.11262959241867065
fresh,facebook_page_reference,ss_covid_political,covid_political,True,/dataMeR1/phil/gfm/worktree-runtime-archive-20260812/prodigy-final-core/files/state/final_core/finalcore_ss_covid_political_s0_20260807/checkpoint/state_dict_2500.ckpt,8e6516ca9c865f744c15bf968a2c113e2bba43eeee0be9adcb67a00673b9595b,4fd9916241b1f156c0ab0e6dde2a76fd200a53611b2bbd6a5446c5f019e75aa5,1024,128,features_support,0.7035617828369141,0.6513671875,0.6482758620689655,1.1074360609054565,-0.013200759887695312,-0.0029296875,-0.010683675503288859,0.1763337254524231
fresh,facebook_page_reference,ss_covid_political,covid_political,True,/dataMeR1/phil/gfm/worktree-runtime-archive-20260812/prodigy-final-core/files/state/final_core/finalcore_ss_covid_political_s0_20260807/checkpoint/state_dict_2500.ckpt,8e6516ca9c865f744c15bf968a2c113e2bba43eeee0be9adcb67a00673b9595b,4fd9916241b1f156c0ab0e6dde2a76fd200a53611b2bbd6a5446c5f019e75aa5,1024,128,features_both,0.6813125610351562,0.634765625,0.6333333333333333,1.2302217483520508,-0.035449981689453125,-0.01953125,-0.025626204238921035,0.29911941289901733
fresh,facebook_page_reference,ss_covid_political,covid_political,True,/dataMeR1/phil/gfm/worktree-runtime-archive-20260812/prodigy-final-core/files/state/final_core/finalcore_ss_covid_political_s0_20260807/checkpoint/state_dict_2500.ckpt,8e6516ca9c865f744c15bf968a2c113e2bba43eeee0be9adcb67a00673b9595b,4fd9916241b1f156c0ab0e6dde2a76fd200a53611b2bbd6a5446c5f019e75aa5,1024,128,edges_query,0.6761283874511719,0.6279296875,0.6231454005934718,1.05851411819458,-0.0406341552734375,-0.0263671875,-0.03581413697878255,0.12741178274154663
fresh,facebook_page_reference,ss_covid_political,covid_political,True,/dataMeR1/phil/gfm/worktree-runtime-archive-20260812/prodigy-final-core/files/state/final_core/finalcore_ss_covid_political_s0_20260807/checkpoint/state_dict_2500.ckpt,8e6516ca9c865f744c15bf968a2c113e2bba43eeee0be9adcb67a00673b9595b,4fd9916241b1f156c0ab0e6dde2a76fd200a53611b2bbd6a5446c5f019e75aa5,1024,128,edges_support,0.6760711669921875,0.62109375,0.618860510805501,1.0811702013015747,-0.040691375732421875,-0.033203125,-0.040099026766753365,0.15006786584854126
fresh,facebook_page_reference,ss_covid_political,covid_political,True,/dataMeR1/phil/gfm/worktree-runtime-archive-20260812/prodigy-final-core/files/state/final_core/finalcore_ss_covid_political_s0_20260807/checkpoint/state_dict_2500.ckpt,8e6516ca9c865f744c15bf968a2c113e2bba43eeee0be9adcb67a00673b9595b,4fd9916241b1f156c0ab0e6dde2a76fd200a53611b2bbd6a5446c5f019e75aa5,1024,128,edges_both,0.69329833984375,0.6533203125,0.6543330087633885,1.0668525695800781,-0.023464202880859375,-0.0009765625,-0.004626528808865826,0.13575023412704468
fresh,facebook_page_reference,ss_covid_political,covid_political,True,/dataMeR1/phil/gfm/worktree-runtime-archive-20260812/prodigy-final-core/files/state/final_core/finalcore_ss_covid_political_s0_20260807/checkpoint/state_dict_2500.ckpt,8e6516ca9c865f744c15bf968a2c113e2bba43eeee0be9adcb67a00673b9595b,4fd9916241b1f156c0ab0e6dde2a76fd200a53611b2bbd6a5446c5f019e75aa5,1024,128,center_zero_query,0.6314620971679688,0.576171875,0.5736738703339882,1.1240625381469727,-0.08530044555664062,-0.078125,-0.08528566723826614,0.1929602026939392
fresh,facebook_page_reference,ss_cp_hk,cp_hk,True,/dataMeR1/phil/gfm/worktree-runtime-archive-20260812/prodigy-final-core/files/state/final_core/finalcore_ss_cp_hk_s0_20260807/checkpoint/state_dict_2500.ckpt,e1b049709343d31a4897ec32108ac25abd446223f63e964474d7fcc2c7f47390,4fd9916241b1f156c0ab0e6dde2a76fd200a53611b2bbd6a5446c5f019e75aa5,1024,128,baseline,0.6489372253417969,0.5888671875,0.5768844221105528,0.9249959588050842,0.0,0.0,0.0,0.0
fresh,facebook_page_reference,ss_cp_hk,cp_hk,True,/dataMeR1/phil/gfm/worktree-runtime-archive-20260812/prodigy-final-core/files/state/final_core/finalcore_ss_cp_hk_s0_20260807/checkpoint/state_dict_2500.ckpt,e1b049709343d31a4897ec32108ac25abd446223f63e964474d7fcc2c7f47390,4fd9916241b1f156c0ab0e6dde2a76fd200a53611b2bbd6a5446c5f019e75aa5,1024,128,features_query,0.6481246948242188,0.5947265625,0.5903257650542941,0.9681740999221802,-0.000812530517578125,0.005859375,0.01344134294374133,0.04317814111709595
fresh,facebook_page_reference,ss_cp_hk,cp_hk,True,/dataMeR1/phil/gfm/worktree-runtime-archive-20260812/prodigy-final-core/files/state/final_core/finalcore_ss_cp_hk_s0_20260807/checkpoint/state_dict_2500.ckpt,e1b049709343d31a4897ec32108ac25abd446223f63e964474d7fcc2c7f47390,4fd9916241b1f156c0ab0e6dde2a76fd200a53611b2bbd6a5446c5f019e75aa5,1024,128,features_support,0.6253013610839844,0.5693359375,0.5646594274432379,1.1377556324005127,-0.0236358642578125,-0.01953125,-0.012224994667314859,0.21275967359542847
fresh,facebook_page_reference,ss_cp_hk,cp_hk,True,/dataMeR1/phil/gfm/worktree-runtime-archive-20260812/prodigy-final-core/files/state/final_core/finalcore_ss_cp_hk_s0_20260807/checkpoint/state_dict_2500.ckpt,e1b049709343d31a4897ec32108ac25abd446223f63e964474d7fcc2c7f47390,4fd9916241b1f156c0ab0e6dde2a76fd200a53611b2bbd6a5446c5f019e75aa5,1024,128,features_both,0.6419448852539062,0.5888671875,0.5940212150433944,1.171185851097107,-0.006992340087890625,0.0,0.01713679293284165,0.2461898922920227
fresh,facebook_page_reference,ss_cp_hk,cp_hk,True,/dataMeR1/phil/gfm/worktree-runtime-archive-20260812/prodigy-final-core/files/state/final_core/finalcore_ss_cp_hk_s0_20260807/checkpoint/state_dict_2500.ckpt,e1b049709343d31a4897ec32108ac25abd446223f63e964474d7fcc2c7f47390,4fd9916241b1f156c0ab0e6dde2a76fd200a53611b2bbd6a5446c5f019e75aa5,1024,128,edges_query,0.6368408203125,0.58984375,0.573170731707317,0.8976479768753052,-0.012096405029296875,0.0009765625,-0.00371369040323577,-0.027347981929779053
fresh,facebook_page_reference,ss_cp_hk,cp_hk,True,/dataMeR1/phil/gfm/worktree-runtime-archive-20260812/prodigy-final-core/files/state/final_core/finalcore_ss_cp_hk_s0_20260807/checkpoint/state_dict_2500.ckpt,e1b049709343d31a4897ec32108ac25abd446223f63e964474d7fcc2c7f47390,4fd9916241b1f156c0ab0e6dde2a76fd200a53611b2bbd6a5446c5f019e75aa5,1024,128,edges_support,0.6743984222412109,0.6103515625,0.6053412462908012,0.7354205250740051,0.025461196899414062,0.021484375,0.02845682418024842,-0.1895754337310791
fresh,facebook_page_reference,ss_cp_hk,cp_hk,True,/dataMeR1/phil/gfm/worktree-runtime-archive-20260812/prodigy-final-core/files/state/final_core/finalcore_ss_cp_hk_s0_20260807/checkpoint/state_dict_2500.ckpt,e1b049709343d31a4897ec32108ac25abd446223f63e964474d7fcc2c7f47390,4fd9916241b1f156c0ab0e6dde2a76fd200a53611b2bbd6a5446c5f019e75aa5,1024,128,edges_both,0.6835136413574219,0.6337890625,0.6276067527308838,0.6889725923538208,0.034576416015625,0.044921875,0.050722330620331046,-0.23602336645126343
fresh,facebook_page_reference,ss_cp_hk,cp_hk,True,/dataMeR1/phil/gfm/worktree-runtime-archive-20260812/prodigy-final-core/files/state/final_core/finalcore_ss_cp_hk_s0_20260807/checkpoint/state_dict_2500.ckpt,e1b049709343d31a4897ec32108ac25abd446223f63e964474d7fcc2c7f47390,4fd9916241b1f156c0ab0e6dde2a76fd200a53611b2bbd6a5446c5f019e75aa5,1024,128,center_zero_query,0.5811920166015625,0.5458984375,0.5336008024072216,1.0766046047210693,-0.06774520874023438,-0.04296875,-0.043283619703331166,0.1516086459159851
fresh,facebook_page_reference,ss_election2020,election2020,True,/dataMeR1/phil/gfm/worktree-runtime-archive-20260812/prodigy-final-core/files/state/final_core/finalcore_ss_election2020_s0_20260807/checkpoint/state_dict_2500.ckpt,90baf3b1a12d5fa06bed5b0ea26543f1a18fad091c152bb0eada7ccf064382d3,4fd9916241b1f156c0ab0e6dde2a76fd200a53611b2bbd6a5446c5f019e75aa5,1024,128,baseline,0.6567001342773438,0.599609375,0.594059405940594,0.7096256017684937,0.0,0.0,0.0,0.0
fresh,facebook_page_reference,ss_election2020,election2020,True,/dataMeR1/phil/gfm/worktree-runtime-archive-20260812/prodigy-final-core/files/state/final_core/finalcore_ss_election2020_s0_20260807/checkpoint/state_dict_2500.ckpt,90baf3b1a12d5fa06bed5b0ea26543f1a18fad091c152bb0eada7ccf064382d3,4fd9916241b1f156c0ab0e6dde2a76fd200a53611b2bbd6a5446c5f019e75aa5,1024,128,features_query,0.6518020629882812,0.60546875,0.6107899807321773,0.7591197490692139,-0.0048980712890625,0.005859375,0.01673057479158324,0.049494147300720215
fresh,facebook_page_reference,ss_election2020,election2020,True,/dataMeR1/phil/gfm/worktree-runtime-archive-20260812/prodigy-final-core/files/state/final_core/finalcore_ss_election2020_s0_20260807/checkpoint/state_dict_2500.ckpt,90baf3b1a12d5fa06bed5b0ea26543f1a18fad091c152bb0eada7ccf064382d3,4fd9916241b1f156c0ab0e6dde2a76fd200a53611b2bbd6a5446c5f019e75aa5,1024,128,features_support,0.6495418548583984,0.5966796875,0.5962854349951124,0.760991632938385,-0.0071582794189453125,-0.0029296875,0.002226029054518408,0.05136603116989136
fresh,facebook_page_reference,ss_election2020,election2020,True,/dataMeR1/phil/gfm/worktree-runtime-archive-20260812/prodigy-final-core/files/state/final_core/finalcore_ss_election2020_s0_20260807/checkpoint/state_dict_2500.ckpt,90baf3b1a12d5fa06bed5b0ea26543f1a18fad091c152bb0eada7ccf064382d3,4fd9916241b1f156c0ab0e6dde2a76fd200a53611b2bbd6a5446c5f019e75aa5,1024,128,features_both,0.64471435546875,0.59765625,0.5952848722986247,0.825503945350647,-0.01198577880859375,-0.001953125,0.001225466358030669,0.11587834358215332
fresh,facebook_page_reference,ss_election2020,election2020,True,/dataMeR1/phil/gfm/worktree-runtime-archive-20260812/prodigy-final-core/files/state/final_core/finalcore_ss_election2020_s0_20260807/checkpoint/state_dict_2500.ckpt,90baf3b1a12d5fa06bed5b0ea26543f1a18fad091c152bb0eada7ccf064382d3,4fd9916241b1f156c0ab0e6dde2a76fd200a53611b2bbd6a5446c5f019e75aa5,1024,128,edges_query,0.6560630798339844,0.607421875,0.6035502958579881,0.7192879915237427,-0.000637054443359375,0.0078125,0.009490889917394107,0.009662389755249023
fresh,facebook_page_reference,ss_election2020,election2020,True,/dataMeR1/phil/gfm/worktree-runtime-archive-20260812/prodigy-final-core/files/state/final_core/finalcore_ss_election2020_s0_20260807/checkpoint/state_dict_2500.ckpt,90baf3b1a12d5fa06bed5b0ea26543f1a18fad091c152bb0eada7ccf064382d3,4fd9916241b1f156c0ab0e6dde2a76fd200a53611b2bbd6a5446c5f019e75aa5,1024,128,edges_support,0.6376571655273438,0.5859375,0.5883495145631068,0.735336422920227,-0.01904296875,-0.013671875,-0.005709891377487231,0.0257108211517334
fresh,facebook_page_reference,ss_election2020,election2020,True,/dataMeR1/phil/gfm/worktree-runtime-archive-20260812/prodigy-final-core/files/state/final_core/finalcore_ss_election2020_s0_20260807/checkpoint/state_dict_2500.ckpt,90baf3b1a12d5fa06bed5b0ea26543f1a18fad091c152bb0eada7ccf064382d3,4fd9916241b1f156c0ab0e6dde2a76fd200a53611b2bbd6a5446c5f019e75aa5,1024,128,edges_both,0.6394424438476562,0.5947265625,0.5990338164251208,0.739977240562439,-0.0172576904296875,-0.0048828125,0.004974410484526737,0.030351638793945312
fresh,facebook_page_reference,ss_election2020,election2020,True,/dataMeR1/phil/gfm/worktree-runtime-archive-20260812/prodigy-final-core/files/state/final_core/finalcore_ss_election2020_s0_20260807/checkpoint/state_dict_2500.ckpt,90baf3b1a12d5fa06bed5b0ea26543f1a18fad091c152bb0eada7ccf064382d3,4fd9916241b1f156c0ab0e6dde2a76fd200a53611b2bbd6a5446c5f019e75aa5,1024,128,center_zero_query,0.5987167358398438,0.5576171875,0.5483549351944168,0.7229724526405334,-0.0579833984375,-0.0419921875,-0.04570447074617723,0.013346850872039795
fresh,facebook_page_reference,ss_facebook_page_reference,facebook_page_reference,False,/dataMeR1/phil/gfm/worktree-runtime-archive-20260812/prodigy-final-core/files/state/final_core/finalcore_ss_facebook_page_reference_s0_20260807/checkpoint/state_dict_2500.ckpt,1f36b6591001b4616df4499a7c686f4a15f62c69cb58e8dbeacfc38213478ff5,4fd9916241b1f156c0ab0e6dde2a76fd200a53611b2bbd6a5446c5f019e75aa5,1024,128,baseline,0.6783199310302734,0.634765625,0.6444866920152091,2.618809700012207,0.0,0.0,0.0,0.0
fresh,facebook_page_reference,ss_facebook_page_reference,facebook_page_reference,False,/dataMeR1/phil/gfm/worktree-runtime-archive-20260812/prodigy-final-core/files/state/final_core/finalcore_ss_facebook_page_reference_s0_20260807/checkpoint/state_dict_2500.ckpt,1f36b6591001b4616df4499a7c686f4a15f62c69cb58e8dbeacfc38213478ff5,4fd9916241b1f156c0ab0e6dde2a76fd200a53611b2bbd6a5446c5f019e75aa5,1024,128,features_query,0.6935691833496094,0.6337890625,0.6355685131195336,2.568030834197998,0.015249252319335938,-0.0009765625,-0.008918178895675588,-0.050778865814208984
fresh,facebook_page_reference,ss_facebook_page_reference,facebook_page_reference,False,/dataMeR1/phil/gfm/worktree-runtime-archive-20260812/prodigy-final-core/files/state/final_core/finalcore_ss_facebook_page_reference_s0_20260807/checkpoint/state_dict_2500.ckpt,1f36b6591001b4616df4499a7c686f4a15f62c69cb58e8dbeacfc38213478ff5,4fd9916241b1f156c0ab0e6dde2a76fd200a53611b2bbd6a5446c5f019e75aa5,1024,128,features_support,0.6821994781494141,0.6376953125,0.6422372227579557,2.6701619625091553,0.003879547119140625,0.0029296875,-0.0022494692572534447,0.05135226249694824
fresh,facebook_page_reference,ss_facebook_page_reference,facebook_page_reference,False,/dataMeR1/phil/gfm/worktree-runtime-archive-20260812/prodigy-final-core/files/state/final_core/finalcore_ss_facebook_page_reference_s0_20260807/checkpoint/state_dict_2500.ckpt,1f36b6591001b4616df4499a7c686f4a15f62c69cb58e8dbeacfc38213478ff5,4fd9916241b1f156c0ab0e6dde2a76fd200a53611b2bbd6a5446c5f019e75aa5,1024,128,features_both,0.7040748596191406,0.6416015625,0.6474543707973103,2.5814409255981445,0.025754928588867188,0.0068359375,0.0029676787821011352,-0.0373687744140625
fresh,facebook_page_reference,ss_facebook_page_reference,facebook_page_reference,False,/dataMeR1/phil/gfm/worktree-runtime-archive-20260812/prodigy-final-core/files/state/final_core/finalcore_ss_facebook_page_reference_s0_20260807/checkpoint/state_dict_2500.ckpt,1f36b6591001b4616df4499a7c686f4a15f62c69cb58e8dbeacfc38213478ff5,4fd9916241b1f156c0ab0e6dde2a76fd200a53611b2bbd6a5446c5f019e75aa5,1024,128,edges_query,0.67303466796875,0.62890625,0.6346153846153846,2.661642074584961,-0.0052852630615234375,-0.005859375,-0.009871307399824558,0.042832374572753906
fresh,facebook_page_reference,ss_facebook_page_reference,facebook_page_reference,False,/dataMeR1/phil/gfm/worktree-runtime-archive-20260812/prodigy-final-core/files/state/final_core/finalcore_ss_facebook_page_reference_s0_20260807/checkpoint/state_dict_2500.ckpt,1f36b6591001b4616df4499a7c686f4a15f62c69cb58e8dbeacfc38213478ff5,4fd9916241b1f156c0ab0e6dde2a76fd200a53611b2bbd6a5446c5f019e75aa5,1024,128,edges_support,0.6866626739501953,0.62890625,0.6374045801526718,2.4493985176086426,0.008342742919921875,-0.005859375,-0.007082111862537377,-0.16941118240356445
fresh,facebook_page_reference,ss_facebook_page_reference,facebook_page_reference,False,/dataMeR1/phil/gfm/worktree-runtime-archive-20260812/prodigy-final-core/files/state/final_core/finalcore_ss_facebook_page_reference_s0_20260807/checkpoint/state_dict_2500.ckpt,1f36b6591001b4616df4499a7c686f4a15f62c69cb58e8dbeacfc38213478ff5,4fd9916241b1f156c0ab0e6dde2a76fd200a53611b2bbd6a5446c5f019e75aa5,1024,128,edges_both,0.6871967315673828,0.640625,0.6481835564053537,2.4585065841674805,0.008876800537109375,0.005859375,0.0036968643901446052,-0.16030311584472656
fresh,facebook_page_reference,ss_facebook_page_reference,facebook_page_reference,False,/dataMeR1/phil/gfm/worktree-runtime-archive-20260812/prodigy-final-core/files/state/final_core/finalcore_ss_facebook_page_reference_s0_20260807/checkpoint/state_dict_2500.ckpt,1f36b6591001b4616df4499a7c686f4a15f62c69cb58e8dbeacfc38213478ff5,4fd9916241b1f156c0ab0e6dde2a76fd200a53611b2bbd6a5446c5f019e75aa5,1024,128,center_zero_query,0.622711181640625,0.5986328125,0.582741116751269,2.9722371101379395,-0.05560874938964844,-0.0361328125,-0.06174557526394009,0.3534274101257324
fresh,facebook_page_reference,ss_midterm,midterm,True,/dataMeR1/phil/gfm/worktree-runtime-archive-20260812/prodigy-final-core/files/state/final_core/finalcore_ss_midterm_s0_20260807/checkpoint/state_dict_2500.ckpt,55a5d31025f33caafb8a31e0e8500b55502681c74175442b007af02f8303df67,4fd9916241b1f156c0ab0e6dde2a76fd200a53611b2bbd6a5446c5f019e75aa5,1024,128,baseline,0.72650146484375,0.66015625,0.6561264822134387,0.9320794939994812,0.0,0.0,0.0,0.0
fresh,facebook_page_reference,ss_midterm,midterm,True,/dataMeR1/phil/gfm/worktree-runtime-archive-20260812/prodigy-final-core/files/state/final_core/finalcore_ss_midterm_s0_20260807/checkpoint/state_dict_2500.ckpt,55a5d31025f33caafb8a31e0e8500b55502681c74175442b007af02f8303df67,4fd9916241b1f156c0ab0e6dde2a76fd200a53611b2bbd6a5446c5f019e75aa5,1024,128,features_query,0.7133216857910156,0.6455078125,0.6479146459747818,1.0792758464813232,-0.013179779052734375,-0.0146484375,-0.008211836238656955,0.14719635248184204
fresh,facebook_page_reference,ss_midterm,midterm,True,/dataMeR1/phil/gfm/worktree-runtime-archive-20260812/prodigy-final-core/files/state/final_core/finalcore_ss_midterm_s0_20260807/checkpoint/state_dict_2500.ckpt,55a5d31025f33caafb8a31e0e8500b55502681c74175442b007af02f8303df67,4fd9916241b1f156c0ab0e6dde2a76fd200a53611b2bbd6a5446c5f019e75aa5,1024,128,features_support,0.7312736511230469,0.6796875,0.685823754789272,1.1809403896331787,0.004772186279296875,0.01953125,0.029697272575833322,0.2488608956336975
fresh,facebook_page_reference,ss_midterm,midterm,True,/dataMeR1/phil/gfm/worktree-runtime-archive-20260812/prodigy-final-core/files/state/final_core/finalcore_ss_midterm_s0_20260807/checkpoint/state_dict_2500.ckpt,55a5d31025f33caafb8a31e0e8500b55502681c74175442b007af02f8303df67,4fd9916241b1f156c0ab0e6dde2a76fd200a53611b2bbd6a5446c5f019e75aa5,1024,128,features_both,0.7253684997558594,0.67578125,0.6867924528301886,1.3232148885726929,-0.001132965087890625,0.015625,0.030665970616749916,0.39113539457321167
fresh,facebook_page_reference,ss_midterm,midterm,True,/dataMeR1/phil/gfm/worktree-runtime-archive-20260812/prodigy-final-core/files/state/final_core/finalcore_ss_midterm_s0_20260807/checkpoint/state_dict_2500.ckpt,55a5d31025f33caafb8a31e0e8500b55502681c74175442b007af02f8303df67,4fd9916241b1f156c0ab0e6dde2a76fd200a53611b2bbd6a5446c5f019e75aa5,1024,128,edges_query,0.7007637023925781,0.64453125,0.6459143968871596,0.9833073019981384,-0.025737762451171875,-0.015625,-0.010212085326279152,0.05122780799865723
fresh,facebook_page_reference,ss_midterm,midterm,True,/dataMeR1/phil/gfm/worktree-runtime-archive-20260812/prodigy-final-core/files/state/final_core/finalcore_ss_midterm_s0_20260807/checkpoint/state_dict_2500.ckpt,55a5d31025f33caafb8a31e0e8500b55502681c74175442b007af02f8303df67,4fd9916241b1f156c0ab0e6dde2a76fd200a53611b2bbd6a5446c5f019e75aa5,1024,128,edges_support,0.7330093383789062,0.6552734375,0.6589371980676328,0.832610011100769,0.00650787353515625,-0.0048828125,0.0028107158541941235,-0.09946948289871216
fresh,facebook_page_reference,ss_midterm,midterm,True,/dataMeR1/phil/gfm/worktree-runtime-archive-20260812/prodigy-final-core/files/state/final_core/finalcore_ss_midterm_s0_20260807/checkpoint/state_dict_2500.ckpt,55a5d31025f33caafb8a31e0e8500b55502681c74175442b007af02f8303df67,4fd9916241b1f156c0ab0e6dde2a76fd200a53611b2bbd6a5446c5f019e75aa5,1024,128,edges_both,0.7567520141601562,0.6796875,0.6784313725490196,0.7524915337562561,0.03025054931640625,0.01953125,0.022304890335580918,-0.1795879602432251
fresh,facebook_page_reference,ss_midterm,midterm,True,/dataMeR1/phil/gfm/worktree-runtime-archive-20260812/prodigy-final-core/files/state/final_core/finalcore_ss_midterm_s0_20260807/checkpoint/state_dict_2500.ckpt,55a5d31025f33caafb8a31e0e8500b55502681c74175442b007af02f8303df67,4fd9916241b1f156c0ab0e6dde2a76fd200a53611b2bbd6a5446c5f019e75aa5,1024,128,center_zero_query,0.6528587341308594,0.619140625,0.6115537848605578,1.1231783628463745,-0.07364273071289062,-0.041015625,-0.04457269735288094,0.1910988688468933
fresh,facebook_page_reference,ss_twibot20,twibot20,True,/dataMeR1/phil/gfm/worktree-runtime-archive-20260812/prodigy-final-core/files/state/final_core/finalcore_ss_twibot20_s0_20260807/checkpoint/state_dict_2500.ckpt,38fd5db6854999a613fa5bf5647ba23362f9c52afb0b45470d1ad01a75f6c429,4fd9916241b1f156c0ab0e6dde2a76fd200a53611b2bbd6a5446c5f019e75aa5,1024,128,baseline,0.7541389465332031,0.6806640625,0.6790971540726202,0.868862509727478,0.0,0.0,0.0,0.0
fresh,facebook_page_reference,ss_twibot20,twibot20,True,/dataMeR1/phil/gfm/worktree-runtime-archive-20260812/prodigy-final-core/files/state/final_core/finalcore_ss_twibot20_s0_20260807/checkpoint/state_dict_2500.ckpt,38fd5db6854999a613fa5bf5647ba23362f9c52afb0b45470d1ad01a75f6c429,4fd9916241b1f156c0ab0e6dde2a76fd200a53611b2bbd6a5446c5f019e75aa5,1024,128,features_query,0.7645683288574219,0.68359375,0.6804733727810651,0.8844475746154785,0.01042938232421875,0.0029296875,0.001376218708444954,0.015585064888000488
fresh,facebook_page_reference,ss_twibot20,twibot20,True,/dataMeR1/phil/gfm/worktree-runtime-archive-20260812/prodigy-final-core/files/state/final_core/finalcore_ss_twibot20_s0_20260807/checkpoint/state_dict_2500.ckpt,38fd5db6854999a613fa5bf5647ba23362f9c52afb0b45470d1ad01a75f6c429,4fd9916241b1f156c0ab0e6dde2a76fd200a53611b2bbd6a5446c5f019e75aa5,1024,128,features_support,0.7604484558105469,0.681640625,0.682261208576998,0.9555392861366272,0.00630950927734375,0.0009765625,0.0031640545043778445,0.08667677640914917
fresh,facebook_page_reference,ss_twibot20,twibot20,True,/dataMeR1/phil/gfm/worktree-runtime-archive-20260812/prodigy-final-core/files/state/final_core/finalcore_ss_twibot20_s0_20260807/checkpoint/state_dict_2500.ckpt,38fd5db6854999a613fa5bf5647ba23362f9c52afb0b45470d1ad01a75f6c429,4fd9916241b1f156c0ab0e6dde2a76fd200a53611b2bbd6a5446c5f019e75aa5,1024,128,features_both,0.7642860412597656,0.685546875,0.6867704280155642,1.0171923637390137,0.0101470947265625,0.0048828125,0.007673273942944037,0.14832985401153564
fresh,facebook_page_reference,ss_twibot20,twibot20,True,/dataMeR1/phil/gfm/worktree-runtime-archive-20260812/prodigy-final-core/files/state/final_core/finalcore_ss_twibot20_s0_20260807/checkpoint/state_dict_2500.ckpt,38fd5db6854999a613fa5bf5647ba23362f9c52afb0b45470d1ad01a75f6c429,4fd9916241b1f156c0ab0e6dde2a76fd200a53611b2bbd6a5446c5f019e75aa5,1024,128,edges_query,0.7537555694580078,0.671875,0.671875,0.845379114151001,-0.0003833770751953125,-0.0087890625,-0.007222154072620168,-0.02348339557647705
fresh,facebook_page_reference,ss_twibot20,twibot20,True,/dataMeR1/phil/gfm/worktree-runtime-archive-20260812/prodigy-final-core/files/state/final_core/finalcore_ss_twibot20_s0_20260807/checkpoint/state_dict_2500.ckpt,38fd5db6854999a613fa5bf5647ba23362f9c52afb0b45470d1ad01a75f6c429,4fd9916241b1f156c0ab0e6dde2a76fd200a53611b2bbd6a5446c5f019e75aa5,1024,128,edges_support,0.7562408447265625,0.6669921875,0.6711668273866924,0.8185440897941589,0.002101898193359375,-0.013671875,-0.007930326685927747,-0.05031841993331909
fresh,facebook_page_reference,ss_twibot20,twibot20,True,/dataMeR1/phil/gfm/worktree-runtime-archive-20260812/prodigy-final-core/files/state/final_core/finalcore_ss_twibot20_s0_20260807/checkpoint/state_dict_2500.ckpt,38fd5db6854999a613fa5bf5647ba23362f9c52afb0b45470d1ad01a75f6c429,4fd9916241b1f156c0ab0e6dde2a76fd200a53611b2bbd6a5446c5f019e75aa5,1024,128,edges_both,0.7569007873535156,0.671875,0.6763005780346821,0.796777069568634,0.0027618408203125,-0.0087890625,-0.0027965760379380367,-0.072085440158844
fresh,facebook_page_reference,ss_twibot20,twibot20,True,/dataMeR1/phil/gfm/worktree-runtime-archive-20260812/prodigy-final-core/files/state/final_core/finalcore_ss_twibot20_s0_20260807/checkpoint/state_dict_2500.ckpt,38fd5db6854999a613fa5bf5647ba23362f9c52afb0b45470d1ad01a75f6c429,4fd9916241b1f156c0ab0e6dde2a76fd200a53611b2bbd6a5446c5f019e75aa5,1024,128,center_zero_query,0.6982994079589844,0.6494140625,0.6463054187192119,1.0480226278305054,-0.05583953857421875,-0.03125,-0.03279173535340829,0.17916011810302734
fresh,facebook_page_reference,ss_ukr_rus,ukr_rus,True,/dataMeR1/phil/gfm/worktree-runtime-archive-20260812/prodigy-final-core/files/state/final_core/finalcore_ss_ukr_rus_s0_20260807/checkpoint/state_dict_2500.ckpt,f203cc94aa624776407539869397b585cd3963892d2a2244bb38dfc386466693,4fd9916241b1f156c0ab0e6dde2a76fd200a53611b2bbd6a5446c5f019e75aa5,1024,128,baseline,0.767974853515625,0.7001953125,0.6939182452642074,0.7752076983451843,0.0,0.0,0.0,0.0
fresh,facebook_page_reference,ss_ukr_rus,ukr_rus,True,/dataMeR1/phil/gfm/worktree-runtime-archive-20260812/prodigy-final-core/files/state/final_core/finalcore_ss_ukr_rus_s0_20260807/checkpoint/state_dict_2500.ckpt,f203cc94aa624776407539869397b585cd3963892d2a2244bb38dfc386466693,4fd9916241b1f156c0ab0e6dde2a76fd200a53611b2bbd6a5446c5f019e75aa5,1024,128,features_query,0.7637710571289062,0.6884765625,0.6806806806806807,0.7884693145751953,-0.00420379638671875,-0.01171875,-0.013237564583526762,0.013261616230010986
fresh,facebook_page_reference,ss_ukr_rus,ukr_rus,True,/dataMeR1/phil/gfm/worktree-runtime-archive-20260812/prodigy-final-core/files/state/final_core/finalcore_ss_ukr_rus_s0_20260807/checkpoint/state_dict_2500.ckpt,f203cc94aa624776407539869397b585cd3963892d2a2244bb38dfc386466693,4fd9916241b1f156c0ab0e6dde2a76fd200a53611b2bbd6a5446c5f019e75aa5,1024,128,features_support,0.7649879455566406,0.6923828125,0.6878097125867195,0.8754096627235413,-0.002986907958984375,-0.0078125,-0.006108532677487899,0.10020196437835693
fresh,facebook_page_reference,ss_ukr_rus,ukr_rus,True,/dataMeR1/phil/gfm/worktree-runtime-archive-20260812/prodigy-final-core/files/state/final_core/finalcore_ss_ukr_rus_s0_20260807/checkpoint/state_dict_2500.ckpt,f203cc94aa624776407539869397b585cd3963892d2a2244bb38dfc386466693,4fd9916241b1f156c0ab0e6dde2a76fd200a53611b2bbd6a5446c5f019e75aa5,1024,128,features_both,0.75421142578125,0.693359375,0.6878727634194831,0.9214233160018921,-0.013763427734375,-0.0068359375,-0.00604548184472431,0.14621561765670776
fresh,facebook_page_reference,ss_ukr_rus,ukr_rus,True,/dataMeR1/phil/gfm/worktree-runtime-archive-20260812/prodigy-final-core/files/state/final_core/finalcore_ss_ukr_rus_s0_20260807/checkpoint/state_dict_2500.ckpt,f203cc94aa624776407539869397b585cd3963892d2a2244bb38dfc386466693,4fd9916241b1f156c0ab0e6dde2a76fd200a53611b2bbd6a5446c5f019e75aa5,1024,128,edges_query,0.76739501953125,0.6982421875,0.6894472361809045,0.7678124904632568,-0.000579833984375,-0.001953125,-0.00447100908330289,-0.00739520788192749
fresh,facebook_page_reference,ss_ukr_rus,ukr_rus,True,/dataMeR1/phil/gfm/worktree-runtime-archive-20260812/prodigy-final-core/files/state/final_core/finalcore_ss_ukr_rus_s0_20260807/checkpoint/state_dict_2500.ckpt,f203cc94aa624776407539869397b585cd3963892d2a2244bb38dfc386466693,4fd9916241b1f156c0ab0e6dde2a76fd200a53611b2bbd6a5446c5f019e75aa5,1024,128,edges_support,0.7686576843261719,0.7041015625,0.7020648967551623,0.7566457986831665,0.000682830810546875,0.00390625,0.008146651490954837,-0.018561899662017822
fresh,facebook_page_reference,ss_ukr_rus,ukr_rus,True,/dataMeR1/phil/gfm/worktree-runtime-archive-20260812/prodigy-final-core/files/state/final_core/finalcore_ss_ukr_rus_s0_20260807/checkpoint/state_dict_2500.ckpt,f203cc94aa624776407539869397b585cd3963892d2a2244bb38dfc386466693,4fd9916241b1f156c0ab0e6dde2a76fd200a53611b2bbd6a5446c5f019e75aa5,1024,128,edges_both,0.7704505920410156,0.705078125,0.7015810276679841,0.7413723468780518,0.002475738525390625,0.0048828125,0.007662782403776713,-0.03383535146713257
fresh,facebook_page_reference,ss_ukr_rus,ukr_rus,True,/dataMeR1/phil/gfm/worktree-runtime-archive-20260812/prodigy-final-core/files/state/final_core/finalcore_ss_ukr_rus_s0_20260807/checkpoint/state_dict_2500.ckpt,f203cc94aa624776407539869397b585cd3963892d2a2244bb38dfc386466693,4fd9916241b1f156c0ab0e6dde2a76fd200a53611b2bbd6a5446c5f019e75aa5,1024,128,center_zero_query,0.6924705505371094,0.63671875,0.6287425149700598,0.9100818037986755,-0.07550430297851562,-0.0634765625,-0.06517573029414758,0.1348741054534912
fresh,facebook_page_reference,ss_ukr_rus_suspended,ukr_rus_suspended,True,/dataMeR1/phil/gfm/worktree-runtime-archive-20260812/prodigy-final-core/files/state/final_core/finalcore_ss_ukr_rus_suspended_s0_20260807/checkpoint/state_dict_2500.ckpt,7ec514855df19a4a47666ee0a92ecadb7fb1d943875490aceee9923d5ec06ee6,4fd9916241b1f156c0ab0e6dde2a76fd200a53611b2bbd6a5446c5f019e75aa5,1024,128,baseline,0.62640380859375,0.5859375,0.5785288270377733,1.0131936073303223,0.0,0.0,0.0,0.0
fresh,facebook_page_reference,ss_ukr_rus_suspended,ukr_rus_suspended,True,/dataMeR1/phil/gfm/worktree-runtime-archive-20260812/prodigy-final-core/files/state/final_core/finalcore_ss_ukr_rus_suspended_s0_20260807/checkpoint/state_dict_2500.ckpt,7ec514855df19a4a47666ee0a92ecadb7fb1d943875490aceee9923d5ec06ee6,4fd9916241b1f156c0ab0e6dde2a76fd200a53611b2bbd6a5446c5f019e75aa5,1024,128,features_query,0.6164894104003906,0.5869140625,0.5791044776119403,1.0976557731628418,-0.009914398193359375,0.0009765625,0.0005756505741669748,0.08446216583251953
fresh,facebook_page_reference,ss_ukr_rus_suspended,ukr_rus_suspended,True,/dataMeR1/phil/gfm/worktree-runtime-archive-20260812/prodigy-final-core/files/state/final_core/finalcore_ss_ukr_rus_suspended_s0_20260807/checkpoint/state_dict_2500.ckpt,7ec514855df19a4a47666ee0a92ecadb7fb1d943875490aceee9923d5ec06ee6,4fd9916241b1f156c0ab0e6dde2a76fd200a53611b2bbd6a5446c5f019e75aa5,1024,128,features_support,0.5815925598144531,0.552734375,0.5492125984251969,1.4013667106628418,-0.044811248779296875,-0.033203125,-0.029316228612576434,0.38817310333251953
fresh,facebook_page_reference,ss_ukr_rus_suspended,ukr_rus_suspended,True,/dataMeR1/phil/gfm/worktree-runtime-archive-20260812/prodigy-final-core/files/state/final_core/finalcore_ss_ukr_rus_suspended_s0_20260807/checkpoint/state_dict_2500.ckpt,7ec514855df19a4a47666ee0a92ecadb7fb1d943875490aceee9923d5ec06ee6,4fd9916241b1f156c0ab0e6dde2a76fd200a53611b2bbd6a5446c5f019e75aa5,1024,128,features_both,0.5860824584960938,0.5625,0.5616438356164384,1.5072048902511597,-0.04032135009765625,-0.0234375,-0.016884991421334927,0.4940112829208374
fresh,facebook_page_reference,ss_ukr_rus_suspended,ukr_rus_suspended,True,/dataMeR1/phil/gfm/worktree-runtime-archive-20260812/prodigy-final-core/files/state/final_core/finalcore_ss_ukr_rus_suspended_s0_20260807/checkpoint/state_dict_2500.ckpt,7ec514855df19a4a47666ee0a92ecadb7fb1d943875490aceee9923d5ec06ee6,4fd9916241b1f156c0ab0e6dde2a76fd200a53611b2bbd6a5446c5f019e75aa5,1024,128,edges_query,0.6127243041992188,0.580078125,0.5776031434184676,1.033315896987915,-0.01367950439453125,-0.005859375,-0.0009256836193056728,0.020122289657592773
fresh,facebook_page_reference,ss_ukr_rus_suspended,ukr_rus_suspended,True,/dataMeR1/phil/gfm/worktree-runtime-archive-20260812/prodigy-final-core/files/state/final_core/finalcore_ss_ukr_rus_suspended_s0_20260807/checkpoint/state_dict_2500.ckpt,7ec514855df19a4a47666ee0a92ecadb7fb1d943875490aceee9923d5ec06ee6,4fd9916241b1f156c0ab0e6dde2a76fd200a53611b2bbd6a5446c5f019e75aa5,1024,128,edges_support,0.6180992126464844,0.5830078125,0.5751243781094527,0.8835688829421997,-0.008304595947265625,-0.0029296875,-0.0034044489283205914,-0.12962472438812256
fresh,facebook_page_reference,ss_ukr_rus_suspended,ukr_rus_suspended,True,/dataMeR1/phil/gfm/worktree-runtime-archive-20260812/prodigy-final-core/files/state/final_core/finalcore_ss_ukr_rus_suspended_s0_20260807/checkpoint/state_dict_2500.ckpt,7ec514855df19a4a47666ee0a92ecadb7fb1d943875490aceee9923d5ec06ee6,4fd9916241b1f156c0ab0e6dde2a76fd200a53611b2bbd6a5446c5f019e75aa5,1024,128,edges_both,0.6279983520507812,0.5986328125,0.5982404692082112,0.835161566734314,0.00159454345703125,0.0126953125,0.01971164217043786,-0.1780320405960083
fresh,facebook_page_reference,ss_ukr_rus_suspended,ukr_rus_suspended,True,/dataMeR1/phil/gfm/worktree-runtime-archive-20260812/prodigy-final-core/files/state/final_core/finalcore_ss_ukr_rus_suspended_s0_20260807/checkpoint/state_dict_2500.ckpt,7ec514855df19a4a47666ee0a92ecadb7fb1d943875490aceee9923d5ec06ee6,4fd9916241b1f156c0ab0e6dde2a76fd200a53611b2bbd6a5446c5f019e75aa5,1024,128,center_zero_query,0.6015243530273438,0.5771484375,0.5750736015701668,1.0228657722473145,-0.02487945556640625,-0.0087890625,-0.0034552254676064598,0.009672164916992188
fresh,twibot20,ss_covid,covid,True,/dataMeR1/phil/gfm/worktree-runtime-archive-20260812/prodigy-final-core/files/state/final_core/finalcore_ss_covid_s0_20260807/checkpoint/state_dict_2500.ckpt,030f1710751dce3603f70a538b23389694cf40e4359d020e78416af93c2e5d6c,4e5d4a4c73f9d09878ac1c8af923b1317ad461532349220c1580a04092fe9257,3072,128,baseline,0.5942120022243924,0.5667317708333334,0.5933394439352276,0.9578506946563721,0.0,0.0,0.0,0.0
fresh,twibot20,ss_covid,covid,True,/dataMeR1/phil/gfm/worktree-runtime-archive-20260812/prodigy-final-core/files/state/final_core/finalcore_ss_covid_s0_20260807/checkpoint/state_dict_2500.ckpt,030f1710751dce3603f70a538b23389694cf40e4359d020e78416af93c2e5d6c,4e5d4a4c73f9d09878ac1c8af923b1317ad461532349220c1580a04092fe9257,3072,128,features_query,0.5606040954589844,0.5485026041666666,0.5709866996597588,1.1433568000793457,-0.033607906765408035,-0.01822916666666674,-0.02235274427546885,0.18550610542297363
fresh,twibot20,ss_covid,covid,True,/dataMeR1/phil/gfm/worktree-runtime-archive-20260812/prodigy-final-core/files/state/final_core/finalcore_ss_covid_s0_20260807/checkpoint/state_dict_2500.ckpt,030f1710751dce3603f70a538b23389694cf40e4359d020e78416af93c2e5d6c,4e5d4a4c73f9d09878ac1c8af923b1317ad461532349220c1580a04092fe9257,3072,128,features_support,0.5789320203993056,0.5595703125,0.584841976066278,1.3329863548278809,-0.01527998182508683,-0.00716145833333337,-0.00849746786894967,0.3751356601715088
fresh,twibot20,ss_covid,covid,True,/dataMeR1/phil/gfm/worktree-runtime-archive-20260812/prodigy-final-core/files/state/final_core/finalcore_ss_covid_s0_20260807/checkpoint/state_dict_2500.ckpt,030f1710751dce3603f70a538b23389694cf40e4359d020e78416af93c2e5d6c,4e5d4a4c73f9d09878ac1c8af923b1317ad461532349220c1580a04092fe9257,3072,128,features_both,0.5550882551405165,0.5465494791666666,0.5699289904291448,1.561048150062561,-0.03912374708387589,-0.02018229166666674,-0.02341045350608284,0.603197455406189
fresh,twibot20,ss_covid,covid,True,/dataMeR1/phil/gfm/worktree-runtime-archive-20260812/prodigy-final-core/files/state/final_core/finalcore_ss_covid_s0_20260807/checkpoint/state_dict_2500.ckpt,030f1710751dce3603f70a538b23389694cf40e4359d020e78416af93c2e5d6c,4e5d4a4c73f9d09878ac1c8af923b1317ad461532349220c1580a04092fe9257,3072,128,edges_query,0.5398987664116753,0.5244140625,0.6017988552739166,1.0955982208251953,-0.054313235812717076,-0.04231770833333337,0.008459411338688994,0.13774752616882324
fresh,twibot20,ss_covid,covid,True,/dataMeR1/phil/gfm/worktree-runtime-archive-20260812/prodigy-final-core/files/state/final_core/finalcore_ss_covid_s0_20260807/checkpoint/state_dict_2500.ckpt,030f1710751dce3603f70a538b23389694cf40e4359d020e78416af93c2e5d6c,4e5d4a4c73f9d09878ac1c8af923b1317ad461532349220c1580a04092fe9257,3072,128,edges_support,0.5538586510552301,0.5423177083333334,0.5435064935064935,0.9334735870361328,-0.04035335116916228,-0.0244140625,-0.049832950428734146,-0.024377107620239258
fresh,twibot20,ss_covid,covid,True,/dataMeR1/phil/gfm/worktree-runtime-archive-20260812/prodigy-final-core/files/state/final_core/finalcore_ss_covid_s0_20260807/checkpoint/state_dict_2500.ckpt,030f1710751dce3603f70a538b23389694cf40e4359d020e78416af93c2e5d6c,4e5d4a4c73f9d09878ac1c8af923b1317ad461532349220c1580a04092fe9257,3072,128,edges_both,0.5420002407497829,0.53125,0.5460277427490542,0.9420561194419861,-0.052211761474609486,-0.03548177083333337,-0.04731170118617345,-0.015794575214385986
fresh,twibot20,ss_covid,covid,True,/dataMeR1/phil/gfm/worktree-runtime-archive-20260812/prodigy-final-core/files/state/final_core/finalcore_ss_covid_s0_20260807/checkpoint/state_dict_2500.ckpt,030f1710751dce3603f70a538b23389694cf40e4359d020e78416af93c2e5d6c,4e5d4a4c73f9d09878ac1c8af923b1317ad461532349220c1580a04092fe9257,3072,128,center_zero_query,0.5874701605902778,0.5660807291666666,0.5907276634940128,0.9742140769958496,-0.00674184163411462,-0.0006510416666667407,-0.002611780441214795,0.01636338233947754
fresh,twibot20,ss_covid_political,covid_political,True,/dataMeR1/phil/gfm/worktree-runtime-archive-20260812/prodigy-final-core/files/state/final_core/finalcore_ss_covid_political_s0_20260807/checkpoint/state_dict_2500.ckpt,8e6516ca9c865f744c15bf968a2c113e2bba43eeee0be9adcb67a00673b9595b,4e5d4a4c73f9d09878ac1c8af923b1317ad461532349220c1580a04092fe9257,3072,128,baseline,0.5157843695746528,0.5227864583333334,0.519344262295082,1.1683200597763062,0.0,0.0,0.0,0.0
fresh,twibot20,ss_covid_political,covid_political,True,/dataMeR1/phil/gfm/worktree-runtime-archive-20260812/prodigy-final-core/files/state/final_core/finalcore_ss_covid_political_s0_20260807/checkpoint/state_dict_2500.ckpt,8e6516ca9c865f744c15bf968a2c113e2bba43eeee0be9adcb67a00673b9595b,4e5d4a4c73f9d09878ac1c8af923b1317ad461532349220c1580a04092fe9257,3072,128,features_query,0.5101595984564887,0.5100911458333334,0.4930953182889862,1.2069534063339233,-0.0056247711181640625,-0.0126953125,-0.026248944006095842,0.03863334655761719
fresh,twibot20,ss_covid_political,covid_political,True,/dataMeR1/phil/gfm/worktree-runtime-archive-20260812/prodigy-final-core/files/state/final_core/finalcore_ss_covid_political_s0_20260807/checkpoint/state_dict_2500.ckpt,8e6516ca9c865f744c15bf968a2c113e2bba43eeee0be9adcb67a00673b9595b,4e5d4a4c73f9d09878ac1c8af923b1317ad461532349220c1580a04092fe9257,3072,128,features_support,0.5011393229166666,0.5029296875,0.4968698517298188,1.1955389976501465,-0.01464504665798616,-0.01985677083333337,-0.022474410565263225,0.027218937873840332
fresh,twibot20,ss_covid_political,covid_political,True,/dataMeR1/phil/gfm/worktree-runtime-archive-20260812/prodigy-final-core/files/state/final_core/finalcore_ss_covid_political_s0_20260807/checkpoint/state_dict_2500.ckpt,8e6516ca9c865f744c15bf968a2c113e2bba43eeee0be9adcb67a00673b9595b,4e5d4a4c73f9d09878ac1c8af923b1317ad461532349220c1580a04092fe9257,3072,128,features_both,0.5101555718315972,0.5104166666666666,0.5003322259136213,1.2506026029586792,-0.00562879774305558,-0.01236979166666674,-0.019012036381460762,0.08228254318237305
fresh,twibot20,ss_covid_political,covid_political,True,/dataMeR1/phil/gfm/worktree-runtime-archive-20260812/prodigy-final-core/files/state/final_core/finalcore_ss_covid_political_s0_20260807/checkpoint/state_dict_2500.ckpt,8e6516ca9c865f744c15bf968a2c113e2bba43eeee0be9adcb67a00673b9595b,4e5d4a4c73f9d09878ac1c8af923b1317ad461532349220c1580a04092fe9257,3072,128,edges_query,0.4880157046847873,0.4954427083333333,0.5204207920792079,1.4522215127944946,-0.027768664889865513,-0.027343750000000056,0.001076529784125868,0.2839014530181885
fresh,twibot20,ss_covid_political,covid_political,True,/dataMeR1/phil/gfm/worktree-runtime-archive-20260812/prodigy-final-core/files/state/final_core/finalcore_ss_covid_political_s0_20260807/checkpoint/state_dict_2500.ckpt,8e6516ca9c865f744c15bf968a2c113e2bba43eeee0be9adcb67a00673b9595b,4e5d4a4c73f9d09878ac1c8af923b1317ad461532349220c1580a04092fe9257,3072,128,edges_support,0.4956355624728733,0.5078125,0.509090909090909,1.6189664602279663,-0.020148807101779465,-0.01497395833333337,-0.010253353204172977,0.45064640045166016
fresh,twibot20,ss_covid_political,covid_political,True,/dataMeR1/phil/gfm/worktree-runtime-archive-20260812/prodigy-final-core/files/state/final_core/finalcore_ss_covid_political_s0_20260807/checkpoint/state_dict_2500.ckpt,8e6516ca9c865f744c15bf968a2c113e2bba43eeee0be9adcb67a00673b9595b,4e5d4a4c73f9d09878ac1c8af923b1317ad461532349220c1580a04092fe9257,3072,128,edges_both,0.4943339029947917,0.4970703125,0.4969065450993162,2.0419466495513916,-0.021450466579861105,-0.02571614583333337,-0.022437717195765816,0.8736265897750854
fresh,twibot20,ss_covid_political,covid_political,True,/dataMeR1/phil/gfm/worktree-runtime-archive-20260812/prodigy-final-core/files/state/final_core/finalcore_ss_covid_political_s0_20260807/checkpoint/state_dict_2500.ckpt,8e6516ca9c865f744c15bf968a2c113e2bba43eeee0be9adcb67a00673b9595b,4e5d4a4c73f9d09878ac1c8af923b1317ad461532349220c1580a04092fe9257,3072,128,center_zero_query,0.528201209174262,0.5224609375,0.5317586977338015,0.9859374165534973,0.012416839599609264,-0.00032552083333337034,0.012414435438719451,-0.18238264322280884
fresh,twibot20,ss_cp_hk,cp_hk,True,/dataMeR1/phil/gfm/worktree-runtime-archive-20260812/prodigy-final-core/files/state/final_core/finalcore_ss_cp_hk_s0_20260807/checkpoint/state_dict_2500.ckpt,e1b049709343d31a4897ec32108ac25abd446223f63e964474d7fcc2c7f47390,4e5d4a4c73f9d09878ac1c8af923b1317ad461532349220c1580a04092fe9257,3072,128,baseline,0.5975032382541232,0.5807291666666666,0.6132132132132132,1.0918314456939697,0.0,0.0,0.0,0.0
fresh,twibot20,ss_cp_hk,cp_hk,True,/dataMeR1/phil/gfm/worktree-runtime-archive-20260812/prodigy-final-core/files/state/final_core/finalcore_ss_cp_hk_s0_20260807/checkpoint/state_dict_2500.ckpt,e1b049709343d31a4897ec32108ac25abd446223f63e964474d7fcc2c7f47390,4e5d4a4c73f9d09878ac1c8af923b1317ad461532349220c1580a04092fe9257,3072,128,features_query,0.5627257029215496,0.5498046875,0.566593544343466,1.1825904846191406,-0.03477753533257366,-0.03092447916666663,-0.04661966886974722,0.0907590389251709
fresh,twibot20,ss_cp_hk,cp_hk,True,/dataMeR1/phil/gfm/worktree-runtime-archive-20260812/prodigy-final-core/files/state/final_core/finalcore_ss_cp_hk_s0_20260807/checkpoint/state_dict_2500.ckpt,e1b049709343d31a4897ec32108ac25abd446223f63e964474d7fcc2c7f47390,4e5d4a4c73f9d09878ac1c8af923b1317ad461532349220c1580a04092fe9257,3072,128,features_support,0.5968909793429905,0.5794270833333334,0.6226635514018691,1.369699478149414,-0.0006122589111327015,-0.0013020833333332593,0.009450338188655927,0.27786803245544434
fresh,twibot20,ss_cp_hk,cp_hk,True,/dataMeR1/phil/gfm/worktree-runtime-archive-20260812/prodigy-final-core/files/state/final_core/finalcore_ss_cp_hk_s0_20260807/checkpoint/state_dict_2500.ckpt,e1b049709343d31a4897ec32108ac25abd446223f63e964474d7fcc2c7f47390,4e5d4a4c73f9d09878ac1c8af923b1317ad461532349220c1580a04092fe9257,3072,128,features_both,0.5605716705322266,0.5475260416666666,0.5795523290986085,1.562251091003418,-0.03693156772189665,-0.033203125,-0.03366088411460466,0.47041964530944824
fresh,twibot20,ss_cp_hk,cp_hk,True,/dataMeR1/phil/gfm/worktree-runtime-archive-20260812/prodigy-final-core/files/state/final_core/finalcore_ss_cp_hk_s0_20260807/checkpoint/state_dict_2500.ckpt,e1b049709343d31a4897ec32108ac25abd446223f63e964474d7fcc2c7f47390,4e5d4a4c73f9d09878ac1c8af923b1317ad461532349220c1580a04092fe9257,3072,128,edges_query,0.5198860168457031,0.5188802083333334,0.6336142786316311,1.2522786855697632,-0.07761722140842009,-0.06184895833333326,0.020401065418417907,0.16044723987579346
fresh,twibot20,ss_cp_hk,cp_hk,True,/dataMeR1/phil/gfm/worktree-runtime-archive-20260812/prodigy-final-core/files/state/final_core/finalcore_ss_cp_hk_s0_20260807/checkpoint/state_dict_2500.ckpt,e1b049709343d31a4897ec32108ac25abd446223f63e964474d7fcc2c7f47390,4e5d4a4c73f9d09878ac1c8af923b1317ad461532349220c1580a04092fe9257,3072,128,edges_support,0.5143229166666667,0.5152994791666666,0.5450656889703636,0.8460733294487,-0.08318032158745647,-0.0654296875,-0.06814752424284964,-0.24575811624526978
fresh,twibot20,ss_cp_hk,cp_hk,True,/dataMeR1/phil/gfm/worktree-runtime-archive-20260812/prodigy-final-core/files/state/final_core/finalcore_ss_cp_hk_s0_20260807/checkpoint/state_dict_2500.ckpt,e1b049709343d31a4897ec32108ac25abd446223f63e964474d7fcc2c7f47390,4e5d4a4c73f9d09878ac1c8af923b1317ad461532349220c1580a04092fe9257,3072,128,edges_both,0.5431128607855903,0.5296223958333334,0.5465955443991214,0.7435377240180969,-0.054390377468532924,-0.05110677083333326,-0.06661766881409181,-0.3482937216758728
fresh,twibot20,ss_cp_hk,cp_hk,True,/dataMeR1/phil/gfm/worktree-runtime-archive-20260812/prodigy-final-core/files/state/final_core/finalcore_ss_cp_hk_s0_20260807/checkpoint/state_dict_2500.ckpt,e1b049709343d31a4897ec32108ac25abd446223f63e964474d7fcc2c7f47390,4e5d4a4c73f9d09878ac1c8af923b1317ad461532349220c1580a04092fe9257,3072,128,center_zero_query,0.6010894775390626,0.5843098958333334,0.5998119711689126,1.1384449005126953,0.0035862392849393965,0.0035807291666667407,-0.013401242044300599,0.046613454818725586
fresh,twibot20,ss_election2020,election2020,True,/dataMeR1/phil/gfm/worktree-runtime-archive-20260812/prodigy-final-core/files/state/final_core/finalcore_ss_election2020_s0_20260807/checkpoint/state_dict_2500.ckpt,90baf3b1a12d5fa06bed5b0ea26543f1a18fad091c152bb0eada7ccf064382d3,4e5d4a4c73f9d09878ac1c8af923b1317ad461532349220c1580a04092fe9257,3072,128,baseline,0.6417335934109158,0.611328125,0.5966216216216216,0.6966163516044617,0.0,0.0,0.0,0.0
fresh,twibot20,ss_election2020,election2020,True,/dataMeR1/phil/gfm/worktree-runtime-archive-20260812/prodigy-final-core/files/state/final_core/finalcore_ss_election2020_s0_20260807/checkpoint/state_dict_2500.ckpt,90baf3b1a12d5fa06bed5b0ea26543f1a18fad091c152bb0eada7ccf064382d3,4e5d4a4c73f9d09878ac1c8af923b1317ad461532349220c1580a04092fe9257,3072,128,features_query,0.5691346062554253,0.5445963541666666,0.5167530224525043,0.8061563968658447,-0.07259898715549051,-0.06673177083333337,-0.07986859916911726,0.10954004526138306
fresh,twibot20,ss_election2020,election2020,True,/dataMeR1/phil/gfm/worktree-runtime-archive-20260812/prodigy-final-core/files/state/final_core/finalcore_ss_election2020_s0_20260807/checkpoint/state_dict_2500.ckpt,90baf3b1a12d5fa06bed5b0ea26543f1a18fad091c152bb0eada7ccf064382d3,4e5d4a4c73f9d09878ac1c8af923b1317ad461532349220c1580a04092fe9257,3072,128,features_support,0.5918299357096355,0.5693359375,0.5652316792638843,0.7909621596336365,-0.04990365770128036,-0.0419921875,-0.03138994235773729,0.0943458080291748
fresh,twibot20,ss_election2020,election2020,True,/dataMeR1/phil/gfm/worktree-runtime-archive-20260812/prodigy-final-core/files/state/final_core/finalcore_ss_election2020_s0_20260807/checkpoint/state_dict_2500.ckpt,90baf3b1a12d5fa06bed5b0ea26543f1a18fad091c152bb0eada7ccf064382d3,4e5d4a4c73f9d09878ac1c8af923b1317ad461532349220c1580a04092fe9257,3072,128,features_both,0.547845204671224,0.529296875,0.5218253968253969,0.9241263270378113,-0.09388838873969185,-0.08203125,-0.07479622479622472,0.2275099754333496
fresh,twibot20,ss_election2020,election2020,True,/dataMeR1/phil/gfm/worktree-runtime-archive-20260812/prodigy-final-core/files/state/final_core/finalcore_ss_election2020_s0_20260807/checkpoint/state_dict_2500.ckpt,90baf3b1a12d5fa06bed5b0ea26543f1a18fad091c152bb0eada7ccf064382d3,4e5d4a4c73f9d09878ac1c8af923b1317ad461532349220c1580a04092fe9257,3072,128,edges_query,0.5254804823133681,0.5126953125,0.5852036575228595,0.8204460144042969,-0.11625311109754777,-0.0986328125,-0.011417964098762057,0.1238296627998352
fresh,twibot20,ss_election2020,election2020,True,/dataMeR1/phil/gfm/worktree-runtime-archive-20260812/prodigy-final-core/files/state/final_core/finalcore_ss_election2020_s0_20260807/checkpoint/state_dict_2500.ckpt,90baf3b1a12d5fa06bed5b0ea26543f1a18fad091c152bb0eada7ccf064382d3,4e5d4a4c73f9d09878ac1c8af923b1317ad461532349220c1580a04092fe9257,3072,128,edges_support,0.5334849887424046,0.5263671875,0.5161290322580645,0.7718426585197449,-0.10824860466851127,-0.0849609375,-0.08049258936355708,0.0752263069152832
fresh,twibot20,ss_election2020,election2020,True,/dataMeR1/phil/gfm/worktree-runtime-archive-20260812/prodigy-final-core/files/state/final_core/finalcore_ss_election2020_s0_20260807/checkpoint/state_dict_2500.ckpt,90baf3b1a12d5fa06bed5b0ea26543f1a18fad091c152bb0eada7ccf064382d3,4e5d4a4c73f9d09878ac1c8af923b1317ad461532349220c1580a04092fe9257,3072,128,edges_both,0.5063124762641058,0.5071614583333334,0.5271705184259837,0.8150133490562439,-0.13542111714681004,-0.10416666666666663,-0.06945110319563785,0.11839699745178223
fresh,twibot20,ss_election2020,election2020,True,/dataMeR1/phil/gfm/worktree-runtime-archive-20260812/prodigy-final-core/files/state/final_core/finalcore_ss_election2020_s0_20260807/checkpoint/state_dict_2500.ckpt,90baf3b1a12d5fa06bed5b0ea26543f1a18fad091c152bb0eada7ccf064382d3,4e5d4a4c73f9d09878ac1c8af923b1317ad461532349220c1580a04092fe9257,3072,128,center_zero_query,0.6246903737386067,0.5895182291666666,0.5653223026542572,0.6796970963478088,-0.01704321967230915,-0.02180989583333337,-0.031299318967364376,-0.016919255256652832
fresh,twibot20,ss_facebook_page_reference,facebook_page_reference,True,/dataMeR1/phil/gfm/worktree-runtime-archive-20260812/prodigy-final-core/files/state/final_core/finalcore_ss_facebook_page_reference_s0_20260807/checkpoint/state_dict_2500.ckpt,1f36b6591001b4616df4499a7c686f4a15f62c69cb58e8dbeacfc38213478ff5,4e5d4a4c73f9d09878ac1c8af923b1317ad461532349220c1580a04092fe9257,3072,128,baseline,0.516874737209744,0.5120442708333334,0.5112487773068145,3.6394150257110596,0.0,0.0,0.0,0.0
fresh,twibot20,ss_facebook_page_reference,facebook_page_reference,True,/dataMeR1/phil/gfm/worktree-runtime-archive-20260812/prodigy-final-core/files/state/final_core/finalcore_ss_facebook_page_reference_s0_20260807/checkpoint/state_dict_2500.ckpt,1f36b6591001b4616df4499a7c686f4a15f62c69cb58e8dbeacfc38213478ff5,4e5d4a4c73f9d09878ac1c8af923b1317ad461532349220c1580a04092fe9257,3072,128,features_query,0.5132340325249566,0.5126953125,0.508697079094191,3.580855131149292,-0.003640704684787388,0.0006510416666666297,-0.0025516982126234655,-0.05855989456176758
fresh,twibot20,ss_facebook_page_reference,facebook_page_reference,True,/dataMeR1/phil/gfm/worktree-runtime-archive-20260812/prodigy-final-core/files/state/final_core/finalcore_ss_facebook_page_reference_s0_20260807/checkpoint/state_dict_2500.ckpt,1f36b6591001b4616df4499a7c686f4a15f62c69cb58e8dbeacfc38213478ff5,4e5d4a4c73f9d09878ac1c8af923b1317ad461532349220c1580a04092fe9257,3072,128,features_support,0.48870489332411027,0.4853515625,0.4824877250409165,3.1912543773651123,-0.028169843885633705,-0.02669270833333337,-0.02876105226589798,-0.44816064834594727
fresh,twibot20,ss_facebook_page_reference,facebook_page_reference,True,/dataMeR1/phil/gfm/worktree-runtime-archive-20260812/prodigy-final-core/files/state/final_core/finalcore_ss_facebook_page_reference_s0_20260807/checkpoint/state_dict_2500.ckpt,1f36b6591001b4616df4499a7c686f4a15f62c69cb58e8dbeacfc38213478ff5,4e5d4a4c73f9d09878ac1c8af923b1317ad461532349220c1580a04092fe9257,3072,128,features_both,0.4894784291585287,0.4886067708333333,0.4792840570102751,3.3957722187042236,-0.02739630805121529,-0.023437500000000056,-0.031964720296539406,-0.24364280700683594
fresh,twibot20,ss_facebook_page_reference,facebook_page_reference,True,/dataMeR1/phil/gfm/worktree-runtime-archive-20260812/prodigy-final-core/files/state/final_core/finalcore_ss_facebook_page_reference_s0_20260807/checkpoint/state_dict_2500.ckpt,1f36b6591001b4616df4499a7c686f4a15f62c69cb58e8dbeacfc38213478ff5,4e5d4a4c73f9d09878ac1c8af923b1317ad461532349220c1580a04092fe9257,3072,128,edges_query,0.5062950981987847,0.5013020833333334,0.5215490318550906,4.061151504516602,-0.010579639010959263,-0.0107421875,0.0103002545482761,0.421736478805542
fresh,twibot20,ss_facebook_page_reference,facebook_page_reference,True,/dataMeR1/phil/gfm/worktree-runtime-archive-20260812/prodigy-final-core/files/state/final_core/finalcore_ss_facebook_page_reference_s0_20260807/checkpoint/state_dict_2500.ckpt,1f36b6591001b4616df4499a7c686f4a15f62c69cb58e8dbeacfc38213478ff5,4e5d4a4c73f9d09878ac1c8af923b1317ad461532349220c1580a04092fe9257,3072,128,edges_support,0.49735938178168404,0.4947916666666667,0.4911475409836066,3.5584781169891357,-0.019515355428059933,-0.017252604166666685,-0.020101236323207927,-0.08093690872192383
fresh,twibot20,ss_facebook_page_reference,facebook_page_reference,True,/dataMeR1/phil/gfm/worktree-runtime-archive-20260812/prodigy-final-core/files/state/final_core/finalcore_ss_facebook_page_reference_s0_20260807/checkpoint/state_dict_2500.ckpt,1f36b6591001b4616df4499a7c686f4a15f62c69cb58e8dbeacfc38213478ff5,4e5d4a4c73f9d09878ac1c8af923b1317ad461532349220c1580a04092fe9257,3072,128,edges_both,0.5068287319607205,0.5052083333333334,0.49568679495686796,4.479427337646484,-0.010046005249023438,-0.0068359375,-0.015561982349946546,0.8400123119354248
fresh,twibot20,ss_facebook_page_reference,facebook_page_reference,True,/dataMeR1/phil/gfm/worktree-runtime-archive-20260812/prodigy-final-core/files/state/final_core/finalcore_ss_facebook_page_reference_s0_20260807/checkpoint/state_dict_2500.ckpt,1f36b6591001b4616df4499a7c686f4a15f62c69cb58e8dbeacfc38213478ff5,4e5d4a4c73f9d09878ac1c8af923b1317ad461532349220c1580a04092fe9257,3072,128,center_zero_query,0.5030553605821397,0.4973958333333333,0.5089058524173028,3.3716964721679688,-0.01381937662760424,-0.014648437500000056,-0.0023429248895117105,-0.2677185535430908
fresh,twibot20,ss_midterm,midterm,True,/dataMeR1/phil/gfm/worktree-runtime-archive-20260812/prodigy-final-core/files/state/final_core/finalcore_ss_midterm_s0_20260807/checkpoint/state_dict_2500.ckpt,55a5d31025f33caafb8a31e0e8500b55502681c74175442b007af02f8303df67,4e5d4a4c73f9d09878ac1c8af923b1317ad461532349220c1580a04092fe9257,3072,128,baseline,0.5071288214789497,0.501953125,0.5188679245283019,1.577377200126648,0.0,0.0,0.0,0.0
fresh,twibot20,ss_midterm,midterm,True,/dataMeR1/phil/gfm/worktree-runtime-archive-20260812/prodigy-final-core/files/state/final_core/finalcore_ss_midterm_s0_20260807/checkpoint/state_dict_2500.ckpt,55a5d31025f33caafb8a31e0e8500b55502681c74175442b007af02f8303df67,4e5d4a4c73f9d09878ac1c8af923b1317ad461532349220c1580a04092fe9257,3072,128,features_query,0.48676278856065536,0.4869791666666667,0.48055372445616346,1.720354437828064,-0.020366032918294308,-0.014973958333333315,-0.03831420007213843,0.14297723770141602
fresh,twibot20,ss_midterm,midterm,True,/dataMeR1/phil/gfm/worktree-runtime-archive-20260812/prodigy-final-core/files/state/final_core/finalcore_ss_midterm_s0_20260807/checkpoint/state_dict_2500.ckpt,55a5d31025f33caafb8a31e0e8500b55502681c74175442b007af02f8303df67,4e5d4a4c73f9d09878ac1c8af923b1317ad461532349220c1580a04092fe9257,3072,128,features_support,0.487857182820638,0.4938151041666667,0.5231524072370438,2.1721465587615967,-0.019271638658311663,-0.008138020833333315,0.004284482708741932,0.5947693586349487
fresh,twibot20,ss_midterm,midterm,True,/dataMeR1/phil/gfm/worktree-runtime-archive-20260812/prodigy-final-core/files/state/final_core/finalcore_ss_midterm_s0_20260807/checkpoint/state_dict_2500.ckpt,55a5d31025f33caafb8a31e0e8500b55502681c74175442b007af02f8303df67,4e5d4a4c73f9d09878ac1c8af923b1317ad461532349220c1580a04092fe9257,3072,128,features_both,0.4895521799723308,0.4954427083333333,0.5057397959183674,2.344892978668213,-0.017576641506618862,-0.006510416666666685,-0.013128128609934508,0.7675157785415649
fresh,twibot20,ss_midterm,midterm,True,/dataMeR1/phil/gfm/worktree-runtime-archive-20260812/prodigy-final-core/files/state/final_core/finalcore_ss_midterm_s0_20260807/checkpoint/state_dict_2500.ckpt,55a5d31025f33caafb8a31e0e8500b55502681c74175442b007af02f8303df67,4e5d4a4c73f9d09878ac1c8af923b1317ad461532349220c1580a04092fe9257,3072,128,edges_query,0.5017547607421875,0.50390625,0.5623205054566341,1.6034337282180786,-0.005374060736762165,0.001953125,0.04345258092833226,0.026056528091430664
fresh,twibot20,ss_midterm,midterm,True,/dataMeR1/phil/gfm/worktree-runtime-archive-20260812/prodigy-final-core/files/state/final_core/finalcore_ss_midterm_s0_20260807/checkpoint/state_dict_2500.ckpt,55a5d31025f33caafb8a31e0e8500b55502681c74175442b007af02f8303df67,4e5d4a4c73f9d09878ac1c8af923b1317ad461532349220c1580a04092fe9257,3072,128,edges_support,0.4980044894748264,0.4983723958333333,0.47851099830795263,1.1037145853042603,-0.00912433200412327,-0.003580729166666685,-0.040356926220349254,-0.4736626148223877
fresh,twibot20,ss_midterm,midterm,True,/dataMeR1/phil/gfm/worktree-runtime-archive-20260812/prodigy-final-core/files/state/final_core/finalcore_ss_midterm_s0_20260807/checkpoint/state_dict_2500.ckpt,55a5d31025f33caafb8a31e0e8500b55502681c74175442b007af02f8303df67,4e5d4a4c73f9d09878ac1c8af923b1317ad461532349220c1580a04092fe9257,3072,128,edges_both,0.5069285498725044,0.5048828125,0.4931689436854382,1.0422110557556152,-0.0002002716064453125,0.0029296875,-0.025698980842863706,-0.5351661443710327
fresh,twibot20,ss_midterm,midterm,True,/dataMeR1/phil/gfm/worktree-runtime-archive-20260812/prodigy-final-core/files/state/final_core/finalcore_ss_midterm_s0_20260807/checkpoint/state_dict_2500.ckpt,55a5d31025f33caafb8a31e0e8500b55502681c74175442b007af02f8303df67,4e5d4a4c73f9d09878ac1c8af923b1317ad461532349220c1580a04092fe9257,3072,128,center_zero_query,0.5107731289333768,0.5061848958333334,0.5139378404357577,1.5661512613296509,0.0036443074544271203,0.00423177083333337,-0.00493008409254414,-0.01122593879699707
fresh,twibot20,ss_twibot20,twibot20,False,/dataMeR1/phil/gfm/worktree-runtime-archive-20260812/prodigy-final-core/files/state/final_core/finalcore_ss_twibot20_s0_20260807/checkpoint/state_dict_2500.ckpt,38fd5db6854999a613fa5bf5647ba23362f9c52afb0b45470d1ad01a75f6c429,4e5d4a4c73f9d09878ac1c8af923b1317ad461532349220c1580a04092fe9257,3072,128,baseline,0.6005003187391493,0.5709635416666666,0.5863151286880101,1.2077460289001465,0.0,0.0,0.0,0.0
fresh,twibot20,ss_twibot20,twibot20,False,/dataMeR1/phil/gfm/worktree-runtime-archive-20260812/prodigy-final-core/files/state/final_core/finalcore_ss_twibot20_s0_20260807/checkpoint/state_dict_2500.ckpt,38fd5db6854999a613fa5bf5647ba23362f9c52afb0b45470d1ad01a75f6c429,4e5d4a4c73f9d09878ac1c8af923b1317ad461532349220c1580a04092fe9257,3072,128,features_query,0.5712727440728081,0.5458984375,0.5603529782540183,1.385109782218933,-0.029227574666341183,-0.02506510416666663,-0.02596215043399175,0.17736375331878662
fresh,twibot20,ss_twibot20,twibot20,False,/dataMeR1/phil/gfm/worktree-runtime-archive-20260812/prodigy-final-core/files/state/final_core/finalcore_ss_twibot20_s0_20260807/checkpoint/state_dict_2500.ckpt,38fd5db6854999a613fa5bf5647ba23362f9c52afb0b45470d1ad01a75f6c429,4e5d4a4c73f9d09878ac1c8af923b1317ad461532349220c1580a04092fe9257,3072,128,features_support,0.5954721238878038,0.5729166666666666,0.5818992989165074,1.5223139524459839,-0.0050281948513455355,0.001953125,-0.004415829771502677,0.3145679235458374
fresh,twibot20,ss_twibot20,twibot20,False,/dataMeR1/phil/gfm/worktree-runtime-archive-20260812/prodigy-final-core/files/state/final_core/finalcore_ss_twibot20_s0_20260807/checkpoint/state_dict_2500.ckpt,38fd5db6854999a613fa5bf5647ba23362f9c52afb0b45470d1ad01a75f6c429,4e5d4a4c73f9d09878ac1c8af923b1317ad461532349220c1580a04092fe9257,3072,128,features_both,0.5765111711290148,0.5595703125,0.5796831314072693,1.709286093711853,-0.023989147610134487,-0.01139322916666663,-0.006631997280740709,0.5015400648117065
fresh,twibot20,ss_twibot20,twibot20,False,/dataMeR1/phil/gfm/worktree-runtime-archive-20260812/prodigy-final-core/files/state/final_core/finalcore_ss_twibot20_s0_20260807/checkpoint/state_dict_2500.ckpt,38fd5db6854999a613fa5bf5647ba23362f9c52afb0b45470d1ad01a75f6c429,4e5d4a4c73f9d09878ac1c8af923b1317ad461532349220c1580a04092fe9257,3072,128,edges_query,0.561585956149631,0.5540364583333334,0.6067738231917337,1.3116700649261475,-0.0389143625895183,-0.01692708333333326,0.020458694503723618,0.10392403602600098
fresh,twibot20,ss_twibot20,twibot20,False,/dataMeR1/phil/gfm/worktree-runtime-archive-20260812/prodigy-final-core/files/state/final_core/finalcore_ss_twibot20_s0_20260807/checkpoint/state_dict_2500.ckpt,38fd5db6854999a613fa5bf5647ba23362f9c52afb0b45470d1ad01a75f6c429,4e5d4a4c73f9d09878ac1c8af923b1317ad461532349220c1580a04092fe9257,3072,128,edges_support,0.573073493109809,0.5514322916666666,0.5566280566280566,1.0713330507278442,-0.02742682562934029,-0.01953125,-0.029687072059953468,-0.13641297817230225
fresh,twibot20,ss_twibot20,twibot20,False,/dataMeR1/phil/gfm/worktree-runtime-archive-20260812/prodigy-final-core/files/state/final_core/finalcore_ss_twibot20_s0_20260807/checkpoint/state_dict_2500.ckpt,38fd5db6854999a613fa5bf5647ba23362f9c52afb0b45470d1ad01a75f6c429,4e5d4a4c73f9d09878ac1c8af923b1317ad461532349220c1580a04092fe9257,3072,128,edges_both,0.5689527723524306,0.5511067708333334,0.5618048935494121,1.044716238975525,-0.03154754638671875,-0.01985677083333326,-0.024510235138597958,-0.16302978992462158
fresh,twibot20,ss_twibot20,twibot20,False,/dataMeR1/phil/gfm/worktree-runtime-archive-20260812/prodigy-final-core/files/state/final_core/finalcore_ss_twibot20_s0_20260807/checkpoint/state_dict_2500.ckpt,38fd5db6854999a613fa5bf5647ba23362f9c52afb0b45470d1ad01a75f6c429,4e5d4a4c73f9d09878ac1c8af923b1317ad461532349220c1580a04092fe9257,3072,128,center_zero_query,0.5959695180257162,0.5686848958333334,0.5909231244211176,1.217205286026001,-0.004530800713433147,-0.0022786458333332593,0.0046079957331075505,0.009459257125854492
fresh,twibot20,ss_ukr_rus,ukr_rus,True,/dataMeR1/phil/gfm/worktree-runtime-archive-20260812/prodigy-final-core/files/state/final_core/finalcore_ss_ukr_rus_s0_20260807/checkpoint/state_dict_2500.ckpt,f203cc94aa624776407539869397b585cd3963892d2a2244bb38dfc386466693,4e5d4a4c73f9d09878ac1c8af923b1317ad461532349220c1580a04092fe9257,3072,128,baseline,0.6151555379231771,0.5856119791666666,0.6162194754296051,0.9413080811500549,0.0,0.0,0.0,0.0
fresh,twibot20,ss_ukr_rus,ukr_rus,True,/dataMeR1/phil/gfm/worktree-runtime-archive-20260812/prodigy-final-core/files/state/final_core/finalcore_ss_ukr_rus_s0_20260807/checkpoint/state_dict_2500.ckpt,f203cc94aa624776407539869397b585cd3963892d2a2244bb38dfc386466693,4e5d4a4c73f9d09878ac1c8af923b1317ad461532349220c1580a04092fe9257,3072,128,features_query,0.5719123416476779,0.5533854166666666,0.596233078281342,1.1127537488937378,-0.04324319627549922,-0.0322265625,-0.019986397148263113,0.17144566774368286
fresh,twibot20,ss_ukr_rus,ukr_rus,True,/dataMeR1/phil/gfm/worktree-runtime-archive-20260812/prodigy-final-core/files/state/final_core/finalcore_ss_ukr_rus_s0_20260807/checkpoint/state_dict_2500.ckpt,f203cc94aa624776407539869397b585cd3963892d2a2244bb38dfc386466693,4e5d4a4c73f9d09878ac1c8af923b1317ad461532349220c1580a04092fe9257,3072,128,features_support,0.562080807156033,0.541015625,0.5217096336499322,1.3001363277435303,-0.053074730767144085,-0.04459635416666663,-0.09450984177967292,0.35882824659347534
fresh,twibot20,ss_ukr_rus,ukr_rus,True,/dataMeR1/phil/gfm/worktree-runtime-archive-20260812/prodigy-final-core/files/state/final_core/finalcore_ss_ukr_rus_s0_20260807/checkpoint/state_dict_2500.ckpt,f203cc94aa624776407539869397b585cd3963892d2a2244bb38dfc386466693,4e5d4a4c73f9d09878ac1c8af923b1317ad461532349220c1580a04092fe9257,3072,128,features_both,0.5522467295328775,0.5358072916666666,0.5504413619167717,1.427871823310852,-0.06290880839029966,-0.0498046875,-0.06577811351283336,0.4865637421607971
fresh,twibot20,ss_ukr_rus,ukr_rus,True,/dataMeR1/phil/gfm/worktree-runtime-archive-20260812/prodigy-final-core/files/state/final_core/finalcore_ss_ukr_rus_s0_20260807/checkpoint/state_dict_2500.ckpt,f203cc94aa624776407539869397b585cd3963892d2a2244bb38dfc386466693,4e5d4a4c73f9d09878ac1c8af923b1317ad461532349220c1580a04092fe9257,3072,128,edges_query,0.5455472734239367,0.52734375,0.6103059581320451,1.1201225519180298,-0.0696082644992404,-0.05826822916666663,-0.005913517297559956,0.17881447076797485
fresh,twibot20,ss_ukr_rus,ukr_rus,True,/dataMeR1/phil/gfm/worktree-runtime-archive-20260812/prodigy-final-core/files/state/final_core/finalcore_ss_ukr_rus_s0_20260807/checkpoint/state_dict_2500.ckpt,f203cc94aa624776407539869397b585cd3963892d2a2244bb38dfc386466693,4e5d4a4c73f9d09878ac1c8af923b1317ad461532349220c1580a04092fe9257,3072,128,edges_support,0.5618343353271484,0.5455729166666666,0.5522771007055804,0.9232133030891418,-0.05332120259602868,-0.0400390625,-0.06394237472402464,-0.018094778060913086
fresh,twibot20,ss_ukr_rus,ukr_rus,True,/dataMeR1/phil/gfm/worktree-runtime-archive-20260812/prodigy-final-core/files/state/final_core/finalcore_ss_ukr_rus_s0_20260807/checkpoint/state_dict_2500.ckpt,f203cc94aa624776407539869397b585cd3963892d2a2244bb38dfc386466693,4e5d4a4c73f9d09878ac1c8af923b1317ad461532349220c1580a04092fe9257,3072,128,edges_both,0.5505171881781684,0.5387369791666666,0.5537007874015748,0.919701099395752,-0.0646383497450087,-0.046875,-0.06251868802803029,-0.02160698175430298
fresh,twibot20,ss_ukr_rus,ukr_rus,True,/dataMeR1/phil/gfm/worktree-runtime-archive-20260812/prodigy-final-core/files/state/final_core/finalcore_ss_ukr_rus_s0_20260807/checkpoint/state_dict_2500.ckpt,f203cc94aa624776407539869397b585cd3963892d2a2244bb38dfc386466693,4e5d4a4c73f9d09878ac1c8af923b1317ad461532349220c1580a04092fe9257,3072,128,center_zero_query,0.617905510796441,0.5901692708333334,0.6199818895261092,0.9481903910636902,0.0027499728732638395,0.004557291666666741,0.0037624140965041297,0.006882309913635254
fresh,twibot20,ss_ukr_rus_suspended,ukr_rus_suspended,True,/dataMeR1/phil/gfm/worktree-runtime-archive-20260812/prodigy-final-core/files/state/final_core/finalcore_ss_ukr_rus_suspended_s0_20260807/checkpoint/state_dict_2500.ckpt,7ec514855df19a4a47666ee0a92ecadb7fb1d943875490aceee9923d5ec06ee6,4e5d4a4c73f9d09878ac1c8af923b1317ad461532349220c1580a04092fe9257,3072,128,baseline,0.5986323886447482,0.5758463541666666,0.5870047543581617,0.8717381358146667,0.0,0.0,0.0,0.0
fresh,twibot20,ss_ukr_rus_suspended,ukr_rus_suspended,True,/dataMeR1/phil/gfm/worktree-runtime-archive-20260812/prodigy-final-core/files/state/final_core/finalcore_ss_ukr_rus_suspended_s0_20260807/checkpoint/state_dict_2500.ckpt,7ec514855df19a4a47666ee0a92ecadb7fb1d943875490aceee9923d5ec06ee6,4e5d4a4c73f9d09878ac1c8af923b1317ad461532349220c1580a04092fe9257,3072,128,features_query,0.5527708265516493,0.5361328125,0.5431227957678744,1.0473042726516724,-0.045861562093098884,-0.03971354166666663,-0.04388195859028732,0.17556613683700562
fresh,twibot20,ss_ukr_rus_suspended,ukr_rus_suspended,True,/dataMeR1/phil/gfm/worktree-runtime-archive-20260812/prodigy-final-core/files/state/final_core/finalcore_ss_ukr_rus_suspended_s0_20260807/checkpoint/state_dict_2500.ckpt,7ec514855df19a4a47666ee0a92ecadb7fb1d943875490aceee9923d5ec06ee6,4e5d4a4c73f9d09878ac1c8af923b1317ad461532349220c1580a04092fe9257,3072,128,features_support,0.5488624572753906,0.5358072916666666,0.5408886027044431,1.5197550058364868,-0.04976993136935759,-0.0400390625,-0.04611615165371863,0.6480168700218201
fresh,twibot20,ss_ukr_rus_suspended,ukr_rus_suspended,True,/dataMeR1/phil/gfm/worktree-runtime-archive-20260812/prodigy-final-core/files/state/final_core/finalcore_ss_ukr_rus_suspended_s0_20260807/checkpoint/state_dict_2500.ckpt,7ec514855df19a4a47666ee0a92ecadb7fb1d943875490aceee9923d5ec06ee6,4e5d4a4c73f9d09878ac1c8af923b1317ad461532349220c1580a04092fe9257,3072,128,features_both,0.533893797132704,0.5205078125,0.5262142167899646,1.7116626501083374,-0.0647385915120442,-0.05533854166666663,-0.06079053756819708,0.8399245142936707
fresh,twibot20,ss_ukr_rus_suspended,ukr_rus_suspended,True,/dataMeR1/phil/gfm/worktree-runtime-archive-20260812/prodigy-final-core/files/state/final_core/finalcore_ss_ukr_rus_suspended_s0_20260807/checkpoint/state_dict_2500.ckpt,7ec514855df19a4a47666ee0a92ecadb7fb1d943875490aceee9923d5ec06ee6,4e5d4a4c73f9d09878ac1c8af923b1317ad461532349220c1580a04092fe9257,3072,128,edges_query,0.5153177049424913,0.5022786458333334,0.6017191977077364,1.1321077346801758,-0.08331468370225692,-0.07356770833333326,0.014714443349574724,0.26036959886550903
fresh,twibot20,ss_ukr_rus_suspended,ukr_rus_suspended,True,/dataMeR1/phil/gfm/worktree-runtime-archive-20260812/prodigy-final-core/files/state/final_core/finalcore_ss_ukr_rus_suspended_s0_20260807/checkpoint/state_dict_2500.ckpt,7ec514855df19a4a47666ee0a92ecadb7fb1d943875490aceee9923d5ec06ee6,4e5d4a4c73f9d09878ac1c8af923b1317ad461532349220c1580a04092fe9257,3072,128,edges_support,0.505158954196506,0.4983723958333333,0.49591102387962055,0.8260380625724792,-0.09347343444824219,-0.07747395833333331,-0.09109373047854114,-0.0457000732421875
fresh,twibot20,ss_ukr_rus_suspended,ukr_rus_suspended,True,/dataMeR1/phil/gfm/worktree-runtime-archive-20260812/prodigy-final-core/files/state/final_core/finalcore_ss_ukr_rus_suspended_s0_20260807/checkpoint/state_dict_2500.ckpt,7ec514855df19a4a47666ee0a92ecadb7fb1d943875490aceee9923d5ec06ee6,4e5d4a4c73f9d09878ac1c8af923b1317ad461532349220c1580a04092fe9257,3072,128,edges_both,0.524704827202691,0.5084635416666666,0.46980337078651685,0.7544899582862854,-0.07392756144205725,-0.0673828125,-0.11720138357164483,-0.11724817752838135
fresh,twibot20,ss_ukr_rus_suspended,ukr_rus_suspended,True,/dataMeR1/phil/gfm/worktree-runtime-archive-20260812/prodigy-final-core/files/state/final_core/finalcore_ss_ukr_rus_suspended_s0_20260807/checkpoint/state_dict_2500.ckpt,7ec514855df19a4a47666ee0a92ecadb7fb1d943875490aceee9923d5ec06ee6,4e5d4a4c73f9d09878ac1c8af923b1317ad461532349220c1580a04092fe9257,3072,128,center_zero_query,0.5992202758789062,0.5764973958333334,0.5530745448299553,0.836052417755127,0.0005878872341580355,0.0006510416666667407,-0.033930209528206356,-0.035685718059539795
fresh,ukr_rus_suspended,ss_covid,covid,True,/dataMeR1/phil/gfm/worktree-runtime-archive-20260812/prodigy-final-core/files/state/final_core/finalcore_ss_covid_s0_20260807/checkpoint/state_dict_2500.ckpt,030f1710751dce3603f70a538b23389694cf40e4359d020e78416af93c2e5d6c,c0c3bb52670b001b5378469c2279dc91ac5fc74c88e8b959dab427aa91a1f9a6,256,128,baseline,0.50592041015625,0.49609375,0.49411764705882355,0.8540179133415222,0.0,0.0,0.0,0.0
fresh,ukr_rus_suspended,ss_covid,covid,True,/dataMeR1/phil/gfm/worktree-runtime-archive-20260812/prodigy-final-core/files/state/final_core/finalcore_ss_covid_s0_20260807/checkpoint/state_dict_2500.ckpt,030f1710751dce3603f70a538b23389694cf40e4359d020e78416af93c2e5d6c,c0c3bb52670b001b5378469c2279dc91ac5fc74c88e8b959dab427aa91a1f9a6,256,128,features_query,0.45916748046875,0.4765625,0.47244094488188976,1.0812441110610962,-0.0467529296875,-0.01953125,-0.021676702176933793,0.22722619771957397
fresh,ukr_rus_suspended,ss_covid,covid,True,/dataMeR1/phil/gfm/worktree-runtime-archive-20260812/prodigy-final-core/files/state/final_core/finalcore_ss_covid_s0_20260807/checkpoint/state_dict_2500.ckpt,030f1710751dce3603f70a538b23389694cf40e4359d020e78416af93c2e5d6c,c0c3bb52670b001b5378469c2279dc91ac5fc74c88e8b959dab427aa91a1f9a6,256,128,features_support,0.50347900390625,0.51953125,0.5358490566037736,1.5317682027816772,-0.00244140625,0.0234375,0.04173140954495003,0.677750289440155
fresh,ukr_rus_suspended,ss_covid,covid,True,/dataMeR1/phil/gfm/worktree-runtime-archive-20260812/prodigy-final-core/files/state/final_core/finalcore_ss_covid_s0_20260807/checkpoint/state_dict_2500.ckpt,030f1710751dce3603f70a538b23389694cf40e4359d020e78416af93c2e5d6c,c0c3bb52670b001b5378469c2279dc91ac5fc74c88e8b959dab427aa91a1f9a6,256,128,features_both,0.506805419921875,0.53515625,0.5576208178438662,2.077528476715088,0.000885009765625,0.0390625,0.06350317078504264,1.2235105633735657
fresh,ukr_rus_suspended,ss_covid,covid,True,/dataMeR1/phil/gfm/worktree-runtime-archive-20260812/prodigy-final-core/files/state/final_core/finalcore_ss_covid_s0_20260807/checkpoint/state_dict_2500.ckpt,030f1710751dce3603f70a538b23389694cf40e4359d020e78416af93c2e5d6c,c0c3bb52670b001b5378469c2279dc91ac5fc74c88e8b959dab427aa91a1f9a6,256,128,edges_query,0.51708984375,0.5,0.49606299212598426,0.8690348863601685,0.01116943359375,0.00390625,0.0019453450671607087,0.01501697301864624
fresh,ukr_rus_suspended,ss_covid,covid,True,/dataMeR1/phil/gfm/worktree-runtime-archive-20260812/prodigy-final-core/files/state/final_core/finalcore_ss_covid_s0_20260807/checkpoint/state_dict_2500.ckpt,030f1710751dce3603f70a538b23389694cf40e4359d020e78416af93c2e5d6c,c0c3bb52670b001b5378469c2279dc91ac5fc74c88e8b959dab427aa91a1f9a6,256,128,edges_support,0.52862548828125,0.4921875,0.4921875,0.8220472931861877,0.022705078125,-0.00390625,-0.0019301470588235503,-0.03197062015533447
fresh,ukr_rus_suspended,ss_covid,covid,True,/dataMeR1/phil/gfm/worktree-runtime-archive-20260812/prodigy-final-core/files/state/final_core/finalcore_ss_covid_s0_20260807/checkpoint/state_dict_2500.ckpt,030f1710751dce3603f70a538b23389694cf40e4359d020e78416af93c2e5d6c,c0c3bb52670b001b5378469c2279dc91ac5fc74c88e8b959dab427aa91a1f9a6,256,128,edges_both,0.5316162109375,0.4921875,0.5,0.8207556009292603,0.02569580078125,-0.00390625,0.00588235294117645,-0.03326231241226196
fresh,ukr_rus_suspended,ss_covid,covid,True,/dataMeR1/phil/gfm/worktree-runtime-archive-20260812/prodigy-final-core/files/state/final_core/finalcore_ss_covid_s0_20260807/checkpoint/state_dict_2500.ckpt,030f1710751dce3603f70a538b23389694cf40e4359d020e78416af93c2e5d6c,c0c3bb52670b001b5378469c2279dc91ac5fc74c88e8b959dab427aa91a1f9a6,256,128,center_zero_query,0.4969482421875,0.5078125,0.5190839694656488,0.8958339691162109,-0.00897216796875,0.01171875,0.02496632240682528,0.04181605577468872
fresh,ukr_rus_suspended,ss_covid_political,covid_political,True,/dataMeR1/phil/gfm/worktree-runtime-archive-20260812/prodigy-final-core/files/state/final_core/finalcore_ss_covid_political_s0_20260807/checkpoint/state_dict_2500.ckpt,8e6516ca9c865f744c15bf968a2c113e2bba43eeee0be9adcb67a00673b9595b,c0c3bb52670b001b5378469c2279dc91ac5fc74c88e8b959dab427aa91a1f9a6,256,128,baseline,0.5057373046875,0.53125,0.5041322314049587,0.7999435663223267,0.0,0.0,0.0,0.0
fresh,ukr_rus_suspended,ss_covid_political,covid_political,True,/dataMeR1/phil/gfm/worktree-runtime-archive-20260812/prodigy-final-core/files/state/final_core/finalcore_ss_covid_political_s0_20260807/checkpoint/state_dict_2500.ckpt,8e6516ca9c865f744c15bf968a2c113e2bba43eeee0be9adcb67a00673b9595b,c0c3bb52670b001b5378469c2279dc91ac5fc74c88e8b959dab427aa91a1f9a6,256,128,features_query,0.45697021484375,0.51171875,0.4939271255060729,1.0020169019699097,-0.04876708984375,-0.01953125,-0.010205105898885791,0.202073335647583
fresh,ukr_rus_suspended,ss_covid_political,covid_political,True,/dataMeR1/phil/gfm/worktree-runtime-archive-20260812/prodigy-final-core/files/state/final_core/finalcore_ss_covid_political_s0_20260807/checkpoint/state_dict_2500.ckpt,8e6516ca9c865f744c15bf968a2c113e2bba43eeee0be9adcb67a00673b9595b,c0c3bb52670b001b5378469c2279dc91ac5fc74c88e8b959dab427aa91a1f9a6,256,128,features_support,0.47430419921875,0.51171875,0.4939271255060729,0.8486632108688354,-0.03143310546875,-0.01953125,-0.010205105898885791,0.04871964454650879
fresh,ukr_rus_suspended,ss_covid_political,covid_political,True,/dataMeR1/phil/gfm/worktree-runtime-archive-20260812/prodigy-final-core/files/state/final_core/finalcore_ss_covid_political_s0_20260807/checkpoint/state_dict_2500.ckpt,8e6516ca9c865f744c15bf968a2c113e2bba43eeee0be9adcb67a00673b9595b,c0c3bb52670b001b5378469c2279dc91ac5fc74c88e8b959dab427aa91a1f9a6,256,128,features_both,0.5155029296875,0.50390625,0.5171102661596958,0.8658952713012695,0.009765625,-0.02734375,0.012978034754737133,0.06595170497894287
fresh,ukr_rus_suspended,ss_covid_political,covid_political,True,/dataMeR1/phil/gfm/worktree-runtime-archive-20260812/prodigy-final-core/files/state/final_core/finalcore_ss_covid_political_s0_20260807/checkpoint/state_dict_2500.ckpt,8e6516ca9c865f744c15bf968a2c113e2bba43eeee0be9adcb67a00673b9595b,c0c3bb52670b001b5378469c2279dc91ac5fc74c88e8b959dab427aa91a1f9a6,256,128,edges_query,0.53509521484375,0.5546875,0.5476190476190477,0.8353304266929626,0.02935791015625,0.0234375,0.04348681621408901,0.035386860370635986
fresh,ukr_rus_suspended,ss_covid_political,covid_political,True,/dataMeR1/phil/gfm/worktree-runtime-archive-20260812/prodigy-final-core/files/state/final_core/finalcore_ss_covid_political_s0_20260807/checkpoint/state_dict_2500.ckpt,8e6516ca9c865f744c15bf968a2c113e2bba43eeee0be9adcb67a00673b9595b,c0c3bb52670b001b5378469c2279dc91ac5fc74c88e8b959dab427aa91a1f9a6,256,128,edges_support,0.4732666015625,0.4609375,0.4435483870967742,0.8862452507019043,-0.032470703125,-0.0703125,-0.060583844308184476,0.08630168437957764
fresh,ukr_rus_suspended,ss_covid_political,covid_political,True,/dataMeR1/phil/gfm/worktree-runtime-archive-20260812/prodigy-final-core/files/state/final_core/finalcore_ss_covid_political_s0_20260807/checkpoint/state_dict_2500.ckpt,8e6516ca9c865f744c15bf968a2c113e2bba43eeee0be9adcb67a00673b9595b,c0c3bb52670b001b5378469c2279dc91ac5fc74c88e8b959dab427aa91a1f9a6,256,128,edges_both,0.508575439453125,0.5078125,0.48360655737704916,0.9755232334136963,0.002838134765625,-0.0234375,-0.020525674027909502,0.17557966709136963
fresh,ukr_rus_suspended,ss_covid_political,covid_political,True,/dataMeR1/phil/gfm/worktree-runtime-archive-20260812/prodigy-final-core/files/state/final_core/finalcore_ss_covid_political_s0_20260807/checkpoint/state_dict_2500.ckpt,8e6516ca9c865f744c15bf968a2c113e2bba43eeee0be9adcb67a00673b9595b,c0c3bb52670b001b5378469c2279dc91ac5fc74c88e8b959dab427aa91a1f9a6,256,128,center_zero_query,0.52911376953125,0.5234375,0.512,0.741872251033783,0.02337646484375,-0.0078125,0.007867768595041347,-0.0580713152885437
fresh,ukr_rus_suspended,ss_cp_hk,cp_hk,True,/dataMeR1/phil/gfm/worktree-runtime-archive-20260812/prodigy-final-core/files/state/final_core/finalcore_ss_cp_hk_s0_20260807/checkpoint/state_dict_2500.ckpt,e1b049709343d31a4897ec32108ac25abd446223f63e964474d7fcc2c7f47390,c0c3bb52670b001b5378469c2279dc91ac5fc74c88e8b959dab427aa91a1f9a6,256,128,baseline,0.50018310546875,0.50390625,0.5096525096525096,0.9816178679466248,0.0,0.0,0.0,0.0
fresh,ukr_rus_suspended,ss_cp_hk,cp_hk,True,/dataMeR1/phil/gfm/worktree-runtime-archive-20260812/prodigy-final-core/files/state/final_core/finalcore_ss_cp_hk_s0_20260807/checkpoint/state_dict_2500.ckpt,e1b049709343d31a4897ec32108ac25abd446223f63e964474d7fcc2c7f47390,c0c3bb52670b001b5378469c2279dc91ac5fc74c88e8b959dab427aa91a1f9a6,256,128,features_query,0.455322265625,0.45703125,0.46332046332046334,1.2146536111831665,-0.04486083984375,-0.046875,-0.046332046332046295,0.23303574323654175
fresh,ukr_rus_suspended,ss_cp_hk,cp_hk,True,/dataMeR1/phil/gfm/worktree-runtime-archive-20260812/prodigy-final-core/files/state/final_core/finalcore_ss_cp_hk_s0_20260807/checkpoint/state_dict_2500.ckpt,e1b049709343d31a4897ec32108ac25abd446223f63e964474d7fcc2c7f47390,c0c3bb52670b001b5378469c2279dc91ac5fc74c88e8b959dab427aa91a1f9a6,256,128,features_support,0.48529052734375,0.47265625,0.46215139442231074,1.5592172145843506,-0.014892578125,-0.03125,-0.0475011152301989,0.5775993466377258
fresh,ukr_rus_suspended,ss_cp_hk,cp_hk,True,/dataMeR1/phil/gfm/worktree-runtime-archive-20260812/prodigy-final-core/files/state/final_core/finalcore_ss_cp_hk_s0_20260807/checkpoint/state_dict_2500.ckpt,e1b049709343d31a4897ec32108ac25abd446223f63e964474d7fcc2c7f47390,c0c3bb52670b001b5378469c2279dc91ac5fc74c88e8b959dab427aa91a1f9a6,256,128,features_both,0.5,0.49609375,0.5132075471698113,1.7942042350769043,-0.00018310546875,-0.0078125,0.0035550375173016846,0.8125863671302795
fresh,ukr_rus_suspended,ss_cp_hk,cp_hk,True,/dataMeR1/phil/gfm/worktree-runtime-archive-20260812/prodigy-final-core/files/state/final_core/finalcore_ss_cp_hk_s0_20260807/checkpoint/state_dict_2500.ckpt,e1b049709343d31a4897ec32108ac25abd446223f63e964474d7fcc2c7f47390,c0c3bb52670b001b5378469c2279dc91ac5fc74c88e8b959dab427aa91a1f9a6,256,128,edges_query,0.47802734375,0.4921875,0.5112781954887218,0.9182815551757812,-0.02215576171875,-0.01171875,0.001625685836212143,-0.0633363127708435
fresh,ukr_rus_suspended,ss_cp_hk,cp_hk,True,/dataMeR1/phil/gfm/worktree-runtime-archive-20260812/prodigy-final-core/files/state/final_core/finalcore_ss_cp_hk_s0_20260807/checkpoint/state_dict_2500.ckpt,e1b049709343d31a4897ec32108ac25abd446223f63e964474d7fcc2c7f47390,c0c3bb52670b001b5378469c2279dc91ac5fc74c88e8b959dab427aa91a1f9a6,256,128,edges_support,0.526611328125,0.5078125,0.5153846153846153,0.7670319080352783,0.02642822265625,0.00390625,0.005732105732105697,-0.21458595991134644
fresh,ukr_rus_suspended,ss_cp_hk,cp_hk,True,/dataMeR1/phil/gfm/worktree-runtime-archive-20260812/prodigy-final-core/files/state/final_core/finalcore_ss_cp_hk_s0_20260807/checkpoint/state_dict_2500.ckpt,e1b049709343d31a4897ec32108ac25abd446223f63e964474d7fcc2c7f47390,c0c3bb52670b001b5378469c2279dc91ac5fc74c88e8b959dab427aa91a1f9a6,256,128,edges_both,0.5086669921875,0.515625,0.515625,0.7282485961914062,0.00848388671875,0.01171875,0.005972490347490367,-0.2533692717552185
fresh,ukr_rus_suspended,ss_cp_hk,cp_hk,True,/dataMeR1/phil/gfm/worktree-runtime-archive-20260812/prodigy-final-core/files/state/final_core/finalcore_ss_cp_hk_s0_20260807/checkpoint/state_dict_2500.ckpt,e1b049709343d31a4897ec32108ac25abd446223f63e964474d7fcc2c7f47390,c0c3bb52670b001b5378469c2279dc91ac5fc74c88e8b959dab427aa91a1f9a6,256,128,center_zero_query,0.50762939453125,0.51953125,0.5138339920948617,0.9703207015991211,0.0074462890625,0.015625,0.004181482442352058,-0.011297166347503662
fresh,ukr_rus_suspended,ss_election2020,election2020,True,/dataMeR1/phil/gfm/worktree-runtime-archive-20260812/prodigy-final-core/files/state/final_core/finalcore_ss_election2020_s0_20260807/checkpoint/state_dict_2500.ckpt,90baf3b1a12d5fa06bed5b0ea26543f1a18fad091c152bb0eada7ccf064382d3,c0c3bb52670b001b5378469c2279dc91ac5fc74c88e8b959dab427aa91a1f9a6,256,128,baseline,0.52227783203125,0.515625,0.5193798449612403,0.7332640290260315,0.0,0.0,0.0,0.0
fresh,ukr_rus_suspended,ss_election2020,election2020,True,/dataMeR1/phil/gfm/worktree-runtime-archive-20260812/prodigy-final-core/files/state/final_core/finalcore_ss_election2020_s0_20260807/checkpoint/state_dict_2500.ckpt,90baf3b1a12d5fa06bed5b0ea26543f1a18fad091c152bb0eada7ccf064382d3,c0c3bb52670b001b5378469c2279dc91ac5fc74c88e8b959dab427aa91a1f9a6,256,128,features_query,0.497314453125,0.51953125,0.5099601593625498,0.7921352386474609,-0.02496337890625,0.00390625,-0.009419685598690553,0.05887120962142944
fresh,ukr_rus_suspended,ss_election2020,election2020,True,/dataMeR1/phil/gfm/worktree-runtime-archive-20260812/prodigy-final-core/files/state/final_core/finalcore_ss_election2020_s0_20260807/checkpoint/state_dict_2500.ckpt,90baf3b1a12d5fa06bed5b0ea26543f1a18fad091c152bb0eada7ccf064382d3,c0c3bb52670b001b5378469c2279dc91ac5fc74c88e8b959dab427aa91a1f9a6,256,128,features_support,0.52679443359375,0.5,0.5114503816793893,0.7874672412872314,0.0045166015625,-0.015625,-0.007929463281851068,0.05420321226119995
fresh,ukr_rus_suspended,ss_election2020,election2020,True,/dataMeR1/phil/gfm/worktree-runtime-archive-20260812/prodigy-final-core/files/state/final_core/finalcore_ss_election2020_s0_20260807/checkpoint/state_dict_2500.ckpt,90baf3b1a12d5fa06bed5b0ea26543f1a18fad091c152bb0eada7ccf064382d3,c0c3bb52670b001b5378469c2279dc91ac5fc74c88e8b959dab427aa91a1f9a6,256,128,features_both,0.48675537109375,0.46875,0.46875,0.9257010817527771,-0.0355224609375,-0.046875,-0.050629844961240345,0.1924370527267456
fresh,ukr_rus_suspended,ss_election2020,election2020,True,/dataMeR1/phil/gfm/worktree-runtime-archive-20260812/prodigy-final-core/files/state/final_core/finalcore_ss_election2020_s0_20260807/checkpoint/state_dict_2500.ckpt,90baf3b1a12d5fa06bed5b0ea26543f1a18fad091c152bb0eada7ccf064382d3,c0c3bb52670b001b5378469c2279dc91ac5fc74c88e8b959dab427aa91a1f9a6,256,128,edges_query,0.49615478515625,0.5078125,0.5367647058823529,0.7717398405075073,-0.026123046875,-0.0078125,0.017384860921112577,0.03847581148147583
fresh,ukr_rus_suspended,ss_election2020,election2020,True,/dataMeR1/phil/gfm/worktree-runtime-archive-20260812/prodigy-final-core/files/state/final_core/finalcore_ss_election2020_s0_20260807/checkpoint/state_dict_2500.ckpt,90baf3b1a12d5fa06bed5b0ea26543f1a18fad091c152bb0eada7ccf064382d3,c0c3bb52670b001b5378469c2279dc91ac5fc74c88e8b959dab427aa91a1f9a6,256,128,edges_support,0.51336669921875,0.51171875,0.4897959183673469,0.740997314453125,-0.0089111328125,-0.00390625,-0.029583926593893417,0.007733285427093506
fresh,ukr_rus_suspended,ss_election2020,election2020,True,/dataMeR1/phil/gfm/worktree-runtime-archive-20260812/prodigy-final-core/files/state/final_core/finalcore_ss_election2020_s0_20260807/checkpoint/state_dict_2500.ckpt,90baf3b1a12d5fa06bed5b0ea26543f1a18fad091c152bb0eada7ccf064382d3,c0c3bb52670b001b5378469c2279dc91ac5fc74c88e8b959dab427aa91a1f9a6,256,128,edges_both,0.4896240234375,0.515625,0.5230769230769231,0.7786735892295837,-0.03265380859375,0.0,0.0036970781156827615,0.045409560203552246
fresh,ukr_rus_suspended,ss_election2020,election2020,True,/dataMeR1/phil/gfm/worktree-runtime-archive-20260812/prodigy-final-core/files/state/final_core/finalcore_ss_election2020_s0_20260807/checkpoint/state_dict_2500.ckpt,90baf3b1a12d5fa06bed5b0ea26543f1a18fad091c152bb0eada7ccf064382d3,c0c3bb52670b001b5378469c2279dc91ac5fc74c88e8b959dab427aa91a1f9a6,256,128,center_zero_query,0.56561279296875,0.546875,0.5572519083969466,0.6983702182769775,0.0433349609375,0.03125,0.03787206343570626,-0.034893810749053955
fresh,ukr_rus_suspended,ss_facebook_page_reference,facebook_page_reference,True,/dataMeR1/phil/gfm/worktree-runtime-archive-20260812/prodigy-final-core/files/state/final_core/finalcore_ss_facebook_page_reference_s0_20260807/checkpoint/state_dict_2500.ckpt,1f36b6591001b4616df4499a7c686f4a15f62c69cb58e8dbeacfc38213478ff5,c0c3bb52670b001b5378469c2279dc91ac5fc74c88e8b959dab427aa91a1f9a6,256,128,baseline,0.438446044921875,0.453125,0.4166666666666667,4.598319053649902,0.0,0.0,0.0,0.0
fresh,ukr_rus_suspended,ss_facebook_page_reference,facebook_page_reference,True,/dataMeR1/phil/gfm/worktree-runtime-archive-20260812/prodigy-final-core/files/state/final_core/finalcore_ss_facebook_page_reference_s0_20260807/checkpoint/state_dict_2500.ckpt,1f36b6591001b4616df4499a7c686f4a15f62c69cb58e8dbeacfc38213478ff5,c0c3bb52670b001b5378469c2279dc91ac5fc74c88e8b959dab427aa91a1f9a6,256,128,features_query,0.415985107421875,0.421875,0.3884297520661157,4.9411516189575195,-0.0224609375,-0.03125,-0.028236914600551,0.3428325653076172
fresh,ukr_rus_suspended,ss_facebook_page_reference,facebook_page_reference,True,/dataMeR1/phil/gfm/worktree-runtime-archive-20260812/prodigy-final-core/files/state/final_core/finalcore_ss_facebook_page_reference_s0_20260807/checkpoint/state_dict_2500.ckpt,1f36b6591001b4616df4499a7c686f4a15f62c69cb58e8dbeacfc38213478ff5,c0c3bb52670b001b5378469c2279dc91ac5fc74c88e8b959dab427aa91a1f9a6,256,128,features_support,0.496795654296875,0.49609375,0.5132075471698113,2.2445225715637207,0.058349609375,0.04296875,0.09654088050314463,-2.3537964820861816
fresh,ukr_rus_suspended,ss_facebook_page_reference,facebook_page_reference,True,/dataMeR1/phil/gfm/worktree-runtime-archive-20260812/prodigy-final-core/files/state/final_core/finalcore_ss_facebook_page_reference_s0_20260807/checkpoint/state_dict_2500.ckpt,1f36b6591001b4616df4499a7c686f4a15f62c69cb58e8dbeacfc38213478ff5,c0c3bb52670b001b5378469c2279dc91ac5fc74c88e8b959dab427aa91a1f9a6,256,128,features_both,0.4945068359375,0.50390625,0.4899598393574297,2.869119644165039,0.056060791015625,0.05078125,0.07329317269076302,-1.7291994094848633
fresh,ukr_rus_suspended,ss_facebook_page_reference,facebook_page_reference,True,/dataMeR1/phil/gfm/worktree-runtime-archive-20260812/prodigy-final-core/files/state/final_core/finalcore_ss_facebook_page_reference_s0_20260807/checkpoint/state_dict_2500.ckpt,1f36b6591001b4616df4499a7c686f4a15f62c69cb58e8dbeacfc38213478ff5,c0c3bb52670b001b5378469c2279dc91ac5fc74c88e8b959dab427aa91a1f9a6,256,128,edges_query,0.47705078125,0.4921875,0.4628099173553719,4.687462329864502,0.038604736328125,0.0390625,0.04614325068870523,0.08914327621459961
fresh,ukr_rus_suspended,ss_facebook_page_reference,facebook_page_reference,True,/dataMeR1/phil/gfm/worktree-runtime-archive-20260812/prodigy-final-core/files/state/final_core/finalcore_ss_facebook_page_reference_s0_20260807/checkpoint/state_dict_2500.ckpt,1f36b6591001b4616df4499a7c686f4a15f62c69cb58e8dbeacfc38213478ff5,c0c3bb52670b001b5378469c2279dc91ac5fc74c88e8b959dab427aa91a1f9a6,256,128,edges_support,0.45257568359375,0.44921875,0.42448979591836733,4.313143730163574,0.014129638671875,-0.00390625,0.007823129251700645,-0.2851753234863281
fresh,ukr_rus_suspended,ss_facebook_page_reference,facebook_page_reference,True,/dataMeR1/phil/gfm/worktree-runtime-archive-20260812/prodigy-final-core/files/state/final_core/finalcore_ss_facebook_page_reference_s0_20260807/checkpoint/state_dict_2500.ckpt,1f36b6591001b4616df4499a7c686f4a15f62c69cb58e8dbeacfc38213478ff5,c0c3bb52670b001b5378469c2279dc91ac5fc74c88e8b959dab427aa91a1f9a6,256,128,edges_both,0.480926513671875,0.484375,0.43103448275862066,4.802438259124756,0.04248046875,0.03125,0.014367816091953978,0.20411920547485352
fresh,ukr_rus_suspended,ss_facebook_page_reference,facebook_page_reference,True,/dataMeR1/phil/gfm/worktree-runtime-archive-20260812/prodigy-final-core/files/state/final_core/finalcore_ss_facebook_page_reference_s0_20260807/checkpoint/state_dict_2500.ckpt,1f36b6591001b4616df4499a7c686f4a15f62c69cb58e8dbeacfc38213478ff5,c0c3bb52670b001b5378469c2279dc91ac5fc74c88e8b959dab427aa91a1f9a6,256,128,center_zero_query,0.461456298828125,0.45703125,0.4505928853754941,3.6583120822906494,0.02301025390625,0.00390625,0.033926218708827394,-0.9400069713592529
fresh,ukr_rus_suspended,ss_midterm,midterm,True,/dataMeR1/phil/gfm/worktree-runtime-archive-20260812/prodigy-final-core/files/state/final_core/finalcore_ss_midterm_s0_20260807/checkpoint/state_dict_2500.ckpt,55a5d31025f33caafb8a31e0e8500b55502681c74175442b007af02f8303df67,c0c3bb52670b001b5378469c2279dc91ac5fc74c88e8b959dab427aa91a1f9a6,256,128,baseline,0.5272216796875,0.515625,0.46551724137931033,1.1737271547317505,0.0,0.0,0.0,0.0
fresh,ukr_rus_suspended,ss_midterm,midterm,True,/dataMeR1/phil/gfm/worktree-runtime-archive-20260812/prodigy-final-core/files/state/final_core/finalcore_ss_midterm_s0_20260807/checkpoint/state_dict_2500.ckpt,55a5d31025f33caafb8a31e0e8500b55502681c74175442b007af02f8303df67,c0c3bb52670b001b5378469c2279dc91ac5fc74c88e8b959dab427aa91a1f9a6,256,128,features_query,0.5550537109375,0.55078125,0.5418326693227091,1.277670979499817,0.02783203125,0.03515625,0.0763154279433988,0.1039438247680664
fresh,ukr_rus_suspended,ss_midterm,midterm,True,/dataMeR1/phil/gfm/worktree-runtime-archive-20260812/prodigy-final-core/files/state/final_core/finalcore_ss_midterm_s0_20260807/checkpoint/state_dict_2500.ckpt,55a5d31025f33caafb8a31e0e8500b55502681c74175442b007af02f8303df67,c0c3bb52670b001b5378469c2279dc91ac5fc74c88e8b959dab427aa91a1f9a6,256,128,features_support,0.50030517578125,0.51171875,0.48559670781893005,1.8015064001083374,-0.02691650390625,-0.00390625,0.02007946643961972,0.6277792453765869
fresh,ukr_rus_suspended,ss_midterm,midterm,True,/dataMeR1/phil/gfm/worktree-runtime-archive-20260812/prodigy-final-core/files/state/final_core/finalcore_ss_midterm_s0_20260807/checkpoint/state_dict_2500.ckpt,55a5d31025f33caafb8a31e0e8500b55502681c74175442b007af02f8303df67,c0c3bb52670b001b5378469c2279dc91ac5fc74c88e8b959dab427aa91a1f9a6,256,128,features_both,0.5582275390625,0.55859375,0.549800796812749,2.1133975982666016,0.031005859375,0.04296875,0.08428355543343863,0.9396704435348511
fresh,ukr_rus_suspended,ss_midterm,midterm,True,/dataMeR1/phil/gfm/worktree-runtime-archive-20260812/prodigy-final-core/files/state/final_core/finalcore_ss_midterm_s0_20260807/checkpoint/state_dict_2500.ckpt,55a5d31025f33caafb8a31e0e8500b55502681c74175442b007af02f8303df67,c0c3bb52670b001b5378469c2279dc91ac5fc74c88e8b959dab427aa91a1f9a6,256,128,edges_query,0.48687744140625,0.46875,0.4962962962962963,1.2843303680419922,-0.04034423828125,-0.046875,0.03077905491698596,0.1106032133102417
fresh,ukr_rus_suspended,ss_midterm,midterm,True,/dataMeR1/phil/gfm/worktree-runtime-archive-20260812/prodigy-final-core/files/state/final_core/finalcore_ss_midterm_s0_20260807/checkpoint/state_dict_2500.ckpt,55a5d31025f33caafb8a31e0e8500b55502681c74175442b007af02f8303df67,c0c3bb52670b001b5378469c2279dc91ac5fc74c88e8b959dab427aa91a1f9a6,256,128,edges_support,0.53509521484375,0.52734375,0.5061224489795918,0.8608452081680298,0.00787353515625,0.01171875,0.04060520760028147,-0.3128819465637207
fresh,ukr_rus_suspended,ss_midterm,midterm,True,/dataMeR1/phil/gfm/worktree-runtime-archive-20260812/prodigy-final-core/files/state/final_core/finalcore_ss_midterm_s0_20260807/checkpoint/state_dict_2500.ckpt,55a5d31025f33caafb8a31e0e8500b55502681c74175442b007af02f8303df67,c0c3bb52670b001b5378469c2279dc91ac5fc74c88e8b959dab427aa91a1f9a6,256,128,edges_both,0.50885009765625,0.49609375,0.4691358024691358,0.821103572845459,-0.01837158203125,-0.01953125,0.003618561089825445,-0.3526235818862915
fresh,ukr_rus_suspended,ss_midterm,midterm,True,/dataMeR1/phil/gfm/worktree-runtime-archive-20260812/prodigy-final-core/files/state/final_core/finalcore_ss_midterm_s0_20260807/checkpoint/state_dict_2500.ckpt,55a5d31025f33caafb8a31e0e8500b55502681c74175442b007af02f8303df67,c0c3bb52670b001b5378469c2279dc91ac5fc74c88e8b959dab427aa91a1f9a6,256,128,center_zero_query,0.53125,0.52734375,0.4851063829787234,1.1803839206695557,0.0040283203125,0.01171875,0.01958914159941305,0.006656765937805176
fresh,ukr_rus_suspended,ss_twibot20,twibot20,True,/dataMeR1/phil/gfm/worktree-runtime-archive-20260812/prodigy-final-core/files/state/final_core/finalcore_ss_twibot20_s0_20260807/checkpoint/state_dict_2500.ckpt,38fd5db6854999a613fa5bf5647ba23362f9c52afb0b45470d1ad01a75f6c429,c0c3bb52670b001b5378469c2279dc91ac5fc74c88e8b959dab427aa91a1f9a6,256,128,baseline,0.4969482421875,0.49609375,0.4602510460251046,0.9469912052154541,0.0,0.0,0.0,0.0
fresh,ukr_rus_suspended,ss_twibot20,twibot20,True,/dataMeR1/phil/gfm/worktree-runtime-archive-20260812/prodigy-final-core/files/state/final_core/finalcore_ss_twibot20_s0_20260807/checkpoint/state_dict_2500.ckpt,38fd5db6854999a613fa5bf5647ba23362f9c52afb0b45470d1ad01a75f6c429,c0c3bb52670b001b5378469c2279dc91ac5fc74c88e8b959dab427aa91a1f9a6,256,128,features_query,0.52581787109375,0.5234375,0.5158730158730159,1.1151643991470337,0.02886962890625,0.02734375,0.055621969847911346,0.1681731939315796
fresh,ukr_rus_suspended,ss_twibot20,twibot20,True,/dataMeR1/phil/gfm/worktree-runtime-archive-20260812/prodigy-final-core/files/state/final_core/finalcore_ss_twibot20_s0_20260807/checkpoint/state_dict_2500.ckpt,38fd5db6854999a613fa5bf5647ba23362f9c52afb0b45470d1ad01a75f6c429,c0c3bb52670b001b5378469c2279dc91ac5fc74c88e8b959dab427aa91a1f9a6,256,128,features_support,0.5057373046875,0.484375,0.5251798561151079,1.4760308265686035,0.0087890625,-0.01171875,0.06492881009000329,0.5290396213531494
fresh,ukr_rus_suspended,ss_twibot20,twibot20,True,/dataMeR1/phil/gfm/worktree-runtime-archive-20260812/prodigy-final-core/files/state/final_core/finalcore_ss_twibot20_s0_20260807/checkpoint/state_dict_2500.ckpt,38fd5db6854999a613fa5bf5647ba23362f9c52afb0b45470d1ad01a75f6c429,c0c3bb52670b001b5378469c2279dc91ac5fc74c88e8b959dab427aa91a1f9a6,256,128,features_both,0.53765869140625,0.546875,0.5433070866141733,1.959934115409851,0.04071044921875,0.05078125,0.08305604058906868,1.012942910194397
fresh,ukr_rus_suspended,ss_twibot20,twibot20,True,/dataMeR1/phil/gfm/worktree-runtime-archive-20260812/prodigy-final-core/files/state/final_core/finalcore_ss_twibot20_s0_20260807/checkpoint/state_dict_2500.ckpt,38fd5db6854999a613fa5bf5647ba23362f9c52afb0b45470d1ad01a75f6c429,c0c3bb52670b001b5378469c2279dc91ac5fc74c88e8b959dab427aa91a1f9a6,256,128,edges_query,0.4779052734375,0.4765625,0.5,0.9286331534385681,-0.01904296875,-0.01953125,0.03974895397489542,-0.018358051776885986
fresh,ukr_rus_suspended,ss_twibot20,twibot20,True,/dataMeR1/phil/gfm/worktree-runtime-archive-20260812/prodigy-final-core/files/state/final_core/finalcore_ss_twibot20_s0_20260807/checkpoint/state_dict_2500.ckpt,38fd5db6854999a613fa5bf5647ba23362f9c52afb0b45470d1ad01a75f6c429,c0c3bb52670b001b5378469c2279dc91ac5fc74c88e8b959dab427aa91a1f9a6,256,128,edges_support,0.48748779296875,0.48828125,0.4738955823293173,0.8827927708625793,-0.00946044921875,-0.0078125,0.013644536304212695,-0.06419843435287476
fresh,ukr_rus_suspended,ss_twibot20,twibot20,True,/dataMeR1/phil/gfm/worktree-runtime-archive-20260812/prodigy-final-core/files/state/final_core/finalcore_ss_twibot20_s0_20260807/checkpoint/state_dict_2500.ckpt,38fd5db6854999a613fa5bf5647ba23362f9c52afb0b45470d1ad01a75f6c429,c0c3bb52670b001b5378469c2279dc91ac5fc74c88e8b959dab427aa91a1f9a6,256,128,edges_both,0.4742431640625,0.46875,0.4645669291338583,0.8546786308288574,-0.022705078125,-0.02734375,0.004315883108753693,-0.09231257438659668
fresh,ukr_rus_suspended,ss_twibot20,twibot20,True,/dataMeR1/phil/gfm/worktree-runtime-archive-20260812/prodigy-final-core/files/state/final_core/finalcore_ss_twibot20_s0_20260807/checkpoint/state_dict_2500.ckpt,38fd5db6854999a613fa5bf5647ba23362f9c52afb0b45470d1ad01a75f6c429,c0c3bb52670b001b5378469c2279dc91ac5fc74c88e8b959dab427aa91a1f9a6,256,128,center_zero_query,0.50244140625,0.51171875,0.4897959183673469,0.9564499855041504,0.0054931640625,0.015625,0.029544872342242345,0.009458780288696289
fresh,ukr_rus_suspended,ss_ukr_rus,ukr_rus,True,/dataMeR1/phil/gfm/worktree-runtime-archive-20260812/prodigy-final-core/files/state/final_core/finalcore_ss_ukr_rus_s0_20260807/checkpoint/state_dict_2500.ckpt,f203cc94aa624776407539869397b585cd3963892d2a2244bb38dfc386466693,c0c3bb52670b001b5378469c2279dc91ac5fc74c88e8b959dab427aa91a1f9a6,256,128,baseline,0.5401611328125,0.515625,0.4745762711864407,0.7818378806114197,0.0,0.0,0.0,0.0
fresh,ukr_rus_suspended,ss_ukr_rus,ukr_rus,True,/dataMeR1/phil/gfm/worktree-runtime-archive-20260812/prodigy-final-core/files/state/final_core/finalcore_ss_ukr_rus_s0_20260807/checkpoint/state_dict_2500.ckpt,f203cc94aa624776407539869397b585cd3963892d2a2244bb38dfc386466693,c0c3bb52670b001b5378469c2279dc91ac5fc74c88e8b959dab427aa91a1f9a6,256,128,features_query,0.47918701171875,0.50390625,0.4899598393574297,0.9746922254562378,-0.06097412109375,-0.01171875,0.015383568170989015,0.19285434484481812
fresh,ukr_rus_suspended,ss_ukr_rus,ukr_rus,True,/dataMeR1/phil/gfm/worktree-runtime-archive-20260812/prodigy-final-core/files/state/final_core/finalcore_ss_ukr_rus_s0_20260807/checkpoint/state_dict_2500.ckpt,f203cc94aa624776407539869397b585cd3963892d2a2244bb38dfc386466693,c0c3bb52670b001b5378469c2279dc91ac5fc74c88e8b959dab427aa91a1f9a6,256,128,features_support,0.52789306640625,0.515625,0.5407407407407407,1.2807374000549316,-0.01226806640625,0.0,0.06616446955430005,0.49889951944351196
fresh,ukr_rus_suspended,ss_ukr_rus,ukr_rus,True,/dataMeR1/phil/gfm/worktree-runtime-archive-20260812/prodigy-final-core/files/state/final_core/finalcore_ss_ukr_rus_s0_20260807/checkpoint/state_dict_2500.ckpt,f203cc94aa624776407539869397b585cd3963892d2a2244bb38dfc386466693,c0c3bb52670b001b5378469c2279dc91ac5fc74c88e8b959dab427aa91a1f9a6,256,128,features_both,0.52081298828125,0.5,0.5,1.6129605770111084,-0.01934814453125,-0.015625,0.02542372881355931,0.8311226963996887
fresh,ukr_rus_suspended,ss_ukr_rus,ukr_rus,True,/dataMeR1/phil/gfm/worktree-runtime-archive-20260812/prodigy-final-core/files/state/final_core/finalcore_ss_ukr_rus_s0_20260807/checkpoint/state_dict_2500.ckpt,f203cc94aa624776407539869397b585cd3963892d2a2244bb38dfc386466693,c0c3bb52670b001b5378469c2279dc91ac5fc74c88e8b959dab427aa91a1f9a6,256,128,edges_query,0.5484619140625,0.53125,0.4915254237288136,0.7876158952713013,0.00830078125,0.015625,0.01694915254237289,0.005778014659881592
fresh,ukr_rus_suspended,ss_ukr_rus,ukr_rus,True,/dataMeR1/phil/gfm/worktree-runtime-archive-20260812/prodigy-final-core/files/state/final_core/finalcore_ss_ukr_rus_s0_20260807/checkpoint/state_dict_2500.ckpt,f203cc94aa624776407539869397b585cd3963892d2a2244bb38dfc386466693,c0c3bb52670b001b5378469c2279dc91ac5fc74c88e8b959dab427aa91a1f9a6,256,128,edges_support,0.55169677734375,0.5390625,0.5390625,0.7728805541992188,0.01153564453125,0.0234375,0.06448622881355931,-0.008957326412200928
fresh,ukr_rus_suspended,ss_ukr_rus,ukr_rus,True,/dataMeR1/phil/gfm/worktree-runtime-archive-20260812/prodigy-final-core/files/state/final_core/finalcore_ss_ukr_rus_s0_20260807/checkpoint/state_dict_2500.ckpt,f203cc94aa624776407539869397b585cd3963892d2a2244bb38dfc386466693,c0c3bb52670b001b5378469c2279dc91ac5fc74c88e8b959dab427aa91a1f9a6,256,128,edges_both,0.56695556640625,0.53515625,0.5062240663900415,0.7600535750389099,0.02679443359375,0.01953125,0.03164779520360078,-0.021784305572509766
fresh,ukr_rus_suspended,ss_ukr_rus,ukr_rus,True,/dataMeR1/phil/gfm/worktree-runtime-archive-20260812/prodigy-final-core/files/state/final_core/finalcore_ss_ukr_rus_s0_20260807/checkpoint/state_dict_2500.ckpt,f203cc94aa624776407539869397b585cd3963892d2a2244bb38dfc386466693,c0c3bb52670b001b5378469c2279dc91ac5fc74c88e8b959dab427aa91a1f9a6,256,128,center_zero_query,0.53765869140625,0.53125,0.4915254237288136,0.7908284068107605,-0.00250244140625,0.015625,0.01694915254237289,0.00899052619934082
fresh,ukr_rus_suspended,ss_ukr_rus_suspended,ukr_rus_suspended,False,/dataMeR1/phil/gfm/worktree-runtime-archive-20260812/prodigy-final-core/files/state/final_core/finalcore_ss_ukr_rus_suspended_s0_20260807/checkpoint/state_dict_2500.ckpt,7ec514855df19a4a47666ee0a92ecadb7fb1d943875490aceee9923d5ec06ee6,c0c3bb52670b001b5378469c2279dc91ac5fc74c88e8b959dab427aa91a1f9a6,256,128,baseline,0.48944091796875,0.5,0.4796747967479675,1.1166329383850098,0.0,0.0,0.0,0.0
fresh,ukr_rus_suspended,ss_ukr_rus_suspended,ukr_rus_suspended,False,/dataMeR1/phil/gfm/worktree-runtime-archive-20260812/prodigy-final-core/files/state/final_core/finalcore_ss_ukr_rus_suspended_s0_20260807/checkpoint/state_dict_2500.ckpt,7ec514855df19a4a47666ee0a92ecadb7fb1d943875490aceee9923d5ec06ee6,c0c3bb52670b001b5378469c2279dc91ac5fc74c88e8b959dab427aa91a1f9a6,256,128,features_query,0.4844970703125,0.49609375,0.5132075471698113,1.2277495861053467,-0.00494384765625,-0.00390625,0.03353275042184384,0.11111664772033691
fresh,ukr_rus_suspended,ss_ukr_rus_suspended,ukr_rus_suspended,False,/dataMeR1/phil/gfm/worktree-runtime-archive-20260812/prodigy-final-core/files/state/final_core/finalcore_ss_ukr_rus_suspended_s0_20260807/checkpoint/state_dict_2500.ckpt,7ec514855df19a4a47666ee0a92ecadb7fb1d943875490aceee9923d5ec06ee6,c0c3bb52670b001b5378469c2279dc91ac5fc74c88e8b959dab427aa91a1f9a6,256,128,features_support,0.55596923828125,0.54296875,0.5617977528089888,1.4230546951293945,0.0665283203125,0.04296875,0.08212295606102132,0.30642175674438477
fresh,ukr_rus_suspended,ss_ukr_rus_suspended,ukr_rus_suspended,False,/dataMeR1/phil/gfm/worktree-runtime-archive-20260812/prodigy-final-core/files/state/final_core/finalcore_ss_ukr_rus_suspended_s0_20260807/checkpoint/state_dict_2500.ckpt,7ec514855df19a4a47666ee0a92ecadb7fb1d943875490aceee9923d5ec06ee6,c0c3bb52670b001b5378469c2279dc91ac5fc74c88e8b959dab427aa91a1f9a6,256,128,features_both,0.5736083984375,0.55859375,0.592057761732852,1.5389176607131958,0.08416748046875,0.05859375,0.11238296498488448,0.42228472232818604
fresh,ukr_rus_suspended,ss_ukr_rus_suspended,ukr_rus_suspended,False,/dataMeR1/phil/gfm/worktree-runtime-archive-20260812/prodigy-final-core/files/state/final_core/finalcore_ss_ukr_rus_suspended_s0_20260807/checkpoint/state_dict_2500.ckpt,7ec514855df19a4a47666ee0a92ecadb7fb1d943875490aceee9923d5ec06ee6,c0c3bb52670b001b5378469c2279dc91ac5fc74c88e8b959dab427aa91a1f9a6,256,128,edges_query,0.4849853515625,0.5234375,0.5413533834586466,1.1384022235870361,-0.00445556640625,0.0234375,0.061678586710679106,0.021769285202026367
fresh,ukr_rus_suspended,ss_ukr_rus_suspended,ukr_rus_suspended,False,/dataMeR1/phil/gfm/worktree-runtime-archive-20260812/prodigy-final-core/files/state/final_core/finalcore_ss_ukr_rus_suspended_s0_20260807/checkpoint/state_dict_2500.ckpt,7ec514855df19a4a47666ee0a92ecadb7fb1d943875490aceee9923d5ec06ee6,c0c3bb52670b001b5378469c2279dc91ac5fc74c88e8b959dab427aa91a1f9a6,256,128,edges_support,0.50970458984375,0.5078125,0.4878048780487805,0.9315273761749268,0.020263671875,0.0078125,0.008130081300812997,-0.185105562210083
fresh,ukr_rus_suspended,ss_ukr_rus_suspended,ukr_rus_suspended,False,/dataMeR1/phil/gfm/worktree-runtime-archive-20260812/prodigy-final-core/files/state/final_core/finalcore_ss_ukr_rus_suspended_s0_20260807/checkpoint/state_dict_2500.ckpt,7ec514855df19a4a47666ee0a92ecadb7fb1d943875490aceee9923d5ec06ee6,c0c3bb52670b001b5378469c2279dc91ac5fc74c88e8b959dab427aa91a1f9a6,256,128,edges_both,0.500244140625,0.49609375,0.5057471264367817,0.8572750091552734,0.01080322265625,-0.00390625,0.026072329688814178,-0.25935792922973633
fresh,ukr_rus_suspended,ss_ukr_rus_suspended,ukr_rus_suspended,False,/dataMeR1/phil/gfm/worktree-runtime-archive-20260812/prodigy-final-core/files/state/final_core/finalcore_ss_ukr_rus_suspended_s0_20260807/checkpoint/state_dict_2500.ckpt,7ec514855df19a4a47666ee0a92ecadb7fb1d943875490aceee9923d5ec06ee6,c0c3bb52670b001b5378469c2279dc91ac5fc74c88e8b959dab427aa91a1f9a6,256,128,center_zero_query,0.49896240234375,0.49609375,0.4777327935222672,1.0386799573898315,0.009521484375,-0.00390625,-0.0019420032257002617,-0.07795298099517822
