target,stream,model_id,source,seed,condition,roc_auc,accuracy,f1,nll,roc_auc_intact,accuracy_intact,f1_intact,nll_intact,delta_roc_auc,delta_accuracy,delta_f1,delta_nll
covid_political,original,memberctl_cp_hk_lowest_sorted_s0,cp_hk,0,scale_0,0.9064899020724828,0.8033854166666666,0.6912065439672802,0.4711736738681793,0.8201582166883681,0.7239583333333334,0.588748787584869,0.8531408309936523,0.08633168538411473,0.07942708333333326,0.10245775638241117,-0.381967157125473
covid_political,original,memberctl_cp_hk_lowest_sorted_s0,cp_hk,0,scale_1e-06,0.9064887717918113,0.8033854166666666,0.6912065439672802,0.4711831510066986,0.8201582166883681,0.7239583333333334,0.588748787584869,0.8531408309936523,0.08633055510344323,0.07942708333333326,0.10245775638241117,-0.38195767998695374
covid_political,original,memberctl_cp_hk_lowest_sorted_s0,cp_hk,0,scale_0.0001,0.9063387270326967,0.8030598958333334,0.6908533469596321,0.4721316397190094,0.8201582166883681,0.7239583333333334,0.588748787584869,0.8531408309936523,0.08618051034432861,0.0791015625,0.10210455937476304,-0.38100919127464294
covid_political,original,memberctl_cp_hk_lowest_sorted_s0,cp_hk,0,scale_0.01,0.8832137496383103,0.7516276041666666,0.6368396001903855,0.5827915072441101,0.8201582166883681,0.7239583333333334,0.588748787584869,0.8531408309936523,0.06305553294994226,0.02766927083333326,0.04809081260551651,-0.27034932374954224
covid_political,original,memberctl_cp_hk_lowest_sorted_s0,cp_hk,0,scale_0.1,0.8208914862738715,0.7233072916666666,0.5889748549323017,0.8483359217643738,0.8201582166883681,0.7239583333333334,0.588748787584869,0.8531408309936523,0.0007332695855034599,-0.0006510416666667407,0.0002260673474326902,-0.0048049092292785645
covid_political,original,memberctl_cp_hk_lowest_sorted_s0,cp_hk,0,scale_0.3,0.8196832162362557,0.7229817708333334,0.5878934624697336,0.8541192412376404,0.8201582166883681,0.7239583333333334,0.588748787584869,0.8531408309936523,-0.00047500045211235076,-0.0009765625,-0.0008553251151354191,0.0009784102439880371
covid_political,original,memberctl_cp_hk_lowest_sorted_s0,cp_hk,0,scale_1,0.8201582166883681,0.7239583333333334,0.588748787584869,0.8531408309936523,0.8201582166883681,0.7239583333333334,0.588748787584869,0.8531408309936523,0.0,0.0,0.0,0.0
covid_political,original,memberctl_cp_hk_lowest_sorted_s0,cp_hk,0,bias_0.01,0.8998486554181134,0.7789713541666666,0.665352390340069,0.5113441348075867,0.8201582166883681,0.7239583333333334,0.588748787584869,0.8531408309936523,0.07969043872974535,0.05501302083333326,0.07660360275519995,-0.3417966961860657
covid_political,original,memberctl_cp_hk_lowest_sorted_s0,cp_hk,0,bias_1,0.8165382102683739,0.7216796875,0.5875542691751086,0.8921733498573303,0.8201582166883681,0.7239583333333334,0.588748787584869,0.8531408309936523,-0.0036200064199941595,-0.0022786458333333703,-0.001194518409760481,0.03903251886367798
covid_political,original,memberctl_cp_hk_lowest_sorted_s0,cp_hk,0,no_bn_0,0.848592687536169,0.7926432291666666,0.6474820143884892,0.5204322934150696,0.8201582166883681,0.7239583333333334,0.588748787584869,0.8531408309936523,0.02843447084780093,0.06868489583333326,0.05873322680362014,-0.33270853757858276
covid_political,original,memberctl_cp_hk_lowest_sorted_s0,cp_hk,0,no_bn_1,0.7971694381148727,0.7649739583333334,0.5993340732519423,0.5131889581680298,0.8201582166883681,0.7239583333333334,0.588748787584869,0.8531408309936523,-0.02298877857349535,0.041015625,0.010585285667073285,-0.33995187282562256
covid_political,original,memberctl_cp_hk_lowest_sorted_s0,cp_hk,0,post_relu_norm_only,0.8140174018012154,0.71484375,0.5788461538461539,0.8850617408752441,0.8201582166883681,0.7239583333333334,0.588748787584869,0.8531408309936523,-0.006140814887152679,-0.00911458333333337,-0.009902633738715139,0.0319209098815918
covid_political,original,memberctl_cp_hk_lowest_sorted_s0,cp_hk,0,post_relu_direction_only,0.909533182779948,0.8069661458333334,0.6969851814001022,0.47100555896759033,0.8201582166883681,0.7239583333333334,0.588748787584869,0.8531408309936523,0.08937496609157991,0.0830078125,0.1082363938152332,-0.382135272026062
covid_political,original,memberctl_cp_hk_lowest_sorted_s0,cp_hk,0,pre_meta_norm_only,0.8272852014612269,0.7340494791666666,0.6004889975550122,0.809886634349823,0.8201582166883681,0.7239583333333334,0.588748787584869,0.8531408309936523,0.00712698477285878,0.01009114583333326,0.011740209970143134,-0.043254196643829346
covid_political,original,memberctl_cp_hk_lowest_sorted_s0,cp_hk,0,pre_meta_direction_only,0.9034875940393519,0.8033854166666666,0.6905737704918032,0.47376617789268494,0.8201582166883681,0.7239583333333334,0.588748787584869,0.8531408309936523,0.08332937735098378,0.07942708333333326,0.1018249829069342,-0.3793746531009674
covid_political,original,memberctl_cp_hk_lowest_sorted_s1,cp_hk,1,scale_0,0.8458138925057871,0.6181640625,0.5401803214425716,0.8494939804077148,0.7348062020760996,0.61328125,0.5041736227045075,1.3723984956741333,0.1110076904296875,0.0048828125,0.03600669873806406,-0.5229045152664185
covid_political,original,memberctl_cp_hk_lowest_sorted_s1,cp_hk,1,scale_1e-06,0.8458124796549478,0.6181640625,0.5401803214425716,0.8494997620582581,0.7348062020760996,0.61328125,0.5041736227045075,1.3723984956741333,0.11100627757884818,0.0048828125,0.03600669873806406,-0.5228987336158752
covid_political,original,memberctl_cp_hk_lowest_sorted_s1,cp_hk,1,scale_0.0001,0.8457042552806715,0.6184895833333334,0.5403921568627451,0.8500692248344421,0.7348062020760996,0.61328125,0.5041736227045075,1.3723984956741333,0.11089805320457191,0.00520833333333337,0.036218534158237614,-0.5223292708396912
covid_political,original,memberctl_cp_hk_lowest_sorted_s1,cp_hk,1,scale_0.01,0.8327402185510705,0.6103515625,0.5329691767460008,0.9279041886329651,0.7348062020760996,0.61328125,0.5041736227045075,1.3723984956741333,0.09793401647497091,-0.0029296875,0.028795554041493254,-0.4444943070411682
covid_political,original,memberctl_cp_hk_lowest_sorted_s1,cp_hk,1,scale_0.1,0.7548421223958334,0.6028645833333334,0.5088566827697263,1.3132786750793457,0.7348062020760996,0.61328125,0.5041736227045075,1.3723984956741333,0.02003592031973378,-0.01041666666666663,0.0046830600652187915,-0.0591198205947876
covid_political,original,memberctl_cp_hk_lowest_sorted_s1,cp_hk,1,scale_0.3,0.7303978248878762,0.6149088541666666,0.5035669324381032,1.3791109323501587,0.7348062020760996,0.61328125,0.5041736227045075,1.3723984956741333,-0.0044083771882234,0.0016276041666666297,-0.0006066902664042528,0.006712436676025391
covid_political,original,memberctl_cp_hk_lowest_sorted_s1,cp_hk,1,scale_1,0.7348062020760996,0.61328125,0.5041736227045075,1.3723984956741333,0.7348062020760996,0.61328125,0.5041736227045075,1.3723984956741333,0.0,0.0,0.0,0.0
covid_political,original,memberctl_cp_hk_lowest_sorted_s1,cp_hk,1,bias_0.01,0.8345348216869214,0.6057942708333334,0.5300737291424137,0.929129421710968,0.7348062020760996,0.61328125,0.5041736227045075,1.3723984956741333,0.0997286196108218,-0.00748697916666663,0.02590010643790619,-0.4432690739631653
covid_political,original,memberctl_cp_hk_lowest_sorted_s1,cp_hk,1,bias_1,0.7237023247612847,0.619140625,0.5050761421319797,1.401499629020691,0.7348062020760996,0.61328125,0.5041736227045075,1.3723984956741333,-0.01110387731481488,0.005859375,0.0009025194274722148,0.029101133346557617
covid_political,original,memberctl_cp_hk_lowest_sorted_s1,cp_hk,1,no_bn_0,0.8316186975549769,0.5107421875,0.48860156515821707,0.881187379360199,0.7348062020760996,0.61328125,0.5041736227045075,1.3723984956741333,0.09681249547887727,-0.1025390625,-0.01557205754629043,-0.4912111163139343
covid_political,original,memberctl_cp_hk_lowest_sorted_s1,cp_hk,1,no_bn_1,0.7569433141637731,0.5504557291666666,0.4939538292414804,1.017876386642456,0.7348062020760996,0.61328125,0.5041736227045075,1.3723984956741333,0.02213711208767355,-0.06282552083333337,-0.010219793463027094,-0.35452210903167725
covid_political,original,memberctl_cp_hk_lowest_sorted_s1,cp_hk,1,post_relu_norm_only,0.7302477801287616,0.6103515625,0.5039370078740157,1.4313158988952637,0.7348062020760996,0.61328125,0.5041736227045075,1.3723984956741333,-0.0045584219473380205,-0.0029296875,-0.0002366148304917548,0.05891740322113037
covid_political,original,memberctl_cp_hk_lowest_sorted_s1,cp_hk,1,post_relu_direction_only,0.8521753946940104,0.623046875,0.5455259026687598,0.8324546813964844,0.7348062020760996,0.61328125,0.5041736227045075,1.3723984956741333,0.11736919261791079,0.009765625,0.04135227996425228,-0.5399438142776489
covid_political,original,memberctl_cp_hk_lowest_sorted_s1,cp_hk,1,pre_meta_norm_only,0.7392905906394676,0.619140625,0.5079899074852817,1.3121585845947266,0.7348062020760996,0.61328125,0.5041736227045075,1.3723984956741333,0.004484388563367969,0.005859375,0.003816284780774226,-0.06023991107940674
covid_political,original,memberctl_cp_hk_lowest_sorted_s1,cp_hk,1,pre_meta_direction_only,0.8434397379557291,0.6227213541666666,0.5431612140323216,0.844704806804657,0.7348062020760996,0.61328125,0.5041736227045075,1.3723984956741333,0.10863353587962954,0.00944010416666663,0.03898759132781415,-0.5276936888694763
covid_political,original,memberctl_cp_hk_lowest_sorted_s2,cp_hk,2,scale_0,0.9119505705656828,0.8557942708333334,0.748152359295054,0.37339457869529724,0.8447859022352432,0.7682291666666666,0.6295525494276795,0.6488346457481384,0.06716466833043966,0.08756510416666674,0.1185998098673745,-0.2754400670528412
covid_political,original,memberctl_cp_hk_lowest_sorted_s2,cp_hk,2,scale_1e-06,0.9119511357060185,0.8557942708333334,0.748152359295054,0.37339505553245544,0.8447859022352432,0.7682291666666666,0.6295525494276795,0.6488346457481384,0.0671652334707753,0.08756510416666674,0.1185998098673745,-0.275439590215683
covid_political,original,memberctl_cp_hk_lowest_sorted_s2,cp_hk,2,scale_0.0001,0.911933051215278,0.8557942708333334,0.748152359295054,0.37344399094581604,0.8447859022352432,0.7682291666666666,0.6295525494276795,0.6488346457481384,0.06714714898003482,0.08756510416666674,0.1185998098673745,-0.2753906548023224
covid_political,original,memberctl_cp_hk_lowest_sorted_s2,cp_hk,2,scale_0.01,0.9085569028501158,0.84765625,0.7376681614349776,0.38330283761024475,0.8447859022352432,0.7682291666666666,0.6295525494276795,0.6488346457481384,0.06377100061487262,0.07942708333333337,0.10811561200729813,-0.2655318081378937
covid_political,original,memberctl_cp_hk_lowest_sorted_s2,cp_hk,2,scale_0.1,0.8529041431568287,0.7727864583333334,0.6364583333333333,0.6181936264038086,0.8447859022352432,0.7682291666666666,0.6295525494276795,0.6488346457481384,0.008118240921585529,0.004557291666666741,0.006905783905653884,-0.030641019344329834
covid_political,original,memberctl_cp_hk_lowest_sorted_s2,cp_hk,2,scale_0.3,0.8429475007233798,0.7672526041666666,0.6285714285714286,0.6569924354553223,0.8447859022352432,0.7682291666666666,0.6295525494276795,0.6488346457481384,-0.00183840151186343,-0.0009765625,-0.0009811208562509055,0.008157789707183838
covid_political,original,memberctl_cp_hk_lowest_sorted_s2,cp_hk,2,scale_1,0.8447859022352432,0.7682291666666666,0.6295525494276795,0.6488346457481384,0.8447859022352432,0.7682291666666666,0.6295525494276795,0.6488346457481384,0.0,0.0,0.0,0.0
covid_political,original,memberctl_cp_hk_lowest_sorted_s2,cp_hk,2,bias_0.01,0.9110779938874423,0.8564453125,0.749003984063745,0.37567368149757385,0.8447859022352432,0.7682291666666666,0.6295525494276795,0.6488346457481384,0.06629209165219907,0.08821614583333337,0.11945143463606556,-0.2731609642505646
covid_political,original,memberctl_cp_hk_lowest_sorted_s2,cp_hk,2,bias_1,0.8382014521846065,0.7662760416666666,0.6264308012486993,0.6698526740074158,0.8447859022352432,0.7682291666666666,0.6295525494276795,0.6488346457481384,-0.006584450050636681,-0.001953125,-0.003121748178980144,0.021018028259277344
covid_political,original,memberctl_cp_hk_lowest_sorted_s2,cp_hk,2,no_bn_0,0.8579011140046297,0.7828776041666666,0.6516971279373368,0.5109465718269348,0.8447859022352432,0.7682291666666666,0.6295525494276795,0.6488346457481384,0.013115211769386459,0.0146484375,0.022144578509657342,-0.1378880739212036
covid_political,original,memberctl_cp_hk_lowest_sorted_s2,cp_hk,2,no_bn_1,0.8058737295645255,0.7701822916666666,0.6129385964912281,0.5144405961036682,0.8447859022352432,0.7682291666666666,0.6295525494276795,0.6488346457481384,-0.03891217267071767,0.001953125,-0.016613952936451404,-0.13439404964447021
covid_political,original,memberctl_cp_hk_lowest_sorted_s2,cp_hk,2,post_relu_norm_only,0.8395086217809606,0.76171875,0.621900826446281,0.6679906249046326,0.8447859022352432,0.7682291666666666,0.6295525494276795,0.6488346457481384,-0.005277280454282551,-0.00651041666666663,-0.00765172298139849,0.01915597915649414
covid_political,original,memberctl_cp_hk_lowest_sorted_s2,cp_hk,2,post_relu_direction_only,0.9137601499204282,0.8548177083333334,0.747737556561086,0.37109890580177307,0.8447859022352432,0.7682291666666666,0.6295525494276795,0.6488346457481384,0.06897424768518501,0.08658854166666674,0.11818500713340652,-0.27773573994636536
covid_political,original,memberctl_cp_hk_lowest_sorted_s2,cp_hk,2,pre_meta_norm_only,0.8508603131329572,0.779296875,0.6424050632911392,0.6226508021354675,0.8447859022352432,0.7682291666666666,0.6295525494276795,0.6488346457481384,0.006074410897713989,0.01106770833333337,0.012852513863459758,-0.0261838436126709
covid_political,original,memberctl_cp_hk_lowest_sorted_s2,cp_hk,2,pre_meta_direction_only,0.9102099383318866,0.8518880208333334,0.7419171866137266,0.3770745098590851,0.8447859022352432,0.7682291666666666,0.6295525494276795,0.6488346457481384,0.06542403609664338,0.08365885416666674,0.11236463718604717,-0.27176013588905334
covid_political,original,memberctl_ukr_rus_lowest_sorted_s0,ukr_rus,0,scale_0,0.9417032312463832,0.85546875,0.7640807651434643,0.6642569899559021,0.9415715535481771,0.8792317708333334,0.7933147632311978,0.5857169032096863,0.00013167769820610076,-0.02376302083333337,-0.029233998087733415,0.07854008674621582
covid_political,original,memberctl_ukr_rus_lowest_sorted_s0,ukr_rus,0,scale_1e-06,0.9417032312463832,0.85546875,0.7640807651434643,0.6642562747001648,0.9415715535481771,0.8792317708333334,0.7933147632311978,0.5857169032096863,0.00013167769820610076,-0.02376302083333337,-0.029233998087733415,0.07853937149047852
covid_political,original,memberctl_ukr_rus_lowest_sorted_s0,ukr_rus,0,scale_0.0001,0.9416998404043692,0.85546875,0.7640807651434643,0.6641804575920105,0.9415715535481771,0.8792317708333334,0.7933147632311978,0.5857169032096863,0.00012828685619203917,-0.02376302083333337,-0.029233998087733415,0.07846355438232422
covid_political,original,memberctl_ukr_rus_lowest_sorted_s0,ukr_rus,0,scale_0.01,0.9416489777741608,0.857421875,0.7662753468516542,0.6545765995979309,0.9415715535481771,0.8792317708333334,0.7933147632311978,0.5857169032096863,7.742422598366883e-05,-0.02180989583333337,-0.027039416379543546,0.06885969638824463
covid_political,original,memberctl_ukr_rus_lowest_sorted_s0,ukr_rus,0,scale_0.1,0.941825584129051,0.875,0.7873754152823921,0.5940607190132141,0.9415715535481771,0.8792317708333334,0.7933147632311978,0.5857169032096863,0.0002540305808739207,-0.00423177083333337,-0.005939347948805684,0.008343815803527832
covid_political,original,memberctl_ukr_rus_lowest_sorted_s0,ukr_rus,0,scale_0.3,0.9419250488281251,0.8792317708333334,0.7933147632311978,0.5792014002799988,0.9415715535481771,0.8792317708333334,0.7933147632311978,0.5857169032096863,0.0003534952799479907,0.0,0.0,-0.0065155029296875
covid_political,original,memberctl_ukr_rus_lowest_sorted_s0,ukr_rus,0,scale_1,0.9415715535481771,0.8792317708333334,0.7933147632311978,0.5857169032096863,0.9415715535481771,0.8792317708333334,0.7933147632311978,0.5857169032096863,0.0,0.0,0.0,0.0
covid_political,original,memberctl_ukr_rus_lowest_sorted_s0,ukr_rus,0,bias_0.01,0.9416506731951678,0.8570963541666666,0.7658666666666667,0.6606435179710388,0.9415715535481771,0.8792317708333334,0.7933147632311978,0.5857169032096863,7.911964699069962e-05,-0.02213541666666674,-0.027448096564531066,0.07492661476135254
covid_political,original,memberctl_ukr_rus_lowest_sorted_s0,ukr_rus,0,bias_1,0.9421912299262153,0.8802083333333334,0.794413407821229,0.5782065987586975,0.9415715535481771,0.8792317708333334,0.7933147632311978,0.5857169032096863,0.0006196763780381698,0.0009765625,0.0010986445900312836,-0.0075103044509887695
covid_political,original,memberctl_ukr_rus_lowest_sorted_s0,ukr_rus,0,no_bn_0,0.935673749005353,0.6484375,0.578125,0.8473417162895203,0.9415715535481771,0.8792317708333334,0.7933147632311978,0.5857169032096863,-0.00589780454282407,-0.23079427083333337,-0.21518976323119776,0.261624813079834
covid_political,original,memberctl_ukr_rus_lowest_sorted_s0,ukr_rus,0,no_bn_1,0.9333580864800348,0.6695963541666666,0.5915492957746479,0.8072791695594788,0.9415715535481771,0.8792317708333334,0.7933147632311978,0.5857169032096863,-0.0082134670681423,-0.20963541666666674,-0.20176546745654989,0.22156226634979248
covid_political,original,memberctl_ukr_rus_lowest_sorted_s0,ukr_rus,0,post_relu_norm_only,0.9416241115993922,0.8782552083333334,0.7922222222222223,0.5893656611442566,0.9415715535481771,0.8792317708333334,0.7933147632311978,0.5857169032096863,5.255805121506807e-05,-0.0009765625,-0.0010925410089754894,0.0036487579345703125
covid_political,original,memberctl_ukr_rus_lowest_sorted_s0,ukr_rus,0,post_relu_direction_only,0.9417854591652199,0.8564453125,0.7653006918573709,0.6580755114555359,0.9415715535481771,0.8792317708333334,0.7933147632311978,0.5857169032096863,0.00021390561704281996,-0.02278645833333337,-0.028014071373826832,0.07235860824584961
covid_political,original,memberctl_ukr_rus_lowest_sorted_s0,ukr_rus,0,pre_meta_norm_only,0.9418349089445891,0.8782552083333334,0.7922222222222223,0.5855434536933899,0.9415715535481771,0.8792317708333334,0.7933147632311978,0.5857169032096863,0.00026335539641197947,-0.0009765625,-0.0010925410089754894,-0.00017344951629638672
covid_political,original,memberctl_ukr_rus_lowest_sorted_s0,ukr_rus,0,pre_meta_direction_only,0.9416891027379919,0.8544921875,0.7628647214854112,0.6622328162193298,0.9415715535481771,0.8792317708333334,0.7933147632311978,0.5857169032096863,0.00011754918981476958,-0.02473958333333337,-0.030450041745786582,0.07651591300964355
covid_political,original,memberctl_ukr_rus_lowest_sorted_s1,ukr_rus,1,scale_0,0.9417213157371239,0.8583984375,0.766003227541689,0.5079891085624695,0.9434438634801794,0.888671875,0.8036739380022963,0.4309394359588623,-0.0017225477430554692,-0.0302734375,-0.037670710460607215,0.07704967260360718
covid_political,original,memberctl_ukr_rus_lowest_sorted_s1,ukr_rus,1,scale_1e-06,0.9417213157371239,0.8583984375,0.766003227541689,0.5079873204231262,0.9434438634801794,0.888671875,0.8036739380022963,0.4309394359588623,-0.0017225477430554692,-0.0302734375,-0.037670710460607215,0.07704788446426392
covid_political,original,memberctl_ukr_rus_lowest_sorted_s1,ukr_rus,1,scale_0.0001,0.9417314882631656,0.8583984375,0.766003227541689,0.5078133940696716,0.9434438634801794,0.888671875,0.8036739380022963,0.4309394359588623,-0.0017123752170138395,-0.0302734375,-0.037670710460607215,0.07687395811080933
covid_political,original,memberctl_ukr_rus_lowest_sorted_s1,ukr_rus,1,scale_0.01,0.94208413583261,0.8665364583333334,0.7754654983570646,0.4916994273662567,0.9434438634801794,0.888671875,0.8036739380022963,0.4309394359588623,-0.0013597276475694198,-0.02213541666666663,-0.028208439645231675,0.06075999140739441
covid_political,original,memberctl_ukr_rus_lowest_sorted_s1,ukr_rus,1,scale_0.1,0.9434755113389757,0.8902994791666666,0.8062104657849338,0.43003758788108826,0.9434438634801794,0.888671875,0.8036739380022963,0.4309394359588623,3.164785879627985e-05,0.0016276041666666297,0.0025365277826375765,-0.0009018480777740479
covid_political,original,memberctl_ukr_rus_lowest_sorted_s1,ukr_rus,1,scale_0.3,0.943780404550058,0.8902994791666666,0.8062104657849338,0.42580297589302063,0.9434438634801794,0.888671875,0.8036739380022963,0.4309394359588623,0.0003365410698785709,0.0016276041666666297,0.0025365277826375765,-0.005136460065841675
covid_political,original,memberctl_ukr_rus_lowest_sorted_s1,ukr_rus,1,scale_1,0.9434438634801794,0.888671875,0.8036739380022963,0.4309394359588623,0.9434438634801794,0.888671875,0.8036739380022963,0.4309394359588623,0.0,0.0,0.0,0.0
covid_political,original,memberctl_ukr_rus_lowest_sorted_s1,ukr_rus,1,bias_0.01,0.9419445461697049,0.8610026041666666,0.7690643591130341,0.5003933310508728,0.9434438634801794,0.888671875,0.8036739380022963,0.4309394359588623,-0.0014993173104744795,-0.02766927083333337,-0.034609578889262194,0.0694538950920105
covid_political,original,memberctl_ukr_rus_lowest_sorted_s1,ukr_rus,1,bias_1,0.9439109519675927,0.8922526041666666,0.80833815865663,0.41431260108947754,0.9434438634801794,0.888671875,0.8036739380022963,0.4309394359588623,0.0004670884874132808,0.0035807291666666297,0.004664220654333695,-0.016626834869384766
covid_political,original,memberctl_ukr_rus_lowest_sorted_s1,ukr_rus,1,no_bn_0,0.9383567527488426,0.6682942708333334,0.5941855834328953,0.6508708596229553,0.9434438634801794,0.888671875,0.8036739380022963,0.4309394359588623,-0.00508711073133683,-0.22037760416666663,-0.20948835456940096,0.21993142366409302
covid_political,original,memberctl_ukr_rus_lowest_sorted_s1,ukr_rus,1,no_bn_1,0.936314900716146,0.7154947916666666,0.6274509803921569,0.5856627821922302,0.9434438634801794,0.888671875,0.8036739380022963,0.4309394359588623,-0.0071289627640334086,-0.17317708333333337,-0.1762229576101394,0.15472334623336792
covid_political,original,memberctl_ukr_rus_lowest_sorted_s1,ukr_rus,1,post_relu_norm_only,0.9433181197554977,0.8876953125,0.8022922636103151,0.4331255257129669,0.9434438634801794,0.888671875,0.8036739380022963,0.4309394359588623,-0.0001257437246816595,-0.0009765625,-0.0013816743919811136,0.0021860897541046143
covid_political,original,memberctl_ukr_rus_lowest_sorted_s1,ukr_rus,1,post_relu_direction_only,0.9420355337637442,0.8600260416666666,0.7678185745140389,0.5013015866279602,0.9434438634801794,0.888671875,0.8036739380022963,0.4309394359588623,-0.0014083297164352304,-0.02864583333333337,-0.03585536348825735,0.0703621506690979
covid_political,original,memberctl_ukr_rus_lowest_sorted_s1,ukr_rus,1,pre_meta_norm_only,0.9434630782515914,0.8873697916666666,0.8022857142857143,0.4409080445766449,0.9434438634801794,0.888671875,0.8036739380022963,0.4309394359588623,1.921477141197947e-05,-0.0013020833333333703,-0.0013882237165819822,0.009968608617782593
covid_political,original,memberctl_ukr_rus_lowest_sorted_s1,ukr_rus,1,pre_meta_direction_only,0.9420510751229745,0.8639322916666666,0.7723311546840959,0.4878864586353302,0.9434438634801794,0.888671875,0.8036739380022963,0.4309394359588623,-0.0013927883572049105,-0.02473958333333337,-0.031342783318200396,0.056947022676467896
covid_political,original,memberctl_ukr_rus_lowest_sorted_s2,ukr_rus,2,scale_0,0.9405393247251157,0.8580729166666666,0.765843179377014,0.5770838856697083,0.9414042720088253,0.8854166666666666,0.8,0.48519739508628845,-0.0008649472837095606,-0.02734375,-0.034156820622986084,0.0918864905834198
covid_political,original,memberctl_ukr_rus_lowest_sorted_s2,ukr_rus,2,scale_1e-06,0.9405398898654512,0.8580729166666666,0.765843179377014,0.5770828127861023,0.9414042720088253,0.8854166666666666,0.8,0.48519739508628845,-0.0008643821433740317,-0.02734375,-0.034156820622986084,0.09188541769981384
covid_political,original,memberctl_ukr_rus_lowest_sorted_s2,ukr_rus,2,scale_0.0001,0.9405381944444445,0.8583984375,0.7662547017732402,0.5769763588905334,0.9414042720088253,0.8854166666666666,0.8,0.48519739508628845,-0.0008660775643807295,-0.02701822916666663,-0.03374529822675987,0.091778963804245
covid_political,original,memberctl_ukr_rus_lowest_sorted_s2,ukr_rus,2,scale_0.01,0.9407167787905092,0.8642578125,0.7737384698860553,0.5665766596794128,0.9414042720088253,0.8854166666666666,0.8,0.48519739508628845,-0.0006874932183160709,-0.02115885416666663,-0.02626153011394472,0.08137926459312439
covid_political,original,memberctl_ukr_rus_lowest_sorted_s2,ukr_rus,2,scale_0.1,0.9414848045066551,0.8805338541666666,0.7943977591036414,0.5081813931465149,0.9414042720088253,0.8854166666666666,0.8,0.48519739508628845,8.053249782979943e-05,-0.0048828125,-0.0056022408963586345,0.02298399806022644
covid_political,original,memberctl_ukr_rus_lowest_sorted_s2,ukr_rus,2,scale_0.3,0.9414336593062789,0.8854166666666666,0.8002270147559591,0.48455408215522766,0.9414042720088253,0.8854166666666666,0.8,0.48519739508628845,2.938729745360913e-05,0.0,0.00022701475595909848,-0.000643312931060791
covid_political,original,memberctl_ukr_rus_lowest_sorted_s2,ukr_rus,2,scale_1,0.9414042720088253,0.8854166666666666,0.8,0.48519739508628845,0.9414042720088253,0.8854166666666666,0.8,0.48519739508628845,0.0,0.0,0.0,0.0
covid_political,original,memberctl_ukr_rus_lowest_sorted_s2,ukr_rus,2,bias_0.01,0.940638506854022,0.8619791666666666,0.7708108108108108,0.5713915228843689,0.9414042720088253,0.8854166666666666,0.8,0.48519739508628845,-0.0007657651548033106,-0.0234375,-0.029189189189189224,0.08619412779808044
covid_political,original,memberctl_ukr_rus_lowest_sorted_s2,ukr_rus,2,bias_1,0.9413777104130497,0.8880208333333334,0.8034285714285714,0.47326549887657166,0.9414042720088253,0.8854166666666666,0.8,0.48519739508628845,-2.656159577552053e-05,0.0026041666666667407,0.0034285714285713365,-0.011931896209716797
covid_political,original,memberctl_ukr_rus_lowest_sorted_s2,ukr_rus,2,no_bn_0,0.9375073468243635,0.5992838541666666,0.5479250826294528,0.9623348712921143,0.9414042720088253,0.8854166666666666,0.8,0.48519739508628845,-0.003896925184461719,-0.2861328125,-0.2520749173705472,0.4771374762058258
covid_political,original,memberctl_ukr_rus_lowest_sorted_s2,ukr_rus,2,no_bn_1,0.9354448671694156,0.625,0.5629742033383915,0.9780266284942627,0.9414042720088253,0.8854166666666666,0.8,0.48519739508628845,-0.00595940483940971,-0.26041666666666663,-0.2370257966616085,0.49282923340797424
covid_political,original,memberctl_ukr_rus_lowest_sorted_s2,ukr_rus,2,post_relu_norm_only,0.9412044949001737,0.884765625,0.7993197278911565,0.49080419540405273,0.9414042720088253,0.8854166666666666,0.8,0.48519739508628845,-0.0001997771086515998,-0.0006510416666666297,-0.0006802721088435826,0.005606800317764282
covid_political,original,memberctl_ukr_rus_lowest_sorted_s2,ukr_rus,2,post_relu_direction_only,0.9408303719979746,0.8606770833333334,0.7691477885652643,0.5703915953636169,0.9414042720088253,0.8854166666666666,0.8,0.48519739508628845,-0.0005739000108506698,-0.02473958333333326,-0.03085221143473571,0.08519420027732849
covid_political,original,memberctl_ukr_rus_lowest_sorted_s2,ukr_rus,2,pre_meta_norm_only,0.9414150096752025,0.8844401041666666,0.7986386840612593,0.4889490306377411,0.9414042720088253,0.8854166666666666,0.8,0.48519739508628845,1.0737666377269584e-05,-0.0009765625,-0.0013613159387407814,0.0037516355514526367
covid_political,original,memberctl_ukr_rus_lowest_sorted_s2,ukr_rus,2,pre_meta_direction_only,0.9407676414207177,0.8606770833333334,0.7693965517241379,0.5704513192176819,0.9414042720088253,0.8854166666666666,0.8,0.48519739508628845,-0.0006366305881075895,-0.02473958333333326,-0.030603448275862144,0.08525392413139343
covid_political,fresh,memberctl_cp_hk_lowest_sorted_s0,cp_hk,0,scale_0,0.9154137505425346,0.7978515625,0.6918114143920595,0.4829101860523224,0.8589853357385706,0.7301432291666666,0.6117096018735363,0.7928168773651123,0.05642841480396399,0.06770833333333337,0.08010181251852322,-0.3099066913127899
covid_political,fresh,memberctl_cp_hk_lowest_sorted_s0,cp_hk,0,scale_1e-06,0.9154109248408564,0.7978515625,0.6918114143920595,0.4829186499118805,0.8589853357385706,0.7301432291666666,0.6117096018735363,0.7928168773651123,0.05642558910228579,0.06770833333333337,0.08010181251852322,-0.3098982274532318
covid_political,fresh,memberctl_cp_hk_lowest_sorted_s0,cp_hk,0,scale_0.0001,0.9153029830367476,0.7975260416666666,0.691468253968254,0.48377013206481934,0.8589853357385706,0.7301432291666666,0.6117096018735363,0.7928168773651123,0.05631764729817701,0.0673828125,0.07975865209471766,-0.30904674530029297
covid_political,fresh,memberctl_cp_hk_lowest_sorted_s0,cp_hk,0,scale_0.01,0.9004007975260416,0.7548828125,0.6473067915690867,0.5810646414756775,0.8589853357385706,0.7301432291666666,0.6117096018735363,0.7928168773651123,0.04141546178747102,0.02473958333333337,0.03559718969555037,-0.21175223588943481
covid_political,fresh,memberctl_cp_hk_lowest_sorted_s0,cp_hk,0,scale_0.1,0.8592441700122975,0.7298177083333334,0.6121495327102804,0.7905025482177734,0.8589853357385706,0.7301432291666666,0.6117096018735363,0.7928168773651123,0.0002588342737268601,-0.0003255208333332593,0.0004399308367440957,-0.002314329147338867
covid_political,fresh,memberctl_cp_hk_lowest_sorted_s0,cp_hk,0,scale_0.3,0.8584351716218172,0.73046875,0.6123595505617978,0.793969452381134,0.8589853357385706,0.7301432291666666,0.6117096018735363,0.7928168773651123,-0.0005501641167534599,0.00032552083333337034,0.0006499486882615146,0.0011525750160217285
covid_political,fresh,memberctl_cp_hk_lowest_sorted_s0,cp_hk,0,scale_1,0.8589853357385706,0.7301432291666666,0.6117096018735363,0.7928168773651123,0.8589853357385706,0.7301432291666666,0.6117096018735363,0.7928168773651123,0.0,0.0,0.0,0.0
covid_political,fresh,memberctl_cp_hk_lowest_sorted_s0,cp_hk,0,bias_0.01,0.9112396240234377,0.7783203125,0.6721232546942706,0.5200027823448181,0.8589853357385706,0.7301432291666666,0.6117096018735363,0.7928168773651123,0.05225428828486711,0.04817708333333337,0.0604136528207343,-0.2728140950202942
covid_political,fresh,memberctl_cp_hk_lowest_sorted_s0,cp_hk,0,bias_1,0.8548564204463253,0.7268880208333334,0.6084927671488567,0.8358941078186035,0.8589853357385706,0.7301432291666666,0.6117096018735363,0.7928168773651123,-0.00412891529224535,-0.0032552083333332593,-0.003216834724679596,0.04307723045349121
covid_political,fresh,memberctl_cp_hk_lowest_sorted_s0,cp_hk,0,no_bn_0,0.8692446108217593,0.7998046875,0.6673877771768524,0.5099819898605347,0.8589853357385706,0.7301432291666666,0.6117096018735363,0.7928168773651123,0.01025927508318869,0.06966145833333337,0.05567817530331609,-0.28283488750457764
covid_political,fresh,memberctl_cp_hk_lowest_sorted_s0,cp_hk,0,no_bn_1,0.8415877730758101,0.794921875,0.6507760532150776,0.4816059172153473,0.8589853357385706,0.7301432291666666,0.6117096018735363,0.7928168773651123,-0.01739756266276049,0.06477864583333337,0.0390664513415413,-0.311210960149765
covid_political,fresh,memberctl_cp_hk_lowest_sorted_s0,cp_hk,0,post_relu_norm_only,0.851999353479456,0.7252604166666666,0.6056074766355141,0.829685389995575,0.8589853357385706,0.7301432291666666,0.6117096018735363,0.7928168773651123,-0.00698598225911462,-0.0048828125,-0.006102125238022227,0.036868512630462646
covid_political,fresh,memberctl_cp_hk_lowest_sorted_s0,cp_hk,0,post_relu_direction_only,0.9172821044921876,0.7981770833333334,0.6924603174603174,0.4810411036014557,0.8589853357385706,0.7301432291666666,0.6117096018735363,0.7928168773651123,0.058296768753617,0.06803385416666674,0.08075071558678115,-0.3117757737636566
covid_political,fresh,memberctl_cp_hk_lowest_sorted_s0,cp_hk,0,pre_meta_norm_only,0.8657630637839988,0.740234375,0.620722433460076,0.7525558471679688,0.8589853357385706,0.7301432291666666,0.6117096018735363,0.7928168773651123,0.0067777280454282,0.01009114583333337,0.00901283158653976,-0.040261030197143555
covid_political,fresh,memberctl_cp_hk_lowest_sorted_s0,cp_hk,0,pre_meta_direction_only,0.9127999764901621,0.7923177083333334,0.6847826086956522,0.48868122696876526,0.8589853357385706,0.7301432291666666,0.6117096018735363,0.7928168773651123,0.05381464075159148,0.06217447916666674,0.07307300682211593,-0.30413565039634705
covid_political,fresh,memberctl_cp_hk_lowest_sorted_s1,cp_hk,1,scale_0,0.8670060899522569,0.6158854166666666,0.5458044649730562,0.8765835165977478,0.7715143274377894,0.6298828125,0.5240686479698619,1.3231092691421509,0.09549176251446756,-0.01399739583333337,0.02173581700319438,-0.4465257525444031
covid_political,fresh,memberctl_cp_hk_lowest_sorted_s1,cp_hk,1,scale_1e-06,0.8670066550925927,0.6158854166666666,0.5458044649730562,0.8765891194343567,0.7715143274377894,0.6298828125,0.5240686479698619,1.3231092691421509,0.09549232765480331,-0.01399739583333337,0.02173581700319438,-0.4465201497077942
covid_political,fresh,memberctl_cp_hk_lowest_sorted_s1,cp_hk,1,scale_0.0001,0.866932056568287,0.6158854166666666,0.5458044649730562,0.8771476745605469,0.7715143274377894,0.6298828125,0.5240686479698619,1.3231092691421509,0.09541772913049762,-0.01399739583333337,0.02173581700319438,-0.445961594581604
covid_political,fresh,memberctl_cp_hk_lowest_sorted_s1,cp_hk,1,scale_0.01,0.8559722900390625,0.6080729166666666,0.5383435582822086,0.9515905380249023,0.7715143274377894,0.6298828125,0.5240686479698619,1.3231092691421509,0.08445796260127314,-0.02180989583333337,0.014274910312346734,-0.37151873111724854
covid_political,fresh,memberctl_cp_hk_lowest_sorted_s1,cp_hk,1,scale_0.1,0.7867411860713254,0.6298828125,0.5357288689260923,1.2832318544387817,0.7715143274377894,0.6298828125,0.5240686479698619,1.3231092691421509,0.015226858633536011,0.0,0.011660220956230427,-0.03987741470336914
covid_political,fresh,memberctl_cp_hk_lowest_sorted_s1,cp_hk,1,scale_0.3,0.7681059660734955,0.6331380208333334,0.5258729490954985,1.3248839378356934,0.7715143274377894,0.6298828125,0.5240686479698619,1.3231092691421509,-0.0034083613642938992,0.0032552083333333703,0.0018043011256366759,0.0017746686935424805
covid_political,fresh,memberctl_cp_hk_lowest_sorted_s1,cp_hk,1,scale_1,0.7715143274377894,0.6298828125,0.5240686479698619,1.3231092691421509,0.7715143274377894,0.6298828125,0.5240686479698619,1.3231092691421509,0.0,0.0,0.0,0.0
covid_political,fresh,memberctl_cp_hk_lowest_sorted_s1,cp_hk,1,bias_0.01,0.8577852602358217,0.6044921875,0.5364364746280046,0.9545598030090332,0.7715143274377894,0.6298828125,0.5240686479698619,1.3231092691421509,0.08627093279803233,-0.025390625,0.012367826658142733,-0.3685494661331177
covid_political,fresh,memberctl_cp_hk_lowest_sorted_s1,cp_hk,1,bias_1,0.7627628467701099,0.6318359375,0.5209656925031766,1.3419820070266724,0.7715143274377894,0.6298828125,0.5240686479698619,1.3231092691421509,-0.008751480667679501,0.001953125,-0.0031029554666852643,0.018872737884521484
covid_political,fresh,memberctl_cp_hk_lowest_sorted_s1,cp_hk,1,no_bn_0,0.8559705946180556,0.5045572916666666,0.4885752688172043,0.8821132779121399,0.7715143274377894,0.6298828125,0.5240686479698619,1.3231092691421509,0.08445626718026622,-0.12532552083333337,-0.035493379152657545,-0.440995991230011
covid_political,fresh,memberctl_cp_hk_lowest_sorted_s1,cp_hk,1,no_bn_1,0.8044371428313077,0.5537109375,0.503800217155266,0.9756456017494202,0.7715143274377894,0.6298828125,0.5240686479698619,1.3231092691421509,0.03292281539351838,-0.076171875,-0.02026843081459584,-0.3474636673927307
covid_political,fresh,memberctl_cp_hk_lowest_sorted_s1,cp_hk,1,post_relu_norm_only,0.7664258038556134,0.6253255208333334,0.5198164372131832,1.3865238428115845,0.7715143274377894,0.6298828125,0.5240686479698619,1.3231092691421509,-0.00508852358217593,-0.00455729166666663,-0.004252210756678698,0.0634145736694336
covid_political,fresh,memberctl_cp_hk_lowest_sorted_s1,cp_hk,1,post_relu_direction_only,0.8722299646448206,0.6168619791666666,0.5467847516365036,0.8572499752044678,0.7715143274377894,0.6298828125,0.5240686479698619,1.3231092691421509,0.10071563720703125,-0.01302083333333337,0.022716103666641785,-0.4658592939376831
covid_political,fresh,memberctl_cp_hk_lowest_sorted_s1,cp_hk,1,pre_meta_norm_only,0.7768907900209779,0.63671875,0.5303030303030303,1.2606834173202515,0.7715143274377894,0.6298828125,0.5240686479698619,1.3231092691421509,0.005376462583188579,0.0068359375,0.00623438233316842,-0.062425851821899414
covid_political,fresh,memberctl_cp_hk_lowest_sorted_s1,cp_hk,1,pre_meta_direction_only,0.8640673602068866,0.6207682291666666,0.5482745250096936,0.8756923675537109,0.7715143274377894,0.6298828125,0.5240686479698619,1.3231092691421509,0.09255303276909721,-0.00911458333333337,0.02420587703983179,-0.44741690158843994
covid_political,fresh,memberctl_cp_hk_lowest_sorted_s2,cp_hk,2,scale_0,0.9216574209707755,0.8551432291666666,0.7509792949076665,0.3682033121585846,0.8751520227502895,0.7919921875,0.668051948051948,0.5914848446846008,0.04650539822048605,0.06315104166666663,0.08292734685571845,-0.22328153252601624
covid_political,fresh,memberctl_cp_hk_lowest_sorted_s2,cp_hk,2,scale_1e-06,0.9216579861111112,0.8551432291666666,0.7509792949076665,0.368203729391098,0.8751520227502895,0.7919921875,0.668051948051948,0.5914848446846008,0.04650596336082169,0.06315104166666663,0.08292734685571845,-0.2232811152935028
covid_political,fresh,memberctl_cp_hk_lowest_sorted_s2,cp_hk,2,scale_0.0001,0.9216568558304399,0.8557942708333334,0.7520984890878567,0.36824652552604675,0.8751520227502895,0.7919921875,0.668051948051948,0.5914848446846008,0.04650483308015041,0.06380208333333337,0.0840465410359087,-0.22323831915855408
covid_political,fresh,memberctl_cp_hk_lowest_sorted_s2,cp_hk,2,scale_0.01,0.9200269911024305,0.849609375,0.7450331125827815,0.3761274814605713,0.8751520227502895,0.7919921875,0.668051948051948,0.5914848446846008,0.044874968352141,0.0576171875,0.07698116453083348,-0.21535736322402954
covid_political,fresh,memberctl_cp_hk_lowest_sorted_s2,cp_hk,2,scale_0.1,0.8811815049913194,0.7900390625,0.6663217796171754,0.5723978877067566,0.8751520227502895,0.7919921875,0.668051948051948,0.5914848446846008,0.006029482241029949,-0.001953125,-0.0017301684347725832,-0.01908695697784424
covid_political,fresh,memberctl_cp_hk_lowest_sorted_s2,cp_hk,2,scale_0.3,0.8737951208043981,0.7903645833333334,0.6656282450674974,0.5990113615989685,0.8751520227502895,0.7919921875,0.668051948051948,0.5914848446846008,-0.0013569019458913312,-0.0016276041666666297,-0.002423702984450604,0.007526516914367676
covid_political,fresh,memberctl_cp_hk_lowest_sorted_s2,cp_hk,2,scale_1,0.8751520227502895,0.7919921875,0.668051948051948,0.5914848446846008,0.8751520227502895,0.7919921875,0.668051948051948,0.5914848446846008,0.0,0.0,0.0,0.0
covid_political,fresh,memberctl_cp_hk_lowest_sorted_s2,cp_hk,2,bias_0.01,0.9214053683810763,0.8531901041666666,0.7487465181058496,0.3701719343662262,0.8751520227502895,0.7919921875,0.668051948051948,0.5914848446846008,0.04625334563078687,0.06119791666666663,0.08069457005390157,-0.22131291031837463
covid_political,fresh,memberctl_cp_hk_lowest_sorted_s2,cp_hk,2,bias_1,0.8689778645833333,0.7861328125,0.6601138127263321,0.609919548034668,0.8751520227502895,0.7919921875,0.668051948051948,0.5914848446846008,-0.006174158166956212,-0.005859375,-0.007938135325615936,0.01843470335006714
covid_political,fresh,memberctl_cp_hk_lowest_sorted_s2,cp_hk,2,no_bn_0,0.8879326714409722,0.78515625,0.6670030272452069,0.4932675063610077,0.8751520227502895,0.7919921875,0.668051948051948,0.5914848446846008,0.012780648690682739,-0.0068359375,-0.001048920806741127,-0.09821733832359314
covid_political,fresh,memberctl_cp_hk_lowest_sorted_s2,cp_hk,2,no_bn_1,0.8535048873336225,0.7952473958333334,0.6638161411010155,0.48331010341644287,0.8751520227502895,0.7919921875,0.668051948051948,0.5914848446846008,-0.021647135416666963,0.0032552083333333703,-0.004235806950932508,-0.10817474126815796
covid_political,fresh,memberctl_cp_hk_lowest_sorted_s2,cp_hk,2,post_relu_norm_only,0.8705000700774016,0.787109375,0.6635802469135802,0.6095829010009766,0.8751520227502895,0.7919921875,0.668051948051948,0.5914848446846008,-0.004651952672887871,-0.0048828125,-0.004471701138367812,0.018098056316375732
covid_political,fresh,memberctl_cp_hk_lowest_sorted_s2,cp_hk,2,post_relu_direction_only,0.9230533175998265,0.857421875,0.7550335570469798,0.3659328520298004,0.8751520227502895,0.7919921875,0.668051948051948,0.5914848446846008,0.04790129484953698,0.0654296875,0.08698160899503182,-0.22555199265480042
covid_political,fresh,memberctl_cp_hk_lowest_sorted_s2,cp_hk,2,pre_meta_norm_only,0.8798381664134838,0.7978515625,0.6743576297850026,0.5682701468467712,0.8751520227502895,0.7919921875,0.668051948051948,0.5914848446846008,0.004686143663194309,0.005859375,0.006305681733054569,-0.02321469783782959
covid_political,fresh,memberctl_cp_hk_lowest_sorted_s2,cp_hk,2,pre_meta_direction_only,0.9200252956814237,0.8518880208333334,0.7465181058495822,0.3721865713596344,0.8751520227502895,0.7919921875,0.668051948051948,0.5914848446846008,0.04487327293113419,0.05989583333333337,0.07846615779763422,-0.21929827332496643
covid_political,fresh,memberctl_ukr_rus_lowest_sorted_s0,ukr_rus,0,scale_0,0.9528220847800927,0.8567708333333334,0.7667020148462355,0.6103137135505676,0.954300491898148,0.8854166666666666,0.8029115341545353,0.5224364995956421,-0.0014784071180553582,-0.02864583333333326,-0.03620951930829985,0.08787721395492554
covid_political,fresh,memberctl_ukr_rus_lowest_sorted_s0,ukr_rus,0,scale_1e-06,0.9528220847800927,0.8567708333333334,0.7667020148462355,0.6103127598762512,0.954300491898148,0.8854166666666666,0.8029115341545353,0.5224364995956421,-0.0014784071180553582,-0.02864583333333326,-0.03620951930829985,0.08787626028060913
covid_political,fresh,memberctl_ukr_rus_lowest_sorted_s0,ukr_rus,0,scale_0.0001,0.9528251930519387,0.8567708333333334,0.7667020148462355,0.610214352607727,0.954300491898148,0.8854166666666666,0.8029115341545353,0.5224364995956421,-0.0014752988462093386,-0.02864583333333326,-0.03620951930829985,0.08777785301208496
covid_political,fresh,memberctl_ukr_rus_lowest_sorted_s0,ukr_rus,0,scale_0.01,0.9529447202329282,0.861328125,0.771948608137045,0.5981326103210449,0.954300491898148,0.8854166666666666,0.8029115341545353,0.5224364995956421,-0.0013557716652198293,-0.02408854166666663,-0.03096292601749029,0.07569611072540283
covid_political,fresh,memberctl_ukr_rus_lowest_sorted_s0,ukr_rus,0,scale_0.1,0.954186898690683,0.8818359375,0.7979966611018364,0.5317546725273132,0.954300491898148,0.8854166666666666,0.8029115341545353,0.5224364995956421,-0.00011359320746506807,-0.0035807291666666297,-0.004914873052698887,0.009318172931671143
covid_political,fresh,memberctl_ukr_rus_lowest_sorted_s0,ukr_rus,0,scale_0.3,0.9543671784577547,0.8860677083333334,0.8038116591928252,0.5178345441818237,0.954300491898148,0.8854166666666666,0.8029115341545353,0.5224364995956421,6.668655960662129e-05,0.0006510416666667407,0.0009001250382898451,-0.004601955413818359
covid_political,fresh,memberctl_ukr_rus_lowest_sorted_s0,ukr_rus,0,scale_1,0.954300491898148,0.8854166666666666,0.8029115341545353,0.5224364995956421,0.954300491898148,0.8854166666666666,0.8029115341545353,0.5224364995956421,0.0,0.0,0.0,0.0
covid_political,fresh,memberctl_ukr_rus_lowest_sorted_s0,ukr_rus,0,bias_0.01,0.9528006094473381,0.8597005208333334,0.7701333333333333,0.6059314608573914,0.954300491898148,0.8854166666666666,0.8029115341545353,0.5224364995956421,-0.0014998824508098973,-0.02571614583333326,-0.032778200821201975,0.08349496126174927
covid_political,fresh,memberctl_ukr_rus_lowest_sorted_s0,ukr_rus,0,bias_1,0.9545242874710648,0.88671875,0.8047138047138047,0.5169146656990051,0.954300491898148,0.8854166666666666,0.8029115341545353,0.5224364995956421,0.00022379557291674068,0.0013020833333333703,0.0018022705592694033,-0.005521833896636963
covid_political,fresh,memberctl_ukr_rus_lowest_sorted_s0,ukr_rus,0,no_bn_0,0.9499339350947628,0.6513671875,0.5808219178082191,0.8173657059669495,0.954300491898148,0.8854166666666666,0.8029115341545353,0.5224364995956421,-0.004366556803385269,-0.23404947916666663,-0.2220896163463162,0.2949292063713074
covid_political,fresh,memberctl_ukr_rus_lowest_sorted_s0,ukr_rus,0,no_bn_1,0.9497804994936342,0.6770833333333334,0.5983805668016194,0.7719846367835999,0.954300491898148,0.8854166666666666,0.8029115341545353,0.5224364995956421,-0.0045199924045138395,-0.20833333333333326,-0.20453096735291587,0.24954813718795776
covid_political,fresh,memberctl_ukr_rus_lowest_sorted_s0,ukr_rus,0,post_relu_norm_only,0.9543988263165508,0.884765625,0.802013422818792,0.5255498886108398,0.954300491898148,0.8854166666666666,0.8029115341545353,0.5224364995956421,9.833441840279011e-05,-0.0006510416666666297,-0.0008981113357433568,0.003113389015197754
covid_political,fresh,memberctl_ukr_rus_lowest_sorted_s0,ukr_rus,0,post_relu_direction_only,0.9527881763599537,0.8600260416666666,0.7707889125799574,0.6046600937843323,0.954300491898148,0.8854166666666666,0.8029115341545353,0.5224364995956421,-0.0015123155381943088,-0.025390625,-0.0321226215745779,0.08222359418869019
covid_political,fresh,memberctl_ukr_rus_lowest_sorted_s0,ukr_rus,0,pre_meta_norm_only,0.9546271430121528,0.8850911458333334,0.8024622271964186,0.5226178765296936,0.954300491898148,0.8854166666666666,0.8029115341545353,0.5224364995956421,0.0003266511140047612,-0.0003255208333332593,-0.00044930695811673527,0.00018137693405151367
covid_political,fresh,memberctl_ukr_rus_lowest_sorted_s0,ukr_rus,0,pre_meta_direction_only,0.9526282416449651,0.8583984375,0.768493879723257,0.6086698174476624,0.954300491898148,0.8854166666666666,0.8029115341545353,0.5224364995956421,-0.0016722502531829608,-0.02701822916666663,-0.03441765443127831,0.08623331785202026
covid_political,fresh,memberctl_ukr_rus_lowest_sorted_s1,ukr_rus,1,scale_0,0.9556992142288772,0.87109375,0.7864077669902912,0.4620804786682129,0.9570897420247395,0.8974609375,0.8207171314741036,0.37902820110321045,-0.0013905277958623508,-0.0263671875,-0.03430936448381239,0.08305227756500244
covid_political,fresh,memberctl_ukr_rus_lowest_sorted_s1,ukr_rus,1,scale_1e-06,0.9556992142288772,0.87109375,0.7864077669902912,0.4620784819126129,0.9570897420247395,0.8974609375,0.8207171314741036,0.37902820110321045,-0.0013905277958623508,-0.0263671875,-0.03430936448381239,0.08305028080940247
covid_political,fresh,memberctl_ukr_rus_lowest_sorted_s1,ukr_rus,1,scale_0.0001,0.9557003445095487,0.8714192708333334,0.7868321640582838,0.4618828594684601,0.9570897420247395,0.8974609375,0.8207171314741036,0.37902820110321045,-0.0013893975151908489,-0.02604166666666663,-0.03388496741581981,0.08285465836524963
covid_political,fresh,memberctl_ukr_rus_lowest_sorted_s1,ukr_rus,1,scale_0.01,0.956058078342014,0.87890625,0.7967213114754098,0.4440125524997711,0.9570897420247395,0.8974609375,0.8207171314741036,0.37902820110321045,-0.0010316636827255588,-0.0185546875,-0.023995819998693824,0.06498435139656067
covid_political,fresh,memberctl_ukr_rus_lowest_sorted_s1,ukr_rus,1,scale_0.1,0.9573858755606192,0.8977864583333334,0.821590909090909,0.377645879983902,0.9570897420247395,0.8974609375,0.8207171314741036,0.37902820110321045,0.0002961335358796502,0.00032552083333337034,0.0008737776168054046,-0.0013823211193084717
covid_political,fresh,memberctl_ukr_rus_lowest_sorted_s1,ukr_rus,1,scale_0.3,0.9573881361219618,0.8981119791666666,0.8218554354012522,0.374605655670166,0.9570897420247395,0.8974609375,0.8207171314741036,0.37902820110321045,0.0002983940972223209,0.0006510416666666297,0.0011383039271485318,-0.004422545433044434
covid_political,fresh,memberctl_ukr_rus_lowest_sorted_s1,ukr_rus,1,scale_1,0.9570897420247395,0.8974609375,0.8207171314741036,0.37902820110321045,0.9570897420247395,0.8974609375,0.8207171314741036,0.37902820110321045,0.0,0.0,0.0,0.0
covid_political,fresh,memberctl_ukr_rus_lowest_sorted_s1,ukr_rus,1,bias_0.01,0.9558317396375868,0.8753255208333334,0.7919608908202064,0.45382046699523926,0.9570897420247395,0.8974609375,0.8207171314741036,0.37902820110321045,-0.001258002387152679,-0.02213541666666663,-0.028756240653897258,0.07479226589202881
covid_political,fresh,memberctl_ukr_rus_lowest_sorted_s1,ukr_rus,1,bias_1,0.9573064733434606,0.9000651041666666,0.8244711263579189,0.3645438849925995,0.9570897420247395,0.8974609375,0.8207171314741036,0.37902820110321045,0.0002167313187211306,0.0026041666666666297,0.003753994883815226,-0.014484316110610962
covid_political,fresh,memberctl_ukr_rus_lowest_sorted_s1,ukr_rus,1,no_bn_0,0.9516618516710069,0.6787109375,0.6012121212121212,0.6320092082023621,0.9570897420247395,0.8974609375,0.8207171314741036,0.37902820110321045,-0.0054278903537325895,-0.21875,-0.21950501026198244,0.2529810070991516
covid_political,fresh,memberctl_ukr_rus_lowest_sorted_s1,ukr_rus,1,no_bn_1,0.952180650499132,0.7259114583333334,0.6370689655172413,0.5604826807975769,0.9570897420247395,0.8974609375,0.8207171314741036,0.37902820110321045,-0.0049090915256074785,-0.17154947916666663,-0.18364816595686229,0.18145447969436646
covid_political,fresh,memberctl_ukr_rus_lowest_sorted_s1,ukr_rus,1,post_relu_norm_only,0.9571287367078994,0.896484375,0.8193181818181818,0.38017532229423523,0.9570897420247395,0.8974609375,0.8207171314741036,0.37902820110321045,3.899468315993193e-05,-0.0009765625,-0.0013989496559217995,0.0011471211910247803
covid_political,fresh,memberctl_ukr_rus_lowest_sorted_s1,ukr_rus,1,post_relu_direction_only,0.9557967009367768,0.8740234375,0.7902439024390244,0.45650091767311096,0.9570897420247395,0.8974609375,0.8207171314741036,0.37902820110321045,-0.0012930410879626875,-0.0234375,-0.030473229035079208,0.07747271656990051
covid_political,fresh,memberctl_ukr_rus_lowest_sorted_s1,ukr_rus,1,pre_meta_norm_only,0.9573946352358217,0.8958333333333334,0.8187995469988675,0.38745129108428955,0.9570897420247395,0.8974609375,0.8207171314741036,0.37902820110321045,0.00030489321108218004,-0.0016276041666666297,-0.001917584475236156,0.008423089981079102
covid_political,fresh,memberctl_ukr_rus_lowest_sorted_s1,ukr_rus,1,pre_meta_direction_only,0.9557529025607638,0.8766276041666666,0.793685356559608,0.4434076249599457,0.9570897420247395,0.8974609375,0.8207171314741036,0.37902820110321045,-0.0013368394639756698,-0.02083333333333337,-0.0270317749144956,0.06437942385673523
covid_political,fresh,memberctl_ukr_rus_lowest_sorted_s2,ukr_rus,2,scale_0,0.9500356603551794,0.8616536458333334,0.7726056714820759,0.5383597016334534,0.9519237942165799,0.8893229166666666,0.807909604519774,0.43407198786735535,-0.0018881338614005205,-0.02766927083333326,-0.035303933037698076,0.10428771376609802
covid_political,fresh,memberctl_ukr_rus_lowest_sorted_s2,ukr_rus,2,scale_1e-06,0.9500356603551794,0.8616536458333334,0.7726056714820759,0.5383584499359131,0.9519237942165799,0.8893229166666666,0.807909604519774,0.43407198786735535,-0.0018881338614005205,-0.02766927083333326,-0.035303933037698076,0.10428646206855774
covid_political,fresh,memberctl_ukr_rus_lowest_sorted_s2,ukr_rus,2,scale_0.0001,0.9500387686270255,0.8616536458333334,0.7726056714820759,0.5382341742515564,0.9519237942165799,0.8893229166666666,0.807909604519774,0.43407198786735535,-0.00188502558955439,-0.02766927083333326,-0.035303933037698076,0.10416218638420105
covid_political,fresh,memberctl_ukr_rus_lowest_sorted_s2,ukr_rus,2,scale_0.01,0.9502826266818577,0.8671875,0.7794594594594595,0.5261044502258301,0.9519237942165799,0.8893229166666666,0.807909604519774,0.43407198786735535,-0.0016411675347222099,-0.02213541666666663,-0.028450145060314513,0.09203246235847473
covid_political,fresh,memberctl_ukr_rus_lowest_sorted_s2,ukr_rus,2,scale_0.1,0.9514013219762731,0.8841145833333334,0.8013392857142857,0.46008968353271484,0.9519237942165799,0.8893229166666666,0.807909604519774,0.43407198786735535,-0.0005224722403067705,-0.005208333333333259,-0.006570318805488307,0.026017695665359497
covid_political,fresh,memberctl_ukr_rus_lowest_sorted_s2,ukr_rus,2,scale_0.3,0.9519113611291956,0.888671875,0.8067796610169492,0.4340320825576782,0.9519237942165799,0.8893229166666666,0.807909604519774,0.43407198786735535,-1.2433087384300379e-05,-0.0006510416666666297,-0.001129943502824804,-3.9905309677124023e-05
covid_political,fresh,memberctl_ukr_rus_lowest_sorted_s2,ukr_rus,2,scale_1,0.9519237942165799,0.8893229166666666,0.807909604519774,0.43407198786735535,0.9519237942165799,0.8893229166666666,0.807909604519774,0.43407198786735535,0.0,0.0,0.0,0.0
covid_political,fresh,memberctl_ukr_rus_lowest_sorted_s2,ukr_rus,2,bias_0.01,0.9502232869466146,0.8639322916666666,0.7752688172043011,0.5315681099891663,0.9519237942165799,0.8893229166666666,0.807909604519774,0.43407198786735535,-0.0017005072699652901,-0.025390625,-0.03264078731547293,0.09749612212181091
covid_political,fresh,memberctl_ukr_rus_lowest_sorted_s2,ukr_rus,2,bias_1,0.952023258915654,0.8922526041666666,0.8116107000569152,0.42052197456359863,0.9519237942165799,0.8893229166666666,0.807909604519774,0.43407198786735535,9.946469907406996e-05,0.0029296875,0.0037010955371411525,-0.013550013303756714
covid_political,fresh,memberctl_ukr_rus_lowest_sorted_s2,ukr_rus,2,no_bn_0,0.949244463885272,0.603515625,0.5505535055350553,0.9242503046989441,0.9519237942165799,0.8893229166666666,0.807909604519774,0.43407198786735535,-0.002679330331307961,-0.28580729166666663,-0.2573560989847187,0.49017831683158875
covid_political,fresh,memberctl_ukr_rus_lowest_sorted_s2,ukr_rus,2,no_bn_1,0.9488522564923321,0.6298828125,0.5668571428571428,0.9343879818916321,0.9519237942165799,0.8893229166666666,0.807909604519774,0.43407198786735535,-0.0030715377242478414,-0.25944010416666663,-0.24105246166263117,0.5003159940242767
covid_political,fresh,memberctl_ukr_rus_lowest_sorted_s2,ukr_rus,2,post_relu_norm_only,0.9517692283347802,0.8880208333333334,0.8058690744920993,0.4392378330230713,0.9519237942165799,0.8893229166666666,0.807909604519774,0.43407198786735535,-0.00015456588179973973,-0.0013020833333332593,-0.0020405300276746807,0.005165845155715942
covid_political,fresh,memberctl_ukr_rus_lowest_sorted_s2,ukr_rus,2,post_relu_direction_only,0.9502360026041667,0.8629557291666666,0.7742627345844504,0.5318520665168762,0.9519237942165799,0.8893229166666666,0.807909604519774,0.43407198786735535,-0.0016877916124131698,-0.0263671875,-0.03364686993532362,0.09778007864952087
covid_political,fresh,memberctl_ukr_rus_lowest_sorted_s2,ukr_rus,2,pre_meta_norm_only,0.9518720838758682,0.8899739583333334,0.8086070215175538,0.439024418592453,0.9519237942165799,0.8893229166666666,0.807909604519774,0.43407198786735535,-5.1710340711719205e-05,0.0006510416666667407,0.0006974169977798095,0.004952430725097656
covid_political,fresh,memberctl_ukr_rus_lowest_sorted_s2,ukr_rus,2,pre_meta_direction_only,0.9500794587311923,0.861328125,0.772192513368984,0.5316213965415955,0.9519237942165799,0.8893229166666666,0.807909604519774,0.43407198786735535,-0.0018443354853876492,-0.02799479166666663,-0.035717091150790026,0.09754940867424011
election2020,original,memberctl_cp_hk_lowest_sorted_s0,cp_hk,0,scale_0,0.98577880859375,0.8828125,0.8943661971830986,0.3048641085624695,0.9813232421875,0.96484375,0.9649805447470817,0.17150577902793884,0.00445556640625,-0.08203125,-0.0706143475639831,0.13335832953453064
election2020,original,memberctl_cp_hk_lowest_sorted_s0,cp_hk,0,scale_1e-06,0.98577880859375,0.8828125,0.8943661971830986,0.30486297607421875,0.9813232421875,0.96484375,0.9649805447470817,0.17150577902793884,0.00445556640625,-0.08203125,-0.0706143475639831,0.1333571970462799
election2020,original,memberctl_cp_hk_lowest_sorted_s0,cp_hk,0,scale_0.0001,0.9859619140625,0.87890625,0.8912280701754386,0.30469799041748047,0.9813232421875,0.96484375,0.9649805447470817,0.17150577902793884,0.004638671875,-0.0859375,-0.07375247457164313,0.13319221138954163
election2020,original,memberctl_cp_hk_lowest_sorted_s0,cp_hk,0,scale_0.01,0.9859619140625,0.890625,0.900709219858156,0.2736530005931854,0.9813232421875,0.96484375,0.9649805447470817,0.17150577902793884,0.004638671875,-0.07421875,-0.06427132488892573,0.10214722156524658
election2020,original,memberctl_cp_hk_lowest_sorted_s0,cp_hk,0,scale_0.1,0.98175048828125,0.96484375,0.9649805447470817,0.16976486146450043,0.9813232421875,0.96484375,0.9649805447470817,0.17150577902793884,0.00042724609375,0.0,0.0,-0.0017409175634384155
election2020,original,memberctl_cp_hk_lowest_sorted_s0,cp_hk,0,scale_0.3,0.9813232421875,0.96484375,0.9649805447470817,0.17141444981098175,0.9813232421875,0.96484375,0.9649805447470817,0.17150577902793884,0.0,0.0,0.0,-9.132921695709229e-05
election2020,original,memberctl_cp_hk_lowest_sorted_s0,cp_hk,0,scale_1,0.9813232421875,0.96484375,0.9649805447470817,0.17150577902793884,0.9813232421875,0.96484375,0.9649805447470817,0.17150577902793884,0.0,0.0,0.0,0.0
election2020,original,memberctl_cp_hk_lowest_sorted_s0,cp_hk,0,bias_0.01,0.98699951171875,0.87109375,0.8850174216027874,0.30779966711997986,0.9813232421875,0.96484375,0.9649805447470817,0.17150577902793884,0.00567626953125,-0.09375,-0.07996312314429432,0.13629388809204102
election2020,original,memberctl_cp_hk_lowest_sorted_s0,cp_hk,0,bias_1,0.97607421875,0.9609375,0.9606299212598425,0.186539888381958,0.9813232421875,0.96484375,0.9649805447470817,0.17150577902793884,-0.0052490234375,-0.00390625,-0.004350623487239247,0.015034109354019165
election2020,original,memberctl_cp_hk_lowest_sorted_s0,cp_hk,0,no_bn_0,0.92919921875,0.80078125,0.8247422680412371,0.521094799041748,0.9813232421875,0.96484375,0.9649805447470817,0.17150577902793884,-0.0521240234375,-0.1640625,-0.14023827670584466,0.3495890200138092
election2020,original,memberctl_cp_hk_lowest_sorted_s0,cp_hk,0,no_bn_1,0.91796875,0.80078125,0.8210526315789474,0.4980262517929077,0.9813232421875,0.96484375,0.9649805447470817,0.17150577902793884,-0.0633544921875,-0.1640625,-0.14392791316813436,0.32652047276496887
election2020,original,memberctl_cp_hk_lowest_sorted_s0,cp_hk,0,post_relu_norm_only,0.9801025390625,0.96484375,0.9647058823529412,0.17693859338760376,0.9813232421875,0.96484375,0.9649805447470817,0.17150577902793884,-0.001220703125,0.0,-0.0002746623941405346,0.005432814359664917
election2020,original,memberctl_cp_hk_lowest_sorted_s0,cp_hk,0,post_relu_direction_only,0.9862060546875,0.875,0.8888888888888888,0.30666598677635193,0.9813232421875,0.96484375,0.9649805447470817,0.17150577902793884,0.0048828125,-0.08984375,-0.07609165585819289,0.13516020774841309
election2020,original,memberctl_cp_hk_lowest_sorted_s0,cp_hk,0,pre_meta_norm_only,0.98077392578125,0.96484375,0.9649805447470817,0.17140640318393707,0.9813232421875,0.96484375,0.9649805447470817,0.17150577902793884,-0.00054931640625,0.0,0.0,-9.937584400177002e-05
election2020,original,memberctl_cp_hk_lowest_sorted_s0,cp_hk,0,pre_meta_direction_only,0.9854736328125,0.8828125,0.8943661971830986,0.2996140718460083,0.9813232421875,0.96484375,0.9649805447470817,0.17150577902793884,0.004150390625,-0.08203125,-0.0706143475639831,0.12810829281806946
election2020,original,memberctl_cp_hk_lowest_sorted_s1,cp_hk,1,scale_0,0.97198486328125,0.75390625,0.8025078369905956,0.43969544768333435,0.954833984375,0.90234375,0.9077490774907749,0.3185438811779022,0.01715087890625,-0.1484375,-0.10524124050017936,0.12115156650543213
election2020,original,memberctl_cp_hk_lowest_sorted_s1,cp_hk,1,scale_1e-06,0.97198486328125,0.75390625,0.8025078369905956,0.4396917223930359,0.954833984375,0.90234375,0.9077490774907749,0.3185438811779022,0.01715087890625,-0.1484375,-0.10524124050017936,0.12114784121513367
election2020,original,memberctl_cp_hk_lowest_sorted_s1,cp_hk,1,scale_0.0001,0.971923828125,0.7578125,0.8050314465408805,0.43932807445526123,0.954833984375,0.90234375,0.9077490774907749,0.3185438811779022,0.01708984375,-0.14453125,-0.10271763094989439,0.12078419327735901
election2020,original,memberctl_cp_hk_lowest_sorted_s1,cp_hk,1,scale_0.01,0.96771240234375,0.76953125,0.8126984126984127,0.42481908202171326,0.954833984375,0.90234375,0.9077490774907749,0.3185438811779022,0.01287841796875,-0.1328125,-0.09505066479236224,0.10627520084381104
election2020,original,memberctl_cp_hk_lowest_sorted_s1,cp_hk,1,scale_0.1,0.96759033203125,0.92578125,0.929368029739777,0.3296700119972229,0.954833984375,0.90234375,0.9077490774907749,0.3185438811779022,0.01275634765625,0.0234375,0.02161895224900201,0.011126130819320679
election2020,original,memberctl_cp_hk_lowest_sorted_s1,cp_hk,1,scale_0.3,0.96014404296875,0.90625,0.9097744360902256,0.3244844377040863,0.954833984375,0.90234375,0.9077490774907749,0.3185438811779022,0.00531005859375,0.00390625,0.002025358599450633,0.005940556526184082
election2020,original,memberctl_cp_hk_lowest_sorted_s1,cp_hk,1,scale_1,0.954833984375,0.90234375,0.9077490774907749,0.3185438811779022,0.954833984375,0.90234375,0.9077490774907749,0.3185438811779022,0.0,0.0,0.0,0.0
election2020,original,memberctl_cp_hk_lowest_sorted_s1,cp_hk,1,bias_0.01,0.966552734375,0.7265625,0.7852760736196319,0.4621839225292206,0.954833984375,0.90234375,0.9077490774907749,0.3185438811779022,0.01171875,-0.17578125,-0.12247300387114302,0.14364004135131836
election2020,original,memberctl_cp_hk_lowest_sorted_s1,cp_hk,1,bias_1,0.89971923828125,0.8203125,0.8333333333333334,0.4241138696670532,0.954833984375,0.90234375,0.9077490774907749,0.3185438811779022,-0.05511474609375,-0.08203125,-0.07441574415744157,0.105569988489151
election2020,original,memberctl_cp_hk_lowest_sorted_s1,cp_hk,1,no_bn_0,0.96441650390625,0.6015625,0.7150837988826816,0.5881914496421814,0.954833984375,0.90234375,0.9077490774907749,0.3185438811779022,0.00958251953125,-0.30078125,-0.19266527860809335,0.2696475684642792
election2020,original,memberctl_cp_hk_lowest_sorted_s1,cp_hk,1,no_bn_1,0.94903564453125,0.58203125,0.7052341597796143,0.6193071603775024,0.954833984375,0.90234375,0.9077490774907749,0.3185438811779022,-0.00579833984375,-0.3203125,-0.2025149177111606,0.3007632791996002
election2020,original,memberctl_cp_hk_lowest_sorted_s1,cp_hk,1,post_relu_norm_only,0.9517822265625,0.8984375,0.9044117647058824,0.32517924904823303,0.954833984375,0.90234375,0.9077490774907749,0.3185438811779022,-0.0030517578125,-0.00390625,-0.0033373127848925765,0.0066353678703308105
election2020,original,memberctl_cp_hk_lowest_sorted_s1,cp_hk,1,post_relu_direction_only,0.969482421875,0.7421875,0.7950310559006211,0.45106086134910583,0.954833984375,0.90234375,0.9077490774907749,0.3185438811779022,0.0146484375,-0.16015625,-0.11271802159015387,0.1325169801712036
election2020,original,memberctl_cp_hk_lowest_sorted_s1,cp_hk,1,pre_meta_norm_only,0.95037841796875,0.8984375,0.9044117647058824,0.3308340907096863,0.954833984375,0.90234375,0.9077490774907749,0.3185438811779022,-0.00445556640625,-0.00390625,-0.0033373127848925765,0.012290209531784058
election2020,original,memberctl_cp_hk_lowest_sorted_s1,cp_hk,1,pre_meta_direction_only,0.9735107421875,0.78515625,0.8231511254019293,0.41640394926071167,0.954833984375,0.90234375,0.9077490774907749,0.3185438811779022,0.0186767578125,-0.1171875,-0.08459795208884568,0.09786006808280945
election2020,original,memberctl_cp_hk_lowest_sorted_s2,cp_hk,2,scale_0,0.98809814453125,0.89453125,0.9045936395759717,0.3157966434955597,0.9840087890625,0.95703125,0.9584905660377359,0.19869256019592285,0.00408935546875,-0.0625,-0.05389692646176414,0.11710408329963684
election2020,original,memberctl_cp_hk_lowest_sorted_s2,cp_hk,2,scale_1e-06,0.98809814453125,0.89453125,0.9045936395759717,0.31579479575157166,0.9840087890625,0.95703125,0.9584905660377359,0.19869256019592285,0.00408935546875,-0.0625,-0.05389692646176414,0.1171022355556488
election2020,original,memberctl_cp_hk_lowest_sorted_s2,cp_hk,2,scale_0.0001,0.988037109375,0.89453125,0.9045936395759717,0.31560537219047546,0.9840087890625,0.95703125,0.9584905660377359,0.19869256019592285,0.0040283203125,-0.0625,-0.05389692646176414,0.11691281199455261
election2020,original,memberctl_cp_hk_lowest_sorted_s2,cp_hk,2,scale_0.01,0.9864501953125,0.8828125,0.8951048951048951,0.28771597146987915,0.9840087890625,0.95703125,0.9584905660377359,0.19869256019592285,0.00244140625,-0.07421875,-0.06338567093284075,0.0890234112739563
election2020,original,memberctl_cp_hk_lowest_sorted_s2,cp_hk,2,scale_0.1,0.98309326171875,0.9609375,0.9624060150375939,0.19604137539863586,0.9840087890625,0.95703125,0.9584905660377359,0.19869256019592285,-0.00091552734375,0.00390625,0.003915448999858073,-0.0026511847972869873
election2020,original,memberctl_cp_hk_lowest_sorted_s2,cp_hk,2,scale_0.3,0.9835205078125,0.953125,0.9552238805970149,0.19380652904510498,0.9840087890625,0.95703125,0.9584905660377359,0.19869256019592285,-0.00048828125,-0.00390625,-0.003266685440720951,-0.004886031150817871
election2020,original,memberctl_cp_hk_lowest_sorted_s2,cp_hk,2,scale_1,0.9840087890625,0.95703125,0.9584905660377359,0.19869256019592285,0.9840087890625,0.95703125,0.9584905660377359,0.19869256019592285,0.0,0.0,0.0,0.0
election2020,original,memberctl_cp_hk_lowest_sorted_s2,cp_hk,2,bias_0.01,0.98785400390625,0.890625,0.9014084507042254,0.3087514340877533,0.9840087890625,0.95703125,0.9584905660377359,0.19869256019592285,0.00384521484375,-0.06640625,-0.057082115333510486,0.11005887389183044
election2020,original,memberctl_cp_hk_lowest_sorted_s2,cp_hk,2,bias_1,0.97723388671875,0.94921875,0.9494163424124513,0.20986288785934448,0.9840087890625,0.95703125,0.9584905660377359,0.19869256019592285,-0.00677490234375,-0.0078125,-0.009074223625284539,0.01117032766342163
election2020,original,memberctl_cp_hk_lowest_sorted_s2,cp_hk,2,no_bn_0,0.91064453125,0.60546875,0.7154929577464789,0.59657883644104,0.9840087890625,0.95703125,0.9584905660377359,0.19869256019592285,-0.0733642578125,-0.3515625,-0.24299760829125694,0.3978862762451172
election2020,original,memberctl_cp_hk_lowest_sorted_s2,cp_hk,2,no_bn_1,0.87750244140625,0.6015625,0.711864406779661,0.6110331416130066,0.9840087890625,0.95703125,0.9584905660377359,0.19869256019592285,-0.10650634765625,-0.35546875,-0.24662615925807485,0.41234058141708374
election2020,original,memberctl_cp_hk_lowest_sorted_s2,cp_hk,2,post_relu_norm_only,0.9820556640625,0.9453125,0.9477611940298507,0.20568588376045227,0.9840087890625,0.95703125,0.9584905660377359,0.19869256019592285,-0.001953125,-0.01171875,-0.010729372007885152,0.006993323564529419
election2020,original,memberctl_cp_hk_lowest_sorted_s2,cp_hk,2,post_relu_direction_only,0.988037109375,0.89453125,0.9045936395759717,0.31585371494293213,0.9840087890625,0.95703125,0.9584905660377359,0.19869256019592285,0.0040283203125,-0.0625,-0.05389692646176414,0.11716115474700928
election2020,original,memberctl_cp_hk_lowest_sorted_s2,cp_hk,2,pre_meta_norm_only,0.984619140625,0.94140625,0.9446494464944649,0.20833319425582886,0.9840087890625,0.95703125,0.9584905660377359,0.19869256019592285,0.0006103515625,-0.015625,-0.013841119543270941,0.009640634059906006
election2020,original,memberctl_cp_hk_lowest_sorted_s2,cp_hk,2,pre_meta_direction_only,0.9884033203125,0.91015625,0.9175627240143369,0.3105515241622925,0.9840087890625,0.95703125,0.9584905660377359,0.19869256019592285,0.00439453125,-0.046875,-0.04092784202339894,0.11185896396636963
election2020,original,memberctl_ukr_rus_lowest_sorted_s0,ukr_rus,0,scale_0,0.9871826171875,0.98046875,0.9808429118773946,0.11827249079942703,0.98529052734375,0.98046875,0.9808429118773946,0.10288112610578537,0.00189208984375,0.0,0.0,0.015391364693641663
election2020,original,memberctl_ukr_rus_lowest_sorted_s0,ukr_rus,0,scale_1e-06,0.9871826171875,0.98046875,0.9808429118773946,0.11827193200588226,0.98529052734375,0.98046875,0.9808429118773946,0.10288112610578537,0.00189208984375,0.0,0.0,0.015390805900096893
election2020,original,memberctl_ukr_rus_lowest_sorted_s0,ukr_rus,0,scale_0.0001,0.9871826171875,0.98046875,0.9808429118773946,0.1182141974568367,0.98529052734375,0.98046875,0.9808429118773946,0.10288112610578537,0.00189208984375,0.0,0.0,0.01533307135105133
election2020,original,memberctl_ukr_rus_lowest_sorted_s0,ukr_rus,0,scale_0.01,0.98712158203125,0.98046875,0.9808429118773946,0.11450164020061493,0.98529052734375,0.98046875,0.9808429118773946,0.10288112610578537,0.0018310546875,0.0,0.0,0.01162051409482956
election2020,original,memberctl_ukr_rus_lowest_sorted_s0,ukr_rus,0,scale_0.1,0.9859619140625,0.98046875,0.9808429118773946,0.10685683786869049,0.98529052734375,0.98046875,0.9808429118773946,0.10288112610578537,0.00067138671875,0.0,0.0,0.003975711762905121
election2020,original,memberctl_ukr_rus_lowest_sorted_s0,ukr_rus,0,scale_0.3,0.9859619140625,0.98046875,0.9808429118773946,0.10502725094556808,0.98529052734375,0.98046875,0.9808429118773946,0.10288112610578537,0.00067138671875,0.0,0.0,0.002146124839782715
election2020,original,memberctl_ukr_rus_lowest_sorted_s0,ukr_rus,0,scale_1,0.98529052734375,0.98046875,0.9808429118773946,0.10288112610578537,0.98529052734375,0.98046875,0.9808429118773946,0.10288112610578537,0.0,0.0,0.0,0.0
election2020,original,memberctl_ukr_rus_lowest_sorted_s0,ukr_rus,0,bias_0.01,0.9869384765625,0.98046875,0.9808429118773946,0.11647707968950272,0.98529052734375,0.98046875,0.9808429118773946,0.10288112610578537,0.00164794921875,0.0,0.0,0.013595953583717346
election2020,original,memberctl_ukr_rus_lowest_sorted_s0,ukr_rus,0,bias_1,0.98583984375,0.98046875,0.9808429118773946,0.09823762625455856,0.98529052734375,0.98046875,0.9808429118773946,0.10288112610578537,0.00054931640625,0.0,0.0,-0.004643499851226807
election2020,original,memberctl_ukr_rus_lowest_sorted_s0,ukr_rus,0,no_bn_0,0.98822021484375,0.9140625,0.920863309352518,0.3107740581035614,0.98529052734375,0.98046875,0.9808429118773946,0.10288112610578537,0.0029296875,-0.06640625,-0.05997960252487655,0.20789293199777603
election2020,original,memberctl_ukr_rus_lowest_sorted_s0,ukr_rus,0,no_bn_1,0.9876708984375,0.93359375,0.9377289377289377,0.28566646575927734,0.98529052734375,0.98046875,0.9808429118773946,0.10288112610578537,0.00238037109375,-0.046875,-0.04311397414845686,0.18278533965349197
election2020,original,memberctl_ukr_rus_lowest_sorted_s0,ukr_rus,0,post_relu_norm_only,0.9852294921875,0.98046875,0.9808429118773946,0.10309341549873352,0.98529052734375,0.98046875,0.9808429118773946,0.10288112610578537,-6.103515625e-05,0.0,0.0,0.00021228939294815063
election2020,original,memberctl_ukr_rus_lowest_sorted_s0,ukr_rus,0,post_relu_direction_only,0.98724365234375,0.98046875,0.9808429118773946,0.11732218414545059,0.98529052734375,0.98046875,0.9808429118773946,0.10288112610578537,0.001953125,0.0,0.0,0.014441058039665222
election2020,original,memberctl_ukr_rus_lowest_sorted_s0,ukr_rus,0,pre_meta_norm_only,0.985107421875,0.98046875,0.9808429118773946,0.10353273153305054,0.98529052734375,0.98046875,0.9808429118773946,0.10288112610578537,-0.00018310546875,0.0,0.0,0.0006516054272651672
election2020,original,memberctl_ukr_rus_lowest_sorted_s0,ukr_rus,0,pre_meta_direction_only,0.98712158203125,0.98046875,0.9808429118773946,0.11681053042411804,0.98529052734375,0.98046875,0.9808429118773946,0.10288112610578537,0.0018310546875,0.0,0.0,0.013929404318332672
election2020,original,memberctl_ukr_rus_lowest_sorted_s1,ukr_rus,1,scale_0,0.9915771484375,0.9765625,0.9770992366412213,0.11130188405513763,0.99090576171875,0.98046875,0.9808429118773946,0.09950273483991623,0.00067138671875,-0.00390625,-0.0037436752361732495,0.011799149215221405
election2020,original,memberctl_ukr_rus_lowest_sorted_s1,ukr_rus,1,scale_1e-06,0.9915771484375,0.9765625,0.9770992366412213,0.11130104213953018,0.99090576171875,0.98046875,0.9808429118773946,0.09950273483991623,0.00067138671875,-0.00390625,-0.0037436752361732495,0.011798307299613953
election2020,original,memberctl_ukr_rus_lowest_sorted_s1,ukr_rus,1,scale_0.0001,0.9915771484375,0.9765625,0.9770992366412213,0.11122182756662369,0.99090576171875,0.98046875,0.9808429118773946,0.09950273483991623,0.00067138671875,-0.00390625,-0.0037436752361732495,0.011719092726707458
election2020,original,memberctl_ukr_rus_lowest_sorted_s1,ukr_rus,1,scale_0.01,0.9915771484375,0.98046875,0.9808429118773946,0.10661806911230087,0.99090576171875,0.98046875,0.9808429118773946,0.09950273483991623,0.00067138671875,0.0,0.0,0.0071153342723846436
election2020,original,memberctl_ukr_rus_lowest_sorted_s1,ukr_rus,1,scale_0.1,0.99188232421875,0.98046875,0.9808429118773946,0.09855104237794876,0.99090576171875,0.98046875,0.9808429118773946,0.09950273483991623,0.0009765625,0.0,0.0,-0.0009516924619674683
election2020,original,memberctl_ukr_rus_lowest_sorted_s1,ukr_rus,1,scale_0.3,0.99151611328125,0.98046875,0.9808429118773946,0.09891601651906967,0.99090576171875,0.98046875,0.9808429118773946,0.09950273483991623,0.0006103515625,0.0,0.0,-0.0005867183208465576
election2020,original,memberctl_ukr_rus_lowest_sorted_s1,ukr_rus,1,scale_1,0.99090576171875,0.98046875,0.9808429118773946,0.09950273483991623,0.99090576171875,0.98046875,0.9808429118773946,0.09950273483991623,0.0,0.0,0.0,0.0
election2020,original,memberctl_ukr_rus_lowest_sorted_s1,ukr_rus,1,bias_0.01,0.991455078125,0.9765625,0.9770992366412213,0.10878479480743408,0.99090576171875,0.98046875,0.9808429118773946,0.09950273483991623,0.00054931640625,-0.00390625,-0.0037436752361732495,0.009282059967517853
election2020,original,memberctl_ukr_rus_lowest_sorted_s1,ukr_rus,1,bias_1,0.99151611328125,0.984375,0.9846153846153847,0.0873006284236908,0.99090576171875,0.98046875,0.9808429118773946,0.09950273483991623,0.0006103515625,0.00390625,0.0037724727379900846,-0.012202106416225433
election2020,original,memberctl_ukr_rus_lowest_sorted_s1,ukr_rus,1,no_bn_0,0.9921875,0.87890625,0.89198606271777,0.33212581276893616,0.99090576171875,0.98046875,0.9808429118773946,0.09950273483991623,0.00128173828125,-0.1015625,-0.08885684915962455,0.23262307792901993
election2020,original,memberctl_ukr_rus_lowest_sorted_s1,ukr_rus,1,no_bn_1,0.99298095703125,0.8984375,0.9078014184397163,0.3075293302536011,0.99090576171875,0.98046875,0.9808429118773946,0.09950273483991623,0.0020751953125,-0.08203125,-0.0730414934376783,0.20802659541368484
election2020,original,memberctl_ukr_rus_lowest_sorted_s1,ukr_rus,1,post_relu_norm_only,0.9910888671875,0.98046875,0.9808429118773946,0.10028026252985,0.99090576171875,0.98046875,0.9808429118773946,0.09950273483991623,0.00018310546875,0.0,0.0,0.0007775276899337769
election2020,original,memberctl_ukr_rus_lowest_sorted_s1,ukr_rus,1,post_relu_direction_only,0.991455078125,0.9765625,0.9770992366412213,0.11021621525287628,0.99090576171875,0.98046875,0.9808429118773946,0.09950273483991623,0.00054931640625,-0.00390625,-0.0037436752361732495,0.010713480412960052
election2020,original,memberctl_ukr_rus_lowest_sorted_s1,ukr_rus,1,pre_meta_norm_only,0.9908447265625,0.98046875,0.9808429118773946,0.0992274209856987,0.99090576171875,0.98046875,0.9808429118773946,0.09950273483991623,-6.103515625e-05,0.0,0.0,-0.0002753138542175293
election2020,original,memberctl_ukr_rus_lowest_sorted_s1,ukr_rus,1,pre_meta_direction_only,0.99163818359375,0.9765625,0.9770992366412213,0.1109471246600151,0.99090576171875,0.98046875,0.9808429118773946,0.09950273483991623,0.000732421875,-0.00390625,-0.0037436752361732495,0.011444389820098877
election2020,original,memberctl_ukr_rus_lowest_sorted_s2,ukr_rus,2,scale_0,0.99267578125,0.9765625,0.9770992366412213,0.1315183937549591,0.99176025390625,0.98046875,0.9808429118773946,0.09751475602388382,0.00091552734375,-0.00390625,-0.0037436752361732495,0.03400363773107529
election2020,original,memberctl_ukr_rus_lowest_sorted_s2,ukr_rus,2,scale_1e-06,0.99267578125,0.9765625,0.9770992366412213,0.13151714205741882,0.99176025390625,0.98046875,0.9808429118773946,0.09751475602388382,0.00091552734375,-0.00390625,-0.0037436752361732495,0.034002386033535004
election2020,original,memberctl_ukr_rus_lowest_sorted_s2,ukr_rus,2,scale_0.0001,0.99267578125,0.9765625,0.9770992366412213,0.13139590620994568,0.99176025390625,0.98046875,0.9808429118773946,0.09751475602388382,0.00091552734375,-0.00390625,-0.0037436752361732495,0.03388115018606186
election2020,original,memberctl_ukr_rus_lowest_sorted_s2,ukr_rus,2,scale_0.01,0.99249267578125,0.9765625,0.9770992366412213,0.12216965109109879,0.99176025390625,0.98046875,0.9808429118773946,0.09751475602388382,0.000732421875,-0.00390625,-0.0037436752361732495,0.024654895067214966
election2020,original,memberctl_ukr_rus_lowest_sorted_s2,ukr_rus,2,scale_0.1,0.99188232421875,0.98046875,0.9808429118773946,0.1031276136636734,0.99176025390625,0.98046875,0.9808429118773946,0.09751475602388382,0.0001220703125,0.0,0.0,0.005612857639789581
election2020,original,memberctl_ukr_rus_lowest_sorted_s2,ukr_rus,2,scale_0.3,0.99200439453125,0.98046875,0.9808429118773946,0.0980580672621727,0.99176025390625,0.98046875,0.9808429118773946,0.09751475602388382,0.000244140625,0.0,0.0,0.0005433112382888794
election2020,original,memberctl_ukr_rus_lowest_sorted_s2,ukr_rus,2,scale_1,0.99176025390625,0.98046875,0.9808429118773946,0.09751475602388382,0.99176025390625,0.98046875,0.9808429118773946,0.09751475602388382,0.0,0.0,0.0,0.0
election2020,original,memberctl_ukr_rus_lowest_sorted_s2,ukr_rus,2,bias_0.01,0.9925537109375,0.9765625,0.9770992366412213,0.12617546319961548,0.99176025390625,0.98046875,0.9808429118773946,0.09751475602388382,0.00079345703125,-0.00390625,-0.0037436752361732495,0.02866070717573166
election2020,original,memberctl_ukr_rus_lowest_sorted_s2,ukr_rus,2,bias_1,0.9923095703125,0.98046875,0.9808429118773946,0.08842051774263382,0.99176025390625,0.98046875,0.9808429118773946,0.09751475602388382,0.00054931640625,0.0,0.0,-0.00909423828125
election2020,original,memberctl_ukr_rus_lowest_sorted_s2,ukr_rus,2,no_bn_0,0.99139404296875,0.6796875,0.757396449704142,0.5643470883369446,0.99176025390625,0.98046875,0.9808429118773946,0.09751475602388382,-0.0003662109375,-0.30078125,-0.2234464621732526,0.46683233231306076
election2020,original,memberctl_ukr_rus_lowest_sorted_s2,ukr_rus,2,no_bn_1,0.99151611328125,0.78515625,0.8231511254019293,0.47347158193588257,0.99176025390625,0.98046875,0.9808429118773946,0.09751475602388382,-0.000244140625,-0.1953125,-0.15769178647546533,0.37595682591199875
election2020,original,memberctl_ukr_rus_lowest_sorted_s2,ukr_rus,2,post_relu_norm_only,0.99176025390625,0.98046875,0.9808429118773946,0.09844839572906494,0.99176025390625,0.98046875,0.9808429118773946,0.09751475602388382,0.0,0.0,0.0,0.0009336397051811218
election2020,original,memberctl_ukr_rus_lowest_sorted_s2,ukr_rus,2,post_relu_direction_only,0.9925537109375,0.9765625,0.9770992366412213,0.12969227135181427,0.99176025390625,0.98046875,0.9808429118773946,0.09751475602388382,0.00079345703125,-0.00390625,-0.0037436752361732495,0.03217751532793045
election2020,original,memberctl_ukr_rus_lowest_sorted_s2,ukr_rus,2,pre_meta_norm_only,0.9918212890625,0.98046875,0.9808429118773946,0.09826508909463882,0.99176025390625,0.98046875,0.9808429118773946,0.09751475602388382,6.103515625e-05,0.0,0.0,0.0007503330707550049
election2020,original,memberctl_ukr_rus_lowest_sorted_s2,ukr_rus,2,pre_meta_direction_only,0.99261474609375,0.9765625,0.9770992366412213,0.12989063560962677,0.99176025390625,0.98046875,0.9808429118773946,0.09751475602388382,0.0008544921875,-0.00390625,-0.0037436752361732495,0.03237587958574295
election2020,fresh,memberctl_cp_hk_lowest_sorted_s0,cp_hk,0,scale_0,0.97869873046875,0.90234375,0.9090909090909091,0.2972266376018524,0.9796142578125,0.953125,0.9523809523809523,0.1783292293548584,-0.00091552734375,-0.05078125,-0.04329004329004327,0.11889740824699402
election2020,fresh,memberctl_cp_hk_lowest_sorted_s0,cp_hk,0,scale_1e-06,0.97869873046875,0.90234375,0.9090909090909091,0.2972290515899658,0.9796142578125,0.953125,0.9523809523809523,0.1783292293548584,-0.00091552734375,-0.05078125,-0.04329004329004327,0.11889982223510742
election2020,fresh,memberctl_cp_hk_lowest_sorted_s0,cp_hk,0,scale_0.0001,0.9786376953125,0.90234375,0.9090909090909091,0.29746127128601074,0.9796142578125,0.953125,0.9523809523809523,0.1783292293548584,-0.0009765625,-0.05078125,-0.04329004329004327,0.11913204193115234
election2020,fresh,memberctl_cp_hk_lowest_sorted_s0,cp_hk,0,scale_0.01,0.97894287109375,0.8984375,0.9057971014492754,0.28452205657958984,0.9796142578125,0.953125,0.9523809523809523,0.1783292293548584,-0.00067138671875,-0.0546875,-0.04658385093167694,0.10619282722473145
election2020,fresh,memberctl_cp_hk_lowest_sorted_s0,cp_hk,0,scale_0.1,0.979736328125,0.953125,0.952755905511811,0.17808091640472412,0.9796142578125,0.953125,0.9523809523809523,0.1783292293548584,0.0001220703125,0.0,0.00037495313085866844,-0.00024831295013427734
election2020,fresh,memberctl_cp_hk_lowest_sorted_s0,cp_hk,0,scale_0.3,0.97967529296875,0.94921875,0.9486166007905138,0.17857423424720764,0.9796142578125,0.953125,0.9523809523809523,0.1783292293548584,6.103515625e-05,-0.00390625,-0.0037643515904385305,0.00024500489234924316
election2020,fresh,memberctl_cp_hk_lowest_sorted_s0,cp_hk,0,scale_1,0.9796142578125,0.953125,0.9523809523809523,0.1783292293548584,0.9796142578125,0.953125,0.9523809523809523,0.1783292293548584,0.0,0.0,0.0,0.0
election2020,fresh,memberctl_cp_hk_lowest_sorted_s0,cp_hk,0,bias_0.01,0.9781494140625,0.875,0.8865248226950354,0.31010138988494873,0.9796142578125,0.953125,0.9523809523809523,0.1783292293548584,-0.00146484375,-0.078125,-0.06585612968591692,0.13177216053009033
election2020,fresh,memberctl_cp_hk_lowest_sorted_s0,cp_hk,0,bias_1,0.97857666015625,0.953125,0.9523809523809523,0.18517816066741943,0.9796142578125,0.953125,0.9523809523809523,0.1783292293548584,-0.00103759765625,0.0,0.0,0.006848931312561035
election2020,fresh,memberctl_cp_hk_lowest_sorted_s0,cp_hk,0,no_bn_0,0.92822265625,0.8359375,0.8478260869565217,0.5171200037002563,0.9796142578125,0.953125,0.9523809523809523,0.1783292293548584,-0.0513916015625,-0.1171875,-0.1045548654244306,0.33879077434539795
election2020,fresh,memberctl_cp_hk_lowest_sorted_s0,cp_hk,0,no_bn_1,0.92376708984375,0.84375,0.855072463768116,0.4928332567214966,0.9796142578125,0.953125,0.9523809523809523,0.1783292293548584,-0.05584716796875,-0.109375,-0.09730848861283636,0.3145040273666382
election2020,fresh,memberctl_cp_hk_lowest_sorted_s0,cp_hk,0,post_relu_norm_only,0.98004150390625,0.953125,0.952755905511811,0.1820237636566162,0.9796142578125,0.953125,0.9523809523809523,0.1783292293548584,0.00042724609375,0.0,0.00037495313085866844,0.0036945343017578125
election2020,fresh,memberctl_cp_hk_lowest_sorted_s0,cp_hk,0,post_relu_direction_only,0.9783935546875,0.8984375,0.9057971014492754,0.2987740635871887,0.9796142578125,0.953125,0.9523809523809523,0.1783292293548584,-0.001220703125,-0.0546875,-0.04658385093167694,0.12044483423233032
election2020,fresh,memberctl_cp_hk_lowest_sorted_s0,cp_hk,0,pre_meta_norm_only,0.980712890625,0.95703125,0.9565217391304348,0.17582102119922638,0.9796142578125,0.953125,0.9523809523809523,0.1783292293548584,0.0010986328125,0.00390625,0.0041407867494824835,-0.002508208155632019
election2020,fresh,memberctl_cp_hk_lowest_sorted_s0,cp_hk,0,pre_meta_direction_only,0.97821044921875,0.90625,0.9124087591240876,0.293501079082489,0.9796142578125,0.953125,0.9523809523809523,0.1783292293548584,-0.00140380859375,-0.046875,-0.03997219325686474,0.11517184972763062
election2020,fresh,memberctl_cp_hk_lowest_sorted_s1,cp_hk,1,scale_0,0.96240234375,0.78515625,0.8231511254019293,0.4356708526611328,0.95916748046875,0.890625,0.8970588235294118,0.31332725286483765,0.00323486328125,-0.10546875,-0.07390769812748255,0.12234359979629517
election2020,fresh,memberctl_cp_hk_lowest_sorted_s1,cp_hk,1,scale_1e-06,0.96240234375,0.78515625,0.8231511254019293,0.4356685280799866,0.95916748046875,0.890625,0.8970588235294118,0.31332725286483765,0.00323486328125,-0.10546875,-0.07390769812748255,0.12234127521514893
election2020,fresh,memberctl_cp_hk_lowest_sorted_s1,cp_hk,1,scale_0.0001,0.96240234375,0.78515625,0.8231511254019293,0.43543779850006104,0.95916748046875,0.890625,0.8970588235294118,0.31332725286483765,0.00323486328125,-0.10546875,-0.07390769812748255,0.12211054563522339
election2020,fresh,memberctl_cp_hk_lowest_sorted_s1,cp_hk,1,scale_0.01,0.95208740234375,0.7734375,0.8141025641025641,0.4403035640716553,0.95916748046875,0.890625,0.8970588235294118,0.31332725286483765,-0.007080078125,-0.1171875,-0.0829562594268477,0.12697631120681763
election2020,fresh,memberctl_cp_hk_lowest_sorted_s1,cp_hk,1,scale_0.1,0.958984375,0.87890625,0.8888888888888888,0.3441771864891052,0.95916748046875,0.890625,0.8970588235294118,0.31332725286483765,-0.00018310546875,-0.01171875,-0.008169934640522958,0.030849933624267578
election2020,fresh,memberctl_cp_hk_lowest_sorted_s1,cp_hk,1,scale_0.3,0.96368408203125,0.90234375,0.9077490774907749,0.32095450162887573,0.95916748046875,0.890625,0.8970588235294118,0.31332725286483765,0.0045166015625,0.01171875,0.010690253961363139,0.007627248764038086
election2020,fresh,memberctl_cp_hk_lowest_sorted_s1,cp_hk,1,scale_1,0.95916748046875,0.890625,0.8970588235294118,0.31332725286483765,0.95916748046875,0.890625,0.8970588235294118,0.31332725286483765,0.0,0.0,0.0,0.0
election2020,fresh,memberctl_cp_hk_lowest_sorted_s1,cp_hk,1,bias_0.01,0.95404052734375,0.7578125,0.8050314465408805,0.4708530306816101,0.95916748046875,0.890625,0.8970588235294118,0.31332725286483765,-0.005126953125,-0.1328125,-0.09202737698853125,0.15752577781677246
election2020,fresh,memberctl_cp_hk_lowest_sorted_s1,cp_hk,1,bias_1,0.9176025390625,0.8515625,0.8592592592592593,0.3938954472541809,0.95916748046875,0.890625,0.8970588235294118,0.31332725286483765,-0.04156494140625,-0.0390625,-0.03779956427015252,0.08056819438934326
election2020,fresh,memberctl_cp_hk_lowest_sorted_s1,cp_hk,1,no_bn_0,0.95147705078125,0.62109375,0.7252124645892352,0.5822968482971191,0.95916748046875,0.890625,0.8970588235294118,0.31332725286483765,-0.0076904296875,-0.26953125,-0.17184635894017664,0.2689695954322815
election2020,fresh,memberctl_cp_hk_lowest_sorted_s1,cp_hk,1,no_bn_1,0.94024658203125,0.62890625,0.7293447293447294,0.6139395236968994,0.95916748046875,0.890625,0.8970588235294118,0.31332725286483765,-0.0189208984375,-0.26171875,-0.16771409418468242,0.30061227083206177
election2020,fresh,memberctl_cp_hk_lowest_sorted_s1,cp_hk,1,post_relu_norm_only,0.958251953125,0.89453125,0.8996282527881041,0.31802883744239807,0.95916748046875,0.890625,0.8970588235294118,0.31332725286483765,-0.00091552734375,0.00390625,0.0025694292586923018,0.004701584577560425
election2020,fresh,memberctl_cp_hk_lowest_sorted_s1,cp_hk,1,post_relu_direction_only,0.95849609375,0.7734375,0.8152866242038217,0.4467298984527588,0.95916748046875,0.890625,0.8970588235294118,0.31332725286483765,-0.00067138671875,-0.1171875,-0.0817721993255901,0.13340264558792114
election2020,fresh,memberctl_cp_hk_lowest_sorted_s1,cp_hk,1,pre_meta_norm_only,0.95782470703125,0.875,0.8840579710144928,0.3223404288291931,0.95916748046875,0.890625,0.8970588235294118,0.31332725286483765,-0.0013427734375,-0.015625,-0.013000852514919004,0.009013175964355469
election2020,fresh,memberctl_cp_hk_lowest_sorted_s1,cp_hk,1,pre_meta_direction_only,0.9637451171875,0.8125,0.8410596026490066,0.4134993851184845,0.95916748046875,0.890625,0.8970588235294118,0.31332725286483765,0.00457763671875,-0.078125,-0.05599922088040521,0.10017213225364685
election2020,fresh,memberctl_cp_hk_lowest_sorted_s2,cp_hk,2,scale_0,0.9822998046875,0.91796875,0.922509225092251,0.2915595769882202,0.987548828125,0.94140625,0.9429657794676806,0.1764737367630005,-0.0052490234375,-0.0234375,-0.020456554375429592,0.11508584022521973
election2020,fresh,memberctl_cp_hk_lowest_sorted_s2,cp_hk,2,scale_1e-06,0.9822998046875,0.91796875,0.922509225092251,0.29155808687210083,0.987548828125,0.94140625,0.9429657794676806,0.1764737367630005,-0.0052490234375,-0.0234375,-0.020456554375429592,0.11508435010910034
election2020,fresh,memberctl_cp_hk_lowest_sorted_s2,cp_hk,2,scale_0.0001,0.9822998046875,0.91796875,0.922509225092251,0.2914108633995056,0.987548828125,0.94140625,0.9429657794676806,0.1764737367630005,-0.0052490234375,-0.0234375,-0.020456554375429592,0.11493712663650513
election2020,fresh,memberctl_cp_hk_lowest_sorted_s2,cp_hk,2,scale_0.01,0.97869873046875,0.9140625,0.9185185185185185,0.26941946148872375,0.987548828125,0.94140625,0.9429657794676806,0.1764737367630005,-0.00885009765625,-0.02734375,-0.024447260949162053,0.09294572472572327
election2020,fresh,memberctl_cp_hk_lowest_sorted_s2,cp_hk,2,scale_0.1,0.98785400390625,0.9375,0.9393939393939394,0.177442729473114,0.987548828125,0.94140625,0.9429657794676806,0.1764737367630005,0.00030517578125,-0.00390625,-0.003571840073741117,0.0009689927101135254
election2020,fresh,memberctl_cp_hk_lowest_sorted_s2,cp_hk,2,scale_0.3,0.98748779296875,0.9375,0.9393939393939394,0.17411720752716064,0.987548828125,0.94140625,0.9429657794676806,0.1764737367630005,-6.103515625e-05,-0.00390625,-0.003571840073741117,-0.0023565292358398438
election2020,fresh,memberctl_cp_hk_lowest_sorted_s2,cp_hk,2,scale_1,0.987548828125,0.94140625,0.9429657794676806,0.1764737367630005,0.987548828125,0.94140625,0.9429657794676806,0.1764737367630005,0.0,0.0,0.0,0.0
election2020,fresh,memberctl_cp_hk_lowest_sorted_s2,cp_hk,2,bias_0.01,0.9810791015625,0.90234375,0.9090909090909091,0.286088764667511,0.987548828125,0.94140625,0.9429657794676806,0.1764737367630005,-0.0064697265625,-0.0390625,-0.033874870376771504,0.1096150279045105
election2020,fresh,memberctl_cp_hk_lowest_sorted_s2,cp_hk,2,bias_1,0.98541259765625,0.94921875,0.9494163424124513,0.18553262948989868,0.987548828125,0.94140625,0.9429657794676806,0.1764737367630005,-0.00213623046875,0.0078125,0.006450562944770755,0.009058892726898193
election2020,fresh,memberctl_cp_hk_lowest_sorted_s2,cp_hk,2,no_bn_0,0.90887451171875,0.67578125,0.7537091988130564,0.5655261874198914,0.987548828125,0.94140625,0.9429657794676806,0.1764737367630005,-0.07867431640625,-0.265625,-0.18925658065462414,0.38905245065689087
election2020,fresh,memberctl_cp_hk_lowest_sorted_s2,cp_hk,2,no_bn_1,0.9022216796875,0.65625,0.7396449704142012,0.5717421174049377,0.987548828125,0.94140625,0.9429657794676806,0.1764737367630005,-0.0853271484375,-0.28515625,-0.20332080905347938,0.39526838064193726
election2020,fresh,memberctl_cp_hk_lowest_sorted_s2,cp_hk,2,post_relu_norm_only,0.9869384765625,0.94140625,0.9425287356321839,0.1812080442905426,0.987548828125,0.94140625,0.9429657794676806,0.1764737367630005,-0.0006103515625,0.0,-0.0004370438354966977,0.004734307527542114
election2020,fresh,memberctl_cp_hk_lowest_sorted_s2,cp_hk,2,post_relu_direction_only,0.98236083984375,0.91796875,0.922509225092251,0.2907063364982605,0.987548828125,0.94140625,0.9429657794676806,0.1764737367630005,-0.00518798828125,-0.0234375,-0.020456554375429592,0.11423259973526001
election2020,fresh,memberctl_cp_hk_lowest_sorted_s2,cp_hk,2,pre_meta_norm_only,0.9873046875,0.9296875,0.9318181818181818,0.18485340476036072,0.987548828125,0.94140625,0.9429657794676806,0.1764737367630005,-0.000244140625,-0.01171875,-0.011147597649498797,0.00837966799736023
election2020,fresh,memberctl_cp_hk_lowest_sorted_s2,cp_hk,2,pre_meta_direction_only,0.9820556640625,0.9140625,0.9185185185185185,0.28955069184303284,0.987548828125,0.94140625,0.9429657794676806,0.1764737367630005,-0.0054931640625,-0.02734375,-0.024447260949162053,0.11307695508003235
election2020,fresh,memberctl_ukr_rus_lowest_sorted_s0,ukr_rus,0,scale_0,0.98748779296875,0.9765625,0.9763779527559056,0.09996388852596283,0.9876708984375,0.9765625,0.9763779527559056,0.1069614589214325,-0.00018310546875,0.0,0.0,-0.0069975703954696655
election2020,fresh,memberctl_ukr_rus_lowest_sorted_s0,ukr_rus,0,scale_1e-06,0.98748779296875,0.9765625,0.9763779527559056,0.09996387362480164,0.9876708984375,0.9765625,0.9763779527559056,0.1069614589214325,-0.00018310546875,0.0,0.0,-0.006997585296630859
election2020,fresh,memberctl_ukr_rus_lowest_sorted_s0,ukr_rus,0,scale_0.0001,0.98748779296875,0.9765625,0.9763779527559056,0.09996157884597778,0.9876708984375,0.9765625,0.9763779527559056,0.1069614589214325,-0.00018310546875,0.0,0.0,-0.006999880075454712
election2020,fresh,memberctl_ukr_rus_lowest_sorted_s0,ukr_rus,0,scale_0.01,0.98779296875,0.9765625,0.9763779527559056,0.09997837990522385,0.9876708984375,0.9765625,0.9763779527559056,0.1069614589214325,0.0001220703125,0.0,0.0,-0.006983079016208649
election2020,fresh,memberctl_ukr_rus_lowest_sorted_s0,ukr_rus,0,scale_0.1,0.98773193359375,0.9765625,0.9763779527559056,0.10243713855743408,0.9876708984375,0.9765625,0.9763779527559056,0.1069614589214325,6.103515625e-05,0.0,0.0,-0.004524320363998413
election2020,fresh,memberctl_ukr_rus_lowest_sorted_s0,ukr_rus,0,scale_0.3,0.987548828125,0.9765625,0.9763779527559056,0.10337959975004196,0.9876708984375,0.9765625,0.9763779527559056,0.1069614589214325,-0.0001220703125,0.0,0.0,-0.0035818591713905334
election2020,fresh,memberctl_ukr_rus_lowest_sorted_s0,ukr_rus,0,scale_1,0.9876708984375,0.9765625,0.9763779527559056,0.1069614589214325,0.9876708984375,0.9765625,0.9763779527559056,0.1069614589214325,0.0,0.0,0.0,0.0
election2020,fresh,memberctl_ukr_rus_lowest_sorted_s0,ukr_rus,0,bias_0.01,0.9876708984375,0.9765625,0.9763779527559056,0.0998593270778656,0.9876708984375,0.9765625,0.9763779527559056,0.1069614589214325,0.0,0.0,0.0,-0.0071021318435668945
election2020,fresh,memberctl_ukr_rus_lowest_sorted_s0,ukr_rus,0,bias_1,0.98736572265625,0.9765625,0.9763779527559056,0.10699348151683807,0.9876708984375,0.9765625,0.9763779527559056,0.1069614589214325,-0.00030517578125,0.0,0.0,3.202259540557861e-05
election2020,fresh,memberctl_ukr_rus_lowest_sorted_s0,ukr_rus,0,no_bn_0,0.98431396484375,0.921875,0.9259259259259259,0.2721060812473297,0.9876708984375,0.9765625,0.9763779527559056,0.1069614589214325,-0.00335693359375,-0.0546875,-0.050452026829979624,0.16514462232589722
election2020,fresh,memberctl_ukr_rus_lowest_sorted_s0,ukr_rus,0,no_bn_1,0.9844970703125,0.9375,0.9398496240601504,0.25155413150787354,0.9876708984375,0.9765625,0.9763779527559056,0.1069614589214325,-0.003173828125,-0.0390625,-0.036528328695755174,0.14459267258644104
election2020,fresh,memberctl_ukr_rus_lowest_sorted_s0,ukr_rus,0,post_relu_norm_only,0.98773193359375,0.9765625,0.9763779527559056,0.10676660388708115,0.9876708984375,0.9765625,0.9763779527559056,0.1069614589214325,6.103515625e-05,0.0,0.0,-0.00019485503435134888
election2020,fresh,memberctl_ukr_rus_lowest_sorted_s0,ukr_rus,0,post_relu_direction_only,0.9874267578125,0.9765625,0.9763779527559056,0.10000089555978775,0.9876708984375,0.9765625,0.9763779527559056,0.1069614589214325,-0.000244140625,0.0,0.0,-0.006960563361644745
election2020,fresh,memberctl_ukr_rus_lowest_sorted_s0,ukr_rus,0,pre_meta_norm_only,0.98760986328125,0.9765625,0.9763779527559056,0.10634882003068924,0.9876708984375,0.9765625,0.9763779527559056,0.1069614589214325,-6.103515625e-05,0.0,0.0,-0.0006126388907432556
election2020,fresh,memberctl_ukr_rus_lowest_sorted_s0,ukr_rus,0,pre_meta_direction_only,0.98748779296875,0.9765625,0.9763779527559056,0.10003679245710373,0.9876708984375,0.9765625,0.9763779527559056,0.1069614589214325,-0.00018310546875,0.0,0.0,-0.006924666464328766
election2020,fresh,memberctl_ukr_rus_lowest_sorted_s1,ukr_rus,1,scale_0,0.9884033203125,0.9765625,0.9765625,0.09848044812679291,0.9892578125,0.9765625,0.9763779527559056,0.10838817059993744,-0.0008544921875,0.0,0.00018454724409444623,-0.009907722473144531
election2020,fresh,memberctl_ukr_rus_lowest_sorted_s1,ukr_rus,1,scale_1e-06,0.9884033203125,0.9765625,0.9765625,0.098480224609375,0.9892578125,0.9765625,0.9763779527559056,0.10838817059993744,-0.0008544921875,0.0,0.00018454724409444623,-0.009907945990562439
election2020,fresh,memberctl_ukr_rus_lowest_sorted_s1,ukr_rus,1,scale_0.0001,0.9884033203125,0.9765625,0.9765625,0.09845743328332901,0.9892578125,0.9765625,0.9763779527559056,0.10838817059993744,-0.0008544921875,0.0,0.00018454724409444623,-0.009930737316608429
election2020,fresh,memberctl_ukr_rus_lowest_sorted_s1,ukr_rus,1,scale_0.01,0.98895263671875,0.98046875,0.9803921568627451,0.09785650670528412,0.9892578125,0.9765625,0.9763779527559056,0.10838817059993744,-0.00030517578125,0.00390625,0.004014204106839503,-0.01053166389465332
election2020,fresh,memberctl_ukr_rus_lowest_sorted_s1,ukr_rus,1,scale_0.1,0.9888916015625,0.9765625,0.9763779527559056,0.10177747160196304,0.9892578125,0.9765625,0.9763779527559056,0.10838817059993744,-0.0003662109375,0.0,0.0,-0.006610698997974396
election2020,fresh,memberctl_ukr_rus_lowest_sorted_s1,ukr_rus,1,scale_0.3,0.98895263671875,0.9765625,0.9763779527559056,0.10342328250408173,0.9892578125,0.9765625,0.9763779527559056,0.10838817059993744,-0.00030517578125,0.0,0.0,-0.004964888095855713
election2020,fresh,memberctl_ukr_rus_lowest_sorted_s1,ukr_rus,1,scale_1,0.9892578125,0.9765625,0.9763779527559056,0.10838817059993744,0.9892578125,0.9765625,0.9763779527559056,0.10838817059993744,0.0,0.0,0.0,0.0
election2020,fresh,memberctl_ukr_rus_lowest_sorted_s1,ukr_rus,1,bias_0.01,0.9888916015625,0.98046875,0.9803921568627451,0.09794048219919205,0.9892578125,0.9765625,0.9763779527559056,0.10838817059993744,-0.0003662109375,0.00390625,0.004014204106839503,-0.010447688400745392
election2020,fresh,memberctl_ukr_rus_lowest_sorted_s1,ukr_rus,1,bias_1,0.98974609375,0.9765625,0.9763779527559056,0.10767094790935516,0.9892578125,0.9765625,0.9763779527559056,0.10838817059993744,0.00048828125,0.0,0.0,-0.0007172226905822754
election2020,fresh,memberctl_ukr_rus_lowest_sorted_s1,ukr_rus,1,no_bn_0,0.9866943359375,0.90625,0.9130434782608695,0.2910277545452118,0.9892578125,0.9765625,0.9763779527559056,0.10838817059993744,-0.0025634765625,-0.0703125,-0.06333447449503604,0.18263958394527435
election2020,fresh,memberctl_ukr_rus_lowest_sorted_s1,ukr_rus,1,no_bn_1,0.98699951171875,0.93359375,0.9368029739776952,0.27156656980514526,0.9892578125,0.9765625,0.9763779527559056,0.10838817059993744,-0.00225830078125,-0.04296875,-0.03957497877821037,0.16317839920520782
election2020,fresh,memberctl_ukr_rus_lowest_sorted_s1,ukr_rus,1,post_relu_norm_only,0.98907470703125,0.9765625,0.9763779527559056,0.10793536901473999,0.9892578125,0.9765625,0.9763779527559056,0.10838817059993744,-0.00018310546875,0.0,0.0,-0.00045280158519744873
election2020,fresh,memberctl_ukr_rus_lowest_sorted_s1,ukr_rus,1,post_relu_direction_only,0.9886474609375,0.9765625,0.9765625,0.09794220328330994,0.9892578125,0.9765625,0.9763779527559056,0.10838817059993744,-0.0006103515625,0.0,0.00018454724409444623,-0.010445967316627502
election2020,fresh,memberctl_ukr_rus_lowest_sorted_s1,ukr_rus,1,pre_meta_norm_only,0.98907470703125,0.9765625,0.9763779527559056,0.10891230404376984,0.9892578125,0.9765625,0.9763779527559056,0.10838817059993744,-0.00018310546875,0.0,0.0,0.0005241334438323975
election2020,fresh,memberctl_ukr_rus_lowest_sorted_s1,ukr_rus,1,pre_meta_direction_only,0.988525390625,0.9765625,0.9765625,0.09833656251430511,0.9892578125,0.9765625,0.9763779527559056,0.10838817059993744,-0.000732421875,0.0,0.00018454724409444623,-0.010051608085632324
election2020,fresh,memberctl_ukr_rus_lowest_sorted_s2,ukr_rus,2,scale_0,0.98907470703125,0.9765625,0.9765625,0.10120020806789398,0.9896240234375,0.9765625,0.9763779527559056,0.10009843111038208,-0.00054931640625,0.0,0.00018454724409444623,0.0011017769575119019
election2020,fresh,memberctl_ukr_rus_lowest_sorted_s2,ukr_rus,2,scale_1e-06,0.98907470703125,0.9765625,0.9765625,0.10119960457086563,0.9896240234375,0.9765625,0.9763779527559056,0.10009843111038208,-0.00054931640625,0.0,0.00018454724409444623,0.001101173460483551
election2020,fresh,memberctl_ukr_rus_lowest_sorted_s2,ukr_rus,2,scale_0.0001,0.98907470703125,0.9765625,0.9765625,0.10114021599292755,0.9896240234375,0.9765625,0.9763779527559056,0.10009843111038208,-0.00054931640625,0.0,0.00018454724409444623,0.0010417848825454712
election2020,fresh,memberctl_ukr_rus_lowest_sorted_s2,ukr_rus,2,scale_0.01,0.989501953125,0.98046875,0.9803921568627451,0.0972936600446701,0.9896240234375,0.9765625,0.9763779527559056,0.10009843111038208,-0.0001220703125,0.00390625,0.004014204106839503,-0.002804771065711975
election2020,fresh,memberctl_ukr_rus_lowest_sorted_s2,ukr_rus,2,scale_0.1,0.9893798828125,0.98046875,0.9803921568627451,0.09549984335899353,0.9896240234375,0.9765625,0.9763779527559056,0.10009843111038208,-0.000244140625,0.00390625,0.004014204106839503,-0.00459858775138855
election2020,fresh,memberctl_ukr_rus_lowest_sorted_s2,ukr_rus,2,scale_0.3,0.989501953125,0.9765625,0.9763779527559056,0.09678709506988525,0.9896240234375,0.9765625,0.9763779527559056,0.10009843111038208,-0.0001220703125,0.0,0.0,-0.003311336040496826
election2020,fresh,memberctl_ukr_rus_lowest_sorted_s2,ukr_rus,2,scale_1,0.9896240234375,0.9765625,0.9763779527559056,0.10009843111038208,0.9896240234375,0.9765625,0.9763779527559056,0.10009843111038208,0.0,0.0,0.0,0.0
election2020,fresh,memberctl_ukr_rus_lowest_sorted_s2,ukr_rus,2,bias_0.01,0.98956298828125,0.98046875,0.9803921568627451,0.0987577885389328,0.9896240234375,0.9765625,0.9763779527559056,0.10009843111038208,-6.103515625e-05,0.00390625,0.004014204106839503,-0.0013406425714492798
election2020,fresh,memberctl_ukr_rus_lowest_sorted_s2,ukr_rus,2,bias_1,0.98980712890625,0.9765625,0.9763779527559056,0.10358190536499023,0.9896240234375,0.9765625,0.9763779527559056,0.10009843111038208,0.00018310546875,0.0,0.0,0.0034834742546081543
election2020,fresh,memberctl_ukr_rus_lowest_sorted_s2,ukr_rus,2,no_bn_0,0.98590087890625,0.71484375,0.7767584097859327,0.4678182899951935,0.9896240234375,0.9765625,0.9763779527559056,0.10009843111038208,-0.00372314453125,-0.26171875,-0.19961954296997286,0.3677198588848114
election2020,fresh,memberctl_ukr_rus_lowest_sorted_s2,ukr_rus,2,no_bn_1,0.98712158203125,0.8203125,0.8466666666666667,0.3737608790397644,0.9896240234375,0.9765625,0.9763779527559056,0.10009843111038208,-0.00250244140625,-0.15625,-0.12971128608923888,0.2736624479293823
election2020,fresh,memberctl_ukr_rus_lowest_sorted_s2,ukr_rus,2,post_relu_norm_only,0.989501953125,0.9765625,0.9763779527559056,0.09997360408306122,0.9896240234375,0.9765625,0.9763779527559056,0.10009843111038208,-0.0001220703125,0.0,0.0,-0.00012482702732086182
election2020,fresh,memberctl_ukr_rus_lowest_sorted_s2,ukr_rus,2,post_relu_direction_only,0.98919677734375,0.9765625,0.9765625,0.10056446492671967,0.9896240234375,0.9765625,0.9763779527559056,0.10009843111038208,-0.00042724609375,0.0,0.00018454724409444623,0.00046603381633758545
election2020,fresh,memberctl_ukr_rus_lowest_sorted_s2,ukr_rus,2,pre_meta_norm_only,0.98956298828125,0.9765625,0.9763779527559056,0.09987391531467438,0.9896240234375,0.9765625,0.9763779527559056,0.10009843111038208,-6.103515625e-05,0.0,0.0,-0.00022451579570770264
election2020,fresh,memberctl_ukr_rus_lowest_sorted_s2,ukr_rus,2,pre_meta_direction_only,0.98907470703125,0.9765625,0.9765625,0.10093284398317337,0.9896240234375,0.9765625,0.9763779527559056,0.10009843111038208,-0.00054931640625,0.0,0.00018454724409444623,0.0008344128727912903
facebook_page_reference,original,memberctl_cp_hk_lowest_sorted_s0,cp_hk,0,scale_0,0.69158935546875,0.634765625,0.6318897637795275,0.7334394454956055,0.6827354431152344,0.6298828125,0.6345226615236258,0.8443655967712402,0.008853912353515625,0.0048828125,-0.0026328977440982504,-0.11092615127563477
facebook_page_reference,original,memberctl_cp_hk_lowest_sorted_s0,cp_hk,0,scale_1e-06,0.69158935546875,0.634765625,0.6318897637795275,0.7334428429603577,0.6827354431152344,0.6298828125,0.6345226615236258,0.8443655967712402,0.008853912353515625,0.0048828125,-0.0026328977440982504,-0.11092275381088257
facebook_page_reference,original,memberctl_cp_hk_lowest_sorted_s0,cp_hk,0,scale_0.0001,0.6916007995605469,0.634765625,0.6318897637795275,0.7337830066680908,0.6827354431152344,0.6298828125,0.6345226615236258,0.8443655967712402,0.0088653564453125,0.0048828125,-0.0026328977440982504,-0.11058259010314941
facebook_page_reference,original,memberctl_cp_hk_lowest_sorted_s0,cp_hk,0,scale_0.01,0.6918144226074219,0.625,0.6198019801980198,0.7637383937835693,0.6827354431152344,0.6298828125,0.6345226615236258,0.8443655967712402,0.0090789794921875,-0.0048828125,-0.014720681325606,-0.0806272029876709
facebook_page_reference,original,memberctl_cp_hk_lowest_sorted_s0,cp_hk,0,scale_0.1,0.6829795837402344,0.630859375,0.6337209302325582,0.8394536375999451,0.6827354431152344,0.6298828125,0.6345226615236258,0.8443655967712402,0.000244140625,0.0009765625,-0.0008017312910676422,-0.004911959171295166
facebook_page_reference,original,memberctl_cp_hk_lowest_sorted_s0,cp_hk,0,scale_0.3,0.6828842163085938,0.6318359375,0.6357487922705314,0.8410647511482239,0.6827354431152344,0.6298828125,0.6345226615236258,0.8443655967712402,0.000148773193359375,0.001953125,0.0012261307469055849,-0.0033008456230163574
facebook_page_reference,original,memberctl_cp_hk_lowest_sorted_s0,cp_hk,0,scale_1,0.6827354431152344,0.6298828125,0.6345226615236258,0.8443655967712402,0.6827354431152344,0.6298828125,0.6345226615236258,0.8443655967712402,0.0,0.0,0.0,0.0
facebook_page_reference,original,memberctl_cp_hk_lowest_sorted_s0,cp_hk,0,bias_0.01,0.6923789978027344,0.6328125,0.6254980079681275,0.743647038936615,0.6827354431152344,0.6298828125,0.6345226615236258,0.8443655967712402,0.0096435546875,0.0029296875,-0.009024653555498308,-0.10071855783462524
facebook_page_reference,original,memberctl_cp_hk_lowest_sorted_s0,cp_hk,0,bias_1,0.6802825927734375,0.6240234375,0.631578947368421,0.8511945009231567,0.6827354431152344,0.6298828125,0.6345226615236258,0.8443655967712402,-0.002452850341796875,-0.005859375,-0.0029437141552047796,0.006828904151916504
facebook_page_reference,original,memberctl_cp_hk_lowest_sorted_s0,cp_hk,0,no_bn_0,0.6572837829589844,0.619140625,0.6130952380952381,0.6693716645240784,0.6827354431152344,0.6298828125,0.6345226615236258,0.8443655967712402,-0.02545166015625,-0.0107421875,-0.02142742342838766,-0.17499393224716187
facebook_page_reference,original,memberctl_cp_hk_lowest_sorted_s0,cp_hk,0,no_bn_1,0.6592140197753906,0.61328125,0.6032064128256514,0.6746187210083008,0.6827354431152344,0.6298828125,0.6345226615236258,0.8443655967712402,-0.02352142333984375,-0.0166015625,-0.03131624869797445,-0.16974687576293945
facebook_page_reference,original,memberctl_cp_hk_lowest_sorted_s0,cp_hk,0,post_relu_norm_only,0.6838645935058594,0.634765625,0.6396917148362236,0.836846113204956,0.6827354431152344,0.6298828125,0.6345226615236258,0.8443655967712402,0.001129150390625,0.0048828125,0.00516905331259776,-0.00751948356628418
facebook_page_reference,original,memberctl_cp_hk_lowest_sorted_s0,cp_hk,0,post_relu_direction_only,0.6915512084960938,0.63671875,0.6324110671936759,0.7343922257423401,0.6827354431152344,0.6298828125,0.6345226615236258,0.8443655967712402,0.008815765380859375,0.0068359375,-0.002111594329949895,-0.10997337102890015
facebook_page_reference,original,memberctl_cp_hk_lowest_sorted_s0,cp_hk,0,pre_meta_norm_only,0.6837692260742188,0.63671875,0.6423076923076924,0.8390517234802246,0.6827354431152344,0.6298828125,0.6345226615236258,0.8443655967712402,0.001033782958984375,0.0068359375,0.00778503078406656,-0.005313873291015625
facebook_page_reference,original,memberctl_cp_hk_lowest_sorted_s0,cp_hk,0,pre_meta_direction_only,0.69085693359375,0.6279296875,0.6238894373149062,0.7382006049156189,0.6827354431152344,0.6298828125,0.6345226615236258,0.8443655967712402,0.008121490478515625,-0.001953125,-0.010633224208719594,-0.10616499185562134
facebook_page_reference,original,memberctl_cp_hk_lowest_sorted_s1,cp_hk,1,scale_0,0.6887893676757812,0.62890625,0.6207584830339321,0.7621886730194092,0.6784706115722656,0.60546875,0.5984095427435387,0.8988544940948486,0.010318756103515625,0.0234375,0.02234894029039336,-0.13666582107543945
facebook_page_reference,original,memberctl_cp_hk_lowest_sorted_s1,cp_hk,1,scale_1e-06,0.6887893676757812,0.62890625,0.6207584830339321,0.7621904611587524,0.6784706115722656,0.60546875,0.5984095427435387,0.8988544940948486,0.010318756103515625,0.0234375,0.02234894029039336,-0.1366640329360962
facebook_page_reference,original,memberctl_cp_hk_lowest_sorted_s1,cp_hk,1,scale_0.0001,0.6888084411621094,0.62890625,0.6207584830339321,0.7623574733734131,0.6784706115722656,0.60546875,0.5984095427435387,0.8988544940948486,0.01033782958984375,0.0234375,0.02234894029039336,-0.13649702072143555
facebook_page_reference,original,memberctl_cp_hk_lowest_sorted_s1,cp_hk,1,scale_0.01,0.6882171630859375,0.6240234375,0.6169154228855721,0.78205806016922,0.6784706115722656,0.60546875,0.5984095427435387,0.8988544940948486,0.009746551513671875,0.0185546875,0.01850588014203336,-0.11679643392562866
facebook_page_reference,original,memberctl_cp_hk_lowest_sorted_s1,cp_hk,1,scale_0.1,0.6820793151855469,0.611328125,0.6043737574552683,0.8661821484565735,0.6784706115722656,0.60546875,0.5984095427435387,0.8988544940948486,0.00360870361328125,0.005859375,0.005964214711729587,-0.032672345638275146
facebook_page_reference,original,memberctl_cp_hk_lowest_sorted_s1,cp_hk,1,scale_0.3,0.6790428161621094,0.607421875,0.601980198019802,0.8945564031600952,0.6784706115722656,0.60546875,0.5984095427435387,0.8988544940948486,0.00057220458984375,0.001953125,0.0035706552762632127,-0.004298090934753418
facebook_page_reference,original,memberctl_cp_hk_lowest_sorted_s1,cp_hk,1,scale_1,0.6784706115722656,0.60546875,0.5984095427435387,0.8988544940948486,0.6784706115722656,0.60546875,0.5984095427435387,0.8988544940948486,0.0,0.0,0.0,0.0
facebook_page_reference,original,memberctl_cp_hk_lowest_sorted_s1,cp_hk,1,bias_0.01,0.6882400512695312,0.6279296875,0.6208955223880597,0.7738792896270752,0.6784706115722656,0.60546875,0.5984095427435387,0.8988544940948486,0.009769439697265625,0.0224609375,0.022485979644520926,-0.12497520446777344
facebook_page_reference,original,memberctl_cp_hk_lowest_sorted_s1,cp_hk,1,bias_1,0.6775627136230469,0.609375,0.601593625498008,0.9021874666213989,0.6784706115722656,0.60546875,0.5984095427435387,0.8988544940948486,-0.00090789794921875,0.00390625,0.003184082754469242,0.003332972526550293
facebook_page_reference,original,memberctl_cp_hk_lowest_sorted_s1,cp_hk,1,no_bn_0,0.6523780822753906,0.609375,0.6023856858846919,0.7592253088951111,0.6784706115722656,0.60546875,0.5984095427435387,0.8988544940948486,-0.026092529296875,0.00390625,0.003976143141153132,-0.13962918519973755
facebook_page_reference,original,memberctl_cp_hk_lowest_sorted_s1,cp_hk,1,no_bn_1,0.650054931640625,0.6044921875,0.5978152929493545,0.782110869884491,0.6784706115722656,0.60546875,0.5984095427435387,0.8988544940948486,-0.028415679931640625,-0.0009765625,-0.0005942497941842095,-0.11674362421035767
facebook_page_reference,original,memberctl_cp_hk_lowest_sorted_s1,cp_hk,1,post_relu_norm_only,0.6811294555664062,0.6064453125,0.5990049751243781,0.8825518488883972,0.6784706115722656,0.60546875,0.5984095427435387,0.8988544940948486,0.002658843994140625,0.0009765625,0.0005954323808393669,-0.016302645206451416
facebook_page_reference,original,memberctl_cp_hk_lowest_sorted_s1,cp_hk,1,post_relu_direction_only,0.6881980895996094,0.62890625,0.6222664015904572,0.7654732465744019,0.6784706115722656,0.60546875,0.5984095427435387,0.8988544940948486,0.00972747802734375,0.0234375,0.02385685884691846,-0.13338124752044678
facebook_page_reference,original,memberctl_cp_hk_lowest_sorted_s1,cp_hk,1,pre_meta_norm_only,0.679412841796875,0.61328125,0.6086956521739131,0.8942885994911194,0.6784706115722656,0.60546875,0.5984095427435387,0.8988544940948486,0.000942230224609375,0.0078125,0.010286109430374335,-0.004565894603729248
facebook_page_reference,original,memberctl_cp_hk_lowest_sorted_s1,cp_hk,1,pre_meta_direction_only,0.6866798400878906,0.6220703125,0.6133866133866134,0.7719508409500122,0.6784706115722656,0.60546875,0.5984095427435387,0.8988544940948486,0.008209228515625,0.0166015625,0.01497707064307463,-0.12690365314483643
facebook_page_reference,original,memberctl_cp_hk_lowest_sorted_s2,cp_hk,2,scale_0,0.7279548645019531,0.6728515625,0.675701839303001,0.6746693253517151,0.7190589904785156,0.6708984375,0.6731328806983511,0.7967410683631897,0.0088958740234375,0.001953125,0.0025689586046498958,-0.12207174301147461
facebook_page_reference,original,memberctl_cp_hk_lowest_sorted_s2,cp_hk,2,scale_1e-06,0.72796630859375,0.6728515625,0.675701839303001,0.6746710538864136,0.7190589904785156,0.6708984375,0.6731328806983511,0.7967410683631897,0.008907318115234375,0.001953125,0.0025689586046498958,-0.12207001447677612
facebook_page_reference,original,memberctl_cp_hk_lowest_sorted_s2,cp_hk,2,scale_0.0001,0.72796630859375,0.6728515625,0.675701839303001,0.6748425364494324,0.7190589904785156,0.6708984375,0.6731328806983511,0.7967410683631897,0.008907318115234375,0.001953125,0.0025689586046498958,-0.12189853191375732
facebook_page_reference,original,memberctl_cp_hk_lowest_sorted_s2,cp_hk,2,scale_0.01,0.7284469604492188,0.6728515625,0.6763285024154589,0.6966751217842102,0.7190589904785156,0.6708984375,0.6731328806983511,0.7967410683631897,0.009387969970703125,0.001953125,0.003195621717107855,-0.10006594657897949
facebook_page_reference,original,memberctl_cp_hk_lowest_sorted_s2,cp_hk,2,scale_0.1,0.7213668823242188,0.677734375,0.6808510638297872,0.7856898307800293,0.7190589904785156,0.6708984375,0.6731328806983511,0.7967410683631897,0.002307891845703125,0.0068359375,0.007718183131436129,-0.0110512375831604
facebook_page_reference,original,memberctl_cp_hk_lowest_sorted_s2,cp_hk,2,scale_0.3,0.7193984985351562,0.67578125,0.6789168278529981,0.7974646687507629,0.7190589904785156,0.6708984375,0.6731328806983511,0.7967410683631897,0.000339508056640625,0.0048828125,0.005783947154647029,0.0007236003875732422
facebook_page_reference,original,memberctl_cp_hk_lowest_sorted_s2,cp_hk,2,scale_1,0.7190589904785156,0.6708984375,0.6731328806983511,0.7967410683631897,0.7190589904785156,0.6708984375,0.6731328806983511,0.7967410683631897,0.0,0.0,0.0,0.0
facebook_page_reference,original,memberctl_cp_hk_lowest_sorted_s2,cp_hk,2,bias_0.01,0.728302001953125,0.6728515625,0.6763285024154589,0.6804928779602051,0.7190589904785156,0.6708984375,0.6731328806983511,0.7967410683631897,0.009243011474609375,0.001953125,0.003195621717107855,-0.11624819040298462
facebook_page_reference,original,memberctl_cp_hk_lowest_sorted_s2,cp_hk,2,bias_1,0.7189369201660156,0.6767578125,0.6795740561471443,0.7970598936080933,0.7190589904785156,0.6708984375,0.6731328806983511,0.7967410683631897,-0.0001220703125,0.005859375,0.0064411754487931905,0.00031882524490356445
facebook_page_reference,original,memberctl_cp_hk_lowest_sorted_s2,cp_hk,2,no_bn_0,0.6963386535644531,0.6591796875,0.6588465298142717,0.6356461048126221,0.7190589904785156,0.6708984375,0.6731328806983511,0.7967410683631897,-0.0227203369140625,-0.01171875,-0.014286350884079368,-0.16109496355056763
facebook_page_reference,original,memberctl_cp_hk_lowest_sorted_s2,cp_hk,2,no_bn_1,0.6767616271972656,0.630859375,0.6344294003868471,0.6681092977523804,0.7190589904785156,0.6708984375,0.6731328806983511,0.7967410683631897,-0.04229736328125,-0.0400390625,-0.038703480311503946,-0.12863177061080933
facebook_page_reference,original,memberctl_cp_hk_lowest_sorted_s2,cp_hk,2,post_relu_norm_only,0.7212486267089844,0.671875,0.6750483558994197,0.7836768627166748,0.7190589904785156,0.6708984375,0.6731328806983511,0.7967410683631897,0.00218963623046875,0.0009765625,0.001915475201068606,-0.013064205646514893
facebook_page_reference,original,memberctl_cp_hk_lowest_sorted_s2,cp_hk,2,post_relu_direction_only,0.7268600463867188,0.6728515625,0.67444120505345,0.6755704283714294,0.7190589904785156,0.6708984375,0.6731328806983511,0.7967410683631897,0.007801055908203125,0.001953125,0.0013083243550988666,-0.12117063999176025
facebook_page_reference,original,memberctl_cp_hk_lowest_sorted_s2,cp_hk,2,pre_meta_norm_only,0.7169075012207031,0.6708984375,0.6743961352657005,0.8069965243339539,0.7190589904785156,0.6708984375,0.6731328806983511,0.7967410683631897,-0.0021514892578125,0.0,0.0012632545673494366,0.01025545597076416
facebook_page_reference,original,memberctl_cp_hk_lowest_sorted_s2,cp_hk,2,pre_meta_direction_only,0.728729248046875,0.669921875,0.6737451737451737,0.6751241683959961,0.7190589904785156,0.6708984375,0.6731328806983511,0.7967410683631897,0.009670257568359375,-0.0009765625,0.0006122930468226429,-0.1216168999671936
facebook_page_reference,original,memberctl_ukr_rus_lowest_sorted_s0,ukr_rus,0,scale_0,0.7409629821777344,0.6767578125,0.6777020447906524,0.8165703415870667,0.7394676208496094,0.671875,0.6712328767123288,0.8382129073143005,0.001495361328125,0.0048828125,0.0064691680783236505,-0.021642565727233887
facebook_page_reference,original,memberctl_ukr_rus_lowest_sorted_s0,ukr_rus,0,scale_1e-06,0.7409629821777344,0.6767578125,0.6777020447906524,0.8165709972381592,0.7394676208496094,0.671875,0.6712328767123288,0.8382129073143005,0.001495361328125,0.0048828125,0.0064691680783236505,-0.021641910076141357
facebook_page_reference,original,memberctl_ukr_rus_lowest_sorted_s0,ukr_rus,0,scale_0.0001,0.7409858703613281,0.6767578125,0.6777020447906524,0.8166396617889404,0.7394676208496094,0.671875,0.6712328767123288,0.8382129073143005,0.00151824951171875,0.0048828125,0.0064691680783236505,-0.021573245525360107
facebook_page_reference,original,memberctl_ukr_rus_lowest_sorted_s0,ukr_rus,0,scale_0.01,0.7407989501953125,0.6787109375,0.6790243902439025,0.8220918774604797,0.7394676208496094,0.671875,0.6712328767123288,0.8382129073143005,0.001331329345703125,0.0068359375,0.007791513531573702,-0.0161210298538208
facebook_page_reference,original,memberctl_ukr_rus_lowest_sorted_s0,ukr_rus,0,scale_0.1,0.7394905090332031,0.6796875,0.6784313725490196,0.8363780379295349,0.7394676208496094,0.671875,0.6712328767123288,0.8382129073143005,2.288818359375e-05,0.0078125,0.007198495836690855,-0.001834869384765625
facebook_page_reference,original,memberctl_ukr_rus_lowest_sorted_s0,ukr_rus,0,scale_0.3,0.7392807006835938,0.673828125,0.6725490196078432,0.8381387591362,0.7394676208496094,0.671875,0.6712328767123288,0.8382129073143005,-0.000186920166015625,0.001953125,0.001316142895514405,-7.414817810058594e-05
facebook_page_reference,original,memberctl_ukr_rus_lowest_sorted_s0,ukr_rus,0,scale_1,0.7394676208496094,0.671875,0.6712328767123288,0.8382129073143005,0.7394676208496094,0.671875,0.6712328767123288,0.8382129073143005,0.0,0.0,0.0,0.0
facebook_page_reference,original,memberctl_ukr_rus_lowest_sorted_s0,ukr_rus,0,bias_0.01,0.7408866882324219,0.677734375,0.6789883268482491,0.8191521167755127,0.7394676208496094,0.671875,0.6712328767123288,0.8382129073143005,0.0014190673828125,0.005859375,0.007755450135920272,-0.019060790538787842
facebook_page_reference,original,memberctl_ukr_rus_lowest_sorted_s0,ukr_rus,0,bias_1,0.7362327575683594,0.666015625,0.666015625,0.8512198328971863,0.7394676208496094,0.671875,0.6712328767123288,0.8382129073143005,-0.00323486328125,-0.005859375,-0.005217251712328785,0.013006925582885742
facebook_page_reference,original,memberctl_ukr_rus_lowest_sorted_s0,ukr_rus,0,no_bn_0,0.7111854553222656,0.646484375,0.6372745490981964,0.6572315096855164,0.7394676208496094,0.671875,0.6712328767123288,0.8382129073143005,-0.02828216552734375,-0.025390625,-0.03395832761413242,-0.18098139762878418
facebook_page_reference,original,memberctl_ukr_rus_lowest_sorted_s0,ukr_rus,0,no_bn_1,0.7124786376953125,0.6494140625,0.6384692849949648,0.6546714305877686,0.7394676208496094,0.671875,0.6712328767123288,0.8382129073143005,-0.026988983154296875,-0.0224609375,-0.03276359171736398,-0.18354147672653198
facebook_page_reference,original,memberctl_ukr_rus_lowest_sorted_s0,ukr_rus,0,post_relu_norm_only,0.7396354675292969,0.6748046875,0.67384916748286,0.8375877141952515,0.7394676208496094,0.671875,0.6712328767123288,0.8382129073143005,0.0001678466796875,0.0029296875,0.00261629077053116,-0.0006251931190490723
facebook_page_reference,original,memberctl_ukr_rus_lowest_sorted_s0,ukr_rus,0,post_relu_direction_only,0.7404365539550781,0.677734375,0.6783625730994152,0.8175302743911743,0.7394676208496094,0.671875,0.6712328767123288,0.8382129073143005,0.00096893310546875,0.005859375,0.007129696387086382,-0.02068263292312622
facebook_page_reference,original,memberctl_ukr_rus_lowest_sorted_s0,ukr_rus,0,pre_meta_norm_only,0.7397270202636719,0.669921875,0.6673228346456693,0.835703432559967,0.7394676208496094,0.671875,0.6712328767123288,0.8382129073143005,0.0002593994140625,-0.001953125,-0.003910042066659458,-0.002509474754333496
facebook_page_reference,original,memberctl_ukr_rus_lowest_sorted_s0,ukr_rus,0,pre_meta_direction_only,0.739898681640625,0.6767578125,0.6770731707317074,0.819882333278656,0.7394676208496094,0.671875,0.6712328767123288,0.8382129073143005,0.000431060791015625,0.0048828125,0.005840294019378578,-0.01833057403564453
facebook_page_reference,original,memberctl_ukr_rus_lowest_sorted_s1,ukr_rus,1,scale_0,0.74578857421875,0.681640625,0.6847195357833655,0.8262625932693481,0.744476318359375,0.68359375,0.6811023622047244,0.8748005032539368,0.001312255859375,-0.001953125,0.0036171735786411086,-0.04853790998458862
facebook_page_reference,original,memberctl_ukr_rus_lowest_sorted_s1,ukr_rus,1,scale_1e-06,0.74578857421875,0.681640625,0.6847195357833655,0.8262640833854675,0.744476318359375,0.68359375,0.6811023622047244,0.8748005032539368,0.001312255859375,-0.001953125,0.0036171735786411086,-0.04853641986846924
facebook_page_reference,original,memberctl_ukr_rus_lowest_sorted_s1,ukr_rus,1,scale_0.0001,0.7458076477050781,0.681640625,0.6847195357833655,0.8264079689979553,0.744476318359375,0.68359375,0.6811023622047244,0.8748005032539368,0.001331329345703125,-0.001953125,0.0036171735786411086,-0.048392534255981445
facebook_page_reference,original,memberctl_ukr_rus_lowest_sorted_s1,ukr_rus,1,scale_0.01,0.7456245422363281,0.6767578125,0.6795740561471443,0.8386696577072144,0.744476318359375,0.68359375,0.6811023622047244,0.8748005032539368,0.001148223876953125,-0.0068359375,-0.0015283060575801422,-0.03613084554672241
facebook_page_reference,original,memberctl_ukr_rus_lowest_sorted_s1,ukr_rus,1,scale_0.1,0.7446632385253906,0.68359375,0.6823529411764706,0.8666281700134277,0.744476318359375,0.68359375,0.6811023622047244,0.8748005032539368,0.000186920166015625,0.0,0.0012505789717461857,-0.008172333240509033
facebook_page_reference,original,memberctl_ukr_rus_lowest_sorted_s1,ukr_rus,1,scale_0.3,0.7447586059570312,0.6884765625,0.6863323500491643,0.8705534934997559,0.744476318359375,0.68359375,0.6811023622047244,0.8748005032539368,0.00028228759765625,0.0048828125,0.005229987844439843,-0.004247009754180908
facebook_page_reference,original,memberctl_ukr_rus_lowest_sorted_s1,ukr_rus,1,scale_1,0.744476318359375,0.68359375,0.6811023622047244,0.8748005032539368,0.744476318359375,0.68359375,0.6811023622047244,0.8748005032539368,0.0,0.0,0.0,0.0
facebook_page_reference,original,memberctl_ukr_rus_lowest_sorted_s1,ukr_rus,1,bias_0.01,0.7457237243652344,0.6806640625,0.6840579710144927,0.8321745991706848,0.744476318359375,0.68359375,0.6811023622047244,0.8748005032539368,0.001247406005859375,-0.0029296875,0.0029556088097683064,-0.04262590408325195
facebook_page_reference,original,memberctl_ukr_rus_lowest_sorted_s1,ukr_rus,1,bias_1,0.7439250946044922,0.6826171875,0.6804326450344149,0.8838390707969666,0.744476318359375,0.68359375,0.6811023622047244,0.8748005032539368,-0.0005512237548828125,-0.0009765625,-0.0006697171703095028,0.009038567543029785
facebook_page_reference,original,memberctl_ukr_rus_lowest_sorted_s1,ukr_rus,1,no_bn_0,0.7047233581542969,0.6484375,0.6407185628742516,0.669022262096405,0.744476318359375,0.68359375,0.6811023622047244,0.8748005032539368,-0.039752960205078125,-0.03515625,-0.04038379933047287,-0.20577824115753174
facebook_page_reference,original,memberctl_ukr_rus_lowest_sorted_s1,ukr_rus,1,no_bn_1,0.7056922912597656,0.6455078125,0.6351758793969849,0.6661790013313293,0.744476318359375,0.68359375,0.6811023622047244,0.8748005032539368,-0.038784027099609375,-0.0380859375,-0.04592648280773948,-0.20862150192260742
facebook_page_reference,original,memberctl_ukr_rus_lowest_sorted_s1,ukr_rus,1,post_relu_norm_only,0.7442626953125,0.6865234375,0.6849852796859667,0.8749945163726807,0.744476318359375,0.68359375,0.6811023622047244,0.8748005032539368,-0.000213623046875,0.0029296875,0.003882917481242254,0.00019401311874389648
facebook_page_reference,original,memberctl_ukr_rus_lowest_sorted_s1,ukr_rus,1,post_relu_direction_only,0.7459335327148438,0.681640625,0.6847195357833655,0.8262792825698853,0.744476318359375,0.68359375,0.6811023622047244,0.8748005032539368,0.00145721435546875,-0.001953125,0.0036171735786411086,-0.048521220684051514
facebook_page_reference,original,memberctl_ukr_rus_lowest_sorted_s1,ukr_rus,1,pre_meta_norm_only,0.7450027465820312,0.685546875,0.6836935166994106,0.8714512586593628,0.744476318359375,0.68359375,0.6811023622047244,0.8748005032539368,0.00052642822265625,0.001953125,0.0025911544946861653,-0.0033492445945739746
facebook_page_reference,original,memberctl_ukr_rus_lowest_sorted_s1,ukr_rus,1,pre_meta_direction_only,0.7457923889160156,0.681640625,0.6853281853281853,0.8289219737052917,0.744476318359375,0.68359375,0.6811023622047244,0.8748005032539368,0.001316070556640625,-0.001953125,0.00422582312346087,-0.04587852954864502
facebook_page_reference,original,memberctl_ukr_rus_lowest_sorted_s2,ukr_rus,2,scale_0,0.7376708984375,0.6689453125,0.6711930164888458,0.8716120719909668,0.7369155883789062,0.6708984375,0.6743961352657005,0.9374396800994873,0.00075531005859375,-0.001953125,-0.003203118776854752,-0.06582760810852051
facebook_page_reference,original,memberctl_ukr_rus_lowest_sorted_s2,ukr_rus,2,scale_1e-06,0.7376708984375,0.6689453125,0.6711930164888458,0.8716134428977966,0.7369155883789062,0.6708984375,0.6743961352657005,0.9374396800994873,0.00075531005859375,-0.001953125,-0.003203118776854752,-0.06582623720169067
facebook_page_reference,original,memberctl_ukr_rus_lowest_sorted_s2,ukr_rus,2,scale_0.0001,0.7376785278320312,0.66796875,0.6705426356589147,0.8717519640922546,0.7369155883789062,0.6708984375,0.6743961352657005,0.9374396800994873,0.000762939453125,-0.0029296875,-0.0038534996067858263,-0.06568771600723267
facebook_page_reference,original,memberctl_ukr_rus_lowest_sorted_s2,ukr_rus,2,scale_0.01,0.7380390167236328,0.6650390625,0.6679574056147144,0.8843599557876587,0.7369155883789062,0.6708984375,0.6743961352657005,0.9374396800994873,0.0011234283447265625,-0.005859375,-0.00643872965098613,-0.05307972431182861
facebook_page_reference,original,memberctl_ukr_rus_lowest_sorted_s2,ukr_rus,2,scale_0.1,0.7375450134277344,0.6689453125,0.6718296224588577,0.9242791533470154,0.7369155883789062,0.6708984375,0.6743961352657005,0.9374396800994873,0.000629425048828125,-0.001953125,-0.0025665128068428356,-0.013160526752471924
facebook_page_reference,original,memberctl_ukr_rus_lowest_sorted_s2,ukr_rus,2,scale_0.3,0.7370262145996094,0.669921875,0.6731141199226306,0.935562789440155,0.7369155883789062,0.6708984375,0.6743961352657005,0.9374396800994873,0.000110626220703125,-0.0009765625,-0.001282015343069931,-0.0018768906593322754
facebook_page_reference,original,memberctl_ukr_rus_lowest_sorted_s2,ukr_rus,2,scale_1,0.7369155883789062,0.6708984375,0.6743961352657005,0.9374396800994873,0.7369155883789062,0.6708984375,0.6743961352657005,0.9374396800994873,0.0,0.0,0.0,0.0
facebook_page_reference,original,memberctl_ukr_rus_lowest_sorted_s2,ukr_rus,2,bias_0.01,0.7378692626953125,0.6669921875,0.6698935140367861,0.8787094354629517,0.7369155883789062,0.6708984375,0.6743961352657005,0.9374396800994873,0.00095367431640625,-0.00390625,-0.004502621228914427,-0.058730244636535645
facebook_page_reference,original,memberctl_ukr_rus_lowest_sorted_s2,ukr_rus,2,bias_1,0.7363128662109375,0.66796875,0.6711798839458414,0.9528803825378418,0.7369155883789062,0.6708984375,0.6743961352657005,0.9374396800994873,-0.00060272216796875,-0.0029296875,-0.0032162513198591425,0.015440702438354492
facebook_page_reference,original,memberctl_ukr_rus_lowest_sorted_s2,ukr_rus,2,no_bn_0,0.7226219177246094,0.6513671875,0.6489675516224189,0.637525200843811,0.7369155883789062,0.6708984375,0.6743961352657005,0.9374396800994873,-0.014293670654296875,-0.01953125,-0.0254285836432816,-0.29991447925567627
facebook_page_reference,original,memberctl_ukr_rus_lowest_sorted_s2,ukr_rus,2,no_bn_1,0.7255325317382812,0.662109375,0.658102766798419,0.6417875289916992,0.7369155883789062,0.6708984375,0.6743961352657005,0.9374396800994873,-0.011383056640625,-0.0087890625,-0.016293368467281577,-0.2956521511077881
facebook_page_reference,original,memberctl_ukr_rus_lowest_sorted_s2,ukr_rus,2,post_relu_norm_only,0.737091064453125,0.6689453125,0.6730954676952748,0.9357264637947083,0.7369155883789062,0.6708984375,0.6743961352657005,0.9374396800994873,0.00017547607421875,-0.001953125,-0.0013006675704256843,-0.0017132163047790527
facebook_page_reference,original,memberctl_ukr_rus_lowest_sorted_s2,ukr_rus,2,post_relu_direction_only,0.7376823425292969,0.666015625,0.6679611650485436,0.8728722333908081,0.7369155883789062,0.6708984375,0.6743961352657005,0.9374396800994873,0.000766754150390625,-0.0048828125,-0.006434970217156888,-0.0645674467086792
facebook_page_reference,original,memberctl_ukr_rus_lowest_sorted_s2,ukr_rus,2,pre_meta_norm_only,0.7375946044921875,0.6728515625,0.6763285024154589,0.9340149164199829,0.7369155883789062,0.6708984375,0.6743961352657005,0.9374396800994873,0.00067901611328125,0.001953125,0.0019323671497584183,-0.0034247636795043945
facebook_page_reference,original,memberctl_ukr_rus_lowest_sorted_s2,ukr_rus,2,pre_meta_direction_only,0.7369422912597656,0.666015625,0.6679611650485436,0.8759158253669739,0.7369155883789062,0.6708984375,0.6743961352657005,0.9374396800994873,2.6702880859375e-05,-0.0048828125,-0.006434970217156888,-0.06152385473251343
facebook_page_reference,fresh,memberctl_cp_hk_lowest_sorted_s0,cp_hk,0,scale_0,0.6841888427734375,0.6357421875,0.6389157792836399,0.7202243208885193,0.6638412475585938,0.6142578125,0.6153846153846154,0.8475219011306763,0.02034759521484375,0.021484375,0.023531163899024432,-0.12729758024215698
facebook_page_reference,fresh,memberctl_cp_hk_lowest_sorted_s0,cp_hk,0,scale_1e-06,0.6841888427734375,0.6357421875,0.6389157792836399,0.7202283143997192,0.6638412475585938,0.6142578125,0.6153846153846154,0.8475219011306763,0.02034759521484375,0.021484375,0.023531163899024432,-0.12729358673095703
facebook_page_reference,fresh,memberctl_cp_hk_lowest_sorted_s0,cp_hk,0,scale_0.0001,0.6840553283691406,0.63671875,0.6402321083172147,0.720626175403595,0.6638412475585938,0.6142578125,0.6153846153846154,0.8475219011306763,0.020214080810546875,0.0224609375,0.024847492932599247,-0.1268957257270813
facebook_page_reference,fresh,memberctl_cp_hk_lowest_sorted_s0,cp_hk,0,scale_0.01,0.677398681640625,0.6298828125,0.633816425120773,0.7564727067947388,0.6638412475585938,0.6142578125,0.6153846153846154,0.8475219011306763,0.01355743408203125,0.015625,0.018431809736157545,-0.0910491943359375
facebook_page_reference,fresh,memberctl_cp_hk_lowest_sorted_s0,cp_hk,0,scale_0.1,0.6652679443359375,0.619140625,0.6206225680933852,0.8425940275192261,0.6638412475585938,0.6142578125,0.6153846153846154,0.8475219011306763,0.00142669677734375,0.0048828125,0.005237952708769811,-0.004927873611450195
facebook_page_reference,fresh,memberctl_cp_hk_lowest_sorted_s0,cp_hk,0,scale_0.3,0.6649131774902344,0.619140625,0.6213592233009708,0.8443668484687805,0.6638412475585938,0.6142578125,0.6153846153846154,0.8475219011306763,0.001071929931640625,0.0048828125,0.005974607916355401,-0.003155052661895752
facebook_page_reference,fresh,memberctl_cp_hk_lowest_sorted_s0,cp_hk,0,scale_1,0.6638412475585938,0.6142578125,0.6153846153846154,0.8475219011306763,0.6638412475585938,0.6142578125,0.6153846153846154,0.8475219011306763,0.0,0.0,0.0,0.0
facebook_page_reference,fresh,memberctl_cp_hk_lowest_sorted_s0,cp_hk,0,bias_0.01,0.6807975769042969,0.6328125,0.637065637065637,0.7332611680030823,0.6638412475585938,0.6142578125,0.6153846153846154,0.8475219011306763,0.016956329345703125,0.0185546875,0.021681021681021595,-0.114260733127594
facebook_page_reference,fresh,memberctl_cp_hk_lowest_sorted_s0,cp_hk,0,bias_1,0.6616287231445312,0.6162109375,0.6188166828322017,0.8548692464828491,0.6638412475585938,0.6142578125,0.6153846153846154,0.8475219011306763,-0.0022125244140625,0.001953125,0.0034320674475862845,0.0073473453521728516
facebook_page_reference,fresh,memberctl_cp_hk_lowest_sorted_s0,cp_hk,0,no_bn_0,0.642791748046875,0.599609375,0.5833333333333334,0.6750791072845459,0.6638412475585938,0.6142578125,0.6153846153846154,0.8475219011306763,-0.02104949951171875,-0.0146484375,-0.03205128205128205,-0.17244279384613037
facebook_page_reference,fresh,memberctl_cp_hk_lowest_sorted_s0,cp_hk,0,no_bn_1,0.6495018005371094,0.6142578125,0.5957011258955988,0.6758551597595215,0.6638412475585938,0.6142578125,0.6153846153846154,0.8475219011306763,-0.014339447021484375,0.0,-0.01968348948901666,-0.17166674137115479
facebook_page_reference,fresh,memberctl_cp_hk_lowest_sorted_s0,cp_hk,0,post_relu_norm_only,0.6653938293457031,0.623046875,0.623046875,0.8352144360542297,0.6638412475585938,0.6142578125,0.6153846153846154,0.8475219011306763,0.001552581787109375,0.0087890625,0.007662259615384581,-0.012307465076446533
facebook_page_reference,fresh,memberctl_cp_hk_lowest_sorted_s0,cp_hk,0,post_relu_direction_only,0.6840610504150391,0.634765625,0.634765625,0.7215917706489563,0.6638412475585938,0.6142578125,0.6153846153846154,0.8475219011306763,0.020219802856445312,0.0205078125,0.01938100961538458,-0.12593013048171997
facebook_page_reference,fresh,memberctl_cp_hk_lowest_sorted_s0,cp_hk,0,pre_meta_norm_only,0.6655998229980469,0.6181640625,0.6170421155729677,0.8392367959022522,0.6638412475585938,0.6142578125,0.6153846153846154,0.8475219011306763,0.001758575439453125,0.00390625,0.0016575001883523122,-0.008285105228424072
facebook_page_reference,fresh,memberctl_cp_hk_lowest_sorted_s0,cp_hk,0,pre_meta_direction_only,0.6821517944335938,0.638671875,0.6414728682170543,0.7283181548118591,0.6638412475585938,0.6142578125,0.6153846153846154,0.8475219011306763,0.018310546875,0.0244140625,0.026088252832438874,-0.11920374631881714
facebook_page_reference,fresh,memberctl_cp_hk_lowest_sorted_s1,cp_hk,1,scale_0,0.71026611328125,0.65234375,0.65234375,0.7149205207824707,0.6980476379394531,0.6435546875,0.6459747817652765,0.8505321741104126,0.012218475341796875,0.0087890625,0.006368968234723549,-0.1356116533279419
facebook_page_reference,fresh,memberctl_cp_hk_lowest_sorted_s1,cp_hk,1,scale_1e-06,0.7102622985839844,0.65234375,0.65234375,0.714921772480011,0.6980476379394531,0.6435546875,0.6459747817652765,0.8505321741104126,0.01221466064453125,0.0087890625,0.006368968234723549,-0.1356104016304016
facebook_page_reference,fresh,memberctl_cp_hk_lowest_sorted_s1,cp_hk,1,scale_0.0001,0.7102699279785156,0.65234375,0.65234375,0.715049147605896,0.6980476379394531,0.6435546875,0.6459747817652765,0.8505321741104126,0.0122222900390625,0.0087890625,0.006368968234723549,-0.1354830265045166
facebook_page_reference,fresh,memberctl_cp_hk_lowest_sorted_s1,cp_hk,1,scale_0.01,0.710174560546875,0.6611328125,0.6601371204701273,0.7312191724777222,0.6980476379394531,0.6435546875,0.6459747817652765,0.8505321741104126,0.012126922607421875,0.017578125,0.014162338704850841,-0.11931300163269043
facebook_page_reference,fresh,memberctl_cp_hk_lowest_sorted_s1,cp_hk,1,scale_0.1,0.7030563354492188,0.642578125,0.6439688715953308,0.8121560215950012,0.6980476379394531,0.6435546875,0.6459747817652765,0.8505321741104126,0.005008697509765625,-0.0009765625,-0.0020059101699456683,-0.03837615251541138
facebook_page_reference,fresh,memberctl_cp_hk_lowest_sorted_s1,cp_hk,1,scale_0.3,0.6983222961425781,0.6435546875,0.6459747817652765,0.8496602177619934,0.6980476379394531,0.6435546875,0.6459747817652765,0.8505321741104126,0.000274658203125,0.0,0.0,-0.0008719563484191895
facebook_page_reference,fresh,memberctl_cp_hk_lowest_sorted_s1,cp_hk,1,scale_1,0.6980476379394531,0.6435546875,0.6459747817652765,0.8505321741104126,0.6980476379394531,0.6435546875,0.6459747817652765,0.8505321741104126,0.0,0.0,0.0,0.0
facebook_page_reference,fresh,memberctl_cp_hk_lowest_sorted_s1,cp_hk,1,bias_0.01,0.7102775573730469,0.66015625,0.6581532416502947,0.7240850925445557,0.6980476379394531,0.6435546875,0.6459747817652765,0.8505321741104126,0.01222991943359375,0.0166015625,0.0121784598850182,-0.12644708156585693
facebook_page_reference,fresh,memberctl_cp_hk_lowest_sorted_s1,cp_hk,1,bias_1,0.6994285583496094,0.6484375,0.6484375,0.8504712581634521,0.6980476379394531,0.6435546875,0.6459747817652765,0.8505321741104126,0.00138092041015625,0.0048828125,0.0024627182347235488,-6.091594696044922e-05
facebook_page_reference,fresh,memberctl_cp_hk_lowest_sorted_s1,cp_hk,1,no_bn_0,0.6416511535644531,0.578125,0.5722772277227722,0.7487487196922302,0.6980476379394531,0.6435546875,0.6459747817652765,0.8505321741104126,-0.056396484375,-0.0654296875,-0.07369755404250422,-0.10178345441818237
facebook_page_reference,fresh,memberctl_cp_hk_lowest_sorted_s1,cp_hk,1,no_bn_1,0.6528167724609375,0.609375,0.5943204868154158,0.7647167444229126,0.6980476379394531,0.6435546875,0.6459747817652765,0.8505321741104126,-0.045230865478515625,-0.0341796875,-0.051654294949860624,-0.0858154296875
facebook_page_reference,fresh,memberctl_cp_hk_lowest_sorted_s1,cp_hk,1,post_relu_norm_only,0.6991043090820312,0.642578125,0.6418786692759295,0.8393861055374146,0.6980476379394531,0.6435546875,0.6459747817652765,0.8505321741104126,0.001056671142578125,-0.0009765625,-0.004096112489346937,-0.011146068572998047
facebook_page_reference,fresh,memberctl_cp_hk_lowest_sorted_s1,cp_hk,1,post_relu_direction_only,0.7103805541992188,0.6533203125,0.6529814271749755,0.7142279148101807,0.6980476379394531,0.6435546875,0.6459747817652765,0.8505321741104126,0.012332916259765625,0.009765625,0.007006645409699086,-0.13630425930023193
facebook_page_reference,fresh,memberctl_cp_hk_lowest_sorted_s1,cp_hk,1,pre_meta_norm_only,0.7004928588867188,0.642578125,0.6453488372093024,0.8412708044052124,0.6980476379394531,0.6435546875,0.6459747817652765,0.8505321741104126,0.002445220947265625,-0.0009765625,-0.0006259445559740895,-0.009261369705200195
facebook_page_reference,fresh,memberctl_cp_hk_lowest_sorted_s1,cp_hk,1,pre_meta_direction_only,0.7076263427734375,0.654296875,0.6529411764705882,0.7257765531539917,0.6980476379394531,0.6435546875,0.6459747817652765,0.8505321741104126,0.009578704833984375,0.0107421875,0.006966394705311796,-0.1247556209564209
facebook_page_reference,fresh,memberctl_cp_hk_lowest_sorted_s2,cp_hk,2,scale_0,0.733489990234375,0.673828125,0.6686507936507936,0.6534428000450134,0.7206954956054688,0.6630859375,0.6553446553446554,0.7808799743652344,0.01279449462890625,0.0107421875,0.013306138306138249,-0.12743717432022095
facebook_page_reference,fresh,memberctl_cp_hk_lowest_sorted_s2,cp_hk,2,scale_1e-06,0.733489990234375,0.673828125,0.6686507936507936,0.653444766998291,0.7206954956054688,0.6630859375,0.6553446553446554,0.7808799743652344,0.01279449462890625,0.0107421875,0.013306138306138249,-0.12743520736694336
facebook_page_reference,fresh,memberctl_cp_hk_lowest_sorted_s2,cp_hk,2,scale_0.0001,0.7334785461425781,0.673828125,0.6686507936507936,0.6536509394645691,0.7206954956054688,0.6630859375,0.6553446553446554,0.7808799743652344,0.012783050537109375,0.0107421875,0.013306138306138249,-0.12722903490066528
facebook_page_reference,fresh,memberctl_cp_hk_lowest_sorted_s2,cp_hk,2,scale_0.01,0.7310714721679688,0.66796875,0.6620278330019881,0.6772974133491516,0.7206954956054688,0.6630859375,0.6553446553446554,0.7808799743652344,0.0103759765625,0.0048828125,0.006683177657332728,-0.10358256101608276
facebook_page_reference,fresh,memberctl_cp_hk_lowest_sorted_s2,cp_hk,2,scale_0.1,0.7224617004394531,0.6611328125,0.649848637739657,0.7690560817718506,0.7206954956054688,0.6630859375,0.6553446553446554,0.7808799743652344,0.001766204833984375,-0.001953125,-0.005496017604998404,-0.011823892593383789
facebook_page_reference,fresh,memberctl_cp_hk_lowest_sorted_s2,cp_hk,2,scale_0.3,0.7213134765625,0.6611328125,0.6533466533466533,0.7807724475860596,0.7206954956054688,0.6630859375,0.6553446553446554,0.7808799743652344,0.00061798095703125,-0.001953125,-0.0019980019980020414,-0.00010752677917480469
facebook_page_reference,fresh,memberctl_cp_hk_lowest_sorted_s2,cp_hk,2,scale_1,0.7206954956054688,0.6630859375,0.6553446553446554,0.7808799743652344,0.7206954956054688,0.6630859375,0.6553446553446554,0.7808799743652344,0.0,0.0,0.0,0.0
facebook_page_reference,fresh,memberctl_cp_hk_lowest_sorted_s2,cp_hk,2,bias_0.01,0.7328643798828125,0.6708984375,0.6646766169154229,0.6599707007408142,0.7206954956054688,0.6630859375,0.6553446553446554,0.7808799743652344,0.01216888427734375,0.0078125,0.009331961570767544,-0.12090927362442017
facebook_page_reference,fresh,memberctl_cp_hk_lowest_sorted_s2,cp_hk,2,bias_1,0.7202987670898438,0.662109375,0.654,0.7810046672821045,0.7206954956054688,0.6630859375,0.6553446553446554,0.7808799743652344,-0.000396728515625,-0.0009765625,-0.0013446553446553322,0.0001246929168701172
facebook_page_reference,fresh,memberctl_cp_hk_lowest_sorted_s2,cp_hk,2,no_bn_0,0.6801834106445312,0.619140625,0.608433734939759,0.6463780403137207,0.7206954956054688,0.6630859375,0.6553446553446554,0.7808799743652344,-0.0405120849609375,-0.0439453125,-0.046910920404896306,-0.13450193405151367
facebook_page_reference,fresh,memberctl_cp_hk_lowest_sorted_s2,cp_hk,2,no_bn_1,0.6630096435546875,0.595703125,0.5792682926829268,0.6828014850616455,0.7206954956054688,0.6630859375,0.6553446553446554,0.7808799743652344,-0.05768585205078125,-0.0673828125,-0.07607636266172857,-0.09807848930358887
facebook_page_reference,fresh,memberctl_cp_hk_lowest_sorted_s2,cp_hk,2,post_relu_norm_only,0.7229995727539062,0.662109375,0.6533066132264529,0.7651959657669067,0.7206954956054688,0.6630859375,0.6553446553446554,0.7808799743652344,0.0023040771484375,-0.0009765625,-0.0020380421182024655,-0.015684008598327637
facebook_page_reference,fresh,memberctl_cp_hk_lowest_sorted_s2,cp_hk,2,post_relu_direction_only,0.7322654724121094,0.671875,0.6679841897233202,0.6561298370361328,0.7206954956054688,0.6630859375,0.6553446553446554,0.7808799743652344,0.011569976806640625,0.0087890625,0.01263953437866483,-0.12475013732910156
facebook_page_reference,fresh,memberctl_cp_hk_lowest_sorted_s2,cp_hk,2,pre_meta_norm_only,0.7190818786621094,0.66015625,0.6526946107784432,0.7851605415344238,0.7206954956054688,0.6630859375,0.6553446553446554,0.7808799743652344,-0.001613616943359375,-0.0029296875,-0.0026500445662122063,0.004280567169189453
facebook_page_reference,fresh,memberctl_cp_hk_lowest_sorted_s2,cp_hk,2,pre_meta_direction_only,0.7330245971679688,0.66796875,0.6620278330019881,0.6562464833259583,0.7206954956054688,0.6630859375,0.6553446553446554,0.7808799743652344,0.0123291015625,0.0048828125,0.006683177657332728,-0.12463349103927612
facebook_page_reference,fresh,memberctl_ukr_rus_lowest_sorted_s0,ukr_rus,0,scale_0,0.7479743957519531,0.6884765625,0.6875612144955926,0.7960055470466614,0.7445411682128906,0.6826171875,0.6816846229187071,0.823398232460022,0.0034332275390625,0.005859375,0.00587659157688547,-0.027392685413360596
facebook_page_reference,fresh,memberctl_ukr_rus_lowest_sorted_s0,ukr_rus,0,scale_1e-06,0.7479743957519531,0.6884765625,0.6875612144955926,0.7960063815116882,0.7445411682128906,0.6826171875,0.6816846229187071,0.823398232460022,0.0034332275390625,0.005859375,0.00587659157688547,-0.02739185094833374
facebook_page_reference,fresh,memberctl_ukr_rus_lowest_sorted_s0,ukr_rus,0,scale_0.0001,0.7479820251464844,0.6884765625,0.6875612144955926,0.7960841655731201,0.7445411682128906,0.6826171875,0.6816846229187071,0.823398232460022,0.00344085693359375,0.005859375,0.00587659157688547,-0.027314066886901855
facebook_page_reference,fresh,memberctl_ukr_rus_lowest_sorted_s0,ukr_rus,0,scale_0.01,0.7476081848144531,0.6806640625,0.6803519061583577,0.8024735450744629,0.7445411682128906,0.6826171875,0.6816846229187071,0.823398232460022,0.0030670166015625,-0.001953125,-0.0013327167603494061,-0.020924687385559082
facebook_page_reference,fresh,memberctl_ukr_rus_lowest_sorted_s0,ukr_rus,0,scale_0.1,0.7450103759765625,0.6826171875,0.6810598626104023,0.8192781209945679,0.7445411682128906,0.6826171875,0.6816846229187071,0.823398232460022,0.000469207763671875,0.0,-0.0006247603083048281,-0.0041201114654541016
facebook_page_reference,fresh,memberctl_ukr_rus_lowest_sorted_s0,ukr_rus,0,scale_0.3,0.7443962097167969,0.6826171875,0.6810598626104023,0.8221997022628784,0.7445411682128906,0.6826171875,0.6816846229187071,0.823398232460022,-0.00014495849609375,0.0,-0.0006247603083048281,-0.0011985301971435547
facebook_page_reference,fresh,memberctl_ukr_rus_lowest_sorted_s0,ukr_rus,0,scale_1,0.7445411682128906,0.6826171875,0.6816846229187071,0.823398232460022,0.7445411682128906,0.6826171875,0.6816846229187071,0.823398232460022,0.0,0.0,0.0,0.0
facebook_page_reference,fresh,memberctl_ukr_rus_lowest_sorted_s0,ukr_rus,0,bias_0.01,0.7476577758789062,0.6875,0.6868884540117417,0.7988536357879639,0.7445411682128906,0.6826171875,0.6816846229187071,0.823398232460022,0.003116607666015625,0.0048828125,0.005203831093034572,-0.024544596672058105
facebook_page_reference,fresh,memberctl_ukr_rus_lowest_sorted_s0,ukr_rus,0,bias_1,0.7425308227539062,0.68359375,0.6811023622047244,0.8305593132972717,0.7445411682128906,0.6826171875,0.6816846229187071,0.823398232460022,-0.002010345458984375,0.0009765625,-0.0005822607139827074,0.007161080837249756
facebook_page_reference,fresh,memberctl_ukr_rus_lowest_sorted_s0,ukr_rus,0,no_bn_0,0.7273788452148438,0.6640625,0.667953667953668,0.6426193714141846,0.7445411682128906,0.6826171875,0.6816846229187071,0.823398232460022,-0.017162322998046875,-0.0185546875,-0.013730954965039177,-0.1807788610458374
facebook_page_reference,fresh,memberctl_ukr_rus_lowest_sorted_s0,ukr_rus,0,no_bn_1,0.7266731262207031,0.669921875,0.6724806201550387,0.6426832675933838,0.7445411682128906,0.6826171875,0.6816846229187071,0.823398232460022,-0.0178680419921875,-0.0126953125,-0.009204002763668395,-0.18071496486663818
facebook_page_reference,fresh,memberctl_ukr_rus_lowest_sorted_s0,ukr_rus,0,post_relu_norm_only,0.7441482543945312,0.68359375,0.6817288801571709,0.823561429977417,0.7445411682128906,0.6826171875,0.6816846229187071,0.823398232460022,-0.000392913818359375,0.0009765625,4.4257238463796256e-05,0.00016319751739501953
facebook_page_reference,fresh,memberctl_ukr_rus_lowest_sorted_s0,ukr_rus,0,post_relu_direction_only,0.7483367919921875,0.6875,0.6868884540117417,0.7963166236877441,0.7445411682128906,0.6826171875,0.6816846229187071,0.823398232460022,0.003795623779296875,0.0048828125,0.005203831093034572,-0.027081608772277832
facebook_page_reference,fresh,memberctl_ukr_rus_lowest_sorted_s0,ukr_rus,0,pre_meta_norm_only,0.7443504333496094,0.68359375,0.6817288801571709,0.8209981918334961,0.7445411682128906,0.6826171875,0.6816846229187071,0.823398232460022,-0.00019073486328125,0.0009765625,4.4257238463796256e-05,-0.002400040626525879
facebook_page_reference,fresh,memberctl_ukr_rus_lowest_sorted_s0,ukr_rus,0,pre_meta_direction_only,0.7478523254394531,0.6875,0.6881091617933723,0.7987498641014099,0.7445411682128906,0.6826171875,0.6816846229187071,0.823398232460022,0.0033111572265625,0.0048828125,0.006424538874665209,-0.02464836835861206
facebook_page_reference,fresh,memberctl_ukr_rus_lowest_sorted_s1,ukr_rus,1,scale_0,0.7470016479492188,0.6767578125,0.6758080313418218,0.8368962407112122,0.7436065673828125,0.6708984375,0.6686332350049164,0.8827131986618042,0.00339508056640625,0.005859375,0.00717479633690532,-0.04581695795059204
facebook_page_reference,fresh,memberctl_ukr_rus_lowest_sorted_s1,ukr_rus,1,scale_1e-06,0.7470016479492188,0.6767578125,0.6758080313418218,0.8368976712226868,0.7436065673828125,0.6708984375,0.6686332350049164,0.8827131986618042,0.00339508056640625,0.005859375,0.00717479633690532,-0.04581552743911743
facebook_page_reference,fresh,memberctl_ukr_rus_lowest_sorted_s1,ukr_rus,1,scale_0.0001,0.746978759765625,0.6767578125,0.6758080313418218,0.8370431661605835,0.7436065673828125,0.6708984375,0.6686332350049164,0.8827131986618042,0.0033721923828125,0.005859375,0.00717479633690532,-0.0456700325012207
facebook_page_reference,fresh,memberctl_ukr_rus_lowest_sorted_s1,ukr_rus,1,scale_0.01,0.746429443359375,0.6796875,0.6784313725490196,0.8484141230583191,0.7436065673828125,0.6708984375,0.6686332350049164,0.8827131986618042,0.0028228759765625,0.0087890625,0.009798137544103191,-0.03429907560348511
facebook_page_reference,fresh,memberctl_ukr_rus_lowest_sorted_s1,ukr_rus,1,scale_0.1,0.744476318359375,0.6689453125,0.6673209028459274,0.8770642876625061,0.7436065673828125,0.6708984375,0.6686332350049164,0.8827131986618042,0.0008697509765625,-0.001953125,-0.0013123321589890713,-0.005648910999298096
facebook_page_reference,fresh,memberctl_ukr_rus_lowest_sorted_s1,ukr_rus,1,scale_0.3,0.7439804077148438,0.669921875,0.6679764243614931,0.8809208869934082,0.7436065673828125,0.6708984375,0.6686332350049164,0.8827131986618042,0.00037384033203125,-0.0009765625,-0.0006568106434233778,-0.001792311668395996
facebook_page_reference,fresh,memberctl_ukr_rus_lowest_sorted_s1,ukr_rus,1,scale_1,0.7436065673828125,0.6708984375,0.6686332350049164,0.8827131986618042,0.7436065673828125,0.6708984375,0.6686332350049164,0.8827131986618042,0.0,0.0,0.0,0.0
facebook_page_reference,fresh,memberctl_ukr_rus_lowest_sorted_s1,ukr_rus,1,bias_0.01,0.7466812133789062,0.6796875,0.6777996070726916,0.8423805236816406,0.7436065673828125,0.6708984375,0.6686332350049164,0.8827131986618042,0.00307464599609375,0.0087890625,0.009166372067775153,-0.040332674980163574
facebook_page_reference,fresh,memberctl_ukr_rus_lowest_sorted_s1,ukr_rus,1,bias_1,0.7427444458007812,0.66796875,0.6660117878192534,0.8931488394737244,0.7436065673828125,0.6708984375,0.6686332350049164,0.8827131986618042,-0.00086212158203125,-0.0029296875,-0.0026214471856630395,0.010435640811920166
facebook_page_reference,fresh,memberctl_ukr_rus_lowest_sorted_s1,ukr_rus,1,no_bn_0,0.7062110900878906,0.650390625,0.6490196078431373,0.6746627688407898,0.7436065673828125,0.6708984375,0.6686332350049164,0.8827131986618042,-0.037395477294921875,-0.0205078125,-0.019613627161779168,-0.2080504298210144
facebook_page_reference,fresh,memberctl_ukr_rus_lowest_sorted_s1,ukr_rus,1,no_bn_1,0.7030868530273438,0.646484375,0.6429980276134122,0.6765122413635254,0.7436065673828125,0.6708984375,0.6686332350049164,0.8827131986618042,-0.04051971435546875,-0.0244140625,-0.025635207391504267,-0.2062009572982788
facebook_page_reference,fresh,memberctl_ukr_rus_lowest_sorted_s1,ukr_rus,1,post_relu_norm_only,0.7437515258789062,0.671875,0.6692913385826772,0.8831507563591003,0.7436065673828125,0.6708984375,0.6686332350049164,0.8827131986618042,0.00014495849609375,0.0009765625,0.0006581035777607491,0.0004375576972961426
facebook_page_reference,fresh,memberctl_ukr_rus_lowest_sorted_s1,ukr_rus,1,post_relu_direction_only,0.7467536926269531,0.677734375,0.6764705882352942,0.8369120955467224,0.7436065673828125,0.6708984375,0.6686332350049164,0.8827131986618042,0.003147125244140625,0.0068359375,0.007837353230377708,-0.04580110311508179
facebook_page_reference,fresh,memberctl_ukr_rus_lowest_sorted_s1,ukr_rus,1,pre_meta_norm_only,0.7434043884277344,0.66796875,0.6640316205533597,0.880443811416626,0.7436065673828125,0.6708984375,0.6686332350049164,0.8827131986618042,-0.000202178955078125,-0.0029296875,-0.0046016144515567126,-0.0022693872451782227
facebook_page_reference,fresh,memberctl_ukr_rus_lowest_sorted_s1,ukr_rus,1,pre_meta_direction_only,0.7476997375488281,0.677734375,0.6758349705304518,0.8373688459396362,0.7436065673828125,0.6708984375,0.6686332350049164,0.8827131986618042,0.004093170166015625,0.0068359375,0.00720173552553538,-0.04534435272216797
facebook_page_reference,fresh,memberctl_ukr_rus_lowest_sorted_s2,ukr_rus,2,scale_0,0.7538108825683594,0.6826171875,0.6791707798617966,0.8345142602920532,0.7524681091308594,0.6787109375,0.6719840478564307,0.8992229700088501,0.0013427734375,0.00390625,0.007186732005365903,-0.06470870971679688
facebook_page_reference,fresh,memberctl_ukr_rus_lowest_sorted_s2,ukr_rus,2,scale_1e-06,0.7538108825683594,0.6826171875,0.6791707798617966,0.8345155119895935,0.7524681091308594,0.6787109375,0.6719840478564307,0.8992229700088501,0.0013427734375,0.00390625,0.007186732005365903,-0.06470745801925659
facebook_page_reference,fresh,memberctl_ukr_rus_lowest_sorted_s2,ukr_rus,2,scale_0.0001,0.7537994384765625,0.6826171875,0.6791707798617966,0.8346402645111084,0.7524681091308594,0.6787109375,0.6719840478564307,0.8992229700088501,0.001331329345703125,0.00390625,0.007186732005365903,-0.0645827054977417
facebook_page_reference,fresh,memberctl_ukr_rus_lowest_sorted_s2,ukr_rus,2,scale_0.01,0.7540931701660156,0.681640625,0.6778656126482213,0.8463171720504761,0.7524681091308594,0.6787109375,0.6719840478564307,0.8992229700088501,0.00162506103515625,0.0029296875,0.005881564791790583,-0.05290579795837402
facebook_page_reference,fresh,memberctl_ukr_rus_lowest_sorted_s2,ukr_rus,2,scale_0.1,0.7527923583984375,0.677734375,0.6719681908548708,0.8877891302108765,0.7524681091308594,0.6787109375,0.6719840478564307,0.8992229700088501,0.000324249267578125,-0.0009765625,-1.5857001559926864e-05,-0.011433839797973633
facebook_page_reference,fresh,memberctl_ukr_rus_lowest_sorted_s2,ukr_rus,2,scale_0.3,0.7519111633300781,0.6796875,0.6733067729083665,0.8998416066169739,0.7524681091308594,0.6787109375,0.6719840478564307,0.8992229700088501,-0.00055694580078125,0.0009765625,0.001322725051935758,0.0006186366081237793
facebook_page_reference,fresh,memberctl_ukr_rus_lowest_sorted_s2,ukr_rus,2,scale_1,0.7524681091308594,0.6787109375,0.6719840478564307,0.8992229700088501,0.7524681091308594,0.6787109375,0.6719840478564307,0.8992229700088501,0.0,0.0,0.0,0.0
facebook_page_reference,fresh,memberctl_ukr_rus_lowest_sorted_s2,ukr_rus,2,bias_0.01,0.7539443969726562,0.6826171875,0.6791707798617966,0.8408880233764648,0.7524681091308594,0.6787109375,0.6719840478564307,0.8992229700088501,0.001476287841796875,0.00390625,0.007186732005365903,-0.058334946632385254
facebook_page_reference,fresh,memberctl_ukr_rus_lowest_sorted_s2,ukr_rus,2,bias_1,0.7529563903808594,0.6806640625,0.6746268656716418,0.9102509021759033,0.7524681091308594,0.6787109375,0.6719840478564307,0.8992229700088501,0.00048828125,0.001953125,0.0026428178152110293,0.011027932167053223
facebook_page_reference,fresh,memberctl_ukr_rus_lowest_sorted_s2,ukr_rus,2,no_bn_0,0.7247276306152344,0.6533203125,0.6563407550822846,0.6460772156715393,0.7524681091308594,0.6787109375,0.6719840478564307,0.8992229700088501,-0.027740478515625,-0.025390625,-0.01564329277414611,-0.2531457543373108
facebook_page_reference,fresh,memberctl_ukr_rus_lowest_sorted_s2,ukr_rus,2,no_bn_1,0.7244911193847656,0.6494140625,0.6517943743937924,0.6564288139343262,0.7524681091308594,0.6787109375,0.6719840478564307,0.8992229700088501,-0.02797698974609375,-0.029296875,-0.020189673462638336,-0.24279415607452393
facebook_page_reference,fresh,memberctl_ukr_rus_lowest_sorted_s2,ukr_rus,2,post_relu_norm_only,0.75238037109375,0.67578125,0.6693227091633466,0.8984325528144836,0.7524681091308594,0.6787109375,0.6719840478564307,0.8992229700088501,-8.7738037109375e-05,-0.0029296875,-0.0026613386930841587,-0.0007904171943664551
facebook_page_reference,fresh,memberctl_ukr_rus_lowest_sorted_s2,ukr_rus,2,post_relu_direction_only,0.7536163330078125,0.6806640625,0.677832512315271,0.8347054719924927,0.7524681091308594,0.6787109375,0.6719840478564307,0.8992229700088501,0.001148223876953125,0.001953125,0.005848464458840241,-0.06451749801635742
facebook_page_reference,fresh,memberctl_ukr_rus_lowest_sorted_s2,ukr_rus,2,pre_meta_norm_only,0.7526397705078125,0.6806640625,0.6733266733266733,0.8960853219032288,0.7524681091308594,0.6787109375,0.6719840478564307,0.8992229700088501,0.000171661376953125,0.001953125,0.0013426254702425533,-0.003137648105621338
facebook_page_reference,fresh,memberctl_ukr_rus_lowest_sorted_s2,ukr_rus,2,pre_meta_direction_only,0.7533454895019531,0.681640625,0.6772277227722773,0.8378682136535645,0.7524681091308594,0.6787109375,0.6719840478564307,0.8992229700088501,0.00087738037109375,0.0029296875,0.005243674915846541,-0.061354756355285645
