pretraining_objective	evaluation_task	composition_type	run_id	mixture_size	sources	source_a	source_b	excluded_source	target	auc	comparison_singleton_auc	delta_vs_comparison_singleton	checkpoint_step	best_validation_loss	training_elapsed_seconds
lp	classification	matrix_singleton	ss_ukr_rus_twitter	1	ukr_rus_twitter				covid_political	0.8851307200191771			3250	0.6592538058757782	440.07852862001164
lp	classification	matrix_singleton	ss_ukr_rus_twitter	1	ukr_rus_twitter				election2020	0.9513324158465819			3250	0.6592538058757782	440.07852862001164
lp	classification	matrix_singleton	ss_ukr_rus_twitter	1	ukr_rus_twitter				facebook_page_reference	0.8032932688842916			3250	0.6592538058757782	440.07852862001164
lp	classification	matrix_singleton	ss_ukr_rus_twitter	1	ukr_rus_twitter				twibot20	0.5691843097357765			3250	0.6592538058757782	440.07852862001164
lp	classification	matrix_singleton	ss_ukr_rus_twitter	1	ukr_rus_twitter				ukr_rus_suspended	0.544663940967283			3250	0.6592538058757782	440.07852862001164
lp	classification	matrix_singleton	ss_covid19_twitter	1	covid19_twitter				covid_political	0.9030774803683631			3500	0.6562536418437958	329.96712432597997
lp	classification	matrix_singleton	ss_covid19_twitter	1	covid19_twitter				election2020	0.9736161472309725			3500	0.6562536418437958	329.96712432597997
lp	classification	matrix_singleton	ss_covid19_twitter	1	covid19_twitter				facebook_page_reference	0.8159432391388971			3500	0.6562536418437958	329.96712432597997
lp	classification	matrix_singleton	ss_covid19_twitter	1	covid19_twitter				twibot20	0.575793087169747			3500	0.6562536418437958	329.96712432597997
lp	classification	matrix_singleton	ss_covid19_twitter	1	covid19_twitter				ukr_rus_suspended	0.532385876167032			3500	0.6562536418437958	329.96712432597997
lp	classification	matrix_singleton	ss_midterm	1	midterm				covid_political	0.9244817243438279			2500	0.6719820410013199	201.34883754100883
lp	classification	matrix_singleton	ss_midterm	1	midterm				election2020	0.9810867650556823			2500	0.6719820410013199	201.34883754100883
lp	classification	matrix_singleton	ss_midterm	1	midterm				facebook_page_reference	0.8146844121555451			2500	0.6719820410013199	201.34883754100883
lp	classification	matrix_singleton	ss_midterm	1	midterm				twibot20	0.5949925953299472			2500	0.6719820410013199	201.34883754100883
lp	classification	matrix_singleton	ss_midterm	1	midterm				ukr_rus_suspended	0.5268917546727102			2500	0.6719820410013199	201.34883754100883
lp	classification	matrix_singleton	ss_covid_political	1	covid_political				covid_political	0.9045243657503319			3000	0.6511850833892823	119.66204165900126
lp	classification	matrix_singleton	ss_covid_political	1	covid_political				election2020	0.9802512966826327			3000	0.6511850833892823	119.66204165900126
lp	classification	matrix_singleton	ss_covid_political	1	covid_political				facebook_page_reference	0.7844526624881774			3000	0.6511850833892823	119.66204165900126
lp	classification	matrix_singleton	ss_covid_political	1	covid_political				twibot20	0.663361340134341			3000	0.6511850833892823	119.66204165900126
lp	classification	matrix_singleton	ss_covid_political	1	covid_political				ukr_rus_suspended	0.5232361092638722			3000	0.6511850833892823	119.66204165900126
lp	classification	matrix_singleton	ss_election2020	1	election2020				covid_political	0.8410629559167588			3250	0.6642004936933518	539.1897928229882
lp	classification	matrix_singleton	ss_election2020	1	election2020				election2020	0.966387982402749			3250	0.6642004936933518	539.1897928229882
lp	classification	matrix_singleton	ss_election2020	1	election2020				facebook_page_reference	0.7198610587616259			3250	0.6642004936933518	539.1897928229882
lp	classification	matrix_singleton	ss_election2020	1	election2020				twibot20	0.6488909075909332			3250	0.6642004936933518	539.1897928229882
lp	classification	matrix_singleton	ss_election2020	1	election2020				ukr_rus_suspended	0.5150915653275271			3250	0.6642004936933518	539.1897928229882
lp	classification	matrix_singleton	ss_ukr_rus_suspended	1	ukr_rus_suspended				covid_political	0.8846049337270895			3250	0.680508342385292	267.073773290962
lp	classification	matrix_singleton	ss_ukr_rus_suspended	1	ukr_rus_suspended				election2020	0.9693388668598826			3250	0.680508342385292	267.073773290962
lp	classification	matrix_singleton	ss_ukr_rus_suspended	1	ukr_rus_suspended				facebook_page_reference	0.791749097966609			3250	0.680508342385292	267.073773290962
lp	classification	matrix_singleton	ss_ukr_rus_suspended	1	ukr_rus_suspended				twibot20	0.5978579047204622			3250	0.680508342385292	267.073773290962
lp	classification	matrix_singleton	ss_ukr_rus_suspended	1	ukr_rus_suspended				ukr_rus_suspended	0.5215077989990242			3250	0.680508342385292	267.073773290962
lp	classification	matrix_singleton	ss_twibot20	1	twibot20				covid_political	0.9219755169980334			4250	0.6520013362169266	587.9697536189924
lp	classification	matrix_singleton	ss_twibot20	1	twibot20				election2020	0.982391265782681			4250	0.6520013362169266	587.9697536189924
lp	classification	matrix_singleton	ss_twibot20	1	twibot20				facebook_page_reference	0.8037955876776777			4250	0.6520013362169266	587.9697536189924
lp	classification	matrix_singleton	ss_twibot20	1	twibot20				twibot20	0.5832764900918863			4250	0.6520013362169266	587.9697536189924
lp	classification	matrix_singleton	ss_twibot20	1	twibot20				ukr_rus_suspended	0.53236778756013			4250	0.6520013362169266	587.9697536189924
lp	classification	matrix_singleton	ss_cp_hk_twitter	1	cp_hk_twitter				covid_political	0.8716532319309402			3250	0.6541358262300492	240.01476752199233
lp	classification	matrix_singleton	ss_cp_hk_twitter	1	cp_hk_twitter				election2020	0.9164288296841333			3250	0.6541358262300492	240.01476752199233
lp	classification	matrix_singleton	ss_cp_hk_twitter	1	cp_hk_twitter				facebook_page_reference	0.8003954841867599			3250	0.6541358262300492	240.01476752199233
lp	classification	matrix_singleton	ss_cp_hk_twitter	1	cp_hk_twitter				twibot20	0.6608597576981772			3250	0.6541358262300492	240.01476752199233
lp	classification	matrix_singleton	ss_cp_hk_twitter	1	cp_hk_twitter				ukr_rus_suspended	0.5148136229150067			3250	0.6541358262300492	240.01476752199233
lp	classification	matrix_singleton	ss_facebook_page_reference	1	facebook_page_reference				covid_political	0.896615630532612			4250	0.6532071381807327	167.47415348800132
lp	classification	matrix_singleton	ss_facebook_page_reference	1	facebook_page_reference				election2020	0.962812320753227			4250	0.6532071381807327	167.47415348800132
lp	classification	matrix_singleton	ss_facebook_page_reference	1	facebook_page_reference				facebook_page_reference	0.7761974667338939			4250	0.6532071381807327	167.47415348800132
lp	classification	matrix_singleton	ss_facebook_page_reference	1	facebook_page_reference				twibot20	0.6117983916277895			4250	0.6532071381807327	167.47415348800132
lp	classification	matrix_singleton	ss_facebook_page_reference	1	facebook_page_reference				ukr_rus_suspended	0.5177015001586351			4250	0.6532071381807327	167.47415348800132
lp	classification	pair	pair_ukr_rus_twitter__covid19_twitter	2	ukr_rus_twitter,covid19_twitter	ukr_rus_twitter	covid19_twitter		covid_political	0.9055423514516727	0.9030774803683631	0.0024648710833096166	4250	0.6597958222031594	505.4782942759921
lp	classification	pair	pair_ukr_rus_twitter__covid19_twitter	2	ukr_rus_twitter,covid19_twitter	ukr_rus_twitter	covid19_twitter		election2020	0.9703153991763243	0.9736161472309725	-0.003300748054648195	4250	0.6597958222031594	505.4782942759921
lp	classification	pair	pair_ukr_rus_twitter__covid19_twitter	2	ukr_rus_twitter,covid19_twitter	ukr_rus_twitter	covid19_twitter		facebook_page_reference	0.8114612030137546	0.8159432391388971	-0.00448203612514253	4250	0.6597958222031594	505.4782942759921
lp	classification	pair	pair_ukr_rus_twitter__covid19_twitter	2	ukr_rus_twitter,covid19_twitter	ukr_rus_twitter	covid19_twitter		twibot20	0.5797213266449215	0.575793087169747	0.003928239475174511	4250	0.6597958222031594	505.4782942759921
lp	classification	pair	pair_ukr_rus_twitter__covid19_twitter	2	ukr_rus_twitter,covid19_twitter	ukr_rus_twitter	covid19_twitter		ukr_rus_suspended	0.5428365662300716	0.544663940967283	-0.0018273747372113958	4250	0.6597958222031594	505.4782942759921
lp	classification	pair	pair_ukr_rus_twitter__midterm	2	ukr_rus_twitter,midterm	ukr_rus_twitter	midterm		covid_political	0.9252206148772026	0.9244817243438279	0.0007388905333747253	4250	0.6712443068623544	368.68074451800203
lp	classification	pair	pair_ukr_rus_twitter__midterm	2	ukr_rus_twitter,midterm	ukr_rus_twitter	midterm		election2020	0.9808263207504099	0.9810867650556823	-0.00026044430527238926	4250	0.6712443068623544	368.68074451800203
lp	classification	pair	pair_ukr_rus_twitter__midterm	2	ukr_rus_twitter,midterm	ukr_rus_twitter	midterm		facebook_page_reference	0.8107773764367366	0.8146844121555451	-0.00390703571880846	4250	0.6712443068623544	368.68074451800203
lp	classification	pair	pair_ukr_rus_twitter__midterm	2	ukr_rus_twitter,midterm	ukr_rus_twitter	midterm		twibot20	0.6147174254785032	0.5949925953299472	0.019724830148555972	4250	0.6712443068623544	368.68074451800203
lp	classification	pair	pair_ukr_rus_twitter__midterm	2	ukr_rus_twitter,midterm	ukr_rus_twitter	midterm		ukr_rus_suspended	0.5344278136804543	0.544663940967283	-0.010236127286828656	4250	0.6712443068623544	368.68074451800203
lp	classification	pair	pair_ukr_rus_twitter__covid_political	2	ukr_rus_twitter,covid_political	ukr_rus_twitter	covid_political		covid_political	0.9045356693043853	0.9045243657503319	0.000011303554053432308	4000	0.659652727842331	317.76564621104626
lp	classification	pair	pair_ukr_rus_twitter__covid_political	2	ukr_rus_twitter,covid_political	ukr_rus_twitter	covid_political		election2020	0.9814337327276813	0.9802512966826327	0.0011824360450486404	4000	0.659652727842331	317.76564621104626
lp	classification	pair	pair_ukr_rus_twitter__covid_political	2	ukr_rus_twitter,covid_political	ukr_rus_twitter	covid_political		facebook_page_reference	0.7965167322729159	0.8032932688842916	-0.006776536611375783	4000	0.659652727842331	317.76564621104626
lp	classification	pair	pair_ukr_rus_twitter__covid_political	2	ukr_rus_twitter,covid_political	ukr_rus_twitter	covid_political		twibot20	0.6151188831430614	0.663361340134341	-0.0482424569912796	4000	0.659652727842331	317.76564621104626
lp	classification	pair	pair_ukr_rus_twitter__covid_political	2	ukr_rus_twitter,covid_political	ukr_rus_twitter	covid_political		ukr_rus_suspended	0.5313298655616813	0.544663940967283	-0.01333407540560172	4000	0.659652727842331	317.76564621104626
lp	classification	pair	pair_ukr_rus_twitter__election2020	2	ukr_rus_twitter,election2020	ukr_rus_twitter	election2020		covid_political	0.7817250237646192	0.8851307200191771	-0.10340569625455798	4500	0.6652790158987045	610.7850011300179
lp	classification	pair	pair_ukr_rus_twitter__election2020	2	ukr_rus_twitter,election2020	ukr_rus_twitter	election2020		election2020	0.9696365181867547	0.966387982402749	0.003248535784005635	4500	0.6652790158987045	610.7850011300179
lp	classification	pair	pair_ukr_rus_twitter__election2020	2	ukr_rus_twitter,election2020	ukr_rus_twitter	election2020		facebook_page_reference	0.7911647023269311	0.8032932688842916	-0.012128566557360498	4500	0.6652790158987045	610.7850011300179
lp	classification	pair	pair_ukr_rus_twitter__election2020	2	ukr_rus_twitter,election2020	ukr_rus_twitter	election2020		twibot20	0.584737839028606	0.6488909075909332	-0.06415306856232716	4500	0.6652790158987045	610.7850011300179
lp	classification	pair	pair_ukr_rus_twitter__election2020	2	ukr_rus_twitter,election2020	ukr_rus_twitter	election2020		ukr_rus_suspended	0.5367380751840536	0.544663940967283	-0.007925865783229402	4500	0.6652790158987045	610.7850011300179
lp	classification	pair	pair_ukr_rus_twitter__ukr_rus_suspended	2	ukr_rus_twitter,ukr_rus_suspended	ukr_rus_twitter	ukr_rus_suspended		covid_political	0.8771501010040053	0.8851307200191771	-0.007980619015171886	3000	0.6743037924170494	267.2860238850117
lp	classification	pair	pair_ukr_rus_twitter__ukr_rus_suspended	2	ukr_rus_twitter,ukr_rus_suspended	ukr_rus_twitter	ukr_rus_suspended		election2020	0.9692267692790038	0.9693388668598826	-0.00011209758087882271	3000	0.6743037924170494	267.2860238850117
lp	classification	pair	pair_ukr_rus_twitter__ukr_rus_suspended	2	ukr_rus_twitter,ukr_rus_suspended	ukr_rus_twitter	ukr_rus_suspended		facebook_page_reference	0.8006687568772468	0.8032932688842916	-0.0026245120070448325	3000	0.6743037924170494	267.2860238850117
lp	classification	pair	pair_ukr_rus_twitter__ukr_rus_suspended	2	ukr_rus_twitter,ukr_rus_suspended	ukr_rus_twitter	ukr_rus_suspended		twibot20	0.5984415311974233	0.5978579047204622	0.0005836264769610855	3000	0.6743037924170494	267.2860238850117
lp	classification	pair	pair_ukr_rus_twitter__ukr_rus_suspended	2	ukr_rus_twitter,ukr_rus_suspended	ukr_rus_twitter	ukr_rus_suspended		ukr_rus_suspended	0.5132035373751148	0.544663940967283	-0.031460403592168174	3000	0.6743037924170494	267.2860238850117
lp	classification	pair	pair_ukr_rus_twitter__twibot20	2	ukr_rus_twitter,twibot20	ukr_rus_twitter	twibot20		covid_political	0.9342888086487126	0.9219755169980334	0.012313291650679181	4250	0.6595951780676842	523.4762107040151
lp	classification	pair	pair_ukr_rus_twitter__twibot20	2	ukr_rus_twitter,twibot20	ukr_rus_twitter	twibot20		election2020	0.9831701146767121	0.982391265782681	0.0007788488940311256	4250	0.6595951780676842	523.4762107040151
lp	classification	pair	pair_ukr_rus_twitter__twibot20	2	ukr_rus_twitter,twibot20	ukr_rus_twitter	twibot20		facebook_page_reference	0.8054570121959341	0.8037955876776777	0.0016614245182564602	4250	0.6595951780676842	523.4762107040151
lp	classification	pair	pair_ukr_rus_twitter__twibot20	2	ukr_rus_twitter,twibot20	ukr_rus_twitter	twibot20		twibot20	0.565207027607219	0.5832764900918863	-0.018069462484667342	4250	0.6595951780676842	523.4762107040151
lp	classification	pair	pair_ukr_rus_twitter__twibot20	2	ukr_rus_twitter,twibot20	ukr_rus_twitter	twibot20		ukr_rus_suspended	0.5433493966435881	0.544663940967283	-0.0013145443236949328	4250	0.6595951780676842	523.4762107040151
lp	classification	pair	pair_ukr_rus_twitter__cp_hk_twitter	2	ukr_rus_twitter,cp_hk_twitter	ukr_rus_twitter	cp_hk_twitter		covid_political	0.8708395958086509	0.8851307200191771	-0.014291124210526251	3000	0.6598283886909484	255.44085594301578
lp	classification	pair	pair_ukr_rus_twitter__cp_hk_twitter	2	ukr_rus_twitter,cp_hk_twitter	ukr_rus_twitter	cp_hk_twitter		election2020	0.9227884207096693	0.9513324158465819	-0.028543995136912637	3000	0.6598283886909484	255.44085594301578
lp	classification	pair	pair_ukr_rus_twitter__cp_hk_twitter	2	ukr_rus_twitter,cp_hk_twitter	ukr_rus_twitter	cp_hk_twitter		facebook_page_reference	0.8005141474497568	0.8032932688842916	-0.002779121434534848	3000	0.6598283886909484	255.44085594301578
lp	classification	pair	pair_ukr_rus_twitter__cp_hk_twitter	2	ukr_rus_twitter,cp_hk_twitter	ukr_rus_twitter	cp_hk_twitter		twibot20	0.5976389793626246	0.6608597576981772	-0.06322077833555262	3000	0.6598283886909484	255.44085594301578
lp	classification	pair	pair_ukr_rus_twitter__cp_hk_twitter	2	ukr_rus_twitter,cp_hk_twitter	ukr_rus_twitter	cp_hk_twitter		ukr_rus_suspended	0.5428788154591584	0.544663940967283	-0.0017851255081245965	3000	0.6598283886909484	255.44085594301578
lp	classification	pair	pair_ukr_rus_twitter__facebook_page_reference	2	ukr_rus_twitter,facebook_page_reference	ukr_rus_twitter	facebook_page_reference		covid_political	0.8858004458051392	0.896615630532612	-0.010815184727472782	4500	0.6586647361516953	346.0524758769898
lp	classification	pair	pair_ukr_rus_twitter__facebook_page_reference	2	ukr_rus_twitter,facebook_page_reference	ukr_rus_twitter	facebook_page_reference		election2020	0.9585211535728685	0.962812320753227	-0.0042911671803584905	4500	0.6586647361516953	346.0524758769898
lp	classification	pair	pair_ukr_rus_twitter__facebook_page_reference	2	ukr_rus_twitter,facebook_page_reference	ukr_rus_twitter	facebook_page_reference		facebook_page_reference	0.7774357076304709	0.8032932688842916	-0.02585756125382077	4500	0.6586647361516953	346.0524758769898
lp	classification	pair	pair_ukr_rus_twitter__facebook_page_reference	2	ukr_rus_twitter,facebook_page_reference	ukr_rus_twitter	facebook_page_reference		twibot20	0.5778217634982088	0.6117983916277895	-0.03397662812958069	4500	0.6586647361516953	346.0524758769898
lp	classification	pair	pair_ukr_rus_twitter__facebook_page_reference	2	ukr_rus_twitter,facebook_page_reference	ukr_rus_twitter	facebook_page_reference		ukr_rus_suspended	0.5390947476350797	0.544663940967283	-0.005569193332203293	4500	0.6586647361516953	346.0524758769898
lp	classification	pair	pair_covid19_twitter__midterm	2	covid19_twitter,midterm	covid19_twitter	midterm		covid_political	0.9281877416771139	0.9244817243438279	0.003706017333286016	3500	0.671066603064537	305.41169488301966
lp	classification	pair	pair_covid19_twitter__midterm	2	covid19_twitter,midterm	covid19_twitter	midterm		election2020	0.9818524585522438	0.9810867650556823	0.0007656934965615259	3500	0.671066603064537	305.41169488301966
lp	classification	pair	pair_covid19_twitter__midterm	2	covid19_twitter,midterm	covid19_twitter	midterm		facebook_page_reference	0.8154018638713932	0.8159432391388971	-0.000541375267503863	3500	0.671066603064537	305.41169488301966
lp	classification	pair	pair_covid19_twitter__midterm	2	covid19_twitter,midterm	covid19_twitter	midterm		twibot20	0.6242351897802381	0.5949925953299472	0.02924259445029087	3500	0.671066603064537	305.41169488301966
lp	classification	pair	pair_covid19_twitter__midterm	2	covid19_twitter,midterm	covid19_twitter	midterm		ukr_rus_suspended	0.5287483109978921	0.532385876167032	-0.0036375651691399336	3500	0.671066603064537	305.41169488301966
lp	classification	pair	pair_covid19_twitter__covid_political	2	covid19_twitter,covid_political	covid19_twitter	covid_political		covid_political	0.9102765844333676	0.9045243657503319	0.005752218683035659	4000	0.6586647614836693	303.61019834602484
lp	classification	pair	pair_covid19_twitter__covid_political	2	covid19_twitter,covid_political	covid19_twitter	covid_political		election2020	0.9814867994966492	0.9802512966826327	0.0012355028140165203	4000	0.6586647614836693	303.61019834602484
lp	classification	pair	pair_covid19_twitter__covid_political	2	covid19_twitter,covid_political	covid19_twitter	covid_political		facebook_page_reference	0.8027707980415533	0.8159432391388971	-0.013172441097343834	4000	0.6586647614836693	303.61019834602484
lp	classification	pair	pair_covid19_twitter__covid_political	2	covid19_twitter,covid_political	covid19_twitter	covid_political		twibot20	0.6122537918491372	0.663361340134341	-0.05110754828520381	4000	0.6586647614836693	303.61019834602484
lp	classification	pair	pair_covid19_twitter__covid_political	2	covid19_twitter,covid_political	covid19_twitter	covid_political		ukr_rus_suspended	0.5233948692284409	0.532385876167032	-0.008991006938591117	4000	0.6586647614836693	303.61019834602484
lp	classification	pair	pair_covid19_twitter__election2020	2	covid19_twitter,election2020	covid19_twitter	election2020		covid_political	0.8157447003356015	0.9030774803683631	-0.08733278003276157	4750	0.664239625632763	638.7705415770179
lp	classification	pair	pair_covid19_twitter__election2020	2	covid19_twitter,election2020	covid19_twitter	election2020		election2020	0.969251007632825	0.9736161472309725	-0.004365139598147438	4750	0.664239625632763	638.7705415770179
lp	classification	pair	pair_covid19_twitter__election2020	2	covid19_twitter,election2020	covid19_twitter	election2020		facebook_page_reference	0.8021263017526857	0.8159432391388971	-0.01381693738621137	4750	0.664239625632763	638.7705415770179
lp	classification	pair	pair_covid19_twitter__election2020	2	covid19_twitter,election2020	covid19_twitter	election2020		twibot20	0.597747664163703	0.6488909075909332	-0.0511432434272302	4750	0.664239625632763	638.7705415770179
lp	classification	pair	pair_covid19_twitter__election2020	2	covid19_twitter,election2020	covid19_twitter	election2020		ukr_rus_suspended	0.528469863335001	0.532385876167032	-0.003916012832031024	4750	0.664239625632763	638.7705415770179
lp	classification	pair	pair_covid19_twitter__ukr_rus_suspended	2	covid19_twitter,ukr_rus_suspended	covid19_twitter	ukr_rus_suspended		covid_political	0.9020731961029127	0.9030774803683631	-0.0010042842654504058	3250	0.6725995540618896	331.42744324100204
lp	classification	pair	pair_covid19_twitter__ukr_rus_suspended	2	covid19_twitter,ukr_rus_suspended	covid19_twitter	ukr_rus_suspended		election2020	0.976306971503253	0.9736161472309725	0.002690824272280512	3250	0.6725995540618896	331.42744324100204
lp	classification	pair	pair_covid19_twitter__ukr_rus_suspended	2	covid19_twitter,ukr_rus_suspended	covid19_twitter	ukr_rus_suspended		facebook_page_reference	0.8119511144283071	0.8159432391388971	-0.0039921247105899615	3250	0.6725995540618896	331.42744324100204
lp	classification	pair	pair_covid19_twitter__ukr_rus_suspended	2	covid19_twitter,ukr_rus_suspended	covid19_twitter	ukr_rus_suspended		twibot20	0.5898004424918112	0.5978579047204622	-0.008057462228651002	3250	0.6725995540618896	331.42744324100204
lp	classification	pair	pair_covid19_twitter__ukr_rus_suspended	2	covid19_twitter,ukr_rus_suspended	covid19_twitter	ukr_rus_suspended		ukr_rus_suspended	0.5152131330721333	0.532385876167032	-0.01717274309489869	3250	0.6725995540618896	331.42744324100204
lp	classification	pair	pair_covid19_twitter__twibot20	2	covid19_twitter,twibot20	covid19_twitter	twibot20		covid_political	0.9354994643732534	0.9219755169980334	0.013523947375220002	4000	0.6593407928943634	499.78088762500556
lp	classification	pair	pair_covid19_twitter__twibot20	2	covid19_twitter,twibot20	covid19_twitter	twibot20		election2020	0.9830132326609173	0.982391265782681	0.0006219668782363463	4000	0.6593407928943634	499.78088762500556
lp	classification	pair	pair_covid19_twitter__twibot20	2	covid19_twitter,twibot20	covid19_twitter	twibot20		facebook_page_reference	0.8099142348818622	0.8159432391388971	-0.006029004257034898	4000	0.6593407928943634	499.78088762500556
lp	classification	pair	pair_covid19_twitter__twibot20	2	covid19_twitter,twibot20	covid19_twitter	twibot20		twibot20	0.5716854705185316	0.5832764900918863	-0.011591019573354733	4000	0.6593407928943634	499.78088762500556
lp	classification	pair	pair_covid19_twitter__twibot20	2	covid19_twitter,twibot20	covid19_twitter	twibot20		ukr_rus_suspended	0.5344898693677033	0.532385876167032	0.002103993200671228	4000	0.6593407928943634	499.78088762500556
lp	classification	pair	pair_covid19_twitter__cp_hk_twitter	2	covid19_twitter,cp_hk_twitter	covid19_twitter	cp_hk_twitter		covid_political	0.90051191217389	0.9030774803683631	-0.002565568194473067	4250	0.6577476054430008	393.78198053501546
lp	classification	pair	pair_covid19_twitter__cp_hk_twitter	2	covid19_twitter,cp_hk_twitter	covid19_twitter	cp_hk_twitter		election2020	0.968856661986191	0.9736161472309725	-0.004759485244781425	4250	0.6577476054430008	393.78198053501546
lp	classification	pair	pair_covid19_twitter__cp_hk_twitter	2	covid19_twitter,cp_hk_twitter	covid19_twitter	cp_hk_twitter		facebook_page_reference	0.8128990043313261	0.8159432391388971	-0.003044234807570989	4250	0.6577476054430008	393.78198053501546
lp	classification	pair	pair_covid19_twitter__cp_hk_twitter	2	covid19_twitter,cp_hk_twitter	covid19_twitter	cp_hk_twitter		twibot20	0.5864625177890485	0.6608597576981772	-0.07439723990912872	4250	0.6577476054430008	393.78198053501546
lp	classification	pair	pair_covid19_twitter__cp_hk_twitter	2	covid19_twitter,cp_hk_twitter	covid19_twitter	cp_hk_twitter		ukr_rus_suspended	0.5291584018057754	0.532385876167032	-0.003227474361256588	4250	0.6577476054430008	393.78198053501546
lp	classification	pair	pair_covid19_twitter__facebook_page_reference	2	covid19_twitter,facebook_page_reference	covid19_twitter	facebook_page_reference		covid_political	0.9032134698612573	0.9030774803683631	0.00013598949289417295	4250	0.6567150920629501	329.7147787940339
lp	classification	pair	pair_covid19_twitter__facebook_page_reference	2	covid19_twitter,facebook_page_reference	covid19_twitter	facebook_page_reference		election2020	0.9695222357392694	0.9736161472309725	-0.004093911491703017	4250	0.6567150920629501	329.7147787940339
lp	classification	pair	pair_covid19_twitter__facebook_page_reference	2	covid19_twitter,facebook_page_reference	covid19_twitter	facebook_page_reference		facebook_page_reference	0.7748154735529789	0.8159432391388971	-0.04112776558591824	4250	0.6567150920629501	329.7147787940339
lp	classification	pair	pair_covid19_twitter__facebook_page_reference	2	covid19_twitter,facebook_page_reference	covid19_twitter	facebook_page_reference		twibot20	0.5781151034128249	0.6117983916277895	-0.03368328821496458	4250	0.6567150920629501	329.7147787940339
lp	classification	pair	pair_covid19_twitter__facebook_page_reference	2	covid19_twitter,facebook_page_reference	covid19_twitter	facebook_page_reference		ukr_rus_suspended	0.5367652377014346	0.532385876167032	0.004379361534402548	4250	0.6567150920629501	329.7147787940339
lp	classification	pair	pair_midterm__covid_political	2	midterm,covid_political	midterm	covid_political		covid_political	0.909055703984006	0.9244817243438279	-0.01542602035982188	3000	0.6656233862042427	162.78700690402184
lp	classification	pair	pair_midterm__covid_political	2	midterm,covid_political	midterm	covid_political		election2020	0.9817226155125697	0.9810867650556823	0.0006358504568874102	3000	0.6656233862042427	162.78700690402184
lp	classification	pair	pair_midterm__covid_political	2	midterm,covid_political	midterm	covid_political		facebook_page_reference	0.8052396783874247	0.8146844121555451	-0.009444733768120384	3000	0.6656233862042427	162.78700690402184
lp	classification	pair	pair_midterm__covid_political	2	midterm,covid_political	midterm	covid_political		twibot20	0.6316169596910682	0.663361340134341	-0.03174438044327277	3000	0.6656233862042427	162.78700690402184
lp	classification	pair	pair_midterm__covid_political	2	midterm,covid_political	midterm	covid_political		ukr_rus_suspended	0.5232270334225	0.5268917546727102	-0.0036647212502102233	3000	0.6656233862042427	162.78700690402184
lp	classification	pair	pair_midterm__election2020	2	midterm,election2020	midterm	election2020		covid_political	0.829033818050829	0.9244817243438279	-0.09544790629299893	3250	0.672026662528515	386.95083395403344
lp	classification	pair	pair_midterm__election2020	2	midterm,election2020	midterm	election2020		election2020	0.9705510274933689	0.9810867650556823	-0.010535737562313408	3250	0.672026662528515	386.95083395403344
lp	classification	pair	pair_midterm__election2020	2	midterm,election2020	midterm	election2020		facebook_page_reference	0.8067070501843846	0.8146844121555451	-0.007977361971160501	3250	0.672026662528515	386.95083395403344
lp	classification	pair	pair_midterm__election2020	2	midterm,election2020	midterm	election2020		twibot20	0.6026981368996953	0.6488909075909332	-0.04619277069123784	3250	0.672026662528515	386.95083395403344
lp	classification	pair	pair_midterm__election2020	2	midterm,election2020	midterm	election2020		ukr_rus_suspended	0.5263768221601994	0.5268917546727102	-0.0005149325125107795	3250	0.672026662528515	386.95083395403344
lp	classification	pair	pair_midterm__ukr_rus_suspended	2	midterm,ukr_rus_suspended	midterm	ukr_rus_suspended		covid_political	0.9231983388177896	0.9244817243438279	-0.0012833855260383498	2250	0.678928191959858	218.2046264350065
lp	classification	pair	pair_midterm__ukr_rus_suspended	2	midterm,ukr_rus_suspended	midterm	ukr_rus_suspended		election2020	0.9803821092306146	0.9810867650556823	-0.0007046558250676238	2250	0.678928191959858	218.2046264350065
lp	classification	pair	pair_midterm__ukr_rus_suspended	2	midterm,ukr_rus_suspended	midterm	ukr_rus_suspended		facebook_page_reference	0.8134231811097458	0.8146844121555451	-0.001261231045799338	2250	0.678928191959858	218.2046264350065
lp	classification	pair	pair_midterm__ukr_rus_suspended	2	midterm,ukr_rus_suspended	midterm	ukr_rus_suspended		twibot20	0.6086172347544885	0.5978579047204622	0.010759330034026293	2250	0.678928191959858	218.2046264350065
lp	classification	pair	pair_midterm__ukr_rus_suspended	2	midterm,ukr_rus_suspended	midterm	ukr_rus_suspended		ukr_rus_suspended	0.5193862604160534	0.5268917546727102	-0.007505494256656808	2250	0.678928191959858	218.2046264350065
lp	classification	pair	pair_midterm__twibot20	2	midterm,twibot20	midterm	twibot20		covid_political	0.9283775063901243	0.9244817243438279	0.00389578204629637	3500	0.6672194078564644	371.7593734440161
lp	classification	pair	pair_midterm__twibot20	2	midterm,twibot20	midterm	twibot20		election2020	0.9835558378052724	0.982391265782681	0.001164572022591459	3500	0.6672194078564644	371.7593734440161
lp	classification	pair	pair_midterm__twibot20	2	midterm,twibot20	midterm	twibot20		facebook_page_reference	0.810224255647599	0.8146844121555451	-0.004460156507946067	3500	0.6672194078564644	371.7593734440161
lp	classification	pair	pair_midterm__twibot20	2	midterm,twibot20	midterm	twibot20		twibot20	0.5907060376958729	0.5949925953299472	-0.004286557634074262	3500	0.6672194078564644	371.7593734440161
lp	classification	pair	pair_midterm__twibot20	2	midterm,twibot20	midterm	twibot20		ukr_rus_suspended	0.5308203511353111	0.53236778756013	-0.0015474364248189154	3500	0.6672194078564644	371.7593734440161
lp	classification	pair	pair_midterm__cp_hk_twitter	2	midterm,cp_hk_twitter	midterm	cp_hk_twitter		covid_political	0.9225748412343722	0.9244817243438279	-0.0019068831094557481	4000	0.6655182763934135	231.11615968000842
lp	classification	pair	pair_midterm__cp_hk_twitter	2	midterm,cp_hk_twitter	midterm	cp_hk_twitter		election2020	0.9803969319497693	0.9810867650556823	-0.0006898331059129736	4000	0.6655182763934135	231.11615968000842
lp	classification	pair	pair_midterm__cp_hk_twitter	2	midterm,cp_hk_twitter	midterm	cp_hk_twitter		facebook_page_reference	0.8145259614765373	0.8146844121555451	-0.0001584506790077711	4000	0.6655182763934135	231.11615968000842
lp	classification	pair	pair_midterm__cp_hk_twitter	2	midterm,cp_hk_twitter	midterm	cp_hk_twitter		twibot20	0.632363984133851	0.6608597576981772	-0.0284957735643262	4000	0.6655182763934135	231.11615968000842
lp	classification	pair	pair_midterm__cp_hk_twitter	2	midterm,cp_hk_twitter	midterm	cp_hk_twitter		ukr_rus_suspended	0.5284389368632663	0.5268917546727102	0.0015471821905560512	4000	0.6655182763934135	231.11615968000842
lp	classification	pair	pair_midterm__facebook_page_reference	2	midterm,facebook_page_reference	midterm	facebook_page_reference		covid_political	0.9230937528732153	0.9244817243438279	-0.0013879714706126478	4000	0.6641573652625083	260.09977825701935
lp	classification	pair	pair_midterm__facebook_page_reference	2	midterm,facebook_page_reference	midterm	facebook_page_reference		election2020	0.9819035972886953	0.9810867650556823	0.0008168322330129874	4000	0.6641573652625083	260.09977825701935
lp	classification	pair	pair_midterm__facebook_page_reference	2	midterm,facebook_page_reference	midterm	facebook_page_reference		facebook_page_reference	0.7742575942042891	0.8146844121555451	-0.04042681795125602	4000	0.6641573652625083	260.09977825701935
lp	classification	pair	pair_midterm__facebook_page_reference	2	midterm,facebook_page_reference	midterm	facebook_page_reference		twibot20	0.6033705432288816	0.6117983916277895	-0.008427848398907867	4000	0.6641573652625083	260.09977825701935
lp	classification	pair	pair_midterm__facebook_page_reference	2	midterm,facebook_page_reference	midterm	facebook_page_reference		ukr_rus_suspended	0.521853777074837	0.5268917546727102	-0.005037977597873167	4000	0.6641573652625083	260.09977825701935
lp	classification	pair	pair_covid_political__election2020	2	covid_political,election2020	covid_political	election2020		covid_political	0.8744467477339773	0.9045243657503319	-0.030077618016354557	3500	0.6638680294156074	350.48531528702006
lp	classification	pair	pair_covid_political__election2020	2	covid_political,election2020	covid_political	election2020		election2020	0.9714516189767868	0.9802512966826327	-0.008799677705845887	3500	0.6638680294156074	350.48531528702006
lp	classification	pair	pair_covid_political__election2020	2	covid_political,election2020	covid_political	election2020		facebook_page_reference	0.7828594391722437	0.7844526624881774	-0.0015932233159337006	3500	0.6638680294156074	350.48531528702006
lp	classification	pair	pair_covid_political__election2020	2	covid_political,election2020	covid_political	election2020		twibot20	0.6779837423822133	0.663361340134341	0.014622402247872257	3500	0.6638680294156074	350.48531528702006
lp	classification	pair	pair_covid_political__election2020	2	covid_political,election2020	covid_political	election2020		ukr_rus_suspended	0.5153965042006188	0.5232361092638722	-0.00783960506325343	3500	0.6638680294156074	350.48531528702006
lp	classification	pair	pair_covid_political__ukr_rus_suspended	2	covid_political,ukr_rus_suspended	covid_political	ukr_rus_suspended		covid_political	0.9030158182494207	0.9045243657503319	-0.0015085475009112281	3250	0.668144628405571	212.55495566601167
lp	classification	pair	pair_covid_political__ukr_rus_suspended	2	covid_political,ukr_rus_suspended	covid_political	ukr_rus_suspended		election2020	0.9810308236832744	0.9802512966826327	0.0007795270006417665	3250	0.668144628405571	212.55495566601167
lp	classification	pair	pair_covid_political__ukr_rus_suspended	2	covid_political,ukr_rus_suspended	covid_political	ukr_rus_suspended		facebook_page_reference	0.7961330465358246	0.791749097966609	0.0043839485692156455	3250	0.668144628405571	212.55495566601167
lp	classification	pair	pair_covid_political__ukr_rus_suspended	2	covid_political,ukr_rus_suspended	covid_political	ukr_rus_suspended		twibot20	0.6416792530209212	0.663361340134341	-0.02168208711341979	3250	0.668144628405571	212.55495566601167
lp	classification	pair	pair_covid_political__ukr_rus_suspended	2	covid_political,ukr_rus_suspended	covid_political	ukr_rus_suspended		ukr_rus_suspended	0.5207158991750267	0.5232361092638722	-0.0025202100888455092	3250	0.668144628405571	212.55495566601167
lp	classification	pair	pair_covid_political__twibot20	2	covid_political,twibot20	covid_political	twibot20		covid_political	0.9082917758216423	0.9219755169980334	-0.01368374117639104	4250	0.6545393019914627	370.71970227599377
lp	classification	pair	pair_covid_political__twibot20	2	covid_political,twibot20	covid_political	twibot20		election2020	0.9814209204217889	0.982391265782681	-0.0009703453608921331	4250	0.6545393019914627	370.71970227599377
lp	classification	pair	pair_covid_political__twibot20	2	covid_political,twibot20	covid_political	twibot20		facebook_page_reference	0.8035303452970176	0.8037955876776777	-0.0002652423806600579	4250	0.6545393019914627	370.71970227599377
lp	classification	pair	pair_covid_political__twibot20	2	covid_political,twibot20	covid_political	twibot20		twibot20	0.5926242553709848	0.663361340134341	-0.07073708476335616	4250	0.6545393019914627	370.71970227599377
lp	classification	pair	pair_covid_political__twibot20	2	covid_political,twibot20	covid_political	twibot20		ukr_rus_suspended	0.5237634632119295	0.53236778756013	-0.008604324348200576	4250	0.6545393019914627	370.71970227599377
lp	classification	pair	pair_covid_political__cp_hk_twitter	2	covid_political,cp_hk_twitter	covid_political	cp_hk_twitter		covid_political	0.9016583521006101	0.9045243657503319	-0.0028660136497218325	3000	0.6548558473587036	197.79273456300143
lp	classification	pair	pair_covid_political__cp_hk_twitter	2	covid_political,cp_hk_twitter	covid_political	cp_hk_twitter		election2020	0.9807477405028988	0.9802512966826327	0.0004964438202661459	3000	0.6548558473587036	197.79273456300143
lp	classification	pair	pair_covid_political__cp_hk_twitter	2	covid_political,cp_hk_twitter	covid_political	cp_hk_twitter		facebook_page_reference	0.8000333452431801	0.8003954841867599	-0.0003621389435797262	3000	0.6548558473587036	197.79273456300143
lp	classification	pair	pair_covid_political__cp_hk_twitter	2	covid_political,cp_hk_twitter	covid_political	cp_hk_twitter		twibot20	0.6668497805642961	0.663361340134341	0.0034884404299551086	3000	0.6548558473587036	197.79273456300143
lp	classification	pair	pair_covid_political__cp_hk_twitter	2	covid_political,cp_hk_twitter	covid_political	cp_hk_twitter		ukr_rus_suspended	0.5238877502977028	0.5232361092638722	0.0006516410338306411	3000	0.6548558473587036	197.79273456300143
lp	classification	pair	pair_covid_political__facebook_page_reference	2	covid_political,facebook_page_reference	covid_political	facebook_page_reference		covid_political	0.9101282826223364	0.9045243657503319	0.005603916872004455	4250	0.6554757639765739	166.63219240499893
lp	classification	pair	pair_covid_political__facebook_page_reference	2	covid_political,facebook_page_reference	covid_political	facebook_page_reference		election2020	0.9812947089192321	0.9802512966826327	0.001043412236599428	4250	0.6554757639765739	166.63219240499893
lp	classification	pair	pair_covid_political__facebook_page_reference	2	covid_political,facebook_page_reference	covid_political	facebook_page_reference		facebook_page_reference	0.7763953514379353	0.7844526624881774	-0.0080573110502421	4250	0.6554757639765739	166.63219240499893
lp	classification	pair	pair_covid_political__facebook_page_reference	2	covid_political,facebook_page_reference	covid_political	facebook_page_reference		twibot20	0.6643654132190321	0.663361340134341	0.0010040730846910817	4250	0.6554757639765739	166.63219240499893
lp	classification	pair	pair_covid_political__facebook_page_reference	2	covid_political,facebook_page_reference	covid_political	facebook_page_reference		ukr_rus_suspended	0.5255432111826692	0.5232361092638722	0.0023071019187970165	4250	0.6554757639765739	166.63219240499893
lp	classification	pair	pair_election2020__ukr_rus_suspended	2	election2020,ukr_rus_suspended	election2020	ukr_rus_suspended		covid_political	0.8372199842804092	0.8846049337270895	-0.04738494944668026	3250	0.6751411408185959	392.2670540979598
lp	classification	pair	pair_election2020__ukr_rus_suspended	2	election2020,ukr_rus_suspended	election2020	ukr_rus_suspended		election2020	0.9709930790223122	0.9693388668598826	0.001654212162429669	3250	0.6751411408185959	392.2670540979598
lp	classification	pair	pair_election2020__ukr_rus_suspended	2	election2020,ukr_rus_suspended	election2020	ukr_rus_suspended		facebook_page_reference	0.778055750169237	0.791749097966609	-0.013693347797371969	3250	0.6751411408185959	392.2670540979598
lp	classification	pair	pair_election2020__ukr_rus_suspended	2	election2020,ukr_rus_suspended	election2020	ukr_rus_suspended		twibot20	0.6241636686382308	0.6488909075909332	-0.024727238952702346	3250	0.6751411408185959	392.2670540979598
lp	classification	pair	pair_election2020__ukr_rus_suspended	2	election2020,ukr_rus_suspended	election2020	ukr_rus_suspended		ukr_rus_suspended	0.5220539180102123	0.5215077989990242	0.000546119011188062	3250	0.6751411408185959	392.2670540979598
lp	classification	pair	pair_election2020__twibot20	2	election2020,twibot20	election2020	twibot20		covid_political	0.8109091805639977	0.9219755169980334	-0.11106633643403563	4000	0.6627451300621032	622.342936503992
lp	classification	pair	pair_election2020__twibot20	2	election2020,twibot20	election2020	twibot20		election2020	0.9706382674110545	0.982391265782681	-0.011752998371626466	4000	0.6627451300621032	622.342936503992
lp	classification	pair	pair_election2020__twibot20	2	election2020,twibot20	election2020	twibot20		facebook_page_reference	0.7944779191163434	0.8037955876776777	-0.009317668561334314	4000	0.6627451300621032	622.342936503992
lp	classification	pair	pair_election2020__twibot20	2	election2020,twibot20	election2020	twibot20		twibot20	0.576811249294203	0.6488909075909332	-0.07207965829673013	4000	0.6627451300621032	622.342936503992
lp	classification	pair	pair_election2020__twibot20	2	election2020,twibot20	election2020	twibot20		ukr_rus_suspended	0.5301433594054925	0.53236778756013	-0.0022244281546375255	4000	0.6627451300621032	622.342936503992
lp	classification	pair	pair_election2020__cp_hk_twitter	2	election2020,cp_hk_twitter	election2020	cp_hk_twitter		covid_political	0.7665605744519263	0.8716532319309402	-0.10509265747901397	4000	0.6609424561262132	487.7758777740528
lp	classification	pair	pair_election2020__cp_hk_twitter	2	election2020,cp_hk_twitter	election2020	cp_hk_twitter		election2020	0.9676286519433127	0.966387982402749	0.001240669540563677	4000	0.6609424561262132	487.7758777740528
lp	classification	pair	pair_election2020__cp_hk_twitter	2	election2020,cp_hk_twitter	election2020	cp_hk_twitter		facebook_page_reference	0.7916502105817099	0.8003954841867599	-0.008745273605049952	4000	0.6609424561262132	487.7758777740528
lp	classification	pair	pair_election2020__cp_hk_twitter	2	election2020,cp_hk_twitter	election2020	cp_hk_twitter		twibot20	0.6774314491154627	0.6608597576981772	0.01657169141728554	4000	0.6609424561262132	487.7758777740528
lp	classification	pair	pair_election2020__cp_hk_twitter	2	election2020,cp_hk_twitter	election2020	cp_hk_twitter		ukr_rus_suspended	0.5318968980764297	0.5150915653275271	0.016805332748902613	4000	0.6609424561262132	487.7758777740528
lp	classification	pair	pair_election2020__facebook_page_reference	2	election2020,facebook_page_reference	election2020	facebook_page_reference		covid_political	0.8450292561428658	0.896615630532612	-0.051586374389746115	4000	0.6626001387834548	398.40151509898715
lp	classification	pair	pair_election2020__facebook_page_reference	2	election2020,facebook_page_reference	election2020	facebook_page_reference		election2020	0.9716659937075067	0.966387982402749	0.00527801130475769	4000	0.6626001387834548	398.40151509898715
lp	classification	pair	pair_election2020__facebook_page_reference	2	election2020,facebook_page_reference	election2020	facebook_page_reference		facebook_page_reference	0.7835951898724319	0.7761974667338939	0.007397723138538037	4000	0.6626001387834548	398.40151509898715
lp	classification	pair	pair_election2020__facebook_page_reference	2	election2020,facebook_page_reference	election2020	facebook_page_reference		twibot20	0.6394790800732328	0.6488909075909332	-0.00941182751770031	4000	0.6626001387834548	398.40151509898715
lp	classification	pair	pair_election2020__facebook_page_reference	2	election2020,facebook_page_reference	election2020	facebook_page_reference		ukr_rus_suspended	0.5217180661816376	0.5177015001586351	0.004016566023002488	4000	0.6626001387834548	398.40151509898715
lp	classification	pair	pair_ukr_rus_suspended__twibot20	2	ukr_rus_suspended,twibot20	ukr_rus_suspended	twibot20		covid_political	0.929134150823213	0.9219755169980334	0.007158633825179672	4250	0.6693971708416939	438.4930969190318
lp	classification	pair	pair_ukr_rus_suspended__twibot20	2	ukr_rus_suspended,twibot20	ukr_rus_suspended	twibot20		election2020	0.9830746418534222	0.982391265782681	0.000683376070741204	4250	0.6693971708416939	438.4930969190318
lp	classification	pair	pair_ukr_rus_suspended__twibot20	2	ukr_rus_suspended,twibot20	ukr_rus_suspended	twibot20		facebook_page_reference	0.8018280936432672	0.8037955876776777	-0.001967494034410433	4250	0.6693971708416939	438.4930969190318
lp	classification	pair	pair_ukr_rus_suspended__twibot20	2	ukr_rus_suspended,twibot20	ukr_rus_suspended	twibot20		twibot20	0.5958483772726719	0.5978579047204622	-0.0020095274477902603	4250	0.6693971708416939	438.4930969190318
lp	classification	pair	pair_ukr_rus_suspended__twibot20	2	ukr_rus_suspended,twibot20	ukr_rus_suspended	twibot20		ukr_rus_suspended	0.5235676603498008	0.53236778756013	-0.00880012721032919	4250	0.6693971708416939	438.4930969190318
lp	classification	pair	pair_ukr_rus_suspended__cp_hk_twitter	2	ukr_rus_suspended,cp_hk_twitter	ukr_rus_suspended	cp_hk_twitter		covid_political	0.8773329144708119	0.8846049337270895	-0.007272019256277629	2500	0.6699705556035042	187.05667680001352
lp	classification	pair	pair_ukr_rus_suspended__cp_hk_twitter	2	ukr_rus_suspended,cp_hk_twitter	ukr_rus_suspended	cp_hk_twitter		election2020	0.9481880455083387	0.9693388668598826	-0.02115082135154389	2500	0.6699705556035042	187.05667680001352
lp	classification	pair	pair_ukr_rus_suspended__cp_hk_twitter	2	ukr_rus_suspended,cp_hk_twitter	ukr_rus_suspended	cp_hk_twitter		facebook_page_reference	0.8052050383697542	0.8003954841867599	0.004809554182994336	2500	0.6699705556035042	187.05667680001352
lp	classification	pair	pair_ukr_rus_suspended__cp_hk_twitter	2	ukr_rus_suspended,cp_hk_twitter	ukr_rus_suspended	cp_hk_twitter		twibot20	0.6157492840688612	0.6608597576981772	-0.04511047362931597	2500	0.6699705556035042	187.05667680001352
lp	classification	pair	pair_ukr_rus_suspended__cp_hk_twitter	2	ukr_rus_suspended,cp_hk_twitter	ukr_rus_suspended	cp_hk_twitter		ukr_rus_suspended	0.5157875454604491	0.5215077989990242	-0.005720253538575082	2500	0.6699705556035042	187.05667680001352
lp	classification	pair	pair_ukr_rus_suspended__facebook_page_reference	2	ukr_rus_suspended,facebook_page_reference	ukr_rus_suspended	facebook_page_reference		covid_political	0.8966112734377022	0.896615630532612	-0.000004357094909757109	3750	0.6695391863584519	219.03195063601015
lp	classification	pair	pair_ukr_rus_suspended__facebook_page_reference	2	ukr_rus_suspended,facebook_page_reference	ukr_rus_suspended	facebook_page_reference		election2020	0.9691775485601545	0.9693388668598826	-0.00016131829972809708	3750	0.6695391863584519	219.03195063601015
lp	classification	pair	pair_ukr_rus_suspended__facebook_page_reference	2	ukr_rus_suspended,facebook_page_reference	ukr_rus_suspended	facebook_page_reference		facebook_page_reference	0.7731954838106315	0.791749097966609	-0.01855361415597745	3750	0.6695391863584519	219.03195063601015
lp	classification	pair	pair_ukr_rus_suspended__facebook_page_reference	2	ukr_rus_suspended,facebook_page_reference	ukr_rus_suspended	facebook_page_reference		twibot20	0.6172233116873921	0.6117983916277895	0.0054249200596026	3750	0.6695391863584519	219.03195063601015
lp	classification	pair	pair_ukr_rus_suspended__facebook_page_reference	2	ukr_rus_suspended,facebook_page_reference	ukr_rus_suspended	facebook_page_reference		ukr_rus_suspended	0.5132107260902616	0.5215077989990242	-0.008297072908762582	3750	0.6695391863584519	219.03195063601015
lp	classification	pair	pair_twibot20__cp_hk_twitter	2	twibot20,cp_hk_twitter	twibot20	cp_hk_twitter		covid_political	0.9300261641721541	0.9219755169980334	0.00805064717412074	4500	0.6552926540374756	464.2641141010099
lp	classification	pair	pair_twibot20__cp_hk_twitter	2	twibot20,cp_hk_twitter	twibot20	cp_hk_twitter		election2020	0.9829671207652759	0.982391265782681	0.0005758549825949366	4500	0.6552926540374756	464.2641141010099
lp	classification	pair	pair_twibot20__cp_hk_twitter	2	twibot20,cp_hk_twitter	twibot20	cp_hk_twitter		facebook_page_reference	0.8039574071318322	0.8037955876776777	0.00016181945415449928	4500	0.6552926540374756	464.2641141010099
lp	classification	pair	pair_twibot20__cp_hk_twitter	2	twibot20,cp_hk_twitter	twibot20	cp_hk_twitter		twibot20	0.6039118880467743	0.6608597576981772	-0.05694786965140286	4500	0.6552926540374756	464.2641141010099
lp	classification	pair	pair_twibot20__cp_hk_twitter	2	twibot20,cp_hk_twitter	twibot20	cp_hk_twitter		ukr_rus_suspended	0.5298024660149387	0.53236778756013	-0.0025653215451912903	4500	0.6552926540374756	464.2641141010099
lp	classification	pair	pair_twibot20__facebook_page_reference	2	twibot20,facebook_page_reference	twibot20	facebook_page_reference		covid_political	0.9268212153646074	0.9219755169980334	0.004845698366574003	5500	0.6547455474734306	537.1927553169662
lp	classification	pair	pair_twibot20__facebook_page_reference	2	twibot20,facebook_page_reference	twibot20	facebook_page_reference		election2020	0.9833711889552372	0.982391265782681	0.0009799231725562407	5500	0.6547455474734306	537.1927553169662
lp	classification	pair	pair_twibot20__facebook_page_reference	2	twibot20,facebook_page_reference	twibot20	facebook_page_reference		facebook_page_reference	0.7743342655592979	0.8037955876776777	-0.029461322118379818	5500	0.6547455474734306	537.1927553169662
lp	classification	pair	pair_twibot20__facebook_page_reference	2	twibot20,facebook_page_reference	twibot20	facebook_page_reference		twibot20	0.5635229438922094	0.6117983916277895	-0.048275447735580124	5500	0.6547455474734306	537.1927553169662
lp	classification	pair	pair_twibot20__facebook_page_reference	2	twibot20,facebook_page_reference	twibot20	facebook_page_reference		ukr_rus_suspended	0.5296466294225787	0.53236778756013	-0.0027211581375513605	5500	0.6547455474734306	537.1927553169662
lp	classification	pair	pair_cp_hk_twitter__facebook_page_reference	2	cp_hk_twitter,facebook_page_reference	cp_hk_twitter	facebook_page_reference		covid_political	0.8952765775922237	0.896615630532612	-0.0013390529403882745	4500	0.6561394959688187	315.779475975025
lp	classification	pair	pair_cp_hk_twitter__facebook_page_reference	2	cp_hk_twitter,facebook_page_reference	cp_hk_twitter	facebook_page_reference		election2020	0.9567665364034313	0.962812320753227	-0.006045784349795635	4500	0.6561394959688187	315.779475975025
lp	classification	pair	pair_cp_hk_twitter__facebook_page_reference	2	cp_hk_twitter,facebook_page_reference	cp_hk_twitter	facebook_page_reference		facebook_page_reference	0.7786282690697971	0.8003954841867599	-0.02176721511696278	4500	0.6561394959688187	315.779475975025
lp	classification	pair	pair_cp_hk_twitter__facebook_page_reference	2	cp_hk_twitter,facebook_page_reference	cp_hk_twitter	facebook_page_reference		twibot20	0.640136408658109	0.6608597576981772	-0.02072334904006823	4500	0.6561394959688187	315.779475975025
lp	classification	pair	pair_cp_hk_twitter__facebook_page_reference	2	cp_hk_twitter,facebook_page_reference	cp_hk_twitter	facebook_page_reference		ukr_rus_suspended	0.5208959665453559	0.5177015001586351	0.003194466386720718	4500	0.6561394959688187	315.779475975025
lp	classification	leave_one_out	loo_ukr_rus_twitter	8	covid19_twitter,midterm,covid_political,election2020,ukr_rus_suspended,twibot20,cp_hk_twitter,facebook_page_reference			ukr_rus_twitter	covid_political	0.8896410408838278	0.9244817243438279	-0.03484068346000013	4500	0.6723623175173998	611.2625597940059
lp	classification	leave_one_out	loo_ukr_rus_twitter	8	covid19_twitter,midterm,covid_political,election2020,ukr_rus_suspended,twibot20,cp_hk_twitter,facebook_page_reference			ukr_rus_twitter	election2020	0.978225301183038	0.982391265782681	-0.004165964599643024	4500	0.6723623175173998	611.2625597940059
lp	classification	leave_one_out	loo_ukr_rus_twitter	8	covid19_twitter,midterm,covid_political,election2020,ukr_rus_suspended,twibot20,cp_hk_twitter,facebook_page_reference			ukr_rus_twitter	facebook_page_reference	0.7903001402578913	0.8159432391388971	-0.0256430988810058	4500	0.6723623175173998	611.2625597940059
lp	classification	leave_one_out	loo_ukr_rus_twitter	8	covid19_twitter,midterm,covid_political,election2020,ukr_rus_suspended,twibot20,cp_hk_twitter,facebook_page_reference			ukr_rus_twitter	twibot20	0.6201428980494692	0.663361340134341	-0.0432184420848718	4500	0.6723623175173998	611.2625597940059
lp	classification	leave_one_out	loo_ukr_rus_twitter	8	covid19_twitter,midterm,covid_political,election2020,ukr_rus_suspended,twibot20,cp_hk_twitter,facebook_page_reference			ukr_rus_twitter	ukr_rus_suspended	0.518014072495926	0.532385876167032	-0.01437180367110602	4500	0.6723623175173998	611.2625597940059
lp	classification	leave_one_out	loo_covid19_twitter	8	ukr_rus_twitter,midterm,covid_political,election2020,ukr_rus_suspended,twibot20,cp_hk_twitter,facebook_page_reference			covid19_twitter	covid_political	0.8782553935395141	0.9244817243438279	-0.04622633080431382	3500	0.672590010613203	499.6488646090147
lp	classification	leave_one_out	loo_covid19_twitter	8	ukr_rus_twitter,midterm,covid_political,election2020,ukr_rus_suspended,twibot20,cp_hk_twitter,facebook_page_reference			covid19_twitter	election2020	0.9782433845644225	0.982391265782681	-0.004147881218258487	3500	0.672590010613203	499.6488646090147
lp	classification	leave_one_out	loo_covid19_twitter	8	ukr_rus_twitter,midterm,covid_political,election2020,ukr_rus_suspended,twibot20,cp_hk_twitter,facebook_page_reference			covid19_twitter	facebook_page_reference	0.7922807502954715	0.8146844121555451	-0.022403661860073587	3500	0.672590010613203	499.6488646090147
lp	classification	leave_one_out	loo_covid19_twitter	8	ukr_rus_twitter,midterm,covid_political,election2020,ukr_rus_suspended,twibot20,cp_hk_twitter,facebook_page_reference			covid19_twitter	twibot20	0.6147965800011882	0.663361340134341	-0.04856476013315281	3500	0.672590010613203	499.6488646090147
lp	classification	leave_one_out	loo_covid19_twitter	8	ukr_rus_twitter,midterm,covid_political,election2020,ukr_rus_suspended,twibot20,cp_hk_twitter,facebook_page_reference			covid19_twitter	ukr_rus_suspended	0.5172340476647175	0.544663940967283	-0.02742989330256551	3500	0.672590010613203	499.6488646090147
lp	classification	leave_one_out	loo_midterm	8	ukr_rus_twitter,covid19_twitter,covid_political,election2020,ukr_rus_suspended,twibot20,cp_hk_twitter,facebook_page_reference			midterm	covid_political	0.8801976125494276	0.9219755169980334	-0.04177790444860574	5500	0.6705849826335907	933.7567918410059
lp	classification	leave_one_out	loo_midterm	8	ukr_rus_twitter,covid19_twitter,covid_political,election2020,ukr_rus_suspended,twibot20,cp_hk_twitter,facebook_page_reference			midterm	election2020	0.977723353036697	0.982391265782681	-0.004667912745983993	5500	0.6705849826335907	933.7567918410059
lp	classification	leave_one_out	loo_midterm	8	ukr_rus_twitter,covid19_twitter,covid_political,election2020,ukr_rus_suspended,twibot20,cp_hk_twitter,facebook_page_reference			midterm	facebook_page_reference	0.7882556279892954	0.8159432391388971	-0.02768761114960172	5500	0.6705849826335907	933.7567918410059
lp	classification	leave_one_out	loo_midterm	8	ukr_rus_twitter,covid19_twitter,covid_political,election2020,ukr_rus_suspended,twibot20,cp_hk_twitter,facebook_page_reference			midterm	twibot20	0.603677346973036	0.663361340134341	-0.059683993161305016	5500	0.6705849826335907	933.7567918410059
lp	classification	leave_one_out	loo_midterm	8	ukr_rus_twitter,covid19_twitter,covid_political,election2020,ukr_rus_suspended,twibot20,cp_hk_twitter,facebook_page_reference			midterm	ukr_rus_suspended	0.516614398955633	0.544663940967283	-0.028049542011649997	5500	0.6705849826335907	933.7567918410059
lp	classification	leave_one_out	loo_covid_political	8	ukr_rus_twitter,covid19_twitter,midterm,election2020,ukr_rus_suspended,twibot20,cp_hk_twitter,facebook_page_reference			covid_political	covid_political	0.8359299826023621	0.9244817243438279	-0.08855174174146585	4500	0.6729451619088649	792.6408697559964
lp	classification	leave_one_out	loo_covid_political	8	ukr_rus_twitter,covid19_twitter,midterm,election2020,ukr_rus_suspended,twibot20,cp_hk_twitter,facebook_page_reference			covid_political	election2020	0.9771485867721954	0.982391265782681	-0.005242679010485585	4500	0.6729451619088649	792.6408697559964
lp	classification	leave_one_out	loo_covid_political	8	ukr_rus_twitter,covid19_twitter,midterm,election2020,ukr_rus_suspended,twibot20,cp_hk_twitter,facebook_page_reference			covid_political	facebook_page_reference	0.789072357941366	0.8159432391388971	-0.026870881197531116	4500	0.6729451619088649	792.6408697559964
lp	classification	leave_one_out	loo_covid_political	8	ukr_rus_twitter,covid19_twitter,midterm,election2020,ukr_rus_suspended,twibot20,cp_hk_twitter,facebook_page_reference			covid_political	twibot20	0.6087599280839577	0.6608597576981772	-0.05209982961421944	4500	0.6729451619088649	792.6408697559964
lp	classification	leave_one_out	loo_covid_political	8	ukr_rus_twitter,covid19_twitter,midterm,election2020,ukr_rus_suspended,twibot20,cp_hk_twitter,facebook_page_reference			covid_political	ukr_rus_suspended	0.5270723839329419	0.544663940967283	-0.01759155703434112	4500	0.6729451619088649	792.6408697559964
lp	classification	leave_one_out	loo_election2020	8	ukr_rus_twitter,covid19_twitter,midterm,covid_political,ukr_rus_suspended,twibot20,cp_hk_twitter,facebook_page_reference			election2020	covid_political	0.9173315544757898	0.9244817243438279	-0.00715016986803807	4750	0.6704344648867845	661.6177103020018
lp	classification	leave_one_out	loo_election2020	8	ukr_rus_twitter,covid19_twitter,midterm,covid_political,ukr_rus_suspended,twibot20,cp_hk_twitter,facebook_page_reference			election2020	election2020	0.9825943902110637	0.982391265782681	0.00020312442838266165	4750	0.6704344648867845	661.6177103020018
lp	classification	leave_one_out	loo_election2020	8	ukr_rus_twitter,covid19_twitter,midterm,covid_political,ukr_rus_suspended,twibot20,cp_hk_twitter,facebook_page_reference			election2020	facebook_page_reference	0.7861048177225197	0.8159432391388971	-0.02983842141637738	4750	0.6704344648867845	661.6177103020018
lp	classification	leave_one_out	loo_election2020	8	ukr_rus_twitter,covid19_twitter,midterm,covid_political,ukr_rus_suspended,twibot20,cp_hk_twitter,facebook_page_reference			election2020	twibot20	0.6326260489973474	0.663361340134341	-0.03073529113699358	4750	0.6704344648867845	661.6177103020018
lp	classification	leave_one_out	loo_election2020	8	ukr_rus_twitter,covid19_twitter,midterm,covid_political,ukr_rus_suspended,twibot20,cp_hk_twitter,facebook_page_reference			election2020	ukr_rus_suspended	0.5253726650463959	0.544663940967283	-0.019291275920887085	4750	0.6704344648867845	661.6177103020018
lp	classification	leave_one_out	loo_ukr_rus_suspended	8	ukr_rus_twitter,covid19_twitter,midterm,covid_political,election2020,twibot20,cp_hk_twitter,facebook_page_reference			ukr_rus_suspended	covid_political	0.8815426053608129	0.9244817243438279	-0.04293911898301506	5500	0.6701853804290294	990.0815137249883
lp	classification	leave_one_out	loo_ukr_rus_suspended	8	ukr_rus_twitter,covid19_twitter,midterm,covid_political,election2020,twibot20,cp_hk_twitter,facebook_page_reference			ukr_rus_suspended	election2020	0.9781800295710048	0.982391265782681	-0.004211236211676184	5500	0.6701853804290294	990.0815137249883
lp	classification	leave_one_out	loo_ukr_rus_suspended	8	ukr_rus_twitter,covid19_twitter,midterm,covid_political,election2020,twibot20,cp_hk_twitter,facebook_page_reference			ukr_rus_suspended	facebook_page_reference	0.7875273334250242	0.8159432391388971	-0.02841590571387287	5500	0.6701853804290294	990.0815137249883
lp	classification	leave_one_out	loo_ukr_rus_suspended	8	ukr_rus_twitter,covid19_twitter,midterm,covid_political,election2020,twibot20,cp_hk_twitter,facebook_page_reference			ukr_rus_suspended	twibot20	0.6163040054776558	0.663361340134341	-0.04705733465668516	5500	0.6701853804290294	990.0815137249883
lp	classification	leave_one_out	loo_ukr_rus_suspended	8	ukr_rus_twitter,covid19_twitter,midterm,covid_political,election2020,twibot20,cp_hk_twitter,facebook_page_reference			ukr_rus_suspended	ukr_rus_suspended	0.5306366929473795	0.544663940967283	-0.014027248019903515	5500	0.6701853804290294	990.0815137249883
lp	classification	leave_one_out	loo_twibot20	8	ukr_rus_twitter,covid19_twitter,midterm,covid_political,election2020,ukr_rus_suspended,cp_hk_twitter,facebook_page_reference			twibot20	covid_political	0.885492001607937	0.9244817243438279	-0.038989722735890964	3750	0.6734468575567006	518.1092939620139
lp	classification	leave_one_out	loo_twibot20	8	ukr_rus_twitter,covid19_twitter,midterm,covid_political,election2020,ukr_rus_suspended,cp_hk_twitter,facebook_page_reference			twibot20	election2020	0.9783267735860631	0.9810867650556823	-0.0027599914696191385	3750	0.6734468575567006	518.1092939620139
lp	classification	leave_one_out	loo_twibot20	8	ukr_rus_twitter,covid19_twitter,midterm,covid_political,election2020,ukr_rus_suspended,cp_hk_twitter,facebook_page_reference			twibot20	facebook_page_reference	0.7876239135027968	0.8159432391388971	-0.02831932563610029	3750	0.6734468575567006	518.1092939620139
lp	classification	leave_one_out	loo_twibot20	8	ukr_rus_twitter,covid19_twitter,midterm,covid_political,election2020,ukr_rus_suspended,cp_hk_twitter,facebook_page_reference			twibot20	twibot20	0.6341009199226961	0.663361340134341	-0.029260420211644877	3750	0.6734468575567006	518.1092939620139
lp	classification	leave_one_out	loo_twibot20	8	ukr_rus_twitter,covid19_twitter,midterm,covid_political,election2020,ukr_rus_suspended,cp_hk_twitter,facebook_page_reference			twibot20	ukr_rus_suspended	0.5152136157954175	0.544663940967283	-0.02945032517186552	3750	0.6734468575567006	518.1092939620139
lp	classification	leave_one_out	loo_cp_hk_twitter	8	ukr_rus_twitter,covid19_twitter,midterm,covid_political,election2020,ukr_rus_suspended,twibot20,facebook_page_reference			cp_hk_twitter	covid_political	0.8845737939022529	0.9244817243438279	-0.039907930441575035	3750	0.6740317232906818	496.38955514499685
lp	classification	leave_one_out	loo_cp_hk_twitter	8	ukr_rus_twitter,covid19_twitter,midterm,covid_political,election2020,ukr_rus_suspended,twibot20,facebook_page_reference			cp_hk_twitter	election2020	0.9784887764536366	0.982391265782681	-0.0039024893290443563	3750	0.6740317232906818	496.38955514499685
lp	classification	leave_one_out	loo_cp_hk_twitter	8	ukr_rus_twitter,covid19_twitter,midterm,covid_political,election2020,ukr_rus_suspended,twibot20,facebook_page_reference			cp_hk_twitter	facebook_page_reference	0.7918157294714447	0.8159432391388971	-0.024127509667452363	3750	0.6740317232906818	496.38955514499685
lp	classification	leave_one_out	loo_cp_hk_twitter	8	ukr_rus_twitter,covid19_twitter,midterm,covid_political,election2020,ukr_rus_suspended,twibot20,facebook_page_reference			cp_hk_twitter	twibot20	0.6125179649796779	0.663361340134341	-0.050843375154663084	3750	0.6740317232906818	496.38955514499685
lp	classification	leave_one_out	loo_cp_hk_twitter	8	ukr_rus_twitter,covid19_twitter,midterm,covid_political,election2020,ukr_rus_suspended,twibot20,facebook_page_reference			cp_hk_twitter	ukr_rus_suspended	0.5138979998260317	0.544663940967283	-0.030765941141251307	3750	0.6740317232906818	496.38955514499685
lp	classification	leave_one_out	loo_facebook_page_reference	8	ukr_rus_twitter,covid19_twitter,midterm,covid_political,election2020,ukr_rus_suspended,twibot20,cp_hk_twitter			facebook_page_reference	covid_political	0.87697250717327	0.9244817243438279	-0.047509217170557894	4000	0.6736538041383028	689.2959707240225
lp	classification	leave_one_out	loo_facebook_page_reference	8	ukr_rus_twitter,covid19_twitter,midterm,covid_political,election2020,ukr_rus_suspended,twibot20,cp_hk_twitter			facebook_page_reference	election2020	0.9780179882590831	0.982391265782681	-0.0043732775235978405	4000	0.6736538041383028	689.2959707240225
lp	classification	leave_one_out	loo_facebook_page_reference	8	ukr_rus_twitter,covid19_twitter,midterm,covid_political,election2020,ukr_rus_suspended,twibot20,cp_hk_twitter			facebook_page_reference	facebook_page_reference	0.809139713357143	0.8159432391388971	-0.006803525781754138	4000	0.6736538041383028	689.2959707240225
lp	classification	leave_one_out	loo_facebook_page_reference	8	ukr_rus_twitter,covid19_twitter,midterm,covid_political,election2020,ukr_rus_suspended,twibot20,cp_hk_twitter			facebook_page_reference	twibot20	0.6212716060659118	0.663361340134341	-0.042089734068429197	4000	0.6736538041383028	689.2959707240225
lp	classification	leave_one_out	loo_facebook_page_reference	8	ukr_rus_twitter,covid19_twitter,midterm,covid_political,election2020,ukr_rus_suspended,twibot20,cp_hk_twitter			facebook_page_reference	ukr_rus_suspended	0.51620091621214	0.544663940967283	-0.02846302475514295	4000	0.6736538041383028	689.2959707240225
lp	static_link_prediction	matrix_singleton	ss_ukr_rus_twitter	1	ukr_rus_twitter				ukr_rus_twitter	0.7392974489795918			3250	0.6592538058757782	440.07852862001164
lp	static_link_prediction	matrix_singleton	ss_ukr_rus_twitter	1	ukr_rus_twitter				covid19_twitter	0.8171201530612245			3250	0.6592538058757782	440.07852862001164
lp	static_link_prediction	matrix_singleton	ss_ukr_rus_twitter	1	ukr_rus_twitter				midterm	0.6440255102040816			3250	0.6592538058757782	440.07852862001164
lp	static_link_prediction	matrix_singleton	ss_ukr_rus_twitter	1	ukr_rus_twitter				twibot20	0.7024867346938776			3250	0.6592538058757782	440.07852862001164
lp	static_link_prediction	matrix_singleton	ss_ukr_rus_twitter	1	ukr_rus_twitter				cp_hk_twitter	0.6047783163265306			3250	0.6592538058757782	440.07852862001164
lp	static_link_prediction	matrix_singleton	ss_ukr_rus_twitter	1	ukr_rus_twitter				facebook_page_reference	0.8523622448979592			3250	0.6592538058757782	440.07852862001164
lp	static_link_prediction	matrix_singleton	ss_covid19_twitter	1	covid19_twitter				ukr_rus_twitter	0.7211831632653061			3500	0.6562536418437958	329.96712432597997
lp	static_link_prediction	matrix_singleton	ss_covid19_twitter	1	covid19_twitter				covid19_twitter	0.8337507653061225			3500	0.6562536418437958	329.96712432597997
lp	static_link_prediction	matrix_singleton	ss_covid19_twitter	1	covid19_twitter				midterm	0.6459127551020408			3500	0.6562536418437958	329.96712432597997
lp	static_link_prediction	matrix_singleton	ss_covid19_twitter	1	covid19_twitter				twibot20	0.7290280612244898			3500	0.6562536418437958	329.96712432597997
lp	static_link_prediction	matrix_singleton	ss_covid19_twitter	1	covid19_twitter				cp_hk_twitter	0.5940844387755102			3500	0.6562536418437958	329.96712432597997
lp	static_link_prediction	matrix_singleton	ss_covid19_twitter	1	covid19_twitter				facebook_page_reference	0.8501984693877551			3500	0.6562536418437958	329.96712432597997
lp	static_link_prediction	matrix_singleton	ss_midterm	1	midterm				ukr_rus_twitter	0.6944137755102041			2500	0.6719820410013199	201.34883754100883
lp	static_link_prediction	matrix_singleton	ss_midterm	1	midterm				covid19_twitter	0.7796140306122449			2500	0.6719820410013199	201.34883754100883
lp	static_link_prediction	matrix_singleton	ss_midterm	1	midterm				midterm	0.7141882653061224			2500	0.6719820410013199	201.34883754100883
lp	static_link_prediction	matrix_singleton	ss_midterm	1	midterm				twibot20	0.7790857142857143			2500	0.6719820410013199	201.34883754100883
lp	static_link_prediction	matrix_singleton	ss_midterm	1	midterm				cp_hk_twitter	0.5819829081632653			2500	0.6719820410013199	201.34883754100883
lp	static_link_prediction	matrix_singleton	ss_midterm	1	midterm				facebook_page_reference	0.8008617346938776			2500	0.6719820410013199	201.34883754100883
lp	static_link_prediction	matrix_singleton	ss_covid_political	1	covid_political				ukr_rus_twitter	0.6141119897959184			3000	0.6511850833892823	119.66204165900126
lp	static_link_prediction	matrix_singleton	ss_covid_political	1	covid_political				covid19_twitter	0.6923609693877552			3000	0.6511850833892823	119.66204165900126
lp	static_link_prediction	matrix_singleton	ss_covid_political	1	covid_political				midterm	0.617979081632653			3000	0.6511850833892823	119.66204165900126
lp	static_link_prediction	matrix_singleton	ss_covid_political	1	covid_political				twibot20	0.7800477040816326			3000	0.6511850833892823	119.66204165900126
lp	static_link_prediction	matrix_singleton	ss_covid_political	1	covid_political				cp_hk_twitter	0.5447170918367347			3000	0.6511850833892823	119.66204165900126
lp	static_link_prediction	matrix_singleton	ss_covid_political	1	covid_political				facebook_page_reference	0.7158265306122449			3000	0.6511850833892823	119.66204165900126
lp	static_link_prediction	matrix_singleton	ss_election2020	1	election2020				ukr_rus_twitter	0.5782188775510204			3250	0.6642004936933518	539.1897928229882
lp	static_link_prediction	matrix_singleton	ss_election2020	1	election2020				covid19_twitter	0.6455227040816327			3250	0.6642004936933518	539.1897928229882
lp	static_link_prediction	matrix_singleton	ss_election2020	1	election2020				midterm	0.6524612244897959			3250	0.6642004936933518	539.1897928229882
lp	static_link_prediction	matrix_singleton	ss_election2020	1	election2020				twibot20	0.6758954081632653			3250	0.6642004936933518	539.1897928229882
lp	static_link_prediction	matrix_singleton	ss_election2020	1	election2020				cp_hk_twitter	0.5372961734693877			3250	0.6642004936933518	539.1897928229882
lp	static_link_prediction	matrix_singleton	ss_election2020	1	election2020				facebook_page_reference	0.6441178571428572			3250	0.6642004936933518	539.1897928229882
lp	static_link_prediction	matrix_singleton	ss_ukr_rus_suspended	1	ukr_rus_suspended				ukr_rus_twitter	0.7450234693877551			3250	0.680508342385292	267.073773290962
lp	static_link_prediction	matrix_singleton	ss_ukr_rus_suspended	1	ukr_rus_suspended				covid19_twitter	0.8146415816326531			3250	0.680508342385292	267.073773290962
lp	static_link_prediction	matrix_singleton	ss_ukr_rus_suspended	1	ukr_rus_suspended				midterm	0.6432688775510204			3250	0.680508342385292	267.073773290962
lp	static_link_prediction	matrix_singleton	ss_ukr_rus_suspended	1	ukr_rus_suspended				twibot20	0.757980612244898			3250	0.680508342385292	267.073773290962
lp	static_link_prediction	matrix_singleton	ss_ukr_rus_suspended	1	ukr_rus_suspended				cp_hk_twitter	0.5871522959183674			3250	0.680508342385292	267.073773290962
lp	static_link_prediction	matrix_singleton	ss_ukr_rus_suspended	1	ukr_rus_suspended				facebook_page_reference	0.810451530612245			3250	0.680508342385292	267.073773290962
lp	static_link_prediction	matrix_singleton	ss_twibot20	1	twibot20				ukr_rus_twitter	0.7469505102040817			4250	0.6520013362169266	587.9697536189924
lp	static_link_prediction	matrix_singleton	ss_twibot20	1	twibot20				covid19_twitter	0.8593859693877551			4250	0.6520013362169266	587.9697536189924
lp	static_link_prediction	matrix_singleton	ss_twibot20	1	twibot20				midterm	0.6940928571428572			4250	0.6520013362169266	587.9697536189924
lp	static_link_prediction	matrix_singleton	ss_twibot20	1	twibot20				twibot20	0.8249423469387756			4250	0.6520013362169266	587.9697536189924
lp	static_link_prediction	matrix_singleton	ss_twibot20	1	twibot20				cp_hk_twitter	0.6072385204081633			4250	0.6520013362169266	587.9697536189924
lp	static_link_prediction	matrix_singleton	ss_twibot20	1	twibot20				facebook_page_reference	0.8257454081632654			4250	0.6520013362169266	587.9697536189924
lp	static_link_prediction	matrix_singleton	ss_cp_hk_twitter	1	cp_hk_twitter				ukr_rus_twitter	0.6298474489795919			3250	0.6541358262300492	240.01476752199233
lp	static_link_prediction	matrix_singleton	ss_cp_hk_twitter	1	cp_hk_twitter				covid19_twitter	0.7131216836734694			3250	0.6541358262300492	240.01476752199233
lp	static_link_prediction	matrix_singleton	ss_cp_hk_twitter	1	cp_hk_twitter				midterm	0.6237627551020408			3250	0.6541358262300492	240.01476752199233
lp	static_link_prediction	matrix_singleton	ss_cp_hk_twitter	1	cp_hk_twitter				twibot20	0.6959255102040817			3250	0.6541358262300492	240.01476752199233
lp	static_link_prediction	matrix_singleton	ss_cp_hk_twitter	1	cp_hk_twitter				cp_hk_twitter	0.5920604591836734			3250	0.6541358262300492	240.01476752199233
lp	static_link_prediction	matrix_singleton	ss_cp_hk_twitter	1	cp_hk_twitter				facebook_page_reference	0.7102326530612245			3250	0.6541358262300492	240.01476752199233
lp	static_link_prediction	matrix_singleton	ss_facebook_page_reference	1	facebook_page_reference				ukr_rus_twitter	0.7216989795918367			4250	0.6532071381807327	167.47415348800132
lp	static_link_prediction	matrix_singleton	ss_facebook_page_reference	1	facebook_page_reference				covid19_twitter	0.797406887755102			4250	0.6532071381807327	167.47415348800132
lp	static_link_prediction	matrix_singleton	ss_facebook_page_reference	1	facebook_page_reference				midterm	0.6471158163265306			4250	0.6532071381807327	167.47415348800132
lp	static_link_prediction	matrix_singleton	ss_facebook_page_reference	1	facebook_page_reference				twibot20	0.7189612244897959			4250	0.6532071381807327	167.47415348800132
lp	static_link_prediction	matrix_singleton	ss_facebook_page_reference	1	facebook_page_reference				cp_hk_twitter	0.5810752551020408			4250	0.6532071381807327	167.47415348800132
lp	static_link_prediction	matrix_singleton	ss_facebook_page_reference	1	facebook_page_reference				facebook_page_reference	0.8735765306122449			4250	0.6532071381807327	167.47415348800132
lp	static_link_prediction	pair	pair_ukr_rus_twitter__covid19_twitter	2	ukr_rus_twitter,covid19_twitter	ukr_rus_twitter	covid19_twitter		ukr_rus_twitter	0.7345938775510205	0.7392974489795918	-0.004703571428571363	4250	0.6597958222031594	505.4782942759921
lp	static_link_prediction	pair	pair_ukr_rus_twitter__covid19_twitter	2	ukr_rus_twitter,covid19_twitter	ukr_rus_twitter	covid19_twitter		covid19_twitter	0.8251038265306122	0.8337507653061225	-0.00864693877551026	4250	0.6597958222031594	505.4782942759921
lp	static_link_prediction	pair	pair_ukr_rus_twitter__covid19_twitter	2	ukr_rus_twitter,covid19_twitter	ukr_rus_twitter	covid19_twitter		midterm	0.641606887755102	0.6459127551020408	-0.00430586734693883	4250	0.6597958222031594	505.4782942759921
lp	static_link_prediction	pair	pair_ukr_rus_twitter__covid19_twitter	2	ukr_rus_twitter,covid19_twitter	ukr_rus_twitter	covid19_twitter		twibot20	0.7158280612244898	0.7290280612244898	-0.01319999999999999	4250	0.6597958222031594	505.4782942759921
lp	static_link_prediction	pair	pair_ukr_rus_twitter__covid19_twitter	2	ukr_rus_twitter,covid19_twitter	ukr_rus_twitter	covid19_twitter		cp_hk_twitter	0.5901619897959184	0.6047783163265306	-0.014616326530612178	4250	0.6597958222031594	505.4782942759921
lp	static_link_prediction	pair	pair_ukr_rus_twitter__covid19_twitter	2	ukr_rus_twitter,covid19_twitter	ukr_rus_twitter	covid19_twitter		facebook_page_reference	0.8565224489795918	0.8523622448979592	0.004160204081632646	4250	0.6597958222031594	505.4782942759921
lp	static_link_prediction	pair	pair_ukr_rus_twitter__midterm	2	ukr_rus_twitter,midterm	ukr_rus_twitter	midterm		ukr_rus_twitter	0.718	0.7392974489795918	-0.02129744897959185	4250	0.6712443068623544	368.68074451800203
lp	static_link_prediction	pair	pair_ukr_rus_twitter__midterm	2	ukr_rus_twitter,midterm	ukr_rus_twitter	midterm		covid19_twitter	0.8204946428571429	0.8171201530612245	0.0033744897959183673	4250	0.6712443068623544	368.68074451800203
lp	static_link_prediction	pair	pair_ukr_rus_twitter__midterm	2	ukr_rus_twitter,midterm	ukr_rus_twitter	midterm		midterm	0.7106066326530612	0.7141882653061224	-0.0035816326530612175	4250	0.6712443068623544	368.68074451800203
lp	static_link_prediction	pair	pair_ukr_rus_twitter__midterm	2	ukr_rus_twitter,midterm	ukr_rus_twitter	midterm		twibot20	0.7656219387755102	0.7790857142857143	-0.013463775510204057	4250	0.6712443068623544	368.68074451800203
lp	static_link_prediction	pair	pair_ukr_rus_twitter__midterm	2	ukr_rus_twitter,midterm	ukr_rus_twitter	midterm		cp_hk_twitter	0.5974068877551021	0.6047783163265306	-0.007371428571428473	4250	0.6712443068623544	368.68074451800203
lp	static_link_prediction	pair	pair_ukr_rus_twitter__midterm	2	ukr_rus_twitter,midterm	ukr_rus_twitter	midterm		facebook_page_reference	0.8462612244897959	0.8523622448979592	-0.0061010204081632935	4250	0.6712443068623544	368.68074451800203
lp	static_link_prediction	pair	pair_ukr_rus_twitter__covid_political	2	ukr_rus_twitter,covid_political	ukr_rus_twitter	covid_political		ukr_rus_twitter	0.7286719387755102	0.7392974489795918	-0.010625510204081645	4000	0.659652727842331	317.76564621104626
lp	static_link_prediction	pair	pair_ukr_rus_twitter__covid_political	2	ukr_rus_twitter,covid_political	ukr_rus_twitter	covid_political		covid19_twitter	0.8180558673469388	0.8171201530612245	0.000935714285714262	4000	0.659652727842331	317.76564621104626
lp	static_link_prediction	pair	pair_ukr_rus_twitter__covid_political	2	ukr_rus_twitter,covid_political	ukr_rus_twitter	covid_political		midterm	0.6411474489795919	0.6440255102040816	-0.0028780612244897474	4000	0.659652727842331	317.76564621104626
lp	static_link_prediction	pair	pair_ukr_rus_twitter__covid_political	2	ukr_rus_twitter,covid_political	ukr_rus_twitter	covid_political		twibot20	0.7448561224489796	0.7800477040816326	-0.03519158163265301	4000	0.659652727842331	317.76564621104626
lp	static_link_prediction	pair	pair_ukr_rus_twitter__covid_political	2	ukr_rus_twitter,covid_political	ukr_rus_twitter	covid_political		cp_hk_twitter	0.605325	0.6047783163265306	0.0005466836734694391	4000	0.659652727842331	317.76564621104626
lp	static_link_prediction	pair	pair_ukr_rus_twitter__covid_political	2	ukr_rus_twitter,covid_political	ukr_rus_twitter	covid_political		facebook_page_reference	0.8333678571428571	0.8523622448979592	-0.018994387755102093	4000	0.659652727842331	317.76564621104626
lp	static_link_prediction	pair	pair_ukr_rus_twitter__election2020	2	ukr_rus_twitter,election2020	ukr_rus_twitter	election2020		ukr_rus_twitter	0.7370158163265306	0.7392974489795918	-0.0022816326530612496	4500	0.6652790158987045	610.7850011300179
lp	static_link_prediction	pair	pair_ukr_rus_twitter__election2020	2	ukr_rus_twitter,election2020	ukr_rus_twitter	election2020		covid19_twitter	0.8297201530612245	0.8171201530612245	0.012599999999999945	4500	0.6652790158987045	610.7850011300179
lp	static_link_prediction	pair	pair_ukr_rus_twitter__election2020	2	ukr_rus_twitter,election2020	ukr_rus_twitter	election2020		midterm	0.6702173469387755	0.6524612244897959	0.017756122448979617	4500	0.6652790158987045	610.7850011300179
lp	static_link_prediction	pair	pair_ukr_rus_twitter__election2020	2	ukr_rus_twitter,election2020	ukr_rus_twitter	election2020		twibot20	0.7458147959183673	0.7024867346938776	0.04332806122448973	4500	0.6652790158987045	610.7850011300179
lp	static_link_prediction	pair	pair_ukr_rus_twitter__election2020	2	ukr_rus_twitter,election2020	ukr_rus_twitter	election2020		cp_hk_twitter	0.5973951530612245	0.6047783163265306	-0.007383163265306081	4500	0.6652790158987045	610.7850011300179
lp	static_link_prediction	pair	pair_ukr_rus_twitter__election2020	2	ukr_rus_twitter,election2020	ukr_rus_twitter	election2020		facebook_page_reference	0.8422984693877551	0.8523622448979592	-0.010063775510204098	4500	0.6652790158987045	610.7850011300179
lp	static_link_prediction	pair	pair_ukr_rus_twitter__ukr_rus_suspended	2	ukr_rus_twitter,ukr_rus_suspended	ukr_rus_twitter	ukr_rus_suspended		ukr_rus_twitter	0.747384693877551	0.7450234693877551	0.002361224489795921	3000	0.6743037924170494	267.2860238850117
lp	static_link_prediction	pair	pair_ukr_rus_twitter__ukr_rus_suspended	2	ukr_rus_twitter,ukr_rus_suspended	ukr_rus_twitter	ukr_rus_suspended		covid19_twitter	0.8251002551020408	0.8171201530612245	0.007980102040816228	3000	0.6743037924170494	267.2860238850117
lp	static_link_prediction	pair	pair_ukr_rus_twitter__ukr_rus_suspended	2	ukr_rus_twitter,ukr_rus_suspended	ukr_rus_twitter	ukr_rus_suspended		midterm	0.638502806122449	0.6440255102040816	-0.005522704081632579	3000	0.6743037924170494	267.2860238850117
lp	static_link_prediction	pair	pair_ukr_rus_twitter__ukr_rus_suspended	2	ukr_rus_twitter,ukr_rus_suspended	ukr_rus_twitter	ukr_rus_suspended		twibot20	0.7101484693877551	0.757980612244898	-0.04783214285714288	3000	0.6743037924170494	267.2860238850117
lp	static_link_prediction	pair	pair_ukr_rus_twitter__ukr_rus_suspended	2	ukr_rus_twitter,ukr_rus_suspended	ukr_rus_twitter	ukr_rus_suspended		cp_hk_twitter	0.5992017857142857	0.6047783163265306	-0.005576530612244834	3000	0.6743037924170494	267.2860238850117
lp	static_link_prediction	pair	pair_ukr_rus_twitter__ukr_rus_suspended	2	ukr_rus_twitter,ukr_rus_suspended	ukr_rus_twitter	ukr_rus_suspended		facebook_page_reference	0.8407959183673469	0.8523622448979592	-0.011566326530612292	3000	0.6743037924170494	267.2860238850117
lp	static_link_prediction	pair	pair_ukr_rus_twitter__twibot20	2	ukr_rus_twitter,twibot20	ukr_rus_twitter	twibot20		ukr_rus_twitter	0.7395448979591837	0.7469505102040817	-0.007405612244897997	4250	0.6595951780676842	523.4762107040151
lp	static_link_prediction	pair	pair_ukr_rus_twitter__twibot20	2	ukr_rus_twitter,twibot20	ukr_rus_twitter	twibot20		covid19_twitter	0.8446441326530613	0.8593859693877551	-0.01474183673469387	4250	0.6595951780676842	523.4762107040151
lp	static_link_prediction	pair	pair_ukr_rus_twitter__twibot20	2	ukr_rus_twitter,twibot20	ukr_rus_twitter	twibot20		midterm	0.677904081632653	0.6940928571428572	-0.016188775510204145	4250	0.6595951780676842	523.4762107040151
lp	static_link_prediction	pair	pair_ukr_rus_twitter__twibot20	2	ukr_rus_twitter,twibot20	ukr_rus_twitter	twibot20		twibot20	0.7973607142857143	0.8249423469387756	-0.02758163265306124	4250	0.6595951780676842	523.4762107040151
lp	static_link_prediction	pair	pair_ukr_rus_twitter__twibot20	2	ukr_rus_twitter,twibot20	ukr_rus_twitter	twibot20		cp_hk_twitter	0.5995137755102041	0.6072385204081633	-0.007724744897959157	4250	0.6595951780676842	523.4762107040151
lp	static_link_prediction	pair	pair_ukr_rus_twitter__twibot20	2	ukr_rus_twitter,twibot20	ukr_rus_twitter	twibot20		facebook_page_reference	0.8522908163265306	0.8523622448979592	-0.00007142857142861114	4250	0.6595951780676842	523.4762107040151
lp	static_link_prediction	pair	pair_ukr_rus_twitter__cp_hk_twitter	2	ukr_rus_twitter,cp_hk_twitter	ukr_rus_twitter	cp_hk_twitter		ukr_rus_twitter	0.7224581632653061	0.7392974489795918	-0.016839285714285723	3000	0.6598283886909484	255.44085594301578
lp	static_link_prediction	pair	pair_ukr_rus_twitter__cp_hk_twitter	2	ukr_rus_twitter,cp_hk_twitter	ukr_rus_twitter	cp_hk_twitter		covid19_twitter	0.8091405612244897	0.8171201530612245	-0.0079795918367348	3000	0.6598283886909484	255.44085594301578
lp	static_link_prediction	pair	pair_ukr_rus_twitter__cp_hk_twitter	2	ukr_rus_twitter,cp_hk_twitter	ukr_rus_twitter	cp_hk_twitter		midterm	0.6342984693877551	0.6440255102040816	-0.009727040816326471	3000	0.6598283886909484	255.44085594301578
lp	static_link_prediction	pair	pair_ukr_rus_twitter__cp_hk_twitter	2	ukr_rus_twitter,cp_hk_twitter	ukr_rus_twitter	cp_hk_twitter		twibot20	0.6992918367346939	0.7024867346938776	-0.0031948979591837068	3000	0.6598283886909484	255.44085594301578
lp	static_link_prediction	pair	pair_ukr_rus_twitter__cp_hk_twitter	2	ukr_rus_twitter,cp_hk_twitter	ukr_rus_twitter	cp_hk_twitter		cp_hk_twitter	0.5977400510204082	0.6047783163265306	-0.007038265306122393	3000	0.6598283886909484	255.44085594301578
lp	static_link_prediction	pair	pair_ukr_rus_twitter__cp_hk_twitter	2	ukr_rus_twitter,cp_hk_twitter	ukr_rus_twitter	cp_hk_twitter		facebook_page_reference	0.8355642857142858	0.8523622448979592	-0.01679795918367344	3000	0.6598283886909484	255.44085594301578
lp	static_link_prediction	pair	pair_ukr_rus_twitter__facebook_page_reference	2	ukr_rus_twitter,facebook_page_reference	ukr_rus_twitter	facebook_page_reference		ukr_rus_twitter	0.731240306122449	0.7392974489795918	-0.008057142857142874	4500	0.6586647361516953	346.0524758769898
lp	static_link_prediction	pair	pair_ukr_rus_twitter__facebook_page_reference	2	ukr_rus_twitter,facebook_page_reference	ukr_rus_twitter	facebook_page_reference		covid19_twitter	0.8162770408163266	0.8171201530612245	-0.00084311224489797	4500	0.6586647361516953	346.0524758769898
lp	static_link_prediction	pair	pair_ukr_rus_twitter__facebook_page_reference	2	ukr_rus_twitter,facebook_page_reference	ukr_rus_twitter	facebook_page_reference		midterm	0.6425255102040817	0.6471158163265306	-0.004590306122448928	4500	0.6586647361516953	346.0524758769898
lp	static_link_prediction	pair	pair_ukr_rus_twitter__facebook_page_reference	2	ukr_rus_twitter,facebook_page_reference	ukr_rus_twitter	facebook_page_reference		twibot20	0.7131903061224489	0.7189612244897959	-0.005770918367347	4500	0.6586647361516953	346.0524758769898
lp	static_link_prediction	pair	pair_ukr_rus_twitter__facebook_page_reference	2	ukr_rus_twitter,facebook_page_reference	ukr_rus_twitter	facebook_page_reference		cp_hk_twitter	0.595039030612245	0.6047783163265306	-0.009739285714285617	4500	0.6586647361516953	346.0524758769898
lp	static_link_prediction	pair	pair_ukr_rus_twitter__facebook_page_reference	2	ukr_rus_twitter,facebook_page_reference	ukr_rus_twitter	facebook_page_reference		facebook_page_reference	0.8773928571428572	0.8735765306122449	0.0038163265306122574	4500	0.6586647361516953	346.0524758769898
lp	static_link_prediction	pair	pair_covid19_twitter__midterm	2	covid19_twitter,midterm	covid19_twitter	midterm		ukr_rus_twitter	0.7271454081632653	0.7211831632653061	0.005962244897959268	3500	0.671066603064537	305.41169488301966
lp	static_link_prediction	pair	pair_covid19_twitter__midterm	2	covid19_twitter,midterm	covid19_twitter	midterm		covid19_twitter	0.839048724489796	0.8337507653061225	0.005297959183673484	3500	0.671066603064537	305.41169488301966
lp	static_link_prediction	pair	pair_covid19_twitter__midterm	2	covid19_twitter,midterm	covid19_twitter	midterm		midterm	0.7209056122448979	0.7141882653061224	0.006717346938775459	3500	0.671066603064537	305.41169488301966
lp	static_link_prediction	pair	pair_covid19_twitter__midterm	2	covid19_twitter,midterm	covid19_twitter	midterm		twibot20	0.7709887755102041	0.7790857142857143	-0.00809693877551021	3500	0.671066603064537	305.41169488301966
lp	static_link_prediction	pair	pair_covid19_twitter__midterm	2	covid19_twitter,midterm	covid19_twitter	midterm		cp_hk_twitter	0.5856385204081632	0.5940844387755102	-0.008445918367346983	3500	0.671066603064537	305.41169488301966
lp	static_link_prediction	pair	pair_covid19_twitter__midterm	2	covid19_twitter,midterm	covid19_twitter	midterm		facebook_page_reference	0.8358459183673469	0.8501984693877551	-0.014352551020408222	3500	0.671066603064537	305.41169488301966
lp	static_link_prediction	pair	pair_covid19_twitter__covid_political	2	covid19_twitter,covid_political	covid19_twitter	covid_political		ukr_rus_twitter	0.733079081632653	0.7211831632653061	0.011895918367346936	4000	0.6586647614836693	303.61019834602484
lp	static_link_prediction	pair	pair_covid19_twitter__covid_political	2	covid19_twitter,covid_political	covid19_twitter	covid_political		covid19_twitter	0.8327058673469387	0.8337507653061225	-0.0010448979591837215	4000	0.6586647614836693	303.61019834602484
lp	static_link_prediction	pair	pair_covid19_twitter__covid_political	2	covid19_twitter,covid_political	covid19_twitter	covid_political		midterm	0.6529117346938775	0.6459127551020408	0.006998979591836707	4000	0.6586647614836693	303.61019834602484
lp	static_link_prediction	pair	pair_covid19_twitter__covid_political	2	covid19_twitter,covid_political	covid19_twitter	covid_political		twibot20	0.7535558673469388	0.7800477040816326	-0.026491836734693797	4000	0.6586647614836693	303.61019834602484
lp	static_link_prediction	pair	pair_covid19_twitter__covid_political	2	covid19_twitter,covid_political	covid19_twitter	covid_political		cp_hk_twitter	0.5906385204081632	0.5940844387755102	-0.0034459183673469784	4000	0.6586647614836693	303.61019834602484
lp	static_link_prediction	pair	pair_covid19_twitter__covid_political	2	covid19_twitter,covid_political	covid19_twitter	covid_political		facebook_page_reference	0.8338928571428571	0.8501984693877551	-0.016305612244898016	4000	0.6586647614836693	303.61019834602484
lp	static_link_prediction	pair	pair_covid19_twitter__election2020	2	covid19_twitter,election2020	covid19_twitter	election2020		ukr_rus_twitter	0.7297765306122449	0.7211831632653061	0.00859336734693883	4750	0.664239625632763	638.7705415770179
lp	static_link_prediction	pair	pair_covid19_twitter__election2020	2	covid19_twitter,election2020	covid19_twitter	election2020		covid19_twitter	0.8428354591836734	0.8337507653061225	0.009084693877550953	4750	0.664239625632763	638.7705415770179
lp	static_link_prediction	pair	pair_covid19_twitter__election2020	2	covid19_twitter,election2020	covid19_twitter	election2020		midterm	0.680215306122449	0.6524612244897959	0.027754081632653027	4750	0.664239625632763	638.7705415770179
lp	static_link_prediction	pair	pair_covid19_twitter__election2020	2	covid19_twitter,election2020	covid19_twitter	election2020		twibot20	0.7514306122448979	0.7290280612244898	0.022402551020408112	4750	0.664239625632763	638.7705415770179
lp	static_link_prediction	pair	pair_covid19_twitter__election2020	2	covid19_twitter,election2020	covid19_twitter	election2020		cp_hk_twitter	0.5953961734693878	0.5940844387755102	0.0013117346938775754	4750	0.664239625632763	638.7705415770179
lp	static_link_prediction	pair	pair_covid19_twitter__election2020	2	covid19_twitter,election2020	covid19_twitter	election2020		facebook_page_reference	0.8430051020408164	0.8501984693877551	-0.0071933673469387616	4750	0.664239625632763	638.7705415770179
lp	static_link_prediction	pair	pair_covid19_twitter__ukr_rus_suspended	2	covid19_twitter,ukr_rus_suspended	covid19_twitter	ukr_rus_suspended		ukr_rus_twitter	0.7523724489795919	0.7450234693877551	0.0073489795918367795	3250	0.6725995540618896	331.42744324100204
lp	static_link_prediction	pair	pair_covid19_twitter__ukr_rus_suspended	2	covid19_twitter,ukr_rus_suspended	covid19_twitter	ukr_rus_suspended		covid19_twitter	0.8414104591836735	0.8337507653061225	0.007659693877551055	3250	0.6725995540618896	331.42744324100204
lp	static_link_prediction	pair	pair_covid19_twitter__ukr_rus_suspended	2	covid19_twitter,ukr_rus_suspended	covid19_twitter	ukr_rus_suspended		midterm	0.6497005102040816	0.6459127551020408	0.0037877551020407685	3250	0.6725995540618896	331.42744324100204
lp	static_link_prediction	pair	pair_covid19_twitter__ukr_rus_suspended	2	covid19_twitter,ukr_rus_suspended	covid19_twitter	ukr_rus_suspended		twibot20	0.7294119897959184	0.757980612244898	-0.02856862244897962	3250	0.6725995540618896	331.42744324100204
lp	static_link_prediction	pair	pair_covid19_twitter__ukr_rus_suspended	2	covid19_twitter,ukr_rus_suspended	covid19_twitter	ukr_rus_suspended		cp_hk_twitter	0.5887910714285715	0.5940844387755102	-0.005293367346938749	3250	0.6725995540618896	331.42744324100204
lp	static_link_prediction	pair	pair_covid19_twitter__ukr_rus_suspended	2	covid19_twitter,ukr_rus_suspended	covid19_twitter	ukr_rus_suspended		facebook_page_reference	0.8449418367346939	0.8501984693877551	-0.0052566326530611995	3250	0.6725995540618896	331.42744324100204
lp	static_link_prediction	pair	pair_covid19_twitter__twibot20	2	covid19_twitter,twibot20	covid19_twitter	twibot20		ukr_rus_twitter	0.7325622448979592	0.7469505102040817	-0.014388265306122472	4000	0.6593407928943634	499.78088762500556
lp	static_link_prediction	pair	pair_covid19_twitter__twibot20	2	covid19_twitter,twibot20	covid19_twitter	twibot20		covid19_twitter	0.8514936224489796	0.8593859693877551	-0.007892346938775496	4000	0.6593407928943634	499.78088762500556
lp	static_link_prediction	pair	pair_covid19_twitter__twibot20	2	covid19_twitter,twibot20	covid19_twitter	twibot20		midterm	0.6748117346938776	0.6940928571428572	-0.019281122448979615	4000	0.6593407928943634	499.78088762500556
lp	static_link_prediction	pair	pair_covid19_twitter__twibot20	2	covid19_twitter,twibot20	covid19_twitter	twibot20		twibot20	0.8010316326530612	0.8249423469387756	-0.02391071428571434	4000	0.6593407928943634	499.78088762500556
lp	static_link_prediction	pair	pair_covid19_twitter__twibot20	2	covid19_twitter,twibot20	covid19_twitter	twibot20		cp_hk_twitter	0.5878946428571429	0.6072385204081633	-0.019343877551020405	4000	0.6593407928943634	499.78088762500556
lp	static_link_prediction	pair	pair_covid19_twitter__twibot20	2	covid19_twitter,twibot20	covid19_twitter	twibot20		facebook_page_reference	0.8498132653061224	0.8501984693877551	-0.00038520408163267295	4000	0.6593407928943634	499.78088762500556
lp	static_link_prediction	pair	pair_covid19_twitter__cp_hk_twitter	2	covid19_twitter,cp_hk_twitter	covid19_twitter	cp_hk_twitter		ukr_rus_twitter	0.7203372448979591	0.7211831632653061	-0.0008459183673469317	4250	0.6577476054430008	393.78198053501546
lp	static_link_prediction	pair	pair_covid19_twitter__cp_hk_twitter	2	covid19_twitter,cp_hk_twitter	covid19_twitter	cp_hk_twitter		covid19_twitter	0.8286280612244898	0.8337507653061225	-0.005122704081632623	4250	0.6577476054430008	393.78198053501546
lp	static_link_prediction	pair	pair_covid19_twitter__cp_hk_twitter	2	covid19_twitter,cp_hk_twitter	covid19_twitter	cp_hk_twitter		midterm	0.6446198979591836	0.6459127551020408	-0.0012928571428572067	4250	0.6577476054430008	393.78198053501546
lp	static_link_prediction	pair	pair_covid19_twitter__cp_hk_twitter	2	covid19_twitter,cp_hk_twitter	covid19_twitter	cp_hk_twitter		twibot20	0.7175112244897959	0.7290280612244898	-0.011516836734693947	4250	0.6577476054430008	393.78198053501546
lp	static_link_prediction	pair	pair_covid19_twitter__cp_hk_twitter	2	covid19_twitter,cp_hk_twitter	covid19_twitter	cp_hk_twitter		cp_hk_twitter	0.6020619897959184	0.5940844387755102	0.007977551020408202	4250	0.6577476054430008	393.78198053501546
lp	static_link_prediction	pair	pair_covid19_twitter__cp_hk_twitter	2	covid19_twitter,cp_hk_twitter	covid19_twitter	cp_hk_twitter		facebook_page_reference	0.832834693877551	0.8501984693877551	-0.01736377551020407	4250	0.6577476054430008	393.78198053501546
lp	static_link_prediction	pair	pair_covid19_twitter__facebook_page_reference	2	covid19_twitter,facebook_page_reference	covid19_twitter	facebook_page_reference		ukr_rus_twitter	0.7297102040816327	0.7216989795918367	0.008011224489795965	4250	0.6567150920629501	329.7147787940339
lp	static_link_prediction	pair	pair_covid19_twitter__facebook_page_reference	2	covid19_twitter,facebook_page_reference	covid19_twitter	facebook_page_reference		covid19_twitter	0.826340306122449	0.8337507653061225	-0.007410459183673446	4250	0.6567150920629501	329.7147787940339
lp	static_link_prediction	pair	pair_covid19_twitter__facebook_page_reference	2	covid19_twitter,facebook_page_reference	covid19_twitter	facebook_page_reference		midterm	0.6487545918367347	0.6471158163265306	0.0016387755102040824	4250	0.6567150920629501	329.7147787940339
lp	static_link_prediction	pair	pair_covid19_twitter__facebook_page_reference	2	covid19_twitter,facebook_page_reference	covid19_twitter	facebook_page_reference		twibot20	0.7226831632653061	0.7290280612244898	-0.006344897959183693	4250	0.6567150920629501	329.7147787940339
lp	static_link_prediction	pair	pair_covid19_twitter__facebook_page_reference	2	covid19_twitter,facebook_page_reference	covid19_twitter	facebook_page_reference		cp_hk_twitter	0.5873635204081633	0.5940844387755102	-0.006720918367346895	4250	0.6567150920629501	329.7147787940339
lp	static_link_prediction	pair	pair_covid19_twitter__facebook_page_reference	2	covid19_twitter,facebook_page_reference	covid19_twitter	facebook_page_reference		facebook_page_reference	0.8807066326530613	0.8735765306122449	0.007130102040816322	4250	0.6567150920629501	329.7147787940339
lp	static_link_prediction	pair	pair_midterm__covid_political	2	midterm,covid_political	midterm	covid_political		ukr_rus_twitter	0.6864882653061225	0.6944137755102041	-0.00792551020408161	3000	0.6656233862042427	162.78700690402184
lp	static_link_prediction	pair	pair_midterm__covid_political	2	midterm,covid_political	midterm	covid_political		covid19_twitter	0.7722767857142857	0.7796140306122449	-0.007337244897959172	3000	0.6656233862042427	162.78700690402184
lp	static_link_prediction	pair	pair_midterm__covid_political	2	midterm,covid_political	midterm	covid_political		midterm	0.7023897959183674	0.7141882653061224	-0.011798469387755084	3000	0.6656233862042427	162.78700690402184
lp	static_link_prediction	pair	pair_midterm__covid_political	2	midterm,covid_political	midterm	covid_political		twibot20	0.7887193877551021	0.7800477040816326	0.008671683673469488	3000	0.6656233862042427	162.78700690402184
lp	static_link_prediction	pair	pair_midterm__covid_political	2	midterm,covid_political	midterm	covid_political		cp_hk_twitter	0.5731665816326531	0.5819829081632653	-0.00881632653061215	3000	0.6656233862042427	162.78700690402184
lp	static_link_prediction	pair	pair_midterm__covid_political	2	midterm,covid_political	midterm	covid_political		facebook_page_reference	0.7865841836734694	0.8008617346938776	-0.014277551020408175	3000	0.6656233862042427	162.78700690402184
lp	static_link_prediction	pair	pair_midterm__election2020	2	midterm,election2020	midterm	election2020		ukr_rus_twitter	0.6943168367346939	0.6944137755102041	-0.00009693877551020247	3250	0.672026662528515	386.95083395403344
lp	static_link_prediction	pair	pair_midterm__election2020	2	midterm,election2020	midterm	election2020		covid19_twitter	0.7715772959183673	0.7796140306122449	-0.008036734693877556	3250	0.672026662528515	386.95083395403344
lp	static_link_prediction	pair	pair_midterm__election2020	2	midterm,election2020	midterm	election2020		midterm	0.7165158163265306	0.7141882653061224	0.0023275510204081584	3250	0.672026662528515	386.95083395403344
lp	static_link_prediction	pair	pair_midterm__election2020	2	midterm,election2020	midterm	election2020		twibot20	0.7705122448979592	0.7790857142857143	-0.00857346938775505	3250	0.672026662528515	386.95083395403344
lp	static_link_prediction	pair	pair_midterm__election2020	2	midterm,election2020	midterm	election2020		cp_hk_twitter	0.5792864795918368	0.5819829081632653	-0.0026964285714284886	3250	0.672026662528515	386.95083395403344
lp	static_link_prediction	pair	pair_midterm__election2020	2	midterm,election2020	midterm	election2020		facebook_page_reference	0.7974872448979592	0.8008617346938776	-0.0033744897959183673	3250	0.672026662528515	386.95083395403344
lp	static_link_prediction	pair	pair_midterm__ukr_rus_suspended	2	midterm,ukr_rus_suspended	midterm	ukr_rus_suspended		ukr_rus_twitter	0.7092658163265306	0.7450234693877551	-0.03575765306122447	2250	0.678928191959858	218.2046264350065
lp	static_link_prediction	pair	pair_midterm__ukr_rus_suspended	2	midterm,ukr_rus_suspended	midterm	ukr_rus_suspended		covid19_twitter	0.7941742346938776	0.8146415816326531	-0.0204673469387755	2250	0.678928191959858	218.2046264350065
lp	static_link_prediction	pair	pair_midterm__ukr_rus_suspended	2	midterm,ukr_rus_suspended	midterm	ukr_rus_suspended		midterm	0.7109015306122449	0.7141882653061224	-0.0032867346938775244	2250	0.678928191959858	218.2046264350065
lp	static_link_prediction	pair	pair_midterm__ukr_rus_suspended	2	midterm,ukr_rus_suspended	midterm	ukr_rus_suspended		twibot20	0.7754438775510204	0.7790857142857143	-0.0036418367346938707	2250	0.678928191959858	218.2046264350065
lp	static_link_prediction	pair	pair_midterm__ukr_rus_suspended	2	midterm,ukr_rus_suspended	midterm	ukr_rus_suspended		cp_hk_twitter	0.5818119897959184	0.5871522959183674	-0.005340306122448957	2250	0.678928191959858	218.2046264350065
lp	static_link_prediction	pair	pair_midterm__ukr_rus_suspended	2	midterm,ukr_rus_suspended	midterm	ukr_rus_suspended		facebook_page_reference	0.7998596938775511	0.810451530612245	-0.010591836734693882	2250	0.678928191959858	218.2046264350065
lp	static_link_prediction	pair	pair_midterm__twibot20	2	midterm,twibot20	midterm	twibot20		ukr_rus_twitter	0.720579081632653	0.7469505102040817	-0.0263714285714286	3500	0.6672194078564644	371.7593734440161
lp	static_link_prediction	pair	pair_midterm__twibot20	2	midterm,twibot20	midterm	twibot20		covid19_twitter	0.8304533163265306	0.8593859693877551	-0.0289326530612245	3500	0.6672194078564644	371.7593734440161
lp	static_link_prediction	pair	pair_midterm__twibot20	2	midterm,twibot20	midterm	twibot20		midterm	0.7207505102040817	0.7141882653061224	0.006562244897959202	3500	0.6672194078564644	371.7593734440161
lp	static_link_prediction	pair	pair_midterm__twibot20	2	midterm,twibot20	midterm	twibot20		twibot20	0.8052974489795919	0.8249423469387756	-0.01964489795918367	3500	0.6672194078564644	371.7593734440161
lp	static_link_prediction	pair	pair_midterm__twibot20	2	midterm,twibot20	midterm	twibot20		cp_hk_twitter	0.5837808673469388	0.6072385204081633	-0.023457653061224493	3500	0.6672194078564644	371.7593734440161
lp	static_link_prediction	pair	pair_midterm__twibot20	2	midterm,twibot20	midterm	twibot20		facebook_page_reference	0.8234331632653061	0.8257454081632654	-0.002312244897959226	3500	0.6672194078564644	371.7593734440161
lp	static_link_prediction	pair	pair_midterm__cp_hk_twitter	2	midterm,cp_hk_twitter	midterm	cp_hk_twitter		ukr_rus_twitter	0.6793566326530612	0.6944137755102041	-0.01505714285714288	4000	0.6655182763934135	231.11615968000842
lp	static_link_prediction	pair	pair_midterm__cp_hk_twitter	2	midterm,cp_hk_twitter	midterm	cp_hk_twitter		covid19_twitter	0.7714793367346939	0.7796140306122449	-0.008134693877550947	4000	0.6655182763934135	231.11615968000842
lp	static_link_prediction	pair	pair_midterm__cp_hk_twitter	2	midterm,cp_hk_twitter	midterm	cp_hk_twitter		midterm	0.7090928571428572	0.7141882653061224	-0.005095408163265258	4000	0.6655182763934135	231.11615968000842
lp	static_link_prediction	pair	pair_midterm__cp_hk_twitter	2	midterm,cp_hk_twitter	midterm	cp_hk_twitter		twibot20	0.759663775510204	0.7790857142857143	-0.01942193877551024	4000	0.6655182763934135	231.11615968000842
lp	static_link_prediction	pair	pair_midterm__cp_hk_twitter	2	midterm,cp_hk_twitter	midterm	cp_hk_twitter		cp_hk_twitter	0.5944017857142857	0.5920604591836734	0.0023413265306122533	4000	0.6655182763934135	231.11615968000842
lp	static_link_prediction	pair	pair_midterm__cp_hk_twitter	2	midterm,cp_hk_twitter	midterm	cp_hk_twitter		facebook_page_reference	0.7898566326530613	0.8008617346938776	-0.011005102040816284	4000	0.6655182763934135	231.11615968000842
lp	static_link_prediction	pair	pair_midterm__facebook_page_reference	2	midterm,facebook_page_reference	midterm	facebook_page_reference		ukr_rus_twitter	0.7228413265306123	0.7216989795918367	0.0011423469387755736	4000	0.6641573652625083	260.09977825701935
lp	static_link_prediction	pair	pair_midterm__facebook_page_reference	2	midterm,facebook_page_reference	midterm	facebook_page_reference		covid19_twitter	0.8112191326530612	0.797406887755102	0.01381224489795918	4000	0.6641573652625083	260.09977825701935
lp	static_link_prediction	pair	pair_midterm__facebook_page_reference	2	midterm,facebook_page_reference	midterm	facebook_page_reference		midterm	0.7200897959183673	0.7141882653061224	0.005901530612244854	4000	0.6641573652625083	260.09977825701935
lp	static_link_prediction	pair	pair_midterm__facebook_page_reference	2	midterm,facebook_page_reference	midterm	facebook_page_reference		twibot20	0.7849357142857143	0.7790857142857143	0.005850000000000022	4000	0.6641573652625083	260.09977825701935
lp	static_link_prediction	pair	pair_midterm__facebook_page_reference	2	midterm,facebook_page_reference	midterm	facebook_page_reference		cp_hk_twitter	0.5852522959183674	0.5819829081632653	0.0032693877551021044	4000	0.6641573652625083	260.09977825701935
lp	static_link_prediction	pair	pair_midterm__facebook_page_reference	2	midterm,facebook_page_reference	midterm	facebook_page_reference		facebook_page_reference	0.8691581632653061	0.8735765306122449	-0.00441836734693879	4000	0.6641573652625083	260.09977825701935
lp	static_link_prediction	pair	pair_covid_political__election2020	2	covid_political,election2020	covid_political	election2020		ukr_rus_twitter	0.6119918367346939	0.6141119897959184	-0.0021201530612244834	3500	0.6638680294156074	350.48531528702006
lp	static_link_prediction	pair	pair_covid_political__election2020	2	covid_political,election2020	covid_political	election2020		covid19_twitter	0.6775216836734694	0.6923609693877552	-0.014839285714285722	3500	0.6638680294156074	350.48531528702006
lp	static_link_prediction	pair	pair_covid_political__election2020	2	covid_political,election2020	covid_political	election2020		midterm	0.6362803571428571	0.6524612244897959	-0.0161808673469388	3500	0.6638680294156074	350.48531528702006
lp	static_link_prediction	pair	pair_covid_political__election2020	2	covid_political,election2020	covid_political	election2020		twibot20	0.7367448979591836	0.7800477040816326	-0.04330280612244897	3500	0.6638680294156074	350.48531528702006
lp	static_link_prediction	pair	pair_covid_political__election2020	2	covid_political,election2020	covid_political	election2020		cp_hk_twitter	0.5448451530612245	0.5447170918367347	0.00012806122448982826	3500	0.6638680294156074	350.48531528702006
lp	static_link_prediction	pair	pair_covid_political__election2020	2	covid_political,election2020	covid_political	election2020		facebook_page_reference	0.7067910714285714	0.7158265306122449	-0.009035459183673433	3500	0.6638680294156074	350.48531528702006
lp	static_link_prediction	pair	pair_covid_political__ukr_rus_suspended	2	covid_political,ukr_rus_suspended	covid_political	ukr_rus_suspended		ukr_rus_twitter	0.7113591836734694	0.7450234693877551	-0.0336642857142857	3250	0.668144628405571	212.55495566601167
lp	static_link_prediction	pair	pair_covid_political__ukr_rus_suspended	2	covid_political,ukr_rus_suspended	covid_political	ukr_rus_suspended		covid19_twitter	0.7892405612244898	0.8146415816326531	-0.025401020408163277	3250	0.668144628405571	212.55495566601167
lp	static_link_prediction	pair	pair_covid_political__ukr_rus_suspended	2	covid_political,ukr_rus_suspended	covid_political	ukr_rus_suspended		midterm	0.6414688775510204	0.6432688775510204	-0.0017999999999999128	3250	0.668144628405571	212.55495566601167
lp	static_link_prediction	pair	pair_covid_political__ukr_rus_suspended	2	covid_political,ukr_rus_suspended	covid_political	ukr_rus_suspended		twibot20	0.7939709183673469	0.7800477040816326	0.013923214285714303	3250	0.668144628405571	212.55495566601167
lp	static_link_prediction	pair	pair_covid_political__ukr_rus_suspended	2	covid_political,ukr_rus_suspended	covid_political	ukr_rus_suspended		cp_hk_twitter	0.5789859693877552	0.5871522959183674	-0.008166326530612222	3250	0.668144628405571	212.55495566601167
lp	static_link_prediction	pair	pair_covid_political__ukr_rus_suspended	2	covid_political,ukr_rus_suspended	covid_political	ukr_rus_suspended		facebook_page_reference	0.7778923469387755	0.810451530612245	-0.03255918367346944	3250	0.668144628405571	212.55495566601167
lp	static_link_prediction	pair	pair_covid_political__twibot20	2	covid_political,twibot20	covid_political	twibot20		ukr_rus_twitter	0.7230209183673469	0.7469505102040817	-0.02392959183673471	4250	0.6545393019914627	370.71970227599377
lp	static_link_prediction	pair	pair_covid_political__twibot20	2	covid_political,twibot20	covid_political	twibot20		covid19_twitter	0.8354247448979591	0.8593859693877551	-0.023961224489795985	4250	0.6545393019914627	370.71970227599377
lp	static_link_prediction	pair	pair_covid_political__twibot20	2	covid_political,twibot20	covid_political	twibot20		midterm	0.6733280612244898	0.6940928571428572	-0.02076479591836733	4250	0.6545393019914627	370.71970227599377
lp	static_link_prediction	pair	pair_covid_political__twibot20	2	covid_political,twibot20	covid_political	twibot20		twibot20	0.8152964285714286	0.8249423469387756	-0.009645918367346962	4250	0.6545393019914627	370.71970227599377
lp	static_link_prediction	pair	pair_covid_political__twibot20	2	covid_political,twibot20	covid_political	twibot20		cp_hk_twitter	0.5861109693877551	0.6072385204081633	-0.021127551020408197	4250	0.6545393019914627	370.71970227599377
lp	static_link_prediction	pair	pair_covid_political__twibot20	2	covid_political,twibot20	covid_political	twibot20		facebook_page_reference	0.7983846938775511	0.8257454081632654	-0.027360714285714294	4250	0.6545393019914627	370.71970227599377
lp	static_link_prediction	pair	pair_covid_political__cp_hk_twitter	2	covid_political,cp_hk_twitter	covid_political	cp_hk_twitter		ukr_rus_twitter	0.6370122448979592	0.6298474489795919	0.007164795918367273	3000	0.6548558473587036	197.79273456300143
lp	static_link_prediction	pair	pair_covid_political__cp_hk_twitter	2	covid_political,cp_hk_twitter	covid_political	cp_hk_twitter		covid19_twitter	0.7167283163265306	0.7131216836734694	0.003606632653061159	3000	0.6548558473587036	197.79273456300143
lp	static_link_prediction	pair	pair_covid_political__cp_hk_twitter	2	covid_political,cp_hk_twitter	covid_political	cp_hk_twitter		midterm	0.619604081632653	0.6237627551020408	-0.004158673469387808	3000	0.6548558473587036	197.79273456300143
lp	static_link_prediction	pair	pair_covid_political__cp_hk_twitter	2	covid_political,cp_hk_twitter	covid_political	cp_hk_twitter		twibot20	0.7681428571428571	0.7800477040816326	-0.01190484693877547	3000	0.6548558473587036	197.79273456300143
lp	static_link_prediction	pair	pair_covid_political__cp_hk_twitter	2	covid_political,cp_hk_twitter	covid_political	cp_hk_twitter		cp_hk_twitter	0.5893420918367347	0.5920604591836734	-0.002718367346938755	3000	0.6548558473587036	197.79273456300143
lp	static_link_prediction	pair	pair_covid_political__cp_hk_twitter	2	covid_political,cp_hk_twitter	covid_political	cp_hk_twitter		facebook_page_reference	0.7357821428571428	0.7158265306122449	0.019955612244897947	3000	0.6548558473587036	197.79273456300143
lp	static_link_prediction	pair	pair_covid_political__facebook_page_reference	2	covid_political,facebook_page_reference	covid_political	facebook_page_reference		ukr_rus_twitter	0.706359693877551	0.7216989795918367	-0.015339285714285666	4250	0.6554757639765739	166.63219240499893
lp	static_link_prediction	pair	pair_covid_political__facebook_page_reference	2	covid_political,facebook_page_reference	covid_political	facebook_page_reference		covid19_twitter	0.7931344387755102	0.797406887755102	-0.004272448979591892	4250	0.6554757639765739	166.63219240499893
lp	static_link_prediction	pair	pair_covid_political__facebook_page_reference	2	covid_political,facebook_page_reference	covid_political	facebook_page_reference		midterm	0.6482520408163265	0.6471158163265306	0.0011362244897958895	4250	0.6554757639765739	166.63219240499893
lp	static_link_prediction	pair	pair_covid_political__facebook_page_reference	2	covid_political,facebook_page_reference	covid_political	facebook_page_reference		twibot20	0.7902816326530612	0.7800477040816326	0.010233928571428574	4250	0.6554757639765739	166.63219240499893
lp	static_link_prediction	pair	pair_covid_political__facebook_page_reference	2	covid_political,facebook_page_reference	covid_political	facebook_page_reference		cp_hk_twitter	0.574726275510204	0.5810752551020408	-0.006348979591836779	4250	0.6554757639765739	166.63219240499893
lp	static_link_prediction	pair	pair_covid_political__facebook_page_reference	2	covid_political,facebook_page_reference	covid_political	facebook_page_reference		facebook_page_reference	0.8632397959183673	0.8735765306122449	-0.010336734693877636	4250	0.6554757639765739	166.63219240499893
lp	static_link_prediction	pair	pair_election2020__ukr_rus_suspended	2	election2020,ukr_rus_suspended	election2020	ukr_rus_suspended		ukr_rus_twitter	0.7006755102040816	0.7450234693877551	-0.04434795918367351	3250	0.6751411408185959	392.2670540979598
lp	static_link_prediction	pair	pair_election2020__ukr_rus_suspended	2	election2020,ukr_rus_suspended	election2020	ukr_rus_suspended		covid19_twitter	0.7850420918367347	0.8146415816326531	-0.02959948979591842	3250	0.6751411408185959	392.2670540979598
lp	static_link_prediction	pair	pair_election2020__ukr_rus_suspended	2	election2020,ukr_rus_suspended	election2020	ukr_rus_suspended		midterm	0.6571295918367347	0.6524612244897959	0.004668367346938762	3250	0.6751411408185959	392.2670540979598
lp	static_link_prediction	pair	pair_election2020__ukr_rus_suspended	2	election2020,ukr_rus_suspended	election2020	ukr_rus_suspended		twibot20	0.7613137755102041	0.757980612244898	0.0033331632653060828	3250	0.6751411408185959	392.2670540979598
lp	static_link_prediction	pair	pair_election2020__ukr_rus_suspended	2	election2020,ukr_rus_suspended	election2020	ukr_rus_suspended		cp_hk_twitter	0.5833625	0.5871522959183674	-0.003789795918367367	3250	0.6751411408185959	392.2670540979598
lp	static_link_prediction	pair	pair_election2020__ukr_rus_suspended	2	election2020,ukr_rus_suspended	election2020	ukr_rus_suspended		facebook_page_reference	0.7579377551020409	0.810451530612245	-0.052513775510204086	3250	0.6751411408185959	392.2670540979598
lp	static_link_prediction	pair	pair_election2020__twibot20	2	election2020,twibot20	election2020	twibot20		ukr_rus_twitter	0.7374760204081633	0.7469505102040817	-0.009474489795918362	4000	0.6627451300621032	622.342936503992
lp	static_link_prediction	pair	pair_election2020__twibot20	2	election2020,twibot20	election2020	twibot20		covid19_twitter	0.8477747448979592	0.8593859693877551	-0.011611224489795902	4000	0.6627451300621032	622.342936503992
lp	static_link_prediction	pair	pair_election2020__twibot20	2	election2020,twibot20	election2020	twibot20		midterm	0.6921678571428571	0.6940928571428572	-0.0019250000000000655	4000	0.6627451300621032	622.342936503992
lp	static_link_prediction	pair	pair_election2020__twibot20	2	election2020,twibot20	election2020	twibot20		twibot20	0.8069801020408163	0.8249423469387756	-0.01796224489795928	4000	0.6627451300621032	622.342936503992
lp	static_link_prediction	pair	pair_election2020__twibot20	2	election2020,twibot20	election2020	twibot20		cp_hk_twitter	0.6053987244897959	0.6072385204081633	-0.0018397959183673596	4000	0.6627451300621032	622.342936503992
lp	static_link_prediction	pair	pair_election2020__twibot20	2	election2020,twibot20	election2020	twibot20		facebook_page_reference	0.8065989795918367	0.8257454081632654	-0.019146428571428675	4000	0.6627451300621032	622.342936503992
lp	static_link_prediction	pair	pair_election2020__cp_hk_twitter	2	election2020,cp_hk_twitter	election2020	cp_hk_twitter		ukr_rus_twitter	0.6306071428571428	0.6298474489795919	0.0007596938775509265	4000	0.6609424561262132	487.7758777740528
lp	static_link_prediction	pair	pair_election2020__cp_hk_twitter	2	election2020,cp_hk_twitter	election2020	cp_hk_twitter		covid19_twitter	0.7139747448979592	0.7131216836734694	0.0008530612244898039	4000	0.6609424561262132	487.7758777740528
lp	static_link_prediction	pair	pair_election2020__cp_hk_twitter	2	election2020,cp_hk_twitter	election2020	cp_hk_twitter		midterm	0.6616948979591837	0.6524612244897959	0.009233673469387749	4000	0.6609424561262132	487.7758777740528
lp	static_link_prediction	pair	pair_election2020__cp_hk_twitter	2	election2020,cp_hk_twitter	election2020	cp_hk_twitter		twibot20	0.7289494897959183	0.6959255102040817	0.03302397959183667	4000	0.6609424561262132	487.7758777740528
lp	static_link_prediction	pair	pair_election2020__cp_hk_twitter	2	election2020,cp_hk_twitter	election2020	cp_hk_twitter		cp_hk_twitter	0.5916670918367347	0.5920604591836734	-0.0003933673469387333	4000	0.6609424561262132	487.7758777740528
lp	static_link_prediction	pair	pair_election2020__cp_hk_twitter	2	election2020,cp_hk_twitter	election2020	cp_hk_twitter		facebook_page_reference	0.6954295918367347	0.7102326530612245	-0.014803061224489822	4000	0.6609424561262132	487.7758777740528
lp	static_link_prediction	pair	pair_election2020__facebook_page_reference	2	election2020,facebook_page_reference	election2020	facebook_page_reference		ukr_rus_twitter	0.7204362244897959	0.7216989795918367	-0.001262755102040769	4000	0.6626001387834548	398.40151509898715
lp	static_link_prediction	pair	pair_election2020__facebook_page_reference	2	election2020,facebook_page_reference	election2020	facebook_page_reference		covid19_twitter	0.8142563775510204	0.797406887755102	0.016849489795918382	4000	0.6626001387834548	398.40151509898715
lp	static_link_prediction	pair	pair_election2020__facebook_page_reference	2	election2020,facebook_page_reference	election2020	facebook_page_reference		midterm	0.6972339285714285	0.6524612244897959	0.044772704081632586	4000	0.6626001387834548	398.40151509898715
lp	static_link_prediction	pair	pair_election2020__facebook_page_reference	2	election2020,facebook_page_reference	election2020	facebook_page_reference		twibot20	0.7736785714285714	0.7189612244897959	0.0547173469387755	4000	0.6626001387834548	398.40151509898715
lp	static_link_prediction	pair	pair_election2020__facebook_page_reference	2	election2020,facebook_page_reference	election2020	facebook_page_reference		cp_hk_twitter	0.5800795918367347	0.5810752551020408	-0.0009956632653060904	4000	0.6626001387834548	398.40151509898715
lp	static_link_prediction	pair	pair_election2020__facebook_page_reference	2	election2020,facebook_page_reference	election2020	facebook_page_reference		facebook_page_reference	0.8676765306122449	0.8735765306122449	-0.005900000000000016	4000	0.6626001387834548	398.40151509898715
lp	static_link_prediction	pair	pair_ukr_rus_suspended__twibot20	2	ukr_rus_suspended,twibot20	ukr_rus_suspended	twibot20		ukr_rus_twitter	0.7524535714285714	0.7469505102040817	0.005503061224489736	4250	0.6693971708416939	438.4930969190318
lp	static_link_prediction	pair	pair_ukr_rus_suspended__twibot20	2	ukr_rus_suspended,twibot20	ukr_rus_suspended	twibot20		covid19_twitter	0.8512242346938775	0.8593859693877551	-0.008161734693877598	4250	0.6693971708416939	438.4930969190318
lp	static_link_prediction	pair	pair_ukr_rus_suspended__twibot20	2	ukr_rus_suspended,twibot20	ukr_rus_suspended	twibot20		midterm	0.691805612244898	0.6940928571428572	-0.002287244897959173	4250	0.6693971708416939	438.4930969190318
lp	static_link_prediction	pair	pair_ukr_rus_suspended__twibot20	2	ukr_rus_suspended,twibot20	ukr_rus_suspended	twibot20		twibot20	0.8108892857142858	0.8249423469387756	-0.014053061224489793	4250	0.6693971708416939	438.4930969190318
lp	static_link_prediction	pair	pair_ukr_rus_suspended__twibot20	2	ukr_rus_suspended,twibot20	ukr_rus_suspended	twibot20		cp_hk_twitter	0.5956650510204081	0.6072385204081633	-0.011573469387755164	4250	0.6693971708416939	438.4930969190318
lp	static_link_prediction	pair	pair_ukr_rus_suspended__twibot20	2	ukr_rus_suspended,twibot20	ukr_rus_suspended	twibot20		facebook_page_reference	0.8132474489795919	0.8257454081632654	-0.012497959183673468	4250	0.6693971708416939	438.4930969190318
lp	static_link_prediction	pair	pair_ukr_rus_suspended__cp_hk_twitter	2	ukr_rus_suspended,cp_hk_twitter	ukr_rus_suspended	cp_hk_twitter		ukr_rus_twitter	0.7094484693877551	0.7450234693877551	-0.03557500000000002	2500	0.6699705556035042	187.05667680001352
lp	static_link_prediction	pair	pair_ukr_rus_suspended__cp_hk_twitter	2	ukr_rus_suspended,cp_hk_twitter	ukr_rus_suspended	cp_hk_twitter		covid19_twitter	0.7889183673469388	0.8146415816326531	-0.025723214285714335	2500	0.6699705556035042	187.05667680001352
lp	static_link_prediction	pair	pair_ukr_rus_suspended__cp_hk_twitter	2	ukr_rus_suspended,cp_hk_twitter	ukr_rus_suspended	cp_hk_twitter		midterm	0.6211602040816326	0.6432688775510204	-0.02210867346938772	2500	0.6699705556035042	187.05667680001352
lp	static_link_prediction	pair	pair_ukr_rus_suspended__cp_hk_twitter	2	ukr_rus_suspended,cp_hk_twitter	ukr_rus_suspended	cp_hk_twitter		twibot20	0.7361698979591836	0.757980612244898	-0.02181071428571435	2500	0.6699705556035042	187.05667680001352
lp	static_link_prediction	pair	pair_ukr_rus_suspended__cp_hk_twitter	2	ukr_rus_suspended,cp_hk_twitter	ukr_rus_suspended	cp_hk_twitter		cp_hk_twitter	0.5959783163265306	0.5920604591836734	0.003917857142857195	2500	0.6699705556035042	187.05667680001352
lp	static_link_prediction	pair	pair_ukr_rus_suspended__cp_hk_twitter	2	ukr_rus_suspended,cp_hk_twitter	ukr_rus_suspended	cp_hk_twitter		facebook_page_reference	0.7739918367346938	0.810451530612245	-0.0364596938775511	2500	0.6699705556035042	187.05667680001352
lp	static_link_prediction	pair	pair_ukr_rus_suspended__facebook_page_reference	2	ukr_rus_suspended,facebook_page_reference	ukr_rus_suspended	facebook_page_reference		ukr_rus_twitter	0.7570658163265306	0.7450234693877551	0.012042346938775483	3750	0.6695391863584519	219.03195063601015
lp	static_link_prediction	pair	pair_ukr_rus_suspended__facebook_page_reference	2	ukr_rus_suspended,facebook_page_reference	ukr_rus_suspended	facebook_page_reference		covid19_twitter	0.8271895408163266	0.8146415816326531	0.012547959183673463	3750	0.6695391863584519	219.03195063601015
lp	static_link_prediction	pair	pair_ukr_rus_suspended__facebook_page_reference	2	ukr_rus_suspended,facebook_page_reference	ukr_rus_suspended	facebook_page_reference		midterm	0.6640137755102041	0.6471158163265306	0.01689795918367354	3750	0.6695391863584519	219.03195063601015
lp	static_link_prediction	pair	pair_ukr_rus_suspended__facebook_page_reference	2	ukr_rus_suspended,facebook_page_reference	ukr_rus_suspended	facebook_page_reference		twibot20	0.7561479591836735	0.757980612244898	-0.0018326530612244873	3750	0.6695391863584519	219.03195063601015
lp	static_link_prediction	pair	pair_ukr_rus_suspended__facebook_page_reference	2	ukr_rus_suspended,facebook_page_reference	ukr_rus_suspended	facebook_page_reference		cp_hk_twitter	0.5837385204081633	0.5871522959183674	-0.0034137755102040535	3750	0.6695391863584519	219.03195063601015
lp	static_link_prediction	pair	pair_ukr_rus_suspended__facebook_page_reference	2	ukr_rus_suspended,facebook_page_reference	ukr_rus_suspended	facebook_page_reference		facebook_page_reference	0.8676663265306123	0.8735765306122449	-0.005910204081632675	3750	0.6695391863584519	219.03195063601015
lp	static_link_prediction	pair	pair_twibot20__cp_hk_twitter	2	twibot20,cp_hk_twitter	twibot20	cp_hk_twitter		ukr_rus_twitter	0.7152071428571428	0.7469505102040817	-0.03174336734693883	4500	0.6552926540374756	464.2641141010099
lp	static_link_prediction	pair	pair_twibot20__cp_hk_twitter	2	twibot20,cp_hk_twitter	twibot20	cp_hk_twitter		covid19_twitter	0.8293232142857143	0.8593859693877551	-0.030062755102040817	4500	0.6552926540374756	464.2641141010099
lp	static_link_prediction	pair	pair_twibot20__cp_hk_twitter	2	twibot20,cp_hk_twitter	twibot20	cp_hk_twitter		midterm	0.6779306122448979	0.6940928571428572	-0.016162244897959255	4500	0.6552926540374756	464.2641141010099
lp	static_link_prediction	pair	pair_twibot20__cp_hk_twitter	2	twibot20,cp_hk_twitter	twibot20	cp_hk_twitter		twibot20	0.799894387755102	0.8249423469387756	-0.02504795918367353	4500	0.6552926540374756	464.2641141010099
lp	static_link_prediction	pair	pair_twibot20__cp_hk_twitter	2	twibot20,cp_hk_twitter	twibot20	cp_hk_twitter		cp_hk_twitter	0.591525	0.6072385204081633	-0.015713520408163317	4500	0.6552926540374756	464.2641141010099
lp	static_link_prediction	pair	pair_twibot20__cp_hk_twitter	2	twibot20,cp_hk_twitter	twibot20	cp_hk_twitter		facebook_page_reference	0.8028464285714285	0.8257454081632654	-0.022898979591836843	4500	0.6552926540374756	464.2641141010099
lp	static_link_prediction	pair	pair_twibot20__facebook_page_reference	2	twibot20,facebook_page_reference	twibot20	facebook_page_reference		ukr_rus_twitter	0.7476948979591836	0.7469505102040817	0.000744387755101994	5500	0.6547455474734306	537.1927553169662
lp	static_link_prediction	pair	pair_twibot20__facebook_page_reference	2	twibot20,facebook_page_reference	twibot20	facebook_page_reference		covid19_twitter	0.8570994897959183	0.8593859693877551	-0.0022864795918368097	5500	0.6547455474734306	537.1927553169662
lp	static_link_prediction	pair	pair_twibot20__facebook_page_reference	2	twibot20,facebook_page_reference	twibot20	facebook_page_reference		midterm	0.6951357142857143	0.6940928571428572	0.0010428571428571232	5500	0.6547455474734306	537.1927553169662
lp	static_link_prediction	pair	pair_twibot20__facebook_page_reference	2	twibot20,facebook_page_reference	twibot20	facebook_page_reference		twibot20	0.8113413265306122	0.8249423469387756	-0.013601020408163356	5500	0.6547455474734306	537.1927553169662
lp	static_link_prediction	pair	pair_twibot20__facebook_page_reference	2	twibot20,facebook_page_reference	twibot20	facebook_page_reference		cp_hk_twitter	0.5889247448979592	0.6072385204081633	-0.018313775510204078	5500	0.6547455474734306	537.1927553169662
lp	static_link_prediction	pair	pair_twibot20__facebook_page_reference	2	twibot20,facebook_page_reference	twibot20	facebook_page_reference		facebook_page_reference	0.8756173469387755	0.8735765306122449	0.0020408163265305257	5500	0.6547455474734306	537.1927553169662
lp	static_link_prediction	pair	pair_cp_hk_twitter__facebook_page_reference	2	cp_hk_twitter,facebook_page_reference	cp_hk_twitter	facebook_page_reference		ukr_rus_twitter	0.7236591836734694	0.7216989795918367	0.001960204081632666	4500	0.6561394959688187	315.779475975025
lp	static_link_prediction	pair	pair_cp_hk_twitter__facebook_page_reference	2	cp_hk_twitter,facebook_page_reference	cp_hk_twitter	facebook_page_reference		covid19_twitter	0.8032227040816327	0.797406887755102	0.0058158163265306095	4500	0.6561394959688187	315.779475975025
lp	static_link_prediction	pair	pair_cp_hk_twitter__facebook_page_reference	2	cp_hk_twitter,facebook_page_reference	cp_hk_twitter	facebook_page_reference		midterm	0.6496545918367347	0.6471158163265306	0.0025387755102040943	4500	0.6561394959688187	315.779475975025
lp	static_link_prediction	pair	pair_cp_hk_twitter__facebook_page_reference	2	cp_hk_twitter,facebook_page_reference	cp_hk_twitter	facebook_page_reference		twibot20	0.7338857142857143	0.7189612244897959	0.014924489795918316	4500	0.6561394959688187	315.779475975025
lp	static_link_prediction	pair	pair_cp_hk_twitter__facebook_page_reference	2	cp_hk_twitter,facebook_page_reference	cp_hk_twitter	facebook_page_reference		cp_hk_twitter	0.5932808673469387	0.5920604591836734	0.0012204081632652963	4500	0.6561394959688187	315.779475975025
lp	static_link_prediction	pair	pair_cp_hk_twitter__facebook_page_reference	2	cp_hk_twitter,facebook_page_reference	cp_hk_twitter	facebook_page_reference		facebook_page_reference	0.8691173469387755	0.8735765306122449	-0.004459183673469425	4500	0.6561394959688187	315.779475975025
lp	static_link_prediction	leave_one_out	loo_ukr_rus_twitter	8	covid19_twitter,midterm,covid_political,election2020,ukr_rus_suspended,twibot20,cp_hk_twitter,facebook_page_reference			ukr_rus_twitter	ukr_rus_twitter	0.7160045918367347	0.7469505102040817	-0.030945918367346947	4500	0.6723623175173998	611.2625597940059
lp	static_link_prediction	leave_one_out	loo_ukr_rus_twitter	8	covid19_twitter,midterm,covid_political,election2020,ukr_rus_suspended,twibot20,cp_hk_twitter,facebook_page_reference			ukr_rus_twitter	covid19_twitter	0.819441581632653	0.8593859693877551	-0.03994438775510212	4500	0.6723623175173998	611.2625597940059
lp	static_link_prediction	leave_one_out	loo_ukr_rus_twitter	8	covid19_twitter,midterm,covid_political,election2020,ukr_rus_suspended,twibot20,cp_hk_twitter,facebook_page_reference			ukr_rus_twitter	midterm	0.7046821428571428	0.7141882653061224	-0.009506122448979637	4500	0.6723623175173998	611.2625597940059
lp	static_link_prediction	leave_one_out	loo_ukr_rus_twitter	8	covid19_twitter,midterm,covid_political,election2020,ukr_rus_suspended,twibot20,cp_hk_twitter,facebook_page_reference			ukr_rus_twitter	twibot20	0.7983142857142858	0.8249423469387756	-0.026628061224489796	4500	0.6723623175173998	611.2625597940059
lp	static_link_prediction	leave_one_out	loo_ukr_rus_twitter	8	covid19_twitter,midterm,covid_political,election2020,ukr_rus_suspended,twibot20,cp_hk_twitter,facebook_page_reference			ukr_rus_twitter	cp_hk_twitter	0.5984553571428571	0.6072385204081633	-0.008783163265306149	4500	0.6723623175173998	611.2625597940059
lp	static_link_prediction	leave_one_out	loo_ukr_rus_twitter	8	covid19_twitter,midterm,covid_political,election2020,ukr_rus_suspended,twibot20,cp_hk_twitter,facebook_page_reference			ukr_rus_twitter	facebook_page_reference	0.8637989795918367	0.8735765306122449	-0.009777551020408226	4500	0.6723623175173998	611.2625597940059
lp	static_link_prediction	leave_one_out	loo_covid19_twitter	8	ukr_rus_twitter,midterm,covid_political,election2020,ukr_rus_suspended,twibot20,cp_hk_twitter,facebook_page_reference			covid19_twitter	ukr_rus_twitter	0.7129081632653061	0.7469505102040817	-0.0340423469387755	3500	0.672590010613203	499.6488646090147
lp	static_link_prediction	leave_one_out	loo_covid19_twitter	8	ukr_rus_twitter,midterm,covid_political,election2020,ukr_rus_suspended,twibot20,cp_hk_twitter,facebook_page_reference			covid19_twitter	covid19_twitter	0.816797193877551	0.8593859693877551	-0.042588775510204124	3500	0.672590010613203	499.6488646090147
lp	static_link_prediction	leave_one_out	loo_covid19_twitter	8	ukr_rus_twitter,midterm,covid_political,election2020,ukr_rus_suspended,twibot20,cp_hk_twitter,facebook_page_reference			covid19_twitter	midterm	0.7002663265306123	0.7141882653061224	-0.013921938775510179	3500	0.672590010613203	499.6488646090147
lp	static_link_prediction	leave_one_out	loo_covid19_twitter	8	ukr_rus_twitter,midterm,covid_political,election2020,ukr_rus_suspended,twibot20,cp_hk_twitter,facebook_page_reference			covid19_twitter	twibot20	0.7866826530612245	0.8249423469387756	-0.038259693877551015	3500	0.672590010613203	499.6488646090147
lp	static_link_prediction	leave_one_out	loo_covid19_twitter	8	ukr_rus_twitter,midterm,covid_political,election2020,ukr_rus_suspended,twibot20,cp_hk_twitter,facebook_page_reference			covid19_twitter	cp_hk_twitter	0.6022158163265307	0.6072385204081633	-0.005022704081632634	3500	0.672590010613203	499.6488646090147
lp	static_link_prediction	leave_one_out	loo_covid19_twitter	8	ukr_rus_twitter,midterm,covid_political,election2020,ukr_rus_suspended,twibot20,cp_hk_twitter,facebook_page_reference			covid19_twitter	facebook_page_reference	0.860169387755102	0.8735765306122449	-0.01340714285714295	3500	0.672590010613203	499.6488646090147
lp	static_link_prediction	leave_one_out	loo_midterm	8	ukr_rus_twitter,covid19_twitter,covid_political,election2020,ukr_rus_suspended,twibot20,cp_hk_twitter,facebook_page_reference			midterm	ukr_rus_twitter	0.7351132653061224	0.7469505102040817	-0.011837244897959232	5500	0.6705849826335907	933.7567918410059
lp	static_link_prediction	leave_one_out	loo_midterm	8	ukr_rus_twitter,covid19_twitter,covid_political,election2020,ukr_rus_suspended,twibot20,cp_hk_twitter,facebook_page_reference			midterm	covid19_twitter	0.8256109693877551	0.8593859693877551	-0.033775	5500	0.6705849826335907	933.7567918410059
lp	static_link_prediction	leave_one_out	loo_midterm	8	ukr_rus_twitter,covid19_twitter,covid_political,election2020,ukr_rus_suspended,twibot20,cp_hk_twitter,facebook_page_reference			midterm	midterm	0.6708193877551021	0.6940928571428572	-0.023273469387755097	5500	0.6705849826335907	933.7567918410059
lp	static_link_prediction	leave_one_out	loo_midterm	8	ukr_rus_twitter,covid19_twitter,covid_political,election2020,ukr_rus_suspended,twibot20,cp_hk_twitter,facebook_page_reference			midterm	twibot20	0.786229081632653	0.8249423469387756	-0.03871326530612251	5500	0.6705849826335907	933.7567918410059
lp	static_link_prediction	leave_one_out	loo_midterm	8	ukr_rus_twitter,covid19_twitter,covid_political,election2020,ukr_rus_suspended,twibot20,cp_hk_twitter,facebook_page_reference			midterm	cp_hk_twitter	0.5971211734693878	0.6072385204081633	-0.010117346938775529	5500	0.6705849826335907	933.7567918410059
lp	static_link_prediction	leave_one_out	loo_midterm	8	ukr_rus_twitter,covid19_twitter,covid_political,election2020,ukr_rus_suspended,twibot20,cp_hk_twitter,facebook_page_reference			midterm	facebook_page_reference	0.8683770408163265	0.8735765306122449	-0.005199489795918444	5500	0.6705849826335907	933.7567918410059
lp	static_link_prediction	leave_one_out	loo_covid_political	8	ukr_rus_twitter,covid19_twitter,midterm,election2020,ukr_rus_suspended,twibot20,cp_hk_twitter,facebook_page_reference			covid_political	ukr_rus_twitter	0.717909693877551	0.7469505102040817	-0.02904081632653066	4500	0.6729451619088649	792.6408697559964
lp	static_link_prediction	leave_one_out	loo_covid_political	8	ukr_rus_twitter,covid19_twitter,midterm,election2020,ukr_rus_suspended,twibot20,cp_hk_twitter,facebook_page_reference			covid_political	covid19_twitter	0.826572193877551	0.8593859693877551	-0.032813775510204146	4500	0.6729451619088649	792.6408697559964
lp	static_link_prediction	leave_one_out	loo_covid_political	8	ukr_rus_twitter,covid19_twitter,midterm,election2020,ukr_rus_suspended,twibot20,cp_hk_twitter,facebook_page_reference			covid_political	midterm	0.7060178571428571	0.7141882653061224	-0.008170408163265308	4500	0.6729451619088649	792.6408697559964
lp	static_link_prediction	leave_one_out	loo_covid_political	8	ukr_rus_twitter,covid19_twitter,midterm,election2020,ukr_rus_suspended,twibot20,cp_hk_twitter,facebook_page_reference			covid_political	twibot20	0.79515	0.8249423469387756	-0.029792346938775527	4500	0.6729451619088649	792.6408697559964
lp	static_link_prediction	leave_one_out	loo_covid_political	8	ukr_rus_twitter,covid19_twitter,midterm,election2020,ukr_rus_suspended,twibot20,cp_hk_twitter,facebook_page_reference			covid_political	cp_hk_twitter	0.5983329081632653	0.6072385204081633	-0.008905612244897942	4500	0.6729451619088649	792.6408697559964
lp	static_link_prediction	leave_one_out	loo_covid_political	8	ukr_rus_twitter,covid19_twitter,midterm,election2020,ukr_rus_suspended,twibot20,cp_hk_twitter,facebook_page_reference			covid_political	facebook_page_reference	0.8693913265306122	0.8735765306122449	-0.0041852040816326985	4500	0.6729451619088649	792.6408697559964
lp	static_link_prediction	leave_one_out	loo_election2020	8	ukr_rus_twitter,covid19_twitter,midterm,covid_political,ukr_rus_suspended,twibot20,cp_hk_twitter,facebook_page_reference			election2020	ukr_rus_twitter	0.7222566326530612	0.7469505102040817	-0.024693877551020482	4750	0.6704344648867845	661.6177103020018
lp	static_link_prediction	leave_one_out	loo_election2020	8	ukr_rus_twitter,covid19_twitter,midterm,covid_political,ukr_rus_suspended,twibot20,cp_hk_twitter,facebook_page_reference			election2020	covid19_twitter	0.8200522959183674	0.8593859693877551	-0.039333673469387764	4750	0.6704344648867845	661.6177103020018
lp	static_link_prediction	leave_one_out	loo_election2020	8	ukr_rus_twitter,covid19_twitter,midterm,covid_political,ukr_rus_suspended,twibot20,cp_hk_twitter,facebook_page_reference			election2020	midterm	0.7005857142857143	0.7141882653061224	-0.013602551020408193	4750	0.6704344648867845	661.6177103020018
lp	static_link_prediction	leave_one_out	loo_election2020	8	ukr_rus_twitter,covid19_twitter,midterm,covid_political,ukr_rus_suspended,twibot20,cp_hk_twitter,facebook_page_reference			election2020	twibot20	0.7943454081632653	0.8249423469387756	-0.030596938775510285	4750	0.6704344648867845	661.6177103020018
lp	static_link_prediction	leave_one_out	loo_election2020	8	ukr_rus_twitter,covid19_twitter,midterm,covid_political,ukr_rus_suspended,twibot20,cp_hk_twitter,facebook_page_reference			election2020	cp_hk_twitter	0.5949089285714285	0.6072385204081633	-0.012329591836734766	4750	0.6704344648867845	661.6177103020018
lp	static_link_prediction	leave_one_out	loo_election2020	8	ukr_rus_twitter,covid19_twitter,midterm,covid_political,ukr_rus_suspended,twibot20,cp_hk_twitter,facebook_page_reference			election2020	facebook_page_reference	0.8610474489795918	0.8735765306122449	-0.012529081632653094	4750	0.6704344648867845	661.6177103020018
lp	static_link_prediction	leave_one_out	loo_ukr_rus_suspended	8	ukr_rus_twitter,covid19_twitter,midterm,covid_political,election2020,twibot20,cp_hk_twitter,facebook_page_reference			ukr_rus_suspended	ukr_rus_twitter	0.7177459183673469	0.7469505102040817	-0.02920459183673474	5500	0.6701853804290294	990.0815137249883
lp	static_link_prediction	leave_one_out	loo_ukr_rus_suspended	8	ukr_rus_twitter,covid19_twitter,midterm,covid_political,election2020,twibot20,cp_hk_twitter,facebook_page_reference			ukr_rus_suspended	covid19_twitter	0.8181589285714286	0.8593859693877551	-0.041227040816326554	5500	0.6701853804290294	990.0815137249883
lp	static_link_prediction	leave_one_out	loo_ukr_rus_suspended	8	ukr_rus_twitter,covid19_twitter,midterm,covid_political,election2020,twibot20,cp_hk_twitter,facebook_page_reference			ukr_rus_suspended	midterm	0.7090890306122449	0.7141882653061224	-0.005099234693877519	5500	0.6701853804290294	990.0815137249883
lp	static_link_prediction	leave_one_out	loo_ukr_rus_suspended	8	ukr_rus_twitter,covid19_twitter,midterm,covid_political,election2020,twibot20,cp_hk_twitter,facebook_page_reference			ukr_rus_suspended	twibot20	0.7925056122448979	0.8249423469387756	-0.032436734693877645	5500	0.6701853804290294	990.0815137249883
lp	static_link_prediction	leave_one_out	loo_ukr_rus_suspended	8	ukr_rus_twitter,covid19_twitter,midterm,covid_political,election2020,twibot20,cp_hk_twitter,facebook_page_reference			ukr_rus_suspended	cp_hk_twitter	0.6000772959183673	0.6072385204081633	-0.007161224489795948	5500	0.6701853804290294	990.0815137249883
lp	static_link_prediction	leave_one_out	loo_ukr_rus_suspended	8	ukr_rus_twitter,covid19_twitter,midterm,covid_political,election2020,twibot20,cp_hk_twitter,facebook_page_reference			ukr_rus_suspended	facebook_page_reference	0.8675709183673469	0.8735765306122449	-0.00600561224489804	5500	0.6701853804290294	990.0815137249883
lp	static_link_prediction	leave_one_out	loo_twibot20	8	ukr_rus_twitter,covid19_twitter,midterm,covid_political,election2020,ukr_rus_suspended,cp_hk_twitter,facebook_page_reference			twibot20	ukr_rus_twitter	0.7242770408163265	0.7450234693877551	-0.02074642857142861	3750	0.6734468575567006	518.1092939620139
lp	static_link_prediction	leave_one_out	loo_twibot20	8	ukr_rus_twitter,covid19_twitter,midterm,covid_political,election2020,ukr_rus_suspended,cp_hk_twitter,facebook_page_reference			twibot20	covid19_twitter	0.8214568877551021	0.8337507653061225	-0.012293877551020405	3750	0.6734468575567006	518.1092939620139
lp	static_link_prediction	leave_one_out	loo_twibot20	8	ukr_rus_twitter,covid19_twitter,midterm,covid_political,election2020,ukr_rus_suspended,cp_hk_twitter,facebook_page_reference			twibot20	midterm	0.7013127551020408	0.7141882653061224	-0.01287551020408162	3750	0.6734468575567006	518.1092939620139
lp	static_link_prediction	leave_one_out	loo_twibot20	8	ukr_rus_twitter,covid19_twitter,midterm,covid_political,election2020,ukr_rus_suspended,cp_hk_twitter,facebook_page_reference			twibot20	twibot20	0.7737632653061225	0.7800477040816326	-0.006284438775510104	3750	0.6734468575567006	518.1092939620139
lp	static_link_prediction	leave_one_out	loo_twibot20	8	ukr_rus_twitter,covid19_twitter,midterm,covid_political,election2020,ukr_rus_suspended,cp_hk_twitter,facebook_page_reference			twibot20	cp_hk_twitter	0.6019073979591837	0.6047783163265306	-0.0028709183673468752	3750	0.6734468575567006	518.1092939620139
lp	static_link_prediction	leave_one_out	loo_twibot20	8	ukr_rus_twitter,covid19_twitter,midterm,covid_political,election2020,ukr_rus_suspended,cp_hk_twitter,facebook_page_reference			twibot20	facebook_page_reference	0.8663729591836735	0.8735765306122449	-0.00720357142857142	3750	0.6734468575567006	518.1092939620139
lp	static_link_prediction	leave_one_out	loo_cp_hk_twitter	8	ukr_rus_twitter,covid19_twitter,midterm,covid_political,election2020,ukr_rus_suspended,twibot20,facebook_page_reference			cp_hk_twitter	ukr_rus_twitter	0.725409693877551	0.7469505102040817	-0.0215408163265306	3750	0.6740317232906818	496.38955514499685
lp	static_link_prediction	leave_one_out	loo_cp_hk_twitter	8	ukr_rus_twitter,covid19_twitter,midterm,covid_political,election2020,ukr_rus_suspended,twibot20,facebook_page_reference			cp_hk_twitter	covid19_twitter	0.8243650510204081	0.8593859693877551	-0.035020918367347	3750	0.6740317232906818	496.38955514499685
lp	static_link_prediction	leave_one_out	loo_cp_hk_twitter	8	ukr_rus_twitter,covid19_twitter,midterm,covid_political,election2020,ukr_rus_suspended,twibot20,facebook_page_reference			cp_hk_twitter	midterm	0.7108816326530613	0.7141882653061224	-0.0033066326530611923	3750	0.6740317232906818	496.38955514499685
lp	static_link_prediction	leave_one_out	loo_cp_hk_twitter	8	ukr_rus_twitter,covid19_twitter,midterm,covid_political,election2020,ukr_rus_suspended,twibot20,facebook_page_reference			cp_hk_twitter	twibot20	0.7965316326530613	0.8249423469387756	-0.02841071428571429	3750	0.6740317232906818	496.38955514499685
lp	static_link_prediction	leave_one_out	loo_cp_hk_twitter	8	ukr_rus_twitter,covid19_twitter,midterm,covid_political,election2020,ukr_rus_suspended,twibot20,facebook_page_reference			cp_hk_twitter	cp_hk_twitter	0.5836012755102041	0.6072385204081633	-0.023637244897959153	3750	0.6740317232906818	496.38955514499685
lp	static_link_prediction	leave_one_out	loo_cp_hk_twitter	8	ukr_rus_twitter,covid19_twitter,midterm,covid_political,election2020,ukr_rus_suspended,twibot20,facebook_page_reference			cp_hk_twitter	facebook_page_reference	0.8646076530612244	0.8735765306122449	-0.008968877551020493	3750	0.6740317232906818	496.38955514499685
lp	static_link_prediction	leave_one_out	loo_facebook_page_reference	8	ukr_rus_twitter,covid19_twitter,midterm,covid_political,election2020,ukr_rus_suspended,twibot20,cp_hk_twitter			facebook_page_reference	ukr_rus_twitter	0.7131357142857143	0.7469505102040817	-0.033814795918367335	4000	0.6736538041383028	689.2959707240225
lp	static_link_prediction	leave_one_out	loo_facebook_page_reference	8	ukr_rus_twitter,covid19_twitter,midterm,covid_political,election2020,ukr_rus_suspended,twibot20,cp_hk_twitter			facebook_page_reference	covid19_twitter	0.8207875	0.8593859693877551	-0.03859846938775513	4000	0.6736538041383028	689.2959707240225
lp	static_link_prediction	leave_one_out	loo_facebook_page_reference	8	ukr_rus_twitter,covid19_twitter,midterm,covid_political,election2020,ukr_rus_suspended,twibot20,cp_hk_twitter			facebook_page_reference	midterm	0.7040816326530612	0.7141882653061224	-0.01010663265306122	4000	0.6736538041383028	689.2959707240225
lp	static_link_prediction	leave_one_out	loo_facebook_page_reference	8	ukr_rus_twitter,covid19_twitter,midterm,covid_political,election2020,ukr_rus_suspended,twibot20,cp_hk_twitter			facebook_page_reference	twibot20	0.7903168367346939	0.8249423469387756	-0.034625510204081666	4000	0.6736538041383028	689.2959707240225
lp	static_link_prediction	leave_one_out	loo_facebook_page_reference	8	ukr_rus_twitter,covid19_twitter,midterm,covid_political,election2020,ukr_rus_suspended,twibot20,cp_hk_twitter			facebook_page_reference	cp_hk_twitter	0.601531887755102	0.6072385204081633	-0.005706632653061261	4000	0.6736538041383028	689.2959707240225
lp	static_link_prediction	leave_one_out	loo_facebook_page_reference	8	ukr_rus_twitter,covid19_twitter,midterm,covid_political,election2020,ukr_rus_suspended,twibot20,cp_hk_twitter			facebook_page_reference	facebook_page_reference	0.811894387755102	0.8523622448979592	-0.040467857142857167	4000	0.6736538041383028	689.2959707240225
