model_id,target,head_kind,label_seed,label_budget_per_class,head_updates,split,classes,labeled_examples,selected_nodes_fingerprint,split_fingerprint,head_initialization_fingerprint,optimizer,learning_rate,weight_decay,roc_auc,accuracy,macro_f1,pretraining_updates
graphsage_pilot_v1_step0,covid_political,linear,0,0,0,val,2,0,af5570f5a1810b7af78caf4bc70a660f0df51e42baf91d4de5b2328de0e83dfc,f1b58c8ccaee181a233f11c34ff62fda2f7ec53206eb08b2970705719fba8082,f89e55d9cfacf91222600ee60a2ba36a7e5c6eb5bd4c3c753e6136ad5559fc67,none,0.0,0.0,0.3793067799892335,0.5321596542519385,0.4190321718293122,0
graphsage_pilot_v1_step0,covid_political,linear,0,0,0,test,2,0,af5570f5a1810b7af78caf4bc70a660f0df51e42baf91d4de5b2328de0e83dfc,f1b58c8ccaee181a233f11c34ff62fda2f7ec53206eb08b2970705719fba8082,f89e55d9cfacf91222600ee60a2ba36a7e5c6eb5bd4c3c753e6136ad5559fc67,none,0.0,0.0,0.3769681429240427,0.5313969747044617,0.4199375132215889,0
graphsage_pilot_v1_step0,covid_political,linear,0,1,0,val,2,2,83cb1f5f80360408baf933c03274febff7c6d49f773d7382e9ebea1efe88cb54,f1b58c8ccaee181a233f11c34ff62fda2f7ec53206eb08b2970705719fba8082,f89e55d9cfacf91222600ee60a2ba36a7e5c6eb5bd4c3c753e6136ad5559fc67,AdamW,0.01,0.0,0.3793067799892335,0.5321596542519385,0.4190321718293122,0
graphsage_pilot_v1_step0,covid_political,linear,0,1,0,test,2,2,83cb1f5f80360408baf933c03274febff7c6d49f773d7382e9ebea1efe88cb54,f1b58c8ccaee181a233f11c34ff62fda2f7ec53206eb08b2970705719fba8082,f89e55d9cfacf91222600ee60a2ba36a7e5c6eb5bd4c3c753e6136ad5559fc67,AdamW,0.01,0.0,0.3769681429240427,0.5313969747044617,0.4199375132215889,0
graphsage_pilot_v1_step0,covid_political,linear,0,1,1,val,2,2,83cb1f5f80360408baf933c03274febff7c6d49f773d7382e9ebea1efe88cb54,f1b58c8ccaee181a233f11c34ff62fda2f7ec53206eb08b2970705719fba8082,f89e55d9cfacf91222600ee60a2ba36a7e5c6eb5bd4c3c753e6136ad5559fc67,AdamW,0.01,0.0,0.5491917514514616,0.5163340536417949,0.5064553843536092,0
graphsage_pilot_v1_step0,covid_political,linear,0,1,1,test,2,2,83cb1f5f80360408baf933c03274febff7c6d49f773d7382e9ebea1efe88cb54,f1b58c8ccaee181a233f11c34ff62fda2f7ec53206eb08b2970705719fba8082,f89e55d9cfacf91222600ee60a2ba36a7e5c6eb5bd4c3c753e6136ad5559fc67,AdamW,0.01,0.0,0.5448906933689707,0.5162704970128384,0.5055857572995484,0
graphsage_pilot_v1_step0,covid_political,linear,0,1,10,val,2,2,83cb1f5f80360408baf933c03274febff7c6d49f773d7382e9ebea1efe88cb54,f1b58c8ccaee181a233f11c34ff62fda2f7ec53206eb08b2970705719fba8082,f89e55d9cfacf91222600ee60a2ba36a7e5c6eb5bd4c3c753e6136ad5559fc67,AdamW,0.01,0.0,0.5492308072025677,0.5066098894114656,0.4990170556654766,0
graphsage_pilot_v1_step0,covid_political,linear,0,1,10,test,2,2,83cb1f5f80360408baf933c03274febff7c6d49f773d7382e9ebea1efe88cb54,f1b58c8ccaee181a233f11c34ff62fda2f7ec53206eb08b2970705719fba8082,f89e55d9cfacf91222600ee60a2ba36a7e5c6eb5bd4c3c753e6136ad5559fc67,AdamW,0.01,0.0,0.5449695659799183,0.5064827761535529,0.4985007523914509,0
graphsage_pilot_v1_step0,covid_political,linear,0,1,100,val,2,2,83cb1f5f80360408baf933c03274febff7c6d49f773d7382e9ebea1efe88cb54,f1b58c8ccaee181a233f11c34ff62fda2f7ec53206eb08b2970705719fba8082,f89e55d9cfacf91222600ee60a2ba36a7e5c6eb5bd4c3c753e6136ad5559fc67,AdamW,0.01,0.0,0.5492404841564887,0.5066098894114656,0.4990170556654766,0
graphsage_pilot_v1_step0,covid_political,linear,0,1,100,test,2,2,83cb1f5f80360408baf933c03274febff7c6d49f773d7382e9ebea1efe88cb54,f1b58c8ccaee181a233f11c34ff62fda2f7ec53206eb08b2970705719fba8082,f89e55d9cfacf91222600ee60a2ba36a7e5c6eb5bd4c3c753e6136ad5559fc67,AdamW,0.01,0.0,0.5449773075430551,0.5064827761535529,0.4985007523914509,0
graphsage_pilot_v1_step0,covid_political,linear,0,10,0,val,2,20,fd81701c0bd9f5dde83c0f8fe71b62765f94b2a9027e4cc8613e624847ba0206,f1b58c8ccaee181a233f11c34ff62fda2f7ec53206eb08b2970705719fba8082,f89e55d9cfacf91222600ee60a2ba36a7e5c6eb5bd4c3c753e6136ad5559fc67,AdamW,0.01,0.0,0.3793067799892335,0.5321596542519385,0.4190321718293122,0
graphsage_pilot_v1_step0,covid_political,linear,0,10,0,test,2,20,fd81701c0bd9f5dde83c0f8fe71b62765f94b2a9027e4cc8613e624847ba0206,f1b58c8ccaee181a233f11c34ff62fda2f7ec53206eb08b2970705719fba8082,f89e55d9cfacf91222600ee60a2ba36a7e5c6eb5bd4c3c753e6136ad5559fc67,AdamW,0.01,0.0,0.3769681429240427,0.5313969747044617,0.4199375132215889,0
graphsage_pilot_v1_step0,covid_political,linear,0,10,1,val,2,20,fd81701c0bd9f5dde83c0f8fe71b62765f94b2a9027e4cc8613e624847ba0206,f1b58c8ccaee181a233f11c34ff62fda2f7ec53206eb08b2970705719fba8082,f89e55d9cfacf91222600ee60a2ba36a7e5c6eb5bd4c3c753e6136ad5559fc67,AdamW,0.01,0.0,0.5233659185728906,0.4678403457480615,0.4655365692342045,0
graphsage_pilot_v1_step0,covid_political,linear,0,10,1,test,2,20,fd81701c0bd9f5dde83c0f8fe71b62765f94b2a9027e4cc8613e624847ba0206,f1b58c8ccaee181a233f11c34ff62fda2f7ec53206eb08b2970705719fba8082,f89e55d9cfacf91222600ee60a2ba36a7e5c6eb5bd4c3c753e6136ad5559fc67,AdamW,0.01,0.0,0.5214675720381263,0.4686030252955383,0.4660921165392013,0
graphsage_pilot_v1_step0,covid_political,linear,0,10,10,val,2,20,fd81701c0bd9f5dde83c0f8fe71b62765f94b2a9027e4cc8613e624847ba0206,f1b58c8ccaee181a233f11c34ff62fda2f7ec53206eb08b2970705719fba8082,f89e55d9cfacf91222600ee60a2ba36a7e5c6eb5bd4c3c753e6136ad5559fc67,AdamW,0.01,0.0,0.4638414092950296,0.7024914198550909,0.4728324810389561,0
graphsage_pilot_v1_step0,covid_political,linear,0,10,10,test,2,20,fd81701c0bd9f5dde83c0f8fe71b62765f94b2a9027e4cc8613e624847ba0206,f1b58c8ccaee181a233f11c34ff62fda2f7ec53206eb08b2970705719fba8082,f89e55d9cfacf91222600ee60a2ba36a7e5c6eb5bd4c3c753e6136ad5559fc67,AdamW,0.01,0.0,0.4685506826112423,0.7035718825473497,0.4743561796938965,0
graphsage_pilot_v1_step0,covid_political,linear,0,10,100,val,2,20,fd81701c0bd9f5dde83c0f8fe71b62765f94b2a9027e4cc8613e624847ba0206,f1b58c8ccaee181a233f11c34ff62fda2f7ec53206eb08b2970705719fba8082,f89e55d9cfacf91222600ee60a2ba36a7e5c6eb5bd4c3c753e6136ad5559fc67,AdamW,0.01,0.0,0.5910075546565775,0.6827888648786068,0.5717036128169035,0
graphsage_pilot_v1_step0,covid_political,linear,0,10,100,test,2,20,fd81701c0bd9f5dde83c0f8fe71b62765f94b2a9027e4cc8613e624847ba0206,f1b58c8ccaee181a233f11c34ff62fda2f7ec53206eb08b2970705719fba8082,f89e55d9cfacf91222600ee60a2ba36a7e5c6eb5bd4c3c753e6136ad5559fc67,AdamW,0.01,0.0,0.5963509511521501,0.6853946866658193,0.5762940355630268,0
graphsage_pilot_v1_step0,covid_political,linear,0,100,0,val,2,200,e518b8d4501a6dd8d4517d1671d020cdbe000f6892f46ab76d9587c53f8b19b7,f1b58c8ccaee181a233f11c34ff62fda2f7ec53206eb08b2970705719fba8082,f89e55d9cfacf91222600ee60a2ba36a7e5c6eb5bd4c3c753e6136ad5559fc67,AdamW,0.01,0.0,0.3793067799892335,0.5321596542519385,0.4190321718293122,0
graphsage_pilot_v1_step0,covid_political,linear,0,100,0,test,2,200,e518b8d4501a6dd8d4517d1671d020cdbe000f6892f46ab76d9587c53f8b19b7,f1b58c8ccaee181a233f11c34ff62fda2f7ec53206eb08b2970705719fba8082,f89e55d9cfacf91222600ee60a2ba36a7e5c6eb5bd4c3c753e6136ad5559fc67,AdamW,0.01,0.0,0.3769681429240427,0.5313969747044617,0.4199375132215889,0
graphsage_pilot_v1_step0,covid_political,linear,0,100,1,val,2,200,e518b8d4501a6dd8d4517d1671d020cdbe000f6892f46ab76d9587c53f8b19b7,f1b58c8ccaee181a233f11c34ff62fda2f7ec53206eb08b2970705719fba8082,f89e55d9cfacf91222600ee60a2ba36a7e5c6eb5bd4c3c753e6136ad5559fc67,AdamW,0.01,0.0,0.5490718876986236,0.5039405109952968,0.4969481753867358,0
graphsage_pilot_v1_step0,covid_political,linear,0,100,1,test,2,200,e518b8d4501a6dd8d4517d1671d020cdbe000f6892f46ab76d9587c53f8b19b7,f1b58c8ccaee181a233f11c34ff62fda2f7ec53206eb08b2970705719fba8082,f89e55d9cfacf91222600ee60a2ba36a7e5c6eb5bd4c3c753e6136ad5559fc67,AdamW,0.01,0.0,0.5448250205580906,0.5029236049319944,0.4955913270539224,0
graphsage_pilot_v1_step0,covid_political,linear,0,100,10,val,2,200,e518b8d4501a6dd8d4517d1671d020cdbe000f6892f46ab76d9587c53f8b19b7,f1b58c8ccaee181a233f11c34ff62fda2f7ec53206eb08b2970705719fba8082,f89e55d9cfacf91222600ee60a2ba36a7e5c6eb5bd4c3c753e6136ad5559fc67,AdamW,0.01,0.0,0.6205969071367969,0.4678403457480615,0.4655365692342045,0
graphsage_pilot_v1_step0,covid_political,linear,0,100,10,test,2,200,e518b8d4501a6dd8d4517d1671d020cdbe000f6892f46ab76d9587c53f8b19b7,f1b58c8ccaee181a233f11c34ff62fda2f7ec53206eb08b2970705719fba8082,f89e55d9cfacf91222600ee60a2ba36a7e5c6eb5bd4c3c753e6136ad5559fc67,AdamW,0.01,0.0,0.622929433586141,0.4686030252955383,0.4660921165392013,0
graphsage_pilot_v1_step0,covid_political,linear,0,100,100,val,2,200,e518b8d4501a6dd8d4517d1671d020cdbe000f6892f46ab76d9587c53f8b19b7,f1b58c8ccaee181a233f11c34ff62fda2f7ec53206eb08b2970705719fba8082,f89e55d9cfacf91222600ee60a2ba36a7e5c6eb5bd4c3c753e6136ad5559fc67,AdamW,0.01,0.0,0.6360286476978798,0.6636583195627304,0.5805381426976777,0
graphsage_pilot_v1_step0,covid_political,linear,0,100,100,test,2,200,e518b8d4501a6dd8d4517d1671d020cdbe000f6892f46ab76d9587c53f8b19b7,f1b58c8ccaee181a233f11c34ff62fda2f7ec53206eb08b2970705719fba8082,f89e55d9cfacf91222600ee60a2ba36a7e5c6eb5bd4c3c753e6136ad5559fc67,AdamW,0.01,0.0,0.6385529735485357,0.66931485953985,0.5856833204871581,0
graphsage_pilot_v1_step0,covid_political,linear,1,0,0,val,2,0,af5570f5a1810b7af78caf4bc70a660f0df51e42baf91d4de5b2328de0e83dfc,f1b58c8ccaee181a233f11c34ff62fda2f7ec53206eb08b2970705719fba8082,8a8ac6a74ff16f70c26373d03c9e72726890aaba776363757688178d530a945d,none,0.0,0.0,0.4751983911466092,0.5321596542519385,0.4190321718293122,0
graphsage_pilot_v1_step0,covid_political,linear,1,0,0,test,2,0,af5570f5a1810b7af78caf4bc70a660f0df51e42baf91d4de5b2328de0e83dfc,f1b58c8ccaee181a233f11c34ff62fda2f7ec53206eb08b2970705719fba8082,8a8ac6a74ff16f70c26373d03c9e72726890aaba776363757688178d530a945d,none,0.0,0.0,0.4771844391536515,0.5313969747044617,0.4199375132215889,0
graphsage_pilot_v1_step0,covid_political,linear,1,1,0,val,2,2,a1a5486cefa74f8722a35f2abc7ceba0b5efb57b74cc3cdb660b354f7db25aa5,f1b58c8ccaee181a233f11c34ff62fda2f7ec53206eb08b2970705719fba8082,8a8ac6a74ff16f70c26373d03c9e72726890aaba776363757688178d530a945d,AdamW,0.01,0.0,0.4751983911466092,0.5321596542519385,0.4190321718293122,0
graphsage_pilot_v1_step0,covid_political,linear,1,1,0,test,2,2,a1a5486cefa74f8722a35f2abc7ceba0b5efb57b74cc3cdb660b354f7db25aa5,f1b58c8ccaee181a233f11c34ff62fda2f7ec53206eb08b2970705719fba8082,8a8ac6a74ff16f70c26373d03c9e72726890aaba776363757688178d530a945d,AdamW,0.01,0.0,0.4771844391536515,0.5313969747044617,0.4199375132215889,0
graphsage_pilot_v1_step0,covid_political,linear,1,1,1,val,2,2,a1a5486cefa74f8722a35f2abc7ceba0b5efb57b74cc3cdb660b354f7db25aa5,f1b58c8ccaee181a233f11c34ff62fda2f7ec53206eb08b2970705719fba8082,8a8ac6a74ff16f70c26373d03c9e72726890aaba776363757688178d530a945d,AdamW,0.01,0.0,0.6372061481493804,0.5194483284606585,0.507596694581577,0
graphsage_pilot_v1_step0,covid_political,linear,1,1,1,test,2,2,a1a5486cefa74f8722a35f2abc7ceba0b5efb57b74cc3cdb660b354f7db25aa5,f1b58c8ccaee181a233f11c34ff62fda2f7ec53206eb08b2970705719fba8082,8a8ac6a74ff16f70c26373d03c9e72726890aaba776363757688178d530a945d,AdamW,0.01,0.0,0.6366152342002251,0.5185585356552689,0.5063231840571827,0
graphsage_pilot_v1_step0,covid_political,linear,1,1,10,val,2,2,a1a5486cefa74f8722a35f2abc7ceba0b5efb57b74cc3cdb660b354f7db25aa5,f1b58c8ccaee181a233f11c34ff62fda2f7ec53206eb08b2970705719fba8082,8a8ac6a74ff16f70c26373d03c9e72726890aaba776363757688178d530a945d,AdamW,0.01,0.0,0.643752444382251,0.5165882801576205,0.5067690375890146,0
graphsage_pilot_v1_step0,covid_political,linear,1,1,10,test,2,2,a1a5486cefa74f8722a35f2abc7ceba0b5efb57b74cc3cdb660b354f7db25aa5,f1b58c8ccaee181a233f11c34ff62fda2f7ec53206eb08b2970705719fba8082,8a8ac6a74ff16f70c26373d03c9e72726890aaba776363757688178d530a945d,AdamW,0.01,0.0,0.6428964036416226,0.5163976102707513,0.5057345502782236,0
graphsage_pilot_v1_step0,covid_political,linear,1,1,100,val,2,2,a1a5486cefa74f8722a35f2abc7ceba0b5efb57b74cc3cdb660b354f7db25aa5,f1b58c8ccaee181a233f11c34ff62fda2f7ec53206eb08b2970705719fba8082,8a8ac6a74ff16f70c26373d03c9e72726890aaba776363757688178d530a945d,AdamW,0.01,0.0,0.6443537855210806,0.5162704970128384,0.5066692206673795,0
graphsage_pilot_v1_step0,covid_political,linear,1,1,100,test,2,2,a1a5486cefa74f8722a35f2abc7ceba0b5efb57b74cc3cdb660b354f7db25aa5,f1b58c8ccaee181a233f11c34ff62fda2f7ec53206eb08b2970705719fba8082,8a8ac6a74ff16f70c26373d03c9e72726890aaba776363757688178d530a945d,AdamW,0.01,0.0,0.6431942146167888,0.5167153934155332,0.5062562951206715,0
graphsage_pilot_v1_step0,covid_political,linear,1,10,0,val,2,20,f9c026150d0dd5592c79f931e4798ed5d85119b5f6613d26370f93e1e204582e,f1b58c8ccaee181a233f11c34ff62fda2f7ec53206eb08b2970705719fba8082,8a8ac6a74ff16f70c26373d03c9e72726890aaba776363757688178d530a945d,AdamW,0.01,0.0,0.4751983911466092,0.5321596542519385,0.4190321718293122,0
graphsage_pilot_v1_step0,covid_political,linear,1,10,0,test,2,20,f9c026150d0dd5592c79f931e4798ed5d85119b5f6613d26370f93e1e204582e,f1b58c8ccaee181a233f11c34ff62fda2f7ec53206eb08b2970705719fba8082,8a8ac6a74ff16f70c26373d03c9e72726890aaba776363757688178d530a945d,AdamW,0.01,0.0,0.4771844391536515,0.5313969747044617,0.4199375132215889,0
graphsage_pilot_v1_step0,covid_political,linear,1,10,1,val,2,20,f9c026150d0dd5592c79f931e4798ed5d85119b5f6613d26370f93e1e204582e,f1b58c8ccaee181a233f11c34ff62fda2f7ec53206eb08b2970705719fba8082,8a8ac6a74ff16f70c26373d03c9e72726890aaba776363757688178d530a945d,AdamW,0.01,0.0,0.6043273815717527,0.5163340536417949,0.5067429573867437,0
graphsage_pilot_v1_step0,covid_political,linear,1,10,1,test,2,20,f9c026150d0dd5592c79f931e4798ed5d85119b5f6613d26370f93e1e204582e,f1b58c8ccaee181a233f11c34ff62fda2f7ec53206eb08b2970705719fba8082,8a8ac6a74ff16f70c26373d03c9e72726890aaba776363757688178d530a945d,AdamW,0.01,0.0,0.6020299096161631,0.516842506673446,0.5064234431832962,0
graphsage_pilot_v1_step0,covid_political,linear,1,10,10,val,2,20,f9c026150d0dd5592c79f931e4798ed5d85119b5f6613d26370f93e1e204582e,f1b58c8ccaee181a233f11c34ff62fda2f7ec53206eb08b2970705719fba8082,8a8ac6a74ff16f70c26373d03c9e72726890aaba776363757688178d530a945d,AdamW,0.01,0.0,0.6390870870400688,0.5194483284606585,0.507596694581577,0
graphsage_pilot_v1_step0,covid_political,linear,1,10,10,test,2,20,f9c026150d0dd5592c79f931e4798ed5d85119b5f6613d26370f93e1e204582e,f1b58c8ccaee181a233f11c34ff62fda2f7ec53206eb08b2970705719fba8082,8a8ac6a74ff16f70c26373d03c9e72726890aaba776363757688178d530a945d,AdamW,0.01,0.0,0.6374541934862359,0.5186220922842253,0.5063782247600546,0
graphsage_pilot_v1_step0,covid_political,linear,1,10,100,val,2,20,f9c026150d0dd5592c79f931e4798ed5d85119b5f6613d26370f93e1e204582e,f1b58c8ccaee181a233f11c34ff62fda2f7ec53206eb08b2970705719fba8082,8a8ac6a74ff16f70c26373d03c9e72726890aaba776363757688178d530a945d,AdamW,0.01,0.0,0.6370092167005957,0.5190034320579636,0.506910578296695,0
graphsage_pilot_v1_step0,covid_political,linear,1,10,100,test,2,20,f9c026150d0dd5592c79f931e4798ed5d85119b5f6613d26370f93e1e204582e,f1b58c8ccaee181a233f11c34ff62fda2f7ec53206eb08b2970705719fba8082,8a8ac6a74ff16f70c26373d03c9e72726890aaba776363757688178d530a945d,AdamW,0.01,0.0,0.6366617923088658,0.51906698868692,0.5065799280741411,0
graphsage_pilot_v1_step0,covid_political,linear,1,100,0,val,2,200,deff487df17b1c21d7fda36c1e8d131f2aa5ae126f57b1bdc5989660169e9a6e,f1b58c8ccaee181a233f11c34ff62fda2f7ec53206eb08b2970705719fba8082,8a8ac6a74ff16f70c26373d03c9e72726890aaba776363757688178d530a945d,AdamW,0.01,0.0,0.4751983911466092,0.5321596542519385,0.4190321718293122,0
graphsage_pilot_v1_step0,covid_political,linear,1,100,0,test,2,200,deff487df17b1c21d7fda36c1e8d131f2aa5ae126f57b1bdc5989660169e9a6e,f1b58c8ccaee181a233f11c34ff62fda2f7ec53206eb08b2970705719fba8082,8a8ac6a74ff16f70c26373d03c9e72726890aaba776363757688178d530a945d,AdamW,0.01,0.0,0.4771844391536515,0.5313969747044617,0.4199375132215889,0
graphsage_pilot_v1_step0,covid_political,linear,1,100,1,val,2,200,deff487df17b1c21d7fda36c1e8d131f2aa5ae126f57b1bdc5989660169e9a6e,f1b58c8ccaee181a233f11c34ff62fda2f7ec53206eb08b2970705719fba8082,8a8ac6a74ff16f70c26373d03c9e72726890aaba776363757688178d530a945d,AdamW,0.01,0.0,0.6447017644348892,0.5066098894114656,0.4990170556654766,0
graphsage_pilot_v1_step0,covid_political,linear,1,100,1,test,2,200,deff487df17b1c21d7fda36c1e8d131f2aa5ae126f57b1bdc5989660169e9a6e,f1b58c8ccaee181a233f11c34ff62fda2f7ec53206eb08b2970705719fba8082,8a8ac6a74ff16f70c26373d03c9e72726890aaba776363757688178d530a945d,AdamW,0.01,0.0,0.6444815974237121,0.5064827761535529,0.4985007523914509,0
graphsage_pilot_v1_step0,covid_political,linear,1,100,10,val,2,200,deff487df17b1c21d7fda36c1e8d131f2aa5ae126f57b1bdc5989660169e9a6e,f1b58c8ccaee181a233f11c34ff62fda2f7ec53206eb08b2970705719fba8082,8a8ac6a74ff16f70c26373d03c9e72726890aaba776363757688178d530a945d,AdamW,0.01,0.0,0.6567687302607809,0.5061014363798144,0.4988316139235643,0
graphsage_pilot_v1_step0,covid_political,linear,1,100,10,test,2,200,deff487df17b1c21d7fda36c1e8d131f2aa5ae126f57b1bdc5989660169e9a6e,f1b58c8ccaee181a233f11c34ff62fda2f7ec53206eb08b2970705719fba8082,8a8ac6a74ff16f70c26373d03c9e72726890aaba776363757688178d530a945d,AdamW,0.01,0.0,0.6560103506438816,0.5052116435744248,0.4975493153439621,0
graphsage_pilot_v1_step0,covid_political,linear,1,100,100,val,2,200,deff487df17b1c21d7fda36c1e8d131f2aa5ae126f57b1bdc5989660169e9a6e,f1b58c8ccaee181a233f11c34ff62fda2f7ec53206eb08b2970705719fba8082,8a8ac6a74ff16f70c26373d03c9e72726890aaba776363757688178d530a945d,AdamW,0.01,0.0,0.6622294462314191,0.6727469175034956,0.6101437356412466,0
graphsage_pilot_v1_step0,covid_political,linear,1,100,100,test,2,200,deff487df17b1c21d7fda36c1e8d131f2aa5ae126f57b1bdc5989660169e9a6e,f1b58c8ccaee181a233f11c34ff62fda2f7ec53206eb08b2970705719fba8082,8a8ac6a74ff16f70c26373d03c9e72726890aaba776363757688178d530a945d,AdamW,0.01,0.0,0.6628733550945195,0.6735731536799289,0.6109153855398297,0
graphsage_pilot_v1_step0,covid_political,linear,2,0,0,val,2,0,af5570f5a1810b7af78caf4bc70a660f0df51e42baf91d4de5b2328de0e83dfc,f1b58c8ccaee181a233f11c34ff62fda2f7ec53206eb08b2970705719fba8082,203ffea723cb4cf0d5b2da185e1677d1c082fd4475784ccb7c3a518868d42cce,none,0.0,0.0,0.5220257365656968,0.4684759120376255,0.4659550393228919,0
graphsage_pilot_v1_step0,covid_political,linear,2,0,0,test,2,0,af5570f5a1810b7af78caf4bc70a660f0df51e42baf91d4de5b2328de0e83dfc,f1b58c8ccaee181a233f11c34ff62fda2f7ec53206eb08b2970705719fba8082,203ffea723cb4cf0d5b2da185e1677d1c082fd4475784ccb7c3a518868d42cce,none,0.0,0.0,0.5200182687842452,0.4686030252955383,0.465862571071948,0
graphsage_pilot_v1_step0,covid_political,linear,2,1,0,val,2,2,819b2388d0d03770163bf9616c766cae20d1f55fa6baefa8dc8935608069d370,f1b58c8ccaee181a233f11c34ff62fda2f7ec53206eb08b2970705719fba8082,203ffea723cb4cf0d5b2da185e1677d1c082fd4475784ccb7c3a518868d42cce,AdamW,0.01,0.0,0.5220257365656968,0.4684759120376255,0.4659550393228919,0
graphsage_pilot_v1_step0,covid_political,linear,2,1,0,test,2,2,819b2388d0d03770163bf9616c766cae20d1f55fa6baefa8dc8935608069d370,f1b58c8ccaee181a233f11c34ff62fda2f7ec53206eb08b2970705719fba8082,203ffea723cb4cf0d5b2da185e1677d1c082fd4475784ccb7c3a518868d42cce,AdamW,0.01,0.0,0.5200182687842452,0.4686030252955383,0.465862571071948,0
graphsage_pilot_v1_step0,covid_political,linear,2,1,1,val,2,2,819b2388d0d03770163bf9616c766cae20d1f55fa6baefa8dc8935608069d370,f1b58c8ccaee181a233f11c34ff62fda2f7ec53206eb08b2970705719fba8082,203ffea723cb4cf0d5b2da185e1677d1c082fd4475784ccb7c3a518868d42cce,AdamW,0.01,0.0,0.5494876922737352,0.4678403457480615,0.4655365692342045,0
graphsage_pilot_v1_step0,covid_political,linear,2,1,1,test,2,2,819b2388d0d03770163bf9616c766cae20d1f55fa6baefa8dc8935608069d370,f1b58c8ccaee181a233f11c34ff62fda2f7ec53206eb08b2970705719fba8082,203ffea723cb4cf0d5b2da185e1677d1c082fd4475784ccb7c3a518868d42cce,AdamW,0.01,0.0,0.5452210145601188,0.4686030252955383,0.4660921165392013,0
graphsage_pilot_v1_step0,covid_political,linear,2,1,10,val,2,2,819b2388d0d03770163bf9616c766cae20d1f55fa6baefa8dc8935608069d370,f1b58c8ccaee181a233f11c34ff62fda2f7ec53206eb08b2970705719fba8082,203ffea723cb4cf0d5b2da185e1677d1c082fd4475784ccb7c3a518868d42cce,AdamW,0.01,0.0,0.5492622083743924,0.5041947375111224,0.4972517546339353,0
graphsage_pilot_v1_step0,covid_political,linear,2,1,10,test,2,2,819b2388d0d03770163bf9616c766cae20d1f55fa6baefa8dc8935608069d370,f1b58c8ccaee181a233f11c34ff62fda2f7ec53206eb08b2970705719fba8082,203ffea723cb4cf0d5b2da185e1677d1c082fd4475784ccb7c3a518868d42cce,AdamW,0.01,0.0,0.5449946825681853,0.5031142748188636,0.495823961833582,0
graphsage_pilot_v1_step0,covid_political,linear,2,1,100,val,2,2,819b2388d0d03770163bf9616c766cae20d1f55fa6baefa8dc8935608069d370,f1b58c8ccaee181a233f11c34ff62fda2f7ec53206eb08b2970705719fba8082,203ffea723cb4cf0d5b2da185e1677d1c082fd4475784ccb7c3a518868d42cce,AdamW,0.01,0.0,0.549296262553809,0.505402313461294,0.498176669862972,0
graphsage_pilot_v1_step0,covid_political,linear,2,1,100,test,2,2,819b2388d0d03770163bf9616c766cae20d1f55fa6baefa8dc8935608069d370,f1b58c8ccaee181a233f11c34ff62fda2f7ec53206eb08b2970705719fba8082,203ffea723cb4cf0d5b2da185e1677d1c082fd4475784ccb7c3a518868d42cce,AdamW,0.01,0.0,0.5450258445344076,0.504131180882166,0.4965560976077087,0
graphsage_pilot_v1_step0,covid_political,linear,2,10,0,val,2,20,59f9bdd18cf237d344bd10e236a66ddc182933a5b318262271cb8275b34bc0d9,f1b58c8ccaee181a233f11c34ff62fda2f7ec53206eb08b2970705719fba8082,203ffea723cb4cf0d5b2da185e1677d1c082fd4475784ccb7c3a518868d42cce,AdamW,0.01,0.0,0.5220257365656968,0.4684759120376255,0.4659550393228919,0
graphsage_pilot_v1_step0,covid_political,linear,2,10,0,test,2,20,59f9bdd18cf237d344bd10e236a66ddc182933a5b318262271cb8275b34bc0d9,f1b58c8ccaee181a233f11c34ff62fda2f7ec53206eb08b2970705719fba8082,203ffea723cb4cf0d5b2da185e1677d1c082fd4475784ccb7c3a518868d42cce,AdamW,0.01,0.0,0.5200182687842452,0.4686030252955383,0.465862571071948,0
graphsage_pilot_v1_step0,covid_political,linear,2,10,1,val,2,20,59f9bdd18cf237d344bd10e236a66ddc182933a5b318262271cb8275b34bc0d9,f1b58c8ccaee181a233f11c34ff62fda2f7ec53206eb08b2970705719fba8082,203ffea723cb4cf0d5b2da185e1677d1c082fd4475784ccb7c3a518868d42cce,AdamW,0.01,0.0,0.5494876922737352,0.4678403457480615,0.4655365692342045,0
graphsage_pilot_v1_step0,covid_political,linear,2,10,1,test,2,20,59f9bdd18cf237d344bd10e236a66ddc182933a5b318262271cb8275b34bc0d9,f1b58c8ccaee181a233f11c34ff62fda2f7ec53206eb08b2970705719fba8082,203ffea723cb4cf0d5b2da185e1677d1c082fd4475784ccb7c3a518868d42cce,AdamW,0.01,0.0,0.5452210145601188,0.4686030252955383,0.4660921165392013,0
graphsage_pilot_v1_step0,covid_political,linear,2,10,10,val,2,20,59f9bdd18cf237d344bd10e236a66ddc182933a5b318262271cb8275b34bc0d9,f1b58c8ccaee181a233f11c34ff62fda2f7ec53206eb08b2970705719fba8082,203ffea723cb4cf0d5b2da185e1677d1c082fd4475784ccb7c3a518868d42cce,AdamW,0.01,0.0,0.6207457147675428,0.4678403457480615,0.4655365692342045,0
graphsage_pilot_v1_step0,covid_political,linear,2,10,10,test,2,20,59f9bdd18cf237d344bd10e236a66ddc182933a5b318262271cb8275b34bc0d9,f1b58c8ccaee181a233f11c34ff62fda2f7ec53206eb08b2970705719fba8082,203ffea723cb4cf0d5b2da185e1677d1c082fd4475784ccb7c3a518868d42cce,AdamW,0.01,0.0,0.6230391854657806,0.4686030252955383,0.4660921165392013,0
graphsage_pilot_v1_step0,covid_political,linear,2,10,100,val,2,20,59f9bdd18cf237d344bd10e236a66ddc182933a5b318262271cb8275b34bc0d9,f1b58c8ccaee181a233f11c34ff62fda2f7ec53206eb08b2970705719fba8082,203ffea723cb4cf0d5b2da185e1677d1c082fd4475784ccb7c3a518868d42cce,AdamW,0.01,0.0,0.6573533704993602,0.6596542519384772,0.6008989709401991,0
graphsage_pilot_v1_step0,covid_political,linear,2,10,100,test,2,20,59f9bdd18cf237d344bd10e236a66ddc182933a5b318262271cb8275b34bc0d9,f1b58c8ccaee181a233f11c34ff62fda2f7ec53206eb08b2970705719fba8082,203ffea723cb4cf0d5b2da185e1677d1c082fd4475784ccb7c3a518868d42cce,AdamW,0.01,0.0,0.6573626016610221,0.6599720350832592,0.6012488070183097,0
graphsage_pilot_v1_step0,covid_political,linear,2,100,0,val,2,200,c2c4b3d8afd50110d9a186f13b92defd8364a53b560f60feae44094cbdc75d36,f1b58c8ccaee181a233f11c34ff62fda2f7ec53206eb08b2970705719fba8082,203ffea723cb4cf0d5b2da185e1677d1c082fd4475784ccb7c3a518868d42cce,AdamW,0.01,0.0,0.5220257365656968,0.4684759120376255,0.4659550393228919,0
graphsage_pilot_v1_step0,covid_political,linear,2,100,0,test,2,200,c2c4b3d8afd50110d9a186f13b92defd8364a53b560f60feae44094cbdc75d36,f1b58c8ccaee181a233f11c34ff62fda2f7ec53206eb08b2970705719fba8082,203ffea723cb4cf0d5b2da185e1677d1c082fd4475784ccb7c3a518868d42cce,AdamW,0.01,0.0,0.5200182687842452,0.4686030252955383,0.465862571071948,0
graphsage_pilot_v1_step0,covid_political,linear,2,100,1,val,2,200,c2c4b3d8afd50110d9a186f13b92defd8364a53b560f60feae44094cbdc75d36,f1b58c8ccaee181a233f11c34ff62fda2f7ec53206eb08b2970705719fba8082,203ffea723cb4cf0d5b2da185e1677d1c082fd4475784ccb7c3a518868d42cce,AdamW,0.01,0.0,0.5494876922737352,0.4678403457480615,0.4655365692342045,0
graphsage_pilot_v1_step0,covid_political,linear,2,100,1,test,2,200,c2c4b3d8afd50110d9a186f13b92defd8364a53b560f60feae44094cbdc75d36,f1b58c8ccaee181a233f11c34ff62fda2f7ec53206eb08b2970705719fba8082,203ffea723cb4cf0d5b2da185e1677d1c082fd4475784ccb7c3a518868d42cce,AdamW,0.01,0.0,0.5452210145601188,0.4686030252955383,0.4660921165392013,0
graphsage_pilot_v1_step0,covid_political,linear,2,100,10,val,2,200,c2c4b3d8afd50110d9a186f13b92defd8364a53b560f60feae44094cbdc75d36,f1b58c8ccaee181a233f11c34ff62fda2f7ec53206eb08b2970705719fba8082,203ffea723cb4cf0d5b2da185e1677d1c082fd4475784ccb7c3a518868d42cce,AdamW,0.01,0.0,0.652838082053828,0.4678403457480615,0.4655365692342045,0
graphsage_pilot_v1_step0,covid_political,linear,2,100,10,test,2,200,c2c4b3d8afd50110d9a186f13b92defd8364a53b560f60feae44094cbdc75d36,f1b58c8ccaee181a233f11c34ff62fda2f7ec53206eb08b2970705719fba8082,203ffea723cb4cf0d5b2da185e1677d1c082fd4475784ccb7c3a518868d42cce,AdamW,0.01,0.0,0.6526506644642356,0.4686030252955383,0.4660921165392013,0
graphsage_pilot_v1_step0,covid_political,linear,2,100,100,val,2,200,c2c4b3d8afd50110d9a186f13b92defd8364a53b560f60feae44094cbdc75d36,f1b58c8ccaee181a233f11c34ff62fda2f7ec53206eb08b2970705719fba8082,203ffea723cb4cf0d5b2da185e1677d1c082fd4475784ccb7c3a518868d42cce,AdamW,0.01,0.0,0.6497817520701342,0.6458624634549384,0.5923636253329145,0
graphsage_pilot_v1_step0,covid_political,linear,2,100,100,test,2,200,c2c4b3d8afd50110d9a186f13b92defd8364a53b560f60feae44094cbdc75d36,f1b58c8ccaee181a233f11c34ff62fda2f7ec53206eb08b2970705719fba8082,203ffea723cb4cf0d5b2da185e1677d1c082fd4475784ccb7c3a518868d42cce,AdamW,0.01,0.0,0.6514882992035866,0.6453540104232871,0.5923389037969493,0
graphsage_pilot_v1_step0,election2020,linear,0,0,0,val,2,0,af5570f5a1810b7af78caf4bc70a660f0df51e42baf91d4de5b2328de0e83dfc,4db6aa7af69e96de5ca88f4890129536991fb6b5a48192980711caf7e7cedb5c,f89e55d9cfacf91222600ee60a2ba36a7e5c6eb5bd4c3c753e6136ad5559fc67,none,0.0,0.0,0.4860703431163604,0.5252122133536045,0.4889131396351448,0
graphsage_pilot_v1_step0,election2020,linear,0,0,0,test,2,0,af5570f5a1810b7af78caf4bc70a660f0df51e42baf91d4de5b2328de0e83dfc,4db6aa7af69e96de5ca88f4890129536991fb6b5a48192980711caf7e7cedb5c,f89e55d9cfacf91222600ee60a2ba36a7e5c6eb5bd4c3c753e6136ad5559fc67,none,0.0,0.0,0.4845642142325974,0.5229619307024768,0.487182296029603,0
graphsage_pilot_v1_step0,election2020,linear,0,1,0,val,2,2,08d94d51669f2215e109205d97de59e7cd401bd8d9f0f558f89a298e5dd837c3,4db6aa7af69e96de5ca88f4890129536991fb6b5a48192980711caf7e7cedb5c,f89e55d9cfacf91222600ee60a2ba36a7e5c6eb5bd4c3c753e6136ad5559fc67,AdamW,0.01,0.0,0.4860703431163604,0.5252122133536045,0.4889131396351448,0
graphsage_pilot_v1_step0,election2020,linear,0,1,0,test,2,2,08d94d51669f2215e109205d97de59e7cd401bd8d9f0f558f89a298e5dd837c3,4db6aa7af69e96de5ca88f4890129536991fb6b5a48192980711caf7e7cedb5c,f89e55d9cfacf91222600ee60a2ba36a7e5c6eb5bd4c3c753e6136ad5559fc67,AdamW,0.01,0.0,0.4845642142325974,0.5229619307024768,0.487182296029603,0
graphsage_pilot_v1_step0,election2020,linear,0,1,1,val,2,2,08d94d51669f2215e109205d97de59e7cd401bd8d9f0f558f89a298e5dd837c3,4db6aa7af69e96de5ca88f4890129536991fb6b5a48192980711caf7e7cedb5c,f89e55d9cfacf91222600ee60a2ba36a7e5c6eb5bd4c3c753e6136ad5559fc67,AdamW,0.01,0.0,0.4744212962962963,0.470606866844039,0.4534486681483167,0
graphsage_pilot_v1_step0,election2020,linear,0,1,1,test,2,2,08d94d51669f2215e109205d97de59e7cd401bd8d9f0f558f89a298e5dd837c3,4db6aa7af69e96de5ca88f4890129536991fb6b5a48192980711caf7e7cedb5c,f89e55d9cfacf91222600ee60a2ba36a7e5c6eb5bd4c3c753e6136ad5559fc67,AdamW,0.01,0.0,0.4801447141188179,0.4764046367264204,0.4603740015404826,0
graphsage_pilot_v1_step0,election2020,linear,0,1,10,val,2,2,08d94d51669f2215e109205d97de59e7cd401bd8d9f0f558f89a298e5dd837c3,4db6aa7af69e96de5ca88f4890129536991fb6b5a48192980711caf7e7cedb5c,f89e55d9cfacf91222600ee60a2ba36a7e5c6eb5bd4c3c753e6136ad5559fc67,AdamW,0.01,0.0,0.5013434709208756,0.4871405042442671,0.4868240621706357,0
graphsage_pilot_v1_step0,election2020,linear,0,1,10,test,2,2,08d94d51669f2215e109205d97de59e7cd401bd8d9f0f558f89a298e5dd837c3,4db6aa7af69e96de5ca88f4890129536991fb6b5a48192980711caf7e7cedb5c,f89e55d9cfacf91222600ee60a2ba36a7e5c6eb5bd4c3c753e6136ad5559fc67,AdamW,0.01,0.0,0.4987543978193584,0.4867929308925064,0.4865699468091682,0
graphsage_pilot_v1_step0,election2020,linear,0,1,100,val,2,2,08d94d51669f2215e109205d97de59e7cd401bd8d9f0f558f89a298e5dd837c3,4db6aa7af69e96de5ca88f4890129536991fb6b5a48192980711caf7e7cedb5c,f89e55d9cfacf91222600ee60a2ba36a7e5c6eb5bd4c3c753e6136ad5559fc67,AdamW,0.01,0.0,0.5279216443984613,0.4896743950335741,0.4768456983625271,0
graphsage_pilot_v1_step0,election2020,linear,0,1,100,test,2,2,08d94d51669f2215e109205d97de59e7cd401bd8d9f0f558f89a298e5dd837c3,4db6aa7af69e96de5ca88f4890129536991fb6b5a48192980711caf7e7cedb5c,f89e55d9cfacf91222600ee60a2ba36a7e5c6eb5bd4c3c753e6136ad5559fc67,AdamW,0.01,0.0,0.5179603587969689,0.4857160955216317,0.4735491633857235,0
graphsage_pilot_v1_step0,election2020,linear,0,10,0,val,2,20,b6534a1ef3f057337c8375bd52f2696a8aa28bb886a9b231c4e0174bd3f714e2,4db6aa7af69e96de5ca88f4890129536991fb6b5a48192980711caf7e7cedb5c,f89e55d9cfacf91222600ee60a2ba36a7e5c6eb5bd4c3c753e6136ad5559fc67,AdamW,0.01,0.0,0.4860703431163604,0.5252122133536045,0.4889131396351448,0
graphsage_pilot_v1_step0,election2020,linear,0,10,0,test,2,20,b6534a1ef3f057337c8375bd52f2696a8aa28bb886a9b231c4e0174bd3f714e2,4db6aa7af69e96de5ca88f4890129536991fb6b5a48192980711caf7e7cedb5c,f89e55d9cfacf91222600ee60a2ba36a7e5c6eb5bd4c3c753e6136ad5559fc67,AdamW,0.01,0.0,0.4845642142325974,0.5229619307024768,0.487182296029603,0
graphsage_pilot_v1_step0,election2020,linear,0,10,1,val,2,20,b6534a1ef3f057337c8375bd52f2696a8aa28bb886a9b231c4e0174bd3f714e2,4db6aa7af69e96de5ca88f4890129536991fb6b5a48192980711caf7e7cedb5c,f89e55d9cfacf91222600ee60a2ba36a7e5c6eb5bd4c3c753e6136ad5559fc67,AdamW,0.01,0.0,0.4979378821696775,0.5282528823007728,0.4846656294809784,0
graphsage_pilot_v1_step0,election2020,linear,0,10,1,test,2,20,b6534a1ef3f057337c8375bd52f2696a8aa28bb886a9b231c4e0174bd3f714e2,4db6aa7af69e96de5ca88f4890129536991fb6b5a48192980711caf7e7cedb5c,f89e55d9cfacf91222600ee60a2ba36a7e5c6eb5bd4c3c753e6136ad5559fc67,AdamW,0.01,0.0,0.4981597187513641,0.523025273959587,0.4801668505616201,0
graphsage_pilot_v1_step0,election2020,linear,0,10,10,val,2,20,b6534a1ef3f057337c8375bd52f2696a8aa28bb886a9b231c4e0174bd3f714e2,4db6aa7af69e96de5ca88f4890129536991fb6b5a48192980711caf7e7cedb5c,f89e55d9cfacf91222600ee60a2ba36a7e5c6eb5bd4c3c753e6136ad5559fc67,AdamW,0.01,0.0,0.5195399222808635,0.5077283669073863,0.5037637767962562,0
graphsage_pilot_v1_step0,election2020,linear,0,10,10,test,2,20,b6534a1ef3f057337c8375bd52f2696a8aa28bb886a9b231c4e0174bd3f714e2,4db6aa7af69e96de5ca88f4890129536991fb6b5a48192980711caf7e7cedb5c,f89e55d9cfacf91222600ee60a2ba36a7e5c6eb5bd4c3c753e6136ad5559fc67,AdamW,0.01,0.0,0.511276172207254,0.5015519097992018,0.4982222943294975,0
graphsage_pilot_v1_step0,election2020,linear,0,10,100,val,2,20,b6534a1ef3f057337c8375bd52f2696a8aa28bb886a9b231c4e0174bd3f714e2,4db6aa7af69e96de5ca88f4890129536991fb6b5a48192980711caf7e7cedb5c,f89e55d9cfacf91222600ee60a2ba36a7e5c6eb5bd4c3c753e6136ad5559fc67,AdamW,0.01,0.0,0.5255004614452634,0.5127328012162676,0.5079646043518091,0
graphsage_pilot_v1_step0,election2020,linear,0,10,100,test,2,20,b6534a1ef3f057337c8375bd52f2696a8aa28bb886a9b231c4e0174bd3f714e2,4db6aa7af69e96de5ca88f4890129536991fb6b5a48192980711caf7e7cedb5c,f89e55d9cfacf91222600ee60a2ba36a7e5c6eb5bd4c3c753e6136ad5559fc67,AdamW,0.01,0.0,0.5148954377362283,0.5027554316842973,0.4987627368465125,0
graphsage_pilot_v1_step0,election2020,linear,0,100,0,val,2,200,50ec07087975f0e8f3e763af6776f688067a11d30479a86ddef55be76a24d4be,4db6aa7af69e96de5ca88f4890129536991fb6b5a48192980711caf7e7cedb5c,f89e55d9cfacf91222600ee60a2ba36a7e5c6eb5bd4c3c753e6136ad5559fc67,AdamW,0.01,0.0,0.4860703431163604,0.5252122133536045,0.4889131396351448,0
graphsage_pilot_v1_step0,election2020,linear,0,100,0,test,2,200,50ec07087975f0e8f3e763af6776f688067a11d30479a86ddef55be76a24d4be,4db6aa7af69e96de5ca88f4890129536991fb6b5a48192980711caf7e7cedb5c,f89e55d9cfacf91222600ee60a2ba36a7e5c6eb5bd4c3c753e6136ad5559fc67,AdamW,0.01,0.0,0.4845642142325974,0.5229619307024768,0.487182296029603,0
graphsage_pilot_v1_step0,election2020,linear,0,100,1,val,2,200,50ec07087975f0e8f3e763af6776f688067a11d30479a86ddef55be76a24d4be,4db6aa7af69e96de5ca88f4890129536991fb6b5a48192980711caf7e7cedb5c,f89e55d9cfacf91222600ee60a2ba36a7e5c6eb5bd4c3c753e6136ad5559fc67,AdamW,0.01,0.0,0.5008305934011713,0.4730140630938806,0.4554766530083456,0
graphsage_pilot_v1_step0,election2020,linear,0,100,1,test,2,200,50ec07087975f0e8f3e763af6776f688067a11d30479a86ddef55be76a24d4be,4db6aa7af69e96de5ca88f4890129536991fb6b5a48192980711caf7e7cedb5c,f89e55d9cfacf91222600ee60a2ba36a7e5c6eb5bd4c3c753e6136ad5559fc67,AdamW,0.01,0.0,0.5008913244303724,0.4772280990688541,0.4605482422551444,0
graphsage_pilot_v1_step0,election2020,linear,0,100,10,val,2,200,50ec07087975f0e8f3e763af6776f688067a11d30479a86ddef55be76a24d4be,4db6aa7af69e96de5ca88f4890129536991fb6b5a48192980711caf7e7cedb5c,f89e55d9cfacf91222600ee60a2ba36a7e5c6eb5bd4c3c753e6136ad5559fc67,AdamW,0.01,0.0,0.5357663753329253,0.5230584061826935,0.5227715897544533,0
graphsage_pilot_v1_step0,election2020,linear,0,100,10,test,2,200,50ec07087975f0e8f3e763af6776f688067a11d30479a86ddef55be76a24d4be,4db6aa7af69e96de5ca88f4890129536991fb6b5a48192980711caf7e7cedb5c,f89e55d9cfacf91222600ee60a2ba36a7e5c6eb5bd4c3c753e6136ad5559fc67,AdamW,0.01,0.0,0.537835945162121,0.5242287958446823,0.5240725985317947,0
graphsage_pilot_v1_step0,election2020,linear,0,100,100,val,2,200,50ec07087975f0e8f3e763af6776f688067a11d30479a86ddef55be76a24d4be,4db6aa7af69e96de5ca88f4890129536991fb6b5a48192980711caf7e7cedb5c,f89e55d9cfacf91222600ee60a2ba36a7e5c6eb5bd4c3c753e6136ad5559fc67,AdamW,0.01,0.0,0.5556734598255227,0.5364246800962879,0.5350639727018895,0
graphsage_pilot_v1_step0,election2020,linear,0,100,100,test,2,200,50ec07087975f0e8f3e763af6776f688067a11d30479a86ddef55be76a24d4be,4db6aa7af69e96de5ca88f4890129536991fb6b5a48192980711caf7e7cedb5c,f89e55d9cfacf91222600ee60a2ba36a7e5c6eb5bd4c3c753e6136ad5559fc67,AdamW,0.01,0.0,0.5442631671764147,0.5275226452144169,0.525870189348965,0
graphsage_pilot_v1_step0,election2020,linear,1,0,0,val,2,0,af5570f5a1810b7af78caf4bc70a660f0df51e42baf91d4de5b2328de0e83dfc,4db6aa7af69e96de5ca88f4890129536991fb6b5a48192980711caf7e7cedb5c,8a8ac6a74ff16f70c26373d03c9e72726890aaba776363757688178d530a945d,none,0.0,0.0,0.5244920388582766,0.5210946408209807,0.5070344017173101,0
graphsage_pilot_v1_step0,election2020,linear,1,0,0,test,2,0,af5570f5a1810b7af78caf4bc70a660f0df51e42baf91d4de5b2328de0e83dfc,4db6aa7af69e96de5ca88f4890129536991fb6b5a48192980711caf7e7cedb5c,8a8ac6a74ff16f70c26373d03c9e72726890aaba776363757688178d530a945d,none,0.0,0.0,0.5190445741479899,0.5174510673338824,0.5038590256829988,0
graphsage_pilot_v1_step0,election2020,linear,1,1,0,val,2,2,78f669017e10b4ad480d639a6df17bf9ebfc9f39fe37b9df5e1bcca3ec557500,4db6aa7af69e96de5ca88f4890129536991fb6b5a48192980711caf7e7cedb5c,8a8ac6a74ff16f70c26373d03c9e72726890aaba776363757688178d530a945d,AdamW,0.01,0.0,0.5244920388582766,0.5210946408209807,0.5070344017173101,0
graphsage_pilot_v1_step0,election2020,linear,1,1,0,test,2,2,78f669017e10b4ad480d639a6df17bf9ebfc9f39fe37b9df5e1bcca3ec557500,4db6aa7af69e96de5ca88f4890129536991fb6b5a48192980711caf7e7cedb5c,8a8ac6a74ff16f70c26373d03c9e72726890aaba776363757688178d530a945d,AdamW,0.01,0.0,0.5190445741479899,0.5174510673338824,0.5038590256829988,0
graphsage_pilot_v1_step0,election2020,linear,1,1,1,val,2,2,78f669017e10b4ad480d639a6df17bf9ebfc9f39fe37b9df5e1bcca3ec557500,4db6aa7af69e96de5ca88f4890129536991fb6b5a48192980711caf7e7cedb5c,8a8ac6a74ff16f70c26373d03c9e72726890aaba776363757688178d530a945d,AdamW,0.01,0.0,0.475999041911759,0.4707335613835043,0.4505301594120829,0
graphsage_pilot_v1_step0,election2020,linear,1,1,1,test,2,2,78f669017e10b4ad480d639a6df17bf9ebfc9f39fe37b9df5e1bcca3ec557500,4db6aa7af69e96de5ca88f4890129536991fb6b5a48192980711caf7e7cedb5c,8a8ac6a74ff16f70c26373d03c9e72726890aaba776363757688178d530a945d,AdamW,0.01,0.0,0.4814440177387647,0.4761512636979793,0.4569708020271328,0
graphsage_pilot_v1_step0,election2020,linear,1,1,10,val,2,2,78f669017e10b4ad480d639a6df17bf9ebfc9f39fe37b9df5e1bcca3ec557500,4db6aa7af69e96de5ca88f4890129536991fb6b5a48192980711caf7e7cedb5c,8a8ac6a74ff16f70c26373d03c9e72726890aaba776363757688178d530a945d,AdamW,0.01,0.0,0.4751004022872702,0.4763081211199797,0.466531847573039,0
graphsage_pilot_v1_step0,election2020,linear,1,1,10,test,2,2,78f669017e10b4ad480d639a6df17bf9ebfc9f39fe37b9df5e1bcca3ec557500,4db6aa7af69e96de5ca88f4890129536991fb6b5a48192980711caf7e7cedb5c,8a8ac6a74ff16f70c26373d03c9e72726890aaba776363757688178d530a945d,AdamW,0.01,0.0,0.4769566421698345,0.4748843985557737,0.4661176590185302,0
graphsage_pilot_v1_step0,election2020,linear,1,1,100,val,2,2,78f669017e10b4ad480d639a6df17bf9ebfc9f39fe37b9df5e1bcca3ec557500,4db6aa7af69e96de5ca88f4890129536991fb6b5a48192980711caf7e7cedb5c,8a8ac6a74ff16f70c26373d03c9e72726890aaba776363757688178d530a945d,AdamW,0.01,0.0,0.4702002184841604,0.4782085392119599,0.4664959208950593,0
graphsage_pilot_v1_step0,election2020,linear,1,1,100,test,2,2,78f669017e10b4ad480d639a6df17bf9ebfc9f39fe37b9df5e1bcca3ec557500,4db6aa7af69e96de5ca88f4890129536991fb6b5a48192980711caf7e7cedb5c,8a8ac6a74ff16f70c26373d03c9e72726890aaba776363757688178d530a945d,AdamW,0.01,0.0,0.4718994243476917,0.4757078608982074,0.4648373076365246,0
graphsage_pilot_v1_step0,election2020,linear,1,10,0,val,2,20,d1765be95433fa195f4fbe461afcda743f31b1a4c207872120cf825a0d06e621,4db6aa7af69e96de5ca88f4890129536991fb6b5a48192980711caf7e7cedb5c,8a8ac6a74ff16f70c26373d03c9e72726890aaba776363757688178d530a945d,AdamW,0.01,0.0,0.5244920388582766,0.5210946408209807,0.5070344017173101,0
graphsage_pilot_v1_step0,election2020,linear,1,10,0,test,2,20,d1765be95433fa195f4fbe461afcda743f31b1a4c207872120cf825a0d06e621,4db6aa7af69e96de5ca88f4890129536991fb6b5a48192980711caf7e7cedb5c,8a8ac6a74ff16f70c26373d03c9e72726890aaba776363757688178d530a945d,AdamW,0.01,0.0,0.5190445741479899,0.5174510673338824,0.5038590256829988,0
graphsage_pilot_v1_step0,election2020,linear,1,10,1,val,2,20,d1765be95433fa195f4fbe461afcda743f31b1a4c207872120cf825a0d06e621,4db6aa7af69e96de5ca88f4890129536991fb6b5a48192980711caf7e7cedb5c,8a8ac6a74ff16f70c26373d03c9e72726890aaba776363757688178d530a945d,AdamW,0.01,0.0,0.5243665380174064,0.5261624223995945,0.4975349188552244,0
graphsage_pilot_v1_step0,election2020,linear,1,10,1,test,2,20,d1765be95433fa195f4fbe461afcda743f31b1a4c207872120cf825a0d06e621,4db6aa7af69e96de5ca88f4890129536991fb6b5a48192980711caf7e7cedb5c,8a8ac6a74ff16f70c26373d03c9e72726890aaba776363757688178d530a945d,AdamW,0.01,0.0,0.5187454023237895,0.5241021093304618,0.4962835432005897,0
graphsage_pilot_v1_step0,election2020,linear,1,10,10,val,2,20,d1765be95433fa195f4fbe461afcda743f31b1a4c207872120cf825a0d06e621,4db6aa7af69e96de5ca88f4890129536991fb6b5a48192980711caf7e7cedb5c,8a8ac6a74ff16f70c26373d03c9e72726890aaba776363757688178d530a945d,AdamW,0.01,0.0,0.5275138998679925,0.5237552261497529,0.5042141763345874,0
graphsage_pilot_v1_step0,election2020,linear,1,10,10,test,2,20,d1765be95433fa195f4fbe461afcda743f31b1a4c207872120cf825a0d06e621,4db6aa7af69e96de5ca88f4890129536991fb6b5a48192980711caf7e7cedb5c,8a8ac6a74ff16f70c26373d03c9e72726890aaba776363757688178d530a945d,AdamW,0.01,0.0,0.522489860897048,0.5207449167036169,0.502023608406196,0
graphsage_pilot_v1_step0,election2020,linear,1,10,100,val,2,20,d1765be95433fa195f4fbe461afcda743f31b1a4c207872120cf825a0d06e621,4db6aa7af69e96de5ca88f4890129536991fb6b5a48192980711caf7e7cedb5c,8a8ac6a74ff16f70c26373d03c9e72726890aaba776363757688178d530a945d,AdamW,0.01,0.0,0.4983345587950369,0.5082984923349804,0.489075412079041,0
graphsage_pilot_v1_step0,election2020,linear,1,10,100,test,2,20,d1765be95433fa195f4fbe461afcda743f31b1a4c207872120cf825a0d06e621,4db6aa7af69e96de5ca88f4890129536991fb6b5a48192980711caf7e7cedb5c,8a8ac6a74ff16f70c26373d03c9e72726890aaba776363757688178d530a945d,AdamW,0.01,0.0,0.4961879404115333,0.5052891619687084,0.486510772371213,0
graphsage_pilot_v1_step0,election2020,linear,1,100,0,val,2,200,715bae049fab4381446427dc497fcaf6bfa8014aa08c956a820356243d92daf2,4db6aa7af69e96de5ca88f4890129536991fb6b5a48192980711caf7e7cedb5c,8a8ac6a74ff16f70c26373d03c9e72726890aaba776363757688178d530a945d,AdamW,0.01,0.0,0.5244920388582766,0.5210946408209807,0.5070344017173101,0
graphsage_pilot_v1_step0,election2020,linear,1,100,0,test,2,200,715bae049fab4381446427dc497fcaf6bfa8014aa08c956a820356243d92daf2,4db6aa7af69e96de5ca88f4890129536991fb6b5a48192980711caf7e7cedb5c,8a8ac6a74ff16f70c26373d03c9e72726890aaba776363757688178d530a945d,AdamW,0.01,0.0,0.5190445741479899,0.5174510673338824,0.5038590256829988,0
graphsage_pilot_v1_step0,election2020,linear,1,100,1,val,2,200,715bae049fab4381446427dc497fcaf6bfa8014aa08c956a820356243d92daf2,4db6aa7af69e96de5ca88f4890129536991fb6b5a48192980711caf7e7cedb5c,8a8ac6a74ff16f70c26373d03c9e72726890aaba776363757688178d530a945d,AdamW,0.01,0.0,0.5009778667730994,0.4718738122386925,0.4487524240613249,0
graphsage_pilot_v1_step0,election2020,linear,1,100,1,test,2,200,715bae049fab4381446427dc497fcaf6bfa8014aa08c956a820356243d92daf2,4db6aa7af69e96de5ca88f4890129536991fb6b5a48192980711caf7e7cedb5c,8a8ac6a74ff16f70c26373d03c9e72726890aaba776363757688178d530a945d,AdamW,0.01,0.0,0.5011181086838996,0.4758978906695382,0.4539506405661411,0
graphsage_pilot_v1_step0,election2020,linear,1,100,10,val,2,200,715bae049fab4381446427dc497fcaf6bfa8014aa08c956a820356243d92daf2,4db6aa7af69e96de5ca88f4890129536991fb6b5a48192980711caf7e7cedb5c,8a8ac6a74ff16f70c26373d03c9e72726890aaba776363757688178d530a945d,AdamW,0.01,0.0,0.5243150896153181,0.513239579374129,0.5088165157634024,0
graphsage_pilot_v1_step0,election2020,linear,1,100,10,test,2,200,715bae049fab4381446427dc497fcaf6bfa8014aa08c956a820356243d92daf2,4db6aa7af69e96de5ca88f4890129536991fb6b5a48192980711caf7e7cedb5c,8a8ac6a74ff16f70c26373d03c9e72726890aaba776363757688178d530a945d,AdamW,0.01,0.0,0.5276517614136668,0.5130170393361627,0.5084300706270375,0
graphsage_pilot_v1_step0,election2020,linear,1,100,100,val,2,200,715bae049fab4381446427dc497fcaf6bfa8014aa08c956a820356243d92daf2,4db6aa7af69e96de5ca88f4890129536991fb6b5a48192980711caf7e7cedb5c,8a8ac6a74ff16f70c26373d03c9e72726890aaba776363757688178d530a945d,AdamW,0.01,0.0,0.5491663873453562,0.5387051818066642,0.5142503065428993,0
graphsage_pilot_v1_step0,election2020,linear,1,100,100,test,2,200,715bae049fab4381446427dc497fcaf6bfa8014aa08c956a820356243d92daf2,4db6aa7af69e96de5ca88f4890129536991fb6b5a48192980711caf7e7cedb5c,8a8ac6a74ff16f70c26373d03c9e72726890aaba776363757688178d530a945d,AdamW,0.01,0.0,0.5426966316984978,0.5400646101222525,0.5140904226913375,0
graphsage_pilot_v1_step0,election2020,linear,2,0,0,val,2,0,af5570f5a1810b7af78caf4bc70a660f0df51e42baf91d4de5b2328de0e83dfc,4db6aa7af69e96de5ca88f4890129536991fb6b5a48192980711caf7e7cedb5c,203ffea723cb4cf0d5b2da185e1677d1c082fd4475784ccb7c3a518868d42cce,none,0.0,0.0,0.4807435161935319,0.5143164829595844,0.4668769213214258,0
graphsage_pilot_v1_step0,election2020,linear,2,0,0,test,2,0,af5570f5a1810b7af78caf4bc70a660f0df51e42baf91d4de5b2328de0e83dfc,4db6aa7af69e96de5ca88f4890129536991fb6b5a48192980711caf7e7cedb5c,203ffea723cb4cf0d5b2da185e1677d1c082fd4475784ccb7c3a518868d42cce,none,0.0,0.0,0.4914656361801989,0.5196047380756319,0.4750554203760171,0
graphsage_pilot_v1_step0,election2020,linear,2,1,0,val,2,2,7a1427cb41b58a63e1a58c9c6fa2483c0793fad6aa4590c104bf4a79c54d5fbc,4db6aa7af69e96de5ca88f4890129536991fb6b5a48192980711caf7e7cedb5c,203ffea723cb4cf0d5b2da185e1677d1c082fd4475784ccb7c3a518868d42cce,AdamW,0.01,0.0,0.4807435161935319,0.5143164829595844,0.4668769213214258,0
graphsage_pilot_v1_step0,election2020,linear,2,1,0,test,2,2,7a1427cb41b58a63e1a58c9c6fa2483c0793fad6aa4590c104bf4a79c54d5fbc,4db6aa7af69e96de5ca88f4890129536991fb6b5a48192980711caf7e7cedb5c,203ffea723cb4cf0d5b2da185e1677d1c082fd4475784ccb7c3a518868d42cce,AdamW,0.01,0.0,0.4914656361801989,0.5196047380756319,0.4750554203760171,0
graphsage_pilot_v1_step0,election2020,linear,2,1,1,val,2,2,7a1427cb41b58a63e1a58c9c6fa2483c0793fad6aa4590c104bf4a79c54d5fbc,4db6aa7af69e96de5ca88f4890129536991fb6b5a48192980711caf7e7cedb5c,203ffea723cb4cf0d5b2da185e1677d1c082fd4475784ccb7c3a518868d42cce,AdamW,0.01,0.0,0.4735774310964378,0.4704801723045737,0.449960789098371,0
graphsage_pilot_v1_step0,election2020,linear,2,1,1,test,2,2,7a1427cb41b58a63e1a58c9c6fa2483c0793fad6aa4590c104bf4a79c54d5fbc,4db6aa7af69e96de5ca88f4890129536991fb6b5a48192980711caf7e7cedb5c,203ffea723cb4cf0d5b2da185e1677d1c082fd4475784ccb7c3a518868d42cce,AdamW,0.01,0.0,0.4796535957702412,0.4757712041553176,0.4562805003950806,0
graphsage_pilot_v1_step0,election2020,linear,2,1,10,val,2,2,7a1427cb41b58a63e1a58c9c6fa2483c0793fad6aa4590c104bf4a79c54d5fbc,4db6aa7af69e96de5ca88f4890129536991fb6b5a48192980711caf7e7cedb5c,203ffea723cb4cf0d5b2da185e1677d1c082fd4475784ccb7c3a518868d42cce,AdamW,0.01,0.0,0.4759527117094077,0.4707335613835043,0.4505301594120829,0
graphsage_pilot_v1_step0,election2020,linear,2,1,10,test,2,2,7a1427cb41b58a63e1a58c9c6fa2483c0793fad6aa4590c104bf4a79c54d5fbc,4db6aa7af69e96de5ca88f4890129536991fb6b5a48192980711caf7e7cedb5c,203ffea723cb4cf0d5b2da185e1677d1c082fd4475784ccb7c3a518868d42cce,AdamW,0.01,0.0,0.4813252336743104,0.4761512636979793,0.4569708020271328,0
graphsage_pilot_v1_step0,election2020,linear,2,1,100,val,2,2,7a1427cb41b58a63e1a58c9c6fa2483c0793fad6aa4590c104bf4a79c54d5fbc,4db6aa7af69e96de5ca88f4890129536991fb6b5a48192980711caf7e7cedb5c,203ffea723cb4cf0d5b2da185e1677d1c082fd4475784ccb7c3a518868d42cce,AdamW,0.01,0.0,0.4762450707054267,0.4704801723045737,0.449960789098371,0
graphsage_pilot_v1_step0,election2020,linear,2,1,100,test,2,2,7a1427cb41b58a63e1a58c9c6fa2483c0793fad6aa4590c104bf4a79c54d5fbc,4db6aa7af69e96de5ca88f4890129536991fb6b5a48192980711caf7e7cedb5c,203ffea723cb4cf0d5b2da185e1677d1c082fd4475784ccb7c3a518868d42cce,AdamW,0.01,0.0,0.4813715494504614,0.4757712041553176,0.4562805003950806,0
graphsage_pilot_v1_step0,election2020,linear,2,10,0,val,2,20,e4ba399bf0c7eaaa4a73c7616f66cbee68313a8705446995cb6c725cf973d6f1,4db6aa7af69e96de5ca88f4890129536991fb6b5a48192980711caf7e7cedb5c,203ffea723cb4cf0d5b2da185e1677d1c082fd4475784ccb7c3a518868d42cce,AdamW,0.01,0.0,0.4807435161935319,0.5143164829595844,0.4668769213214258,0
graphsage_pilot_v1_step0,election2020,linear,2,10,0,test,2,20,e4ba399bf0c7eaaa4a73c7616f66cbee68313a8705446995cb6c725cf973d6f1,4db6aa7af69e96de5ca88f4890129536991fb6b5a48192980711caf7e7cedb5c,203ffea723cb4cf0d5b2da185e1677d1c082fd4475784ccb7c3a518868d42cce,AdamW,0.01,0.0,0.4914656361801989,0.5196047380756319,0.4750554203760171,0
graphsage_pilot_v1_step0,election2020,linear,2,10,1,val,2,20,e4ba399bf0c7eaaa4a73c7616f66cbee68313a8705446995cb6c725cf973d6f1,4db6aa7af69e96de5ca88f4890129536991fb6b5a48192980711caf7e7cedb5c,203ffea723cb4cf0d5b2da185e1677d1c082fd4475784ccb7c3a518868d42cce,AdamW,0.01,0.0,0.4994348506454421,0.473330799442544,0.4567484800110626,0
graphsage_pilot_v1_step0,election2020,linear,2,10,1,test,2,20,e4ba399bf0c7eaaa4a73c7616f66cbee68313a8705446995cb6c725cf973d6f1,4db6aa7af69e96de5ca88f4890129536991fb6b5a48192980711caf7e7cedb5c,203ffea723cb4cf0d5b2da185e1677d1c082fd4475784ccb7c3a518868d42cce,AdamW,0.01,0.0,0.4997554820831399,0.4774814720972952,0.4617371966445031,0
graphsage_pilot_v1_step0,election2020,linear,2,10,10,val,2,20,e4ba399bf0c7eaaa4a73c7616f66cbee68313a8705446995cb6c725cf973d6f1,4db6aa7af69e96de5ca88f4890129536991fb6b5a48192980711caf7e7cedb5c,203ffea723cb4cf0d5b2da185e1677d1c082fd4475784ccb7c3a518868d42cce,AdamW,0.01,0.0,0.5125183819255539,0.5038641834536931,0.5036257225043649,0
graphsage_pilot_v1_step0,election2020,linear,2,10,10,test,2,20,e4ba399bf0c7eaaa4a73c7616f66cbee68313a8705446995cb6c725cf973d6f1,4db6aa7af69e96de5ca88f4890129536991fb6b5a48192980711caf7e7cedb5c,203ffea723cb4cf0d5b2da185e1677d1c082fd4475784ccb7c3a518868d42cce,AdamW,0.01,0.0,0.5114576012244283,0.502248685627415,0.5021062692407969,0
graphsage_pilot_v1_step0,election2020,linear,2,10,100,val,2,20,e4ba399bf0c7eaaa4a73c7616f66cbee68313a8705446995cb6c725cf973d6f1,4db6aa7af69e96de5ca88f4890129536991fb6b5a48192980711caf7e7cedb5c,203ffea723cb4cf0d5b2da185e1677d1c082fd4475784ccb7c3a518868d42cce,AdamW,0.01,0.0,0.5247981540251977,0.5141264411503864,0.5114056524053385,0
graphsage_pilot_v1_step0,election2020,linear,2,10,100,test,2,20,e4ba399bf0c7eaaa4a73c7616f66cbee68313a8705446995cb6c725cf973d6f1,4db6aa7af69e96de5ca88f4890129536991fb6b5a48192980711caf7e7cedb5c,203ffea723cb4cf0d5b2da185e1677d1c082fd4475784ccb7c3a518868d42cce,AdamW,0.01,0.0,0.5222905529248066,0.5115601444226262,0.5092720227094838,0
graphsage_pilot_v1_step0,election2020,linear,2,100,0,val,2,200,39b894e979d02788c848c89245aa679e7a3e3dca786d267c5ae62dcdbfab817b,4db6aa7af69e96de5ca88f4890129536991fb6b5a48192980711caf7e7cedb5c,203ffea723cb4cf0d5b2da185e1677d1c082fd4475784ccb7c3a518868d42cce,AdamW,0.01,0.0,0.4807435161935319,0.5143164829595844,0.4668769213214258,0
graphsage_pilot_v1_step0,election2020,linear,2,100,0,test,2,200,39b894e979d02788c848c89245aa679e7a3e3dca786d267c5ae62dcdbfab817b,4db6aa7af69e96de5ca88f4890129536991fb6b5a48192980711caf7e7cedb5c,203ffea723cb4cf0d5b2da185e1677d1c082fd4475784ccb7c3a518868d42cce,AdamW,0.01,0.0,0.4914656361801989,0.5196047380756319,0.4750554203760171,0
graphsage_pilot_v1_step0,election2020,linear,2,100,1,val,2,200,39b894e979d02788c848c89245aa679e7a3e3dca786d267c5ae62dcdbfab817b,4db6aa7af69e96de5ca88f4890129536991fb6b5a48192980711caf7e7cedb5c,203ffea723cb4cf0d5b2da185e1677d1c082fd4475784ccb7c3a518868d42cce,AdamW,0.01,0.0,0.504820722541262,0.5276827568731788,0.4953802547150268,0
graphsage_pilot_v1_step0,election2020,linear,2,100,1,test,2,200,39b894e979d02788c848c89245aa679e7a3e3dca786d267c5ae62dcdbfab817b,4db6aa7af69e96de5ca88f4890129536991fb6b5a48192980711caf7e7cedb5c,203ffea723cb4cf0d5b2da185e1677d1c082fd4475784ccb7c3a518868d42cce,AdamW,0.01,0.0,0.5037572926764442,0.5229619307024768,0.4914807402740079,0
graphsage_pilot_v1_step0,election2020,linear,2,100,10,val,2,200,39b894e979d02788c848c89245aa679e7a3e3dca786d267c5ae62dcdbfab817b,4db6aa7af69e96de5ca88f4890129536991fb6b5a48192980711caf7e7cedb5c,203ffea723cb4cf0d5b2da185e1677d1c082fd4475784ccb7c3a518868d42cce,AdamW,0.01,0.0,0.5384490950635368,0.5267325478271887,0.5055822631815095,0
graphsage_pilot_v1_step0,election2020,linear,2,100,10,test,2,200,39b894e979d02788c848c89245aa679e7a3e3dca786d267c5ae62dcdbfab817b,4db6aa7af69e96de5ca88f4890129536991fb6b5a48192980711caf7e7cedb5c,203ffea723cb4cf0d5b2da185e1677d1c082fd4475784ccb7c3a518868d42cce,AdamW,0.01,0.0,0.529837643267336,0.5255590042439983,0.5035362504105406,0
graphsage_pilot_v1_step0,election2020,linear,2,100,100,val,2,200,39b894e979d02788c848c89245aa679e7a3e3dca786d267c5ae62dcdbfab817b,4db6aa7af69e96de5ca88f4890129536991fb6b5a48192980711caf7e7cedb5c,203ffea723cb4cf0d5b2da185e1677d1c082fd4475784ccb7c3a518868d42cce,AdamW,0.01,0.0,0.5420269346472091,0.5230584061826935,0.5199857310076117,0
graphsage_pilot_v1_step0,election2020,linear,2,100,100,test,2,200,39b894e979d02788c848c89245aa679e7a3e3dca786d267c5ae62dcdbfab817b,4db6aa7af69e96de5ca88f4890129536991fb6b5a48192980711caf7e7cedb5c,203ffea723cb4cf0d5b2da185e1677d1c082fd4475784ccb7c3a518868d42cce,AdamW,0.01,0.0,0.5370353392762173,0.523025273959587,0.5191403374981587,0
graphsage_pilot_v1_step0,twibot20,linear,0,0,0,val,2,0,af5570f5a1810b7af78caf4bc70a660f0df51e42baf91d4de5b2328de0e83dfc,c914c5f482673ce0dc5d5512f45c0eaf22d1c0663629aa594d02d724b1b643bb,f89e55d9cfacf91222600ee60a2ba36a7e5c6eb5bd4c3c753e6136ad5559fc67,none,0.0,0.0,0.4643601996020133,0.4219873150105708,0.4138887634947509,0
graphsage_pilot_v1_step0,twibot20,linear,0,0,0,test,2,0,af5570f5a1810b7af78caf4bc70a660f0df51e42baf91d4de5b2328de0e83dfc,c914c5f482673ce0dc5d5512f45c0eaf22d1c0663629aa594d02d724b1b643bb,f89e55d9cfacf91222600ee60a2ba36a7e5c6eb5bd4c3c753e6136ad5559fc67,none,0.0,0.0,0.458107211945001,0.4137785291631445,0.4082349430125065,0
graphsage_pilot_v1_step0,twibot20,linear,0,1,0,val,2,2,14051f1842d654a1fc699db552fc13e8f1585d77ac0a7966c7bdf4a0cbf33455,c914c5f482673ce0dc5d5512f45c0eaf22d1c0663629aa594d02d724b1b643bb,f89e55d9cfacf91222600ee60a2ba36a7e5c6eb5bd4c3c753e6136ad5559fc67,AdamW,0.01,0.0,0.4643601996020133,0.4219873150105708,0.4138887634947509,0
graphsage_pilot_v1_step0,twibot20,linear,0,1,0,test,2,2,14051f1842d654a1fc699db552fc13e8f1585d77ac0a7966c7bdf4a0cbf33455,c914c5f482673ce0dc5d5512f45c0eaf22d1c0663629aa594d02d724b1b643bb,f89e55d9cfacf91222600ee60a2ba36a7e5c6eb5bd4c3c753e6136ad5559fc67,AdamW,0.01,0.0,0.458107211945001,0.4137785291631445,0.4082349430125065,0
graphsage_pilot_v1_step0,twibot20,linear,0,1,1,val,2,2,14051f1842d654a1fc699db552fc13e8f1585d77ac0a7966c7bdf4a0cbf33455,c914c5f482673ce0dc5d5512f45c0eaf22d1c0663629aa594d02d724b1b643bb,f89e55d9cfacf91222600ee60a2ba36a7e5c6eb5bd4c3c753e6136ad5559fc67,AdamW,0.01,0.0,0.6901929495791864,0.6219873150105708,0.616416908563135,0
graphsage_pilot_v1_step0,twibot20,linear,0,1,1,test,2,2,14051f1842d654a1fc699db552fc13e8f1585d77ac0a7966c7bdf4a0cbf33455,c914c5f482673ce0dc5d5512f45c0eaf22d1c0663629aa594d02d724b1b643bb,f89e55d9cfacf91222600ee60a2ba36a7e5c6eb5bd4c3c753e6136ad5559fc67,AdamW,0.01,0.0,0.6878062412399079,0.6128486897717667,0.6087556179450742,0
graphsage_pilot_v1_step0,twibot20,linear,0,1,10,val,2,2,14051f1842d654a1fc699db552fc13e8f1585d77ac0a7966c7bdf4a0cbf33455,c914c5f482673ce0dc5d5512f45c0eaf22d1c0663629aa594d02d724b1b643bb,f89e55d9cfacf91222600ee60a2ba36a7e5c6eb5bd4c3c753e6136ad5559fc67,AdamW,0.01,0.0,0.6519501487739375,0.5936575052854123,0.5928702106921939,0
graphsage_pilot_v1_step0,twibot20,linear,0,1,10,test,2,2,14051f1842d654a1fc699db552fc13e8f1585d77ac0a7966c7bdf4a0cbf33455,c914c5f482673ce0dc5d5512f45c0eaf22d1c0663629aa594d02d724b1b643bb,f89e55d9cfacf91222600ee60a2ba36a7e5c6eb5bd4c3c753e6136ad5559fc67,AdamW,0.01,0.0,0.6465215918173499,0.5967878275570583,0.5961503778770182,0
graphsage_pilot_v1_step0,twibot20,linear,0,1,100,val,2,2,14051f1842d654a1fc699db552fc13e8f1585d77ac0a7966c7bdf4a0cbf33455,c914c5f482673ce0dc5d5512f45c0eaf22d1c0663629aa594d02d724b1b643bb,f89e55d9cfacf91222600ee60a2ba36a7e5c6eb5bd4c3c753e6136ad5559fc67,AdamW,0.01,0.0,0.596780598661107,0.5691331923890064,0.5647995703498798,0
graphsage_pilot_v1_step0,twibot20,linear,0,1,100,test,2,2,14051f1842d654a1fc699db552fc13e8f1585d77ac0a7966c7bdf4a0cbf33455,c914c5f482673ce0dc5d5512f45c0eaf22d1c0663629aa594d02d724b1b643bb,f89e55d9cfacf91222600ee60a2ba36a7e5c6eb5bd4c3c753e6136ad5559fc67,AdamW,0.01,0.0,0.6019645773726094,0.584530853761623,0.5801016337699838,0
graphsage_pilot_v1_step0,twibot20,linear,0,10,0,val,2,20,46185d6d47cb175e619dec79be06f57e3b0186517497320f951227e139a80310,c914c5f482673ce0dc5d5512f45c0eaf22d1c0663629aa594d02d724b1b643bb,f89e55d9cfacf91222600ee60a2ba36a7e5c6eb5bd4c3c753e6136ad5559fc67,AdamW,0.01,0.0,0.4643601996020133,0.4219873150105708,0.4138887634947509,0
graphsage_pilot_v1_step0,twibot20,linear,0,10,0,test,2,20,46185d6d47cb175e619dec79be06f57e3b0186517497320f951227e139a80310,c914c5f482673ce0dc5d5512f45c0eaf22d1c0663629aa594d02d724b1b643bb,f89e55d9cfacf91222600ee60a2ba36a7e5c6eb5bd4c3c753e6136ad5559fc67,AdamW,0.01,0.0,0.458107211945001,0.4137785291631445,0.4082349430125065,0
graphsage_pilot_v1_step0,twibot20,linear,0,10,1,val,2,20,46185d6d47cb175e619dec79be06f57e3b0186517497320f951227e139a80310,c914c5f482673ce0dc5d5512f45c0eaf22d1c0663629aa594d02d724b1b643bb,f89e55d9cfacf91222600ee60a2ba36a7e5c6eb5bd4c3c753e6136ad5559fc67,AdamW,0.01,0.0,0.6544915525679991,0.6147991543340381,0.6050269842879012,0
graphsage_pilot_v1_step0,twibot20,linear,0,10,1,test,2,20,46185d6d47cb175e619dec79be06f57e3b0186517497320f951227e139a80310,c914c5f482673ce0dc5d5512f45c0eaf22d1c0663629aa594d02d724b1b643bb,f89e55d9cfacf91222600ee60a2ba36a7e5c6eb5bd4c3c753e6136ad5559fc67,AdamW,0.01,0.0,0.6493762235170105,0.606508875739645,0.5979606240706444,0
graphsage_pilot_v1_step0,twibot20,linear,0,10,10,val,2,20,46185d6d47cb175e619dec79be06f57e3b0186517497320f951227e139a80310,c914c5f482673ce0dc5d5512f45c0eaf22d1c0663629aa594d02d724b1b643bb,f89e55d9cfacf91222600ee60a2ba36a7e5c6eb5bd4c3c753e6136ad5559fc67,AdamW,0.01,0.0,0.6605294699937534,0.6490486257928119,0.6474146193561552,0
graphsage_pilot_v1_step0,twibot20,linear,0,10,10,test,2,20,46185d6d47cb175e619dec79be06f57e3b0186517497320f951227e139a80310,c914c5f482673ce0dc5d5512f45c0eaf22d1c0663629aa594d02d724b1b643bb,f89e55d9cfacf91222600ee60a2ba36a7e5c6eb5bd4c3c753e6136ad5559fc67,AdamW,0.01,0.0,0.6540248641823722,0.6348267117497887,0.6339161380164011,0
graphsage_pilot_v1_step0,twibot20,linear,0,10,100,val,2,20,46185d6d47cb175e619dec79be06f57e3b0186517497320f951227e139a80310,c914c5f482673ce0dc5d5512f45c0eaf22d1c0663629aa594d02d724b1b643bb,f89e55d9cfacf91222600ee60a2ba36a7e5c6eb5bd4c3c753e6136ad5559fc67,AdamW,0.01,0.0,0.6425244176221387,0.641014799154334,0.6376470541526709,0
graphsage_pilot_v1_step0,twibot20,linear,0,10,100,test,2,20,46185d6d47cb175e619dec79be06f57e3b0186517497320f951227e139a80310,c914c5f482673ce0dc5d5512f45c0eaf22d1c0663629aa594d02d724b1b643bb,f89e55d9cfacf91222600ee60a2ba36a7e5c6eb5bd4c3c753e6136ad5559fc67,AdamW,0.01,0.0,0.6300091799974517,0.625105663567202,0.6231831285085723,0
graphsage_pilot_v1_step0,twibot20,linear,0,100,0,val,2,200,25fe39fe3accdb737c2ca133aad37bddb0a345ef2f9d6d1d90a71aa14b8b7951,c914c5f482673ce0dc5d5512f45c0eaf22d1c0663629aa594d02d724b1b643bb,f89e55d9cfacf91222600ee60a2ba36a7e5c6eb5bd4c3c753e6136ad5559fc67,AdamW,0.01,0.0,0.4643601996020133,0.4219873150105708,0.4138887634947509,0
graphsage_pilot_v1_step0,twibot20,linear,0,100,0,test,2,200,25fe39fe3accdb737c2ca133aad37bddb0a345ef2f9d6d1d90a71aa14b8b7951,c914c5f482673ce0dc5d5512f45c0eaf22d1c0663629aa594d02d724b1b643bb,f89e55d9cfacf91222600ee60a2ba36a7e5c6eb5bd4c3c753e6136ad5559fc67,AdamW,0.01,0.0,0.458107211945001,0.4137785291631445,0.4082349430125065,0
graphsage_pilot_v1_step0,twibot20,linear,0,100,1,val,2,200,25fe39fe3accdb737c2ca133aad37bddb0a345ef2f9d6d1d90a71aa14b8b7951,c914c5f482673ce0dc5d5512f45c0eaf22d1c0663629aa594d02d724b1b643bb,f89e55d9cfacf91222600ee60a2ba36a7e5c6eb5bd4c3c753e6136ad5559fc67,AdamW,0.01,0.0,0.7086494688922611,0.6211416490486258,0.6165427466240474,0
graphsage_pilot_v1_step0,twibot20,linear,0,100,1,test,2,200,25fe39fe3accdb737c2ca133aad37bddb0a345ef2f9d6d1d90a71aa14b8b7951,c914c5f482673ce0dc5d5512f45c0eaf22d1c0663629aa594d02d724b1b643bb,f89e55d9cfacf91222600ee60a2ba36a7e5c6eb5bd4c3c753e6136ad5559fc67,AdamW,0.01,0.0,0.7001123608520892,0.6162299239222316,0.6131826248285875,0
graphsage_pilot_v1_step0,twibot20,linear,0,100,10,val,2,200,25fe39fe3accdb737c2ca133aad37bddb0a345ef2f9d6d1d90a71aa14b8b7951,c914c5f482673ce0dc5d5512f45c0eaf22d1c0663629aa594d02d724b1b643bb,f89e55d9cfacf91222600ee60a2ba36a7e5c6eb5bd4c3c753e6136ad5559fc67,AdamW,0.01,0.0,0.7381165639814893,0.6570824524312896,0.6563921928187246,0
graphsage_pilot_v1_step0,twibot20,linear,0,100,10,test,2,200,25fe39fe3accdb737c2ca133aad37bddb0a345ef2f9d6d1d90a71aa14b8b7951,c914c5f482673ce0dc5d5512f45c0eaf22d1c0663629aa594d02d724b1b643bb,f89e55d9cfacf91222600ee60a2ba36a7e5c6eb5bd4c3c753e6136ad5559fc67,AdamW,0.01,0.0,0.7231188244969824,0.6420118343195266,0.641757837477992,0
graphsage_pilot_v1_step0,twibot20,linear,0,100,100,val,2,200,25fe39fe3accdb737c2ca133aad37bddb0a345ef2f9d6d1d90a71aa14b8b7951,c914c5f482673ce0dc5d5512f45c0eaf22d1c0663629aa594d02d724b1b643bb,f89e55d9cfacf91222600ee60a2ba36a7e5c6eb5bd4c3c753e6136ad5559fc67,AdamW,0.01,0.0,0.7666763771915712,0.7226215644820296,0.711367303078471,0
graphsage_pilot_v1_step0,twibot20,linear,0,100,100,test,2,200,25fe39fe3accdb737c2ca133aad37bddb0a345ef2f9d6d1d90a71aa14b8b7951,c914c5f482673ce0dc5d5512f45c0eaf22d1c0663629aa594d02d724b1b643bb,f89e55d9cfacf91222600ee60a2ba36a7e5c6eb5bd4c3c753e6136ad5559fc67,AdamW,0.01,0.0,0.7407609986215524,0.687658495350803,0.6732402694326818,0
graphsage_pilot_v1_step0,twibot20,linear,1,0,0,val,2,0,af5570f5a1810b7af78caf4bc70a660f0df51e42baf91d4de5b2328de0e83dfc,c914c5f482673ce0dc5d5512f45c0eaf22d1c0663629aa594d02d724b1b643bb,8a8ac6a74ff16f70c26373d03c9e72726890aaba776363757688178d530a945d,none,0.0,0.0,0.3563664810072279,0.4021141649048625,0.3985128070829262,0
graphsage_pilot_v1_step0,twibot20,linear,1,0,0,test,2,0,af5570f5a1810b7af78caf4bc70a660f0df51e42baf91d4de5b2328de0e83dfc,c914c5f482673ce0dc5d5512f45c0eaf22d1c0663629aa594d02d724b1b643bb,8a8ac6a74ff16f70c26373d03c9e72726890aaba776363757688178d530a945d,none,0.0,0.0,0.3652125878905119,0.3998309382924767,0.3974733377665775,0
graphsage_pilot_v1_step0,twibot20,linear,1,1,0,val,2,2,3fa9e07a01626dee43bfd80cfd4791f403a8ca7a60afb4b6089f12b310e7db04,c914c5f482673ce0dc5d5512f45c0eaf22d1c0663629aa594d02d724b1b643bb,8a8ac6a74ff16f70c26373d03c9e72726890aaba776363757688178d530a945d,AdamW,0.01,0.0,0.3563664810072279,0.4021141649048625,0.3985128070829262,0
graphsage_pilot_v1_step0,twibot20,linear,1,1,0,test,2,2,3fa9e07a01626dee43bfd80cfd4791f403a8ca7a60afb4b6089f12b310e7db04,c914c5f482673ce0dc5d5512f45c0eaf22d1c0663629aa594d02d724b1b643bb,8a8ac6a74ff16f70c26373d03c9e72726890aaba776363757688178d530a945d,AdamW,0.01,0.0,0.3652125878905119,0.3998309382924767,0.3974733377665775,0
graphsage_pilot_v1_step0,twibot20,linear,1,1,1,val,2,2,3fa9e07a01626dee43bfd80cfd4791f403a8ca7a60afb4b6089f12b310e7db04,c914c5f482673ce0dc5d5512f45c0eaf22d1c0663629aa594d02d724b1b643bb,8a8ac6a74ff16f70c26373d03c9e72726890aaba776363757688178d530a945d,AdamW,0.01,0.0,0.6810020102235884,0.66723044397463,0.6467083940341569,0
graphsage_pilot_v1_step0,twibot20,linear,1,1,1,test,2,2,3fa9e07a01626dee43bfd80cfd4791f403a8ca7a60afb4b6089f12b310e7db04,c914c5f482673ce0dc5d5512f45c0eaf22d1c0663629aa594d02d724b1b643bb,8a8ac6a74ff16f70c26373d03c9e72726890aaba776363757688178d530a945d,AdamW,0.01,0.0,0.6685188349222162,0.6555367709213863,0.6357837734719338,0
graphsage_pilot_v1_step0,twibot20,linear,1,1,10,val,2,2,3fa9e07a01626dee43bfd80cfd4791f403a8ca7a60afb4b6089f12b310e7db04,c914c5f482673ce0dc5d5512f45c0eaf22d1c0663629aa594d02d724b1b643bb,8a8ac6a74ff16f70c26373d03c9e72726890aaba776363757688178d530a945d,AdamW,0.01,0.0,0.6804824246745887,0.6190274841437632,0.6142938260838243,0
graphsage_pilot_v1_step0,twibot20,linear,1,1,10,test,2,2,3fa9e07a01626dee43bfd80cfd4791f403a8ca7a60afb4b6089f12b310e7db04,c914c5f482673ce0dc5d5512f45c0eaf22d1c0663629aa594d02d724b1b643bb,8a8ac6a74ff16f70c26373d03c9e72726890aaba776363757688178d530a945d,AdamW,0.01,0.0,0.6686672497075142,0.614116652578191,0.6110819143812649,0
graphsage_pilot_v1_step0,twibot20,linear,1,1,100,val,2,2,3fa9e07a01626dee43bfd80cfd4791f403a8ca7a60afb4b6089f12b310e7db04,c914c5f482673ce0dc5d5512f45c0eaf22d1c0663629aa594d02d724b1b643bb,8a8ac6a74ff16f70c26373d03c9e72726890aaba776363757688178d530a945d,AdamW,0.01,0.0,0.6809715742500069,0.66723044397463,0.6467083940341569,0
graphsage_pilot_v1_step0,twibot20,linear,1,1,100,test,2,2,3fa9e07a01626dee43bfd80cfd4791f403a8ca7a60afb4b6089f12b310e7db04,c914c5f482673ce0dc5d5512f45c0eaf22d1c0663629aa594d02d724b1b643bb,8a8ac6a74ff16f70c26373d03c9e72726890aaba776363757688178d530a945d,AdamW,0.01,0.0,0.6689003695166167,0.6555367709213863,0.6357837734719338,0
graphsage_pilot_v1_step0,twibot20,linear,1,10,0,val,2,20,8b0103cc8fe7d02ca3e622c39a7215d65913dfa1510e728f43df582a11d9c6e6,c914c5f482673ce0dc5d5512f45c0eaf22d1c0663629aa594d02d724b1b643bb,8a8ac6a74ff16f70c26373d03c9e72726890aaba776363757688178d530a945d,AdamW,0.01,0.0,0.3563664810072279,0.4021141649048625,0.3985128070829262,0
graphsage_pilot_v1_step0,twibot20,linear,1,10,0,test,2,20,8b0103cc8fe7d02ca3e622c39a7215d65913dfa1510e728f43df582a11d9c6e6,c914c5f482673ce0dc5d5512f45c0eaf22d1c0663629aa594d02d724b1b643bb,8a8ac6a74ff16f70c26373d03c9e72726890aaba776363757688178d530a945d,AdamW,0.01,0.0,0.3652125878905119,0.3998309382924767,0.3974733377665775,0
graphsage_pilot_v1_step0,twibot20,linear,1,10,1,val,2,20,8b0103cc8fe7d02ca3e622c39a7215d65913dfa1510e728f43df582a11d9c6e6,c914c5f482673ce0dc5d5512f45c0eaf22d1c0663629aa594d02d724b1b643bb,8a8ac6a74ff16f70c26373d03c9e72726890aaba776363757688178d530a945d,AdamW,0.01,0.0,0.6906509385149853,0.6714587737843551,0.661683869327407,0
graphsage_pilot_v1_step0,twibot20,linear,1,10,1,test,2,20,8b0103cc8fe7d02ca3e622c39a7215d65913dfa1510e728f43df582a11d9c6e6,c914c5f482673ce0dc5d5512f45c0eaf22d1c0663629aa594d02d724b1b643bb,8a8ac6a74ff16f70c26373d03c9e72726890aaba776363757688178d530a945d,AdamW,0.01,0.0,0.6769940431373003,0.6555367709213863,0.6459667299167284,0
graphsage_pilot_v1_step0,twibot20,linear,1,10,10,val,2,20,8b0103cc8fe7d02ca3e622c39a7215d65913dfa1510e728f43df582a11d9c6e6,c914c5f482673ce0dc5d5512f45c0eaf22d1c0663629aa594d02d724b1b643bb,8a8ac6a74ff16f70c26373d03c9e72726890aaba776363757688178d530a945d,AdamW,0.01,0.0,0.6839028483723275,0.6033826638477802,0.6013469995672694,0
graphsage_pilot_v1_step0,twibot20,linear,1,10,10,test,2,20,8b0103cc8fe7d02ca3e622c39a7215d65913dfa1510e728f43df582a11d9c6e6,c914c5f482673ce0dc5d5512f45c0eaf22d1c0663629aa594d02d724b1b643bb,8a8ac6a74ff16f70c26373d03c9e72726890aaba776363757688178d530a945d,AdamW,0.01,0.0,0.6703070520914177,0.6086221470836856,0.6069132807762281,0
graphsage_pilot_v1_step0,twibot20,linear,1,10,100,val,2,20,8b0103cc8fe7d02ca3e622c39a7215d65913dfa1510e728f43df582a11d9c6e6,c914c5f482673ce0dc5d5512f45c0eaf22d1c0663629aa594d02d724b1b643bb,8a8ac6a74ff16f70c26373d03c9e72726890aaba776363757688178d530a945d,AdamW,0.01,0.0,0.6713523572661539,0.6033826638477802,0.6032957796852647,0
graphsage_pilot_v1_step0,twibot20,linear,1,10,100,test,2,20,8b0103cc8fe7d02ca3e622c39a7215d65913dfa1510e728f43df582a11d9c6e6,c914c5f482673ce0dc5d5512f45c0eaf22d1c0663629aa594d02d724b1b643bb,8a8ac6a74ff16f70c26373d03c9e72726890aaba776363757688178d530a945d,AdamW,0.01,0.0,0.6565718066930001,0.6107354184277262,0.6101838360582716,0
graphsage_pilot_v1_step0,twibot20,linear,1,100,0,val,2,200,2d47d792497500b8c0a151809b0bf0345373170a6472d915316897c1cf3fa4d8,c914c5f482673ce0dc5d5512f45c0eaf22d1c0663629aa594d02d724b1b643bb,8a8ac6a74ff16f70c26373d03c9e72726890aaba776363757688178d530a945d,AdamW,0.01,0.0,0.3563664810072279,0.4021141649048625,0.3985128070829262,0
graphsage_pilot_v1_step0,twibot20,linear,1,100,0,test,2,200,2d47d792497500b8c0a151809b0bf0345373170a6472d915316897c1cf3fa4d8,c914c5f482673ce0dc5d5512f45c0eaf22d1c0663629aa594d02d724b1b643bb,8a8ac6a74ff16f70c26373d03c9e72726890aaba776363757688178d530a945d,AdamW,0.01,0.0,0.3652125878905119,0.3998309382924767,0.3974733377665775,0
graphsage_pilot_v1_step0,twibot20,linear,1,100,1,val,2,200,2d47d792497500b8c0a151809b0bf0345373170a6472d915316897c1cf3fa4d8,c914c5f482673ce0dc5d5512f45c0eaf22d1c0663629aa594d02d724b1b643bb,8a8ac6a74ff16f70c26373d03c9e72726890aaba776363757688178d530a945d,AdamW,0.01,0.0,0.6909299349394831,0.6160676532769556,0.6097461865466367,0
graphsage_pilot_v1_step0,twibot20,linear,1,100,1,test,2,200,2d47d792497500b8c0a151809b0bf0345373170a6472d915316897c1cf3fa4d8,c914c5f482673ce0dc5d5512f45c0eaf22d1c0663629aa594d02d724b1b643bb,8a8ac6a74ff16f70c26373d03c9e72726890aaba776363757688178d530a945d,AdamW,0.01,0.0,0.687242265055775,0.610312764158918,0.6058413732741742,0
graphsage_pilot_v1_step0,twibot20,linear,1,100,10,val,2,200,2d47d792497500b8c0a151809b0bf0345373170a6472d915316897c1cf3fa4d8,c914c5f482673ce0dc5d5512f45c0eaf22d1c0663629aa594d02d724b1b643bb,8a8ac6a74ff16f70c26373d03c9e72726890aaba776363757688178d530a945d,AdamW,0.01,0.0,0.7328185305801822,0.6575052854122622,0.6557053363201619,0
graphsage_pilot_v1_step0,twibot20,linear,1,100,10,test,2,200,2d47d792497500b8c0a151809b0bf0345373170a6472d915316897c1cf3fa4d8,c914c5f482673ce0dc5d5512f45c0eaf22d1c0663629aa594d02d724b1b643bb,8a8ac6a74ff16f70c26373d03c9e72726890aaba776363757688178d530a945d,AdamW,0.01,0.0,0.7188806774085186,0.6403212172442941,0.6390755086145625,0
graphsage_pilot_v1_step0,twibot20,linear,1,100,100,val,2,200,2d47d792497500b8c0a151809b0bf0345373170a6472d915316897c1cf3fa4d8,c914c5f482673ce0dc5d5512f45c0eaf22d1c0663629aa594d02d724b1b643bb,8a8ac6a74ff16f70c26373d03c9e72726890aaba776363757688178d530a945d,AdamW,0.01,0.0,0.7511656253215706,0.6909090909090909,0.6857162282856939,0
graphsage_pilot_v1_step0,twibot20,linear,1,100,100,test,2,200,2d47d792497500b8c0a151809b0bf0345373170a6472d915316897c1cf3fa4d8,c914c5f482673ce0dc5d5512f45c0eaf22d1c0663629aa594d02d724b1b643bb,8a8ac6a74ff16f70c26373d03c9e72726890aaba776363757688178d530a945d,AdamW,0.01,0.0,0.7284400375308413,0.665257819103973,0.6578560092549516,0
graphsage_pilot_v1_step0,twibot20,linear,2,0,0,val,2,0,af5570f5a1810b7af78caf4bc70a660f0df51e42baf91d4de5b2328de0e83dfc,c914c5f482673ce0dc5d5512f45c0eaf22d1c0663629aa594d02d724b1b643bb,203ffea723cb4cf0d5b2da185e1677d1c082fd4475784ccb7c3a518868d42cce,none,0.0,0.0,0.6135566174328562,0.5940803382663847,0.5795947933748405,0
graphsage_pilot_v1_step0,twibot20,linear,2,0,0,test,2,0,af5570f5a1810b7af78caf4bc70a660f0df51e42baf91d4de5b2328de0e83dfc,c914c5f482673ce0dc5d5512f45c0eaf22d1c0663629aa594d02d724b1b643bb,203ffea723cb4cf0d5b2da185e1677d1c082fd4475784ccb7c3a518868d42cce,none,0.0,0.0,0.6190156262669555,0.5972104818258664,0.5846779400022287,0
graphsage_pilot_v1_step0,twibot20,linear,2,1,0,val,2,2,40d653b81498ca59f7f885eeb08b50e37144bd7c85a2b1f4cd0de14263414e43,c914c5f482673ce0dc5d5512f45c0eaf22d1c0663629aa594d02d724b1b643bb,203ffea723cb4cf0d5b2da185e1677d1c082fd4475784ccb7c3a518868d42cce,AdamW,0.01,0.0,0.6135566174328562,0.5940803382663847,0.5795947933748405,0
graphsage_pilot_v1_step0,twibot20,linear,2,1,0,test,2,2,40d653b81498ca59f7f885eeb08b50e37144bd7c85a2b1f4cd0de14263414e43,c914c5f482673ce0dc5d5512f45c0eaf22d1c0663629aa594d02d724b1b643bb,203ffea723cb4cf0d5b2da185e1677d1c082fd4475784ccb7c3a518868d42cce,AdamW,0.01,0.0,0.6190156262669555,0.5972104818258664,0.5846779400022287,0
graphsage_pilot_v1_step0,twibot20,linear,2,1,1,val,2,2,40d653b81498ca59f7f885eeb08b50e37144bd7c85a2b1f4cd0de14263414e43,c914c5f482673ce0dc5d5512f45c0eaf22d1c0663629aa594d02d724b1b643bb,203ffea723cb4cf0d5b2da185e1677d1c082fd4475784ccb7c3a518868d42cce,AdamW,0.01,0.0,0.6852514518684064,0.66723044397463,0.647164078831058,0
graphsage_pilot_v1_step0,twibot20,linear,2,1,1,test,2,2,40d653b81498ca59f7f885eeb08b50e37144bd7c85a2b1f4cd0de14263414e43,c914c5f482673ce0dc5d5512f45c0eaf22d1c0663629aa594d02d724b1b643bb,203ffea723cb4cf0d5b2da185e1677d1c082fd4475784ccb7c3a518868d42cce,AdamW,0.01,0.0,0.6827702741836463,0.6546914623837701,0.6350416449937742,0
graphsage_pilot_v1_step0,twibot20,linear,2,1,10,val,2,2,40d653b81498ca59f7f885eeb08b50e37144bd7c85a2b1f4cd0de14263414e43,c914c5f482673ce0dc5d5512f45c0eaf22d1c0663629aa594d02d724b1b643bb,203ffea723cb4cf0d5b2da185e1677d1c082fd4475784ccb7c3a518868d42cce,AdamW,0.01,0.0,0.6861123551211424,0.6701902748414377,0.6596077453031146,0
graphsage_pilot_v1_step0,twibot20,linear,2,1,10,test,2,2,40d653b81498ca59f7f885eeb08b50e37144bd7c85a2b1f4cd0de14263414e43,c914c5f482673ce0dc5d5512f45c0eaf22d1c0663629aa594d02d724b1b643bb,203ffea723cb4cf0d5b2da185e1677d1c082fd4475784ccb7c3a518868d42cce,AdamW,0.01,0.0,0.6734708209292358,0.6538461538461539,0.6432907786691732,0
graphsage_pilot_v1_step0,twibot20,linear,2,1,100,val,2,2,40d653b81498ca59f7f885eeb08b50e37144bd7c85a2b1f4cd0de14263414e43,c914c5f482673ce0dc5d5512f45c0eaf22d1c0663629aa594d02d724b1b643bb,203ffea723cb4cf0d5b2da185e1677d1c082fd4475784ccb7c3a518868d42cce,AdamW,0.01,0.0,0.6867522352323931,0.6710359408033827,0.6612985289808012,0
graphsage_pilot_v1_step0,twibot20,linear,2,1,100,test,2,2,40d653b81498ca59f7f885eeb08b50e37144bd7c85a2b1f4cd0de14263414e43,c914c5f482673ce0dc5d5512f45c0eaf22d1c0663629aa594d02d724b1b643bb,203ffea723cb4cf0d5b2da185e1677d1c082fd4475784ccb7c3a518868d42cce,AdamW,0.01,0.0,0.6740586882739288,0.6563820794590025,0.6469361275594983,0
graphsage_pilot_v1_step0,twibot20,linear,2,10,0,val,2,20,4c2a419e0d2e41e89d85ace836b7bd09c1adfddfa85a64a49bddcc59c0f8b049,c914c5f482673ce0dc5d5512f45c0eaf22d1c0663629aa594d02d724b1b643bb,203ffea723cb4cf0d5b2da185e1677d1c082fd4475784ccb7c3a518868d42cce,AdamW,0.01,0.0,0.6135566174328562,0.5940803382663847,0.5795947933748405,0
graphsage_pilot_v1_step0,twibot20,linear,2,10,0,test,2,20,4c2a419e0d2e41e89d85ace836b7bd09c1adfddfa85a64a49bddcc59c0f8b049,c914c5f482673ce0dc5d5512f45c0eaf22d1c0663629aa594d02d724b1b643bb,203ffea723cb4cf0d5b2da185e1677d1c082fd4475784ccb7c3a518868d42cce,AdamW,0.01,0.0,0.6190156262669555,0.5972104818258664,0.5846779400022287,0
graphsage_pilot_v1_step0,twibot20,linear,2,10,1,val,2,20,4c2a419e0d2e41e89d85ace836b7bd09c1adfddfa85a64a49bddcc59c0f8b049,c914c5f482673ce0dc5d5512f45c0eaf22d1c0663629aa594d02d724b1b643bb,203ffea723cb4cf0d5b2da185e1677d1c082fd4475784ccb7c3a518868d42cce,AdamW,0.01,0.0,0.6803896674217687,0.6156448202959831,0.6091874849681201,0
graphsage_pilot_v1_step0,twibot20,linear,2,10,1,test,2,20,4c2a419e0d2e41e89d85ace836b7bd09c1adfddfa85a64a49bddcc59c0f8b049,c914c5f482673ce0dc5d5512f45c0eaf22d1c0663629aa594d02d724b1b643bb,203ffea723cb4cf0d5b2da185e1677d1c082fd4475784ccb7c3a518868d42cce,AdamW,0.01,0.0,0.6802783537397631,0.6081994928148774,0.6035215342557277,0
graphsage_pilot_v1_step0,twibot20,linear,2,10,10,val,2,20,4c2a419e0d2e41e89d85ace836b7bd09c1adfddfa85a64a49bddcc59c0f8b049,c914c5f482673ce0dc5d5512f45c0eaf22d1c0663629aa594d02d724b1b643bb,203ffea723cb4cf0d5b2da185e1677d1c082fd4475784ccb7c3a518868d42cce,AdamW,0.01,0.0,0.6903407814508683,0.6697674418604651,0.6529915975069629,0
graphsage_pilot_v1_step0,twibot20,linear,2,10,10,test,2,20,4c2a419e0d2e41e89d85ace836b7bd09c1adfddfa85a64a49bddcc59c0f8b049,c914c5f482673ce0dc5d5512f45c0eaf22d1c0663629aa594d02d724b1b643bb,203ffea723cb4cf0d5b2da185e1677d1c082fd4475784ccb7c3a518868d42cce,AdamW,0.01,0.0,0.6756130616594656,0.6576500422654269,0.6413769615676823,0
graphsage_pilot_v1_step0,twibot20,linear,2,10,100,val,2,20,4c2a419e0d2e41e89d85ace836b7bd09c1adfddfa85a64a49bddcc59c0f8b049,c914c5f482673ce0dc5d5512f45c0eaf22d1c0663629aa594d02d724b1b643bb,203ffea723cb4cf0d5b2da185e1677d1c082fd4475784ccb7c3a518868d42cce,AdamW,0.01,0.0,0.7240065915622785,0.7048625792811839,0.7014459192768017,0
graphsage_pilot_v1_step0,twibot20,linear,2,10,100,test,2,20,4c2a419e0d2e41e89d85ace836b7bd09c1adfddfa85a64a49bddcc59c0f8b049,c914c5f482673ce0dc5d5512f45c0eaf22d1c0663629aa594d02d724b1b643bb,203ffea723cb4cf0d5b2da185e1677d1c082fd4475784ccb7c3a518868d42cce,AdamW,0.01,0.0,0.7051157490530413,0.6821639898562976,0.6787473683830406,0
graphsage_pilot_v1_step0,twibot20,linear,2,100,0,val,2,200,5708cd030fbe4119391ef44d81cbe9873693c4e02ee2e1770943dbc60f51ba9e,c914c5f482673ce0dc5d5512f45c0eaf22d1c0663629aa594d02d724b1b643bb,203ffea723cb4cf0d5b2da185e1677d1c082fd4475784ccb7c3a518868d42cce,AdamW,0.01,0.0,0.6135566174328562,0.5940803382663847,0.5795947933748405,0
graphsage_pilot_v1_step0,twibot20,linear,2,100,0,test,2,200,5708cd030fbe4119391ef44d81cbe9873693c4e02ee2e1770943dbc60f51ba9e,c914c5f482673ce0dc5d5512f45c0eaf22d1c0663629aa594d02d724b1b643bb,203ffea723cb4cf0d5b2da185e1677d1c082fd4475784ccb7c3a518868d42cce,AdamW,0.01,0.0,0.6190156262669555,0.5972104818258664,0.5846779400022287,0
graphsage_pilot_v1_step0,twibot20,linear,2,100,1,val,2,200,5708cd030fbe4119391ef44d81cbe9873693c4e02ee2e1770943dbc60f51ba9e,c914c5f482673ce0dc5d5512f45c0eaf22d1c0663629aa594d02d724b1b643bb,203ffea723cb4cf0d5b2da185e1677d1c082fd4475784ccb7c3a518868d42cce,AdamW,0.01,0.0,0.6785504650181964,0.6684989429175475,0.6539455020530048,0
graphsage_pilot_v1_step0,twibot20,linear,2,100,1,test,2,200,5708cd030fbe4119391ef44d81cbe9873693c4e02ee2e1770943dbc60f51ba9e,c914c5f482673ce0dc5d5512f45c0eaf22d1c0663629aa594d02d724b1b643bb,203ffea723cb4cf0d5b2da185e1677d1c082fd4475784ccb7c3a518868d42cce,AdamW,0.01,0.0,0.6664055531744837,0.6530008453085376,0.6385552750190864,0
graphsage_pilot_v1_step0,twibot20,linear,2,100,10,val,2,200,5708cd030fbe4119391ef44d81cbe9873693c4e02ee2e1770943dbc60f51ba9e,c914c5f482673ce0dc5d5512f45c0eaf22d1c0663629aa594d02d724b1b643bb,203ffea723cb4cf0d5b2da185e1677d1c082fd4475784ccb7c3a518868d42cce,AdamW,0.01,0.0,0.7179998347761434,0.6752642706131078,0.6570522261243911,0
graphsage_pilot_v1_step0,twibot20,linear,2,100,10,test,2,200,5708cd030fbe4119391ef44d81cbe9873693c4e02ee2e1770943dbc60f51ba9e,c914c5f482673ce0dc5d5512f45c0eaf22d1c0663629aa594d02d724b1b643bb,203ffea723cb4cf0d5b2da185e1677d1c082fd4475784ccb7c3a518868d42cce,AdamW,0.01,0.0,0.6973221628884847,0.6601859678782755,0.641802713786987,0
graphsage_pilot_v1_step0,twibot20,linear,2,100,100,val,2,200,5708cd030fbe4119391ef44d81cbe9873693c4e02ee2e1770943dbc60f51ba9e,c914c5f482673ce0dc5d5512f45c0eaf22d1c0663629aa594d02d724b1b643bb,203ffea723cb4cf0d5b2da185e1677d1c082fd4475784ccb7c3a518868d42cce,AdamW,0.01,0.0,0.7517975341064072,0.7141649048625793,0.6997030728057667,0
graphsage_pilot_v1_step0,twibot20,linear,2,100,100,test,2,200,5708cd030fbe4119391ef44d81cbe9873693c4e02ee2e1770943dbc60f51ba9e,c914c5f482673ce0dc5d5512f45c0eaf22d1c0663629aa594d02d724b1b643bb,203ffea723cb4cf0d5b2da185e1677d1c082fd4475784ccb7c3a518868d42cce,AdamW,0.01,0.0,0.7364971504361222,0.6885038038884193,0.6723724999441034,0
graphsage_pilot_v1_step0,ukr_rus_suspended,linear,0,0,0,val,2,0,af5570f5a1810b7af78caf4bc70a660f0df51e42baf91d4de5b2328de0e83dfc,0c2e028dcb3262ef92e92564f4c55cdddd6f64945b22ac315f10631df10ccb82,f89e55d9cfacf91222600ee60a2ba36a7e5c6eb5bd4c3c753e6136ad5559fc67,none,0.0,0.0,0.5230258602385317,0.4587578630282626,0.4481345576758448,0
graphsage_pilot_v1_step0,ukr_rus_suspended,linear,0,0,0,test,2,0,af5570f5a1810b7af78caf4bc70a660f0df51e42baf91d4de5b2328de0e83dfc,0c2e028dcb3262ef92e92564f4c55cdddd6f64945b22ac315f10631df10ccb82,f89e55d9cfacf91222600ee60a2ba36a7e5c6eb5bd4c3c753e6136ad5559fc67,none,0.0,0.0,0.5206332363448055,0.459603118355776,0.4486641470690997,0
graphsage_pilot_v1_step0,ukr_rus_suspended,linear,0,1,0,val,2,2,7c99d61e9eb10c63a19f4bcdb05d6e9b3a56a8705bfc738ad72bda57e541b60d,0c2e028dcb3262ef92e92564f4c55cdddd6f64945b22ac315f10631df10ccb82,f89e55d9cfacf91222600ee60a2ba36a7e5c6eb5bd4c3c753e6136ad5559fc67,AdamW,0.01,0.0,0.5230258602385317,0.4587578630282626,0.4481345576758448,0
graphsage_pilot_v1_step0,ukr_rus_suspended,linear,0,1,0,test,2,2,7c99d61e9eb10c63a19f4bcdb05d6e9b3a56a8705bfc738ad72bda57e541b60d,0c2e028dcb3262ef92e92564f4c55cdddd6f64945b22ac315f10631df10ccb82,f89e55d9cfacf91222600ee60a2ba36a7e5c6eb5bd4c3c753e6136ad5559fc67,AdamW,0.01,0.0,0.5206332363448055,0.459603118355776,0.4486641470690997,0
graphsage_pilot_v1_step0,ukr_rus_suspended,linear,0,1,1,val,2,2,7c99d61e9eb10c63a19f4bcdb05d6e9b3a56a8705bfc738ad72bda57e541b60d,0c2e028dcb3262ef92e92564f4c55cdddd6f64945b22ac315f10631df10ccb82,f89e55d9cfacf91222600ee60a2ba36a7e5c6eb5bd4c3c753e6136ad5559fc67,AdamW,0.01,0.0,0.5124107751111807,0.5357490918756092,0.4989977223426597,0
graphsage_pilot_v1_step0,ukr_rus_suspended,linear,0,1,1,test,2,2,7c99d61e9eb10c63a19f4bcdb05d6e9b3a56a8705bfc738ad72bda57e541b60d,0c2e028dcb3262ef92e92564f4c55cdddd6f64945b22ac315f10631df10ccb82,f89e55d9cfacf91222600ee60a2ba36a7e5c6eb5bd4c3c753e6136ad5559fc67,AdamW,0.01,0.0,0.5127750046659196,0.5356130403968816,0.4986760071400995,0
graphsage_pilot_v1_step0,ukr_rus_suspended,linear,0,1,10,val,2,2,7c99d61e9eb10c63a19f4bcdb05d6e9b3a56a8705bfc738ad72bda57e541b60d,0c2e028dcb3262ef92e92564f4c55cdddd6f64945b22ac315f10631df10ccb82,f89e55d9cfacf91222600ee60a2ba36a7e5c6eb5bd4c3c753e6136ad5559fc67,AdamW,0.01,0.0,0.4607601367790666,0.5373438469035173,0.5089746909260555,0
graphsage_pilot_v1_step0,ukr_rus_suspended,linear,0,1,10,test,2,2,7c99d61e9eb10c63a19f4bcdb05d6e9b3a56a8705bfc738ad72bda57e541b60d,0c2e028dcb3262ef92e92564f4c55cdddd6f64945b22ac315f10631df10ccb82,f89e55d9cfacf91222600ee60a2ba36a7e5c6eb5bd4c3c753e6136ad5559fc67,AdamW,0.01,0.0,0.4648740671215837,0.5337526576895819,0.5058790696586593,0
graphsage_pilot_v1_step0,ukr_rus_suspended,linear,0,1,100,val,2,2,7c99d61e9eb10c63a19f4bcdb05d6e9b3a56a8705bfc738ad72bda57e541b60d,0c2e028dcb3262ef92e92564f4c55cdddd6f64945b22ac315f10631df10ccb82,f89e55d9cfacf91222600ee60a2ba36a7e5c6eb5bd4c3c753e6136ad5559fc67,AdamW,0.01,0.0,0.4607536562336639,0.5369894568973155,0.5096965208370738,0
graphsage_pilot_v1_step0,ukr_rus_suspended,linear,0,1,100,test,2,2,7c99d61e9eb10c63a19f4bcdb05d6e9b3a56a8705bfc738ad72bda57e541b60d,0c2e028dcb3262ef92e92564f4c55cdddd6f64945b22ac315f10631df10ccb82,f89e55d9cfacf91222600ee60a2ba36a7e5c6eb5bd4c3c753e6136ad5559fc67,AdamW,0.01,0.0,0.4648871226923956,0.5324238128986535,0.5059286344044001,0
graphsage_pilot_v1_step0,ukr_rus_suspended,linear,0,10,0,val,2,20,e5a82878379041fa98c0278a2e88145c8947d0c76c48e42e2c7c3a50b79d1cad,0c2e028dcb3262ef92e92564f4c55cdddd6f64945b22ac315f10631df10ccb82,f89e55d9cfacf91222600ee60a2ba36a7e5c6eb5bd4c3c753e6136ad5559fc67,AdamW,0.01,0.0,0.5230258602385317,0.4587578630282626,0.4481345576758448,0
graphsage_pilot_v1_step0,ukr_rus_suspended,linear,0,10,0,test,2,20,e5a82878379041fa98c0278a2e88145c8947d0c76c48e42e2c7c3a50b79d1cad,0c2e028dcb3262ef92e92564f4c55cdddd6f64945b22ac315f10631df10ccb82,f89e55d9cfacf91222600ee60a2ba36a7e5c6eb5bd4c3c753e6136ad5559fc67,AdamW,0.01,0.0,0.5206332363448055,0.459603118355776,0.4486641470690997,0
graphsage_pilot_v1_step0,ukr_rus_suspended,linear,0,10,1,val,2,20,e5a82878379041fa98c0278a2e88145c8947d0c76c48e42e2c7c3a50b79d1cad,0c2e028dcb3262ef92e92564f4c55cdddd6f64945b22ac315f10631df10ccb82,f89e55d9cfacf91222600ee60a2ba36a7e5c6eb5bd4c3c753e6136ad5559fc67,AdamW,0.01,0.0,0.5164628687904717,0.5358376893771596,0.5100806409352219,0
graphsage_pilot_v1_step0,ukr_rus_suspended,linear,0,10,1,test,2,20,e5a82878379041fa98c0278a2e88145c8947d0c76c48e42e2c7c3a50b79d1cad,0c2e028dcb3262ef92e92564f4c55cdddd6f64945b22ac315f10631df10ccb82,f89e55d9cfacf91222600ee60a2ba36a7e5c6eb5bd4c3c753e6136ad5559fc67,AdamW,0.01,0.0,0.51590551188192,0.5313607370659107,0.5064080510838792,0
graphsage_pilot_v1_step0,ukr_rus_suspended,linear,0,10,10,val,2,20,e5a82878379041fa98c0278a2e88145c8947d0c76c48e42e2c7c3a50b79d1cad,0c2e028dcb3262ef92e92564f4c55cdddd6f64945b22ac315f10631df10ccb82,f89e55d9cfacf91222600ee60a2ba36a7e5c6eb5bd4c3c753e6136ad5559fc67,AdamW,0.01,0.0,0.5588695960532932,0.5371666519004165,0.5126614665188995,0
graphsage_pilot_v1_step0,ukr_rus_suspended,linear,0,10,10,test,2,20,e5a82878379041fa98c0278a2e88145c8947d0c76c48e42e2c7c3a50b79d1cad,0c2e028dcb3262ef92e92564f4c55cdddd6f64945b22ac315f10631df10ccb82,f89e55d9cfacf91222600ee60a2ba36a7e5c6eb5bd4c3c753e6136ad5559fc67,AdamW,0.01,0.0,0.555096020186099,0.5299433026222538,0.5061033469652279,0
graphsage_pilot_v1_step0,ukr_rus_suspended,linear,0,10,100,val,2,20,e5a82878379041fa98c0278a2e88145c8947d0c76c48e42e2c7c3a50b79d1cad,0c2e028dcb3262ef92e92564f4c55cdddd6f64945b22ac315f10631df10ccb82,f89e55d9cfacf91222600ee60a2ba36a7e5c6eb5bd4c3c753e6136ad5559fc67,AdamW,0.01,0.0,0.583606850943146,0.5371666519004165,0.5322516701079474,0
graphsage_pilot_v1_step0,ukr_rus_suspended,linear,0,10,100,test,2,20,e5a82878379041fa98c0278a2e88145c8947d0c76c48e42e2c7c3a50b79d1cad,0c2e028dcb3262ef92e92564f4c55cdddd6f64945b22ac315f10631df10ccb82,f89e55d9cfacf91222600ee60a2ba36a7e5c6eb5bd4c3c753e6136ad5559fc67,AdamW,0.01,0.0,0.5782129984864542,0.5279943302622254,0.523233419920448,0
graphsage_pilot_v1_step0,ukr_rus_suspended,linear,0,100,0,val,2,200,0e6e836a2d142a85ab039b2a0676f9ba6b8c674a523a6ccbb1030280fce6a8bd,0c2e028dcb3262ef92e92564f4c55cdddd6f64945b22ac315f10631df10ccb82,f89e55d9cfacf91222600ee60a2ba36a7e5c6eb5bd4c3c753e6136ad5559fc67,AdamW,0.01,0.0,0.5230258602385317,0.4587578630282626,0.4481345576758448,0
graphsage_pilot_v1_step0,ukr_rus_suspended,linear,0,100,0,test,2,200,0e6e836a2d142a85ab039b2a0676f9ba6b8c674a523a6ccbb1030280fce6a8bd,0c2e028dcb3262ef92e92564f4c55cdddd6f64945b22ac315f10631df10ccb82,f89e55d9cfacf91222600ee60a2ba36a7e5c6eb5bd4c3c753e6136ad5559fc67,AdamW,0.01,0.0,0.5206332363448055,0.459603118355776,0.4486641470690997,0
graphsage_pilot_v1_step0,ukr_rus_suspended,linear,0,100,1,val,2,200,0e6e836a2d142a85ab039b2a0676f9ba6b8c674a523a6ccbb1030280fce6a8bd,0c2e028dcb3262ef92e92564f4c55cdddd6f64945b22ac315f10631df10ccb82,f89e55d9cfacf91222600ee60a2ba36a7e5c6eb5bd4c3c753e6136ad5559fc67,AdamW,0.01,0.0,0.5138108462910472,0.544077257021352,0.4912532692877026,0
graphsage_pilot_v1_step0,ukr_rus_suspended,linear,0,100,1,test,2,200,0e6e836a2d142a85ab039b2a0676f9ba6b8c674a523a6ccbb1030280fce6a8bd,0c2e028dcb3262ef92e92564f4c55cdddd6f64945b22ac315f10631df10ccb82,f89e55d9cfacf91222600ee60a2ba36a7e5c6eb5bd4c3c753e6136ad5559fc67,AdamW,0.01,0.0,0.5131942299779315,0.546863926293409,0.4938561879739418,0
graphsage_pilot_v1_step0,ukr_rus_suspended,linear,0,100,10,val,2,200,0e6e836a2d142a85ab039b2a0676f9ba6b8c674a523a6ccbb1030280fce6a8bd,0c2e028dcb3262ef92e92564f4c55cdddd6f64945b22ac315f10631df10ccb82,f89e55d9cfacf91222600ee60a2ba36a7e5c6eb5bd4c3c753e6136ad5559fc67,AdamW,0.01,0.0,0.5463102186590693,0.5498360946221317,0.549828617465185,0
graphsage_pilot_v1_step0,ukr_rus_suspended,linear,0,100,10,test,2,200,0e6e836a2d142a85ab039b2a0676f9ba6b8c674a523a6ccbb1030280fce6a8bd,0c2e028dcb3262ef92e92564f4c55cdddd6f64945b22ac315f10631df10ccb82,f89e55d9cfacf91222600ee60a2ba36a7e5c6eb5bd4c3c753e6136ad5559fc67,AdamW,0.01,0.0,0.5503384865750787,0.5522678951098512,0.5521663215690544,0
graphsage_pilot_v1_step0,ukr_rus_suspended,linear,0,100,100,val,2,200,0e6e836a2d142a85ab039b2a0676f9ba6b8c674a523a6ccbb1030280fce6a8bd,0c2e028dcb3262ef92e92564f4c55cdddd6f64945b22ac315f10631df10ccb82,f89e55d9cfacf91222600ee60a2ba36a7e5c6eb5bd4c3c753e6136ad5559fc67,AdamW,0.01,0.0,0.6010658744384839,0.5872242402764242,0.5842290243476357,0
graphsage_pilot_v1_step0,ukr_rus_suspended,linear,0,100,100,test,2,200,0e6e836a2d142a85ab039b2a0676f9ba6b8c674a523a6ccbb1030280fce6a8bd,0c2e028dcb3262ef92e92564f4c55cdddd6f64945b22ac315f10631df10ccb82,f89e55d9cfacf91222600ee60a2ba36a7e5c6eb5bd4c3c753e6136ad5559fc67,AdamW,0.01,0.0,0.5986340014141176,0.5836286321757619,0.5795631436823953,0
graphsage_pilot_v1_step0,ukr_rus_suspended,linear,1,0,0,val,2,0,af5570f5a1810b7af78caf4bc70a660f0df51e42baf91d4de5b2328de0e83dfc,0c2e028dcb3262ef92e92564f4c55cdddd6f64945b22ac315f10631df10ccb82,8a8ac6a74ff16f70c26373d03c9e72726890aaba776363757688178d530a945d,none,0.0,0.0,0.4813921510850234,0.4603526180561708,0.455568992945311,0
graphsage_pilot_v1_step0,ukr_rus_suspended,linear,1,0,0,test,2,0,af5570f5a1810b7af78caf4bc70a660f0df51e42baf91d4de5b2328de0e83dfc,0c2e028dcb3262ef92e92564f4c55cdddd6f64945b22ac315f10631df10ccb82,8a8ac6a74ff16f70c26373d03c9e72726890aaba776363757688178d530a945d,none,0.0,0.0,0.4824316392947728,0.4639440113394755,0.4593636223904552,0
graphsage_pilot_v1_step0,ukr_rus_suspended,linear,1,1,0,val,2,2,d73d3d76b81fffb6f14dba64a89f45ae3cb6ec170ba2f809a798c78d912bfa77,0c2e028dcb3262ef92e92564f4c55cdddd6f64945b22ac315f10631df10ccb82,8a8ac6a74ff16f70c26373d03c9e72726890aaba776363757688178d530a945d,AdamW,0.01,0.0,0.4813921510850234,0.4603526180561708,0.455568992945311,0
graphsage_pilot_v1_step0,ukr_rus_suspended,linear,1,1,0,test,2,2,d73d3d76b81fffb6f14dba64a89f45ae3cb6ec170ba2f809a798c78d912bfa77,0c2e028dcb3262ef92e92564f4c55cdddd6f64945b22ac315f10631df10ccb82,8a8ac6a74ff16f70c26373d03c9e72726890aaba776363757688178d530a945d,AdamW,0.01,0.0,0.4824316392947728,0.4639440113394755,0.4593636223904552,0
graphsage_pilot_v1_step0,ukr_rus_suspended,linear,1,1,1,val,2,2,d73d3d76b81fffb6f14dba64a89f45ae3cb6ec170ba2f809a798c78d912bfa77,0c2e028dcb3262ef92e92564f4c55cdddd6f64945b22ac315f10631df10ccb82,8a8ac6a74ff16f70c26373d03c9e72726890aaba776363757688178d530a945d,AdamW,0.01,0.0,0.5408620739893678,0.5291042792593249,0.508961908527678,0
graphsage_pilot_v1_step0,ukr_rus_suspended,linear,1,1,1,test,2,2,d73d3d76b81fffb6f14dba64a89f45ae3cb6ec170ba2f809a798c78d912bfa77,0c2e028dcb3262ef92e92564f4c55cdddd6f64945b22ac315f10631df10ccb82,8a8ac6a74ff16f70c26373d03c9e72726890aaba776363757688178d530a945d,AdamW,0.01,0.0,0.538873315815287,0.5237420269312544,0.5044358513530199,0
graphsage_pilot_v1_step0,ukr_rus_suspended,linear,1,1,10,val,2,2,d73d3d76b81fffb6f14dba64a89f45ae3cb6ec170ba2f809a798c78d912bfa77,0c2e028dcb3262ef92e92564f4c55cdddd6f64945b22ac315f10631df10ccb82,8a8ac6a74ff16f70c26373d03c9e72726890aaba776363757688178d530a945d,AdamW,0.01,0.0,0.5952316307734504,0.5912997253477452,0.5838113969227869,0
graphsage_pilot_v1_step0,ukr_rus_suspended,linear,1,1,10,test,2,2,d73d3d76b81fffb6f14dba64a89f45ae3cb6ec170ba2f809a798c78d912bfa77,0c2e028dcb3262ef92e92564f4c55cdddd6f64945b22ac315f10631df10ccb82,8a8ac6a74ff16f70c26373d03c9e72726890aaba776363757688178d530a945d,AdamW,0.01,0.0,0.5856832932040672,0.5844259390503189,0.575631340249102,0
graphsage_pilot_v1_step0,ukr_rus_suspended,linear,1,1,100,val,2,2,d73d3d76b81fffb6f14dba64a89f45ae3cb6ec170ba2f809a798c78d912bfa77,0c2e028dcb3262ef92e92564f4c55cdddd6f64945b22ac315f10631df10ccb82,8a8ac6a74ff16f70c26373d03c9e72726890aaba776363757688178d530a945d,AdamW,0.01,0.0,0.5971020641196418,0.5949322229113139,0.5917210171896267,0
graphsage_pilot_v1_step0,ukr_rus_suspended,linear,1,1,100,test,2,2,d73d3d76b81fffb6f14dba64a89f45ae3cb6ec170ba2f809a798c78d912bfa77,0c2e028dcb3262ef92e92564f4c55cdddd6f64945b22ac315f10631df10ccb82,8a8ac6a74ff16f70c26373d03c9e72726890aaba776363757688178d530a945d,AdamW,0.01,0.0,0.5901261103827289,0.5830970942593905,0.5789967356261017,0
graphsage_pilot_v1_step0,ukr_rus_suspended,linear,1,10,0,val,2,20,0799d70a753227d471335ad303c0239095fe54cbc93c2961ebd67a3fb8c8bf71,0c2e028dcb3262ef92e92564f4c55cdddd6f64945b22ac315f10631df10ccb82,8a8ac6a74ff16f70c26373d03c9e72726890aaba776363757688178d530a945d,AdamW,0.01,0.0,0.4813921510850234,0.4603526180561708,0.455568992945311,0
graphsage_pilot_v1_step0,ukr_rus_suspended,linear,1,10,0,test,2,20,0799d70a753227d471335ad303c0239095fe54cbc93c2961ebd67a3fb8c8bf71,0c2e028dcb3262ef92e92564f4c55cdddd6f64945b22ac315f10631df10ccb82,8a8ac6a74ff16f70c26373d03c9e72726890aaba776363757688178d530a945d,AdamW,0.01,0.0,0.4824316392947728,0.4639440113394755,0.4593636223904552,0
graphsage_pilot_v1_step0,ukr_rus_suspended,linear,1,10,1,val,2,20,0799d70a753227d471335ad303c0239095fe54cbc93c2961ebd67a3fb8c8bf71,0c2e028dcb3262ef92e92564f4c55cdddd6f64945b22ac315f10631df10ccb82,8a8ac6a74ff16f70c26373d03c9e72726890aaba776363757688178d530a945d,AdamW,0.01,0.0,0.5257189690741941,0.475148400815097,0.4743676660172482,0
graphsage_pilot_v1_step0,ukr_rus_suspended,linear,1,10,1,test,2,20,0799d70a753227d471335ad303c0239095fe54cbc93c2961ebd67a3fb8c8bf71,0c2e028dcb3262ef92e92564f4c55cdddd6f64945b22ac315f10631df10ccb82,8a8ac6a74ff16f70c26373d03c9e72726890aaba776363757688178d530a945d,AdamW,0.01,0.0,0.5218625019438652,0.4792700212615166,0.478685433851425,0
graphsage_pilot_v1_step0,ukr_rus_suspended,linear,1,10,10,val,2,20,0799d70a753227d471335ad303c0239095fe54cbc93c2961ebd67a3fb8c8bf71,0c2e028dcb3262ef92e92564f4c55cdddd6f64945b22ac315f10631df10ccb82,8a8ac6a74ff16f70c26373d03c9e72726890aaba776363757688178d530a945d,AdamW,0.01,0.0,0.5510152071867351,0.5305218392841322,0.5264076993156962,0
graphsage_pilot_v1_step0,ukr_rus_suspended,linear,1,10,10,test,2,20,0799d70a753227d471335ad303c0239095fe54cbc93c2961ebd67a3fb8c8bf71,0c2e028dcb3262ef92e92564f4c55cdddd6f64945b22ac315f10631df10ccb82,8a8ac6a74ff16f70c26373d03c9e72726890aaba776363757688178d530a945d,AdamW,0.01,0.0,0.5466656908217022,0.5253366406803686,0.520819262409794,0
graphsage_pilot_v1_step0,ukr_rus_suspended,linear,1,10,100,val,2,20,0799d70a753227d471335ad303c0239095fe54cbc93c2961ebd67a3fb8c8bf71,0c2e028dcb3262ef92e92564f4c55cdddd6f64945b22ac315f10631df10ccb82,8a8ac6a74ff16f70c26373d03c9e72726890aaba776363757688178d530a945d,AdamW,0.01,0.0,0.5926427252484816,0.583680340214406,0.5667692360522801,0
graphsage_pilot_v1_step0,ukr_rus_suspended,linear,1,10,100,test,2,20,0799d70a753227d471335ad303c0239095fe54cbc93c2961ebd67a3fb8c8bf71,0c2e028dcb3262ef92e92564f4c55cdddd6f64945b22ac315f10631df10ccb82,8a8ac6a74ff16f70c26373d03c9e72726890aaba776363757688178d530a945d,AdamW,0.01,0.0,0.5856540628743427,0.5736180014174345,0.5549307758175245,0
graphsage_pilot_v1_step0,ukr_rus_suspended,linear,1,100,0,val,2,200,1728296263c97d6583bec3f11c800c3d719473b87756114e79f69c4d870069e2,0c2e028dcb3262ef92e92564f4c55cdddd6f64945b22ac315f10631df10ccb82,8a8ac6a74ff16f70c26373d03c9e72726890aaba776363757688178d530a945d,AdamW,0.01,0.0,0.4813921510850234,0.4603526180561708,0.455568992945311,0
graphsage_pilot_v1_step0,ukr_rus_suspended,linear,1,100,0,test,2,200,1728296263c97d6583bec3f11c800c3d719473b87756114e79f69c4d870069e2,0c2e028dcb3262ef92e92564f4c55cdddd6f64945b22ac315f10631df10ccb82,8a8ac6a74ff16f70c26373d03c9e72726890aaba776363757688178d530a945d,AdamW,0.01,0.0,0.4824316392947728,0.4639440113394755,0.4593636223904552,0
graphsage_pilot_v1_step0,ukr_rus_suspended,linear,1,100,1,val,2,200,1728296263c97d6583bec3f11c800c3d719473b87756114e79f69c4d870069e2,0c2e028dcb3262ef92e92564f4c55cdddd6f64945b22ac315f10631df10ccb82,8a8ac6a74ff16f70c26373d03c9e72726890aaba776363757688178d530a945d,AdamW,0.01,0.0,0.4738252540068264,0.5234340391600957,0.5066140722273768,0
graphsage_pilot_v1_step0,ukr_rus_suspended,linear,1,100,1,test,2,200,1728296263c97d6583bec3f11c800c3d719473b87756114e79f69c4d870069e2,0c2e028dcb3262ef92e92564f4c55cdddd6f64945b22ac315f10631df10ccb82,8a8ac6a74ff16f70c26373d03c9e72726890aaba776363757688178d530a945d,AdamW,0.01,0.0,0.478205846863428,0.5196669029057406,0.5036130824589561,0
graphsage_pilot_v1_step0,ukr_rus_suspended,linear,1,100,10,val,2,200,1728296263c97d6583bec3f11c800c3d719473b87756114e79f69c4d870069e2,0c2e028dcb3262ef92e92564f4c55cdddd6f64945b22ac315f10631df10ccb82,8a8ac6a74ff16f70c26373d03c9e72726890aaba776363757688178d530a945d,AdamW,0.01,0.0,0.4910871756535268,0.5408877469655355,0.5082695367265001,0
graphsage_pilot_v1_step0,ukr_rus_suspended,linear,1,100,10,test,2,200,1728296263c97d6583bec3f11c800c3d719473b87756114e79f69c4d870069e2,0c2e028dcb3262ef92e92564f4c55cdddd6f64945b22ac315f10631df10ccb82,8a8ac6a74ff16f70c26373d03c9e72726890aaba776363757688178d530a945d,AdamW,0.01,0.0,0.4939241431461662,0.540396881644224,0.5084906474968922,0
graphsage_pilot_v1_step0,ukr_rus_suspended,linear,1,100,100,val,2,200,1728296263c97d6583bec3f11c800c3d719473b87756114e79f69c4d870069e2,0c2e028dcb3262ef92e92564f4c55cdddd6f64945b22ac315f10631df10ccb82,8a8ac6a74ff16f70c26373d03c9e72726890aaba776363757688178d530a945d,AdamW,0.01,0.0,0.5272069376763215,0.5588730397802782,0.5114668898259771,0
graphsage_pilot_v1_step0,ukr_rus_suspended,linear,1,100,100,test,2,200,1728296263c97d6583bec3f11c800c3d719473b87756114e79f69c4d870069e2,0c2e028dcb3262ef92e92564f4c55cdddd6f64945b22ac315f10631df10ccb82,8a8ac6a74ff16f70c26373d03c9e72726890aaba776363757688178d530a945d,AdamW,0.01,0.0,0.5204092979331424,0.555545712260808,0.5075804807889995,0
graphsage_pilot_v1_step0,ukr_rus_suspended,linear,2,0,0,val,2,0,af5570f5a1810b7af78caf4bc70a660f0df51e42baf91d4de5b2328de0e83dfc,0c2e028dcb3262ef92e92564f4c55cdddd6f64945b22ac315f10631df10ccb82,203ffea723cb4cf0d5b2da185e1677d1c082fd4475784ccb7c3a518868d42cce,none,0.0,0.0,0.5381792246771965,0.5369894568973155,0.5095661024227521,0
graphsage_pilot_v1_step0,ukr_rus_suspended,linear,2,0,0,test,2,0,af5570f5a1810b7af78caf4bc70a660f0df51e42baf91d4de5b2328de0e83dfc,0c2e028dcb3262ef92e92564f4c55cdddd6f64945b22ac315f10631df10ccb82,203ffea723cb4cf0d5b2da185e1677d1c082fd4475784ccb7c3a518868d42cce,none,0.0,0.0,0.5331465186194949,0.5326009922041106,0.5060301238286196,0
graphsage_pilot_v1_step0,ukr_rus_suspended,linear,2,1,0,val,2,2,aad26da52850ca862f2ded49b2710985a734f1e075c85c658bab395f51c94f19,0c2e028dcb3262ef92e92564f4c55cdddd6f64945b22ac315f10631df10ccb82,203ffea723cb4cf0d5b2da185e1677d1c082fd4475784ccb7c3a518868d42cce,AdamW,0.01,0.0,0.5381792246771965,0.5369894568973155,0.5095661024227521,0
graphsage_pilot_v1_step0,ukr_rus_suspended,linear,2,1,0,test,2,2,aad26da52850ca862f2ded49b2710985a734f1e075c85c658bab395f51c94f19,0c2e028dcb3262ef92e92564f4c55cdddd6f64945b22ac315f10631df10ccb82,203ffea723cb4cf0d5b2da185e1677d1c082fd4475784ccb7c3a518868d42cce,AdamW,0.01,0.0,0.5331465186194949,0.5326009922041106,0.5060301238286196,0
graphsage_pilot_v1_step0,ukr_rus_suspended,linear,2,1,1,val,2,2,aad26da52850ca862f2ded49b2710985a734f1e075c85c658bab395f51c94f19,0c2e028dcb3262ef92e92564f4c55cdddd6f64945b22ac315f10631df10ccb82,203ffea723cb4cf0d5b2da185e1677d1c082fd4475784ccb7c3a518868d42cce,AdamW,0.01,0.0,0.524269336998717,0.4796668733941703,0.4793906238110257,0
graphsage_pilot_v1_step0,ukr_rus_suspended,linear,2,1,1,test,2,2,aad26da52850ca862f2ded49b2710985a734f1e075c85c658bab395f51c94f19,0c2e028dcb3262ef92e92564f4c55cdddd6f64945b22ac315f10631df10ccb82,203ffea723cb4cf0d5b2da185e1677d1c082fd4475784ccb7c3a518868d42cce,AdamW,0.01,0.0,0.5212655311449967,0.4830793763288448,0.4829021079234199,0
graphsage_pilot_v1_step0,ukr_rus_suspended,linear,2,1,10,val,2,2,aad26da52850ca862f2ded49b2710985a734f1e075c85c658bab395f51c94f19,0c2e028dcb3262ef92e92564f4c55cdddd6f64945b22ac315f10631df10ccb82,203ffea723cb4cf0d5b2da185e1677d1c082fd4475784ccb7c3a518868d42cce,AdamW,0.01,0.0,0.5286608472333796,0.4714273057499779,0.470289980934976,0
graphsage_pilot_v1_step0,ukr_rus_suspended,linear,2,1,10,test,2,2,aad26da52850ca862f2ded49b2710985a734f1e075c85c658bab395f51c94f19,0c2e028dcb3262ef92e92564f4c55cdddd6f64945b22ac315f10631df10ccb82,203ffea723cb4cf0d5b2da185e1677d1c082fd4475784ccb7c3a518868d42cce,AdamW,0.01,0.0,0.5245614518000544,0.476966690290574,0.4761042245536053,0
graphsage_pilot_v1_step0,ukr_rus_suspended,linear,2,1,100,val,2,2,aad26da52850ca862f2ded49b2710985a734f1e075c85c658bab395f51c94f19,0c2e028dcb3262ef92e92564f4c55cdddd6f64945b22ac315f10631df10ccb82,203ffea723cb4cf0d5b2da185e1677d1c082fd4475784ccb7c3a518868d42cce,AdamW,0.01,0.0,0.5291312576419781,0.4708957207406751,0.469650116493555,0
graphsage_pilot_v1_step0,ukr_rus_suspended,linear,2,1,100,test,2,2,aad26da52850ca862f2ded49b2710985a734f1e075c85c658bab395f51c94f19,0c2e028dcb3262ef92e92564f4c55cdddd6f64945b22ac315f10631df10ccb82,203ffea723cb4cf0d5b2da185e1677d1c082fd4475784ccb7c3a518868d42cce,AdamW,0.01,0.0,0.5255195892087153,0.4762579730687455,0.4752772745571658,0
graphsage_pilot_v1_step0,ukr_rus_suspended,linear,2,10,0,val,2,20,ebf0dfe0820787f8d79027650ee848f503045e56e273aae6c793bbd29d911716,0c2e028dcb3262ef92e92564f4c55cdddd6f64945b22ac315f10631df10ccb82,203ffea723cb4cf0d5b2da185e1677d1c082fd4475784ccb7c3a518868d42cce,AdamW,0.01,0.0,0.5381792246771965,0.5369894568973155,0.5095661024227521,0
graphsage_pilot_v1_step0,ukr_rus_suspended,linear,2,10,0,test,2,20,ebf0dfe0820787f8d79027650ee848f503045e56e273aae6c793bbd29d911716,0c2e028dcb3262ef92e92564f4c55cdddd6f64945b22ac315f10631df10ccb82,203ffea723cb4cf0d5b2da185e1677d1c082fd4475784ccb7c3a518868d42cce,AdamW,0.01,0.0,0.5331465186194949,0.5326009922041106,0.5060301238286196,0
graphsage_pilot_v1_step0,ukr_rus_suspended,linear,2,10,1,val,2,20,ebf0dfe0820787f8d79027650ee848f503045e56e273aae6c793bbd29d911716,0c2e028dcb3262ef92e92564f4c55cdddd6f64945b22ac315f10631df10ccb82,203ffea723cb4cf0d5b2da185e1677d1c082fd4475784ccb7c3a518868d42cce,AdamW,0.01,0.0,0.5049540955471031,0.542925489501196,0.4214456726064325,0
graphsage_pilot_v1_step0,ukr_rus_suspended,linear,2,10,1,test,2,20,ebf0dfe0820787f8d79027650ee848f503045e56e273aae6c793bbd29d911716,0c2e028dcb3262ef92e92564f4c55cdddd6f64945b22ac315f10631df10ccb82,203ffea723cb4cf0d5b2da185e1677d1c082fd4475784ccb7c3a518868d42cce,AdamW,0.01,0.0,0.5010443170386518,0.5419029057406095,0.4234197562894468,0
graphsage_pilot_v1_step0,ukr_rus_suspended,linear,2,10,10,val,2,20,ebf0dfe0820787f8d79027650ee848f503045e56e273aae6c793bbd29d911716,0c2e028dcb3262ef92e92564f4c55cdddd6f64945b22ac315f10631df10ccb82,203ffea723cb4cf0d5b2da185e1677d1c082fd4475784ccb7c3a518868d42cce,AdamW,0.01,0.0,0.437193464574187,0.4820590059360326,0.4308706373633167,0
graphsage_pilot_v1_step0,ukr_rus_suspended,linear,2,10,10,test,2,20,ebf0dfe0820787f8d79027650ee848f503045e56e273aae6c793bbd29d911716,0c2e028dcb3262ef92e92564f4c55cdddd6f64945b22ac315f10631df10ccb82,203ffea723cb4cf0d5b2da185e1677d1c082fd4475784ccb7c3a518868d42cce,AdamW,0.01,0.0,0.4387466864253834,0.4839652728561304,0.4344186534925744,0
graphsage_pilot_v1_step0,ukr_rus_suspended,linear,2,10,100,val,2,20,ebf0dfe0820787f8d79027650ee848f503045e56e273aae6c793bbd29d911716,0c2e028dcb3262ef92e92564f4c55cdddd6f64945b22ac315f10631df10ccb82,203ffea723cb4cf0d5b2da185e1677d1c082fd4475784ccb7c3a518868d42cce,AdamW,0.01,0.0,0.4140887925415644,0.4294320900150615,0.4163946482709008,0
graphsage_pilot_v1_step0,ukr_rus_suspended,linear,2,10,100,test,2,20,ebf0dfe0820787f8d79027650ee848f503045e56e273aae6c793bbd29d911716,0c2e028dcb3262ef92e92564f4c55cdddd6f64945b22ac315f10631df10ccb82,203ffea723cb4cf0d5b2da185e1677d1c082fd4475784ccb7c3a518868d42cce,AdamW,0.01,0.0,0.4214533448565359,0.435772501771793,0.4255887716784129,0
graphsage_pilot_v1_step0,ukr_rus_suspended,linear,2,100,0,val,2,200,43631ca67a92fed54e454d00c6f590f21eb883aa513846af2e549f7403669eed,0c2e028dcb3262ef92e92564f4c55cdddd6f64945b22ac315f10631df10ccb82,203ffea723cb4cf0d5b2da185e1677d1c082fd4475784ccb7c3a518868d42cce,AdamW,0.01,0.0,0.5381792246771965,0.5369894568973155,0.5095661024227521,0
graphsage_pilot_v1_step0,ukr_rus_suspended,linear,2,100,0,test,2,200,43631ca67a92fed54e454d00c6f590f21eb883aa513846af2e549f7403669eed,0c2e028dcb3262ef92e92564f4c55cdddd6f64945b22ac315f10631df10ccb82,203ffea723cb4cf0d5b2da185e1677d1c082fd4475784ccb7c3a518868d42cce,AdamW,0.01,0.0,0.5331465186194949,0.5326009922041106,0.5060301238286196,0
graphsage_pilot_v1_step0,ukr_rus_suspended,linear,2,100,1,val,2,200,43631ca67a92fed54e454d00c6f590f21eb883aa513846af2e549f7403669eed,0c2e028dcb3262ef92e92564f4c55cdddd6f64945b22ac315f10631df10ccb82,203ffea723cb4cf0d5b2da185e1677d1c082fd4475784ccb7c3a518868d42cce,AdamW,0.01,0.0,0.5391999668607743,0.4590236555329139,0.4485296240473475,0
graphsage_pilot_v1_step0,ukr_rus_suspended,linear,2,100,1,test,2,200,43631ca67a92fed54e454d00c6f590f21eb883aa513846af2e549f7403669eed,0c2e028dcb3262ef92e92564f4c55cdddd6f64945b22ac315f10631df10ccb82,203ffea723cb4cf0d5b2da185e1677d1c082fd4475784ccb7c3a518868d42cce,AdamW,0.01,0.0,0.5353349506377229,0.4604004252303331,0.449714515507531,0
graphsage_pilot_v1_step0,ukr_rus_suspended,linear,2,100,10,val,2,200,43631ca67a92fed54e454d00c6f590f21eb883aa513846af2e549f7403669eed,0c2e028dcb3262ef92e92564f4c55cdddd6f64945b22ac315f10631df10ccb82,203ffea723cb4cf0d5b2da185e1677d1c082fd4475784ccb7c3a518868d42cce,AdamW,0.01,0.0,0.5910507784662702,0.558252857269425,0.5577382881120844,0
graphsage_pilot_v1_step0,ukr_rus_suspended,linear,2,100,10,test,2,200,43631ca67a92fed54e454d00c6f590f21eb883aa513846af2e549f7403669eed,0c2e028dcb3262ef92e92564f4c55cdddd6f64945b22ac315f10631df10ccb82,203ffea723cb4cf0d5b2da185e1677d1c082fd4475784ccb7c3a518868d42cce,AdamW,0.01,0.0,0.5915675933206413,0.557140326009922,0.5560201264454903,0
graphsage_pilot_v1_step0,ukr_rus_suspended,linear,2,100,100,val,2,200,43631ca67a92fed54e454d00c6f590f21eb883aa513846af2e549f7403669eed,0c2e028dcb3262ef92e92564f4c55cdddd6f64945b22ac315f10631df10ccb82,203ffea723cb4cf0d5b2da185e1677d1c082fd4475784ccb7c3a518868d42cce,AdamW,0.01,0.0,0.6036704265408147,0.5876672277841765,0.584927511633633,0
graphsage_pilot_v1_step0,ukr_rus_suspended,linear,2,100,100,test,2,200,43631ca67a92fed54e454d00c6f590f21eb883aa513846af2e549f7403669eed,0c2e028dcb3262ef92e92564f4c55cdddd6f64945b22ac315f10631df10ccb82,203ffea723cb4cf0d5b2da185e1677d1c082fd4475784ccb7c3a518868d42cce,AdamW,0.01,0.0,0.6002840519192397,0.5845145287030474,0.5808602126224313,0
graphsage_pilot_v1_step100,covid_political,linear,0,0,0,val,2,0,af5570f5a1810b7af78caf4bc70a660f0df51e42baf91d4de5b2328de0e83dfc,f1b58c8ccaee181a233f11c34ff62fda2f7ec53206eb08b2970705719fba8082,f89e55d9cfacf91222600ee60a2ba36a7e5c6eb5bd4c3c753e6136ad5559fc67,none,0.0,0.0,0.379526218510621,0.5321596542519385,0.4190321718293122,100
graphsage_pilot_v1_step100,covid_political,linear,0,0,0,test,2,0,af5570f5a1810b7af78caf4bc70a660f0df51e42baf91d4de5b2328de0e83dfc,f1b58c8ccaee181a233f11c34ff62fda2f7ec53206eb08b2970705719fba8082,f89e55d9cfacf91222600ee60a2ba36a7e5c6eb5bd4c3c753e6136ad5559fc67,none,0.0,0.0,0.3771939965047712,0.5313969747044617,0.4199375132215889,100
graphsage_pilot_v1_step100,covid_political,linear,0,1,0,val,2,2,83cb1f5f80360408baf933c03274febff7c6d49f773d7382e9ebea1efe88cb54,f1b58c8ccaee181a233f11c34ff62fda2f7ec53206eb08b2970705719fba8082,f89e55d9cfacf91222600ee60a2ba36a7e5c6eb5bd4c3c753e6136ad5559fc67,AdamW,0.01,0.0,0.379526218510621,0.5321596542519385,0.4190321718293122,100
graphsage_pilot_v1_step100,covid_political,linear,0,1,0,test,2,2,83cb1f5f80360408baf933c03274febff7c6d49f773d7382e9ebea1efe88cb54,f1b58c8ccaee181a233f11c34ff62fda2f7ec53206eb08b2970705719fba8082,f89e55d9cfacf91222600ee60a2ba36a7e5c6eb5bd4c3c753e6136ad5559fc67,AdamW,0.01,0.0,0.3771939965047712,0.5313969747044617,0.4199375132215889,100
graphsage_pilot_v1_step100,covid_political,linear,0,1,1,val,2,2,83cb1f5f80360408baf933c03274febff7c6d49f773d7382e9ebea1efe88cb54,f1b58c8ccaee181a233f11c34ff62fda2f7ec53206eb08b2970705719fba8082,f89e55d9cfacf91222600ee60a2ba36a7e5c6eb5bd4c3c753e6136ad5559fc67,AdamW,0.01,0.0,0.5492543580814362,0.5163340536417949,0.5067429573867437,100
graphsage_pilot_v1_step100,covid_political,linear,0,1,1,test,2,2,83cb1f5f80360408baf933c03274febff7c6d49f773d7382e9ebea1efe88cb54,f1b58c8ccaee181a233f11c34ff62fda2f7ec53206eb08b2970705719fba8082,f89e55d9cfacf91222600ee60a2ba36a7e5c6eb5bd4c3c753e6136ad5559fc67,AdamW,0.01,0.0,0.5449847664086618,0.516842506673446,0.5064234431832962,100
graphsage_pilot_v1_step100,covid_political,linear,0,1,10,val,2,2,83cb1f5f80360408baf933c03274febff7c6d49f773d7382e9ebea1efe88cb54,f1b58c8ccaee181a233f11c34ff62fda2f7ec53206eb08b2970705719fba8082,f89e55d9cfacf91222600ee60a2ba36a7e5c6eb5bd4c3c753e6136ad5559fc67,AdamW,0.01,0.0,0.5492933920865785,0.5066098894114656,0.4990170556654766,100
graphsage_pilot_v1_step100,covid_political,linear,0,1,10,test,2,2,83cb1f5f80360408baf933c03274febff7c6d49f773d7382e9ebea1efe88cb54,f1b58c8ccaee181a233f11c34ff62fda2f7ec53206eb08b2970705719fba8082,f89e55d9cfacf91222600ee60a2ba36a7e5c6eb5bd4c3c753e6136ad5559fc67,AdamW,0.01,0.0,0.5450202558216936,0.5066098894114656,0.4986462534056285,100
graphsage_pilot_v1_step100,covid_political,linear,0,1,100,val,2,2,83cb1f5f80360408baf933c03274febff7c6d49f773d7382e9ebea1efe88cb54,f1b58c8ccaee181a233f11c34ff62fda2f7ec53206eb08b2970705719fba8082,f89e55d9cfacf91222600ee60a2ba36a7e5c6eb5bd4c3c753e6136ad5559fc67,AdamW,0.01,0.0,0.5492998288918833,0.506673446040422,0.4990576925162533,100
graphsage_pilot_v1_step100,covid_political,linear,0,1,100,test,2,2,83cb1f5f80360408baf933c03274febff7c6d49f773d7382e9ebea1efe88cb54,f1b58c8ccaee181a233f11c34ff62fda2f7ec53206eb08b2970705719fba8082,f89e55d9cfacf91222600ee60a2ba36a7e5c6eb5bd4c3c753e6136ad5559fc67,AdamW,0.01,0.0,0.5450205385192238,0.50635566289564,0.4983388500703204,100
graphsage_pilot_v1_step100,covid_political,linear,0,10,0,val,2,20,fd81701c0bd9f5dde83c0f8fe71b62765f94b2a9027e4cc8613e624847ba0206,f1b58c8ccaee181a233f11c34ff62fda2f7ec53206eb08b2970705719fba8082,f89e55d9cfacf91222600ee60a2ba36a7e5c6eb5bd4c3c753e6136ad5559fc67,AdamW,0.01,0.0,0.379526218510621,0.5321596542519385,0.4190321718293122,100
graphsage_pilot_v1_step100,covid_political,linear,0,10,0,test,2,20,fd81701c0bd9f5dde83c0f8fe71b62765f94b2a9027e4cc8613e624847ba0206,f1b58c8ccaee181a233f11c34ff62fda2f7ec53206eb08b2970705719fba8082,f89e55d9cfacf91222600ee60a2ba36a7e5c6eb5bd4c3c753e6136ad5559fc67,AdamW,0.01,0.0,0.3771939965047712,0.5313969747044617,0.4199375132215889,100
graphsage_pilot_v1_step100,covid_political,linear,0,10,1,val,2,20,fd81701c0bd9f5dde83c0f8fe71b62765f94b2a9027e4cc8613e624847ba0206,f1b58c8ccaee181a233f11c34ff62fda2f7ec53206eb08b2970705719fba8082,f89e55d9cfacf91222600ee60a2ba36a7e5c6eb5bd4c3c753e6136ad5559fc67,AdamW,0.01,0.0,0.5250090218567595,0.7023643065971781,0.4724503729664768,100
graphsage_pilot_v1_step100,covid_political,linear,0,10,1,test,2,20,fd81701c0bd9f5dde83c0f8fe71b62765f94b2a9027e4cc8613e624847ba0206,f1b58c8ccaee181a233f11c34ff62fda2f7ec53206eb08b2970705719fba8082,f89e55d9cfacf91222600ee60a2ba36a7e5c6eb5bd4c3c753e6136ad5559fc67,AdamW,0.01,0.0,0.5230400661773171,0.7036354391763061,0.4743906430360522,100
graphsage_pilot_v1_step100,covid_political,linear,0,10,10,val,2,20,fd81701c0bd9f5dde83c0f8fe71b62765f94b2a9027e4cc8613e624847ba0206,f1b58c8ccaee181a233f11c34ff62fda2f7ec53206eb08b2970705719fba8082,f89e55d9cfacf91222600ee60a2ba36a7e5c6eb5bd4c3c753e6136ad5559fc67,AdamW,0.01,0.0,0.3689861781566358,0.7026185331130037,0.4711686949656987,100
graphsage_pilot_v1_step100,covid_political,linear,0,10,10,test,2,20,fd81701c0bd9f5dde83c0f8fe71b62765f94b2a9027e4cc8613e624847ba0206,f1b58c8ccaee181a233f11c34ff62fda2f7ec53206eb08b2970705719fba8082,f89e55d9cfacf91222600ee60a2ba36a7e5c6eb5bd4c3c753e6136ad5559fc67,AdamW,0.01,0.0,0.3695296750315778,0.7031905427736113,0.4719489636045709,100
graphsage_pilot_v1_step100,covid_political,linear,0,10,100,val,2,20,fd81701c0bd9f5dde83c0f8fe71b62765f94b2a9027e4cc8613e624847ba0206,f1b58c8ccaee181a233f11c34ff62fda2f7ec53206eb08b2970705719fba8082,f89e55d9cfacf91222600ee60a2ba36a7e5c6eb5bd4c3c753e6136ad5559fc67,AdamW,0.01,0.0,0.620486241926675,0.6990593618914452,0.5092599437657752,100
graphsage_pilot_v1_step100,covid_political,linear,0,10,100,test,2,20,fd81701c0bd9f5dde83c0f8fe71b62765f94b2a9027e4cc8613e624847ba0206,f1b58c8ccaee181a233f11c34ff62fda2f7ec53206eb08b2970705719fba8082,f89e55d9cfacf91222600ee60a2ba36a7e5c6eb5bd4c3c753e6136ad5559fc67,AdamW,0.01,0.0,0.6228078410291755,0.7016651836786577,0.5140727283589333,100
graphsage_pilot_v1_step100,covid_political,linear,0,100,0,val,2,200,e518b8d4501a6dd8d4517d1671d020cdbe000f6892f46ab76d9587c53f8b19b7,f1b58c8ccaee181a233f11c34ff62fda2f7ec53206eb08b2970705719fba8082,f89e55d9cfacf91222600ee60a2ba36a7e5c6eb5bd4c3c753e6136ad5559fc67,AdamW,0.01,0.0,0.379526218510621,0.5321596542519385,0.4190321718293122,100
graphsage_pilot_v1_step100,covid_political,linear,0,100,0,test,2,200,e518b8d4501a6dd8d4517d1671d020cdbe000f6892f46ab76d9587c53f8b19b7,f1b58c8ccaee181a233f11c34ff62fda2f7ec53206eb08b2970705719fba8082,f89e55d9cfacf91222600ee60a2ba36a7e5c6eb5bd4c3c753e6136ad5559fc67,AdamW,0.01,0.0,0.3771939965047712,0.5313969747044617,0.4199375132215889,100
graphsage_pilot_v1_step100,covid_political,linear,0,100,1,val,2,200,e518b8d4501a6dd8d4517d1671d020cdbe000f6892f46ab76d9587c53f8b19b7,f1b58c8ccaee181a233f11c34ff62fda2f7ec53206eb08b2970705719fba8082,f89e55d9cfacf91222600ee60a2ba36a7e5c6eb5bd4c3c753e6136ad5559fc67,AdamW,0.01,0.0,0.524622443857086,0.4678403457480615,0.4655365692342045,100
graphsage_pilot_v1_step100,covid_political,linear,0,100,1,test,2,200,e518b8d4501a6dd8d4517d1671d020cdbe000f6892f46ab76d9587c53f8b19b7,f1b58c8ccaee181a233f11c34ff62fda2f7ec53206eb08b2970705719fba8082,f89e55d9cfacf91222600ee60a2ba36a7e5c6eb5bd4c3c753e6136ad5559fc67,AdamW,0.01,0.0,0.5225874130664322,0.4686030252955383,0.4660921165392013,100
graphsage_pilot_v1_step100,covid_political,linear,0,100,10,val,2,200,e518b8d4501a6dd8d4517d1671d020cdbe000f6892f46ab76d9587c53f8b19b7,f1b58c8ccaee181a233f11c34ff62fda2f7ec53206eb08b2970705719fba8082,f89e55d9cfacf91222600ee60a2ba36a7e5c6eb5bd4c3c753e6136ad5559fc67,AdamW,0.01,0.0,0.6520370042368749,0.4678403457480615,0.4655365692342045,100
graphsage_pilot_v1_step100,covid_political,linear,0,100,10,test,2,200,e518b8d4501a6dd8d4517d1671d020cdbe000f6892f46ab76d9587c53f8b19b7,f1b58c8ccaee181a233f11c34ff62fda2f7ec53206eb08b2970705719fba8082,f89e55d9cfacf91222600ee60a2ba36a7e5c6eb5bd4c3c753e6136ad5559fc67,AdamW,0.01,0.0,0.6514489172630227,0.4686030252955383,0.4660921165392013,100
graphsage_pilot_v1_step100,covid_political,linear,0,100,100,val,2,200,e518b8d4501a6dd8d4517d1671d020cdbe000f6892f46ab76d9587c53f8b19b7,f1b58c8ccaee181a233f11c34ff62fda2f7ec53206eb08b2970705719fba8082,f89e55d9cfacf91222600ee60a2ba36a7e5c6eb5bd4c3c753e6136ad5559fc67,AdamW,0.01,0.0,0.6244769742317938,0.6203762552434219,0.573806706779886,100
graphsage_pilot_v1_step100,covid_political,linear,0,100,100,test,2,200,e518b8d4501a6dd8d4517d1671d020cdbe000f6892f46ab76d9587c53f8b19b7,f1b58c8ccaee181a233f11c34ff62fda2f7ec53206eb08b2970705719fba8082,f89e55d9cfacf91222600ee60a2ba36a7e5c6eb5bd4c3c753e6136ad5559fc67,AdamW,0.01,0.0,0.6270554257865161,0.6219016143383755,0.5755191861097508,100
graphsage_pilot_v1_step100,covid_political,linear,1,0,0,val,2,0,af5570f5a1810b7af78caf4bc70a660f0df51e42baf91d4de5b2328de0e83dfc,f1b58c8ccaee181a233f11c34ff62fda2f7ec53206eb08b2970705719fba8082,8a8ac6a74ff16f70c26373d03c9e72726890aaba776363757688178d530a945d,none,0.0,0.0,0.3796811367572136,0.5321596542519385,0.4190321718293122,100
graphsage_pilot_v1_step100,covid_political,linear,1,0,0,test,2,0,af5570f5a1810b7af78caf4bc70a660f0df51e42baf91d4de5b2328de0e83dfc,f1b58c8ccaee181a233f11c34ff62fda2f7ec53206eb08b2970705719fba8082,8a8ac6a74ff16f70c26373d03c9e72726890aaba776363757688178d530a945d,none,0.0,0.0,0.3772366620858794,0.5313969747044617,0.4199375132215889,100
graphsage_pilot_v1_step100,covid_political,linear,1,1,0,val,2,2,a1a5486cefa74f8722a35f2abc7ceba0b5efb57b74cc3cdb660b354f7db25aa5,f1b58c8ccaee181a233f11c34ff62fda2f7ec53206eb08b2970705719fba8082,8a8ac6a74ff16f70c26373d03c9e72726890aaba776363757688178d530a945d,AdamW,0.01,0.0,0.3796811367572136,0.5321596542519385,0.4190321718293122,100
graphsage_pilot_v1_step100,covid_political,linear,1,1,0,test,2,2,a1a5486cefa74f8722a35f2abc7ceba0b5efb57b74cc3cdb660b354f7db25aa5,f1b58c8ccaee181a233f11c34ff62fda2f7ec53206eb08b2970705719fba8082,8a8ac6a74ff16f70c26373d03c9e72726890aaba776363757688178d530a945d,AdamW,0.01,0.0,0.3772366620858794,0.5313969747044617,0.4199375132215889,100
graphsage_pilot_v1_step100,covid_political,linear,1,1,1,val,2,2,a1a5486cefa74f8722a35f2abc7ceba0b5efb57b74cc3cdb660b354f7db25aa5,f1b58c8ccaee181a233f11c34ff62fda2f7ec53206eb08b2970705719fba8082,8a8ac6a74ff16f70c26373d03c9e72726890aaba776363757688178d530a945d,AdamW,0.01,0.0,0.4749788221494385,0.2975085801449091,0.2806454455685026,100
graphsage_pilot_v1_step100,covid_political,linear,1,1,1,test,2,2,a1a5486cefa74f8722a35f2abc7ceba0b5efb57b74cc3cdb660b354f7db25aa5,f1b58c8ccaee181a233f11c34ff62fda2f7ec53206eb08b2970705719fba8082,8a8ac6a74ff16f70c26373d03c9e72726890aaba776363757688178d530a945d,AdamW,0.01,0.0,0.4769513659129189,0.2964281174526503,0.279467173808148,100
graphsage_pilot_v1_step100,covid_political,linear,1,1,10,val,2,2,a1a5486cefa74f8722a35f2abc7ceba0b5efb57b74cc3cdb660b354f7db25aa5,f1b58c8ccaee181a233f11c34ff62fda2f7ec53206eb08b2970705719fba8082,8a8ac6a74ff16f70c26373d03c9e72726890aaba776363757688178d530a945d,AdamW,0.01,0.0,0.6408641345883799,0.5188763188000508,0.5081266667459569,100
graphsage_pilot_v1_step100,covid_political,linear,1,1,10,test,2,2,a1a5486cefa74f8722a35f2abc7ceba0b5efb57b74cc3cdb660b354f7db25aa5,f1b58c8ccaee181a233f11c34ff62fda2f7ec53206eb08b2970705719fba8082,8a8ac6a74ff16f70c26373d03c9e72726890aaba776363757688178d530a945d,AdamW,0.01,0.0,0.6391722116156283,0.5183043091394433,0.5069565063835615,100
graphsage_pilot_v1_step100,covid_political,linear,1,1,100,val,2,2,a1a5486cefa74f8722a35f2abc7ceba0b5efb57b74cc3cdb660b354f7db25aa5,f1b58c8ccaee181a233f11c34ff62fda2f7ec53206eb08b2970705719fba8082,8a8ac6a74ff16f70c26373d03c9e72726890aaba776363757688178d530a945d,AdamW,0.01,0.0,0.6423437843348383,0.5162704970128384,0.506327014434,100
graphsage_pilot_v1_step100,covid_political,linear,1,1,100,test,2,2,a1a5486cefa74f8722a35f2abc7ceba0b5efb57b74cc3cdb660b354f7db25aa5,f1b58c8ccaee181a233f11c34ff62fda2f7ec53206eb08b2970705719fba8082,8a8ac6a74ff16f70c26373d03c9e72726890aaba776363757688178d530a945d,AdamW,0.01,0.0,0.6411302616941912,0.5164611668997077,0.5057523011425922,100
graphsage_pilot_v1_step100,covid_political,linear,1,10,0,val,2,20,f9c026150d0dd5592c79f931e4798ed5d85119b5f6613d26370f93e1e204582e,f1b58c8ccaee181a233f11c34ff62fda2f7ec53206eb08b2970705719fba8082,8a8ac6a74ff16f70c26373d03c9e72726890aaba776363757688178d530a945d,AdamW,0.01,0.0,0.3796811367572136,0.5321596542519385,0.4190321718293122,100
graphsage_pilot_v1_step100,covid_political,linear,1,10,0,test,2,20,f9c026150d0dd5592c79f931e4798ed5d85119b5f6613d26370f93e1e204582e,f1b58c8ccaee181a233f11c34ff62fda2f7ec53206eb08b2970705719fba8082,8a8ac6a74ff16f70c26373d03c9e72726890aaba776363757688178d530a945d,AdamW,0.01,0.0,0.3772366620858794,0.5313969747044617,0.4199375132215889,100
graphsage_pilot_v1_step100,covid_political,linear,1,10,1,val,2,20,f9c026150d0dd5592c79f931e4798ed5d85119b5f6613d26370f93e1e204582e,f1b58c8ccaee181a233f11c34ff62fda2f7ec53206eb08b2970705719fba8082,8a8ac6a74ff16f70c26373d03c9e72726890aaba776363757688178d530a945d,AdamW,0.01,0.0,0.547684538695801,0.5162704970128384,0.506327014434,100
graphsage_pilot_v1_step100,covid_political,linear,1,10,1,test,2,20,f9c026150d0dd5592c79f931e4798ed5d85119b5f6613d26370f93e1e204582e,f1b58c8ccaee181a233f11c34ff62fda2f7ec53206eb08b2970705719fba8082,8a8ac6a74ff16f70c26373d03c9e72726890aaba776363757688178d530a945d,AdamW,0.01,0.0,0.5429633920833167,0.5164611668997077,0.5057523011425922,100
graphsage_pilot_v1_step100,covid_political,linear,1,10,10,val,2,20,f9c026150d0dd5592c79f931e4798ed5d85119b5f6613d26370f93e1e204582e,f1b58c8ccaee181a233f11c34ff62fda2f7ec53206eb08b2970705719fba8082,8a8ac6a74ff16f70c26373d03c9e72726890aaba776363757688178d530a945d,AdamW,0.01,0.0,0.557520064185387,0.5194483284606585,0.507596694581577,100
graphsage_pilot_v1_step100,covid_political,linear,1,10,10,test,2,20,f9c026150d0dd5592c79f931e4798ed5d85119b5f6613d26370f93e1e204582e,f1b58c8ccaee181a233f11c34ff62fda2f7ec53206eb08b2970705719fba8082,8a8ac6a74ff16f70c26373d03c9e72726890aaba776363757688178d530a945d,AdamW,0.01,0.0,0.5522391547169877,0.5186220922842253,0.5063782247600546,100
graphsage_pilot_v1_step100,covid_political,linear,1,10,100,val,2,20,f9c026150d0dd5592c79f931e4798ed5d85119b5f6613d26370f93e1e204582e,f1b58c8ccaee181a233f11c34ff62fda2f7ec53206eb08b2970705719fba8082,8a8ac6a74ff16f70c26373d03c9e72726890aaba776363757688178d530a945d,AdamW,0.01,0.0,0.6370602762237568,0.5191941019448328,0.5071763407366604,100
graphsage_pilot_v1_step100,covid_political,linear,1,10,100,test,2,20,f9c026150d0dd5592c79f931e4798ed5d85119b5f6613d26370f93e1e204582e,f1b58c8ccaee181a233f11c34ff62fda2f7ec53206eb08b2970705719fba8082,8a8ac6a74ff16f70c26373d03c9e72726890aaba776363757688178d530a945d,AdamW,0.01,0.0,0.6364458113957331,0.51906698868692,0.5066820698167199,100
graphsage_pilot_v1_step100,covid_political,linear,1,100,0,val,2,200,deff487df17b1c21d7fda36c1e8d131f2aa5ae126f57b1bdc5989660169e9a6e,f1b58c8ccaee181a233f11c34ff62fda2f7ec53206eb08b2970705719fba8082,8a8ac6a74ff16f70c26373d03c9e72726890aaba776363757688178d530a945d,AdamW,0.01,0.0,0.3796811367572136,0.5321596542519385,0.4190321718293122,100
graphsage_pilot_v1_step100,covid_political,linear,1,100,0,test,2,200,deff487df17b1c21d7fda36c1e8d131f2aa5ae126f57b1bdc5989660169e9a6e,f1b58c8ccaee181a233f11c34ff62fda2f7ec53206eb08b2970705719fba8082,8a8ac6a74ff16f70c26373d03c9e72726890aaba776363757688178d530a945d,AdamW,0.01,0.0,0.3772366620858794,0.5313969747044617,0.4199375132215889,100
graphsage_pilot_v1_step100,covid_political,linear,1,100,1,val,2,200,deff487df17b1c21d7fda36c1e8d131f2aa5ae126f57b1bdc5989660169e9a6e,f1b58c8ccaee181a233f11c34ff62fda2f7ec53206eb08b2970705719fba8082,8a8ac6a74ff16f70c26373d03c9e72726890aaba776363757688178d530a945d,AdamW,0.01,0.0,0.549761908878105,0.5094063810855473,0.5013411008953613,100
graphsage_pilot_v1_step100,covid_political,linear,1,100,1,test,2,200,deff487df17b1c21d7fda36c1e8d131f2aa5ae126f57b1bdc5989660169e9a6e,f1b58c8ccaee181a233f11c34ff62fda2f7ec53206eb08b2970705719fba8082,8a8ac6a74ff16f70c26373d03c9e72726890aaba776363757688178d530a945d,AdamW,0.01,0.0,0.5455700372801932,0.5088343714249396,0.5002849869855506,100
graphsage_pilot_v1_step100,covid_political,linear,1,100,10,val,2,200,deff487df17b1c21d7fda36c1e8d131f2aa5ae126f57b1bdc5989660169e9a6e,f1b58c8ccaee181a233f11c34ff62fda2f7ec53206eb08b2970705719fba8082,8a8ac6a74ff16f70c26373d03c9e72726890aaba776363757688178d530a945d,AdamW,0.01,0.0,0.6442424026941509,0.5186856489131817,0.5078654551789453,100
graphsage_pilot_v1_step100,covid_political,linear,1,100,10,test,2,200,deff487df17b1c21d7fda36c1e8d131f2aa5ae126f57b1bdc5989660169e9a6e,f1b58c8ccaee181a233f11c34ff62fda2f7ec53206eb08b2970705719fba8082,8a8ac6a74ff16f70c26373d03c9e72726890aaba776363757688178d530a945d,AdamW,0.01,0.0,0.644217101265191,0.5182407525104868,0.5068232101954319,100
graphsage_pilot_v1_step100,covid_political,linear,1,100,100,val,2,200,deff487df17b1c21d7fda36c1e8d131f2aa5ae126f57b1bdc5989660169e9a6e,f1b58c8ccaee181a233f11c34ff62fda2f7ec53206eb08b2970705719fba8082,8a8ac6a74ff16f70c26373d03c9e72726890aaba776363757688178d530a945d,AdamW,0.01,0.0,0.6589621369062822,0.5183043091394433,0.5092858572227678,100
graphsage_pilot_v1_step100,covid_political,linear,1,100,100,test,2,200,deff487df17b1c21d7fda36c1e8d131f2aa5ae126f57b1bdc5989660169e9a6e,f1b58c8ccaee181a233f11c34ff62fda2f7ec53206eb08b2970705719fba8082,8a8ac6a74ff16f70c26373d03c9e72726890aaba776363757688178d530a945d,AdamW,0.01,0.0,0.6578827868626979,0.5174145163340537,0.5077467195056699,100
graphsage_pilot_v1_step100,covid_political,linear,2,0,0,val,2,0,af5570f5a1810b7af78caf4bc70a660f0df51e42baf91d4de5b2328de0e83dfc,f1b58c8ccaee181a233f11c34ff62fda2f7ec53206eb08b2970705719fba8082,203ffea723cb4cf0d5b2da185e1677d1c082fd4475784ccb7c3a518868d42cce,none,0.0,0.0,0.6611675364508564,0.4678403457480615,0.4655365692342045,100
graphsage_pilot_v1_step100,covid_political,linear,2,0,0,test,2,0,af5570f5a1810b7af78caf4bc70a660f0df51e42baf91d4de5b2328de0e83dfc,f1b58c8ccaee181a233f11c34ff62fda2f7ec53206eb08b2970705719fba8082,203ffea723cb4cf0d5b2da185e1677d1c082fd4475784ccb7c3a518868d42cce,none,0.0,0.0,0.661088511618162,0.4686030252955383,0.4660921165392013,100
graphsage_pilot_v1_step100,covid_political,linear,2,1,0,val,2,2,819b2388d0d03770163bf9616c766cae20d1f55fa6baefa8dc8935608069d370,f1b58c8ccaee181a233f11c34ff62fda2f7ec53206eb08b2970705719fba8082,203ffea723cb4cf0d5b2da185e1677d1c082fd4475784ccb7c3a518868d42cce,AdamW,0.01,0.0,0.6611675364508564,0.4678403457480615,0.4655365692342045,100
graphsage_pilot_v1_step100,covid_political,linear,2,1,0,test,2,2,819b2388d0d03770163bf9616c766cae20d1f55fa6baefa8dc8935608069d370,f1b58c8ccaee181a233f11c34ff62fda2f7ec53206eb08b2970705719fba8082,203ffea723cb4cf0d5b2da185e1677d1c082fd4475784ccb7c3a518868d42cce,AdamW,0.01,0.0,0.661088511618162,0.4686030252955383,0.4660921165392013,100
graphsage_pilot_v1_step100,covid_political,linear,2,1,1,val,2,2,819b2388d0d03770163bf9616c766cae20d1f55fa6baefa8dc8935608069d370,f1b58c8ccaee181a233f11c34ff62fda2f7ec53206eb08b2970705719fba8082,203ffea723cb4cf0d5b2da185e1677d1c082fd4475784ccb7c3a518868d42cce,AdamW,0.01,0.0,0.6532286395648894,0.4678403457480615,0.4655365692342045,100
graphsage_pilot_v1_step100,covid_political,linear,2,1,1,test,2,2,819b2388d0d03770163bf9616c766cae20d1f55fa6baefa8dc8935608069d370,f1b58c8ccaee181a233f11c34ff62fda2f7ec53206eb08b2970705719fba8082,203ffea723cb4cf0d5b2da185e1677d1c082fd4475784ccb7c3a518868d42cce,AdamW,0.01,0.0,0.651537836509277,0.4686030252955383,0.4660921165392013,100
graphsage_pilot_v1_step100,covid_political,linear,2,1,10,val,2,2,819b2388d0d03770163bf9616c766cae20d1f55fa6baefa8dc8935608069d370,f1b58c8ccaee181a233f11c34ff62fda2f7ec53206eb08b2970705719fba8082,203ffea723cb4cf0d5b2da185e1677d1c082fd4475784ccb7c3a518868d42cce,AdamW,0.01,0.0,0.5496815466686324,0.5048303038006864,0.4976661029406386,100
graphsage_pilot_v1_step100,covid_political,linear,2,1,10,test,2,2,819b2388d0d03770163bf9616c766cae20d1f55fa6baefa8dc8935608069d370,f1b58c8ccaee181a233f11c34ff62fda2f7ec53206eb08b2970705719fba8082,203ffea723cb4cf0d5b2da185e1677d1c082fd4475784ccb7c3a518868d42cce,AdamW,0.01,0.0,0.5454697122758903,0.5037498411084276,0.4962643272082234,100
graphsage_pilot_v1_step100,covid_political,linear,2,1,100,val,2,2,819b2388d0d03770163bf9616c766cae20d1f55fa6baefa8dc8935608069d370,f1b58c8ccaee181a233f11c34ff62fda2f7ec53206eb08b2970705719fba8082,203ffea723cb4cf0d5b2da185e1677d1c082fd4475784ccb7c3a518868d42cce,AdamW,0.01,0.0,0.5495187128911923,0.5066098894114656,0.4990170556654766,100
graphsage_pilot_v1_step100,covid_political,linear,2,1,100,test,2,2,819b2388d0d03770163bf9616c766cae20d1f55fa6baefa8dc8935608069d370,f1b58c8ccaee181a233f11c34ff62fda2f7ec53206eb08b2970705719fba8082,203ffea723cb4cf0d5b2da185e1677d1c082fd4475784ccb7c3a518868d42cce,AdamW,0.01,0.0,0.5452203839271668,0.5064827761535529,0.4985007523914509,100
graphsage_pilot_v1_step100,covid_political,linear,2,10,0,val,2,20,59f9bdd18cf237d344bd10e236a66ddc182933a5b318262271cb8275b34bc0d9,f1b58c8ccaee181a233f11c34ff62fda2f7ec53206eb08b2970705719fba8082,203ffea723cb4cf0d5b2da185e1677d1c082fd4475784ccb7c3a518868d42cce,AdamW,0.01,0.0,0.6611675364508564,0.4678403457480615,0.4655365692342045,100
graphsage_pilot_v1_step100,covid_political,linear,2,10,0,test,2,20,59f9bdd18cf237d344bd10e236a66ddc182933a5b318262271cb8275b34bc0d9,f1b58c8ccaee181a233f11c34ff62fda2f7ec53206eb08b2970705719fba8082,203ffea723cb4cf0d5b2da185e1677d1c082fd4475784ccb7c3a518868d42cce,AdamW,0.01,0.0,0.661088511618162,0.4686030252955383,0.4660921165392013,100
graphsage_pilot_v1_step100,covid_political,linear,2,10,1,val,2,20,59f9bdd18cf237d344bd10e236a66ddc182933a5b318262271cb8275b34bc0d9,f1b58c8ccaee181a233f11c34ff62fda2f7ec53206eb08b2970705719fba8082,203ffea723cb4cf0d5b2da185e1677d1c082fd4475784ccb7c3a518868d42cce,AdamW,0.01,0.0,0.6532286395648894,0.4678403457480615,0.4655365692342045,100
graphsage_pilot_v1_step100,covid_political,linear,2,10,1,test,2,20,59f9bdd18cf237d344bd10e236a66ddc182933a5b318262271cb8275b34bc0d9,f1b58c8ccaee181a233f11c34ff62fda2f7ec53206eb08b2970705719fba8082,203ffea723cb4cf0d5b2da185e1677d1c082fd4475784ccb7c3a518868d42cce,AdamW,0.01,0.0,0.651537836509277,0.4686030252955383,0.4660921165392013,100
graphsage_pilot_v1_step100,covid_political,linear,2,10,10,val,2,20,59f9bdd18cf237d344bd10e236a66ddc182933a5b318262271cb8275b34bc0d9,f1b58c8ccaee181a233f11c34ff62fda2f7ec53206eb08b2970705719fba8082,203ffea723cb4cf0d5b2da185e1677d1c082fd4475784ccb7c3a518868d42cce,AdamW,0.01,0.0,0.6205210354688632,0.4678403457480615,0.4655365692342045,100
graphsage_pilot_v1_step100,covid_political,linear,2,10,10,test,2,20,59f9bdd18cf237d344bd10e236a66ddc182933a5b318262271cb8275b34bc0d9,f1b58c8ccaee181a233f11c34ff62fda2f7ec53206eb08b2970705719fba8082,203ffea723cb4cf0d5b2da185e1677d1c082fd4475784ccb7c3a518868d42cce,AdamW,0.01,0.0,0.6228742640758089,0.4686030252955383,0.4660921165392013,100
graphsage_pilot_v1_step100,covid_political,linear,2,10,100,val,2,20,59f9bdd18cf237d344bd10e236a66ddc182933a5b318262271cb8275b34bc0d9,f1b58c8ccaee181a233f11c34ff62fda2f7ec53206eb08b2970705719fba8082,203ffea723cb4cf0d5b2da185e1677d1c082fd4475784ccb7c3a518868d42cce,AdamW,0.01,0.0,0.6312434266028596,0.4678403457480615,0.4655365692342045,100
graphsage_pilot_v1_step100,covid_political,linear,2,10,100,test,2,20,59f9bdd18cf237d344bd10e236a66ddc182933a5b318262271cb8275b34bc0d9,f1b58c8ccaee181a233f11c34ff62fda2f7ec53206eb08b2970705719fba8082,203ffea723cb4cf0d5b2da185e1677d1c082fd4475784ccb7c3a518868d42cce,AdamW,0.01,0.0,0.6336958168050417,0.4686030252955383,0.4660921165392013,100
graphsage_pilot_v1_step100,covid_political,linear,2,100,0,val,2,200,c2c4b3d8afd50110d9a186f13b92defd8364a53b560f60feae44094cbdc75d36,f1b58c8ccaee181a233f11c34ff62fda2f7ec53206eb08b2970705719fba8082,203ffea723cb4cf0d5b2da185e1677d1c082fd4475784ccb7c3a518868d42cce,AdamW,0.01,0.0,0.6611675364508564,0.4678403457480615,0.4655365692342045,100
graphsage_pilot_v1_step100,covid_political,linear,2,100,0,test,2,200,c2c4b3d8afd50110d9a186f13b92defd8364a53b560f60feae44094cbdc75d36,f1b58c8ccaee181a233f11c34ff62fda2f7ec53206eb08b2970705719fba8082,203ffea723cb4cf0d5b2da185e1677d1c082fd4475784ccb7c3a518868d42cce,AdamW,0.01,0.0,0.661088511618162,0.4686030252955383,0.4660921165392013,100
graphsage_pilot_v1_step100,covid_political,linear,2,100,1,val,2,200,c2c4b3d8afd50110d9a186f13b92defd8364a53b560f60feae44094cbdc75d36,f1b58c8ccaee181a233f11c34ff62fda2f7ec53206eb08b2970705719fba8082,203ffea723cb4cf0d5b2da185e1677d1c082fd4475784ccb7c3a518868d42cce,AdamW,0.01,0.0,0.6205162078648845,0.4678403457480615,0.4655365692342045,100
graphsage_pilot_v1_step100,covid_political,linear,2,100,1,test,2,200,c2c4b3d8afd50110d9a186f13b92defd8364a53b560f60feae44094cbdc75d36,f1b58c8ccaee181a233f11c34ff62fda2f7ec53206eb08b2970705719fba8082,203ffea723cb4cf0d5b2da185e1677d1c082fd4475784ccb7c3a518868d42cce,AdamW,0.01,0.0,0.6228916391009391,0.4686030252955383,0.4660921165392013,100
graphsage_pilot_v1_step100,covid_political,linear,2,100,10,val,2,200,c2c4b3d8afd50110d9a186f13b92defd8364a53b560f60feae44094cbdc75d36,f1b58c8ccaee181a233f11c34ff62fda2f7ec53206eb08b2970705719fba8082,203ffea723cb4cf0d5b2da185e1677d1c082fd4475784ccb7c3a518868d42cce,AdamW,0.01,0.0,0.6227201613028615,0.4678403457480615,0.4655365692342045,100
graphsage_pilot_v1_step100,covid_political,linear,2,100,10,test,2,200,c2c4b3d8afd50110d9a186f13b92defd8364a53b560f60feae44094cbdc75d36,f1b58c8ccaee181a233f11c34ff62fda2f7ec53206eb08b2970705719fba8082,203ffea723cb4cf0d5b2da185e1677d1c082fd4475784ccb7c3a518868d42cce,AdamW,0.01,0.0,0.6247924755485663,0.4686030252955383,0.4660921165392013,100
graphsage_pilot_v1_step100,covid_political,linear,2,100,100,val,2,200,c2c4b3d8afd50110d9a186f13b92defd8364a53b560f60feae44094cbdc75d36,f1b58c8ccaee181a233f11c34ff62fda2f7ec53206eb08b2970705719fba8082,203ffea723cb4cf0d5b2da185e1677d1c082fd4475784ccb7c3a518868d42cce,AdamW,0.01,0.0,0.6463200338280214,0.4678403457480615,0.4655365692342045,100
graphsage_pilot_v1_step100,covid_political,linear,2,100,100,test,2,200,c2c4b3d8afd50110d9a186f13b92defd8364a53b560f60feae44094cbdc75d36,f1b58c8ccaee181a233f11c34ff62fda2f7ec53206eb08b2970705719fba8082,203ffea723cb4cf0d5b2da185e1677d1c082fd4475784ccb7c3a518868d42cce,AdamW,0.01,0.0,0.6487977145861814,0.4686030252955383,0.4660921165392013,100
graphsage_pilot_v1_step100,election2020,linear,0,0,0,val,2,0,af5570f5a1810b7af78caf4bc70a660f0df51e42baf91d4de5b2328de0e83dfc,4db6aa7af69e96de5ca88f4890129536991fb6b5a48192980711caf7e7cedb5c,f89e55d9cfacf91222600ee60a2ba36a7e5c6eb5bd4c3c753e6136ad5559fc67,none,0.0,0.0,0.5268630166314043,0.5267958950969214,0.4957327496493092,100
graphsage_pilot_v1_step100,election2020,linear,0,0,0,test,2,0,af5570f5a1810b7af78caf4bc70a660f0df51e42baf91d4de5b2328de0e83dfc,4db6aa7af69e96de5ca88f4890129536991fb6b5a48192980711caf7e7cedb5c,f89e55d9cfacf91222600ee60a2ba36a7e5c6eb5bd4c3c753e6136ad5559fc67,none,0.0,0.0,0.5161735206912219,0.5232786469880282,0.4929167082788107,100
graphsage_pilot_v1_step100,election2020,linear,0,1,0,val,2,2,08d94d51669f2215e109205d97de59e7cd401bd8d9f0f558f89a298e5dd837c3,4db6aa7af69e96de5ca88f4890129536991fb6b5a48192980711caf7e7cedb5c,f89e55d9cfacf91222600ee60a2ba36a7e5c6eb5bd4c3c753e6136ad5559fc67,AdamW,0.01,0.0,0.5268630166314043,0.5267958950969214,0.4957327496493092,100
graphsage_pilot_v1_step100,election2020,linear,0,1,0,test,2,2,08d94d51669f2215e109205d97de59e7cd401bd8d9f0f558f89a298e5dd837c3,4db6aa7af69e96de5ca88f4890129536991fb6b5a48192980711caf7e7cedb5c,f89e55d9cfacf91222600ee60a2ba36a7e5c6eb5bd4c3c753e6136ad5559fc67,AdamW,0.01,0.0,0.5161735206912219,0.5232786469880282,0.4929167082788107,100
graphsage_pilot_v1_step100,election2020,linear,0,1,1,val,2,2,08d94d51669f2215e109205d97de59e7cd401bd8d9f0f558f89a298e5dd837c3,4db6aa7af69e96de5ca88f4890129536991fb6b5a48192980711caf7e7cedb5c,f89e55d9cfacf91222600ee60a2ba36a7e5c6eb5bd4c3c753e6136ad5559fc67,AdamW,0.01,0.0,0.5023754097788937,0.4709236031927024,0.4425407012048271,100
graphsage_pilot_v1_step100,election2020,linear,0,1,1,test,2,2,08d94d51669f2215e109205d97de59e7cd401bd8d9f0f558f89a298e5dd837c3,4db6aa7af69e96de5ca88f4890129536991fb6b5a48192980711caf7e7cedb5c,f89e55d9cfacf91222600ee60a2ba36a7e5c6eb5bd4c3c753e6136ad5559fc67,AdamW,0.01,0.0,0.5019151872093681,0.4764679799835307,0.4487833471000669,100
graphsage_pilot_v1_step100,election2020,linear,0,1,10,val,2,2,08d94d51669f2215e109205d97de59e7cd401bd8d9f0f558f89a298e5dd837c3,4db6aa7af69e96de5ca88f4890129536991fb6b5a48192980711caf7e7cedb5c,f89e55d9cfacf91222600ee60a2ba36a7e5c6eb5bd4c3c753e6136ad5559fc67,AdamW,0.01,0.0,0.5188894103963069,0.5020271126314456,0.4941085317286435,100
graphsage_pilot_v1_step100,election2020,linear,0,1,10,test,2,2,08d94d51669f2215e109205d97de59e7cd401bd8d9f0f558f89a298e5dd837c3,4db6aa7af69e96de5ca88f4890129536991fb6b5a48192980711caf7e7cedb5c,f89e55d9cfacf91222600ee60a2ba36a7e5c6eb5bd4c3c753e6136ad5559fc67,AdamW,0.01,0.0,0.5177090848144695,0.5004117311712168,0.4924439506069873,100
graphsage_pilot_v1_step100,election2020,linear,0,1,100,val,2,2,08d94d51669f2215e109205d97de59e7cd401bd8d9f0f558f89a298e5dd837c3,4db6aa7af69e96de5ca88f4890129536991fb6b5a48192980711caf7e7cedb5c,f89e55d9cfacf91222600ee60a2ba36a7e5c6eb5bd4c3c753e6136ad5559fc67,AdamW,0.01,0.0,0.5527501604886604,0.5383884454580008,0.5244457096393352,100
graphsage_pilot_v1_step100,election2020,linear,0,1,100,test,2,2,08d94d51669f2215e109205d97de59e7cd401bd8d9f0f558f89a298e5dd837c3,4db6aa7af69e96de5ca88f4890129536991fb6b5a48192980711caf7e7cedb5c,f89e55d9cfacf91222600ee60a2ba36a7e5c6eb5bd4c3c753e6136ad5559fc67,AdamW,0.01,0.0,0.5414542420795341,0.5344904034965478,0.5199886505507019,100
graphsage_pilot_v1_step100,election2020,linear,0,10,0,val,2,20,b6534a1ef3f057337c8375bd52f2696a8aa28bb886a9b231c4e0174bd3f714e2,4db6aa7af69e96de5ca88f4890129536991fb6b5a48192980711caf7e7cedb5c,f89e55d9cfacf91222600ee60a2ba36a7e5c6eb5bd4c3c753e6136ad5559fc67,AdamW,0.01,0.0,0.5268630166314043,0.5267958950969214,0.4957327496493092,100
graphsage_pilot_v1_step100,election2020,linear,0,10,0,test,2,20,b6534a1ef3f057337c8375bd52f2696a8aa28bb886a9b231c4e0174bd3f714e2,4db6aa7af69e96de5ca88f4890129536991fb6b5a48192980711caf7e7cedb5c,f89e55d9cfacf91222600ee60a2ba36a7e5c6eb5bd4c3c753e6136ad5559fc67,AdamW,0.01,0.0,0.5161735206912219,0.5232786469880282,0.4929167082788107,100
graphsage_pilot_v1_step100,election2020,linear,0,10,1,val,2,20,b6534a1ef3f057337c8375bd52f2696a8aa28bb886a9b231c4e0174bd3f714e2,4db6aa7af69e96de5ca88f4890129536991fb6b5a48192980711caf7e7cedb5c,f89e55d9cfacf91222600ee60a2ba36a7e5c6eb5bd4c3c753e6136ad5559fc67,AdamW,0.01,0.0,0.5286896165451216,0.5283795768402382,0.4857514066932066,100
graphsage_pilot_v1_step100,election2020,linear,0,10,1,test,2,20,b6534a1ef3f057337c8375bd52f2696a8aa28bb886a9b231c4e0174bd3f714e2,4db6aa7af69e96de5ca88f4890129536991fb6b5a48192980711caf7e7cedb5c,f89e55d9cfacf91222600ee60a2ba36a7e5c6eb5bd4c3c753e6136ad5559fc67,AdamW,0.01,0.0,0.5197083717226382,0.5242287958446823,0.4825998398573224,100
graphsage_pilot_v1_step100,election2020,linear,0,10,10,val,2,20,b6534a1ef3f057337c8375bd52f2696a8aa28bb886a9b231c4e0174bd3f714e2,4db6aa7af69e96de5ca88f4890129536991fb6b5a48192980711caf7e7cedb5c,f89e55d9cfacf91222600ee60a2ba36a7e5c6eb5bd4c3c753e6136ad5559fc67,AdamW,0.01,0.0,0.5175731289024256,0.4965159001647029,0.4857699572546892,100
graphsage_pilot_v1_step100,election2020,linear,0,10,10,test,2,20,b6534a1ef3f057337c8375bd52f2696a8aa28bb886a9b231c4e0174bd3f714e2,4db6aa7af69e96de5ca88f4890129536991fb6b5a48192980711caf7e7cedb5c,f89e55d9cfacf91222600ee60a2ba36a7e5c6eb5bd4c3c753e6136ad5559fc67,AdamW,0.01,0.0,0.5100480211782398,0.4931905998606448,0.4835767357664962,100
graphsage_pilot_v1_step100,election2020,linear,0,10,100,val,2,20,b6534a1ef3f057337c8375bd52f2696a8aa28bb886a9b231c4e0174bd3f714e2,4db6aa7af69e96de5ca88f4890129536991fb6b5a48192980711caf7e7cedb5c,f89e55d9cfacf91222600ee60a2ba36a7e5c6eb5bd4c3c753e6136ad5559fc67,AdamW,0.01,0.0,0.5382394345503347,0.518687444571139,0.5170038741964637,100
graphsage_pilot_v1_step100,election2020,linear,0,10,100,test,2,20,b6534a1ef3f057337c8375bd52f2696a8aa28bb886a9b231c4e0174bd3f714e2,4db6aa7af69e96de5ca88f4890129536991fb6b5a48192980711caf7e7cedb5c,f89e55d9cfacf91222600ee60a2ba36a7e5c6eb5bd4c3c753e6136ad5559fc67,AdamW,0.01,0.0,0.528483709955338,0.5141572179641477,0.5130493814986715,100
graphsage_pilot_v1_step100,election2020,linear,0,100,0,val,2,200,50ec07087975f0e8f3e763af6776f688067a11d30479a86ddef55be76a24d4be,4db6aa7af69e96de5ca88f4890129536991fb6b5a48192980711caf7e7cedb5c,f89e55d9cfacf91222600ee60a2ba36a7e5c6eb5bd4c3c753e6136ad5559fc67,AdamW,0.01,0.0,0.5268630166314043,0.5267958950969214,0.4957327496493092,100
graphsage_pilot_v1_step100,election2020,linear,0,100,0,test,2,200,50ec07087975f0e8f3e763af6776f688067a11d30479a86ddef55be76a24d4be,4db6aa7af69e96de5ca88f4890129536991fb6b5a48192980711caf7e7cedb5c,f89e55d9cfacf91222600ee60a2ba36a7e5c6eb5bd4c3c753e6136ad5559fc67,AdamW,0.01,0.0,0.5161735206912219,0.5232786469880282,0.4929167082788107,100
graphsage_pilot_v1_step100,election2020,linear,0,100,1,val,2,200,50ec07087975f0e8f3e763af6776f688067a11d30479a86ddef55be76a24d4be,4db6aa7af69e96de5ca88f4890129536991fb6b5a48192980711caf7e7cedb5c,f89e55d9cfacf91222600ee60a2ba36a7e5c6eb5bd4c3c753e6136ad5559fc67,AdamW,0.01,0.0,0.5026669291964072,0.46826301786393,0.4356288123192573,100
graphsage_pilot_v1_step100,election2020,linear,0,100,1,test,2,200,50ec07087975f0e8f3e763af6776f688067a11d30479a86ddef55be76a24d4be,4db6aa7af69e96de5ca88f4890129536991fb6b5a48192980711caf7e7cedb5c,f89e55d9cfacf91222600ee60a2ba36a7e5c6eb5bd4c3c753e6136ad5559fc67,AdamW,0.01,0.0,0.5022624021670036,0.4743143092417812,0.4419113251029024,100
graphsage_pilot_v1_step100,election2020,linear,0,100,10,val,2,200,50ec07087975f0e8f3e763af6776f688067a11d30479a86ddef55be76a24d4be,4db6aa7af69e96de5ca88f4890129536991fb6b5a48192980711caf7e7cedb5c,f89e55d9cfacf91222600ee60a2ba36a7e5c6eb5bd4c3c753e6136ad5559fc67,AdamW,0.01,0.0,0.5202854034110137,0.5061446851640694,0.5015476497040051,100
graphsage_pilot_v1_step100,election2020,linear,0,100,10,test,2,200,50ec07087975f0e8f3e763af6776f688067a11d30479a86ddef55be76a24d4be,4db6aa7af69e96de5ca88f4890129536991fb6b5a48192980711caf7e7cedb5c,f89e55d9cfacf91222600ee60a2ba36a7e5c6eb5bd4c3c753e6136ad5559fc67,AdamW,0.01,0.0,0.5177813755239865,0.5019319693418636,0.4972343759278148,100
graphsage_pilot_v1_step100,election2020,linear,0,100,100,val,2,200,50ec07087975f0e8f3e763af6776f688067a11d30479a86ddef55be76a24d4be,4db6aa7af69e96de5ca88f4890129536991fb6b5a48192980711caf7e7cedb5c,f89e55d9cfacf91222600ee60a2ba36a7e5c6eb5bd4c3c753e6136ad5559fc67,AdamW,0.01,0.0,0.5607895929077574,0.5419358925630305,0.5400418356446525,100
graphsage_pilot_v1_step100,election2020,linear,0,100,100,test,2,200,50ec07087975f0e8f3e763af6776f688067a11d30479a86ddef55be76a24d4be,4db6aa7af69e96de5ca88f4890129536991fb6b5a48192980711caf7e7cedb5c,f89e55d9cfacf91222600ee60a2ba36a7e5c6eb5bd4c3c753e6136ad5559fc67,AdamW,0.01,0.0,0.5527130842116057,0.5332235383543422,0.5307854085956029,100
graphsage_pilot_v1_step100,election2020,linear,1,0,0,val,2,0,af5570f5a1810b7af78caf4bc70a660f0df51e42baf91d4de5b2328de0e83dfc,4db6aa7af69e96de5ca88f4890129536991fb6b5a48192980711caf7e7cedb5c,8a8ac6a74ff16f70c26373d03c9e72726890aaba776363757688178d530a945d,none,0.0,0.0,0.4975386625901901,0.5140630938806537,0.5092147525188203,100
graphsage_pilot_v1_step100,election2020,linear,1,0,0,test,2,0,af5570f5a1810b7af78caf4bc70a660f0df51e42baf91d4de5b2328de0e83dfc,4db6aa7af69e96de5ca88f4890129536991fb6b5a48192980711caf7e7cedb5c,8a8ac6a74ff16f70c26373d03c9e72726890aaba776363757688178d530a945d,none,0.0,0.0,0.4989267783901986,0.5136504719072654,0.5091299079320517,100
graphsage_pilot_v1_step100,election2020,linear,1,1,0,val,2,2,78f669017e10b4ad480d639a6df17bf9ebfc9f39fe37b9df5e1bcca3ec557500,4db6aa7af69e96de5ca88f4890129536991fb6b5a48192980711caf7e7cedb5c,8a8ac6a74ff16f70c26373d03c9e72726890aaba776363757688178d530a945d,AdamW,0.01,0.0,0.4975386625901901,0.5140630938806537,0.5092147525188203,100
graphsage_pilot_v1_step100,election2020,linear,1,1,0,test,2,2,78f669017e10b4ad480d639a6df17bf9ebfc9f39fe37b9df5e1bcca3ec557500,4db6aa7af69e96de5ca88f4890129536991fb6b5a48192980711caf7e7cedb5c,8a8ac6a74ff16f70c26373d03c9e72726890aaba776363757688178d530a945d,AdamW,0.01,0.0,0.4989267783901986,0.5136504719072654,0.5091299079320517,100
graphsage_pilot_v1_step100,election2020,linear,1,1,1,val,2,2,78f669017e10b4ad480d639a6df17bf9ebfc9f39fe37b9df5e1bcca3ec557500,4db6aa7af69e96de5ca88f4890129536991fb6b5a48192980711caf7e7cedb5c,8a8ac6a74ff16f70c26373d03c9e72726890aaba776363757688178d530a945d,AdamW,0.01,0.0,0.477014415240029,0.4707335613835043,0.4509709287524464,100
graphsage_pilot_v1_step100,election2020,linear,1,1,1,test,2,2,78f669017e10b4ad480d639a6df17bf9ebfc9f39fe37b9df5e1bcca3ec557500,4db6aa7af69e96de5ca88f4890129536991fb6b5a48192980711caf7e7cedb5c,8a8ac6a74ff16f70c26373d03c9e72726890aaba776363757688178d530a945d,AdamW,0.01,0.0,0.4821330072857669,0.4762779502121999,0.4575282593185407,100
graphsage_pilot_v1_step100,election2020,linear,1,1,10,val,2,2,78f669017e10b4ad480d639a6df17bf9ebfc9f39fe37b9df5e1bcca3ec557500,4db6aa7af69e96de5ca88f4890129536991fb6b5a48192980711caf7e7cedb5c,8a8ac6a74ff16f70c26373d03c9e72726890aaba776363757688178d530a945d,AdamW,0.01,0.0,0.5030572766914924,0.4789053591790194,0.4679817145405803,100
graphsage_pilot_v1_step100,election2020,linear,1,1,10,test,2,2,78f669017e10b4ad480d639a6df17bf9ebfc9f39fe37b9df5e1bcca3ec557500,4db6aa7af69e96de5ca88f4890129536991fb6b5a48192980711caf7e7cedb5c,8a8ac6a74ff16f70c26373d03c9e72726890aaba776363757688178d530a945d,AdamW,0.01,0.0,0.4993013162656227,0.4771014125546335,0.4670126636227371,100
graphsage_pilot_v1_step100,election2020,linear,1,1,100,val,2,2,78f669017e10b4ad480d639a6df17bf9ebfc9f39fe37b9df5e1bcca3ec557500,4db6aa7af69e96de5ca88f4890129536991fb6b5a48192980711caf7e7cedb5c,8a8ac6a74ff16f70c26373d03c9e72726890aaba776363757688178d530a945d,AdamW,0.01,0.0,0.5186794592597759,0.478968706448752,0.4668811588328621,100
graphsage_pilot_v1_step100,election2020,linear,1,1,100,test,2,2,78f669017e10b4ad480d639a6df17bf9ebfc9f39fe37b9df5e1bcca3ec557500,4db6aa7af69e96de5ca88f4890129536991fb6b5a48192980711caf7e7cedb5c,8a8ac6a74ff16f70c26373d03c9e72726890aaba776363757688178d530a945d,AdamW,0.01,0.0,0.5089620623264086,0.4762146069550896,0.4649164073395143,100
graphsage_pilot_v1_step100,election2020,linear,1,10,0,val,2,20,d1765be95433fa195f4fbe461afcda743f31b1a4c207872120cf825a0d06e621,4db6aa7af69e96de5ca88f4890129536991fb6b5a48192980711caf7e7cedb5c,8a8ac6a74ff16f70c26373d03c9e72726890aaba776363757688178d530a945d,AdamW,0.01,0.0,0.4975386625901901,0.5140630938806537,0.5092147525188203,100
graphsage_pilot_v1_step100,election2020,linear,1,10,0,test,2,20,d1765be95433fa195f4fbe461afcda743f31b1a4c207872120cf825a0d06e621,4db6aa7af69e96de5ca88f4890129536991fb6b5a48192980711caf7e7cedb5c,8a8ac6a74ff16f70c26373d03c9e72726890aaba776363757688178d530a945d,AdamW,0.01,0.0,0.4989267783901986,0.5136504719072654,0.5091299079320517,100
graphsage_pilot_v1_step100,election2020,linear,1,10,1,val,2,20,d1765be95433fa195f4fbe461afcda743f31b1a4c207872120cf825a0d06e621,4db6aa7af69e96de5ca88f4890129536991fb6b5a48192980711caf7e7cedb5c,8a8ac6a74ff16f70c26373d03c9e72726890aaba776363757688178d530a945d,AdamW,0.01,0.0,0.5248779139832446,0.526859242366654,0.4953420952911157,100
graphsage_pilot_v1_step100,election2020,linear,1,10,1,test,2,20,d1765be95433fa195f4fbe461afcda743f31b1a4c207872120cf825a0d06e621,4db6aa7af69e96de5ca88f4890129536991fb6b5a48192980711caf7e7cedb5c,8a8ac6a74ff16f70c26373d03c9e72726890aaba776363757688178d530a945d,AdamW,0.01,0.0,0.5190145714048819,0.523025273959587,0.4922778347284988,100
graphsage_pilot_v1_step100,election2020,linear,1,10,10,val,2,20,d1765be95433fa195f4fbe461afcda743f31b1a4c207872120cf825a0d06e621,4db6aa7af69e96de5ca88f4890129536991fb6b5a48192980711caf7e7cedb5c,8a8ac6a74ff16f70c26373d03c9e72726890aaba776363757688178d530a945d,AdamW,0.01,0.0,0.5005459359233684,0.5264791587482579,0.4954796974855642,100
graphsage_pilot_v1_step100,election2020,linear,1,10,10,test,2,20,d1765be95433fa195f4fbe461afcda743f31b1a4c207872120cf825a0d06e621,4db6aa7af69e96de5ca88f4890129536991fb6b5a48192980711caf7e7cedb5c,8a8ac6a74ff16f70c26373d03c9e72726890aaba776363757688178d530a945d,AdamW,0.01,0.0,0.5003805109800515,0.5234053335022487,0.4932516654666624,100
graphsage_pilot_v1_step100,election2020,linear,1,10,100,val,2,20,d1765be95433fa195f4fbe461afcda743f31b1a4c207872120cf825a0d06e621,4db6aa7af69e96de5ca88f4890129536991fb6b5a48192980711caf7e7cedb5c,8a8ac6a74ff16f70c26373d03c9e72726890aaba776363757688178d530a945d,AdamW,0.01,0.0,0.5017325429024616,0.5188141391106044,0.488248058909351,100
graphsage_pilot_v1_step100,election2020,linear,1,10,100,test,2,20,d1765be95433fa195f4fbe461afcda743f31b1a4c207872120cf825a0d06e621,4db6aa7af69e96de5ca88f4890129536991fb6b5a48192980711caf7e7cedb5c,8a8ac6a74ff16f70c26373d03c9e72726890aaba776363757688178d530a945d,AdamW,0.01,0.0,0.5014217119059925,0.5171343510483309,0.4858876262884363,100
graphsage_pilot_v1_step100,election2020,linear,1,100,0,val,2,200,715bae049fab4381446427dc497fcaf6bfa8014aa08c956a820356243d92daf2,4db6aa7af69e96de5ca88f4890129536991fb6b5a48192980711caf7e7cedb5c,8a8ac6a74ff16f70c26373d03c9e72726890aaba776363757688178d530a945d,AdamW,0.01,0.0,0.4975386625901901,0.5140630938806537,0.5092147525188203,100
graphsage_pilot_v1_step100,election2020,linear,1,100,0,test,2,200,715bae049fab4381446427dc497fcaf6bfa8014aa08c956a820356243d92daf2,4db6aa7af69e96de5ca88f4890129536991fb6b5a48192980711caf7e7cedb5c,8a8ac6a74ff16f70c26373d03c9e72726890aaba776363757688178d530a945d,AdamW,0.01,0.0,0.4989267783901986,0.5136504719072654,0.5091299079320517,100
graphsage_pilot_v1_step100,election2020,linear,1,100,1,val,2,200,715bae049fab4381446427dc497fcaf6bfa8014aa08c956a820356243d92daf2,4db6aa7af69e96de5ca88f4890129536991fb6b5a48192980711caf7e7cedb5c,8a8ac6a74ff16f70c26373d03c9e72726890aaba776363757688178d530a945d,AdamW,0.01,0.0,0.5255181894683272,0.5269859369061194,0.4952381598791199,100
graphsage_pilot_v1_step100,election2020,linear,1,100,1,test,2,200,715bae049fab4381446427dc497fcaf6bfa8014aa08c956a820356243d92daf2,4db6aa7af69e96de5ca88f4890129536991fb6b5a48192980711caf7e7cedb5c,8a8ac6a74ff16f70c26373d03c9e72726890aaba776363757688178d530a945d,AdamW,0.01,0.0,0.5196025993401561,0.5227085576740356,0.4917887373309149,100
graphsage_pilot_v1_step100,election2020,linear,1,100,10,val,2,200,715bae049fab4381446427dc497fcaf6bfa8014aa08c956a820356243d92daf2,4db6aa7af69e96de5ca88f4890129536991fb6b5a48192980711caf7e7cedb5c,8a8ac6a74ff16f70c26373d03c9e72726890aaba776363757688178d530a945d,AdamW,0.01,0.0,0.5294022976034555,0.5296465222348917,0.4924594179126757,100
graphsage_pilot_v1_step100,election2020,linear,1,100,10,test,2,200,715bae049fab4381446427dc497fcaf6bfa8014aa08c956a820356243d92daf2,4db6aa7af69e96de5ca88f4890129536991fb6b5a48192980711caf7e7cedb5c,8a8ac6a74ff16f70c26373d03c9e72726890aaba776363757688178d530a945d,AdamW,0.01,0.0,0.519762646257117,0.5242921391017926,0.4875917815510313,100
graphsage_pilot_v1_step100,election2020,linear,1,100,100,val,2,200,715bae049fab4381446427dc497fcaf6bfa8014aa08c956a820356243d92daf2,4db6aa7af69e96de5ca88f4890129536991fb6b5a48192980711caf7e7cedb5c,8a8ac6a74ff16f70c26373d03c9e72726890aaba776363757688178d530a945d,AdamW,0.01,0.0,0.5536736080434204,0.5395286963131889,0.5245602220439719,100
graphsage_pilot_v1_step100,election2020,linear,1,100,100,test,2,200,715bae049fab4381446427dc497fcaf6bfa8014aa08c956a820356243d92daf2,4db6aa7af69e96de5ca88f4890129536991fb6b5a48192980711caf7e7cedb5c,8a8ac6a74ff16f70c26373d03c9e72726890aaba776363757688178d530a945d,AdamW,0.01,0.0,0.543446474266832,0.5348704630392095,0.518253673248003,100
graphsage_pilot_v1_step100,election2020,linear,2,0,0,val,2,0,af5570f5a1810b7af78caf4bc70a660f0df51e42baf91d4de5b2328de0e83dfc,4db6aa7af69e96de5ca88f4890129536991fb6b5a48192980711caf7e7cedb5c,203ffea723cb4cf0d5b2da185e1677d1c082fd4475784ccb7c3a518868d42cce,none,0.0,0.0,0.5214153146223577,0.5392753072342582,0.3580782267963494,100
graphsage_pilot_v1_step100,election2020,linear,2,0,0,test,2,0,af5570f5a1810b7af78caf4bc70a660f0df51e42baf91d4de5b2328de0e83dfc,4db6aa7af69e96de5ca88f4890129536991fb6b5a48192980711caf7e7cedb5c,203ffea723cb4cf0d5b2da185e1677d1c082fd4475784ccb7c3a518868d42cce,none,0.0,0.0,0.5173583021375837,0.5391144612655983,0.3569203851595598,100
graphsage_pilot_v1_step100,election2020,linear,2,1,0,val,2,2,7a1427cb41b58a63e1a58c9c6fa2483c0793fad6aa4590c104bf4a79c54d5fbc,4db6aa7af69e96de5ca88f4890129536991fb6b5a48192980711caf7e7cedb5c,203ffea723cb4cf0d5b2da185e1677d1c082fd4475784ccb7c3a518868d42cce,AdamW,0.01,0.0,0.5214153146223577,0.5392753072342582,0.3580782267963494,100
graphsage_pilot_v1_step100,election2020,linear,2,1,0,test,2,2,7a1427cb41b58a63e1a58c9c6fa2483c0793fad6aa4590c104bf4a79c54d5fbc,4db6aa7af69e96de5ca88f4890129536991fb6b5a48192980711caf7e7cedb5c,203ffea723cb4cf0d5b2da185e1677d1c082fd4475784ccb7c3a518868d42cce,AdamW,0.01,0.0,0.5173583021375837,0.5391144612655983,0.3569203851595598,100
graphsage_pilot_v1_step100,election2020,linear,2,1,1,val,2,2,7a1427cb41b58a63e1a58c9c6fa2483c0793fad6aa4590c104bf4a79c54d5fbc,4db6aa7af69e96de5ca88f4890129536991fb6b5a48192980711caf7e7cedb5c,203ffea723cb4cf0d5b2da185e1677d1c082fd4475784ccb7c3a518868d42cce,AdamW,0.01,0.0,0.479569599766468,0.473330799442544,0.4567484800110626,100
graphsage_pilot_v1_step100,election2020,linear,2,1,1,test,2,2,7a1427cb41b58a63e1a58c9c6fa2483c0793fad6aa4590c104bf4a79c54d5fbc,4db6aa7af69e96de5ca88f4890129536991fb6b5a48192980711caf7e7cedb5c,203ffea723cb4cf0d5b2da185e1677d1c082fd4475784ccb7c3a518868d42cce,AdamW,0.01,0.0,0.484318614699494,0.4774814720972952,0.4617371966445031,100
graphsage_pilot_v1_step100,election2020,linear,2,1,10,val,2,2,7a1427cb41b58a63e1a58c9c6fa2483c0793fad6aa4590c104bf4a79c54d5fbc,4db6aa7af69e96de5ca88f4890129536991fb6b5a48192980711caf7e7cedb5c,203ffea723cb4cf0d5b2da185e1677d1c082fd4475784ccb7c3a518868d42cce,AdamW,0.01,0.0,0.4767586263462318,0.4706702141137717,0.4500602313045524,100
graphsage_pilot_v1_step100,election2020,linear,2,1,10,test,2,2,7a1427cb41b58a63e1a58c9c6fa2483c0793fad6aa4590c104bf4a79c54d5fbc,4db6aa7af69e96de5ca88f4890129536991fb6b5a48192980711caf7e7cedb5c,203ffea723cb4cf0d5b2da185e1677d1c082fd4475784ccb7c3a518868d42cce,AdamW,0.01,0.0,0.4820752134626158,0.4759612339266485,0.4563285432431869,100
graphsage_pilot_v1_step100,election2020,linear,2,1,100,val,2,2,7a1427cb41b58a63e1a58c9c6fa2483c0793fad6aa4590c104bf4a79c54d5fbc,4db6aa7af69e96de5ca88f4890129536991fb6b5a48192980711caf7e7cedb5c,203ffea723cb4cf0d5b2da185e1677d1c082fd4475784ccb7c3a518868d42cce,AdamW,0.01,0.0,0.4759766719883027,0.4706702141137717,0.4500041353569113,100
graphsage_pilot_v1_step100,election2020,linear,2,1,100,test,2,2,7a1427cb41b58a63e1a58c9c6fa2483c0793fad6aa4590c104bf4a79c54d5fbc,4db6aa7af69e96de5ca88f4890129536991fb6b5a48192980711caf7e7cedb5c,203ffea723cb4cf0d5b2da185e1677d1c082fd4475784ccb7c3a518868d42cce,AdamW,0.01,0.0,0.4813226910689622,0.4760245771837588,0.4562990918921116,100
graphsage_pilot_v1_step100,election2020,linear,2,10,0,val,2,20,e4ba399bf0c7eaaa4a73c7616f66cbee68313a8705446995cb6c725cf973d6f1,4db6aa7af69e96de5ca88f4890129536991fb6b5a48192980711caf7e7cedb5c,203ffea723cb4cf0d5b2da185e1677d1c082fd4475784ccb7c3a518868d42cce,AdamW,0.01,0.0,0.5214153146223577,0.5392753072342582,0.3580782267963494,100
graphsage_pilot_v1_step100,election2020,linear,2,10,0,test,2,20,e4ba399bf0c7eaaa4a73c7616f66cbee68313a8705446995cb6c725cf973d6f1,4db6aa7af69e96de5ca88f4890129536991fb6b5a48192980711caf7e7cedb5c,203ffea723cb4cf0d5b2da185e1677d1c082fd4475784ccb7c3a518868d42cce,AdamW,0.01,0.0,0.5173583021375837,0.5391144612655983,0.3569203851595598,100
graphsage_pilot_v1_step100,election2020,linear,2,10,1,val,2,20,e4ba399bf0c7eaaa4a73c7616f66cbee68313a8705446995cb6c725cf973d6f1,4db6aa7af69e96de5ca88f4890129536991fb6b5a48192980711caf7e7cedb5c,203ffea723cb4cf0d5b2da185e1677d1c082fd4475784ccb7c3a518868d42cce,AdamW,0.01,0.0,0.5026721281248465,0.473140757633346,0.4567872925322308,100
graphsage_pilot_v1_step100,election2020,linear,2,10,1,test,2,20,e4ba399bf0c7eaaa4a73c7616f66cbee68313a8705446995cb6c725cf973d6f1,4db6aa7af69e96de5ca88f4890129536991fb6b5a48192980711caf7e7cedb5c,203ffea723cb4cf0d5b2da185e1677d1c082fd4475784ccb7c3a518868d42cce,AdamW,0.01,0.0,0.5022662604697223,0.476974726040413,0.4614546939441328,100
graphsage_pilot_v1_step100,election2020,linear,2,10,10,val,2,20,e4ba399bf0c7eaaa4a73c7616f66cbee68313a8705446995cb6c725cf973d6f1,4db6aa7af69e96de5ca88f4890129536991fb6b5a48192980711caf7e7cedb5c,203ffea723cb4cf0d5b2da185e1677d1c082fd4475784ccb7c3a518868d42cce,AdamW,0.01,0.0,0.5037970341566369,0.4874572405929304,0.4865016120532117,100
graphsage_pilot_v1_step100,election2020,linear,2,10,10,test,2,20,e4ba399bf0c7eaaa4a73c7616f66cbee68313a8705446995cb6c725cf973d6f1,4db6aa7af69e96de5ca88f4890129536991fb6b5a48192980711caf7e7cedb5c,203ffea723cb4cf0d5b2da185e1677d1c082fd4475784ccb7c3a518868d42cce,AdamW,0.01,0.0,0.5017467779459286,0.4864762146069551,0.4856880728672942,100
graphsage_pilot_v1_step100,election2020,linear,2,10,100,val,2,20,e4ba399bf0c7eaaa4a73c7616f66cbee68313a8705446995cb6c725cf973d6f1,4db6aa7af69e96de5ca88f4890129536991fb6b5a48192980711caf7e7cedb5c,203ffea723cb4cf0d5b2da185e1677d1c082fd4475784ccb7c3a518868d42cce,AdamW,0.01,0.0,0.5315356746594541,0.5153933865450399,0.5115405521300398,100
graphsage_pilot_v1_step100,election2020,linear,2,10,100,test,2,20,e4ba399bf0c7eaaa4a73c7616f66cbee68313a8705446995cb6c725cf973d6f1,4db6aa7af69e96de5ca88f4890129536991fb6b5a48192980711caf7e7cedb5c,203ffea723cb4cf0d5b2da185e1677d1c082fd4475784ccb7c3a518868d42cce,AdamW,0.01,0.0,0.526679033253339,0.5128903528219421,0.5094556856141614,100
graphsage_pilot_v1_step100,election2020,linear,2,100,0,val,2,200,39b894e979d02788c848c89245aa679e7a3e3dca786d267c5ae62dcdbfab817b,4db6aa7af69e96de5ca88f4890129536991fb6b5a48192980711caf7e7cedb5c,203ffea723cb4cf0d5b2da185e1677d1c082fd4475784ccb7c3a518868d42cce,AdamW,0.01,0.0,0.5214153146223577,0.5392753072342582,0.3580782267963494,100
graphsage_pilot_v1_step100,election2020,linear,2,100,0,test,2,200,39b894e979d02788c848c89245aa679e7a3e3dca786d267c5ae62dcdbfab817b,4db6aa7af69e96de5ca88f4890129536991fb6b5a48192980711caf7e7cedb5c,203ffea723cb4cf0d5b2da185e1677d1c082fd4475784ccb7c3a518868d42cce,AdamW,0.01,0.0,0.5173583021375837,0.5391144612655983,0.3569203851595598,100
graphsage_pilot_v1_step100,election2020,linear,2,100,1,val,2,200,39b894e979d02788c848c89245aa679e7a3e3dca786d267c5ae62dcdbfab817b,4db6aa7af69e96de5ca88f4890129536991fb6b5a48192980711caf7e7cedb5c,203ffea723cb4cf0d5b2da185e1677d1c082fd4475784ccb7c3a518868d42cce,AdamW,0.01,0.0,0.5287556364780069,0.5283795768402382,0.4857514066932066,100
graphsage_pilot_v1_step100,election2020,linear,2,100,1,test,2,200,39b894e979d02788c848c89245aa679e7a3e3dca786d267c5ae62dcdbfab817b,4db6aa7af69e96de5ca88f4890129536991fb6b5a48192980711caf7e7cedb5c,203ffea723cb4cf0d5b2da185e1677d1c082fd4475784ccb7c3a518868d42cce,AdamW,0.01,0.0,0.5221579338585534,0.5244188256160132,0.4827458352085242,100
graphsage_pilot_v1_step100,election2020,linear,2,100,10,val,2,200,39b894e979d02788c848c89245aa679e7a3e3dca786d267c5ae62dcdbfab817b,4db6aa7af69e96de5ca88f4890129536991fb6b5a48192980711caf7e7cedb5c,203ffea723cb4cf0d5b2da185e1677d1c082fd4475784ccb7c3a518868d42cce,AdamW,0.01,0.0,0.5251504056455842,0.5330039275307235,0.473068118396677,100
graphsage_pilot_v1_step100,election2020,linear,2,100,10,test,2,200,39b894e979d02788c848c89245aa679e7a3e3dca786d267c5ae62dcdbfab817b,4db6aa7af69e96de5ca88f4890129536991fb6b5a48192980711caf7e7cedb5c,203ffea723cb4cf0d5b2da185e1677d1c082fd4475784ccb7c3a518868d42cce,AdamW,0.01,0.0,0.5142570823585872,0.5280293912712992,0.4666385569088586,100
graphsage_pilot_v1_step100,election2020,linear,2,100,100,val,2,200,39b894e979d02788c848c89245aa679e7a3e3dca786d267c5ae62dcdbfab817b,4db6aa7af69e96de5ca88f4890129536991fb6b5a48192980711caf7e7cedb5c,203ffea723cb4cf0d5b2da185e1677d1c082fd4475784ccb7c3a518868d42cce,AdamW,0.01,0.0,0.5426566508180078,0.5252755606233371,0.5224231058235675,100
graphsage_pilot_v1_step100,election2020,linear,2,100,100,test,2,200,39b894e979d02788c848c89245aa679e7a3e3dca786d267c5ae62dcdbfab817b,4db6aa7af69e96de5ca88f4890129536991fb6b5a48192980711caf7e7cedb5c,203ffea723cb4cf0d5b2da185e1677d1c082fd4475784ccb7c3a518868d42cce,AdamW,0.01,0.0,0.5422559618687333,0.5289795401279533,0.5256176831321715,100
graphsage_pilot_v1_step100,twibot20,linear,0,0,0,val,2,0,af5570f5a1810b7af78caf4bc70a660f0df51e42baf91d4de5b2328de0e83dfc,c914c5f482673ce0dc5d5512f45c0eaf22d1c0663629aa594d02d724b1b643bb,f89e55d9cfacf91222600ee60a2ba36a7e5c6eb5bd4c3c753e6136ad5559fc67,none,0.0,0.0,0.418347529541011,0.4084566596194503,0.4041094866545602,100
graphsage_pilot_v1_step100,twibot20,linear,0,0,0,test,2,0,af5570f5a1810b7af78caf4bc70a660f0df51e42baf91d4de5b2328de0e83dfc,c914c5f482673ce0dc5d5512f45c0eaf22d1c0663629aa594d02d724b1b643bb,f89e55d9cfacf91222600ee60a2ba36a7e5c6eb5bd4c3c753e6136ad5559fc67,none,0.0,0.0,0.4108027140358397,0.4087066779374472,0.4056744044909725,100
graphsage_pilot_v1_step100,twibot20,linear,0,1,0,val,2,2,14051f1842d654a1fc699db552fc13e8f1585d77ac0a7966c7bdf4a0cbf33455,c914c5f482673ce0dc5d5512f45c0eaf22d1c0663629aa594d02d724b1b643bb,f89e55d9cfacf91222600ee60a2ba36a7e5c6eb5bd4c3c753e6136ad5559fc67,AdamW,0.01,0.0,0.418347529541011,0.4084566596194503,0.4041094866545602,100
graphsage_pilot_v1_step100,twibot20,linear,0,1,0,test,2,2,14051f1842d654a1fc699db552fc13e8f1585d77ac0a7966c7bdf4a0cbf33455,c914c5f482673ce0dc5d5512f45c0eaf22d1c0663629aa594d02d724b1b643bb,f89e55d9cfacf91222600ee60a2ba36a7e5c6eb5bd4c3c753e6136ad5559fc67,AdamW,0.01,0.0,0.4108027140358397,0.4087066779374472,0.4056744044909725,100
graphsage_pilot_v1_step100,twibot20,linear,0,1,1,val,2,2,14051f1842d654a1fc699db552fc13e8f1585d77ac0a7966c7bdf4a0cbf33455,c914c5f482673ce0dc5d5512f45c0eaf22d1c0663629aa594d02d724b1b643bb,f89e55d9cfacf91222600ee60a2ba36a7e5c6eb5bd4c3c753e6136ad5559fc67,AdamW,0.01,0.0,0.6494844725808111,0.6105708245243129,0.6010152641315165,100
graphsage_pilot_v1_step100,twibot20,linear,0,1,1,test,2,2,14051f1842d654a1fc699db552fc13e8f1585d77ac0a7966c7bdf4a0cbf33455,c914c5f482673ce0dc5d5512f45c0eaf22d1c0663629aa594d02d724b1b643bb,f89e55d9cfacf91222600ee60a2ba36a7e5c6eb5bd4c3c753e6136ad5559fc67,AdamW,0.01,0.0,0.6541515597307973,0.6043956043956044,0.5966437246875075,100
graphsage_pilot_v1_step100,twibot20,linear,0,1,10,val,2,2,14051f1842d654a1fc699db552fc13e8f1585d77ac0a7966c7bdf4a0cbf33455,c914c5f482673ce0dc5d5512f45c0eaf22d1c0663629aa594d02d724b1b643bb,f89e55d9cfacf91222600ee60a2ba36a7e5c6eb5bd4c3c753e6136ad5559fc67,AdamW,0.01,0.0,0.6589091167335533,0.641014799154334,0.6378235266212249,100
graphsage_pilot_v1_step100,twibot20,linear,0,1,10,test,2,2,14051f1842d654a1fc699db552fc13e8f1585d77ac0a7966c7bdf4a0cbf33455,c914c5f482673ce0dc5d5512f45c0eaf22d1c0663629aa594d02d724b1b643bb,f89e55d9cfacf91222600ee60a2ba36a7e5c6eb5bd4c3c753e6136ad5559fc67,AdamW,0.01,0.0,0.6480955125160722,0.6229923922231615,0.619582607817902,100
graphsage_pilot_v1_step100,twibot20,linear,0,1,100,val,2,2,14051f1842d654a1fc699db552fc13e8f1585d77ac0a7966c7bdf4a0cbf33455,c914c5f482673ce0dc5d5512f45c0eaf22d1c0663629aa594d02d724b1b643bb,f89e55d9cfacf91222600ee60a2ba36a7e5c6eb5bd4c3c753e6136ad5559fc67,AdamW,0.01,0.0,0.651681297673967,0.5632135306553911,0.560495042932349,100
graphsage_pilot_v1_step100,twibot20,linear,0,1,100,test,2,2,14051f1842d654a1fc699db552fc13e8f1585d77ac0a7966c7bdf4a0cbf33455,c914c5f482673ce0dc5d5512f45c0eaf22d1c0663629aa594d02d724b1b643bb,f89e55d9cfacf91222600ee60a2ba36a7e5c6eb5bd4c3c753e6136ad5559fc67,AdamW,0.01,0.0,0.6411163977342493,0.5642434488588335,0.5613850642140799,100
graphsage_pilot_v1_step100,twibot20,linear,0,10,0,val,2,20,46185d6d47cb175e619dec79be06f57e3b0186517497320f951227e139a80310,c914c5f482673ce0dc5d5512f45c0eaf22d1c0663629aa594d02d724b1b643bb,f89e55d9cfacf91222600ee60a2ba36a7e5c6eb5bd4c3c753e6136ad5559fc67,AdamW,0.01,0.0,0.418347529541011,0.4084566596194503,0.4041094866545602,100
graphsage_pilot_v1_step100,twibot20,linear,0,10,0,test,2,20,46185d6d47cb175e619dec79be06f57e3b0186517497320f951227e139a80310,c914c5f482673ce0dc5d5512f45c0eaf22d1c0663629aa594d02d724b1b643bb,f89e55d9cfacf91222600ee60a2ba36a7e5c6eb5bd4c3c753e6136ad5559fc67,AdamW,0.01,0.0,0.4108027140358397,0.4087066779374472,0.4056744044909725,100
graphsage_pilot_v1_step100,twibot20,linear,0,10,1,val,2,20,46185d6d47cb175e619dec79be06f57e3b0186517497320f951227e139a80310,c914c5f482673ce0dc5d5512f45c0eaf22d1c0663629aa594d02d724b1b643bb,f89e55d9cfacf91222600ee60a2ba36a7e5c6eb5bd4c3c753e6136ad5559fc67,AdamW,0.01,0.0,0.6123656287999675,0.6004228329809725,0.5874105218462845,100
graphsage_pilot_v1_step100,twibot20,linear,0,10,1,test,2,20,46185d6d47cb175e619dec79be06f57e3b0186517497320f951227e139a80310,c914c5f482673ce0dc5d5512f45c0eaf22d1c0663629aa594d02d724b1b643bb,f89e55d9cfacf91222600ee60a2ba36a7e5c6eb5bd4c3c753e6136ad5559fc67,AdamW,0.01,0.0,0.6036094475784498,0.5984784446322908,0.5867858235384091,100
graphsage_pilot_v1_step100,twibot20,linear,0,10,10,val,2,20,46185d6d47cb175e619dec79be06f57e3b0186517497320f951227e139a80310,c914c5f482673ce0dc5d5512f45c0eaf22d1c0663629aa594d02d724b1b643bb,f89e55d9cfacf91222600ee60a2ba36a7e5c6eb5bd4c3c753e6136ad5559fc67,AdamW,0.01,0.0,0.5993879470645952,0.5644820295983086,0.5317821858301619,100
graphsage_pilot_v1_step100,twibot20,linear,0,10,10,test,2,20,46185d6d47cb175e619dec79be06f57e3b0186517497320f951227e139a80310,c914c5f482673ce0dc5d5512f45c0eaf22d1c0663629aa594d02d724b1b643bb,f89e55d9cfacf91222600ee60a2ba36a7e5c6eb5bd4c3c753e6136ad5559fc67,AdamW,0.01,0.0,0.5873004726105944,0.5629754860524091,0.5339978848943666,100
graphsage_pilot_v1_step100,twibot20,linear,0,10,100,val,2,20,46185d6d47cb175e619dec79be06f57e3b0186517497320f951227e139a80310,c914c5f482673ce0dc5d5512f45c0eaf22d1c0663629aa594d02d724b1b643bb,f89e55d9cfacf91222600ee60a2ba36a7e5c6eb5bd4c3c753e6136ad5559fc67,AdamW,0.01,0.0,0.5081561162538244,0.5636363636363636,0.5499105973161491,100
graphsage_pilot_v1_step100,twibot20,linear,0,10,100,test,2,20,46185d6d47cb175e619dec79be06f57e3b0186517497320f951227e139a80310,c914c5f482673ce0dc5d5512f45c0eaf22d1c0663629aa594d02d724b1b643bb,f89e55d9cfacf91222600ee60a2ba36a7e5c6eb5bd4c3c753e6136ad5559fc67,AdamW,0.01,0.0,0.4935298393355651,0.5524091293322062,0.5418614665185612,100
graphsage_pilot_v1_step100,twibot20,linear,0,100,0,val,2,200,25fe39fe3accdb737c2ca133aad37bddb0a345ef2f9d6d1d90a71aa14b8b7951,c914c5f482673ce0dc5d5512f45c0eaf22d1c0663629aa594d02d724b1b643bb,f89e55d9cfacf91222600ee60a2ba36a7e5c6eb5bd4c3c753e6136ad5559fc67,AdamW,0.01,0.0,0.418347529541011,0.4084566596194503,0.4041094866545602,100
graphsage_pilot_v1_step100,twibot20,linear,0,100,0,test,2,200,25fe39fe3accdb737c2ca133aad37bddb0a345ef2f9d6d1d90a71aa14b8b7951,c914c5f482673ce0dc5d5512f45c0eaf22d1c0663629aa594d02d724b1b643bb,f89e55d9cfacf91222600ee60a2ba36a7e5c6eb5bd4c3c753e6136ad5559fc67,AdamW,0.01,0.0,0.4108027140358397,0.4087066779374472,0.4056744044909725,100
graphsage_pilot_v1_step100,twibot20,linear,0,100,1,val,2,200,25fe39fe3accdb737c2ca133aad37bddb0a345ef2f9d6d1d90a71aa14b8b7951,c914c5f482673ce0dc5d5512f45c0eaf22d1c0663629aa594d02d724b1b643bb,f89e55d9cfacf91222600ee60a2ba36a7e5c6eb5bd4c3c753e6136ad5559fc67,AdamW,0.01,0.0,0.6554821710414755,0.6109936575052854,0.6013949527858753,100
graphsage_pilot_v1_step100,twibot20,linear,0,100,1,test,2,200,25fe39fe3accdb737c2ca133aad37bddb0a345ef2f9d6d1d90a71aa14b8b7951,c914c5f482673ce0dc5d5512f45c0eaf22d1c0663629aa594d02d724b1b643bb,f89e55d9cfacf91222600ee60a2ba36a7e5c6eb5bd4c3c753e6136ad5559fc67,AdamW,0.01,0.0,0.6465338993849111,0.6043956043956044,0.5963517060367454,100
graphsage_pilot_v1_step100,twibot20,linear,0,100,10,val,2,200,25fe39fe3accdb737c2ca133aad37bddb0a345ef2f9d6d1d90a71aa14b8b7951,c914c5f482673ce0dc5d5512f45c0eaf22d1c0663629aa594d02d724b1b643bb,f89e55d9cfacf91222600ee60a2ba36a7e5c6eb5bd4c3c753e6136ad5559fc67,AdamW,0.01,0.0,0.6602185882635987,0.6152219873150105,0.6082726610848198,100
graphsage_pilot_v1_step100,twibot20,linear,0,100,10,test,2,200,25fe39fe3accdb737c2ca133aad37bddb0a345ef2f9d6d1d90a71aa14b8b7951,c914c5f482673ce0dc5d5512f45c0eaf22d1c0663629aa594d02d724b1b643bb,f89e55d9cfacf91222600ee60a2ba36a7e5c6eb5bd4c3c753e6136ad5559fc67,AdamW,0.01,0.0,0.6524096769335912,0.6090448013524936,0.6039250071711735,100
graphsage_pilot_v1_step100,twibot20,linear,0,100,100,val,2,200,25fe39fe3accdb737c2ca133aad37bddb0a345ef2f9d6d1d90a71aa14b8b7951,c914c5f482673ce0dc5d5512f45c0eaf22d1c0663629aa594d02d724b1b643bb,f89e55d9cfacf91222600ee60a2ba36a7e5c6eb5bd4c3c753e6136ad5559fc67,AdamW,0.01,0.0,0.7218753487455305,0.7090909090909091,0.6943723581218453,100
graphsage_pilot_v1_step100,twibot20,linear,0,100,100,test,2,200,25fe39fe3accdb737c2ca133aad37bddb0a345ef2f9d6d1d90a71aa14b8b7951,c914c5f482673ce0dc5d5512f45c0eaf22d1c0663629aa594d02d724b1b643bb,f89e55d9cfacf91222600ee60a2ba36a7e5c6eb5bd4c3c753e6136ad5559fc67,AdamW,0.01,0.0,0.701062215477997,0.6766694843617921,0.6601924522882222,100
graphsage_pilot_v1_step100,twibot20,linear,1,0,0,val,2,0,af5570f5a1810b7af78caf4bc70a660f0df51e42baf91d4de5b2328de0e83dfc,c914c5f482673ce0dc5d5512f45c0eaf22d1c0663629aa594d02d724b1b643bb,8a8ac6a74ff16f70c26373d03c9e72726890aaba776363757688178d530a945d,none,0.0,0.0,0.6474195367065088,0.4909090909090909,0.4358229986939045,100
graphsage_pilot_v1_step100,twibot20,linear,1,0,0,test,2,0,af5570f5a1810b7af78caf4bc70a660f0df51e42baf91d4de5b2328de0e83dfc,c914c5f482673ce0dc5d5512f45c0eaf22d1c0663629aa594d02d724b1b643bb,8a8ac6a74ff16f70c26373d03c9e72726890aaba776363757688178d530a945d,none,0.0,0.0,0.6345665998679471,0.4843617920540997,0.4339624121485944,100
graphsage_pilot_v1_step100,twibot20,linear,1,1,0,val,2,2,3fa9e07a01626dee43bfd80cfd4791f403a8ca7a60afb4b6089f12b310e7db04,c914c5f482673ce0dc5d5512f45c0eaf22d1c0663629aa594d02d724b1b643bb,8a8ac6a74ff16f70c26373d03c9e72726890aaba776363757688178d530a945d,AdamW,0.01,0.0,0.6474195367065088,0.4909090909090909,0.4358229986939045,100
graphsage_pilot_v1_step100,twibot20,linear,1,1,0,test,2,2,3fa9e07a01626dee43bfd80cfd4791f403a8ca7a60afb4b6089f12b310e7db04,c914c5f482673ce0dc5d5512f45c0eaf22d1c0663629aa594d02d724b1b643bb,8a8ac6a74ff16f70c26373d03c9e72726890aaba776363757688178d530a945d,AdamW,0.01,0.0,0.6345665998679471,0.4843617920540997,0.4339624121485944,100
graphsage_pilot_v1_step100,twibot20,linear,1,1,1,val,2,2,3fa9e07a01626dee43bfd80cfd4791f403a8ca7a60afb4b6089f12b310e7db04,c914c5f482673ce0dc5d5512f45c0eaf22d1c0663629aa594d02d724b1b643bb,8a8ac6a74ff16f70c26373d03c9e72726890aaba776363757688178d530a945d,AdamW,0.01,0.0,0.6339588650570386,0.6156448202959831,0.6091874849681201,100
graphsage_pilot_v1_step100,twibot20,linear,1,1,1,test,2,2,3fa9e07a01626dee43bfd80cfd4791f403a8ca7a60afb4b6089f12b310e7db04,c914c5f482673ce0dc5d5512f45c0eaf22d1c0663629aa594d02d724b1b643bb,8a8ac6a74ff16f70c26373d03c9e72726890aaba776363757688178d530a945d,AdamW,0.01,0.0,0.6364409700100776,0.6086221470836856,0.6039859591281935,100
graphsage_pilot_v1_step100,twibot20,linear,1,1,10,val,2,2,3fa9e07a01626dee43bfd80cfd4791f403a8ca7a60afb4b6089f12b310e7db04,c914c5f482673ce0dc5d5512f45c0eaf22d1c0663629aa594d02d724b1b643bb,8a8ac6a74ff16f70c26373d03c9e72726890aaba776363757688178d530a945d,AdamW,0.01,0.0,0.6360716288898262,0.6190274841437632,0.6141463175257299,100
graphsage_pilot_v1_step100,twibot20,linear,1,1,10,test,2,2,3fa9e07a01626dee43bfd80cfd4791f403a8ca7a60afb4b6089f12b310e7db04,c914c5f482673ce0dc5d5512f45c0eaf22d1c0663629aa594d02d724b1b643bb,8a8ac6a74ff16f70c26373d03c9e72726890aaba776363757688178d530a945d,AdamW,0.01,0.0,0.6409929600713549,0.6136939983093829,0.6104472826184857,100
graphsage_pilot_v1_step100,twibot20,linear,1,1,100,val,2,2,3fa9e07a01626dee43bfd80cfd4791f403a8ca7a60afb4b6089f12b310e7db04,c914c5f482673ce0dc5d5512f45c0eaf22d1c0663629aa594d02d724b1b643bb,8a8ac6a74ff16f70c26373d03c9e72726890aaba776363757688178d530a945d,AdamW,0.01,0.0,0.6396608997743389,0.6194503171247357,0.6146852964560823,100
graphsage_pilot_v1_step100,twibot20,linear,1,1,100,test,2,2,3fa9e07a01626dee43bfd80cfd4791f403a8ca7a60afb4b6089f12b310e7db04,c914c5f482673ce0dc5d5512f45c0eaf22d1c0663629aa594d02d724b1b643bb,8a8ac6a74ff16f70c26373d03c9e72726890aaba776363757688178d530a945d,AdamW,0.01,0.0,0.6431685036314563,0.6153846153846154,0.6122716824671007,100
graphsage_pilot_v1_step100,twibot20,linear,1,10,0,val,2,20,8b0103cc8fe7d02ca3e622c39a7215d65913dfa1510e728f43df582a11d9c6e6,c914c5f482673ce0dc5d5512f45c0eaf22d1c0663629aa594d02d724b1b643bb,8a8ac6a74ff16f70c26373d03c9e72726890aaba776363757688178d530a945d,AdamW,0.01,0.0,0.6474195367065088,0.4909090909090909,0.4358229986939045,100
graphsage_pilot_v1_step100,twibot20,linear,1,10,0,test,2,20,8b0103cc8fe7d02ca3e622c39a7215d65913dfa1510e728f43df582a11d9c6e6,c914c5f482673ce0dc5d5512f45c0eaf22d1c0663629aa594d02d724b1b643bb,8a8ac6a74ff16f70c26373d03c9e72726890aaba776363757688178d530a945d,AdamW,0.01,0.0,0.6345665998679471,0.4843617920540997,0.4339624121485944,100
graphsage_pilot_v1_step100,twibot20,linear,1,10,1,val,2,20,8b0103cc8fe7d02ca3e622c39a7215d65913dfa1510e728f43df582a11d9c6e6,c914c5f482673ce0dc5d5512f45c0eaf22d1c0663629aa594d02d724b1b643bb,8a8ac6a74ff16f70c26373d03c9e72726890aaba776363757688178d530a945d,AdamW,0.01,0.0,0.6528567059870459,0.6634249471458774,0.644984898270769,100
graphsage_pilot_v1_step100,twibot20,linear,1,10,1,test,2,20,8b0103cc8fe7d02ca3e622c39a7215d65913dfa1510e728f43df582a11d9c6e6,c914c5f482673ce0dc5d5512f45c0eaf22d1c0663629aa594d02d724b1b643bb,8a8ac6a74ff16f70c26373d03c9e72726890aaba776363757688178d530a945d,AdamW,0.01,0.0,0.6437552850143058,0.6555367709213863,0.6376982190698024,100
graphsage_pilot_v1_step100,twibot20,linear,1,10,10,val,2,20,8b0103cc8fe7d02ca3e622c39a7215d65913dfa1510e728f43df582a11d9c6e6,c914c5f482673ce0dc5d5512f45c0eaf22d1c0663629aa594d02d724b1b643bb,8a8ac6a74ff16f70c26373d03c9e72726890aaba776363757688178d530a945d,AdamW,0.01,0.0,0.6249353235561391,0.5987315010570825,0.5929440134675421,100
graphsage_pilot_v1_step100,twibot20,linear,1,10,10,test,2,20,8b0103cc8fe7d02ca3e622c39a7215d65913dfa1510e728f43df582a11d9c6e6,c914c5f482673ce0dc5d5512f45c0eaf22d1c0663629aa594d02d724b1b643bb,8a8ac6a74ff16f70c26373d03c9e72726890aaba776363757688178d530a945d,AdamW,0.01,0.0,0.6151995563483882,0.595519864750634,0.5889553612517258,100
graphsage_pilot_v1_step100,twibot20,linear,1,10,100,val,2,20,8b0103cc8fe7d02ca3e622c39a7215d65913dfa1510e728f43df582a11d9c6e6,c914c5f482673ce0dc5d5512f45c0eaf22d1c0663629aa594d02d724b1b643bb,8a8ac6a74ff16f70c26373d03c9e72726890aaba776363757688178d530a945d,AdamW,0.01,0.0,0.6506573445627584,0.5978858350951374,0.5976438412332614,100
graphsage_pilot_v1_step100,twibot20,linear,1,10,100,test,2,20,8b0103cc8fe7d02ca3e622c39a7215d65913dfa1510e728f43df582a11d9c6e6,c914c5f482673ce0dc5d5512f45c0eaf22d1c0663629aa594d02d724b1b643bb,8a8ac6a74ff16f70c26373d03c9e72726890aaba776363757688178d530a945d,AdamW,0.01,0.0,0.6392051048894346,0.6056635672020287,0.6049436670004322,100
graphsage_pilot_v1_step100,twibot20,linear,1,100,0,val,2,200,2d47d792497500b8c0a151809b0bf0345373170a6472d915316897c1cf3fa4d8,c914c5f482673ce0dc5d5512f45c0eaf22d1c0663629aa594d02d724b1b643bb,8a8ac6a74ff16f70c26373d03c9e72726890aaba776363757688178d530a945d,AdamW,0.01,0.0,0.6474195367065088,0.4909090909090909,0.4358229986939045,100
graphsage_pilot_v1_step100,twibot20,linear,1,100,0,test,2,200,2d47d792497500b8c0a151809b0bf0345373170a6472d915316897c1cf3fa4d8,c914c5f482673ce0dc5d5512f45c0eaf22d1c0663629aa594d02d724b1b643bb,8a8ac6a74ff16f70c26373d03c9e72726890aaba776363757688178d530a945d,AdamW,0.01,0.0,0.6345665998679471,0.4843617920540997,0.4339624121485944,100
graphsage_pilot_v1_step100,twibot20,linear,1,100,1,val,2,200,2d47d792497500b8c0a151809b0bf0345373170a6472d915316897c1cf3fa4d8,c914c5f482673ce0dc5d5512f45c0eaf22d1c0663629aa594d02d724b1b643bb,8a8ac6a74ff16f70c26373d03c9e72726890aaba776363757688178d530a945d,AdamW,0.01,0.0,0.6079839356032772,0.6139534883720931,0.6066620141829708,100
graphsage_pilot_v1_step100,twibot20,linear,1,100,1,test,2,200,2d47d792497500b8c0a151809b0bf0345373170a6472d915316897c1cf3fa4d8,c914c5f482673ce0dc5d5512f45c0eaf22d1c0663629aa594d02d724b1b643bb,8a8ac6a74ff16f70c26373d03c9e72726890aaba776363757688178d530a945d,AdamW,0.01,0.0,0.6076499496113704,0.6111580726965342,0.6054736918420242,100
graphsage_pilot_v1_step100,twibot20,linear,1,100,10,val,2,200,2d47d792497500b8c0a151809b0bf0345373170a6472d915316897c1cf3fa4d8,c914c5f482673ce0dc5d5512f45c0eaf22d1c0663629aa594d02d724b1b643bb,8a8ac6a74ff16f70c26373d03c9e72726890aaba776363757688178d530a945d,AdamW,0.01,0.0,0.6642187447914629,0.6071881606765328,0.5962075857474327,100
graphsage_pilot_v1_step100,twibot20,linear,1,100,10,test,2,200,2d47d792497500b8c0a151809b0bf0345373170a6472d915316897c1cf3fa4d8,c914c5f482673ce0dc5d5512f45c0eaf22d1c0663629aa594d02d724b1b643bb,8a8ac6a74ff16f70c26373d03c9e72726890aaba776363757688178d530a945d,AdamW,0.01,0.0,0.6509458003683584,0.6060862214708369,0.596643955490778,100
graphsage_pilot_v1_step100,twibot20,linear,1,100,100,val,2,200,2d47d792497500b8c0a151809b0bf0345373170a6472d915316897c1cf3fa4d8,c914c5f482673ce0dc5d5512f45c0eaf22d1c0663629aa594d02d724b1b643bb,8a8ac6a74ff16f70c26373d03c9e72726890aaba776363757688178d530a945d,AdamW,0.01,0.0,0.7176251824346751,0.7082452431289641,0.6923856180073502,100
graphsage_pilot_v1_step100,twibot20,linear,1,100,100,test,2,200,2d47d792497500b8c0a151809b0bf0345373170a6472d915316897c1cf3fa4d8,c914c5f482673ce0dc5d5512f45c0eaf22d1c0663629aa594d02d724b1b643bb,8a8ac6a74ff16f70c26373d03c9e72726890aaba776363757688178d530a945d,AdamW,0.01,0.0,0.6880096780919507,0.6830092983939138,0.6641974916148723,100
graphsage_pilot_v1_step100,twibot20,linear,2,0,0,val,2,0,af5570f5a1810b7af78caf4bc70a660f0df51e42baf91d4de5b2328de0e83dfc,c914c5f482673ce0dc5d5512f45c0eaf22d1c0663629aa594d02d724b1b643bb,203ffea723cb4cf0d5b2da185e1677d1c082fd4475784ccb7c3a518868d42cce,none,0.0,0.0,0.5387218050561399,0.5099365750528542,0.4269483455200205,100
graphsage_pilot_v1_step100,twibot20,linear,2,0,0,test,2,0,af5570f5a1810b7af78caf4bc70a660f0df51e42baf91d4de5b2328de0e83dfc,c914c5f482673ce0dc5d5512f45c0eaf22d1c0663629aa594d02d724b1b643bb,203ffea723cb4cf0d5b2da185e1677d1c082fd4475784ccb7c3a518868d42cce,none,0.0,0.0,0.5595686269967219,0.5122569737954353,0.436806105610561,100
graphsage_pilot_v1_step100,twibot20,linear,2,1,0,val,2,2,40d653b81498ca59f7f885eeb08b50e37144bd7c85a2b1f4cd0de14263414e43,c914c5f482673ce0dc5d5512f45c0eaf22d1c0663629aa594d02d724b1b643bb,203ffea723cb4cf0d5b2da185e1677d1c082fd4475784ccb7c3a518868d42cce,AdamW,0.01,0.0,0.5387218050561399,0.5099365750528542,0.4269483455200205,100
graphsage_pilot_v1_step100,twibot20,linear,2,1,0,test,2,2,40d653b81498ca59f7f885eeb08b50e37144bd7c85a2b1f4cd0de14263414e43,c914c5f482673ce0dc5d5512f45c0eaf22d1c0663629aa594d02d724b1b643bb,203ffea723cb4cf0d5b2da185e1677d1c082fd4475784ccb7c3a518868d42cce,AdamW,0.01,0.0,0.5595686269967219,0.5122569737954353,0.436806105610561,100
graphsage_pilot_v1_step100,twibot20,linear,2,1,1,val,2,2,40d653b81498ca59f7f885eeb08b50e37144bd7c85a2b1f4cd0de14263414e43,c914c5f482673ce0dc5d5512f45c0eaf22d1c0663629aa594d02d724b1b643bb,203ffea723cb4cf0d5b2da185e1677d1c082fd4475784ccb7c3a518868d42cce,AdamW,0.01,0.0,0.6406707218978134,0.66723044397463,0.6467083940341569,100
graphsage_pilot_v1_step100,twibot20,linear,2,1,1,test,2,2,40d653b81498ca59f7f885eeb08b50e37144bd7c85a2b1f4cd0de14263414e43,c914c5f482673ce0dc5d5512f45c0eaf22d1c0663629aa594d02d724b1b643bb,203ffea723cb4cf0d5b2da185e1677d1c082fd4475784ccb7c3a518868d42cce,AdamW,0.01,0.0,0.6447706593381135,0.6555367709213863,0.6357837734719338,100
graphsage_pilot_v1_step100,twibot20,linear,2,1,10,val,2,2,40d653b81498ca59f7f885eeb08b50e37144bd7c85a2b1f4cd0de14263414e43,c914c5f482673ce0dc5d5512f45c0eaf22d1c0663629aa594d02d724b1b643bb,203ffea723cb4cf0d5b2da185e1677d1c082fd4475784ccb7c3a518868d42cce,AdamW,0.01,0.0,0.65065372123257,0.6689217758985201,0.6581401466726358,100
graphsage_pilot_v1_step100,twibot20,linear,2,1,10,test,2,2,40d653b81498ca59f7f885eeb08b50e37144bd7c85a2b1f4cd0de14263414e43,c914c5f482673ce0dc5d5512f45c0eaf22d1c0663629aa594d02d724b1b643bb,203ffea723cb4cf0d5b2da185e1677d1c082fd4475784ccb7c3a518868d42cce,AdamW,0.01,0.0,0.6405089830763706,0.6530008453085376,0.6422041854583733,100
graphsage_pilot_v1_step100,twibot20,linear,2,1,100,val,2,2,40d653b81498ca59f7f885eeb08b50e37144bd7c85a2b1f4cd0de14263414e43,c914c5f482673ce0dc5d5512f45c0eaf22d1c0663629aa594d02d724b1b643bb,203ffea723cb4cf0d5b2da185e1677d1c082fd4475784ccb7c3a518868d42cce,AdamW,0.01,0.0,0.6511490304693082,0.6668076109936575,0.6563270839972146,100
graphsage_pilot_v1_step100,twibot20,linear,2,1,100,test,2,2,40d653b81498ca59f7f885eeb08b50e37144bd7c85a2b1f4cd0de14263414e43,c914c5f482673ce0dc5d5512f45c0eaf22d1c0663629aa594d02d724b1b643bb,203ffea723cb4cf0d5b2da185e1677d1c082fd4475784ccb7c3a518868d42cce,AdamW,0.01,0.0,0.6401582174008734,0.6525781910397295,0.6422505385964705,100
graphsage_pilot_v1_step100,twibot20,linear,2,10,0,val,2,20,4c2a419e0d2e41e89d85ace836b7bd09c1adfddfa85a64a49bddcc59c0f8b049,c914c5f482673ce0dc5d5512f45c0eaf22d1c0663629aa594d02d724b1b643bb,203ffea723cb4cf0d5b2da185e1677d1c082fd4475784ccb7c3a518868d42cce,AdamW,0.01,0.0,0.5387218050561399,0.5099365750528542,0.4269483455200205,100
graphsage_pilot_v1_step100,twibot20,linear,2,10,0,test,2,20,4c2a419e0d2e41e89d85ace836b7bd09c1adfddfa85a64a49bddcc59c0f8b049,c914c5f482673ce0dc5d5512f45c0eaf22d1c0663629aa594d02d724b1b643bb,203ffea723cb4cf0d5b2da185e1677d1c082fd4475784ccb7c3a518868d42cce,AdamW,0.01,0.0,0.5595686269967219,0.5122569737954353,0.436806105610561,100
graphsage_pilot_v1_step100,twibot20,linear,2,10,1,val,2,20,4c2a419e0d2e41e89d85ace836b7bd09c1adfddfa85a64a49bddcc59c0f8b049,c914c5f482673ce0dc5d5512f45c0eaf22d1c0663629aa594d02d724b1b643bb,203ffea723cb4cf0d5b2da185e1677d1c082fd4475784ccb7c3a518868d42cce,AdamW,0.01,0.0,0.6197814986963258,0.6076109936575053,0.5974911051608407,100
graphsage_pilot_v1_step100,twibot20,linear,2,10,1,test,2,20,4c2a419e0d2e41e89d85ace836b7bd09c1adfddfa85a64a49bddcc59c0f8b049,c914c5f482673ce0dc5d5512f45c0eaf22d1c0663629aa594d02d724b1b643bb,203ffea723cb4cf0d5b2da185e1677d1c082fd4475784ccb7c3a518868d42cce,AdamW,0.01,0.0,0.6269467675983736,0.6035502958579881,0.5950900858822636,100
graphsage_pilot_v1_step100,twibot20,linear,2,10,10,val,2,20,4c2a419e0d2e41e89d85ace836b7bd09c1adfddfa85a64a49bddcc59c0f8b049,c914c5f482673ce0dc5d5512f45c0eaf22d1c0663629aa594d02d724b1b643bb,203ffea723cb4cf0d5b2da185e1677d1c082fd4475784ccb7c3a518868d42cce,AdamW,0.01,0.0,0.6469050238197727,0.66723044397463,0.647164078831058,100
graphsage_pilot_v1_step100,twibot20,linear,2,10,10,test,2,20,4c2a419e0d2e41e89d85ace836b7bd09c1adfddfa85a64a49bddcc59c0f8b049,c914c5f482673ce0dc5d5512f45c0eaf22d1c0663629aa594d02d724b1b643bb,203ffea723cb4cf0d5b2da185e1677d1c082fd4475784ccb7c3a518868d42cce,AdamW,0.01,0.0,0.648932427110241,0.6546914623837701,0.6350416449937742,100
graphsage_pilot_v1_step100,twibot20,linear,2,10,100,val,2,20,4c2a419e0d2e41e89d85ace836b7bd09c1adfddfa85a64a49bddcc59c0f8b049,c914c5f482673ce0dc5d5512f45c0eaf22d1c0663629aa594d02d724b1b643bb,203ffea723cb4cf0d5b2da185e1677d1c082fd4475784ccb7c3a518868d42cce,AdamW,0.01,0.0,0.6882240319548736,0.6706131078224101,0.6600963918283729,100
graphsage_pilot_v1_step100,twibot20,linear,2,10,100,test,2,20,4c2a419e0d2e41e89d85ace836b7bd09c1adfddfa85a64a49bddcc59c0f8b049,c914c5f482673ce0dc5d5512f45c0eaf22d1c0663629aa594d02d724b1b643bb,203ffea723cb4cf0d5b2da185e1677d1c082fd4475784ccb7c3a518868d42cce,AdamW,0.01,0.0,0.6740333491642437,0.6542688081149619,0.6437796330653474,100
graphsage_pilot_v1_step100,twibot20,linear,2,100,0,val,2,200,5708cd030fbe4119391ef44d81cbe9873693c4e02ee2e1770943dbc60f51ba9e,c914c5f482673ce0dc5d5512f45c0eaf22d1c0663629aa594d02d724b1b643bb,203ffea723cb4cf0d5b2da185e1677d1c082fd4475784ccb7c3a518868d42cce,AdamW,0.01,0.0,0.5387218050561399,0.5099365750528542,0.4269483455200205,100
graphsage_pilot_v1_step100,twibot20,linear,2,100,0,test,2,200,5708cd030fbe4119391ef44d81cbe9873693c4e02ee2e1770943dbc60f51ba9e,c914c5f482673ce0dc5d5512f45c0eaf22d1c0663629aa594d02d724b1b643bb,203ffea723cb4cf0d5b2da185e1677d1c082fd4475784ccb7c3a518868d42cce,AdamW,0.01,0.0,0.5595686269967219,0.5122569737954353,0.436806105610561,100
graphsage_pilot_v1_step100,twibot20,linear,2,100,1,val,2,200,5708cd030fbe4119391ef44d81cbe9873693c4e02ee2e1770943dbc60f51ba9e,c914c5f482673ce0dc5d5512f45c0eaf22d1c0663629aa594d02d724b1b643bb,203ffea723cb4cf0d5b2da185e1677d1c082fd4475784ccb7c3a518868d42cce,AdamW,0.01,0.0,0.6497471640194616,0.6562367864693446,0.6285203236764789,100
graphsage_pilot_v1_step100,twibot20,linear,2,100,1,test,2,200,5708cd030fbe4119391ef44d81cbe9873693c4e02ee2e1770943dbc60f51ba9e,c914c5f482673ce0dc5d5512f45c0eaf22d1c0663629aa594d02d724b1b643bb,203ffea723cb4cf0d5b2da185e1677d1c082fd4475784ccb7c3a518868d42cce,AdamW,0.01,0.0,0.6412173921857082,0.6491969568892646,0.621874434384784,100
graphsage_pilot_v1_step100,twibot20,linear,2,100,10,val,2,200,5708cd030fbe4119391ef44d81cbe9873693c4e02ee2e1770943dbc60f51ba9e,c914c5f482673ce0dc5d5512f45c0eaf22d1c0663629aa594d02d724b1b643bb,203ffea723cb4cf0d5b2da185e1677d1c082fd4475784ccb7c3a518868d42cce,AdamW,0.01,0.0,0.5720122381600439,0.6350951374207188,0.5846781471594134,100
graphsage_pilot_v1_step100,twibot20,linear,2,100,10,test,2,200,5708cd030fbe4119391ef44d81cbe9873693c4e02ee2e1770943dbc60f51ba9e,c914c5f482673ce0dc5d5512f45c0eaf22d1c0663629aa594d02d724b1b643bb,203ffea723cb4cf0d5b2da185e1677d1c082fd4475784ccb7c3a518868d42cce,AdamW,0.01,0.0,0.567134161174113,0.6356720202874049,0.5864860809797043,100
graphsage_pilot_v1_step100,twibot20,linear,2,100,100,val,2,200,5708cd030fbe4119391ef44d81cbe9873693c4e02ee2e1770943dbc60f51ba9e,c914c5f482673ce0dc5d5512f45c0eaf22d1c0663629aa594d02d724b1b643bb,203ffea723cb4cf0d5b2da185e1677d1c082fd4475784ccb7c3a518868d42cce,AdamW,0.01,0.0,0.6853760944268834,0.7099365750528541,0.6929022581211801,100
graphsage_pilot_v1_step100,twibot20,linear,2,100,100,test,2,200,5708cd030fbe4119391ef44d81cbe9873693c4e02ee2e1770943dbc60f51ba9e,c914c5f482673ce0dc5d5512f45c0eaf22d1c0663629aa594d02d724b1b643bb,203ffea723cb4cf0d5b2da185e1677d1c082fd4475784ccb7c3a518868d42cce,AdamW,0.01,0.0,0.655283131971875,0.6851225697379544,0.6644697982463503,100
graphsage_pilot_v1_step100,ukr_rus_suspended,linear,0,0,0,val,2,0,af5570f5a1810b7af78caf4bc70a660f0df51e42baf91d4de5b2328de0e83dfc,0c2e028dcb3262ef92e92564f4c55cdddd6f64945b22ac315f10631df10ccb82,f89e55d9cfacf91222600ee60a2ba36a7e5c6eb5bd4c3c753e6136ad5559fc67,none,0.0,0.0,0.4696701630736786,0.4602640205546203,0.4553602376402352,100
graphsage_pilot_v1_step100,ukr_rus_suspended,linear,0,0,0,test,2,0,af5570f5a1810b7af78caf4bc70a660f0df51e42baf91d4de5b2328de0e83dfc,0c2e028dcb3262ef92e92564f4c55cdddd6f64945b22ac315f10631df10ccb82,f89e55d9cfacf91222600ee60a2ba36a7e5c6eb5bd4c3c753e6136ad5559fc67,none,0.0,0.0,0.4722856278488316,0.4639440113394755,0.4592742571452871,100
graphsage_pilot_v1_step100,ukr_rus_suspended,linear,0,1,0,val,2,2,7c99d61e9eb10c63a19f4bcdb05d6e9b3a56a8705bfc738ad72bda57e541b60d,0c2e028dcb3262ef92e92564f4c55cdddd6f64945b22ac315f10631df10ccb82,f89e55d9cfacf91222600ee60a2ba36a7e5c6eb5bd4c3c753e6136ad5559fc67,AdamW,0.01,0.0,0.4696701630736786,0.4602640205546203,0.4553602376402352,100
graphsage_pilot_v1_step100,ukr_rus_suspended,linear,0,1,0,test,2,2,7c99d61e9eb10c63a19f4bcdb05d6e9b3a56a8705bfc738ad72bda57e541b60d,0c2e028dcb3262ef92e92564f4c55cdddd6f64945b22ac315f10631df10ccb82,f89e55d9cfacf91222600ee60a2ba36a7e5c6eb5bd4c3c753e6136ad5559fc67,AdamW,0.01,0.0,0.4722856278488316,0.4639440113394755,0.4592742571452871,100
graphsage_pilot_v1_step100,ukr_rus_suspended,linear,0,1,1,val,2,2,7c99d61e9eb10c63a19f4bcdb05d6e9b3a56a8705bfc738ad72bda57e541b60d,0c2e028dcb3262ef92e92564f4c55cdddd6f64945b22ac315f10631df10ccb82,f89e55d9cfacf91222600ee60a2ba36a7e5c6eb5bd4c3c753e6136ad5559fc67,AdamW,0.01,0.0,0.4600501230789042,0.5376982369097192,0.4975376467334655,100
graphsage_pilot_v1_step100,ukr_rus_suspended,linear,0,1,1,test,2,2,7c99d61e9eb10c63a19f4bcdb05d6e9b3a56a8705bfc738ad72bda57e541b60d,0c2e028dcb3262ef92e92564f4c55cdddd6f64945b22ac315f10631df10ccb82,f89e55d9cfacf91222600ee60a2ba36a7e5c6eb5bd4c3c753e6136ad5559fc67,AdamW,0.01,0.0,0.4644925614759818,0.53694188518781,0.4961177994984012,100
graphsage_pilot_v1_step100,ukr_rus_suspended,linear,0,1,10,val,2,2,7c99d61e9eb10c63a19f4bcdb05d6e9b3a56a8705bfc738ad72bda57e541b60d,0c2e028dcb3262ef92e92564f4c55cdddd6f64945b22ac315f10631df10ccb82,f89e55d9cfacf91222600ee60a2ba36a7e5c6eb5bd4c3c753e6136ad5559fc67,AdamW,0.01,0.0,0.4601130953265394,0.5378754319128201,0.5087341248328345,100
graphsage_pilot_v1_step100,ukr_rus_suspended,linear,0,1,10,test,2,2,7c99d61e9eb10c63a19f4bcdb05d6e9b3a56a8705bfc738ad72bda57e541b60d,0c2e028dcb3262ef92e92564f4c55cdddd6f64945b22ac315f10631df10ccb82,f89e55d9cfacf91222600ee60a2ba36a7e5c6eb5bd4c3c753e6136ad5559fc67,AdamW,0.01,0.0,0.4644814674564493,0.5348157335223246,0.5062522762302548,100
graphsage_pilot_v1_step100,ukr_rus_suspended,linear,0,1,100,val,2,2,7c99d61e9eb10c63a19f4bcdb05d6e9b3a56a8705bfc738ad72bda57e541b60d,0c2e028dcb3262ef92e92564f4c55cdddd6f64945b22ac315f10631df10ccb82,f89e55d9cfacf91222600ee60a2ba36a7e5c6eb5bd4c3c753e6136ad5559fc67,AdamW,0.01,0.0,0.4601131918110863,0.5373438469035173,0.5089746909260555,100
graphsage_pilot_v1_step100,ukr_rus_suspended,linear,0,1,100,test,2,2,7c99d61e9eb10c63a19f4bcdb05d6e9b3a56a8705bfc738ad72bda57e541b60d,0c2e028dcb3262ef92e92564f4c55cdddd6f64945b22ac315f10631df10ccb82,f89e55d9cfacf91222600ee60a2ba36a7e5c6eb5bd4c3c753e6136ad5559fc67,AdamW,0.01,0.0,0.464471193429665,0.5337526576895819,0.5058790696586593,100
graphsage_pilot_v1_step100,ukr_rus_suspended,linear,0,10,0,val,2,20,e5a82878379041fa98c0278a2e88145c8947d0c76c48e42e2c7c3a50b79d1cad,0c2e028dcb3262ef92e92564f4c55cdddd6f64945b22ac315f10631df10ccb82,f89e55d9cfacf91222600ee60a2ba36a7e5c6eb5bd4c3c753e6136ad5559fc67,AdamW,0.01,0.0,0.4696701630736786,0.4602640205546203,0.4553602376402352,100
graphsage_pilot_v1_step100,ukr_rus_suspended,linear,0,10,0,test,2,20,e5a82878379041fa98c0278a2e88145c8947d0c76c48e42e2c7c3a50b79d1cad,0c2e028dcb3262ef92e92564f4c55cdddd6f64945b22ac315f10631df10ccb82,f89e55d9cfacf91222600ee60a2ba36a7e5c6eb5bd4c3c753e6136ad5559fc67,AdamW,0.01,0.0,0.4722856278488316,0.4639440113394755,0.4592742571452871,100
graphsage_pilot_v1_step100,ukr_rus_suspended,linear,0,10,1,val,2,20,e5a82878379041fa98c0278a2e88145c8947d0c76c48e42e2c7c3a50b79d1cad,0c2e028dcb3262ef92e92564f4c55cdddd6f64945b22ac315f10631df10ccb82,f89e55d9cfacf91222600ee60a2ba36a7e5c6eb5bd4c3c753e6136ad5559fc67,AdamW,0.01,0.0,0.4601030126913843,0.5373438469035173,0.509107682846428,100
graphsage_pilot_v1_step100,ukr_rus_suspended,linear,0,10,1,test,2,20,e5a82878379041fa98c0278a2e88145c8947d0c76c48e42e2c7c3a50b79d1cad,0c2e028dcb3262ef92e92564f4c55cdddd6f64945b22ac315f10631df10ccb82,f89e55d9cfacf91222600ee60a2ba36a7e5c6eb5bd4c3c753e6136ad5559fc67,AdamW,0.01,0.0,0.4644849886017792,0.5337526576895819,0.5060111055142258,100
graphsage_pilot_v1_step100,ukr_rus_suspended,linear,0,10,10,val,2,20,e5a82878379041fa98c0278a2e88145c8947d0c76c48e42e2c7c3a50b79d1cad,0c2e028dcb3262ef92e92564f4c55cdddd6f64945b22ac315f10631df10ccb82,f89e55d9cfacf91222600ee60a2ba36a7e5c6eb5bd4c3c753e6136ad5559fc67,AdamW,0.01,0.0,0.5404510337386521,0.5331797643306458,0.5112278842180057,100
graphsage_pilot_v1_step100,ukr_rus_suspended,linear,0,10,10,test,2,20,e5a82878379041fa98c0278a2e88145c8947d0c76c48e42e2c7c3a50b79d1cad,0c2e028dcb3262ef92e92564f4c55cdddd6f64945b22ac315f10631df10ccb82,f89e55d9cfacf91222600ee60a2ba36a7e5c6eb5bd4c3c753e6136ad5559fc67,AdamW,0.01,0.0,0.5386637674724377,0.5269312544294826,0.5058783649590289,100
graphsage_pilot_v1_step100,ukr_rus_suspended,linear,0,10,100,val,2,20,e5a82878379041fa98c0278a2e88145c8947d0c76c48e42e2c7c3a50b79d1cad,0c2e028dcb3262ef92e92564f4c55cdddd6f64945b22ac315f10631df10ccb82,f89e55d9cfacf91222600ee60a2ba36a7e5c6eb5bd4c3c753e6136ad5559fc67,AdamW,0.01,0.0,0.5518486085416741,0.525826171701958,0.5233163608100424,100
graphsage_pilot_v1_step100,ukr_rus_suspended,linear,0,10,100,test,2,20,e5a82878379041fa98c0278a2e88145c8947d0c76c48e42e2c7c3a50b79d1cad,0c2e028dcb3262ef92e92564f4c55cdddd6f64945b22ac315f10631df10ccb82,f89e55d9cfacf91222600ee60a2ba36a7e5c6eb5bd4c3c753e6136ad5559fc67,AdamW,0.01,0.0,0.5483065284671256,0.5218816442239547,0.5194376085575273,100
graphsage_pilot_v1_step100,ukr_rus_suspended,linear,0,100,0,val,2,200,0e6e836a2d142a85ab039b2a0676f9ba6b8c674a523a6ccbb1030280fce6a8bd,0c2e028dcb3262ef92e92564f4c55cdddd6f64945b22ac315f10631df10ccb82,f89e55d9cfacf91222600ee60a2ba36a7e5c6eb5bd4c3c753e6136ad5559fc67,AdamW,0.01,0.0,0.4696701630736786,0.4602640205546203,0.4553602376402352,100
graphsage_pilot_v1_step100,ukr_rus_suspended,linear,0,100,0,test,2,200,0e6e836a2d142a85ab039b2a0676f9ba6b8c674a523a6ccbb1030280fce6a8bd,0c2e028dcb3262ef92e92564f4c55cdddd6f64945b22ac315f10631df10ccb82,f89e55d9cfacf91222600ee60a2ba36a7e5c6eb5bd4c3c753e6136ad5559fc67,AdamW,0.01,0.0,0.4722856278488316,0.4639440113394755,0.4592742571452871,100
graphsage_pilot_v1_step100,ukr_rus_suspended,linear,0,100,1,val,2,200,0e6e836a2d142a85ab039b2a0676f9ba6b8c674a523a6ccbb1030280fce6a8bd,0c2e028dcb3262ef92e92564f4c55cdddd6f64945b22ac315f10631df10ccb82,f89e55d9cfacf91222600ee60a2ba36a7e5c6eb5bd4c3c753e6136ad5559fc67,AdamW,0.01,0.0,0.4600734401777476,0.5395587844422788,0.509180819034954,100
graphsage_pilot_v1_step100,ukr_rus_suspended,linear,0,100,1,test,2,200,0e6e836a2d142a85ab039b2a0676f9ba6b8c674a523a6ccbb1030280fce6a8bd,0c2e028dcb3262ef92e92564f4c55cdddd6f64945b22ac315f10631df10ccb82,f89e55d9cfacf91222600ee60a2ba36a7e5c6eb5bd4c3c753e6136ad5559fc67,AdamW,0.01,0.0,0.4645035107909117,0.5357902197023388,0.5058162656525315,100
graphsage_pilot_v1_step100,ukr_rus_suspended,linear,0,100,10,val,2,200,0e6e836a2d142a85ab039b2a0676f9ba6b8c674a523a6ccbb1030280fce6a8bd,0c2e028dcb3262ef92e92564f4c55cdddd6f64945b22ac315f10631df10ccb82,f89e55d9cfacf91222600ee60a2ba36a7e5c6eb5bd4c3c753e6136ad5559fc67,AdamW,0.01,0.0,0.5232687279239336,0.5445202445291043,0.4894819622678773,100
graphsage_pilot_v1_step100,ukr_rus_suspended,linear,0,100,10,test,2,200,0e6e836a2d142a85ab039b2a0676f9ba6b8c674a523a6ccbb1030280fce6a8bd,0c2e028dcb3262ef92e92564f4c55cdddd6f64945b22ac315f10631df10ccb82,f89e55d9cfacf91222600ee60a2ba36a7e5c6eb5bd4c3c753e6136ad5559fc67,AdamW,0.01,0.0,0.5304269242400017,0.5497873848334515,0.4947357428931622,100
graphsage_pilot_v1_step100,ukr_rus_suspended,linear,0,100,100,val,2,200,0e6e836a2d142a85ab039b2a0676f9ba6b8c674a523a6ccbb1030280fce6a8bd,0c2e028dcb3262ef92e92564f4c55cdddd6f64945b22ac315f10631df10ccb82,f89e55d9cfacf91222600ee60a2ba36a7e5c6eb5bd4c3c753e6136ad5559fc67,AdamW,0.01,0.0,0.5846135385443865,0.5653406573934615,0.5640463617544278,100
graphsage_pilot_v1_step100,ukr_rus_suspended,linear,0,100,100,test,2,200,0e6e836a2d142a85ab039b2a0676f9ba6b8c674a523a6ccbb1030280fce6a8bd,0c2e028dcb3262ef92e92564f4c55cdddd6f64945b22ac315f10631df10ccb82,f89e55d9cfacf91222600ee60a2ba36a7e5c6eb5bd4c3c753e6136ad5559fc67,AdamW,0.01,0.0,0.5896560133637595,0.5659107016300496,0.5639444175611091,100
graphsage_pilot_v1_step100,ukr_rus_suspended,linear,1,0,0,val,2,0,af5570f5a1810b7af78caf4bc70a660f0df51e42baf91d4de5b2328de0e83dfc,0c2e028dcb3262ef92e92564f4c55cdddd6f64945b22ac315f10631df10ccb82,8a8ac6a74ff16f70c26373d03c9e72726890aaba776363757688178d530a945d,none,0.0,0.0,0.552675368543632,0.4570745104988039,0.4017281418496252,100
graphsage_pilot_v1_step100,ukr_rus_suspended,linear,1,0,0,test,2,0,af5570f5a1810b7af78caf4bc70a660f0df51e42baf91d4de5b2328de0e83dfc,0c2e028dcb3262ef92e92564f4c55cdddd6f64945b22ac315f10631df10ccb82,8a8ac6a74ff16f70c26373d03c9e72726890aaba776363757688178d530a945d,none,0.0,0.0,0.5435791898831802,0.4580970942593905,0.4048286333085994,100
graphsage_pilot_v1_step100,ukr_rus_suspended,linear,1,1,0,val,2,2,d73d3d76b81fffb6f14dba64a89f45ae3cb6ec170ba2f809a798c78d912bfa77,0c2e028dcb3262ef92e92564f4c55cdddd6f64945b22ac315f10631df10ccb82,8a8ac6a74ff16f70c26373d03c9e72726890aaba776363757688178d530a945d,AdamW,0.01,0.0,0.552675368543632,0.4570745104988039,0.4017281418496252,100
graphsage_pilot_v1_step100,ukr_rus_suspended,linear,1,1,0,test,2,2,d73d3d76b81fffb6f14dba64a89f45ae3cb6ec170ba2f809a798c78d912bfa77,0c2e028dcb3262ef92e92564f4c55cdddd6f64945b22ac315f10631df10ccb82,8a8ac6a74ff16f70c26373d03c9e72726890aaba776363757688178d530a945d,AdamW,0.01,0.0,0.5435791898831802,0.4580970942593905,0.4048286333085994,100
graphsage_pilot_v1_step100,ukr_rus_suspended,linear,1,1,1,val,2,2,d73d3d76b81fffb6f14dba64a89f45ae3cb6ec170ba2f809a798c78d912bfa77,0c2e028dcb3262ef92e92564f4c55cdddd6f64945b22ac315f10631df10ccb82,8a8ac6a74ff16f70c26373d03c9e72726890aaba776363757688178d530a945d,AdamW,0.01,0.0,0.5446550744986132,0.5285726942500222,0.5088464011511311,100
graphsage_pilot_v1_step100,ukr_rus_suspended,linear,1,1,1,test,2,2,d73d3d76b81fffb6f14dba64a89f45ae3cb6ec170ba2f809a798c78d912bfa77,0c2e028dcb3262ef92e92564f4c55cdddd6f64945b22ac315f10631df10ccb82,8a8ac6a74ff16f70c26373d03c9e72726890aaba776363757688178d530a945d,AdamW,0.01,0.0,0.5414946396913277,0.523033309709426,0.504235970089668,100
graphsage_pilot_v1_step100,ukr_rus_suspended,linear,1,1,10,val,2,2,d73d3d76b81fffb6f14dba64a89f45ae3cb6ec170ba2f809a798c78d912bfa77,0c2e028dcb3262ef92e92564f4c55cdddd6f64945b22ac315f10631df10ccb82,8a8ac6a74ff16f70c26373d03c9e72726890aaba776363757688178d530a945d,AdamW,0.01,0.0,0.5633112943331217,0.5427482944980951,0.5090276118730915,100
graphsage_pilot_v1_step100,ukr_rus_suspended,linear,1,1,10,test,2,2,d73d3d76b81fffb6f14dba64a89f45ae3cb6ec170ba2f809a798c78d912bfa77,0c2e028dcb3262ef92e92564f4c55cdddd6f64945b22ac315f10631df10ccb82,8a8ac6a74ff16f70c26373d03c9e72726890aaba776363757688178d530a945d,AdamW,0.01,0.0,0.5591675575110757,0.5420800850460666,0.508634296728968,100
graphsage_pilot_v1_step100,ukr_rus_suspended,linear,1,1,100,val,2,2,d73d3d76b81fffb6f14dba64a89f45ae3cb6ec170ba2f809a798c78d912bfa77,0c2e028dcb3262ef92e92564f4c55cdddd6f64945b22ac315f10631df10ccb82,8a8ac6a74ff16f70c26373d03c9e72726890aaba776363757688178d530a945d,AdamW,0.01,0.0,0.5674094433028178,0.5568352972446177,0.5566365053451549,100
graphsage_pilot_v1_step100,ukr_rus_suspended,linear,1,1,100,test,2,2,d73d3d76b81fffb6f14dba64a89f45ae3cb6ec170ba2f809a798c78d912bfa77,0c2e028dcb3262ef92e92564f4c55cdddd6f64945b22ac315f10631df10ccb82,8a8ac6a74ff16f70c26373d03c9e72726890aaba776363757688178d530a945d,AdamW,0.01,0.0,0.5600175845033075,0.5505846917080085,0.5504839325273085,100
graphsage_pilot_v1_step100,ukr_rus_suspended,linear,1,10,0,val,2,20,0799d70a753227d471335ad303c0239095fe54cbc93c2961ebd67a3fb8c8bf71,0c2e028dcb3262ef92e92564f4c55cdddd6f64945b22ac315f10631df10ccb82,8a8ac6a74ff16f70c26373d03c9e72726890aaba776363757688178d530a945d,AdamW,0.01,0.0,0.552675368543632,0.4570745104988039,0.4017281418496252,100
graphsage_pilot_v1_step100,ukr_rus_suspended,linear,1,10,0,test,2,20,0799d70a753227d471335ad303c0239095fe54cbc93c2961ebd67a3fb8c8bf71,0c2e028dcb3262ef92e92564f4c55cdddd6f64945b22ac315f10631df10ccb82,8a8ac6a74ff16f70c26373d03c9e72726890aaba776363757688178d530a945d,AdamW,0.01,0.0,0.5435791898831802,0.4580970942593905,0.4048286333085994,100
graphsage_pilot_v1_step100,ukr_rus_suspended,linear,1,10,1,val,2,20,0799d70a753227d471335ad303c0239095fe54cbc93c2961ebd67a3fb8c8bf71,0c2e028dcb3262ef92e92564f4c55cdddd6f64945b22ac315f10631df10ccb82,8a8ac6a74ff16f70c26373d03c9e72726890aaba776363757688178d530a945d,AdamW,0.01,0.0,0.530789424984905,0.4621245680871799,0.4577828769418727,100
graphsage_pilot_v1_step100,ukr_rus_suspended,linear,1,10,1,test,2,20,0799d70a753227d471335ad303c0239095fe54cbc93c2961ebd67a3fb8c8bf71,0c2e028dcb3262ef92e92564f4c55cdddd6f64945b22ac315f10631df10ccb82,8a8ac6a74ff16f70c26373d03c9e72726890aaba776363757688178d530a945d,AdamW,0.01,0.0,0.5247102242098132,0.4651842664776754,0.4611642145729794,100
graphsage_pilot_v1_step100,ukr_rus_suspended,linear,1,10,10,val,2,20,0799d70a753227d471335ad303c0239095fe54cbc93c2961ebd67a3fb8c8bf71,0c2e028dcb3262ef92e92564f4c55cdddd6f64945b22ac315f10631df10ccb82,8a8ac6a74ff16f70c26373d03c9e72726890aaba776363757688178d530a945d,AdamW,0.01,0.0,0.5134360038261913,0.460795605563923,0.4510881151928083,100
graphsage_pilot_v1_step100,ukr_rus_suspended,linear,1,10,10,test,2,20,0799d70a753227d471335ad303c0239095fe54cbc93c2961ebd67a3fb8c8bf71,0c2e028dcb3262ef92e92564f4c55cdddd6f64945b22ac315f10631df10ccb82,8a8ac6a74ff16f70c26373d03c9e72726890aaba776363757688178d530a945d,AdamW,0.01,0.0,0.5117160724624054,0.4619950389794472,0.4520729227764626,100
graphsage_pilot_v1_step100,ukr_rus_suspended,linear,1,10,100,val,2,20,0799d70a753227d471335ad303c0239095fe54cbc93c2961ebd67a3fb8c8bf71,0c2e028dcb3262ef92e92564f4c55cdddd6f64945b22ac315f10631df10ccb82,8a8ac6a74ff16f70c26373d03c9e72726890aaba776363757688178d530a945d,AdamW,0.01,0.0,0.5804787576083692,0.5816425976787455,0.5683180565553965,100
graphsage_pilot_v1_step100,ukr_rus_suspended,linear,1,10,100,test,2,20,0799d70a753227d471335ad303c0239095fe54cbc93c2961ebd67a3fb8c8bf71,0c2e028dcb3262ef92e92564f4c55cdddd6f64945b22ac315f10631df10ccb82,8a8ac6a74ff16f70c26373d03c9e72726890aaba776363757688178d530a945d,AdamW,0.01,0.0,0.5704077930052753,0.5698086463501063,0.5552544203539529,100
graphsage_pilot_v1_step100,ukr_rus_suspended,linear,1,100,0,val,2,200,1728296263c97d6583bec3f11c800c3d719473b87756114e79f69c4d870069e2,0c2e028dcb3262ef92e92564f4c55cdddd6f64945b22ac315f10631df10ccb82,8a8ac6a74ff16f70c26373d03c9e72726890aaba776363757688178d530a945d,AdamW,0.01,0.0,0.552675368543632,0.4570745104988039,0.4017281418496252,100
graphsage_pilot_v1_step100,ukr_rus_suspended,linear,1,100,0,test,2,200,1728296263c97d6583bec3f11c800c3d719473b87756114e79f69c4d870069e2,0c2e028dcb3262ef92e92564f4c55cdddd6f64945b22ac315f10631df10ccb82,8a8ac6a74ff16f70c26373d03c9e72726890aaba776363757688178d530a945d,AdamW,0.01,0.0,0.5435791898831802,0.4580970942593905,0.4048286333085994,100
graphsage_pilot_v1_step100,ukr_rus_suspended,linear,1,100,1,val,2,200,1728296263c97d6583bec3f11c800c3d719473b87756114e79f69c4d870069e2,0c2e028dcb3262ef92e92564f4c55cdddd6f64945b22ac315f10631df10ccb82,8a8ac6a74ff16f70c26373d03c9e72726890aaba776363757688178d530a945d,AdamW,0.01,0.0,0.4700621637071318,0.5332683618321963,0.5113782466274204,100
graphsage_pilot_v1_step100,ukr_rus_suspended,linear,1,100,1,test,2,200,1728296263c97d6583bec3f11c800c3d719473b87756114e79f69c4d870069e2,0c2e028dcb3262ef92e92564f4c55cdddd6f64945b22ac315f10631df10ccb82,8a8ac6a74ff16f70c26373d03c9e72726890aaba776363757688178d530a945d,AdamW,0.01,0.0,0.4753645076782835,0.5267540751240255,0.5058064235260826,100
graphsage_pilot_v1_step100,ukr_rus_suspended,linear,1,100,10,val,2,200,1728296263c97d6583bec3f11c800c3d719473b87756114e79f69c4d870069e2,0c2e028dcb3262ef92e92564f4c55cdddd6f64945b22ac315f10631df10ccb82,8a8ac6a74ff16f70c26373d03c9e72726890aaba776363757688178d530a945d,AdamW,0.01,0.0,0.5436696134976993,0.5219278816337379,0.5058652318803019,100
graphsage_pilot_v1_step100,ukr_rus_suspended,linear,1,100,10,test,2,200,1728296263c97d6583bec3f11c800c3d719473b87756114e79f69c4d870069e2,0c2e028dcb3262ef92e92564f4c55cdddd6f64945b22ac315f10631df10ccb82,8a8ac6a74ff16f70c26373d03c9e72726890aaba776363757688178d530a945d,AdamW,0.01,0.0,0.5380350581307329,0.517983699503898,0.5026344506618954,100
graphsage_pilot_v1_step100,ukr_rus_suspended,linear,1,100,100,val,2,200,1728296263c97d6583bec3f11c800c3d719473b87756114e79f69c4d870069e2,0c2e028dcb3262ef92e92564f4c55cdddd6f64945b22ac315f10631df10ccb82,8a8ac6a74ff16f70c26373d03c9e72726890aaba776363757688178d530a945d,AdamW,0.01,0.0,0.5071953511686947,0.5606449898112873,0.512350615416067,100
graphsage_pilot_v1_step100,ukr_rus_suspended,linear,1,100,100,test,2,200,1728296263c97d6583bec3f11c800c3d719473b87756114e79f69c4d870069e2,0c2e028dcb3262ef92e92564f4c55cdddd6f64945b22ac315f10631df10ccb82,8a8ac6a74ff16f70c26373d03c9e72726890aaba776363757688178d530a945d,AdamW,0.01,0.0,0.5025307066382368,0.5567859673990078,0.5079246291792231,100
graphsage_pilot_v1_step100,ukr_rus_suspended,linear,2,0,0,val,2,0,af5570f5a1810b7af78caf4bc70a660f0df51e42baf91d4de5b2328de0e83dfc,0c2e028dcb3262ef92e92564f4c55cdddd6f64945b22ac315f10631df10ccb82,203ffea723cb4cf0d5b2da185e1677d1c082fd4475784ccb7c3a518868d42cce,none,0.0,0.0,0.556375245384324,0.5469123770709666,0.486868108262415,100
graphsage_pilot_v1_step100,ukr_rus_suspended,linear,2,0,0,test,2,0,af5570f5a1810b7af78caf4bc70a660f0df51e42baf91d4de5b2328de0e83dfc,0c2e028dcb3262ef92e92564f4c55cdddd6f64945b22ac315f10631df10ccb82,203ffea723cb4cf0d5b2da185e1677d1c082fd4475784ccb7c3a518868d42cce,none,0.0,0.0,0.5484574714459232,0.552710843373494,0.4934468948154805,100
graphsage_pilot_v1_step100,ukr_rus_suspended,linear,2,1,0,val,2,2,aad26da52850ca862f2ded49b2710985a734f1e075c85c658bab395f51c94f19,0c2e028dcb3262ef92e92564f4c55cdddd6f64945b22ac315f10631df10ccb82,203ffea723cb4cf0d5b2da185e1677d1c082fd4475784ccb7c3a518868d42cce,AdamW,0.01,0.0,0.556375245384324,0.5469123770709666,0.486868108262415,100
graphsage_pilot_v1_step100,ukr_rus_suspended,linear,2,1,0,test,2,2,aad26da52850ca862f2ded49b2710985a734f1e075c85c658bab395f51c94f19,0c2e028dcb3262ef92e92564f4c55cdddd6f64945b22ac315f10631df10ccb82,203ffea723cb4cf0d5b2da185e1677d1c082fd4475784ccb7c3a518868d42cce,AdamW,0.01,0.0,0.5484574714459232,0.552710843373494,0.4934468948154805,100
graphsage_pilot_v1_step100,ukr_rus_suspended,linear,2,1,1,val,2,2,aad26da52850ca862f2ded49b2710985a734f1e075c85c658bab395f51c94f19,0c2e028dcb3262ef92e92564f4c55cdddd6f64945b22ac315f10631df10ccb82,203ffea723cb4cf0d5b2da185e1677d1c082fd4475784ccb7c3a518868d42cce,AdamW,0.01,0.0,0.5276685519103909,0.4714273057499779,0.470289980934976,100
graphsage_pilot_v1_step100,ukr_rus_suspended,linear,2,1,1,test,2,2,aad26da52850ca862f2ded49b2710985a734f1e075c85c658bab395f51c94f19,0c2e028dcb3262ef92e92564f4c55cdddd6f64945b22ac315f10631df10ccb82,203ffea723cb4cf0d5b2da185e1677d1c082fd4475784ccb7c3a518868d42cce,AdamW,0.01,0.0,0.5240516735633952,0.476966690290574,0.4761042245536053,100
graphsage_pilot_v1_step100,ukr_rus_suspended,linear,2,1,10,val,2,2,aad26da52850ca862f2ded49b2710985a734f1e075c85c658bab395f51c94f19,0c2e028dcb3262ef92e92564f4c55cdddd6f64945b22ac315f10631df10ccb82,203ffea723cb4cf0d5b2da185e1677d1c082fd4475784ccb7c3a518868d42cce,AdamW,0.01,0.0,0.4584247444011786,0.4693895632143173,0.4679554409167584,100
graphsage_pilot_v1_step100,ukr_rus_suspended,linear,2,1,10,test,2,2,aad26da52850ca862f2ded49b2710985a734f1e075c85c658bab395f51c94f19,0c2e028dcb3262ef92e92564f4c55cdddd6f64945b22ac315f10631df10ccb82,203ffea723cb4cf0d5b2da185e1677d1c082fd4475784ccb7c3a518868d42cce,AdamW,0.01,0.0,0.4612258229157809,0.4746633593196314,0.4735114380853382,100
graphsage_pilot_v1_step100,ukr_rus_suspended,linear,2,1,100,val,2,2,aad26da52850ca862f2ded49b2710985a734f1e075c85c658bab395f51c94f19,0c2e028dcb3262ef92e92564f4c55cdddd6f64945b22ac315f10631df10ccb82,203ffea723cb4cf0d5b2da185e1677d1c082fd4475784ccb7c3a518868d42cce,AdamW,0.01,0.0,0.459342907430603,0.4693895632143173,0.4679554409167584,100
graphsage_pilot_v1_step100,ukr_rus_suspended,linear,2,1,100,test,2,2,aad26da52850ca862f2ded49b2710985a734f1e075c85c658bab395f51c94f19,0c2e028dcb3262ef92e92564f4c55cdddd6f64945b22ac315f10631df10ccb82,203ffea723cb4cf0d5b2da185e1677d1c082fd4475784ccb7c3a518868d42cce,AdamW,0.01,0.0,0.4628336518335231,0.4746633593196314,0.4735114380853382,100
graphsage_pilot_v1_step100,ukr_rus_suspended,linear,2,10,0,val,2,20,ebf0dfe0820787f8d79027650ee848f503045e56e273aae6c793bbd29d911716,0c2e028dcb3262ef92e92564f4c55cdddd6f64945b22ac315f10631df10ccb82,203ffea723cb4cf0d5b2da185e1677d1c082fd4475784ccb7c3a518868d42cce,AdamW,0.01,0.0,0.556375245384324,0.5469123770709666,0.486868108262415,100
graphsage_pilot_v1_step100,ukr_rus_suspended,linear,2,10,0,test,2,20,ebf0dfe0820787f8d79027650ee848f503045e56e273aae6c793bbd29d911716,0c2e028dcb3262ef92e92564f4c55cdddd6f64945b22ac315f10631df10ccb82,203ffea723cb4cf0d5b2da185e1677d1c082fd4475784ccb7c3a518868d42cce,AdamW,0.01,0.0,0.5484574714459232,0.552710843373494,0.4934468948154805,100
graphsage_pilot_v1_step100,ukr_rus_suspended,linear,2,10,1,val,2,20,ebf0dfe0820787f8d79027650ee848f503045e56e273aae6c793bbd29d911716,0c2e028dcb3262ef92e92564f4c55cdddd6f64945b22ac315f10631df10ccb82,203ffea723cb4cf0d5b2da185e1677d1c082fd4475784ccb7c3a518868d42cce,AdamW,0.01,0.0,0.4721870268036001,0.542925489501196,0.4214456726064325,100
graphsage_pilot_v1_step100,ukr_rus_suspended,linear,2,10,1,test,2,20,ebf0dfe0820787f8d79027650ee848f503045e56e273aae6c793bbd29d911716,0c2e028dcb3262ef92e92564f4c55cdddd6f64945b22ac315f10631df10ccb82,203ffea723cb4cf0d5b2da185e1677d1c082fd4475784ccb7c3a518868d42cce,AdamW,0.01,0.0,0.4850342801987893,0.5419029057406095,0.4234197562894468,100
graphsage_pilot_v1_step100,ukr_rus_suspended,linear,2,10,10,val,2,20,ebf0dfe0820787f8d79027650ee848f503045e56e273aae6c793bbd29d911716,0c2e028dcb3262ef92e92564f4c55cdddd6f64945b22ac315f10631df10ccb82,203ffea723cb4cf0d5b2da185e1677d1c082fd4475784ccb7c3a518868d42cce,AdamW,0.01,0.0,0.4348242704433548,0.534951714361655,0.4245400433418151,100
graphsage_pilot_v1_step100,ukr_rus_suspended,linear,2,10,10,test,2,20,ebf0dfe0820787f8d79027650ee848f503045e56e273aae6c793bbd29d911716,0c2e028dcb3262ef92e92564f4c55cdddd6f64945b22ac315f10631df10ccb82,203ffea723cb4cf0d5b2da185e1677d1c082fd4475784ccb7c3a518868d42cce,AdamW,0.01,0.0,0.4367672400098836,0.5339298369950389,0.4264210745664498,100
graphsage_pilot_v1_step100,ukr_rus_suspended,linear,2,10,100,val,2,20,ebf0dfe0820787f8d79027650ee848f503045e56e273aae6c793bbd29d911716,0c2e028dcb3262ef92e92564f4c55cdddd6f64945b22ac315f10631df10ccb82,203ffea723cb4cf0d5b2da185e1677d1c082fd4475784ccb7c3a518868d42cce,AdamW,0.01,0.0,0.4137475427798008,0.4928679011251882,0.439358228072185,100
graphsage_pilot_v1_step100,ukr_rus_suspended,linear,2,10,100,test,2,20,ebf0dfe0820787f8d79027650ee848f503045e56e273aae6c793bbd29d911716,0c2e028dcb3262ef92e92564f4c55cdddd6f64945b22ac315f10631df10ccb82,203ffea723cb4cf0d5b2da185e1677d1c082fd4475784ccb7c3a518868d42cce,AdamW,0.01,0.0,0.4210617098887523,0.4947732104890149,0.4457533887685004,100
graphsage_pilot_v1_step100,ukr_rus_suspended,linear,2,100,0,val,2,200,43631ca67a92fed54e454d00c6f590f21eb883aa513846af2e549f7403669eed,0c2e028dcb3262ef92e92564f4c55cdddd6f64945b22ac315f10631df10ccb82,203ffea723cb4cf0d5b2da185e1677d1c082fd4475784ccb7c3a518868d42cce,AdamW,0.01,0.0,0.556375245384324,0.5469123770709666,0.486868108262415,100
graphsage_pilot_v1_step100,ukr_rus_suspended,linear,2,100,0,test,2,200,43631ca67a92fed54e454d00c6f590f21eb883aa513846af2e549f7403669eed,0c2e028dcb3262ef92e92564f4c55cdddd6f64945b22ac315f10631df10ccb82,203ffea723cb4cf0d5b2da185e1677d1c082fd4475784ccb7c3a518868d42cce,AdamW,0.01,0.0,0.5484574714459232,0.552710843373494,0.4934468948154805,100
graphsage_pilot_v1_step100,ukr_rus_suspended,linear,2,100,1,val,2,200,43631ca67a92fed54e454d00c6f590f21eb883aa513846af2e549f7403669eed,0c2e028dcb3262ef92e92564f4c55cdddd6f64945b22ac315f10631df10ccb82,203ffea723cb4cf0d5b2da185e1677d1c082fd4475784ccb7c3a518868d42cce,AdamW,0.01,0.0,0.5402443155968364,0.4592894480375653,0.4490055220181028,100
graphsage_pilot_v1_step100,ukr_rus_suspended,linear,2,100,1,test,2,200,43631ca67a92fed54e454d00c6f590f21eb883aa513846af2e549f7403669eed,0c2e028dcb3262ef92e92564f4c55cdddd6f64945b22ac315f10631df10ccb82,203ffea723cb4cf0d5b2da185e1677d1c082fd4475784ccb7c3a518868d42cce,AdamW,0.01,0.0,0.5358452916145033,0.4608433734939759,0.4503179491610997,100
graphsage_pilot_v1_step100,ukr_rus_suspended,linear,2,100,10,val,2,200,43631ca67a92fed54e454d00c6f590f21eb883aa513846af2e549f7403669eed,0c2e028dcb3262ef92e92564f4c55cdddd6f64945b22ac315f10631df10ccb82,203ffea723cb4cf0d5b2da185e1677d1c082fd4475784ccb7c3a518868d42cce,AdamW,0.01,0.0,0.5822342617783992,0.5963497829361212,0.5768493247175241,100
graphsage_pilot_v1_step100,ukr_rus_suspended,linear,2,100,10,test,2,200,43631ca67a92fed54e454d00c6f590f21eb883aa513846af2e549f7403669eed,0c2e028dcb3262ef92e92564f4c55cdddd6f64945b22ac315f10631df10ccb82,203ffea723cb4cf0d5b2da185e1677d1c082fd4475784ccb7c3a518868d42cce,AdamW,0.01,0.0,0.5785884908519037,0.5973600283486888,0.5750393399950922,100
graphsage_pilot_v1_step100,ukr_rus_suspended,linear,2,100,100,val,2,200,43631ca67a92fed54e454d00c6f590f21eb883aa513846af2e549f7403669eed,0c2e028dcb3262ef92e92564f4c55cdddd6f64945b22ac315f10631df10ccb82,203ffea723cb4cf0d5b2da185e1677d1c082fd4475784ccb7c3a518868d42cce,AdamW,0.01,0.0,0.591958086984164,0.5722512625143971,0.5716833367592188,100
graphsage_pilot_v1_step100,ukr_rus_suspended,linear,2,100,100,test,2,200,43631ca67a92fed54e454d00c6f590f21eb883aa513846af2e549f7403669eed,0c2e028dcb3262ef92e92564f4c55cdddd6f64945b22ac315f10631df10ccb82,203ffea723cb4cf0d5b2da185e1677d1c082fd4475784ccb7c3a518868d42cce,AdamW,0.01,0.0,0.5961295184655293,0.5689227498228207,0.5680409928860315,100
graphsage_pilot_v1_step20,covid_political,linear,0,0,0,val,2,0,af5570f5a1810b7af78caf4bc70a660f0df51e42baf91d4de5b2328de0e83dfc,f1b58c8ccaee181a233f11c34ff62fda2f7ec53206eb08b2970705719fba8082,f89e55d9cfacf91222600ee60a2ba36a7e5c6eb5bd4c3c753e6136ad5559fc67,none,0.0,0.0,0.379380738012347,0.5321596542519385,0.4190321718293122,20
graphsage_pilot_v1_step20,covid_political,linear,0,0,0,test,2,0,af5570f5a1810b7af78caf4bc70a660f0df51e42baf91d4de5b2328de0e83dfc,f1b58c8ccaee181a233f11c34ff62fda2f7ec53206eb08b2970705719fba8082,f89e55d9cfacf91222600ee60a2ba36a7e5c6eb5bd4c3c753e6136ad5559fc67,none,0.0,0.0,0.3770429707857111,0.5313969747044617,0.4199375132215889,20
graphsage_pilot_v1_step20,covid_political,linear,0,1,0,val,2,2,83cb1f5f80360408baf933c03274febff7c6d49f773d7382e9ebea1efe88cb54,f1b58c8ccaee181a233f11c34ff62fda2f7ec53206eb08b2970705719fba8082,f89e55d9cfacf91222600ee60a2ba36a7e5c6eb5bd4c3c753e6136ad5559fc67,AdamW,0.01,0.0,0.379380738012347,0.5321596542519385,0.4190321718293122,20
graphsage_pilot_v1_step20,covid_political,linear,0,1,0,test,2,2,83cb1f5f80360408baf933c03274febff7c6d49f773d7382e9ebea1efe88cb54,f1b58c8ccaee181a233f11c34ff62fda2f7ec53206eb08b2970705719fba8082,f89e55d9cfacf91222600ee60a2ba36a7e5c6eb5bd4c3c753e6136ad5559fc67,AdamW,0.01,0.0,0.3770429707857111,0.5313969747044617,0.4199375132215889,20
graphsage_pilot_v1_step20,covid_political,linear,0,1,1,val,2,2,83cb1f5f80360408baf933c03274febff7c6d49f773d7382e9ebea1efe88cb54,f1b58c8ccaee181a233f11c34ff62fda2f7ec53206eb08b2970705719fba8082,f89e55d9cfacf91222600ee60a2ba36a7e5c6eb5bd4c3c753e6136ad5559fc67,AdamW,0.01,0.0,0.5491864889282055,0.516206940383882,0.506253058936051,20
graphsage_pilot_v1_step20,covid_political,linear,0,1,1,test,2,2,83cb1f5f80360408baf933c03274febff7c6d49f773d7382e9ebea1efe88cb54,f1b58c8ccaee181a233f11c34ff62fda2f7ec53206eb08b2970705719fba8082,f89e55d9cfacf91222600ee60a2ba36a7e5c6eb5bd4c3c753e6136ad5559fc67,AdamW,0.01,0.0,0.544901305399338,0.5165247235286641,0.5058078118391107,20
graphsage_pilot_v1_step20,covid_political,linear,0,1,10,val,2,2,83cb1f5f80360408baf933c03274febff7c6d49f773d7382e9ebea1efe88cb54,f1b58c8ccaee181a233f11c34ff62fda2f7ec53206eb08b2970705719fba8082,f89e55d9cfacf91222600ee60a2ba36a7e5c6eb5bd4c3c753e6136ad5559fc67,AdamW,0.01,0.0,0.5492340038592562,0.5163340536417949,0.5067429573867437,20
graphsage_pilot_v1_step20,covid_political,linear,0,1,10,test,2,2,83cb1f5f80360408baf933c03274febff7c6d49f773d7382e9ebea1efe88cb54,f1b58c8ccaee181a233f11c34ff62fda2f7ec53206eb08b2970705719fba8082,f89e55d9cfacf91222600ee60a2ba36a7e5c6eb5bd4c3c753e6136ad5559fc67,AdamW,0.01,0.0,0.5449653690088918,0.516842506673446,0.5064234431832962,20
graphsage_pilot_v1_step20,covid_political,linear,0,1,100,val,2,2,83cb1f5f80360408baf933c03274febff7c6d49f773d7382e9ebea1efe88cb54,f1b58c8ccaee181a233f11c34ff62fda2f7ec53206eb08b2970705719fba8082,f89e55d9cfacf91222600ee60a2ba36a7e5c6eb5bd4c3c753e6136ad5559fc67,AdamW,0.01,0.0,0.5492371787699808,0.5163340536417949,0.506617697754242,20
graphsage_pilot_v1_step20,covid_political,linear,0,1,100,test,2,2,83cb1f5f80360408baf933c03274febff7c6d49f773d7382e9ebea1efe88cb54,f1b58c8ccaee181a233f11c34ff62fda2f7ec53206eb08b2970705719fba8082,f89e55d9cfacf91222600ee60a2ba36a7e5c6eb5bd4c3c753e6136ad5559fc67,AdamW,0.01,0.0,0.5449683699519056,0.5163976102707513,0.5058474094272563,20
graphsage_pilot_v1_step20,covid_political,linear,0,10,0,val,2,20,fd81701c0bd9f5dde83c0f8fe71b62765f94b2a9027e4cc8613e624847ba0206,f1b58c8ccaee181a233f11c34ff62fda2f7ec53206eb08b2970705719fba8082,f89e55d9cfacf91222600ee60a2ba36a7e5c6eb5bd4c3c753e6136ad5559fc67,AdamW,0.01,0.0,0.379380738012347,0.5321596542519385,0.4190321718293122,20
graphsage_pilot_v1_step20,covid_political,linear,0,10,0,test,2,20,fd81701c0bd9f5dde83c0f8fe71b62765f94b2a9027e4cc8613e624847ba0206,f1b58c8ccaee181a233f11c34ff62fda2f7ec53206eb08b2970705719fba8082,f89e55d9cfacf91222600ee60a2ba36a7e5c6eb5bd4c3c753e6136ad5559fc67,AdamW,0.01,0.0,0.3770429707857111,0.5313969747044617,0.4199375132215889,20
graphsage_pilot_v1_step20,covid_political,linear,0,10,1,val,2,20,fd81701c0bd9f5dde83c0f8fe71b62765f94b2a9027e4cc8613e624847ba0206,f1b58c8ccaee181a233f11c34ff62fda2f7ec53206eb08b2970705719fba8082,f89e55d9cfacf91222600ee60a2ba36a7e5c6eb5bd4c3c753e6136ad5559fc67,AdamW,0.01,0.0,0.5249773814793323,0.7024914198550909,0.4745492103643492,20
graphsage_pilot_v1_step20,covid_political,linear,0,10,1,test,2,20,fd81701c0bd9f5dde83c0f8fe71b62765f94b2a9027e4cc8613e624847ba0206,f1b58c8ccaee181a233f11c34ff62fda2f7ec53206eb08b2970705719fba8082,f89e55d9cfacf91222600ee60a2ba36a7e5c6eb5bd4c3c753e6136ad5559fc67,AdamW,0.01,0.0,0.5230037939095862,0.7035083259183933,0.4761903168095755,20
graphsage_pilot_v1_step20,covid_political,linear,0,10,10,val,2,20,fd81701c0bd9f5dde83c0f8fe71b62765f94b2a9027e4cc8613e624847ba0206,f1b58c8ccaee181a233f11c34ff62fda2f7ec53206eb08b2970705719fba8082,f89e55d9cfacf91222600ee60a2ba36a7e5c6eb5bd4c3c753e6136ad5559fc67,AdamW,0.01,0.0,0.3689495144615552,0.7024914198550909,0.4745492103643492,20
graphsage_pilot_v1_step20,covid_political,linear,0,10,10,test,2,20,fd81701c0bd9f5dde83c0f8fe71b62765f94b2a9027e4cc8613e624847ba0206,f1b58c8ccaee181a233f11c34ff62fda2f7ec53206eb08b2970705719fba8082,f89e55d9cfacf91222600ee60a2ba36a7e5c6eb5bd4c3c753e6136ad5559fc67,AdamW,0.01,0.0,0.3694950663300827,0.7035083259183933,0.4761903168095755,20
graphsage_pilot_v1_step20,covid_political,linear,0,10,100,val,2,20,fd81701c0bd9f5dde83c0f8fe71b62765f94b2a9027e4cc8613e624847ba0206,f1b58c8ccaee181a233f11c34ff62fda2f7ec53206eb08b2970705719fba8082,f89e55d9cfacf91222600ee60a2ba36a7e5c6eb5bd4c3c753e6136ad5559fc67,AdamW,0.01,0.0,0.5906949020610717,0.6827888648786068,0.5717036128169035,20
graphsage_pilot_v1_step20,covid_political,linear,0,10,100,test,2,20,fd81701c0bd9f5dde83c0f8fe71b62765f94b2a9027e4cc8613e624847ba0206,f1b58c8ccaee181a233f11c34ff62fda2f7ec53206eb08b2970705719fba8082,f89e55d9cfacf91222600ee60a2ba36a7e5c6eb5bd4c3c753e6136ad5559fc67,AdamW,0.01,0.0,0.5961485940853806,0.6853946866658193,0.5762940355630268,20
graphsage_pilot_v1_step20,covid_political,linear,0,100,0,val,2,200,e518b8d4501a6dd8d4517d1671d020cdbe000f6892f46ab76d9587c53f8b19b7,f1b58c8ccaee181a233f11c34ff62fda2f7ec53206eb08b2970705719fba8082,f89e55d9cfacf91222600ee60a2ba36a7e5c6eb5bd4c3c753e6136ad5559fc67,AdamW,0.01,0.0,0.379380738012347,0.5321596542519385,0.4190321718293122,20
graphsage_pilot_v1_step20,covid_political,linear,0,100,0,test,2,200,e518b8d4501a6dd8d4517d1671d020cdbe000f6892f46ab76d9587c53f8b19b7,f1b58c8ccaee181a233f11c34ff62fda2f7ec53206eb08b2970705719fba8082,f89e55d9cfacf91222600ee60a2ba36a7e5c6eb5bd4c3c753e6136ad5559fc67,AdamW,0.01,0.0,0.3770429707857111,0.5313969747044617,0.4199375132215889,20
graphsage_pilot_v1_step20,covid_political,linear,0,100,1,val,2,200,e518b8d4501a6dd8d4517d1671d020cdbe000f6892f46ab76d9587c53f8b19b7,f1b58c8ccaee181a233f11c34ff62fda2f7ec53206eb08b2970705719fba8082,f89e55d9cfacf91222600ee60a2ba36a7e5c6eb5bd4c3c753e6136ad5559fc67,AdamW,0.01,0.0,0.5476255418958283,0.4678403457480615,0.4655365692342045,20
graphsage_pilot_v1_step20,covid_political,linear,0,100,1,test,2,200,e518b8d4501a6dd8d4517d1671d020cdbe000f6892f46ab76d9587c53f8b19b7,f1b58c8ccaee181a233f11c34ff62fda2f7ec53206eb08b2970705719fba8082,f89e55d9cfacf91222600ee60a2ba36a7e5c6eb5bd4c3c753e6136ad5559fc67,AdamW,0.01,0.0,0.543392048523074,0.4686030252955383,0.4660921165392013,20
graphsage_pilot_v1_step20,covid_political,linear,0,100,10,val,2,200,e518b8d4501a6dd8d4517d1671d020cdbe000f6892f46ab76d9587c53f8b19b7,f1b58c8ccaee181a233f11c34ff62fda2f7ec53206eb08b2970705719fba8082,f89e55d9cfacf91222600ee60a2ba36a7e5c6eb5bd4c3c753e6136ad5559fc67,AdamW,0.01,0.0,0.6536118904320912,0.503813397737384,0.4969713425483212,20
graphsage_pilot_v1_step20,covid_political,linear,0,100,10,test,2,200,e518b8d4501a6dd8d4517d1671d020cdbe000f6892f46ab76d9587c53f8b19b7,f1b58c8ccaee181a233f11c34ff62fda2f7ec53206eb08b2970705719fba8082,f89e55d9cfacf91222600ee60a2ba36a7e5c6eb5bd4c3c753e6136ad5559fc67,AdamW,0.01,0.0,0.6527044422328799,0.5026693784161688,0.4955049564578812,20
graphsage_pilot_v1_step20,covid_political,linear,0,100,100,val,2,200,e518b8d4501a6dd8d4517d1671d020cdbe000f6892f46ab76d9587c53f8b19b7,f1b58c8ccaee181a233f11c34ff62fda2f7ec53206eb08b2970705719fba8082,f89e55d9cfacf91222600ee60a2ba36a7e5c6eb5bd4c3c753e6136ad5559fc67,AdamW,0.01,0.0,0.6298923498677682,0.6636583195627304,0.5805381426976777,20
graphsage_pilot_v1_step20,covid_political,linear,0,100,100,test,2,200,e518b8d4501a6dd8d4517d1671d020cdbe000f6892f46ab76d9587c53f8b19b7,f1b58c8ccaee181a233f11c34ff62fda2f7ec53206eb08b2970705719fba8082,f89e55d9cfacf91222600ee60a2ba36a7e5c6eb5bd4c3c753e6136ad5559fc67,AdamW,0.01,0.0,0.6326939585036994,0.66931485953985,0.5856833204871581,20
graphsage_pilot_v1_step20,covid_political,linear,1,0,0,val,2,0,af5570f5a1810b7af78caf4bc70a660f0df51e42baf91d4de5b2328de0e83dfc,f1b58c8ccaee181a233f11c34ff62fda2f7ec53206eb08b2970705719fba8082,8a8ac6a74ff16f70c26373d03c9e72726890aaba776363757688178d530a945d,none,0.0,0.0,0.4745056299756804,0.5321596542519385,0.4190321718293122,20
graphsage_pilot_v1_step20,covid_political,linear,1,0,0,test,2,0,af5570f5a1810b7af78caf4bc70a660f0df51e42baf91d4de5b2328de0e83dfc,f1b58c8ccaee181a233f11c34ff62fda2f7ec53206eb08b2970705719fba8082,8a8ac6a74ff16f70c26373d03c9e72726890aaba776363757688178d530a945d,none,0.0,0.0,0.4766714736119795,0.5313969747044617,0.4199375132215889,20
graphsage_pilot_v1_step20,covid_political,linear,1,1,0,val,2,2,a1a5486cefa74f8722a35f2abc7ceba0b5efb57b74cc3cdb660b354f7db25aa5,f1b58c8ccaee181a233f11c34ff62fda2f7ec53206eb08b2970705719fba8082,8a8ac6a74ff16f70c26373d03c9e72726890aaba776363757688178d530a945d,AdamW,0.01,0.0,0.4745056299756804,0.5321596542519385,0.4190321718293122,20
graphsage_pilot_v1_step20,covid_political,linear,1,1,0,test,2,2,a1a5486cefa74f8722a35f2abc7ceba0b5efb57b74cc3cdb660b354f7db25aa5,f1b58c8ccaee181a233f11c34ff62fda2f7ec53206eb08b2970705719fba8082,8a8ac6a74ff16f70c26373d03c9e72726890aaba776363757688178d530a945d,AdamW,0.01,0.0,0.4766714736119795,0.5313969747044617,0.4199375132215889,20
graphsage_pilot_v1_step20,covid_political,linear,1,1,1,val,2,2,a1a5486cefa74f8722a35f2abc7ceba0b5efb57b74cc3cdb660b354f7db25aa5,f1b58c8ccaee181a233f11c34ff62fda2f7ec53206eb08b2970705719fba8082,8a8ac6a74ff16f70c26373d03c9e72726890aaba776363757688178d530a945d,AdamW,0.01,0.0,0.6319032861304569,0.2976356934028219,0.2807469299315953,20
graphsage_pilot_v1_step20,covid_political,linear,1,1,1,test,2,2,a1a5486cefa74f8722a35f2abc7ceba0b5efb57b74cc3cdb660b354f7db25aa5,f1b58c8ccaee181a233f11c34ff62fda2f7ec53206eb08b2970705719fba8082,8a8ac6a74ff16f70c26373d03c9e72726890aaba776363757688178d530a945d,AdamW,0.01,0.0,0.6314590487075883,0.2963645608236939,0.2793876895540275,20
graphsage_pilot_v1_step20,covid_political,linear,1,1,10,val,2,2,a1a5486cefa74f8722a35f2abc7ceba0b5efb57b74cc3cdb660b354f7db25aa5,f1b58c8ccaee181a233f11c34ff62fda2f7ec53206eb08b2970705719fba8082,8a8ac6a74ff16f70c26373d03c9e72726890aaba776363757688178d530a945d,AdamW,0.01,0.0,0.6415502741133109,0.5188763188000508,0.5076872970104224,20
graphsage_pilot_v1_step20,covid_political,linear,1,1,10,test,2,2,a1a5486cefa74f8722a35f2abc7ceba0b5efb57b74cc3cdb660b354f7db25aa5,f1b58c8ccaee181a233f11c34ff62fda2f7ec53206eb08b2970705719fba8082,8a8ac6a74ff16f70c26373d03c9e72726890aaba776363757688178d530a945d,AdamW,0.01,0.0,0.639870431023488,0.5186220922842253,0.5068990829271651,20
graphsage_pilot_v1_step20,covid_political,linear,1,1,100,val,2,2,a1a5486cefa74f8722a35f2abc7ceba0b5efb57b74cc3cdb660b354f7db25aa5,f1b58c8ccaee181a233f11c34ff62fda2f7ec53206eb08b2970705719fba8082,8a8ac6a74ff16f70c26373d03c9e72726890aaba776363757688178d530a945d,AdamW,0.01,0.0,0.6430348493205854,0.5186856489131817,0.5078654551789453,20
graphsage_pilot_v1_step20,covid_political,linear,1,1,100,test,2,2,a1a5486cefa74f8722a35f2abc7ceba0b5efb57b74cc3cdb660b354f7db25aa5,f1b58c8ccaee181a233f11c34ff62fda2f7ec53206eb08b2970705719fba8082,8a8ac6a74ff16f70c26373d03c9e72726890aaba776363757688178d530a945d,AdamW,0.01,0.0,0.6418313950612089,0.5182407525104868,0.5068232101954319,20
graphsage_pilot_v1_step20,covid_political,linear,1,10,0,val,2,20,f9c026150d0dd5592c79f931e4798ed5d85119b5f6613d26370f93e1e204582e,f1b58c8ccaee181a233f11c34ff62fda2f7ec53206eb08b2970705719fba8082,8a8ac6a74ff16f70c26373d03c9e72726890aaba776363757688178d530a945d,AdamW,0.01,0.0,0.4745056299756804,0.5321596542519385,0.4190321718293122,20
graphsage_pilot_v1_step20,covid_political,linear,1,10,0,test,2,20,f9c026150d0dd5592c79f931e4798ed5d85119b5f6613d26370f93e1e204582e,f1b58c8ccaee181a233f11c34ff62fda2f7ec53206eb08b2970705719fba8082,8a8ac6a74ff16f70c26373d03c9e72726890aaba776363757688178d530a945d,AdamW,0.01,0.0,0.4766714736119795,0.5313969747044617,0.4199375132215889,20
graphsage_pilot_v1_step20,covid_political,linear,1,10,1,val,2,20,f9c026150d0dd5592c79f931e4798ed5d85119b5f6613d26370f93e1e204582e,f1b58c8ccaee181a233f11c34ff62fda2f7ec53206eb08b2970705719fba8082,8a8ac6a74ff16f70c26373d03c9e72726890aaba776363757688178d530a945d,AdamW,0.01,0.0,0.5457295330521799,0.5190034320579636,0.5073489809093958,20
graphsage_pilot_v1_step20,covid_political,linear,1,10,1,test,2,20,f9c026150d0dd5592c79f931e4798ed5d85119b5f6613d26370f93e1e204582e,f1b58c8ccaee181a233f11c34ff62fda2f7ec53206eb08b2970705719fba8082,8a8ac6a74ff16f70c26373d03c9e72726890aaba776363757688178d530a945d,AdamW,0.01,0.0,0.5393916827559617,0.518749205542138,0.5067504126910104,20
graphsage_pilot_v1_step20,covid_political,linear,1,10,10,val,2,20,f9c026150d0dd5592c79f931e4798ed5d85119b5f6613d26370f93e1e204582e,f1b58c8ccaee181a233f11c34ff62fda2f7ec53206eb08b2970705719fba8082,8a8ac6a74ff16f70c26373d03c9e72726890aaba776363757688178d530a945d,AdamW,0.01,0.0,0.6356772764137079,0.5188127621710944,0.5064823973469806,20
graphsage_pilot_v1_step20,covid_political,linear,1,10,10,test,2,20,f9c026150d0dd5592c79f931e4798ed5d85119b5f6613d26370f93e1e204582e,f1b58c8ccaee181a233f11c34ff62fda2f7ec53206eb08b2970705719fba8082,8a8ac6a74ff16f70c26373d03c9e72726890aaba776363757688178d530a945d,AdamW,0.01,0.0,0.6352834243891206,0.5186856489131817,0.5059000580938736,20
graphsage_pilot_v1_step20,covid_political,linear,1,10,100,val,2,20,f9c026150d0dd5592c79f931e4798ed5d85119b5f6613d26370f93e1e204582e,f1b58c8ccaee181a233f11c34ff62fda2f7ec53206eb08b2970705719fba8082,8a8ac6a74ff16f70c26373d03c9e72726890aaba776363757688178d530a945d,AdamW,0.01,0.0,0.6347721659056123,0.5188127621710944,0.5063804723701725,20
graphsage_pilot_v1_step20,covid_political,linear,1,10,100,test,2,20,f9c026150d0dd5592c79f931e4798ed5d85119b5f6613d26370f93e1e204582e,f1b58c8ccaee181a233f11c34ff62fda2f7ec53206eb08b2970705719fba8082,8a8ac6a74ff16f70c26373d03c9e72726890aaba776363757688178d530a945d,AdamW,0.01,0.0,0.6340232022910678,0.5184314223973561,0.505535080940303,20
graphsage_pilot_v1_step20,covid_political,linear,1,100,0,val,2,200,deff487df17b1c21d7fda36c1e8d131f2aa5ae126f57b1bdc5989660169e9a6e,f1b58c8ccaee181a233f11c34ff62fda2f7ec53206eb08b2970705719fba8082,8a8ac6a74ff16f70c26373d03c9e72726890aaba776363757688178d530a945d,AdamW,0.01,0.0,0.4745056299756804,0.5321596542519385,0.4190321718293122,20
graphsage_pilot_v1_step20,covid_political,linear,1,100,0,test,2,200,deff487df17b1c21d7fda36c1e8d131f2aa5ae126f57b1bdc5989660169e9a6e,f1b58c8ccaee181a233f11c34ff62fda2f7ec53206eb08b2970705719fba8082,8a8ac6a74ff16f70c26373d03c9e72726890aaba776363757688178d530a945d,AdamW,0.01,0.0,0.4766714736119795,0.5313969747044617,0.4199375132215889,20
graphsage_pilot_v1_step20,covid_political,linear,1,100,1,val,2,200,deff487df17b1c21d7fda36c1e8d131f2aa5ae126f57b1bdc5989660169e9a6e,f1b58c8ccaee181a233f11c34ff62fda2f7ec53206eb08b2970705719fba8082,8a8ac6a74ff16f70c26373d03c9e72726890aaba776363757688178d530a945d,AdamW,0.01,0.0,0.5490352674954706,0.5163340536417949,0.506617697754242,20
graphsage_pilot_v1_step20,covid_political,linear,1,100,1,test,2,200,deff487df17b1c21d7fda36c1e8d131f2aa5ae126f57b1bdc5989660169e9a6e,f1b58c8ccaee181a233f11c34ff62fda2f7ec53206eb08b2970705719fba8082,8a8ac6a74ff16f70c26373d03c9e72726890aaba776363757688178d530a945d,AdamW,0.01,0.0,0.5448203995407687,0.5163340536417949,0.505773084499596,20
graphsage_pilot_v1_step20,covid_political,linear,1,100,10,val,2,200,deff487df17b1c21d7fda36c1e8d131f2aa5ae126f57b1bdc5989660169e9a6e,f1b58c8ccaee181a233f11c34ff62fda2f7ec53206eb08b2970705719fba8082,8a8ac6a74ff16f70c26373d03c9e72726890aaba776363757688178d530a945d,AdamW,0.01,0.0,0.6460787406129469,0.5156984873522308,0.5065008415984052,20
graphsage_pilot_v1_step20,covid_political,linear,1,100,10,test,2,200,deff487df17b1c21d7fda36c1e8d131f2aa5ae126f57b1bdc5989660169e9a6e,f1b58c8ccaee181a233f11c34ff62fda2f7ec53206eb08b2970705719fba8082,8a8ac6a74ff16f70c26373d03c9e72726890aaba776363757688178d530a945d,AdamW,0.01,0.0,0.6459055448837239,0.5163976102707513,0.5063290961249487,20
graphsage_pilot_v1_step20,covid_political,linear,1,100,100,val,2,200,deff487df17b1c21d7fda36c1e8d131f2aa5ae126f57b1bdc5989660169e9a6e,f1b58c8ccaee181a233f11c34ff62fda2f7ec53206eb08b2970705719fba8082,8a8ac6a74ff16f70c26373d03c9e72726890aaba776363757688178d530a945d,AdamW,0.01,0.0,0.6561486006091698,0.6749713995169696,0.6085300965982537,20
graphsage_pilot_v1_step20,covid_political,linear,1,100,100,test,2,200,deff487df17b1c21d7fda36c1e8d131f2aa5ae126f57b1bdc5989660169e9a6e,f1b58c8ccaee181a233f11c34ff62fda2f7ec53206eb08b2970705719fba8082,8a8ac6a74ff16f70c26373d03c9e72726890aaba776363757688178d530a945d,AdamW,0.01,0.0,0.6563788577475814,0.6750985127748824,0.6083865208032925,20
graphsage_pilot_v1_step20,covid_political,linear,2,0,0,val,2,0,af5570f5a1810b7af78caf4bc70a660f0df51e42baf91d4de5b2328de0e83dfc,f1b58c8ccaee181a233f11c34ff62fda2f7ec53206eb08b2970705719fba8082,203ffea723cb4cf0d5b2da185e1677d1c082fd4475784ccb7c3a518868d42cce,none,0.0,0.0,0.4531241719544695,0.4802974450235159,0.4113442284782883,20
graphsage_pilot_v1_step20,covid_political,linear,2,0,0,test,2,0,af5570f5a1810b7af78caf4bc70a660f0df51e42baf91d4de5b2328de0e83dfc,f1b58c8ccaee181a233f11c34ff62fda2f7ec53206eb08b2970705719fba8082,203ffea723cb4cf0d5b2da185e1677d1c082fd4475784ccb7c3a518868d42cce,none,0.0,0.0,0.4571092611819649,0.4813143510868183,0.4136475102569992,20
graphsage_pilot_v1_step20,covid_political,linear,2,1,0,val,2,2,819b2388d0d03770163bf9616c766cae20d1f55fa6baefa8dc8935608069d370,f1b58c8ccaee181a233f11c34ff62fda2f7ec53206eb08b2970705719fba8082,203ffea723cb4cf0d5b2da185e1677d1c082fd4475784ccb7c3a518868d42cce,AdamW,0.01,0.0,0.4531241719544695,0.4802974450235159,0.4113442284782883,20
graphsage_pilot_v1_step20,covid_political,linear,2,1,0,test,2,2,819b2388d0d03770163bf9616c766cae20d1f55fa6baefa8dc8935608069d370,f1b58c8ccaee181a233f11c34ff62fda2f7ec53206eb08b2970705719fba8082,203ffea723cb4cf0d5b2da185e1677d1c082fd4475784ccb7c3a518868d42cce,AdamW,0.01,0.0,0.4571092611819649,0.4813143510868183,0.4136475102569992,20
graphsage_pilot_v1_step20,covid_political,linear,2,1,1,val,2,2,819b2388d0d03770163bf9616c766cae20d1f55fa6baefa8dc8935608069d370,f1b58c8ccaee181a233f11c34ff62fda2f7ec53206eb08b2970705719fba8082,203ffea723cb4cf0d5b2da185e1677d1c082fd4475784ccb7c3a518868d42cce,AdamW,0.01,0.0,0.5499298312110903,0.5059107664929452,0.4985678640173877,20
graphsage_pilot_v1_step20,covid_political,linear,2,1,1,test,2,2,819b2388d0d03770163bf9616c766cae20d1f55fa6baefa8dc8935608069d370,f1b58c8ccaee181a233f11c34ff62fda2f7ec53206eb08b2970705719fba8082,203ffea723cb4cf0d5b2da185e1677d1c082fd4475784ccb7c3a518868d42cce,AdamW,0.01,0.0,0.5456535635274085,0.5055929833481632,0.4978402085814468,20
graphsage_pilot_v1_step20,covid_political,linear,2,1,10,val,2,2,819b2388d0d03770163bf9616c766cae20d1f55fa6baefa8dc8935608069d370,f1b58c8ccaee181a233f11c34ff62fda2f7ec53206eb08b2970705719fba8082,203ffea723cb4cf0d5b2da185e1677d1c082fd4475784ccb7c3a518868d42cce,AdamW,0.01,0.0,0.5493071572817066,0.5097241642303292,0.5014081681690387,20
graphsage_pilot_v1_step20,covid_political,linear,2,1,10,test,2,2,819b2388d0d03770163bf9616c766cae20d1f55fa6baefa8dc8935608069d370,f1b58c8ccaee181a233f11c34ff62fda2f7ec53206eb08b2970705719fba8082,203ffea723cb4cf0d5b2da185e1677d1c082fd4475784ccb7c3a518868d42cce,AdamW,0.01,0.0,0.545019038047717,0.5095334943434601,0.5006809544071091,20
graphsage_pilot_v1_step20,covid_political,linear,2,1,100,val,2,2,819b2388d0d03770163bf9616c766cae20d1f55fa6baefa8dc8935608069d370,f1b58c8ccaee181a233f11c34ff62fda2f7ec53206eb08b2970705719fba8082,203ffea723cb4cf0d5b2da185e1677d1c082fd4475784ccb7c3a518868d42cce,AdamW,0.01,0.0,0.5492978065172437,0.5160798271259692,0.5064121804119511,20
graphsage_pilot_v1_step20,covid_political,linear,2,1,100,test,2,2,819b2388d0d03770163bf9616c766cae20d1f55fa6baefa8dc8935608069d370,f1b58c8ccaee181a233f11c34ff62fda2f7ec53206eb08b2970705719fba8082,203ffea723cb4cf0d5b2da185e1677d1c082fd4475784ccb7c3a518868d42cce,AdamW,0.01,0.0,0.5450099264888564,0.5165247235286641,0.5060147636652115,20
graphsage_pilot_v1_step20,covid_political,linear,2,10,0,val,2,20,59f9bdd18cf237d344bd10e236a66ddc182933a5b318262271cb8275b34bc0d9,f1b58c8ccaee181a233f11c34ff62fda2f7ec53206eb08b2970705719fba8082,203ffea723cb4cf0d5b2da185e1677d1c082fd4475784ccb7c3a518868d42cce,AdamW,0.01,0.0,0.4531241719544695,0.4802974450235159,0.4113442284782883,20
graphsage_pilot_v1_step20,covid_political,linear,2,10,0,test,2,20,59f9bdd18cf237d344bd10e236a66ddc182933a5b318262271cb8275b34bc0d9,f1b58c8ccaee181a233f11c34ff62fda2f7ec53206eb08b2970705719fba8082,203ffea723cb4cf0d5b2da185e1677d1c082fd4475784ccb7c3a518868d42cce,AdamW,0.01,0.0,0.4571092611819649,0.4813143510868183,0.4136475102569992,20
graphsage_pilot_v1_step20,covid_political,linear,2,10,1,val,2,20,59f9bdd18cf237d344bd10e236a66ddc182933a5b318262271cb8275b34bc0d9,f1b58c8ccaee181a233f11c34ff62fda2f7ec53206eb08b2970705719fba8082,203ffea723cb4cf0d5b2da185e1677d1c082fd4475784ccb7c3a518868d42cce,AdamW,0.01,0.0,0.5499298312110903,0.5059107664929452,0.4985678640173877,20
graphsage_pilot_v1_step20,covid_political,linear,2,10,1,test,2,20,59f9bdd18cf237d344bd10e236a66ddc182933a5b318262271cb8275b34bc0d9,f1b58c8ccaee181a233f11c34ff62fda2f7ec53206eb08b2970705719fba8082,203ffea723cb4cf0d5b2da185e1677d1c082fd4475784ccb7c3a518868d42cce,AdamW,0.01,0.0,0.5456535635274085,0.5055929833481632,0.4978402085814468,20
graphsage_pilot_v1_step20,covid_political,linear,2,10,10,val,2,20,59f9bdd18cf237d344bd10e236a66ddc182933a5b318262271cb8275b34bc0d9,f1b58c8ccaee181a233f11c34ff62fda2f7ec53206eb08b2970705719fba8082,203ffea723cb4cf0d5b2da185e1677d1c082fd4475784ccb7c3a518868d42cce,AdamW,0.01,0.0,0.6204911347685451,0.4678403457480615,0.4655365692342045,20
graphsage_pilot_v1_step20,covid_political,linear,2,10,10,test,2,20,59f9bdd18cf237d344bd10e236a66ddc182933a5b318262271cb8275b34bc0d9,f1b58c8ccaee181a233f11c34ff62fda2f7ec53206eb08b2970705719fba8082,203ffea723cb4cf0d5b2da185e1677d1c082fd4475784ccb7c3a518868d42cce,AdamW,0.01,0.0,0.6228464618610043,0.4686030252955383,0.4660921165392013,20
graphsage_pilot_v1_step20,covid_political,linear,2,10,100,val,2,20,59f9bdd18cf237d344bd10e236a66ddc182933a5b318262271cb8275b34bc0d9,f1b58c8ccaee181a233f11c34ff62fda2f7ec53206eb08b2970705719fba8082,203ffea723cb4cf0d5b2da185e1677d1c082fd4475784ccb7c3a518868d42cce,AdamW,0.01,0.0,0.6524304539611308,0.5090885979407652,0.5010753800598007,20
graphsage_pilot_v1_step20,covid_political,linear,2,10,100,test,2,20,59f9bdd18cf237d344bd10e236a66ddc182933a5b318262271cb8275b34bc0d9,f1b58c8ccaee181a233f11c34ff62fda2f7ec53206eb08b2970705719fba8082,203ffea723cb4cf0d5b2da185e1677d1c082fd4475784ccb7c3a518868d42cce,AdamW,0.01,0.0,0.6515282465392115,0.5090250413118088,0.5005380166039624,20
graphsage_pilot_v1_step20,covid_political,linear,2,100,0,val,2,200,c2c4b3d8afd50110d9a186f13b92defd8364a53b560f60feae44094cbdc75d36,f1b58c8ccaee181a233f11c34ff62fda2f7ec53206eb08b2970705719fba8082,203ffea723cb4cf0d5b2da185e1677d1c082fd4475784ccb7c3a518868d42cce,AdamW,0.01,0.0,0.4531241719544695,0.4802974450235159,0.4113442284782883,20
graphsage_pilot_v1_step20,covid_political,linear,2,100,0,test,2,200,c2c4b3d8afd50110d9a186f13b92defd8364a53b560f60feae44094cbdc75d36,f1b58c8ccaee181a233f11c34ff62fda2f7ec53206eb08b2970705719fba8082,203ffea723cb4cf0d5b2da185e1677d1c082fd4475784ccb7c3a518868d42cce,AdamW,0.01,0.0,0.4571092611819649,0.4813143510868183,0.4136475102569992,20
graphsage_pilot_v1_step20,covid_political,linear,2,100,1,val,2,200,c2c4b3d8afd50110d9a186f13b92defd8364a53b560f60feae44094cbdc75d36,f1b58c8ccaee181a233f11c34ff62fda2f7ec53206eb08b2970705719fba8082,203ffea723cb4cf0d5b2da185e1677d1c082fd4475784ccb7c3a518868d42cce,AdamW,0.01,0.0,0.5279507506108713,0.4678403457480615,0.4655365692342045,20
graphsage_pilot_v1_step20,covid_political,linear,2,100,1,test,2,200,c2c4b3d8afd50110d9a186f13b92defd8364a53b560f60feae44094cbdc75d36,f1b58c8ccaee181a233f11c34ff62fda2f7ec53206eb08b2970705719fba8082,203ffea723cb4cf0d5b2da185e1677d1c082fd4475784ccb7c3a518868d42cce,AdamW,0.01,0.0,0.5257090787985659,0.4686030252955383,0.4660921165392013,20
graphsage_pilot_v1_step20,covid_political,linear,2,100,10,val,2,200,c2c4b3d8afd50110d9a186f13b92defd8364a53b560f60feae44094cbdc75d36,f1b58c8ccaee181a233f11c34ff62fda2f7ec53206eb08b2970705719fba8082,203ffea723cb4cf0d5b2da185e1677d1c082fd4475784ccb7c3a518868d42cce,AdamW,0.01,0.0,0.62290991658357,0.4678403457480615,0.4655365692342045,20
graphsage_pilot_v1_step20,covid_political,linear,2,100,10,test,2,200,c2c4b3d8afd50110d9a186f13b92defd8364a53b560f60feae44094cbdc75d36,f1b58c8ccaee181a233f11c34ff62fda2f7ec53206eb08b2970705719fba8082,203ffea723cb4cf0d5b2da185e1677d1c082fd4475784ccb7c3a518868d42cce,AdamW,0.01,0.0,0.6249519821935349,0.4686030252955383,0.4660921165392013,20
graphsage_pilot_v1_step20,covid_political,linear,2,100,100,val,2,200,c2c4b3d8afd50110d9a186f13b92defd8364a53b560f60feae44094cbdc75d36,f1b58c8ccaee181a233f11c34ff62fda2f7ec53206eb08b2970705719fba8082,203ffea723cb4cf0d5b2da185e1677d1c082fd4475784ccb7c3a518868d42cce,AdamW,0.01,0.0,0.64787058628967,0.6203762552434219,0.573806706779886,20
graphsage_pilot_v1_step20,covid_political,linear,2,100,100,test,2,200,c2c4b3d8afd50110d9a186f13b92defd8364a53b560f60feae44094cbdc75d36,f1b58c8ccaee181a233f11c34ff62fda2f7ec53206eb08b2970705719fba8082,203ffea723cb4cf0d5b2da185e1677d1c082fd4475784ccb7c3a518868d42cce,AdamW,0.01,0.0,0.649727767714833,0.6219016143383755,0.5755191861097508,20
graphsage_pilot_v1_step20,election2020,linear,0,0,0,val,2,0,af5570f5a1810b7af78caf4bc70a660f0df51e42baf91d4de5b2328de0e83dfc,4db6aa7af69e96de5ca88f4890129536991fb6b5a48192980711caf7e7cedb5c,f89e55d9cfacf91222600ee60a2ba36a7e5c6eb5bd4c3c753e6136ad5559fc67,none,0.0,0.0,0.4972644029692663,0.5255289497022678,0.5020762205660297,20
graphsage_pilot_v1_step20,election2020,linear,0,0,0,test,2,0,af5570f5a1810b7af78caf4bc70a660f0df51e42baf91d4de5b2328de0e83dfc,4db6aa7af69e96de5ca88f4890129536991fb6b5a48192980711caf7e7cedb5c,f89e55d9cfacf91222600ee60a2ba36a7e5c6eb5bd4c3c753e6136ad5559fc67,none,0.0,0.0,0.4974084797680291,0.519858111104073,0.4964612510822686,20
graphsage_pilot_v1_step20,election2020,linear,0,1,0,val,2,2,08d94d51669f2215e109205d97de59e7cd401bd8d9f0f558f89a298e5dd837c3,4db6aa7af69e96de5ca88f4890129536991fb6b5a48192980711caf7e7cedb5c,f89e55d9cfacf91222600ee60a2ba36a7e5c6eb5bd4c3c753e6136ad5559fc67,AdamW,0.01,0.0,0.4972644029692663,0.5255289497022678,0.5020762205660297,20
graphsage_pilot_v1_step20,election2020,linear,0,1,0,test,2,2,08d94d51669f2215e109205d97de59e7cd401bd8d9f0f558f89a298e5dd837c3,4db6aa7af69e96de5ca88f4890129536991fb6b5a48192980711caf7e7cedb5c,f89e55d9cfacf91222600ee60a2ba36a7e5c6eb5bd4c3c753e6136ad5559fc67,AdamW,0.01,0.0,0.4974084797680291,0.519858111104073,0.4964612510822686,20
graphsage_pilot_v1_step20,election2020,linear,0,1,1,val,2,2,08d94d51669f2215e109205d97de59e7cd401bd8d9f0f558f89a298e5dd837c3,4db6aa7af69e96de5ca88f4890129536991fb6b5a48192980711caf7e7cedb5c,f89e55d9cfacf91222600ee60a2ba36a7e5c6eb5bd4c3c753e6136ad5559fc67,AdamW,0.01,0.0,0.4749817714589808,0.4706702141137717,0.4510555048629272,20
graphsage_pilot_v1_step20,election2020,linear,0,1,1,test,2,2,08d94d51669f2215e109205d97de59e7cd401bd8d9f0f558f89a298e5dd837c3,4db6aa7af69e96de5ca88f4890129536991fb6b5a48192980711caf7e7cedb5c,f89e55d9cfacf91222600ee60a2ba36a7e5c6eb5bd4c3c753e6136ad5559fc67,AdamW,0.01,0.0,0.4806420315813862,0.4762779502121999,0.4577130309589734,20
graphsage_pilot_v1_step20,election2020,linear,0,1,10,val,2,2,08d94d51669f2215e109205d97de59e7cd401bd8d9f0f558f89a298e5dd837c3,4db6aa7af69e96de5ca88f4890129536991fb6b5a48192980711caf7e7cedb5c,f89e55d9cfacf91222600ee60a2ba36a7e5c6eb5bd4c3c753e6136ad5559fc67,AdamW,0.01,0.0,0.485150302312845,0.4673128088179399,0.4242551982063495,20
graphsage_pilot_v1_step20,election2020,linear,0,1,10,test,2,2,08d94d51669f2215e109205d97de59e7cd401bd8d9f0f558f89a298e5dd837c3,4db6aa7af69e96de5ca88f4890129536991fb6b5a48192980711caf7e7cedb5c,f89e55d9cfacf91222600ee60a2ba36a7e5c6eb5bd4c3c753e6136ad5559fc67,AdamW,0.01,0.0,0.4964021650018171,0.4721606385000316,0.428792238932309,20
graphsage_pilot_v1_step20,election2020,linear,0,1,100,val,2,2,08d94d51669f2215e109205d97de59e7cd401bd8d9f0f558f89a298e5dd837c3,4db6aa7af69e96de5ca88f4890129536991fb6b5a48192980711caf7e7cedb5c,f89e55d9cfacf91222600ee60a2ba36a7e5c6eb5bd4c3c753e6136ad5559fc67,AdamW,0.01,0.0,0.5510094236228975,0.5470036741416445,0.5057832508582085,20
graphsage_pilot_v1_step20,election2020,linear,0,1,100,test,2,2,08d94d51669f2215e109205d97de59e7cd401bd8d9f0f558f89a298e5dd837c3,4db6aa7af69e96de5ca88f4890129536991fb6b5a48192980711caf7e7cedb5c,f89e55d9cfacf91222600ee60a2ba36a7e5c6eb5bd4c3c753e6136ad5559fc67,AdamW,0.01,0.0,0.5431679742277002,0.5406980426933553,0.4986892500558005,20
graphsage_pilot_v1_step20,election2020,linear,0,10,0,val,2,20,b6534a1ef3f057337c8375bd52f2696a8aa28bb886a9b231c4e0174bd3f714e2,4db6aa7af69e96de5ca88f4890129536991fb6b5a48192980711caf7e7cedb5c,f89e55d9cfacf91222600ee60a2ba36a7e5c6eb5bd4c3c753e6136ad5559fc67,AdamW,0.01,0.0,0.4972644029692663,0.5255289497022678,0.5020762205660297,20
graphsage_pilot_v1_step20,election2020,linear,0,10,0,test,2,20,b6534a1ef3f057337c8375bd52f2696a8aa28bb886a9b231c4e0174bd3f714e2,4db6aa7af69e96de5ca88f4890129536991fb6b5a48192980711caf7e7cedb5c,f89e55d9cfacf91222600ee60a2ba36a7e5c6eb5bd4c3c753e6136ad5559fc67,AdamW,0.01,0.0,0.4974084797680291,0.519858111104073,0.4964612510822686,20
graphsage_pilot_v1_step20,election2020,linear,0,10,1,val,2,20,b6534a1ef3f057337c8375bd52f2696a8aa28bb886a9b231c4e0174bd3f714e2,4db6aa7af69e96de5ca88f4890129536991fb6b5a48192980711caf7e7cedb5c,f89e55d9cfacf91222600ee60a2ba36a7e5c6eb5bd4c3c753e6136ad5559fc67,AdamW,0.01,0.0,0.4910596917713555,0.5332573166096541,0.4650715966689555,20
graphsage_pilot_v1_step20,election2020,linear,0,10,1,test,2,20,b6534a1ef3f057337c8375bd52f2696a8aa28bb886a9b231c4e0174bd3f714e2,4db6aa7af69e96de5ca88f4890129536991fb6b5a48192980711caf7e7cedb5c,f89e55d9cfacf91222600ee60a2ba36a7e5c6eb5bd4c3c753e6136ad5559fc67,AdamW,0.01,0.0,0.486927335858439,0.5285361373281814,0.4597826733853479,20
graphsage_pilot_v1_step20,election2020,linear,0,10,10,val,2,20,b6534a1ef3f057337c8375bd52f2696a8aa28bb886a9b231c4e0174bd3f714e2,4db6aa7af69e96de5ca88f4890129536991fb6b5a48192980711caf7e7cedb5c,f89e55d9cfacf91222600ee60a2ba36a7e5c6eb5bd4c3c753e6136ad5559fc67,AdamW,0.01,0.0,0.510411459665357,0.4809324718104649,0.4667775941006027,20
graphsage_pilot_v1_step20,election2020,linear,0,10,10,test,2,20,b6534a1ef3f057337c8375bd52f2696a8aa28bb886a9b231c4e0174bd3f714e2,4db6aa7af69e96de5ca88f4890129536991fb6b5a48192980711caf7e7cedb5c,f89e55d9cfacf91222600ee60a2ba36a7e5c6eb5bd4c3c753e6136ad5559fc67,AdamW,0.01,0.0,0.5025489336103304,0.476974726040413,0.4638938226537572,20
graphsage_pilot_v1_step20,election2020,linear,0,10,100,val,2,20,b6534a1ef3f057337c8375bd52f2696a8aa28bb886a9b231c4e0174bd3f714e2,4db6aa7af69e96de5ca88f4890129536991fb6b5a48192980711caf7e7cedb5c,f89e55d9cfacf91222600ee60a2ba36a7e5c6eb5bd4c3c753e6136ad5559fc67,AdamW,0.01,0.0,0.5305836410711471,0.5145065247687824,0.5121463178969764,20
graphsage_pilot_v1_step20,election2020,linear,0,10,100,test,2,20,b6534a1ef3f057337c8375bd52f2696a8aa28bb886a9b231c4e0174bd3f714e2,4db6aa7af69e96de5ca88f4890129536991fb6b5a48192980711caf7e7cedb5c,f89e55d9cfacf91222600ee60a2ba36a7e5c6eb5bd4c3c753e6136ad5559fc67,AdamW,0.01,0.0,0.5228917216902608,0.5110533983657439,0.5092310643095956,20
graphsage_pilot_v1_step20,election2020,linear,0,100,0,val,2,200,50ec07087975f0e8f3e763af6776f688067a11d30479a86ddef55be76a24d4be,4db6aa7af69e96de5ca88f4890129536991fb6b5a48192980711caf7e7cedb5c,f89e55d9cfacf91222600ee60a2ba36a7e5c6eb5bd4c3c753e6136ad5559fc67,AdamW,0.01,0.0,0.4972644029692663,0.5255289497022678,0.5020762205660297,20
graphsage_pilot_v1_step20,election2020,linear,0,100,0,test,2,200,50ec07087975f0e8f3e763af6776f688067a11d30479a86ddef55be76a24d4be,4db6aa7af69e96de5ca88f4890129536991fb6b5a48192980711caf7e7cedb5c,f89e55d9cfacf91222600ee60a2ba36a7e5c6eb5bd4c3c753e6136ad5559fc67,AdamW,0.01,0.0,0.4974084797680291,0.519858111104073,0.4964612510822686,20
graphsage_pilot_v1_step20,election2020,linear,0,100,1,val,2,200,50ec07087975f0e8f3e763af6776f688067a11d30479a86ddef55be76a24d4be,4db6aa7af69e96de5ca88f4890129536991fb6b5a48192980711caf7e7cedb5c,f89e55d9cfacf91222600ee60a2ba36a7e5c6eb5bd4c3c753e6136ad5559fc67,AdamW,0.01,0.0,0.4749817876047212,0.4706702141137717,0.4510555048629272,20
graphsage_pilot_v1_step20,election2020,linear,0,100,1,test,2,200,50ec07087975f0e8f3e763af6776f688067a11d30479a86ddef55be76a24d4be,4db6aa7af69e96de5ca88f4890129536991fb6b5a48192980711caf7e7cedb5c,f89e55d9cfacf91222600ee60a2ba36a7e5c6eb5bd4c3c753e6136ad5559fc67,AdamW,0.01,0.0,0.4806420235096232,0.4762779502121999,0.4577130309589734,20
graphsage_pilot_v1_step20,election2020,linear,0,100,10,val,2,200,50ec07087975f0e8f3e763af6776f688067a11d30479a86ddef55be76a24d4be,4db6aa7af69e96de5ca88f4890129536991fb6b5a48192980711caf7e7cedb5c,f89e55d9cfacf91222600ee60a2ba36a7e5c6eb5bd4c3c753e6136ad5559fc67,AdamW,0.01,0.0,0.5096078054322021,0.4672494615482073,0.4247237409738006,20
graphsage_pilot_v1_step20,election2020,linear,0,100,10,test,2,200,50ec07087975f0e8f3e763af6776f688067a11d30479a86ddef55be76a24d4be,4db6aa7af69e96de5ca88f4890129536991fb6b5a48192980711caf7e7cedb5c,f89e55d9cfacf91222600ee60a2ba36a7e5c6eb5bd4c3c753e6136ad5559fc67,AdamW,0.01,0.0,0.5153804376884434,0.4720339519858111,0.4293424297050303,20
graphsage_pilot_v1_step20,election2020,linear,0,100,100,val,2,200,50ec07087975f0e8f3e763af6776f688067a11d30479a86ddef55be76a24d4be,4db6aa7af69e96de5ca88f4890129536991fb6b5a48192980711caf7e7cedb5c,f89e55d9cfacf91222600ee60a2ba36a7e5c6eb5bd4c3c753e6136ad5559fc67,AdamW,0.01,0.0,0.5590981489877267,0.5393386545039909,0.5375855016816473,20
graphsage_pilot_v1_step20,election2020,linear,0,100,100,test,2,200,50ec07087975f0e8f3e763af6776f688067a11d30479a86ddef55be76a24d4be,4db6aa7af69e96de5ca88f4890129536991fb6b5a48192980711caf7e7cedb5c,f89e55d9cfacf91222600ee60a2ba36a7e5c6eb5bd4c3c753e6136ad5559fc67,AdamW,0.01,0.0,0.5504026792699821,0.5325267625261291,0.5302669096003835,20
graphsage_pilot_v1_step20,election2020,linear,1,0,0,val,2,0,af5570f5a1810b7af78caf4bc70a660f0df51e42baf91d4de5b2328de0e83dfc,4db6aa7af69e96de5ca88f4890129536991fb6b5a48192980711caf7e7cedb5c,8a8ac6a74ff16f70c26373d03c9e72726890aaba776363757688178d530a945d,none,0.0,0.0,0.5244978109605036,0.5210946408209807,0.5070777952800865,20
graphsage_pilot_v1_step20,election2020,linear,1,0,0,test,2,0,af5570f5a1810b7af78caf4bc70a660f0df51e42baf91d4de5b2328de0e83dfc,4db6aa7af69e96de5ca88f4890129536991fb6b5a48192980711caf7e7cedb5c,8a8ac6a74ff16f70c26373d03c9e72726890aaba776363757688178d530a945d,none,0.0,0.0,0.5190336126938224,0.5171343510483309,0.5035868487060916,20
graphsage_pilot_v1_step20,election2020,linear,1,1,0,val,2,2,78f669017e10b4ad480d639a6df17bf9ebfc9f39fe37b9df5e1bcca3ec557500,4db6aa7af69e96de5ca88f4890129536991fb6b5a48192980711caf7e7cedb5c,8a8ac6a74ff16f70c26373d03c9e72726890aaba776363757688178d530a945d,AdamW,0.01,0.0,0.5244978109605036,0.5210946408209807,0.5070777952800865,20
graphsage_pilot_v1_step20,election2020,linear,1,1,0,test,2,2,78f669017e10b4ad480d639a6df17bf9ebfc9f39fe37b9df5e1bcca3ec557500,4db6aa7af69e96de5ca88f4890129536991fb6b5a48192980711caf7e7cedb5c,8a8ac6a74ff16f70c26373d03c9e72726890aaba776363757688178d530a945d,AdamW,0.01,0.0,0.5190336126938224,0.5171343510483309,0.5035868487060916,20
graphsage_pilot_v1_step20,election2020,linear,1,1,1,val,2,2,78f669017e10b4ad480d639a6df17bf9ebfc9f39fe37b9df5e1bcca3ec557500,4db6aa7af69e96de5ca88f4890129536991fb6b5a48192980711caf7e7cedb5c,8a8ac6a74ff16f70c26373d03c9e72726890aaba776363757688178d530a945d,AdamW,0.01,0.0,0.475499767178422,0.4740909666793361,0.4593803948881798,20
graphsage_pilot_v1_step20,election2020,linear,1,1,1,test,2,2,78f669017e10b4ad480d639a6df17bf9ebfc9f39fe37b9df5e1bcca3ec557500,4db6aa7af69e96de5ca88f4890129536991fb6b5a48192980711caf7e7cedb5c,8a8ac6a74ff16f70c26373d03c9e72726890aaba776363757688178d530a945d,AdamW,0.01,0.0,0.4812437895855401,0.4761512636979793,0.4621741324977689,20
graphsage_pilot_v1_step20,election2020,linear,1,1,10,val,2,2,78f669017e10b4ad480d639a6df17bf9ebfc9f39fe37b9df5e1bcca3ec557500,4db6aa7af69e96de5ca88f4890129536991fb6b5a48192980711caf7e7cedb5c,8a8ac6a74ff16f70c26373d03c9e72726890aaba776363757688178d530a945d,AdamW,0.01,0.0,0.4835374154931942,0.4790954009882174,0.4656397279446479,20
graphsage_pilot_v1_step20,election2020,linear,1,1,10,test,2,2,78f669017e10b4ad480d639a6df17bf9ebfc9f39fe37b9df5e1bcca3ec557500,4db6aa7af69e96de5ca88f4890129536991fb6b5a48192980711caf7e7cedb5c,8a8ac6a74ff16f70c26373d03c9e72726890aaba776363757688178d530a945d,AdamW,0.01,0.0,0.4825389201040108,0.4764046367264204,0.463837079869515,20
graphsage_pilot_v1_step20,election2020,linear,1,1,100,val,2,2,78f669017e10b4ad480d639a6df17bf9ebfc9f39fe37b9df5e1bcca3ec557500,4db6aa7af69e96de5ca88f4890129536991fb6b5a48192980711caf7e7cedb5c,8a8ac6a74ff16f70c26373d03c9e72726890aaba776363757688178d530a945d,AdamW,0.01,0.0,0.483768444893942,0.4798555682250095,0.4661095038762537,20
graphsage_pilot_v1_step20,election2020,linear,1,1,100,test,2,2,78f669017e10b4ad480d639a6df17bf9ebfc9f39fe37b9df5e1bcca3ec557500,4db6aa7af69e96de5ca88f4890129536991fb6b5a48192980711caf7e7cedb5c,8a8ac6a74ff16f70c26373d03c9e72726890aaba776363757688178d530a945d,AdamW,0.01,0.0,0.4825014106213036,0.476974726040413,0.4641964046155232,20
graphsage_pilot_v1_step20,election2020,linear,1,10,0,val,2,20,d1765be95433fa195f4fbe461afcda743f31b1a4c207872120cf825a0d06e621,4db6aa7af69e96de5ca88f4890129536991fb6b5a48192980711caf7e7cedb5c,8a8ac6a74ff16f70c26373d03c9e72726890aaba776363757688178d530a945d,AdamW,0.01,0.0,0.5244978109605036,0.5210946408209807,0.5070777952800865,20
graphsage_pilot_v1_step20,election2020,linear,1,10,0,test,2,20,d1765be95433fa195f4fbe461afcda743f31b1a4c207872120cf825a0d06e621,4db6aa7af69e96de5ca88f4890129536991fb6b5a48192980711caf7e7cedb5c,8a8ac6a74ff16f70c26373d03c9e72726890aaba776363757688178d530a945d,AdamW,0.01,0.0,0.5190336126938224,0.5171343510483309,0.5035868487060916,20
graphsage_pilot_v1_step20,election2020,linear,1,10,1,val,2,20,d1765be95433fa195f4fbe461afcda743f31b1a4c207872120cf825a0d06e621,4db6aa7af69e96de5ca88f4890129536991fb6b5a48192980711caf7e7cedb5c,8a8ac6a74ff16f70c26373d03c9e72726890aaba776363757688178d530a945d,AdamW,0.01,0.0,0.5250026156099603,0.5250855188141391,0.5016827143679147,20
graphsage_pilot_v1_step20,election2020,linear,1,10,1,test,2,20,d1765be95433fa195f4fbe461afcda743f31b1a4c207872120cf825a0d06e621,4db6aa7af69e96de5ca88f4890129536991fb6b5a48192980711caf7e7cedb5c,8a8ac6a74ff16f70c26373d03c9e72726890aaba776363757688178d530a945d,AdamW,0.01,0.0,0.5193031772913024,0.520998289732058,0.4978865281278075,20
graphsage_pilot_v1_step20,election2020,linear,1,10,10,val,2,20,d1765be95433fa195f4fbe461afcda743f31b1a4c207872120cf825a0d06e621,4db6aa7af69e96de5ca88f4890129536991fb6b5a48192980711caf7e7cedb5c,8a8ac6a74ff16f70c26373d03c9e72726890aaba776363757688178d530a945d,AdamW,0.01,0.0,0.5037392646971446,0.5259090333206639,0.4950241450785441,20
graphsage_pilot_v1_step20,election2020,linear,1,10,10,test,2,20,d1765be95433fa195f4fbe461afcda743f31b1a4c207872120cf825a0d06e621,4db6aa7af69e96de5ca88f4890129536991fb6b5a48192980711caf7e7cedb5c,8a8ac6a74ff16f70c26373d03c9e72726890aaba776363757688178d530a945d,AdamW,0.01,0.0,0.5030937211111601,0.5216317223031608,0.4912989443659677,20
graphsage_pilot_v1_step20,election2020,linear,1,10,100,val,2,20,d1765be95433fa195f4fbe461afcda743f31b1a4c207872120cf825a0d06e621,4db6aa7af69e96de5ca88f4890129536991fb6b5a48192980711caf7e7cedb5c,8a8ac6a74ff16f70c26373d03c9e72726890aaba776363757688178d530a945d,AdamW,0.01,0.0,0.505170051782619,0.5145698720385151,0.4905018819861099,20
graphsage_pilot_v1_step20,election2020,linear,1,10,100,test,2,20,d1765be95433fa195f4fbe461afcda743f31b1a4c207872120cf825a0d06e621,4db6aa7af69e96de5ca88f4890129536991fb6b5a48192980711caf7e7cedb5c,8a8ac6a74ff16f70c26373d03c9e72726890aaba776363757688178d530a945d,AdamW,0.01,0.0,0.5079656919722249,0.5148539937923609,0.4914022798840177,20
graphsage_pilot_v1_step20,election2020,linear,1,100,0,val,2,200,715bae049fab4381446427dc497fcaf6bfa8014aa08c956a820356243d92daf2,4db6aa7af69e96de5ca88f4890129536991fb6b5a48192980711caf7e7cedb5c,8a8ac6a74ff16f70c26373d03c9e72726890aaba776363757688178d530a945d,AdamW,0.01,0.0,0.5244978109605036,0.5210946408209807,0.5070777952800865,20
graphsage_pilot_v1_step20,election2020,linear,1,100,0,test,2,200,715bae049fab4381446427dc497fcaf6bfa8014aa08c956a820356243d92daf2,4db6aa7af69e96de5ca88f4890129536991fb6b5a48192980711caf7e7cedb5c,8a8ac6a74ff16f70c26373d03c9e72726890aaba776363757688178d530a945d,AdamW,0.01,0.0,0.5190336126938224,0.5171343510483309,0.5035868487060916,20
graphsage_pilot_v1_step20,election2020,linear,1,100,1,val,2,200,715bae049fab4381446427dc497fcaf6bfa8014aa08c956a820356243d92daf2,4db6aa7af69e96de5ca88f4890129536991fb6b5a48192980711caf7e7cedb5c,8a8ac6a74ff16f70c26373d03c9e72726890aaba776363757688178d530a945d,AdamW,0.01,0.0,0.4754648520146008,0.473520841251742,0.4575702867293388,20
graphsage_pilot_v1_step20,election2020,linear,1,100,1,test,2,200,715bae049fab4381446427dc497fcaf6bfa8014aa08c956a820356243d92daf2,4db6aa7af69e96de5ca88f4890129536991fb6b5a48192980711caf7e7cedb5c,8a8ac6a74ff16f70c26373d03c9e72726890aaba776363757688178d530a945d,AdamW,0.01,0.0,0.4813026730966976,0.4765946664977513,0.4614662530437794,20
graphsage_pilot_v1_step20,election2020,linear,1,100,10,val,2,200,715bae049fab4381446427dc497fcaf6bfa8014aa08c956a820356243d92daf2,4db6aa7af69e96de5ca88f4890129536991fb6b5a48192980711caf7e7cedb5c,8a8ac6a74ff16f70c26373d03c9e72726890aaba776363757688178d530a945d,AdamW,0.01,0.0,0.5058508450034745,0.4685797542125934,0.4322156594439414,20
graphsage_pilot_v1_step20,election2020,linear,1,100,10,test,2,200,715bae049fab4381446427dc497fcaf6bfa8014aa08c956a820356243d92daf2,4db6aa7af69e96de5ca88f4890129536991fb6b5a48192980711caf7e7cedb5c,8a8ac6a74ff16f70c26373d03c9e72726890aaba776363757688178d530a945d,AdamW,0.01,0.0,0.5061990332740026,0.4748843985557737,0.4387255368667393,20
graphsage_pilot_v1_step20,election2020,linear,1,100,100,val,2,200,715bae049fab4381446427dc497fcaf6bfa8014aa08c956a820356243d92daf2,4db6aa7af69e96de5ca88f4890129536991fb6b5a48192980711caf7e7cedb5c,8a8ac6a74ff16f70c26373d03c9e72726890aaba776363757688178d530a945d,AdamW,0.01,0.0,0.551084444806109,0.551754719371595,0.4734984049653467,20
graphsage_pilot_v1_step20,election2020,linear,1,100,100,test,2,200,715bae049fab4381446427dc497fcaf6bfa8014aa08c956a820356243d92daf2,4db6aa7af69e96de5ca88f4890129536991fb6b5a48192980711caf7e7cedb5c,8a8ac6a74ff16f70c26373d03c9e72726890aaba776363757688178d530a945d,AdamW,0.01,0.0,0.5434840160365912,0.5507696205738899,0.4742431986349654,20
graphsage_pilot_v1_step20,election2020,linear,2,0,0,val,2,0,af5570f5a1810b7af78caf4bc70a660f0df51e42baf91d4de5b2328de0e83dfc,4db6aa7af69e96de5ca88f4890129536991fb6b5a48192980711caf7e7cedb5c,203ffea723cb4cf0d5b2da185e1677d1c082fd4475784ccb7c3a518868d42cce,none,0.0,0.0,0.5005304360124929,0.4730774103636133,0.4562128775938132,20
graphsage_pilot_v1_step20,election2020,linear,2,0,0,test,2,0,af5570f5a1810b7af78caf4bc70a660f0df51e42baf91d4de5b2328de0e83dfc,4db6aa7af69e96de5ca88f4890129536991fb6b5a48192980711caf7e7cedb5c,203ffea723cb4cf0d5b2da185e1677d1c082fd4475784ccb7c3a518868d42cce,none,0.0,0.0,0.5004766053186849,0.4771014125546335,0.4610799801844417,20
graphsage_pilot_v1_step20,election2020,linear,2,1,0,val,2,2,7a1427cb41b58a63e1a58c9c6fa2483c0793fad6aa4590c104bf4a79c54d5fbc,4db6aa7af69e96de5ca88f4890129536991fb6b5a48192980711caf7e7cedb5c,203ffea723cb4cf0d5b2da185e1677d1c082fd4475784ccb7c3a518868d42cce,AdamW,0.01,0.0,0.5005304360124929,0.4730774103636133,0.4562128775938132,20
graphsage_pilot_v1_step20,election2020,linear,2,1,0,test,2,2,7a1427cb41b58a63e1a58c9c6fa2483c0793fad6aa4590c104bf4a79c54d5fbc,4db6aa7af69e96de5ca88f4890129536991fb6b5a48192980711caf7e7cedb5c,203ffea723cb4cf0d5b2da185e1677d1c082fd4475784ccb7c3a518868d42cce,AdamW,0.01,0.0,0.5004766053186849,0.4771014125546335,0.4610799801844417,20
graphsage_pilot_v1_step20,election2020,linear,2,1,1,val,2,2,7a1427cb41b58a63e1a58c9c6fa2483c0793fad6aa4590c104bf4a79c54d5fbc,4db6aa7af69e96de5ca88f4890129536991fb6b5a48192980711caf7e7cedb5c,203ffea723cb4cf0d5b2da185e1677d1c082fd4475784ccb7c3a518868d42cce,AdamW,0.01,0.0,0.4759975080664119,0.4739642721398707,0.4591570594839443,20
graphsage_pilot_v1_step20,election2020,linear,2,1,1,test,2,2,7a1427cb41b58a63e1a58c9c6fa2483c0793fad6aa4590c104bf4a79c54d5fbc,4db6aa7af69e96de5ca88f4890129536991fb6b5a48192980711caf7e7cedb5c,203ffea723cb4cf0d5b2da185e1677d1c082fd4475784ccb7c3a518868d42cce,AdamW,0.01,0.0,0.4815640771417745,0.4759612339266485,0.4618999441179698,20
graphsage_pilot_v1_step20,election2020,linear,2,1,10,val,2,2,7a1427cb41b58a63e1a58c9c6fa2483c0793fad6aa4590c104bf4a79c54d5fbc,4db6aa7af69e96de5ca88f4890129536991fb6b5a48192980711caf7e7cedb5c,203ffea723cb4cf0d5b2da185e1677d1c082fd4475784ccb7c3a518868d42cce,AdamW,0.01,0.0,0.4752394897687672,0.4734574939820093,0.4598227445473,20
graphsage_pilot_v1_step20,election2020,linear,2,1,10,test,2,2,7a1427cb41b58a63e1a58c9c6fa2483c0793fad6aa4590c104bf4a79c54d5fbc,4db6aa7af69e96de5ca88f4890129536991fb6b5a48192980711caf7e7cedb5c,203ffea723cb4cf0d5b2da185e1677d1c082fd4475784ccb7c3a518868d42cce,AdamW,0.01,0.0,0.4809430921981309,0.476531323240641,0.4635370857623417,20
graphsage_pilot_v1_step20,election2020,linear,2,1,100,val,2,2,7a1427cb41b58a63e1a58c9c6fa2483c0793fad6aa4590c104bf4a79c54d5fbc,4db6aa7af69e96de5ca88f4890129536991fb6b5a48192980711caf7e7cedb5c,203ffea723cb4cf0d5b2da185e1677d1c082fd4475784ccb7c3a518868d42cce,AdamW,0.01,0.0,0.4759827992968207,0.4733941467122767,0.4599023690601116,20
graphsage_pilot_v1_step20,election2020,linear,2,1,100,test,2,2,7a1427cb41b58a63e1a58c9c6fa2483c0793fad6aa4590c104bf4a79c54d5fbc,4db6aa7af69e96de5ca88f4890129536991fb6b5a48192980711caf7e7cedb5c,203ffea723cb4cf0d5b2da185e1677d1c082fd4475784ccb7c3a518868d42cce,AdamW,0.01,0.0,0.4813163950938145,0.476531323240641,0.463666815341419,20
graphsage_pilot_v1_step20,election2020,linear,2,10,0,val,2,20,e4ba399bf0c7eaaa4a73c7616f66cbee68313a8705446995cb6c725cf973d6f1,4db6aa7af69e96de5ca88f4890129536991fb6b5a48192980711caf7e7cedb5c,203ffea723cb4cf0d5b2da185e1677d1c082fd4475784ccb7c3a518868d42cce,AdamW,0.01,0.0,0.5005304360124929,0.4730774103636133,0.4562128775938132,20
graphsage_pilot_v1_step20,election2020,linear,2,10,0,test,2,20,e4ba399bf0c7eaaa4a73c7616f66cbee68313a8705446995cb6c725cf973d6f1,4db6aa7af69e96de5ca88f4890129536991fb6b5a48192980711caf7e7cedb5c,203ffea723cb4cf0d5b2da185e1677d1c082fd4475784ccb7c3a518868d42cce,AdamW,0.01,0.0,0.5004766053186849,0.4771014125546335,0.4610799801844417,20
graphsage_pilot_v1_step20,election2020,linear,2,10,1,val,2,20,e4ba399bf0c7eaaa4a73c7616f66cbee68313a8705446995cb6c725cf973d6f1,4db6aa7af69e96de5ca88f4890129536991fb6b5a48192980711caf7e7cedb5c,203ffea723cb4cf0d5b2da185e1677d1c082fd4475784ccb7c3a518868d42cce,AdamW,0.01,0.0,0.4771066558554788,0.4749144811858609,0.4645237410803254,20
graphsage_pilot_v1_step20,election2020,linear,2,10,1,test,2,20,e4ba399bf0c7eaaa4a73c7616f66cbee68313a8705446995cb6c725cf973d6f1,4db6aa7af69e96de5ca88f4890129536991fb6b5a48192980711caf7e7cedb5c,203ffea723cb4cf0d5b2da185e1677d1c082fd4475784ccb7c3a518868d42cce,AdamW,0.01,0.0,0.4823944920484739,0.4790017102679419,0.4689873266436195,20
graphsage_pilot_v1_step20,election2020,linear,2,10,10,val,2,20,e4ba399bf0c7eaaa4a73c7616f66cbee68313a8705446995cb6c725cf973d6f1,4db6aa7af69e96de5ca88f4890129536991fb6b5a48192980711caf7e7cedb5c,203ffea723cb4cf0d5b2da185e1677d1c082fd4475784ccb7c3a518868d42cce,AdamW,0.01,0.0,0.5036471693933593,0.4789053591790194,0.4679817145405803,20
graphsage_pilot_v1_step20,election2020,linear,2,10,10,test,2,20,e4ba399bf0c7eaaa4a73c7616f66cbee68313a8705446995cb6c725cf973d6f1,4db6aa7af69e96de5ca88f4890129536991fb6b5a48192980711caf7e7cedb5c,203ffea723cb4cf0d5b2da185e1677d1c082fd4475784ccb7c3a518868d42cce,AdamW,0.01,0.0,0.5003643432387426,0.4771014125546335,0.4670126636227371,20
graphsage_pilot_v1_step20,election2020,linear,2,10,100,val,2,20,e4ba399bf0c7eaaa4a73c7616f66cbee68313a8705446995cb6c725cf973d6f1,4db6aa7af69e96de5ca88f4890129536991fb6b5a48192980711caf7e7cedb5c,203ffea723cb4cf0d5b2da185e1677d1c082fd4475784ccb7c3a518868d42cce,AdamW,0.01,0.0,0.5120699339832963,0.5024071962498416,0.5020290687102493,20
graphsage_pilot_v1_step20,election2020,linear,2,10,100,test,2,20,e4ba399bf0c7eaaa4a73c7616f66cbee68313a8705446995cb6c725cf973d6f1,4db6aa7af69e96de5ca88f4890129536991fb6b5a48192980711caf7e7cedb5c,203ffea723cb4cf0d5b2da185e1677d1c082fd4475784ccb7c3a518868d42cce,AdamW,0.01,0.0,0.5123599678265983,0.5038956103122822,0.5035459004104045,20
graphsage_pilot_v1_step20,election2020,linear,2,100,0,val,2,200,39b894e979d02788c848c89245aa679e7a3e3dca786d267c5ae62dcdbfab817b,4db6aa7af69e96de5ca88f4890129536991fb6b5a48192980711caf7e7cedb5c,203ffea723cb4cf0d5b2da185e1677d1c082fd4475784ccb7c3a518868d42cce,AdamW,0.01,0.0,0.5005304360124929,0.4730774103636133,0.4562128775938132,20
graphsage_pilot_v1_step20,election2020,linear,2,100,0,test,2,200,39b894e979d02788c848c89245aa679e7a3e3dca786d267c5ae62dcdbfab817b,4db6aa7af69e96de5ca88f4890129536991fb6b5a48192980711caf7e7cedb5c,203ffea723cb4cf0d5b2da185e1677d1c082fd4475784ccb7c3a518868d42cce,AdamW,0.01,0.0,0.5004766053186849,0.4771014125546335,0.4610799801844417,20
graphsage_pilot_v1_step20,election2020,linear,2,100,1,val,2,200,39b894e979d02788c848c89245aa679e7a3e3dca786d267c5ae62dcdbfab817b,4db6aa7af69e96de5ca88f4890129536991fb6b5a48192980711caf7e7cedb5c,203ffea723cb4cf0d5b2da185e1677d1c082fd4475784ccb7c3a518868d42cce,AdamW,0.01,0.0,0.5253381240974531,0.5259723805903965,0.4959439486690175,20
graphsage_pilot_v1_step20,election2020,linear,2,100,1,test,2,200,39b894e979d02788c848c89245aa679e7a3e3dca786d267c5ae62dcdbfab817b,4db6aa7af69e96de5ca88f4890129536991fb6b5a48192980711caf7e7cedb5c,203ffea723cb4cf0d5b2da185e1677d1c082fd4475784ccb7c3a518868d42cce,AdamW,0.01,0.0,0.5194792870166531,0.5235320200164693,0.4943427876689451,20
graphsage_pilot_v1_step20,election2020,linear,2,100,10,val,2,200,39b894e979d02788c848c89245aa679e7a3e3dca786d267c5ae62dcdbfab817b,4db6aa7af69e96de5ca88f4890129536991fb6b5a48192980711caf7e7cedb5c,203ffea723cb4cf0d5b2da185e1677d1c082fd4475784ccb7c3a518868d42cce,AdamW,0.01,0.0,0.5257879444276529,0.5328138857215254,0.4771922719114364,20
graphsage_pilot_v1_step20,election2020,linear,2,100,10,test,2,200,39b894e979d02788c848c89245aa679e7a3e3dca786d267c5ae62dcdbfab817b,4db6aa7af69e96de5ca88f4890129536991fb6b5a48192980711caf7e7cedb5c,203ffea723cb4cf0d5b2da185e1677d1c082fd4475784ccb7c3a518868d42cce,AdamW,0.01,0.0,0.5150344254234963,0.5267625261290936,0.4700111614530614,20
graphsage_pilot_v1_step20,election2020,linear,2,100,100,val,2,200,39b894e979d02788c848c89245aa679e7a3e3dca786d267c5ae62dcdbfab817b,4db6aa7af69e96de5ca88f4890129536991fb6b5a48192980711caf7e7cedb5c,203ffea723cb4cf0d5b2da185e1677d1c082fd4475784ccb7c3a518868d42cce,AdamW,0.01,0.0,0.5391867535824169,0.5219815025972381,0.5194132412147721,20
graphsage_pilot_v1_step20,election2020,linear,2,100,100,test,2,200,39b894e979d02788c848c89245aa679e7a3e3dca786d267c5ae62dcdbfab817b,4db6aa7af69e96de5ca88f4890129536991fb6b5a48192980711caf7e7cedb5c,203ffea723cb4cf0d5b2da185e1677d1c082fd4475784ccb7c3a518868d42cce,AdamW,0.01,0.0,0.5327873156958208,0.5201748273896244,0.5170493889887429,20
graphsage_pilot_v1_step20,twibot20,linear,0,0,0,val,2,0,af5570f5a1810b7af78caf4bc70a660f0df51e42baf91d4de5b2328de0e83dfc,c914c5f482673ce0dc5d5512f45c0eaf22d1c0663629aa594d02d724b1b643bb,f89e55d9cfacf91222600ee60a2ba36a7e5c6eb5bd4c3c753e6136ad5559fc67,none,0.0,0.0,0.445291337487119,0.4084566596194503,0.4046138965742177,20
graphsage_pilot_v1_step20,twibot20,linear,0,0,0,test,2,0,af5570f5a1810b7af78caf4bc70a660f0df51e42baf91d4de5b2328de0e83dfc,c914c5f482673ce0dc5d5512f45c0eaf22d1c0663629aa594d02d724b1b643bb,f89e55d9cfacf91222600ee60a2ba36a7e5c6eb5bd4c3c753e6136ad5559fc67,none,0.0,0.0,0.4430934274693324,0.4091293322062553,0.4062063765618268,20
graphsage_pilot_v1_step20,twibot20,linear,0,1,0,val,2,2,14051f1842d654a1fc699db552fc13e8f1585d77ac0a7966c7bdf4a0cbf33455,c914c5f482673ce0dc5d5512f45c0eaf22d1c0663629aa594d02d724b1b643bb,f89e55d9cfacf91222600ee60a2ba36a7e5c6eb5bd4c3c753e6136ad5559fc67,AdamW,0.01,0.0,0.445291337487119,0.4084566596194503,0.4046138965742177,20
graphsage_pilot_v1_step20,twibot20,linear,0,1,0,test,2,2,14051f1842d654a1fc699db552fc13e8f1585d77ac0a7966c7bdf4a0cbf33455,c914c5f482673ce0dc5d5512f45c0eaf22d1c0663629aa594d02d724b1b643bb,f89e55d9cfacf91222600ee60a2ba36a7e5c6eb5bd4c3c753e6136ad5559fc67,AdamW,0.01,0.0,0.4430934274693324,0.4091293322062553,0.4062063765618268,20
graphsage_pilot_v1_step20,twibot20,linear,0,1,1,val,2,2,14051f1842d654a1fc699db552fc13e8f1585d77ac0a7966c7bdf4a0cbf33455,c914c5f482673ce0dc5d5512f45c0eaf22d1c0663629aa594d02d724b1b643bb,f89e55d9cfacf91222600ee60a2ba36a7e5c6eb5bd4c3c753e6136ad5559fc67,AdamW,0.01,0.0,0.6691385025211132,0.599154334038055,0.5857776299745039,20
graphsage_pilot_v1_step20,twibot20,linear,0,1,1,test,2,2,14051f1842d654a1fc699db552fc13e8f1585d77ac0a7966c7bdf4a0cbf33455,c914c5f482673ce0dc5d5512f45c0eaf22d1c0663629aa594d02d724b1b643bb,f89e55d9cfacf91222600ee60a2ba36a7e5c6eb5bd4c3c753e6136ad5559fc67,AdamW,0.01,0.0,0.6653224872290888,0.5980557903634827,0.5861685017256266,20
graphsage_pilot_v1_step20,twibot20,linear,0,1,10,val,2,2,14051f1842d654a1fc699db552fc13e8f1585d77ac0a7966c7bdf4a0cbf33455,c914c5f482673ce0dc5d5512f45c0eaf22d1c0663629aa594d02d724b1b643bb,f89e55d9cfacf91222600ee60a2ba36a7e5c6eb5bd4c3c753e6136ad5559fc67,AdamW,0.01,0.0,0.6609831109333264,0.6101479915433404,0.6080016539028512,20
graphsage_pilot_v1_step20,twibot20,linear,0,1,10,test,2,2,14051f1842d654a1fc699db552fc13e8f1585d77ac0a7966c7bdf4a0cbf33455,c914c5f482673ce0dc5d5512f45c0eaf22d1c0663629aa594d02d724b1b643bb,f89e55d9cfacf91222600ee60a2ba36a7e5c6eb5bd4c3c753e6136ad5559fc67,AdamW,0.01,0.0,0.6557566113357041,0.614116652578191,0.6118450476578089,20
graphsage_pilot_v1_step20,twibot20,linear,0,1,100,val,2,2,14051f1842d654a1fc699db552fc13e8f1585d77ac0a7966c7bdf4a0cbf33455,c914c5f482673ce0dc5d5512f45c0eaf22d1c0663629aa594d02d724b1b643bb,f89e55d9cfacf91222600ee60a2ba36a7e5c6eb5bd4c3c753e6136ad5559fc67,AdamW,0.01,0.0,0.5950950254575179,0.5923890063424947,0.5856776694173543,20
graphsage_pilot_v1_step20,twibot20,linear,0,1,100,test,2,2,14051f1842d654a1fc699db552fc13e8f1585d77ac0a7966c7bdf4a0cbf33455,c914c5f482673ce0dc5d5512f45c0eaf22d1c0663629aa594d02d724b1b643bb,f89e55d9cfacf91222600ee60a2ba36a7e5c6eb5bd4c3c753e6136ad5559fc67,AdamW,0.01,0.0,0.6008192496148457,0.5900253592561285,0.5835958138589717,20
graphsage_pilot_v1_step20,twibot20,linear,0,10,0,val,2,20,46185d6d47cb175e619dec79be06f57e3b0186517497320f951227e139a80310,c914c5f482673ce0dc5d5512f45c0eaf22d1c0663629aa594d02d724b1b643bb,f89e55d9cfacf91222600ee60a2ba36a7e5c6eb5bd4c3c753e6136ad5559fc67,AdamW,0.01,0.0,0.445291337487119,0.4084566596194503,0.4046138965742177,20
graphsage_pilot_v1_step20,twibot20,linear,0,10,0,test,2,20,46185d6d47cb175e619dec79be06f57e3b0186517497320f951227e139a80310,c914c5f482673ce0dc5d5512f45c0eaf22d1c0663629aa594d02d724b1b643bb,f89e55d9cfacf91222600ee60a2ba36a7e5c6eb5bd4c3c753e6136ad5559fc67,AdamW,0.01,0.0,0.4430934274693324,0.4091293322062553,0.4062063765618268,20
graphsage_pilot_v1_step20,twibot20,linear,0,10,1,val,2,20,46185d6d47cb175e619dec79be06f57e3b0186517497320f951227e139a80310,c914c5f482673ce0dc5d5512f45c0eaf22d1c0663629aa594d02d724b1b643bb,f89e55d9cfacf91222600ee60a2ba36a7e5c6eb5bd4c3c753e6136ad5559fc67,AdamW,0.01,0.0,0.6265585754804899,0.5691331923890064,0.5407444066972324,20
graphsage_pilot_v1_step20,twibot20,linear,0,10,1,test,2,20,46185d6d47cb175e619dec79be06f57e3b0186517497320f951227e139a80310,c914c5f482673ce0dc5d5512f45c0eaf22d1c0663629aa594d02d724b1b643bb,f89e55d9cfacf91222600ee60a2ba36a7e5c6eb5bd4c3c753e6136ad5559fc67,AdamW,0.01,0.0,0.6163180970473421,0.5811496196111581,0.5580425142900227,20
graphsage_pilot_v1_step20,twibot20,linear,0,10,10,val,2,20,46185d6d47cb175e619dec79be06f57e3b0186517497320f951227e139a80310,c914c5f482673ce0dc5d5512f45c0eaf22d1c0663629aa594d02d724b1b643bb,f89e55d9cfacf91222600ee60a2ba36a7e5c6eb5bd4c3c753e6136ad5559fc67,AdamW,0.01,0.0,0.6520892846531676,0.5797040169133192,0.5510993703043987,20
graphsage_pilot_v1_step20,twibot20,linear,0,10,10,test,2,20,46185d6d47cb175e619dec79be06f57e3b0186517497320f951227e139a80310,c914c5f482673ce0dc5d5512f45c0eaf22d1c0663629aa594d02d724b1b643bb,f89e55d9cfacf91222600ee60a2ba36a7e5c6eb5bd4c3c753e6136ad5559fc67,AdamW,0.01,0.0,0.6473150679377729,0.5862214708368555,0.5628562752665865,20
graphsage_pilot_v1_step20,twibot20,linear,0,10,100,val,2,20,46185d6d47cb175e619dec79be06f57e3b0186517497320f951227e139a80310,c914c5f482673ce0dc5d5512f45c0eaf22d1c0663629aa594d02d724b1b643bb,f89e55d9cfacf91222600ee60a2ba36a7e5c6eb5bd4c3c753e6136ad5559fc67,AdamW,0.01,0.0,0.585327976601983,0.6181818181818182,0.6117671055293867,20
graphsage_pilot_v1_step20,twibot20,linear,0,10,100,test,2,20,46185d6d47cb175e619dec79be06f57e3b0186517497320f951227e139a80310,c914c5f482673ce0dc5d5512f45c0eaf22d1c0663629aa594d02d724b1b643bb,f89e55d9cfacf91222600ee60a2ba36a7e5c6eb5bd4c3c753e6136ad5559fc67,AdamW,0.01,0.0,0.5747047631734412,0.5984784446322908,0.593180594006649,20
graphsage_pilot_v1_step20,twibot20,linear,0,100,0,val,2,200,25fe39fe3accdb737c2ca133aad37bddb0a345ef2f9d6d1d90a71aa14b8b7951,c914c5f482673ce0dc5d5512f45c0eaf22d1c0663629aa594d02d724b1b643bb,f89e55d9cfacf91222600ee60a2ba36a7e5c6eb5bd4c3c753e6136ad5559fc67,AdamW,0.01,0.0,0.445291337487119,0.4084566596194503,0.4046138965742177,20
graphsage_pilot_v1_step20,twibot20,linear,0,100,0,test,2,200,25fe39fe3accdb737c2ca133aad37bddb0a345ef2f9d6d1d90a71aa14b8b7951,c914c5f482673ce0dc5d5512f45c0eaf22d1c0663629aa594d02d724b1b643bb,f89e55d9cfacf91222600ee60a2ba36a7e5c6eb5bd4c3c753e6136ad5559fc67,AdamW,0.01,0.0,0.4430934274693324,0.4091293322062553,0.4062063765618268,20
graphsage_pilot_v1_step20,twibot20,linear,0,100,1,val,2,200,25fe39fe3accdb737c2ca133aad37bddb0a345ef2f9d6d1d90a71aa14b8b7951,c914c5f482673ce0dc5d5512f45c0eaf22d1c0663629aa594d02d724b1b643bb,f89e55d9cfacf91222600ee60a2ba36a7e5c6eb5bd4c3c753e6136ad5559fc67,AdamW,0.01,0.0,0.6847470843061975,0.6071881606765328,0.5959747252155163,20
graphsage_pilot_v1_step20,twibot20,linear,0,100,1,test,2,200,25fe39fe3accdb737c2ca133aad37bddb0a345ef2f9d6d1d90a71aa14b8b7951,c914c5f482673ce0dc5d5512f45c0eaf22d1c0663629aa594d02d724b1b643bb,f89e55d9cfacf91222600ee60a2ba36a7e5c6eb5bd4c3c753e6136ad5559fc67,AdamW,0.01,0.0,0.682186750686328,0.6060862214708369,0.5965367965367965,20
graphsage_pilot_v1_step20,twibot20,linear,0,100,10,val,2,200,25fe39fe3accdb737c2ca133aad37bddb0a345ef2f9d6d1d90a71aa14b8b7951,c914c5f482673ce0dc5d5512f45c0eaf22d1c0663629aa594d02d724b1b643bb,f89e55d9cfacf91222600ee60a2ba36a7e5c6eb5bd4c3c753e6136ad5559fc67,AdamW,0.01,0.0,0.6765561840825656,0.6207188160676532,0.6174685580776893,20
graphsage_pilot_v1_step20,twibot20,linear,0,100,10,test,2,200,25fe39fe3accdb737c2ca133aad37bddb0a345ef2f9d6d1d90a71aa14b8b7951,c914c5f482673ce0dc5d5512f45c0eaf22d1c0663629aa594d02d724b1b643bb,f89e55d9cfacf91222600ee60a2ba36a7e5c6eb5bd4c3c753e6136ad5559fc67,AdamW,0.01,0.0,0.6739095495140682,0.6179205409974641,0.6158428645324444,20
graphsage_pilot_v1_step20,twibot20,linear,0,100,100,val,2,200,25fe39fe3accdb737c2ca133aad37bddb0a345ef2f9d6d1d90a71aa14b8b7951,c914c5f482673ce0dc5d5512f45c0eaf22d1c0663629aa594d02d724b1b643bb,f89e55d9cfacf91222600ee60a2ba36a7e5c6eb5bd4c3c753e6136ad5559fc67,AdamW,0.01,0.0,0.7557505873418235,0.7162790697674418,0.7050223791637615,20
graphsage_pilot_v1_step20,twibot20,linear,0,100,100,test,2,200,25fe39fe3accdb737c2ca133aad37bddb0a345ef2f9d6d1d90a71aa14b8b7951,c914c5f482673ce0dc5d5512f45c0eaf22d1c0663629aa594d02d724b1b643bb,f89e55d9cfacf91222600ee60a2ba36a7e5c6eb5bd4c3c753e6136ad5559fc67,AdamW,0.01,0.0,0.7398781116426694,0.6889264581572274,0.6755737620622868,20
graphsage_pilot_v1_step20,twibot20,linear,1,0,0,val,2,0,af5570f5a1810b7af78caf4bc70a660f0df51e42baf91d4de5b2328de0e83dfc,c914c5f482673ce0dc5d5512f45c0eaf22d1c0663629aa594d02d724b1b643bb,8a8ac6a74ff16f70c26373d03c9e72726890aaba776363757688178d530a945d,none,0.0,0.0,0.4613383422249856,0.4452431289640592,0.4270884108963394,20
graphsage_pilot_v1_step20,twibot20,linear,1,0,0,test,2,0,af5570f5a1810b7af78caf4bc70a660f0df51e42baf91d4de5b2328de0e83dfc,c914c5f482673ce0dc5d5512f45c0eaf22d1c0663629aa594d02d724b1b643bb,8a8ac6a74ff16f70c26373d03c9e72726890aaba776363757688178d530a945d,none,0.0,0.0,0.4455505971342191,0.4378698224852071,0.423621485347203,20
graphsage_pilot_v1_step20,twibot20,linear,1,1,0,val,2,2,3fa9e07a01626dee43bfd80cfd4791f403a8ca7a60afb4b6089f12b310e7db04,c914c5f482673ce0dc5d5512f45c0eaf22d1c0663629aa594d02d724b1b643bb,8a8ac6a74ff16f70c26373d03c9e72726890aaba776363757688178d530a945d,AdamW,0.01,0.0,0.4613383422249856,0.4452431289640592,0.4270884108963394,20
graphsage_pilot_v1_step20,twibot20,linear,1,1,0,test,2,2,3fa9e07a01626dee43bfd80cfd4791f403a8ca7a60afb4b6089f12b310e7db04,c914c5f482673ce0dc5d5512f45c0eaf22d1c0663629aa594d02d724b1b643bb,8a8ac6a74ff16f70c26373d03c9e72726890aaba776363757688178d530a945d,AdamW,0.01,0.0,0.4455505971342191,0.4378698224852071,0.423621485347203,20
graphsage_pilot_v1_step20,twibot20,linear,1,1,1,val,2,2,3fa9e07a01626dee43bfd80cfd4791f403a8ca7a60afb4b6089f12b310e7db04,c914c5f482673ce0dc5d5512f45c0eaf22d1c0663629aa594d02d724b1b643bb,8a8ac6a74ff16f70c26373d03c9e72726890aaba776363757688178d530a945d,AdamW,0.01,0.0,0.6693515543361841,0.66723044397463,0.647314643380874,20
graphsage_pilot_v1_step20,twibot20,linear,1,1,1,test,2,2,3fa9e07a01626dee43bfd80cfd4791f403a8ca7a60afb4b6089f12b310e7db04,c914c5f482673ce0dc5d5512f45c0eaf22d1c0663629aa594d02d724b1b643bb,8a8ac6a74ff16f70c26373d03c9e72726890aaba776363757688178d530a945d,AdamW,0.01,0.0,0.6574916163745671,0.6551141166525782,0.6355638309198113,20
graphsage_pilot_v1_step20,twibot20,linear,1,1,10,val,2,2,3fa9e07a01626dee43bfd80cfd4791f403a8ca7a60afb4b6089f12b310e7db04,c914c5f482673ce0dc5d5512f45c0eaf22d1c0663629aa594d02d724b1b643bb,8a8ac6a74ff16f70c26373d03c9e72726890aaba776363757688178d530a945d,AdamW,0.01,0.0,0.6764170482033355,0.6676532769556025,0.6470808690184356,20
graphsage_pilot_v1_step20,twibot20,linear,1,1,10,test,2,2,3fa9e07a01626dee43bfd80cfd4791f403a8ca7a60afb4b6089f12b310e7db04,c914c5f482673ce0dc5d5512f45c0eaf22d1c0663629aa594d02d724b1b643bb,8a8ac6a74ff16f70c26373d03c9e72726890aaba776363757688178d530a945d,AdamW,0.01,0.0,0.6626586228266285,0.6568047337278107,0.6368970939550637,20
graphsage_pilot_v1_step20,twibot20,linear,1,1,100,val,2,2,3fa9e07a01626dee43bfd80cfd4791f403a8ca7a60afb4b6089f12b310e7db04,c914c5f482673ce0dc5d5512f45c0eaf22d1c0663629aa594d02d724b1b643bb,8a8ac6a74ff16f70c26373d03c9e72726890aaba776363757688178d530a945d,AdamW,0.01,0.0,0.6787928658077924,0.6676532769556025,0.6470808690184356,20
graphsage_pilot_v1_step20,twibot20,linear,1,1,100,test,2,2,3fa9e07a01626dee43bfd80cfd4791f403a8ca7a60afb4b6089f12b310e7db04,c914c5f482673ce0dc5d5512f45c0eaf22d1c0663629aa594d02d724b1b643bb,8a8ac6a74ff16f70c26373d03c9e72726890aaba776363757688178d530a945d,AdamW,0.01,0.0,0.6642394212836937,0.6568047337278107,0.6368970939550637,20
graphsage_pilot_v1_step20,twibot20,linear,1,10,0,val,2,20,8b0103cc8fe7d02ca3e622c39a7215d65913dfa1510e728f43df582a11d9c6e6,c914c5f482673ce0dc5d5512f45c0eaf22d1c0663629aa594d02d724b1b643bb,8a8ac6a74ff16f70c26373d03c9e72726890aaba776363757688178d530a945d,AdamW,0.01,0.0,0.4613383422249856,0.4452431289640592,0.4270884108963394,20
graphsage_pilot_v1_step20,twibot20,linear,1,10,0,test,2,20,8b0103cc8fe7d02ca3e622c39a7215d65913dfa1510e728f43df582a11d9c6e6,c914c5f482673ce0dc5d5512f45c0eaf22d1c0663629aa594d02d724b1b643bb,8a8ac6a74ff16f70c26373d03c9e72726890aaba776363757688178d530a945d,AdamW,0.01,0.0,0.4455505971342191,0.4378698224852071,0.423621485347203,20
graphsage_pilot_v1_step20,twibot20,linear,1,10,1,val,2,20,8b0103cc8fe7d02ca3e622c39a7215d65913dfa1510e728f43df582a11d9c6e6,c914c5f482673ce0dc5d5512f45c0eaf22d1c0663629aa594d02d724b1b643bb,8a8ac6a74ff16f70c26373d03c9e72726890aaba776363757688178d530a945d,AdamW,0.01,0.0,0.6912408166696378,0.6642706131078224,0.6460205517359943,20
graphsage_pilot_v1_step20,twibot20,linear,1,10,1,test,2,20,8b0103cc8fe7d02ca3e622c39a7215d65913dfa1510e728f43df582a11d9c6e6,c914c5f482673ce0dc5d5512f45c0eaf22d1c0663629aa594d02d724b1b643bb,8a8ac6a74ff16f70c26373d03c9e72726890aaba776363757688178d530a945d,AdamW,0.01,0.0,0.6664558694065725,0.6555367709213863,0.6376982190698024,20
graphsage_pilot_v1_step20,twibot20,linear,1,10,10,val,2,20,8b0103cc8fe7d02ca3e622c39a7215d65913dfa1510e728f43df582a11d9c6e6,c914c5f482673ce0dc5d5512f45c0eaf22d1c0663629aa594d02d724b1b643bb,8a8ac6a74ff16f70c26373d03c9e72726890aaba776363757688178d530a945d,AdamW,0.01,0.0,0.6789671479898489,0.6553911205073996,0.6453471052680484,20
graphsage_pilot_v1_step20,twibot20,linear,1,10,10,test,2,20,8b0103cc8fe7d02ca3e622c39a7215d65913dfa1510e728f43df582a11d9c6e6,c914c5f482673ce0dc5d5512f45c0eaf22d1c0663629aa594d02d724b1b643bb,8a8ac6a74ff16f70c26373d03c9e72726890aaba776363757688178d530a945d,AdamW,0.01,0.0,0.6653456544150864,0.6373626373626373,0.6277606757865877,20
graphsage_pilot_v1_step20,twibot20,linear,1,10,100,val,2,20,8b0103cc8fe7d02ca3e622c39a7215d65913dfa1510e728f43df582a11d9c6e6,c914c5f482673ce0dc5d5512f45c0eaf22d1c0663629aa594d02d724b1b643bb,8a8ac6a74ff16f70c26373d03c9e72726890aaba776363757688178d530a945d,AdamW,0.01,0.0,0.6638542377745216,0.6084566596194503,0.608456029590132,20
graphsage_pilot_v1_step20,twibot20,linear,1,10,100,test,2,20,8b0103cc8fe7d02ca3e622c39a7215d65913dfa1510e728f43df582a11d9c6e6,c914c5f482673ce0dc5d5512f45c0eaf22d1c0663629aa594d02d724b1b643bb,8a8ac6a74ff16f70c26373d03c9e72726890aaba776363757688178d530a945d,AdamW,0.01,0.0,0.6524169166792156,0.6107354184277262,0.6104764994677556,20
graphsage_pilot_v1_step20,twibot20,linear,1,100,0,val,2,200,2d47d792497500b8c0a151809b0bf0345373170a6472d915316897c1cf3fa4d8,c914c5f482673ce0dc5d5512f45c0eaf22d1c0663629aa594d02d724b1b643bb,8a8ac6a74ff16f70c26373d03c9e72726890aaba776363757688178d530a945d,AdamW,0.01,0.0,0.4613383422249856,0.4452431289640592,0.4270884108963394,20
graphsage_pilot_v1_step20,twibot20,linear,1,100,0,test,2,200,2d47d792497500b8c0a151809b0bf0345373170a6472d915316897c1cf3fa4d8,c914c5f482673ce0dc5d5512f45c0eaf22d1c0663629aa594d02d724b1b643bb,8a8ac6a74ff16f70c26373d03c9e72726890aaba776363757688178d530a945d,AdamW,0.01,0.0,0.4455505971342191,0.4378698224852071,0.423621485347203,20
graphsage_pilot_v1_step20,twibot20,linear,1,100,1,val,2,200,2d47d792497500b8c0a151809b0bf0345373170a6472d915316897c1cf3fa4d8,c914c5f482673ce0dc5d5512f45c0eaf22d1c0663629aa594d02d724b1b643bb,8a8ac6a74ff16f70c26373d03c9e72726890aaba776363757688178d530a945d,AdamW,0.01,0.0,0.6773699840428538,0.6105708245243129,0.6019523325598977,20
graphsage_pilot_v1_step20,twibot20,linear,1,100,1,test,2,200,2d47d792497500b8c0a151809b0bf0345373170a6472d915316897c1cf3fa4d8,c914c5f482673ce0dc5d5512f45c0eaf22d1c0663629aa594d02d724b1b643bb,8a8ac6a74ff16f70c26373d03c9e72726890aaba776363757688178d530a945d,AdamW,0.01,0.0,0.6767192947908581,0.6069315300084531,0.600155694289683,20
graphsage_pilot_v1_step20,twibot20,linear,1,100,10,val,2,200,2d47d792497500b8c0a151809b0bf0345373170a6472d915316897c1cf3fa4d8,c914c5f482673ce0dc5d5512f45c0eaf22d1c0663629aa594d02d724b1b643bb,8a8ac6a74ff16f70c26373d03c9e72726890aaba776363757688178d530a945d,AdamW,0.01,0.0,0.6972258334746432,0.6211416490486258,0.6165427466240474,20
graphsage_pilot_v1_step20,twibot20,linear,1,100,10,test,2,200,2d47d792497500b8c0a151809b0bf0345373170a6472d915316897c1cf3fa4d8,c914c5f482673ce0dc5d5512f45c0eaf22d1c0663629aa594d02d724b1b643bb,8a8ac6a74ff16f70c26373d03c9e72726890aaba776363757688178d530a945d,AdamW,0.01,0.0,0.6941171275006082,0.6174978867286559,0.6145474785634193,20
graphsage_pilot_v1_step20,twibot20,linear,1,100,100,val,2,200,2d47d792497500b8c0a151809b0bf0345373170a6472d915316897c1cf3fa4d8,c914c5f482673ce0dc5d5512f45c0eaf22d1c0663629aa594d02d724b1b643bb,8a8ac6a74ff16f70c26373d03c9e72726890aaba776363757688178d530a945d,AdamW,0.01,0.0,0.7344700444800014,0.7010570824524313,0.6920714127729807,20
graphsage_pilot_v1_step20,twibot20,linear,1,100,100,test,2,200,2d47d792497500b8c0a151809b0bf0345373170a6472d915316897c1cf3fa4d8,c914c5f482673ce0dc5d5512f45c0eaf22d1c0663629aa594d02d724b1b643bb,8a8ac6a74ff16f70c26373d03c9e72726890aaba776363757688178d530a945d,AdamW,0.01,0.0,0.7227850722237024,0.6661031276415892,0.6539155165326747,20
graphsage_pilot_v1_step20,twibot20,linear,2,0,0,val,2,0,af5570f5a1810b7af78caf4bc70a660f0df51e42baf91d4de5b2328de0e83dfc,c914c5f482673ce0dc5d5512f45c0eaf22d1c0663629aa594d02d724b1b643bb,203ffea723cb4cf0d5b2da185e1677d1c082fd4475784ccb7c3a518868d42cce,none,0.0,0.0,0.5081155349557156,0.5966173361522199,0.5375860796851943,20
graphsage_pilot_v1_step20,twibot20,linear,2,0,0,test,2,0,af5570f5a1810b7af78caf4bc70a660f0df51e42baf91d4de5b2328de0e83dfc,c914c5f482673ce0dc5d5512f45c0eaf22d1c0663629aa594d02d724b1b643bb,203ffea723cb4cf0d5b2da185e1677d1c082fd4475784ccb7c3a518868d42cce,none,0.0,0.0,0.5243277172213276,0.5887573964497042,0.5305696272094163,20
graphsage_pilot_v1_step20,twibot20,linear,2,1,0,val,2,2,40d653b81498ca59f7f885eeb08b50e37144bd7c85a2b1f4cd0de14263414e43,c914c5f482673ce0dc5d5512f45c0eaf22d1c0663629aa594d02d724b1b643bb,203ffea723cb4cf0d5b2da185e1677d1c082fd4475784ccb7c3a518868d42cce,AdamW,0.01,0.0,0.5081155349557156,0.5966173361522199,0.5375860796851943,20
graphsage_pilot_v1_step20,twibot20,linear,2,1,0,test,2,2,40d653b81498ca59f7f885eeb08b50e37144bd7c85a2b1f4cd0de14263414e43,c914c5f482673ce0dc5d5512f45c0eaf22d1c0663629aa594d02d724b1b643bb,203ffea723cb4cf0d5b2da185e1677d1c082fd4475784ccb7c3a518868d42cce,AdamW,0.01,0.0,0.5243277172213276,0.5887573964497042,0.5305696272094163,20
graphsage_pilot_v1_step20,twibot20,linear,2,1,1,val,2,2,40d653b81498ca59f7f885eeb08b50e37144bd7c85a2b1f4cd0de14263414e43,c914c5f482673ce0dc5d5512f45c0eaf22d1c0663629aa594d02d724b1b643bb,203ffea723cb4cf0d5b2da185e1677d1c082fd4475784ccb7c3a518868d42cce,AdamW,0.01,0.0,0.6590812249174969,0.6638477801268499,0.6397221826741278,20
graphsage_pilot_v1_step20,twibot20,linear,2,1,1,test,2,2,40d653b81498ca59f7f885eeb08b50e37144bd7c85a2b1f4cd0de14263414e43,c914c5f482673ce0dc5d5512f45c0eaf22d1c0663629aa594d02d724b1b643bb,203ffea723cb4cf0d5b2da185e1677d1c082fd4475784ccb7c3a518868d42cce,AdamW,0.01,0.0,0.6493867211481658,0.6496196111580727,0.6256239794394325,20
graphsage_pilot_v1_step20,twibot20,linear,2,1,10,val,2,2,40d653b81498ca59f7f885eeb08b50e37144bd7c85a2b1f4cd0de14263414e43,c914c5f482673ce0dc5d5512f45c0eaf22d1c0663629aa594d02d724b1b643bb,203ffea723cb4cf0d5b2da185e1677d1c082fd4475784ccb7c3a518868d42cce,AdamW,0.01,0.0,0.6621143146181082,0.6684989429175475,0.6578621439969767,20
graphsage_pilot_v1_step20,twibot20,linear,2,1,10,test,2,2,40d653b81498ca59f7f885eeb08b50e37144bd7c85a2b1f4cd0de14263414e43,c914c5f482673ce0dc5d5512f45c0eaf22d1c0663629aa594d02d724b1b643bb,203ffea723cb4cf0d5b2da185e1677d1c082fd4475784ccb7c3a518868d42cce,AdamW,0.01,0.0,0.6539445030059423,0.6525781910397295,0.6420377241805812,20
graphsage_pilot_v1_step20,twibot20,linear,2,1,100,val,2,2,40d653b81498ca59f7f885eeb08b50e37144bd7c85a2b1f4cd0de14263414e43,c914c5f482673ce0dc5d5512f45c0eaf22d1c0663629aa594d02d724b1b643bb,203ffea723cb4cf0d5b2da185e1677d1c082fd4475784ccb7c3a518868d42cce,AdamW,0.01,0.0,0.6751948989308276,0.6668076109936575,0.6563270839972146,20
graphsage_pilot_v1_step20,twibot20,linear,2,1,100,test,2,2,40d653b81498ca59f7f885eeb08b50e37144bd7c85a2b1f4cd0de14263414e43,c914c5f482673ce0dc5d5512f45c0eaf22d1c0663629aa594d02d724b1b643bb,203ffea723cb4cf0d5b2da185e1677d1c082fd4475784ccb7c3a518868d42cce,AdamW,0.01,0.0,0.6630354515863731,0.6525781910397295,0.6422505385964705,20
graphsage_pilot_v1_step20,twibot20,linear,2,10,0,val,2,20,4c2a419e0d2e41e89d85ace836b7bd09c1adfddfa85a64a49bddcc59c0f8b049,c914c5f482673ce0dc5d5512f45c0eaf22d1c0663629aa594d02d724b1b643bb,203ffea723cb4cf0d5b2da185e1677d1c082fd4475784ccb7c3a518868d42cce,AdamW,0.01,0.0,0.5081155349557156,0.5966173361522199,0.5375860796851943,20
graphsage_pilot_v1_step20,twibot20,linear,2,10,0,test,2,20,4c2a419e0d2e41e89d85ace836b7bd09c1adfddfa85a64a49bddcc59c0f8b049,c914c5f482673ce0dc5d5512f45c0eaf22d1c0663629aa594d02d724b1b643bb,203ffea723cb4cf0d5b2da185e1677d1c082fd4475784ccb7c3a518868d42cce,AdamW,0.01,0.0,0.5243277172213276,0.5887573964497042,0.5305696272094163,20
graphsage_pilot_v1_step20,twibot20,linear,2,10,1,val,2,20,4c2a419e0d2e41e89d85ace836b7bd09c1adfddfa85a64a49bddcc59c0f8b049,c914c5f482673ce0dc5d5512f45c0eaf22d1c0663629aa594d02d724b1b643bb,203ffea723cb4cf0d5b2da185e1677d1c082fd4475784ccb7c3a518868d42cce,AdamW,0.01,0.0,0.6336726219721641,0.6059196617336152,0.5944930620558921,20
graphsage_pilot_v1_step20,twibot20,linear,2,10,1,test,2,20,4c2a419e0d2e41e89d85ace836b7bd09c1adfddfa85a64a49bddcc59c0f8b049,c914c5f482673ce0dc5d5512f45c0eaf22d1c0663629aa594d02d724b1b643bb,203ffea723cb4cf0d5b2da185e1677d1c082fd4475784ccb7c3a518868d42cce,AdamW,0.01,0.0,0.6402085336329623,0.6052409129332206,0.5955629575402636,20
graphsage_pilot_v1_step20,twibot20,linear,2,10,10,val,2,20,4c2a419e0d2e41e89d85ace836b7bd09c1adfddfa85a64a49bddcc59c0f8b049,c914c5f482673ce0dc5d5512f45c0eaf22d1c0663629aa594d02d724b1b643bb,203ffea723cb4cf0d5b2da185e1677d1c082fd4475784ccb7c3a518868d42cce,AdamW,0.01,0.0,0.661606323725711,0.6634249471458774,0.644984898270769,20
graphsage_pilot_v1_step20,twibot20,linear,2,10,10,test,2,20,4c2a419e0d2e41e89d85ace836b7bd09c1adfddfa85a64a49bddcc59c0f8b049,c914c5f482673ce0dc5d5512f45c0eaf22d1c0663629aa594d02d724b1b643bb,203ffea723cb4cf0d5b2da185e1677d1c082fd4475784ccb7c3a518868d42cce,AdamW,0.01,0.0,0.6502869835165472,0.6555367709213863,0.6376982190698024,20
graphsage_pilot_v1_step20,twibot20,linear,2,10,100,val,2,20,4c2a419e0d2e41e89d85ace836b7bd09c1adfddfa85a64a49bddcc59c0f8b049,c914c5f482673ce0dc5d5512f45c0eaf22d1c0663629aa594d02d724b1b643bb,203ffea723cb4cf0d5b2da185e1677d1c082fd4475784ccb7c3a518868d42cce,AdamW,0.01,0.0,0.6905052806414165,0.6714587737843551,0.6620800446635695,20
graphsage_pilot_v1_step20,twibot20,linear,2,10,100,test,2,20,4c2a419e0d2e41e89d85ace836b7bd09c1adfddfa85a64a49bddcc59c0f8b049,c914c5f482673ce0dc5d5512f45c0eaf22d1c0663629aa594d02d724b1b643bb,203ffea723cb4cf0d5b2da185e1677d1c082fd4475784ccb7c3a518868d42cce,AdamW,0.01,0.0,0.6770827300211979,0.658072696534235,0.64916519530403,20
graphsage_pilot_v1_step20,twibot20,linear,2,100,0,val,2,200,5708cd030fbe4119391ef44d81cbe9873693c4e02ee2e1770943dbc60f51ba9e,c914c5f482673ce0dc5d5512f45c0eaf22d1c0663629aa594d02d724b1b643bb,203ffea723cb4cf0d5b2da185e1677d1c082fd4475784ccb7c3a518868d42cce,AdamW,0.01,0.0,0.5081155349557156,0.5966173361522199,0.5375860796851943,20
graphsage_pilot_v1_step20,twibot20,linear,2,100,0,test,2,200,5708cd030fbe4119391ef44d81cbe9873693c4e02ee2e1770943dbc60f51ba9e,c914c5f482673ce0dc5d5512f45c0eaf22d1c0663629aa594d02d724b1b643bb,203ffea723cb4cf0d5b2da185e1677d1c082fd4475784ccb7c3a518868d42cce,AdamW,0.01,0.0,0.5243277172213276,0.5887573964497042,0.5305696272094163,20
graphsage_pilot_v1_step20,twibot20,linear,2,100,1,val,2,200,5708cd030fbe4119391ef44d81cbe9873693c4e02ee2e1770943dbc60f51ba9e,c914c5f482673ce0dc5d5512f45c0eaf22d1c0663629aa594d02d724b1b643bb,203ffea723cb4cf0d5b2da185e1677d1c082fd4475784ccb7c3a518868d42cce,AdamW,0.01,0.0,0.6613012393238575,0.654122621564482,0.6203897021309996,20
graphsage_pilot_v1_step20,twibot20,linear,2,100,1,test,2,200,5708cd030fbe4119391ef44d81cbe9873693c4e02ee2e1770943dbc60f51ba9e,c914c5f482673ce0dc5d5512f45c0eaf22d1c0663629aa594d02d724b1b643bb,203ffea723cb4cf0d5b2da185e1677d1c082fd4475784ccb7c3a518868d42cce,AdamW,0.01,0.0,0.6619190828111063,0.6466610312764159,0.6119098426979697,20
graphsage_pilot_v1_step20,twibot20,linear,2,100,10,val,2,200,5708cd030fbe4119391ef44d81cbe9873693c4e02ee2e1770943dbc60f51ba9e,c914c5f482673ce0dc5d5512f45c0eaf22d1c0663629aa594d02d724b1b643bb,203ffea723cb4cf0d5b2da185e1677d1c082fd4475784ccb7c3a518868d42cce,AdamW,0.01,0.0,0.6808462070254924,0.6562367864693446,0.6242528763710091,20
graphsage_pilot_v1_step20,twibot20,linear,2,100,10,test,2,200,5708cd030fbe4119391ef44d81cbe9873693c4e02ee2e1770943dbc60f51ba9e,c914c5f482673ce0dc5d5512f45c0eaf22d1c0663629aa594d02d724b1b643bb,203ffea723cb4cf0d5b2da185e1677d1c082fd4475784ccb7c3a518868d42cce,AdamW,0.01,0.0,0.667374955113577,0.6483516483516484,0.6150392878514689,20
graphsage_pilot_v1_step20,twibot20,linear,2,100,100,val,2,200,5708cd030fbe4119391ef44d81cbe9873693c4e02ee2e1770943dbc60f51ba9e,c914c5f482673ce0dc5d5512f45c0eaf22d1c0663629aa594d02d724b1b643bb,203ffea723cb4cf0d5b2da185e1677d1c082fd4475784ccb7c3a518868d42cce,AdamW,0.01,0.0,0.7343656925705788,0.7103594080338267,0.6920952764152992,20
graphsage_pilot_v1_step20,twibot20,linear,2,100,100,test,2,200,5708cd030fbe4119391ef44d81cbe9873693c4e02ee2e1770943dbc60f51ba9e,c914c5f482673ce0dc5d5512f45c0eaf22d1c0663629aa594d02d724b1b643bb,203ffea723cb4cf0d5b2da185e1677d1c082fd4475784ccb7c3a518868d42cce,AdamW,0.01,0.0,0.7149429797634631,0.6885038038884193,0.6676248644999234,20
graphsage_pilot_v1_step20,ukr_rus_suspended,linear,0,0,0,val,2,0,af5570f5a1810b7af78caf4bc70a660f0df51e42baf91d4de5b2328de0e83dfc,0c2e028dcb3262ef92e92564f4c55cdddd6f64945b22ac315f10631df10ccb82,f89e55d9cfacf91222600ee60a2ba36a7e5c6eb5bd4c3c753e6136ad5559fc67,none,0.0,0.0,0.5158320206610723,0.4592894480375653,0.4542181418063367,20
graphsage_pilot_v1_step20,ukr_rus_suspended,linear,0,0,0,test,2,0,af5570f5a1810b7af78caf4bc70a660f0df51e42baf91d4de5b2328de0e83dfc,0c2e028dcb3262ef92e92564f4c55cdddd6f64945b22ac315f10631df10ccb82,f89e55d9cfacf91222600ee60a2ba36a7e5c6eb5bd4c3c753e6136ad5559fc67,none,0.0,0.0,0.5139818088949984,0.4633238837703756,0.4584945946784049,20
graphsage_pilot_v1_step20,ukr_rus_suspended,linear,0,1,0,val,2,2,7c99d61e9eb10c63a19f4bcdb05d6e9b3a56a8705bfc738ad72bda57e541b60d,0c2e028dcb3262ef92e92564f4c55cdddd6f64945b22ac315f10631df10ccb82,f89e55d9cfacf91222600ee60a2ba36a7e5c6eb5bd4c3c753e6136ad5559fc67,AdamW,0.01,0.0,0.5158320206610723,0.4592894480375653,0.4542181418063367,20
graphsage_pilot_v1_step20,ukr_rus_suspended,linear,0,1,0,test,2,2,7c99d61e9eb10c63a19f4bcdb05d6e9b3a56a8705bfc738ad72bda57e541b60d,0c2e028dcb3262ef92e92564f4c55cdddd6f64945b22ac315f10631df10ccb82,f89e55d9cfacf91222600ee60a2ba36a7e5c6eb5bd4c3c753e6136ad5559fc67,AdamW,0.01,0.0,0.5139818088949984,0.4633238837703756,0.4584945946784049,20
graphsage_pilot_v1_step20,ukr_rus_suspended,linear,0,1,1,val,2,2,7c99d61e9eb10c63a19f4bcdb05d6e9b3a56a8705bfc738ad72bda57e541b60d,0c2e028dcb3262ef92e92564f4c55cdddd6f64945b22ac315f10631df10ccb82,f89e55d9cfacf91222600ee60a2ba36a7e5c6eb5bd4c3c753e6136ad5559fc67,AdamW,0.01,0.0,0.4592209992055462,0.5428368919996456,0.4926791906493332,20
graphsage_pilot_v1_step20,ukr_rus_suspended,linear,0,1,1,test,2,2,7c99d61e9eb10c63a19f4bcdb05d6e9b3a56a8705bfc738ad72bda57e541b60d,0c2e028dcb3262ef92e92564f4c55cdddd6f64945b22ac315f10631df10ccb82,f89e55d9cfacf91222600ee60a2ba36a7e5c6eb5bd4c3c753e6136ad5559fc67,AdamW,0.01,0.0,0.4636111014284081,0.5450921332388377,0.4949416291895484,20
graphsage_pilot_v1_step20,ukr_rus_suspended,linear,0,1,10,val,2,2,7c99d61e9eb10c63a19f4bcdb05d6e9b3a56a8705bfc738ad72bda57e541b60d,0c2e028dcb3262ef92e92564f4c55cdddd6f64945b22ac315f10631df10ccb82,f89e55d9cfacf91222600ee60a2ba36a7e5c6eb5bd4c3c753e6136ad5559fc67,AdamW,0.01,0.0,0.4601120018350074,0.5407991494639851,0.4980475123057276,20
graphsage_pilot_v1_step20,ukr_rus_suspended,linear,0,1,10,test,2,2,7c99d61e9eb10c63a19f4bcdb05d6e9b3a56a8705bfc738ad72bda57e541b60d,0c2e028dcb3262ef92e92564f4c55cdddd6f64945b22ac315f10631df10ccb82,f89e55d9cfacf91222600ee60a2ba36a7e5c6eb5bd4c3c753e6136ad5559fc67,AdamW,0.01,0.0,0.4645034143211765,0.5401311126860383,0.4965541985201242,20
graphsage_pilot_v1_step20,ukr_rus_suspended,linear,0,1,100,val,2,2,7c99d61e9eb10c63a19f4bcdb05d6e9b3a56a8705bfc738ad72bda57e541b60d,0c2e028dcb3262ef92e92564f4c55cdddd6f64945b22ac315f10631df10ccb82,f89e55d9cfacf91222600ee60a2ba36a7e5c6eb5bd4c3c753e6136ad5559fc67,AdamW,0.01,0.0,0.4601102811939203,0.5399131744484805,0.4982626519671806,20
graphsage_pilot_v1_step20,ukr_rus_suspended,linear,0,1,100,test,2,2,7c99d61e9eb10c63a19f4bcdb05d6e9b3a56a8705bfc738ad72bda57e541b60d,0c2e028dcb3262ef92e92564f4c55cdddd6f64945b22ac315f10631df10ccb82,f89e55d9cfacf91222600ee60a2ba36a7e5c6eb5bd4c3c753e6136ad5559fc67,AdamW,0.01,0.0,0.4644926418674276,0.5382707299787385,0.4960296428480872,20
graphsage_pilot_v1_step20,ukr_rus_suspended,linear,0,10,0,val,2,20,e5a82878379041fa98c0278a2e88145c8947d0c76c48e42e2c7c3a50b79d1cad,0c2e028dcb3262ef92e92564f4c55cdddd6f64945b22ac315f10631df10ccb82,f89e55d9cfacf91222600ee60a2ba36a7e5c6eb5bd4c3c753e6136ad5559fc67,AdamW,0.01,0.0,0.5158320206610723,0.4592894480375653,0.4542181418063367,20
graphsage_pilot_v1_step20,ukr_rus_suspended,linear,0,10,0,test,2,20,e5a82878379041fa98c0278a2e88145c8947d0c76c48e42e2c7c3a50b79d1cad,0c2e028dcb3262ef92e92564f4c55cdddd6f64945b22ac315f10631df10ccb82,f89e55d9cfacf91222600ee60a2ba36a7e5c6eb5bd4c3c753e6136ad5559fc67,AdamW,0.01,0.0,0.5139818088949984,0.4633238837703756,0.4584945946784049,20
graphsage_pilot_v1_step20,ukr_rus_suspended,linear,0,10,1,val,2,20,e5a82878379041fa98c0278a2e88145c8947d0c76c48e42e2c7c3a50b79d1cad,0c2e028dcb3262ef92e92564f4c55cdddd6f64945b22ac315f10631df10ccb82,f89e55d9cfacf91222600ee60a2ba36a7e5c6eb5bd4c3c753e6136ad5559fc67,AdamW,0.01,0.0,0.4581129867492626,0.542128111987242,0.496167811161586,20
graphsage_pilot_v1_step20,ukr_rus_suspended,linear,0,10,1,test,2,20,e5a82878379041fa98c0278a2e88145c8947d0c76c48e42e2c7c3a50b79d1cad,0c2e028dcb3262ef92e92564f4c55cdddd6f64945b22ac315f10631df10ccb82,f89e55d9cfacf91222600ee60a2ba36a7e5c6eb5bd4c3c753e6136ad5559fc67,AdamW,0.01,0.0,0.4621032473127712,0.5429659815733522,0.4965040866056527,20
graphsage_pilot_v1_step20,ukr_rus_suspended,linear,0,10,10,val,2,20,e5a82878379041fa98c0278a2e88145c8947d0c76c48e42e2c7c3a50b79d1cad,0c2e028dcb3262ef92e92564f4c55cdddd6f64945b22ac315f10631df10ccb82,f89e55d9cfacf91222600ee60a2ba36a7e5c6eb5bd4c3c753e6136ad5559fc67,AdamW,0.01,0.0,0.5592345327713302,0.5396473819438292,0.509252196845732,20
graphsage_pilot_v1_step20,ukr_rus_suspended,linear,0,10,10,test,2,20,e5a82878379041fa98c0278a2e88145c8947d0c76c48e42e2c7c3a50b79d1cad,0c2e028dcb3262ef92e92564f4c55cdddd6f64945b22ac315f10631df10ccb82,f89e55d9cfacf91222600ee60a2ba36a7e5c6eb5bd4c3c753e6136ad5559fc67,AdamW,0.01,0.0,0.5540354962319565,0.5360559886605244,0.5058922852521175,20
graphsage_pilot_v1_step20,ukr_rus_suspended,linear,0,10,100,val,2,20,e5a82878379041fa98c0278a2e88145c8947d0c76c48e42e2c7c3a50b79d1cad,0c2e028dcb3262ef92e92564f4c55cdddd6f64945b22ac315f10631df10ccb82,f89e55d9cfacf91222600ee60a2ba36a7e5c6eb5bd4c3c753e6136ad5559fc67,AdamW,0.01,0.0,0.5620901215840369,0.5355718968725082,0.5303956887978666,20
graphsage_pilot_v1_step20,ukr_rus_suspended,linear,0,10,100,test,2,20,e5a82878379041fa98c0278a2e88145c8947d0c76c48e42e2c7c3a50b79d1cad,0c2e028dcb3262ef92e92564f4c55cdddd6f64945b22ac315f10631df10ccb82,f89e55d9cfacf91222600ee60a2ba36a7e5c6eb5bd4c3c753e6136ad5559fc67,AdamW,0.01,0.0,0.5567246544100368,0.526045357902197,0.5209691223912042,20
graphsage_pilot_v1_step20,ukr_rus_suspended,linear,0,100,0,val,2,200,0e6e836a2d142a85ab039b2a0676f9ba6b8c674a523a6ccbb1030280fce6a8bd,0c2e028dcb3262ef92e92564f4c55cdddd6f64945b22ac315f10631df10ccb82,f89e55d9cfacf91222600ee60a2ba36a7e5c6eb5bd4c3c753e6136ad5559fc67,AdamW,0.01,0.0,0.5158320206610723,0.4592894480375653,0.4542181418063367,20
graphsage_pilot_v1_step20,ukr_rus_suspended,linear,0,100,0,test,2,200,0e6e836a2d142a85ab039b2a0676f9ba6b8c674a523a6ccbb1030280fce6a8bd,0c2e028dcb3262ef92e92564f4c55cdddd6f64945b22ac315f10631df10ccb82,f89e55d9cfacf91222600ee60a2ba36a7e5c6eb5bd4c3c753e6136ad5559fc67,AdamW,0.01,0.0,0.5139818088949984,0.4633238837703756,0.4584945946784049,20
graphsage_pilot_v1_step20,ukr_rus_suspended,linear,0,100,1,val,2,200,0e6e836a2d142a85ab039b2a0676f9ba6b8c674a523a6ccbb1030280fce6a8bd,0c2e028dcb3262ef92e92564f4c55cdddd6f64945b22ac315f10631df10ccb82,f89e55d9cfacf91222600ee60a2ba36a7e5c6eb5bd4c3c753e6136ad5559fc67,AdamW,0.01,0.0,0.4834959483887434,0.543102684504297,0.4926285382808359,20
graphsage_pilot_v1_step20,ukr_rus_suspended,linear,0,100,1,test,2,200,0e6e836a2d142a85ab039b2a0676f9ba6b8c674a523a6ccbb1030280fce6a8bd,0c2e028dcb3262ef92e92564f4c55cdddd6f64945b22ac315f10631df10ccb82,f89e55d9cfacf91222600ee60a2ba36a7e5c6eb5bd4c3c753e6136ad5559fc67,AdamW,0.01,0.0,0.4799156764477117,0.5459780297661233,0.4951085063756831,20
graphsage_pilot_v1_step20,ukr_rus_suspended,linear,0,100,10,val,2,200,0e6e836a2d142a85ab039b2a0676f9ba6b8c674a523a6ccbb1030280fce6a8bd,0c2e028dcb3262ef92e92564f4c55cdddd6f64945b22ac315f10631df10ccb82,f89e55d9cfacf91222600ee60a2ba36a7e5c6eb5bd4c3c753e6136ad5559fc67,AdamW,0.01,0.0,0.5510861876517662,0.5529370071763976,0.5528569789298828,20
graphsage_pilot_v1_step20,ukr_rus_suspended,linear,0,100,10,test,2,200,0e6e836a2d142a85ab039b2a0676f9ba6b8c674a523a6ccbb1030280fce6a8bd,0c2e028dcb3262ef92e92564f4c55cdddd6f64945b22ac315f10631df10ccb82,f89e55d9cfacf91222600ee60a2ba36a7e5c6eb5bd4c3c753e6136ad5559fc67,AdamW,0.01,0.0,0.559288369775955,0.5553685329553508,0.5550350998542979,20
graphsage_pilot_v1_step20,ukr_rus_suspended,linear,0,100,100,val,2,200,0e6e836a2d142a85ab039b2a0676f9ba6b8c674a523a6ccbb1030280fce6a8bd,0c2e028dcb3262ef92e92564f4c55cdddd6f64945b22ac315f10631df10ccb82,f89e55d9cfacf91222600ee60a2ba36a7e5c6eb5bd4c3c753e6136ad5559fc67,AdamW,0.01,0.0,0.5944670872235098,0.586604057765571,0.5826327277444188,20
graphsage_pilot_v1_step20,ukr_rus_suspended,linear,0,100,100,test,2,200,0e6e836a2d142a85ab039b2a0676f9ba6b8c674a523a6ccbb1030280fce6a8bd,0c2e028dcb3262ef92e92564f4c55cdddd6f64945b22ac315f10631df10ccb82,f89e55d9cfacf91222600ee60a2ba36a7e5c6eb5bd4c3c753e6136ad5559fc67,AdamW,0.01,0.0,0.5953426469931863,0.5869950389794472,0.5819007750025289,20
graphsage_pilot_v1_step20,ukr_rus_suspended,linear,1,0,0,val,2,0,af5570f5a1810b7af78caf4bc70a660f0df51e42baf91d4de5b2328de0e83dfc,0c2e028dcb3262ef92e92564f4c55cdddd6f64945b22ac315f10631df10ccb82,8a8ac6a74ff16f70c26373d03c9e72726890aaba776363757688178d530a945d,none,0.0,0.0,0.4527179889841662,0.4567201204926021,0.4403044544439151,20
graphsage_pilot_v1_step20,ukr_rus_suspended,linear,1,0,0,test,2,0,af5570f5a1810b7af78caf4bc70a660f0df51e42baf91d4de5b2328de0e83dfc,0c2e028dcb3262ef92e92564f4c55cdddd6f64945b22ac315f10631df10ccb82,8a8ac6a74ff16f70c26373d03c9e72726890aaba776363757688178d530a945d,none,0.0,0.0,0.456907934044028,0.4496810772501772,0.4327171951734118,20
graphsage_pilot_v1_step20,ukr_rus_suspended,linear,1,1,0,val,2,2,d73d3d76b81fffb6f14dba64a89f45ae3cb6ec170ba2f809a798c78d912bfa77,0c2e028dcb3262ef92e92564f4c55cdddd6f64945b22ac315f10631df10ccb82,8a8ac6a74ff16f70c26373d03c9e72726890aaba776363757688178d530a945d,AdamW,0.01,0.0,0.4527179889841662,0.4567201204926021,0.4403044544439151,20
graphsage_pilot_v1_step20,ukr_rus_suspended,linear,1,1,0,test,2,2,d73d3d76b81fffb6f14dba64a89f45ae3cb6ec170ba2f809a798c78d912bfa77,0c2e028dcb3262ef92e92564f4c55cdddd6f64945b22ac315f10631df10ccb82,8a8ac6a74ff16f70c26373d03c9e72726890aaba776363757688178d530a945d,AdamW,0.01,0.0,0.456907934044028,0.4496810772501772,0.4327171951734118,20
graphsage_pilot_v1_step20,ukr_rus_suspended,linear,1,1,1,val,2,2,d73d3d76b81fffb6f14dba64a89f45ae3cb6ec170ba2f809a798c78d912bfa77,0c2e028dcb3262ef92e92564f4c55cdddd6f64945b22ac315f10631df10ccb82,8a8ac6a74ff16f70c26373d03c9e72726890aaba776363757688178d530a945d,AdamW,0.01,0.0,0.5406262657566502,0.5317622043058385,0.5103935238298009,20
graphsage_pilot_v1_step20,ukr_rus_suspended,linear,1,1,1,test,2,2,d73d3d76b81fffb6f14dba64a89f45ae3cb6ec170ba2f809a798c78d912bfa77,0c2e028dcb3262ef92e92564f4c55cdddd6f64945b22ac315f10631df10ccb82,8a8ac6a74ff16f70c26373d03c9e72726890aaba776363757688178d530a945d,AdamW,0.01,0.0,0.5386451809701485,0.5257795889440113,0.5054432038036388,20
graphsage_pilot_v1_step20,ukr_rus_suspended,linear,1,1,10,val,2,2,d73d3d76b81fffb6f14dba64a89f45ae3cb6ec170ba2f809a798c78d912bfa77,0c2e028dcb3262ef92e92564f4c55cdddd6f64945b22ac315f10631df10ccb82,8a8ac6a74ff16f70c26373d03c9e72726890aaba776363757688178d530a945d,AdamW,0.01,0.0,0.5844468132472768,0.5579870647647737,0.5133028687328343,20
graphsage_pilot_v1_step20,ukr_rus_suspended,linear,1,1,10,test,2,2,d73d3d76b81fffb6f14dba64a89f45ae3cb6ec170ba2f809a798c78d912bfa77,0c2e028dcb3262ef92e92564f4c55cdddd6f64945b22ac315f10631df10ccb82,8a8ac6a74ff16f70c26373d03c9e72726890aaba776363757688178d530a945d,AdamW,0.01,0.0,0.5754365030415621,0.5566973777462793,0.5117182295784836,20
graphsage_pilot_v1_step20,ukr_rus_suspended,linear,1,1,100,val,2,2,d73d3d76b81fffb6f14dba64a89f45ae3cb6ec170ba2f809a798c78d912bfa77,0c2e028dcb3262ef92e92564f4c55cdddd6f64945b22ac315f10631df10ccb82,8a8ac6a74ff16f70c26373d03c9e72726890aaba776363757688178d530a945d,AdamW,0.01,0.0,0.5895687436637794,0.5874014352795252,0.5858626990650435,20
graphsage_pilot_v1_step20,ukr_rus_suspended,linear,1,1,100,test,2,2,d73d3d76b81fffb6f14dba64a89f45ae3cb6ec170ba2f809a798c78d912bfa77,0c2e028dcb3262ef92e92564f4c55cdddd6f64945b22ac315f10631df10ccb82,8a8ac6a74ff16f70c26373d03c9e72726890aaba776363757688178d530a945d,AdamW,0.01,0.0,0.579898196131718,0.5756555634301913,0.5735348809445837,20
graphsage_pilot_v1_step20,ukr_rus_suspended,linear,1,10,0,val,2,20,0799d70a753227d471335ad303c0239095fe54cbc93c2961ebd67a3fb8c8bf71,0c2e028dcb3262ef92e92564f4c55cdddd6f64945b22ac315f10631df10ccb82,8a8ac6a74ff16f70c26373d03c9e72726890aaba776363757688178d530a945d,AdamW,0.01,0.0,0.4527179889841662,0.4567201204926021,0.4403044544439151,20
graphsage_pilot_v1_step20,ukr_rus_suspended,linear,1,10,0,test,2,20,0799d70a753227d471335ad303c0239095fe54cbc93c2961ebd67a3fb8c8bf71,0c2e028dcb3262ef92e92564f4c55cdddd6f64945b22ac315f10631df10ccb82,8a8ac6a74ff16f70c26373d03c9e72726890aaba776363757688178d530a945d,AdamW,0.01,0.0,0.456907934044028,0.4496810772501772,0.4327171951734118,20
graphsage_pilot_v1_step20,ukr_rus_suspended,linear,1,10,1,val,2,20,0799d70a753227d471335ad303c0239095fe54cbc93c2961ebd67a3fb8c8bf71,0c2e028dcb3262ef92e92564f4c55cdddd6f64945b22ac315f10631df10ccb82,8a8ac6a74ff16f70c26373d03c9e72726890aaba776363757688178d530a945d,AdamW,0.01,0.0,0.5291546712253685,0.4626561530964826,0.4586746040792794,20
graphsage_pilot_v1_step20,ukr_rus_suspended,linear,1,10,1,test,2,20,0799d70a753227d471335ad303c0239095fe54cbc93c2961ebd67a3fb8c8bf71,0c2e028dcb3262ef92e92564f4c55cdddd6f64945b22ac315f10631df10ccb82,8a8ac6a74ff16f70c26373d03c9e72726890aaba776363757688178d530a945d,AdamW,0.01,0.0,0.5245610016079575,0.4662473423104181,0.4625599508423579,20
graphsage_pilot_v1_step20,ukr_rus_suspended,linear,1,10,10,val,2,20,0799d70a753227d471335ad303c0239095fe54cbc93c2961ebd67a3fb8c8bf71,0c2e028dcb3262ef92e92564f4c55cdddd6f64945b22ac315f10631df10ccb82,8a8ac6a74ff16f70c26373d03c9e72726890aaba776363757688178d530a945d,AdamW,0.01,0.0,0.5609732807917084,0.49127314609728,0.4887877611869661,20
graphsage_pilot_v1_step20,ukr_rus_suspended,linear,1,10,10,test,2,20,0799d70a753227d471335ad303c0239095fe54cbc93c2961ebd67a3fb8c8bf71,0c2e028dcb3262ef92e92564f4c55cdddd6f64945b22ac315f10631df10ccb82,8a8ac6a74ff16f70c26373d03c9e72726890aaba776363757688178d530a945d,AdamW,0.01,0.0,0.5496320387052012,0.4883061658398299,0.485800343854004,20
graphsage_pilot_v1_step20,ukr_rus_suspended,linear,1,10,100,val,2,20,0799d70a753227d471335ad303c0239095fe54cbc93c2961ebd67a3fb8c8bf71,0c2e028dcb3262ef92e92564f4c55cdddd6f64945b22ac315f10631df10ccb82,8a8ac6a74ff16f70c26373d03c9e72726890aaba776363757688178d530a945d,AdamW,0.01,0.0,0.5863845124034424,0.5850979002392133,0.5698956620849347,20
graphsage_pilot_v1_step20,ukr_rus_suspended,linear,1,10,100,test,2,20,0799d70a753227d471335ad303c0239095fe54cbc93c2961ebd67a3fb8c8bf71,0c2e028dcb3262ef92e92564f4c55cdddd6f64945b22ac315f10631df10ccb82,8a8ac6a74ff16f70c26373d03c9e72726890aaba776363757688178d530a945d,AdamW,0.01,0.0,0.5762786838286753,0.5749468462083629,0.5579728057718362,20
graphsage_pilot_v1_step20,ukr_rus_suspended,linear,1,100,0,val,2,200,1728296263c97d6583bec3f11c800c3d719473b87756114e79f69c4d870069e2,0c2e028dcb3262ef92e92564f4c55cdddd6f64945b22ac315f10631df10ccb82,8a8ac6a74ff16f70c26373d03c9e72726890aaba776363757688178d530a945d,AdamW,0.01,0.0,0.4527179889841662,0.4567201204926021,0.4403044544439151,20
graphsage_pilot_v1_step20,ukr_rus_suspended,linear,1,100,0,test,2,200,1728296263c97d6583bec3f11c800c3d719473b87756114e79f69c4d870069e2,0c2e028dcb3262ef92e92564f4c55cdddd6f64945b22ac315f10631df10ccb82,8a8ac6a74ff16f70c26373d03c9e72726890aaba776363757688178d530a945d,AdamW,0.01,0.0,0.456907934044028,0.4496810772501772,0.4327171951734118,20
graphsage_pilot_v1_step20,ukr_rus_suspended,linear,1,100,1,val,2,200,1728296263c97d6583bec3f11c800c3d719473b87756114e79f69c4d870069e2,0c2e028dcb3262ef92e92564f4c55cdddd6f64945b22ac315f10631df10ccb82,8a8ac6a74ff16f70c26373d03c9e72726890aaba776363757688178d530a945d,AdamW,0.01,0.0,0.4699080457241554,0.5356604943740586,0.5096406872126598,20
graphsage_pilot_v1_step20,ukr_rus_suspended,linear,1,100,1,test,2,200,1728296263c97d6583bec3f11c800c3d719473b87756114e79f69c4d870069e2,0c2e028dcb3262ef92e92564f4c55cdddd6f64945b22ac315f10631df10ccb82,8a8ac6a74ff16f70c26373d03c9e72726890aaba776363757688178d530a945d,AdamW,0.01,0.0,0.475747894483719,0.5314493267186393,0.5061479183560512,20
graphsage_pilot_v1_step20,ukr_rus_suspended,linear,1,100,10,val,2,200,1728296263c97d6583bec3f11c800c3d719473b87756114e79f69c4d870069e2,0c2e028dcb3262ef92e92564f4c55cdddd6f64945b22ac315f10631df10ccb82,8a8ac6a74ff16f70c26373d03c9e72726890aaba776363757688178d530a945d,AdamW,0.01,0.0,0.4902915962409878,0.5446088420306547,0.5096681660133437,20
graphsage_pilot_v1_step20,ukr_rus_suspended,linear,1,100,10,test,2,200,1728296263c97d6583bec3f11c800c3d719473b87756114e79f69c4d870069e2,0c2e028dcb3262ef92e92564f4c55cdddd6f64945b22ac315f10631df10ccb82,8a8ac6a74ff16f70c26373d03c9e72726890aaba776363757688178d530a945d,AdamW,0.01,0.0,0.491095891688412,0.5447377746279235,0.5100627203661863,20
graphsage_pilot_v1_step20,ukr_rus_suspended,linear,1,100,100,val,2,200,1728296263c97d6583bec3f11c800c3d719473b87756114e79f69c4d870069e2,0c2e028dcb3262ef92e92564f4c55cdddd6f64945b22ac315f10631df10ccb82,8a8ac6a74ff16f70c26373d03c9e72726890aaba776363757688178d530a945d,AdamW,0.01,0.0,0.5662065061331045,0.5515194471515903,0.5119193258467203,20
graphsage_pilot_v1_step20,ukr_rus_suspended,linear,1,100,100,test,2,200,1728296263c97d6583bec3f11c800c3d719473b87756114e79f69c4d870069e2,0c2e028dcb3262ef92e92564f4c55cdddd6f64945b22ac315f10631df10ccb82,8a8ac6a74ff16f70c26373d03c9e72726890aaba776363757688178d530a945d,AdamW,0.01,0.0,0.5585384622904308,0.5503189227498229,0.5111823588373143,20
graphsage_pilot_v1_step20,ukr_rus_suspended,linear,2,0,0,val,2,0,af5570f5a1810b7af78caf4bc70a660f0df51e42baf91d4de5b2328de0e83dfc,0c2e028dcb3262ef92e92564f4c55cdddd6f64945b22ac315f10631df10ccb82,203ffea723cb4cf0d5b2da185e1677d1c082fd4475784ccb7c3a518868d42cce,none,0.0,0.0,0.5832457253647132,0.5773899176043236,0.4785021658064116,20
graphsage_pilot_v1_step20,ukr_rus_suspended,linear,2,0,0,test,2,0,af5570f5a1810b7af78caf4bc70a660f0df51e42baf91d4de5b2328de0e83dfc,0c2e028dcb3262ef92e92564f4c55cdddd6f64945b22ac315f10631df10ccb82,203ffea723cb4cf0d5b2da185e1677d1c082fd4475784ccb7c3a518868d42cce,none,0.0,0.0,0.5799223457220624,0.5820340184266478,0.480415942105904,20
graphsage_pilot_v1_step20,ukr_rus_suspended,linear,2,1,0,val,2,2,aad26da52850ca862f2ded49b2710985a734f1e075c85c658bab395f51c94f19,0c2e028dcb3262ef92e92564f4c55cdddd6f64945b22ac315f10631df10ccb82,203ffea723cb4cf0d5b2da185e1677d1c082fd4475784ccb7c3a518868d42cce,AdamW,0.01,0.0,0.5832457253647132,0.5773899176043236,0.4785021658064116,20
graphsage_pilot_v1_step20,ukr_rus_suspended,linear,2,1,0,test,2,2,aad26da52850ca862f2ded49b2710985a734f1e075c85c658bab395f51c94f19,0c2e028dcb3262ef92e92564f4c55cdddd6f64945b22ac315f10631df10ccb82,203ffea723cb4cf0d5b2da185e1677d1c082fd4475784ccb7c3a518868d42cce,AdamW,0.01,0.0,0.5799223457220624,0.5820340184266478,0.480415942105904,20
graphsage_pilot_v1_step20,ukr_rus_suspended,linear,2,1,1,val,2,2,aad26da52850ca862f2ded49b2710985a734f1e075c85c658bab395f51c94f19,0c2e028dcb3262ef92e92564f4c55cdddd6f64945b22ac315f10631df10ccb82,203ffea723cb4cf0d5b2da185e1677d1c082fd4475784ccb7c3a518868d42cce,AdamW,0.01,0.0,0.528768057645786,0.4693895632143173,0.4679554409167584,20
graphsage_pilot_v1_step20,ukr_rus_suspended,linear,2,1,1,test,2,2,aad26da52850ca862f2ded49b2710985a734f1e075c85c658bab395f51c94f19,0c2e028dcb3262ef92e92564f4c55cdddd6f64945b22ac315f10631df10ccb82,203ffea723cb4cf0d5b2da185e1677d1c082fd4475784ccb7c3a518868d42cce,AdamW,0.01,0.0,0.5245402284583404,0.4746633593196314,0.4735114380853382,20
graphsage_pilot_v1_step20,ukr_rus_suspended,linear,2,1,10,val,2,2,aad26da52850ca862f2ded49b2710985a734f1e075c85c658bab395f51c94f19,0c2e028dcb3262ef92e92564f4c55cdddd6f64945b22ac315f10631df10ccb82,203ffea723cb4cf0d5b2da185e1677d1c082fd4475784ccb7c3a518868d42cce,AdamW,0.01,0.0,0.4676642975851011,0.4693895632143173,0.4679554409167584,20
graphsage_pilot_v1_step20,ukr_rus_suspended,linear,2,1,10,test,2,2,aad26da52850ca862f2ded49b2710985a734f1e075c85c658bab395f51c94f19,0c2e028dcb3262ef92e92564f4c55cdddd6f64945b22ac315f10631df10ccb82,203ffea723cb4cf0d5b2da185e1677d1c082fd4475784ccb7c3a518868d42cce,AdamW,0.01,0.0,0.4690279574437269,0.4746633593196314,0.4735114380853382,20
graphsage_pilot_v1_step20,ukr_rus_suspended,linear,2,1,100,val,2,2,aad26da52850ca862f2ded49b2710985a734f1e075c85c658bab395f51c94f19,0c2e028dcb3262ef92e92564f4c55cdddd6f64945b22ac315f10631df10ccb82,203ffea723cb4cf0d5b2da185e1677d1c082fd4475784ccb7c3a518868d42cce,AdamW,0.01,0.0,0.4658638316161978,0.4693895632143173,0.4679554409167584,20
graphsage_pilot_v1_step20,ukr_rus_suspended,linear,2,1,100,test,2,2,aad26da52850ca862f2ded49b2710985a734f1e075c85c658bab395f51c94f19,0c2e028dcb3262ef92e92564f4c55cdddd6f64945b22ac315f10631df10ccb82,203ffea723cb4cf0d5b2da185e1677d1c082fd4475784ccb7c3a518868d42cce,AdamW,0.01,0.0,0.4684567601424099,0.4746633593196314,0.4735114380853382,20
graphsage_pilot_v1_step20,ukr_rus_suspended,linear,2,10,0,val,2,20,ebf0dfe0820787f8d79027650ee848f503045e56e273aae6c793bbd29d911716,0c2e028dcb3262ef92e92564f4c55cdddd6f64945b22ac315f10631df10ccb82,203ffea723cb4cf0d5b2da185e1677d1c082fd4475784ccb7c3a518868d42cce,AdamW,0.01,0.0,0.5832457253647132,0.5773899176043236,0.4785021658064116,20
graphsage_pilot_v1_step20,ukr_rus_suspended,linear,2,10,0,test,2,20,ebf0dfe0820787f8d79027650ee848f503045e56e273aae6c793bbd29d911716,0c2e028dcb3262ef92e92564f4c55cdddd6f64945b22ac315f10631df10ccb82,203ffea723cb4cf0d5b2da185e1677d1c082fd4475784ccb7c3a518868d42cce,AdamW,0.01,0.0,0.5799223457220624,0.5820340184266478,0.480415942105904,20
graphsage_pilot_v1_step20,ukr_rus_suspended,linear,2,10,1,val,2,20,ebf0dfe0820787f8d79027650ee848f503045e56e273aae6c793bbd29d911716,0c2e028dcb3262ef92e92564f4c55cdddd6f64945b22ac315f10631df10ccb82,203ffea723cb4cf0d5b2da185e1677d1c082fd4475784ccb7c3a518868d42cce,AdamW,0.01,0.0,0.545198459386213,0.5455834145477098,0.4870080686826016,20
graphsage_pilot_v1_step20,ukr_rus_suspended,linear,2,10,1,test,2,20,ebf0dfe0820787f8d79027650ee848f503045e56e273aae6c793bbd29d911716,0c2e028dcb3262ef92e92564f4c55cdddd6f64945b22ac315f10631df10ccb82,203ffea723cb4cf0d5b2da185e1677d1c082fd4475784ccb7c3a518868d42cce,AdamW,0.01,0.0,0.5432526880648544,0.5518249468462083,0.4936887746327703,20
graphsage_pilot_v1_step20,ukr_rus_suspended,linear,2,10,10,val,2,20,ebf0dfe0820787f8d79027650ee848f503045e56e273aae6c793bbd29d911716,0c2e028dcb3262ef92e92564f4c55cdddd6f64945b22ac315f10631df10ccb82,203ffea723cb4cf0d5b2da185e1677d1c082fd4475784ccb7c3a518868d42cce,AdamW,0.01,0.0,0.4379409786015928,0.4608842030654735,0.4558465999656005,20
graphsage_pilot_v1_step20,ukr_rus_suspended,linear,2,10,10,test,2,20,ebf0dfe0820787f8d79027650ee848f503045e56e273aae6c793bbd29d911716,0c2e028dcb3262ef92e92564f4c55cdddd6f64945b22ac315f10631df10ccb82,203ffea723cb4cf0d5b2da185e1677d1c082fd4475784ccb7c3a518868d42cce,AdamW,0.01,0.0,0.4392619473586522,0.46243798724309,0.4577461031122757,20
graphsage_pilot_v1_step20,ukr_rus_suspended,linear,2,10,100,val,2,20,ebf0dfe0820787f8d79027650ee848f503045e56e273aae6c793bbd29d911716,0c2e028dcb3262ef92e92564f4c55cdddd6f64945b22ac315f10631df10ccb82,203ffea723cb4cf0d5b2da185e1677d1c082fd4475784ccb7c3a518868d42cce,AdamW,0.01,0.0,0.4095698744626695,0.4273943474794011,0.4130247657717726,20
graphsage_pilot_v1_step20,ukr_rus_suspended,linear,2,10,100,test,2,20,ebf0dfe0820787f8d79027650ee848f503045e56e273aae6c793bbd29d911716,0c2e028dcb3262ef92e92564f4c55cdddd6f64945b22ac315f10631df10ccb82,203ffea723cb4cf0d5b2da185e1677d1c082fd4475784ccb7c3a518868d42cce,AdamW,0.01,0.0,0.4191349198703086,0.43718993621545,0.4250990997816043,20
graphsage_pilot_v1_step20,ukr_rus_suspended,linear,2,100,0,val,2,200,43631ca67a92fed54e454d00c6f590f21eb883aa513846af2e549f7403669eed,0c2e028dcb3262ef92e92564f4c55cdddd6f64945b22ac315f10631df10ccb82,203ffea723cb4cf0d5b2da185e1677d1c082fd4475784ccb7c3a518868d42cce,AdamW,0.01,0.0,0.5832457253647132,0.5773899176043236,0.4785021658064116,20
graphsage_pilot_v1_step20,ukr_rus_suspended,linear,2,100,0,test,2,200,43631ca67a92fed54e454d00c6f590f21eb883aa513846af2e549f7403669eed,0c2e028dcb3262ef92e92564f4c55cdddd6f64945b22ac315f10631df10ccb82,203ffea723cb4cf0d5b2da185e1677d1c082fd4475784ccb7c3a518868d42cce,AdamW,0.01,0.0,0.5799223457220624,0.5820340184266478,0.480415942105904,20
graphsage_pilot_v1_step20,ukr_rus_suspended,linear,2,100,1,val,2,200,43631ca67a92fed54e454d00c6f590f21eb883aa513846af2e549f7403669eed,0c2e028dcb3262ef92e92564f4c55cdddd6f64945b22ac315f10631df10ccb82,203ffea723cb4cf0d5b2da185e1677d1c082fd4475784ccb7c3a518868d42cce,AdamW,0.01,0.0,0.5926259369373142,0.4576060955081066,0.4025266307451213,20
graphsage_pilot_v1_step20,ukr_rus_suspended,linear,2,100,1,test,2,200,43631ca67a92fed54e454d00c6f590f21eb883aa513846af2e549f7403669eed,0c2e028dcb3262ef92e92564f4c55cdddd6f64945b22ac315f10631df10ccb82,203ffea723cb4cf0d5b2da185e1677d1c082fd4475784ccb7c3a518868d42cce,AdamW,0.01,0.0,0.5841193901723579,0.4580085046066619,0.4048352348102213,20
graphsage_pilot_v1_step20,ukr_rus_suspended,linear,2,100,10,val,2,200,43631ca67a92fed54e454d00c6f590f21eb883aa513846af2e549f7403669eed,0c2e028dcb3262ef92e92564f4c55cdddd6f64945b22ac315f10631df10ccb82,203ffea723cb4cf0d5b2da185e1677d1c082fd4475784ccb7c3a518868d42cce,AdamW,0.01,0.0,0.5793477657491565,0.5306990342872331,0.5304902770914575,20
graphsage_pilot_v1_step20,ukr_rus_suspended,linear,2,100,10,test,2,200,43631ca67a92fed54e454d00c6f590f21eb883aa513846af2e549f7403669eed,0c2e028dcb3262ef92e92564f4c55cdddd6f64945b22ac315f10631df10ccb82,203ffea723cb4cf0d5b2da185e1677d1c082fd4475784ccb7c3a518868d42cce,AdamW,0.01,0.0,0.5837178188218628,0.536144578313253,0.5361375303993954,20
graphsage_pilot_v1_step20,ukr_rus_suspended,linear,2,100,100,val,2,200,43631ca67a92fed54e454d00c6f590f21eb883aa513846af2e549f7403669eed,0c2e028dcb3262ef92e92564f4c55cdddd6f64945b22ac315f10631df10ccb82,203ffea723cb4cf0d5b2da185e1677d1c082fd4475784ccb7c3a518868d42cce,AdamW,0.01,0.0,0.6007414773109191,0.5889961903074333,0.58588705612948,20
graphsage_pilot_v1_step20,ukr_rus_suspended,linear,2,100,100,test,2,200,43631ca67a92fed54e454d00c6f590f21eb883aa513846af2e549f7403669eed,0c2e028dcb3262ef92e92564f4c55cdddd6f64945b22ac315f10631df10ccb82,203ffea723cb4cf0d5b2da185e1677d1c082fd4475784ccb7c3a518868d42cce,AdamW,0.01,0.0,0.5997709937115882,0.5869950389794472,0.5829035051552275,20
graphsage_pilot_v1_step2000,covid_political,linear,0,0,0,val,2,0,af5570f5a1810b7af78caf4bc70a660f0df51e42baf91d4de5b2328de0e83dfc,f1b58c8ccaee181a233f11c34ff62fda2f7ec53206eb08b2970705719fba8082,f89e55d9cfacf91222600ee60a2ba36a7e5c6eb5bd4c3c753e6136ad5559fc67,none,0.0,0.0,0.6549512678386218,0.516842506673446,0.5073680619751678,2000
graphsage_pilot_v1_step2000,covid_political,linear,0,0,0,test,2,0,af5570f5a1810b7af78caf4bc70a660f0df51e42baf91d4de5b2328de0e83dfc,f1b58c8ccaee181a233f11c34ff62fda2f7ec53206eb08b2970705719fba8082,f89e55d9cfacf91222600ee60a2ba36a7e5c6eb5bd4c3c753e6136ad5559fc67,none,0.0,0.0,0.6518076386829819,0.5174145163340537,0.5071283288304456,2000
graphsage_pilot_v1_step2000,covid_political,linear,0,1,0,val,2,2,83cb1f5f80360408baf933c03274febff7c6d49f773d7382e9ebea1efe88cb54,f1b58c8ccaee181a233f11c34ff62fda2f7ec53206eb08b2970705719fba8082,f89e55d9cfacf91222600ee60a2ba36a7e5c6eb5bd4c3c753e6136ad5559fc67,AdamW,0.01,0.0,0.6549512678386218,0.516842506673446,0.5073680619751678,2000
graphsage_pilot_v1_step2000,covid_political,linear,0,1,0,test,2,2,83cb1f5f80360408baf933c03274febff7c6d49f773d7382e9ebea1efe88cb54,f1b58c8ccaee181a233f11c34ff62fda2f7ec53206eb08b2970705719fba8082,f89e55d9cfacf91222600ee60a2ba36a7e5c6eb5bd4c3c753e6136ad5559fc67,AdamW,0.01,0.0,0.6518076386829819,0.5174145163340537,0.5071283288304456,2000
graphsage_pilot_v1_step2000,covid_political,linear,0,1,1,val,2,2,83cb1f5f80360408baf933c03274febff7c6d49f773d7382e9ebea1efe88cb54,f1b58c8ccaee181a233f11c34ff62fda2f7ec53206eb08b2970705719fba8082,f89e55d9cfacf91222600ee60a2ba36a7e5c6eb5bd4c3c753e6136ad5559fc67,AdamW,0.01,0.0,0.6495516797724155,0.5097241642303292,0.5014081681690387,2000
graphsage_pilot_v1_step2000,covid_political,linear,0,1,1,test,2,2,83cb1f5f80360408baf933c03274febff7c6d49f773d7382e9ebea1efe88cb54,f1b58c8ccaee181a233f11c34ff62fda2f7ec53206eb08b2970705719fba8082,f89e55d9cfacf91222600ee60a2ba36a7e5c6eb5bd4c3c753e6136ad5559fc67,AdamW,0.01,0.0,0.6496362172069505,0.5095334943434601,0.5006809544071091,2000
graphsage_pilot_v1_step2000,covid_political,linear,0,1,10,val,2,2,83cb1f5f80360408baf933c03274febff7c6d49f773d7382e9ebea1efe88cb54,f1b58c8ccaee181a233f11c34ff62fda2f7ec53206eb08b2970705719fba8082,f89e55d9cfacf91222600ee60a2ba36a7e5c6eb5bd4c3c753e6136ad5559fc67,AdamW,0.01,0.0,0.5483511394721972,0.5068005592983348,0.4984851352665768,2000
graphsage_pilot_v1_step2000,covid_political,linear,0,1,10,test,2,2,83cb1f5f80360408baf933c03274febff7c6d49f773d7382e9ebea1efe88cb54,f1b58c8ccaee181a233f11c34ff62fda2f7ec53206eb08b2970705719fba8082,f89e55d9cfacf91222600ee60a2ba36a7e5c6eb5bd4c3c753e6136ad5559fc67,AdamW,0.01,0.0,0.5440596496138079,0.5061014363798144,0.4973421819161647,2000
graphsage_pilot_v1_step2000,covid_political,linear,0,1,100,val,2,2,83cb1f5f80360408baf933c03274febff7c6d49f773d7382e9ebea1efe88cb54,f1b58c8ccaee181a233f11c34ff62fda2f7ec53206eb08b2970705719fba8082,f89e55d9cfacf91222600ee60a2ba36a7e5c6eb5bd4c3c753e6136ad5559fc67,AdamW,0.01,0.0,0.5482635684757025,0.5093428244565908,0.5005641276645575,2000
graphsage_pilot_v1_step2000,covid_political,linear,0,1,100,test,2,2,83cb1f5f80360408baf933c03274febff7c6d49f773d7382e9ebea1efe88cb54,f1b58c8ccaee181a233f11c34ff62fda2f7ec53206eb08b2970705719fba8082,f89e55d9cfacf91222600ee60a2ba36a7e5c6eb5bd4c3c753e6136ad5559fc67,AdamW,0.01,0.0,0.544032880332287,0.5087708147959832,0.4995210846369012,2000
graphsage_pilot_v1_step2000,covid_political,linear,0,10,0,val,2,20,fd81701c0bd9f5dde83c0f8fe71b62765f94b2a9027e4cc8613e624847ba0206,f1b58c8ccaee181a233f11c34ff62fda2f7ec53206eb08b2970705719fba8082,f89e55d9cfacf91222600ee60a2ba36a7e5c6eb5bd4c3c753e6136ad5559fc67,AdamW,0.01,0.0,0.6549512678386218,0.516842506673446,0.5073680619751678,2000
graphsage_pilot_v1_step2000,covid_political,linear,0,10,0,test,2,20,fd81701c0bd9f5dde83c0f8fe71b62765f94b2a9027e4cc8613e624847ba0206,f1b58c8ccaee181a233f11c34ff62fda2f7ec53206eb08b2970705719fba8082,f89e55d9cfacf91222600ee60a2ba36a7e5c6eb5bd4c3c753e6136ad5559fc67,AdamW,0.01,0.0,0.6518076386829819,0.5174145163340537,0.5071283288304456,2000
graphsage_pilot_v1_step2000,covid_political,linear,0,10,1,val,2,20,fd81701c0bd9f5dde83c0f8fe71b62765f94b2a9027e4cc8613e624847ba0206,f1b58c8ccaee181a233f11c34ff62fda2f7ec53206eb08b2970705719fba8082,f89e55d9cfacf91222600ee60a2ba36a7e5c6eb5bd4c3c753e6136ad5559fc67,AdamW,0.01,0.0,0.6224942859761693,0.6636583195627304,0.5805381426976777,2000
graphsage_pilot_v1_step2000,covid_political,linear,0,10,1,test,2,20,fd81701c0bd9f5dde83c0f8fe71b62765f94b2a9027e4cc8613e624847ba0206,f1b58c8ccaee181a233f11c34ff62fda2f7ec53206eb08b2970705719fba8082,f89e55d9cfacf91222600ee60a2ba36a7e5c6eb5bd4c3c753e6136ad5559fc67,AdamW,0.01,0.0,0.6245712973500696,0.66931485953985,0.5856833204871581,2000
graphsage_pilot_v1_step2000,covid_political,linear,0,10,10,val,2,20,fd81701c0bd9f5dde83c0f8fe71b62765f94b2a9027e4cc8613e624847ba0206,f1b58c8ccaee181a233f11c34ff62fda2f7ec53206eb08b2970705719fba8082,f89e55d9cfacf91222600ee60a2ba36a7e5c6eb5bd4c3c753e6136ad5559fc67,AdamW,0.01,0.0,0.5375949442373685,0.6944197279776281,0.5459096334559206,2000
graphsage_pilot_v1_step2000,covid_political,linear,0,10,10,test,2,20,fd81701c0bd9f5dde83c0f8fe71b62765f94b2a9027e4cc8613e624847ba0206,f1b58c8ccaee181a233f11c34ff62fda2f7ec53206eb08b2970705719fba8082,f89e55d9cfacf91222600ee60a2ba36a7e5c6eb5bd4c3c753e6136ad5559fc67,AdamW,0.01,0.0,0.5450711087581978,0.6963264268463201,0.5513521849193757,2000
graphsage_pilot_v1_step2000,covid_political,linear,0,10,100,val,2,20,fd81701c0bd9f5dde83c0f8fe71b62765f94b2a9027e4cc8613e624847ba0206,f1b58c8ccaee181a233f11c34ff62fda2f7ec53206eb08b2970705719fba8082,f89e55d9cfacf91222600ee60a2ba36a7e5c6eb5bd4c3c753e6136ad5559fc67,AdamW,0.01,0.0,0.5597244199236956,0.6827888648786068,0.5717036128169035,2000
graphsage_pilot_v1_step2000,covid_political,linear,0,10,100,test,2,20,fd81701c0bd9f5dde83c0f8fe71b62765f94b2a9027e4cc8613e624847ba0206,f1b58c8ccaee181a233f11c34ff62fda2f7ec53206eb08b2970705719fba8082,f89e55d9cfacf91222600ee60a2ba36a7e5c6eb5bd4c3c753e6136ad5559fc67,AdamW,0.01,0.0,0.566193398382035,0.6853946866658193,0.5762940355630268,2000
graphsage_pilot_v1_step2000,covid_political,linear,0,100,0,val,2,200,e518b8d4501a6dd8d4517d1671d020cdbe000f6892f46ab76d9587c53f8b19b7,f1b58c8ccaee181a233f11c34ff62fda2f7ec53206eb08b2970705719fba8082,f89e55d9cfacf91222600ee60a2ba36a7e5c6eb5bd4c3c753e6136ad5559fc67,AdamW,0.01,0.0,0.6549512678386218,0.516842506673446,0.5073680619751678,2000
graphsage_pilot_v1_step2000,covid_political,linear,0,100,0,test,2,200,e518b8d4501a6dd8d4517d1671d020cdbe000f6892f46ab76d9587c53f8b19b7,f1b58c8ccaee181a233f11c34ff62fda2f7ec53206eb08b2970705719fba8082,f89e55d9cfacf91222600ee60a2ba36a7e5c6eb5bd4c3c753e6136ad5559fc67,AdamW,0.01,0.0,0.6518076386829819,0.5174145163340537,0.5071283288304456,2000
graphsage_pilot_v1_step2000,covid_political,linear,0,100,1,val,2,200,e518b8d4501a6dd8d4517d1671d020cdbe000f6892f46ab76d9587c53f8b19b7,f1b58c8ccaee181a233f11c34ff62fda2f7ec53206eb08b2970705719fba8082,f89e55d9cfacf91222600ee60a2ba36a7e5c6eb5bd4c3c753e6136ad5559fc67,AdamW,0.01,0.0,0.6307099763632246,0.4678403457480615,0.4655365692342045,2000
graphsage_pilot_v1_step2000,covid_political,linear,0,100,1,test,2,200,e518b8d4501a6dd8d4517d1671d020cdbe000f6892f46ab76d9587c53f8b19b7,f1b58c8ccaee181a233f11c34ff62fda2f7ec53206eb08b2970705719fba8082,f89e55d9cfacf91222600ee60a2ba36a7e5c6eb5bd4c3c753e6136ad5559fc67,AdamW,0.01,0.0,0.633082645861868,0.4686030252955383,0.4660921165392013,2000
graphsage_pilot_v1_step2000,covid_political,linear,0,100,10,val,2,200,e518b8d4501a6dd8d4517d1671d020cdbe000f6892f46ab76d9587c53f8b19b7,f1b58c8ccaee181a233f11c34ff62fda2f7ec53206eb08b2970705719fba8082,f89e55d9cfacf91222600ee60a2ba36a7e5c6eb5bd4c3c753e6136ad5559fc67,AdamW,0.01,0.0,0.6333767926421228,0.7067497139951697,0.6095614832644581,2000
graphsage_pilot_v1_step2000,covid_political,linear,0,100,10,test,2,200,e518b8d4501a6dd8d4517d1671d020cdbe000f6892f46ab76d9587c53f8b19b7,f1b58c8ccaee181a233f11c34ff62fda2f7ec53206eb08b2970705719fba8082,f89e55d9cfacf91222600ee60a2ba36a7e5c6eb5bd4c3c753e6136ad5559fc67,AdamW,0.01,0.0,0.6362064970633706,0.7133596034066353,0.6148253365029539,2000
graphsage_pilot_v1_step2000,covid_political,linear,0,100,100,val,2,200,e518b8d4501a6dd8d4517d1671d020cdbe000f6892f46ab76d9587c53f8b19b7,f1b58c8ccaee181a233f11c34ff62fda2f7ec53206eb08b2970705719fba8082,f89e55d9cfacf91222600ee60a2ba36a7e5c6eb5bd4c3c753e6136ad5559fc67,AdamW,0.01,0.0,0.6390435298744421,0.6723020211008008,0.5859307995665173,2000
graphsage_pilot_v1_step2000,covid_political,linear,0,100,100,test,2,200,e518b8d4501a6dd8d4517d1671d020cdbe000f6892f46ab76d9587c53f8b19b7,f1b58c8ccaee181a233f11c34ff62fda2f7ec53206eb08b2970705719fba8082,f89e55d9cfacf91222600ee60a2ba36a7e5c6eb5bd4c3c753e6136ad5559fc67,AdamW,0.01,0.0,0.641743041210015,0.6792932502860048,0.5918102478070931,2000
graphsage_pilot_v1_step2000,covid_political,linear,1,0,0,val,2,0,af5570f5a1810b7af78caf4bc70a660f0df51e42baf91d4de5b2328de0e83dfc,f1b58c8ccaee181a233f11c34ff62fda2f7ec53206eb08b2970705719fba8082,8a8ac6a74ff16f70c26373d03c9e72726890aaba776363757688178d530a945d,none,0.0,0.0,0.4862047845687161,0.520020338121266,0.4404902098003122,2000
graphsage_pilot_v1_step2000,covid_political,linear,1,0,0,test,2,0,af5570f5a1810b7af78caf4bc70a660f0df51e42baf91d4de5b2328de0e83dfc,f1b58c8ccaee181a233f11c34ff62fda2f7ec53206eb08b2970705719fba8082,8a8ac6a74ff16f70c26373d03c9e72726890aaba776363757688178d530a945d,none,0.0,0.0,0.4904879239769802,0.5224354900216093,0.4432433231738329,2000
graphsage_pilot_v1_step2000,covid_political,linear,1,1,0,val,2,2,a1a5486cefa74f8722a35f2abc7ceba0b5efb57b74cc3cdb660b354f7db25aa5,f1b58c8ccaee181a233f11c34ff62fda2f7ec53206eb08b2970705719fba8082,8a8ac6a74ff16f70c26373d03c9e72726890aaba776363757688178d530a945d,AdamW,0.01,0.0,0.4862047845687161,0.520020338121266,0.4404902098003122,2000
graphsage_pilot_v1_step2000,covid_political,linear,1,1,0,test,2,2,a1a5486cefa74f8722a35f2abc7ceba0b5efb57b74cc3cdb660b354f7db25aa5,f1b58c8ccaee181a233f11c34ff62fda2f7ec53206eb08b2970705719fba8082,8a8ac6a74ff16f70c26373d03c9e72726890aaba776363757688178d530a945d,AdamW,0.01,0.0,0.4904879239769802,0.5224354900216093,0.4432433231738329,2000
graphsage_pilot_v1_step2000,covid_political,linear,1,1,1,val,2,2,a1a5486cefa74f8722a35f2abc7ceba0b5efb57b74cc3cdb660b354f7db25aa5,f1b58c8ccaee181a233f11c34ff62fda2f7ec53206eb08b2970705719fba8082,8a8ac6a74ff16f70c26373d03c9e72726890aaba776363757688178d530a945d,AdamW,0.01,0.0,0.495923077567092,0.5148086945468412,0.4731978299111344,2000
graphsage_pilot_v1_step2000,covid_political,linear,1,1,1,test,2,2,a1a5486cefa74f8722a35f2abc7ceba0b5efb57b74cc3cdb660b354f7db25aa5,f1b58c8ccaee181a233f11c34ff62fda2f7ec53206eb08b2970705719fba8082,8a8ac6a74ff16f70c26373d03c9e72726890aaba776363757688178d530a945d,AdamW,0.01,0.0,0.4978666774526647,0.5148722511757976,0.4746218680068177,2000
graphsage_pilot_v1_step2000,covid_political,linear,1,1,10,val,2,2,a1a5486cefa74f8722a35f2abc7ceba0b5efb57b74cc3cdb660b354f7db25aa5,f1b58c8ccaee181a233f11c34ff62fda2f7ec53206eb08b2970705719fba8082,8a8ac6a74ff16f70c26373d03c9e72726890aaba776363757688178d530a945d,AdamW,0.01,0.0,0.6562936461881662,0.5202110080081352,0.5100761087842374,2000
graphsage_pilot_v1_step2000,covid_political,linear,1,1,10,test,2,2,a1a5486cefa74f8722a35f2abc7ceba0b5efb57b74cc3cdb660b354f7db25aa5,f1b58c8ccaee181a233f11c34ff62fda2f7ec53206eb08b2970705719fba8082,8a8ac6a74ff16f70c26373d03c9e72726890aaba776363757688178d530a945d,AdamW,0.01,0.0,0.6537977640582492,0.5197661116054404,0.5090928529785955,2000
graphsage_pilot_v1_step2000,covid_political,linear,1,1,100,val,2,2,a1a5486cefa74f8722a35f2abc7ceba0b5efb57b74cc3cdb660b354f7db25aa5,f1b58c8ccaee181a233f11c34ff62fda2f7ec53206eb08b2970705719fba8082,8a8ac6a74ff16f70c26373d03c9e72726890aaba776363757688178d530a945d,AdamW,0.01,0.0,0.6597731635017048,0.5172874030761409,0.508198038273679,2000
graphsage_pilot_v1_step2000,covid_political,linear,1,1,100,test,2,2,a1a5486cefa74f8722a35f2abc7ceba0b5efb57b74cc3cdb660b354f7db25aa5,f1b58c8ccaee181a233f11c34ff62fda2f7ec53206eb08b2970705719fba8082,8a8ac6a74ff16f70c26373d03c9e72726890aaba776363757688178d530a945d,AdamW,0.01,0.0,0.6589701502939674,0.5185585356552689,0.5086982347172434,2000
graphsage_pilot_v1_step2000,covid_political,linear,1,10,0,val,2,20,f9c026150d0dd5592c79f931e4798ed5d85119b5f6613d26370f93e1e204582e,f1b58c8ccaee181a233f11c34ff62fda2f7ec53206eb08b2970705719fba8082,8a8ac6a74ff16f70c26373d03c9e72726890aaba776363757688178d530a945d,AdamW,0.01,0.0,0.4862047845687161,0.520020338121266,0.4404902098003122,2000
graphsage_pilot_v1_step2000,covid_political,linear,1,10,0,test,2,20,f9c026150d0dd5592c79f931e4798ed5d85119b5f6613d26370f93e1e204582e,f1b58c8ccaee181a233f11c34ff62fda2f7ec53206eb08b2970705719fba8082,8a8ac6a74ff16f70c26373d03c9e72726890aaba776363757688178d530a945d,AdamW,0.01,0.0,0.4904879239769802,0.5224354900216093,0.4432433231738329,2000
graphsage_pilot_v1_step2000,covid_political,linear,1,10,1,val,2,20,f9c026150d0dd5592c79f931e4798ed5d85119b5f6613d26370f93e1e204582e,f1b58c8ccaee181a233f11c34ff62fda2f7ec53206eb08b2970705719fba8082,8a8ac6a74ff16f70c26373d03c9e72726890aaba776363757688178d530a945d,AdamW,0.01,0.0,0.6539513666740278,0.5087072581670268,0.5008666065755529,2000
graphsage_pilot_v1_step2000,covid_political,linear,1,10,1,test,2,20,f9c026150d0dd5592c79f931e4798ed5d85119b5f6613d26370f93e1e204582e,f1b58c8ccaee181a233f11c34ff62fda2f7ec53206eb08b2970705719fba8082,8a8ac6a74ff16f70c26373d03c9e72726890aaba776363757688178d530a945d,AdamW,0.01,0.0,0.6526788254874439,0.5090250413118088,0.5007720311039281,2000
graphsage_pilot_v1_step2000,covid_political,linear,1,10,10,val,2,20,f9c026150d0dd5592c79f931e4798ed5d85119b5f6613d26370f93e1e204582e,f1b58c8ccaee181a233f11c34ff62fda2f7ec53206eb08b2970705719fba8082,8a8ac6a74ff16f70c26373d03c9e72726890aaba776363757688178d530a945d,AdamW,0.01,0.0,0.6446975457178988,0.5202110080081352,0.509004835945764,2000
graphsage_pilot_v1_step2000,covid_political,linear,1,10,10,test,2,20,f9c026150d0dd5592c79f931e4798ed5d85119b5f6613d26370f93e1e204582e,f1b58c8ccaee181a233f11c34ff62fda2f7ec53206eb08b2970705719fba8082,8a8ac6a74ff16f70c26373d03c9e72726890aaba776363757688178d530a945d,AdamW,0.01,0.0,0.6431015985566768,0.5195118850896149,0.507850035271239,2000
graphsage_pilot_v1_step2000,covid_political,linear,1,10,100,val,2,20,f9c026150d0dd5592c79f931e4798ed5d85119b5f6613d26370f93e1e204582e,f1b58c8ccaee181a233f11c34ff62fda2f7ec53206eb08b2970705719fba8082,8a8ac6a74ff16f70c26373d03c9e72726890aaba776363757688178d530a945d,AdamW,0.01,0.0,0.6376930620263389,0.5192576585737892,0.5070097076507161,2000
graphsage_pilot_v1_step2000,covid_political,linear,1,10,100,test,2,20,f9c026150d0dd5592c79f931e4798ed5d85119b5f6613d26370f93e1e204582e,f1b58c8ccaee181a233f11c34ff62fda2f7ec53206eb08b2970705719fba8082,8a8ac6a74ff16f70c26373d03c9e72726890aaba776363757688178d530a945d,AdamW,0.01,0.0,0.637924080273486,0.5189398754290072,0.5062851049378911,2000
graphsage_pilot_v1_step2000,covid_political,linear,1,100,0,val,2,200,deff487df17b1c21d7fda36c1e8d131f2aa5ae126f57b1bdc5989660169e9a6e,f1b58c8ccaee181a233f11c34ff62fda2f7ec53206eb08b2970705719fba8082,8a8ac6a74ff16f70c26373d03c9e72726890aaba776363757688178d530a945d,AdamW,0.01,0.0,0.4862047845687161,0.520020338121266,0.4404902098003122,2000
graphsage_pilot_v1_step2000,covid_political,linear,1,100,0,test,2,200,deff487df17b1c21d7fda36c1e8d131f2aa5ae126f57b1bdc5989660169e9a6e,f1b58c8ccaee181a233f11c34ff62fda2f7ec53206eb08b2970705719fba8082,8a8ac6a74ff16f70c26373d03c9e72726890aaba776363757688178d530a945d,AdamW,0.01,0.0,0.4904879239769802,0.5224354900216093,0.4432433231738329,2000
graphsage_pilot_v1_step2000,covid_political,linear,1,100,1,val,2,200,deff487df17b1c21d7fda36c1e8d131f2aa5ae126f57b1bdc5989660169e9a6e,f1b58c8ccaee181a233f11c34ff62fda2f7ec53206eb08b2970705719fba8082,8a8ac6a74ff16f70c26373d03c9e72726890aaba776363757688178d530a945d,AdamW,0.01,0.0,0.6560598118386984,0.4953603660861828,0.4902852236328601,2000
graphsage_pilot_v1_step2000,covid_political,linear,1,100,1,test,2,200,deff487df17b1c21d7fda36c1e8d131f2aa5ae126f57b1bdc5989660169e9a6e,f1b58c8ccaee181a233f11c34ff62fda2f7ec53206eb08b2970705719fba8082,8a8ac6a74ff16f70c26373d03c9e72726890aaba776363757688178d530a945d,AdamW,0.01,0.0,0.656458730672867,0.4944705732807932,0.4892282327757904,2000
graphsage_pilot_v1_step2000,covid_political,linear,1,100,10,val,2,200,deff487df17b1c21d7fda36c1e8d131f2aa5ae126f57b1bdc5989660169e9a6e,f1b58c8ccaee181a233f11c34ff62fda2f7ec53206eb08b2970705719fba8082,8a8ac6a74ff16f70c26373d03c9e72726890aaba776363757688178d530a945d,AdamW,0.01,0.0,0.6581869585322953,0.661052497775518,0.6036672617177767,2000
graphsage_pilot_v1_step2000,covid_political,linear,1,100,10,test,2,200,deff487df17b1c21d7fda36c1e8d131f2aa5ae126f57b1bdc5989660169e9a6e,f1b58c8ccaee181a233f11c34ff62fda2f7ec53206eb08b2970705719fba8082,8a8ac6a74ff16f70c26373d03c9e72726890aaba776363757688178d530a945d,AdamW,0.01,0.0,0.6588833404062081,0.6624507436125587,0.6044945417959836,2000
graphsage_pilot_v1_step2000,covid_political,linear,1,100,100,val,2,200,deff487df17b1c21d7fda36c1e8d131f2aa5ae126f57b1bdc5989660169e9a6e,f1b58c8ccaee181a233f11c34ff62fda2f7ec53206eb08b2970705719fba8082,8a8ac6a74ff16f70c26373d03c9e72726890aaba776363757688178d530a945d,AdamW,0.01,0.0,0.6605941932405063,0.6694419727977629,0.6077222867169834,2000
graphsage_pilot_v1_step2000,covid_political,linear,1,100,100,test,2,200,deff487df17b1c21d7fda36c1e8d131f2aa5ae126f57b1bdc5989660169e9a6e,f1b58c8ccaee181a233f11c34ff62fda2f7ec53206eb08b2970705719fba8082,8a8ac6a74ff16f70c26373d03c9e72726890aaba776363757688178d530a945d,AdamW,0.01,0.0,0.6606141451623551,0.6703953222321088,0.6082193361481668,2000
graphsage_pilot_v1_step2000,covid_political,linear,2,0,0,val,2,0,af5570f5a1810b7af78caf4bc70a660f0df51e42baf91d4de5b2328de0e83dfc,f1b58c8ccaee181a233f11c34ff62fda2f7ec53206eb08b2970705719fba8082,203ffea723cb4cf0d5b2da185e1677d1c082fd4475784ccb7c3a518868d42cce,none,0.0,0.0,0.6350009986833907,0.4678403457480615,0.4655365692342045,2000
graphsage_pilot_v1_step2000,covid_political,linear,2,0,0,test,2,0,af5570f5a1810b7af78caf4bc70a660f0df51e42baf91d4de5b2328de0e83dfc,f1b58c8ccaee181a233f11c34ff62fda2f7ec53206eb08b2970705719fba8082,203ffea723cb4cf0d5b2da185e1677d1c082fd4475784ccb7c3a518868d42cce,none,0.0,0.0,0.6371891971705457,0.4686030252955383,0.4660921165392013,2000
graphsage_pilot_v1_step2000,covid_political,linear,2,1,0,val,2,2,819b2388d0d03770163bf9616c766cae20d1f55fa6baefa8dc8935608069d370,f1b58c8ccaee181a233f11c34ff62fda2f7ec53206eb08b2970705719fba8082,203ffea723cb4cf0d5b2da185e1677d1c082fd4475784ccb7c3a518868d42cce,AdamW,0.01,0.0,0.6350009986833907,0.4678403457480615,0.4655365692342045,2000
graphsage_pilot_v1_step2000,covid_political,linear,2,1,0,test,2,2,819b2388d0d03770163bf9616c766cae20d1f55fa6baefa8dc8935608069d370,f1b58c8ccaee181a233f11c34ff62fda2f7ec53206eb08b2970705719fba8082,203ffea723cb4cf0d5b2da185e1677d1c082fd4475784ccb7c3a518868d42cce,AdamW,0.01,0.0,0.6371891971705457,0.4686030252955383,0.4660921165392013,2000
graphsage_pilot_v1_step2000,covid_political,linear,2,1,1,val,2,2,819b2388d0d03770163bf9616c766cae20d1f55fa6baefa8dc8935608069d370,f1b58c8ccaee181a233f11c34ff62fda2f7ec53206eb08b2970705719fba8082,203ffea723cb4cf0d5b2da185e1677d1c082fd4475784ccb7c3a518868d42cce,AdamW,0.01,0.0,0.6470007477349675,0.4678403457480615,0.4655365692342045,2000
graphsage_pilot_v1_step2000,covid_political,linear,2,1,1,test,2,2,819b2388d0d03770163bf9616c766cae20d1f55fa6baefa8dc8935608069d370,f1b58c8ccaee181a233f11c34ff62fda2f7ec53206eb08b2970705719fba8082,203ffea723cb4cf0d5b2da185e1677d1c082fd4475784ccb7c3a518868d42cce,AdamW,0.01,0.0,0.6487179503907151,0.4686030252955383,0.4660921165392013,2000
graphsage_pilot_v1_step2000,covid_political,linear,2,1,10,val,2,2,819b2388d0d03770163bf9616c766cae20d1f55fa6baefa8dc8935608069d370,f1b58c8ccaee181a233f11c34ff62fda2f7ec53206eb08b2970705719fba8082,203ffea723cb4cf0d5b2da185e1677d1c082fd4475784ccb7c3a518868d42cce,AdamW,0.01,0.0,0.6569579853843203,0.4678403457480615,0.4655365692342045,2000
graphsage_pilot_v1_step2000,covid_political,linear,2,1,10,test,2,2,819b2388d0d03770163bf9616c766cae20d1f55fa6baefa8dc8935608069d370,f1b58c8ccaee181a233f11c34ff62fda2f7ec53206eb08b2970705719fba8082,203ffea723cb4cf0d5b2da185e1677d1c082fd4475784ccb7c3a518868d42cce,AdamW,0.01,0.0,0.6580398362137494,0.4686030252955383,0.4660921165392013,2000
graphsage_pilot_v1_step2000,covid_political,linear,2,1,100,val,2,2,819b2388d0d03770163bf9616c766cae20d1f55fa6baefa8dc8935608069d370,f1b58c8ccaee181a233f11c34ff62fda2f7ec53206eb08b2970705719fba8082,203ffea723cb4cf0d5b2da185e1677d1c082fd4475784ccb7c3a518868d42cce,AdamW,0.01,0.0,0.6592009728274395,0.4678403457480615,0.4655365692342045,2000
graphsage_pilot_v1_step2000,covid_political,linear,2,1,100,test,2,2,819b2388d0d03770163bf9616c766cae20d1f55fa6baefa8dc8935608069d370,f1b58c8ccaee181a233f11c34ff62fda2f7ec53206eb08b2970705719fba8082,203ffea723cb4cf0d5b2da185e1677d1c082fd4475784ccb7c3a518868d42cce,AdamW,0.01,0.0,0.6600174902787387,0.4686030252955383,0.4660921165392013,2000
graphsage_pilot_v1_step2000,covid_political,linear,2,10,0,val,2,20,59f9bdd18cf237d344bd10e236a66ddc182933a5b318262271cb8275b34bc0d9,f1b58c8ccaee181a233f11c34ff62fda2f7ec53206eb08b2970705719fba8082,203ffea723cb4cf0d5b2da185e1677d1c082fd4475784ccb7c3a518868d42cce,AdamW,0.01,0.0,0.6350009986833907,0.4678403457480615,0.4655365692342045,2000
graphsage_pilot_v1_step2000,covid_political,linear,2,10,0,test,2,20,59f9bdd18cf237d344bd10e236a66ddc182933a5b318262271cb8275b34bc0d9,f1b58c8ccaee181a233f11c34ff62fda2f7ec53206eb08b2970705719fba8082,203ffea723cb4cf0d5b2da185e1677d1c082fd4475784ccb7c3a518868d42cce,AdamW,0.01,0.0,0.6371891971705457,0.4686030252955383,0.4660921165392013,2000
graphsage_pilot_v1_step2000,covid_political,linear,2,10,1,val,2,20,59f9bdd18cf237d344bd10e236a66ddc182933a5b318262271cb8275b34bc0d9,f1b58c8ccaee181a233f11c34ff62fda2f7ec53206eb08b2970705719fba8082,203ffea723cb4cf0d5b2da185e1677d1c082fd4475784ccb7c3a518868d42cce,AdamW,0.01,0.0,0.638884088467365,0.4678403457480615,0.4655365692342045,2000
graphsage_pilot_v1_step2000,covid_political,linear,2,10,1,test,2,20,59f9bdd18cf237d344bd10e236a66ddc182933a5b318262271cb8275b34bc0d9,f1b58c8ccaee181a233f11c34ff62fda2f7ec53206eb08b2970705719fba8082,203ffea723cb4cf0d5b2da185e1677d1c082fd4475784ccb7c3a518868d42cce,AdamW,0.01,0.0,0.6407336153132468,0.4686030252955383,0.4660921165392013,2000
graphsage_pilot_v1_step2000,covid_political,linear,2,10,10,val,2,20,59f9bdd18cf237d344bd10e236a66ddc182933a5b318262271cb8275b34bc0d9,f1b58c8ccaee181a233f11c34ff62fda2f7ec53206eb08b2970705719fba8082,203ffea723cb4cf0d5b2da185e1677d1c082fd4475784ccb7c3a518868d42cce,AdamW,0.01,0.0,0.6518078235236745,0.6478962755815432,0.5938839395668849,2000
graphsage_pilot_v1_step2000,covid_political,linear,2,10,10,test,2,20,59f9bdd18cf237d344bd10e236a66ddc182933a5b318262271cb8275b34bc0d9,f1b58c8ccaee181a233f11c34ff62fda2f7ec53206eb08b2970705719fba8082,203ffea723cb4cf0d5b2da185e1677d1c082fd4475784ccb7c3a518868d42cce,AdamW,0.01,0.0,0.6520993281693193,0.6477691623236304,0.5942137346249944,2000
graphsage_pilot_v1_step2000,covid_political,linear,2,10,100,val,2,20,59f9bdd18cf237d344bd10e236a66ddc182933a5b318262271cb8275b34bc0d9,f1b58c8ccaee181a233f11c34ff62fda2f7ec53206eb08b2970705719fba8082,203ffea723cb4cf0d5b2da185e1677d1c082fd4475784ccb7c3a518868d42cce,AdamW,0.01,0.0,0.6669569644113166,0.6669632642684632,0.607502745228425,2000
graphsage_pilot_v1_step2000,covid_political,linear,2,10,100,test,2,20,59f9bdd18cf237d344bd10e236a66ddc182933a5b318262271cb8275b34bc0d9,f1b58c8ccaee181a233f11c34ff62fda2f7ec53206eb08b2970705719fba8082,203ffea723cb4cf0d5b2da185e1677d1c082fd4475784ccb7c3a518868d42cce,AdamW,0.01,0.0,0.66725751537793,0.6687428498792424,0.6087764262277507,2000
graphsage_pilot_v1_step2000,covid_political,linear,2,100,0,val,2,200,c2c4b3d8afd50110d9a186f13b92defd8364a53b560f60feae44094cbdc75d36,f1b58c8ccaee181a233f11c34ff62fda2f7ec53206eb08b2970705719fba8082,203ffea723cb4cf0d5b2da185e1677d1c082fd4475784ccb7c3a518868d42cce,AdamW,0.01,0.0,0.6350009986833907,0.4678403457480615,0.4655365692342045,2000
graphsage_pilot_v1_step2000,covid_political,linear,2,100,0,test,2,200,c2c4b3d8afd50110d9a186f13b92defd8364a53b560f60feae44094cbdc75d36,f1b58c8ccaee181a233f11c34ff62fda2f7ec53206eb08b2970705719fba8082,203ffea723cb4cf0d5b2da185e1677d1c082fd4475784ccb7c3a518868d42cce,AdamW,0.01,0.0,0.6371891971705457,0.4686030252955383,0.4660921165392013,2000
graphsage_pilot_v1_step2000,covid_political,linear,2,100,1,val,2,200,c2c4b3d8afd50110d9a186f13b92defd8364a53b560f60feae44094cbdc75d36,f1b58c8ccaee181a233f11c34ff62fda2f7ec53206eb08b2970705719fba8082,203ffea723cb4cf0d5b2da185e1677d1c082fd4475784ccb7c3a518868d42cce,AdamW,0.01,0.0,0.6255838437926527,0.4678403457480615,0.4655365692342045,2000
graphsage_pilot_v1_step2000,covid_political,linear,2,100,1,test,2,200,c2c4b3d8afd50110d9a186f13b92defd8364a53b560f60feae44094cbdc75d36,f1b58c8ccaee181a233f11c34ff62fda2f7ec53206eb08b2970705719fba8082,203ffea723cb4cf0d5b2da185e1677d1c082fd4475784ccb7c3a518868d42cce,AdamW,0.01,0.0,0.6279329189204998,0.4686030252955383,0.4660921165392013,2000
graphsage_pilot_v1_step2000,covid_political,linear,2,100,10,val,2,200,c2c4b3d8afd50110d9a186f13b92defd8364a53b560f60feae44094cbdc75d36,f1b58c8ccaee181a233f11c34ff62fda2f7ec53206eb08b2970705719fba8082,203ffea723cb4cf0d5b2da185e1677d1c082fd4475784ccb7c3a518868d42cce,AdamW,0.01,0.0,0.6452872962579871,0.6203762552434219,0.573806706779886,2000
graphsage_pilot_v1_step2000,covid_political,linear,2,100,10,test,2,200,c2c4b3d8afd50110d9a186f13b92defd8364a53b560f60feae44094cbdc75d36,f1b58c8ccaee181a233f11c34ff62fda2f7ec53206eb08b2970705719fba8082,203ffea723cb4cf0d5b2da185e1677d1c082fd4475784ccb7c3a518868d42cce,AdamW,0.01,0.0,0.6469328024708634,0.6219016143383755,0.5755191861097508,2000
graphsage_pilot_v1_step2000,covid_political,linear,2,100,100,val,2,200,c2c4b3d8afd50110d9a186f13b92defd8364a53b560f60feae44094cbdc75d36,f1b58c8ccaee181a233f11c34ff62fda2f7ec53206eb08b2970705719fba8082,203ffea723cb4cf0d5b2da185e1677d1c082fd4475784ccb7c3a518868d42cce,AdamW,0.01,0.0,0.6546531089280337,0.6485953985000635,0.5941029638971373,2000
graphsage_pilot_v1_step2000,covid_political,linear,2,100,100,test,2,200,c2c4b3d8afd50110d9a186f13b92defd8364a53b560f60feae44094cbdc75d36,f1b58c8ccaee181a233f11c34ff62fda2f7ec53206eb08b2970705719fba8082,203ffea723cb4cf0d5b2da185e1677d1c082fd4475784ccb7c3a518868d42cce,AdamW,0.01,0.0,0.6556180099637832,0.6484682852421507,0.5945653706824171,2000
graphsage_pilot_v1_step2000,election2020,linear,0,0,0,val,2,0,af5570f5a1810b7af78caf4bc70a660f0df51e42baf91d4de5b2328de0e83dfc,4db6aa7af69e96de5ca88f4890129536991fb6b5a48192980711caf7e7cedb5c,f89e55d9cfacf91222600ee60a2ba36a7e5c6eb5bd4c3c753e6136ad5559fc67,none,0.0,0.0,0.5358571870503411,0.5224882807550995,0.4995450710558047,2000
graphsage_pilot_v1_step2000,election2020,linear,0,0,0,test,2,0,af5570f5a1810b7af78caf4bc70a660f0df51e42baf91d4de5b2328de0e83dfc,4db6aa7af69e96de5ca88f4890129536991fb6b5a48192980711caf7e7cedb5c,f89e55d9cfacf91222600ee60a2ba36a7e5c6eb5bd4c3c753e6136ad5559fc67,none,0.0,0.0,0.5262651213179523,0.5183378729334263,0.4958106930965863,2000
graphsage_pilot_v1_step2000,election2020,linear,0,1,0,val,2,2,08d94d51669f2215e109205d97de59e7cd401bd8d9f0f558f89a298e5dd837c3,4db6aa7af69e96de5ca88f4890129536991fb6b5a48192980711caf7e7cedb5c,f89e55d9cfacf91222600ee60a2ba36a7e5c6eb5bd4c3c753e6136ad5559fc67,AdamW,0.01,0.0,0.5358571870503411,0.5224882807550995,0.4995450710558047,2000
graphsage_pilot_v1_step2000,election2020,linear,0,1,0,test,2,2,08d94d51669f2215e109205d97de59e7cd401bd8d9f0f558f89a298e5dd837c3,4db6aa7af69e96de5ca88f4890129536991fb6b5a48192980711caf7e7cedb5c,f89e55d9cfacf91222600ee60a2ba36a7e5c6eb5bd4c3c753e6136ad5559fc67,AdamW,0.01,0.0,0.5262651213179523,0.5183378729334263,0.4958106930965863,2000
graphsage_pilot_v1_step2000,election2020,linear,0,1,1,val,2,2,08d94d51669f2215e109205d97de59e7cd401bd8d9f0f558f89a298e5dd837c3,4db6aa7af69e96de5ca88f4890129536991fb6b5a48192980711caf7e7cedb5c,f89e55d9cfacf91222600ee60a2ba36a7e5c6eb5bd4c3c753e6136ad5559fc67,AdamW,0.01,0.0,0.5303510939707932,0.5176105409856835,0.5154380645573149,2000
graphsage_pilot_v1_step2000,election2020,linear,0,1,1,test,2,2,08d94d51669f2215e109205d97de59e7cd401bd8d9f0f558f89a298e5dd837c3,4db6aa7af69e96de5ca88f4890129536991fb6b5a48192980711caf7e7cedb5c,f89e55d9cfacf91222600ee60a2ba36a7e5c6eb5bd4c3c753e6136ad5559fc67,AdamW,0.01,0.0,0.5294377116254825,0.5160575156774562,0.5141969278884643,2000
graphsage_pilot_v1_step2000,election2020,linear,0,1,10,val,2,2,08d94d51669f2215e109205d97de59e7cd401bd8d9f0f558f89a298e5dd837c3,4db6aa7af69e96de5ca88f4890129536991fb6b5a48192980711caf7e7cedb5c,f89e55d9cfacf91222600ee60a2ba36a7e5c6eb5bd4c3c753e6136ad5559fc67,AdamW,0.01,0.0,0.5604948039777938,0.5387685290763968,0.5387591986773452,2000
graphsage_pilot_v1_step2000,election2020,linear,0,1,10,test,2,2,08d94d51669f2215e109205d97de59e7cd401bd8d9f0f558f89a298e5dd837c3,4db6aa7af69e96de5ca88f4890129536991fb6b5a48192980711caf7e7cedb5c,f89e55d9cfacf91222600ee60a2ba36a7e5c6eb5bd4c3c753e6136ad5559fc67,AdamW,0.01,0.0,0.5559876693165295,0.5326534490403496,0.5326460063861869,2000
graphsage_pilot_v1_step2000,election2020,linear,0,1,100,val,2,2,08d94d51669f2215e109205d97de59e7cd401bd8d9f0f558f89a298e5dd837c3,4db6aa7af69e96de5ca88f4890129536991fb6b5a48192980711caf7e7cedb5c,f89e55d9cfacf91222600ee60a2ba36a7e5c6eb5bd4c3c753e6136ad5559fc67,AdamW,0.01,0.0,0.5615822680373753,0.5396553908526542,0.5396540441625663,2000
graphsage_pilot_v1_step2000,election2020,linear,0,1,100,test,2,2,08d94d51669f2215e109205d97de59e7cd401bd8d9f0f558f89a298e5dd837c3,4db6aa7af69e96de5ca88f4890129536991fb6b5a48192980711caf7e7cedb5c,f89e55d9cfacf91222600ee60a2ba36a7e5c6eb5bd4c3c753e6136ad5559fc67,AdamW,0.01,0.0,0.5569679203599825,0.5330335085830114,0.5330128507715307,2000
graphsage_pilot_v1_step2000,election2020,linear,0,10,0,val,2,20,b6534a1ef3f057337c8375bd52f2696a8aa28bb886a9b231c4e0174bd3f714e2,4db6aa7af69e96de5ca88f4890129536991fb6b5a48192980711caf7e7cedb5c,f89e55d9cfacf91222600ee60a2ba36a7e5c6eb5bd4c3c753e6136ad5559fc67,AdamW,0.01,0.0,0.5358571870503411,0.5224882807550995,0.4995450710558047,2000
graphsage_pilot_v1_step2000,election2020,linear,0,10,0,test,2,20,b6534a1ef3f057337c8375bd52f2696a8aa28bb886a9b231c4e0174bd3f714e2,4db6aa7af69e96de5ca88f4890129536991fb6b5a48192980711caf7e7cedb5c,f89e55d9cfacf91222600ee60a2ba36a7e5c6eb5bd4c3c753e6136ad5559fc67,AdamW,0.01,0.0,0.5262651213179523,0.5183378729334263,0.4958106930965863,2000
graphsage_pilot_v1_step2000,election2020,linear,0,10,1,val,2,20,b6534a1ef3f057337c8375bd52f2696a8aa28bb886a9b231c4e0174bd3f714e2,4db6aa7af69e96de5ca88f4890129536991fb6b5a48192980711caf7e7cedb5c,f89e55d9cfacf91222600ee60a2ba36a7e5c6eb5bd4c3c753e6136ad5559fc67,AdamW,0.01,0.0,0.550497353390218,0.5289497022678322,0.5288924655990477,2000
graphsage_pilot_v1_step2000,election2020,linear,0,10,1,test,2,20,b6534a1ef3f057337c8375bd52f2696a8aa28bb886a9b231c4e0174bd3f714e2,4db6aa7af69e96de5ca88f4890129536991fb6b5a48192980711caf7e7cedb5c,f89e55d9cfacf91222600ee60a2ba36a7e5c6eb5bd4c3c753e6136ad5559fc67,AdamW,0.01,0.0,0.5432324514706235,0.5267625261290936,0.5267623362487173,2000
graphsage_pilot_v1_step2000,election2020,linear,0,10,10,val,2,20,b6534a1ef3f057337c8375bd52f2696a8aa28bb886a9b231c4e0174bd3f714e2,4db6aa7af69e96de5ca88f4890129536991fb6b5a48192980711caf7e7cedb5c,f89e55d9cfacf91222600ee60a2ba36a7e5c6eb5bd4c3c753e6136ad5559fc67,AdamW,0.01,0.0,0.536973148341897,0.5181806664132775,0.5181762116306663,2000
graphsage_pilot_v1_step2000,election2020,linear,0,10,10,test,2,20,b6534a1ef3f057337c8375bd52f2696a8aa28bb886a9b231c4e0174bd3f714e2,4db6aa7af69e96de5ca88f4890129536991fb6b5a48192980711caf7e7cedb5c,f89e55d9cfacf91222600ee60a2ba36a7e5c6eb5bd4c3c753e6136ad5559fc67,AdamW,0.01,0.0,0.5289200048895512,0.515804142649015,0.5157418862853939,2000
graphsage_pilot_v1_step2000,election2020,linear,0,10,100,val,2,20,b6534a1ef3f057337c8375bd52f2696a8aa28bb886a9b231c4e0174bd3f714e2,4db6aa7af69e96de5ca88f4890129536991fb6b5a48192980711caf7e7cedb5c,f89e55d9cfacf91222600ee60a2ba36a7e5c6eb5bd4c3c753e6136ad5559fc67,AdamW,0.01,0.0,0.5352400080470371,0.5164069428607627,0.5132963792288134,2000
graphsage_pilot_v1_step2000,election2020,linear,0,10,100,test,2,20,b6534a1ef3f057337c8375bd52f2696a8aa28bb886a9b231c4e0174bd3f714e2,4db6aa7af69e96de5ca88f4890129536991fb6b5a48192980711caf7e7cedb5c,f89e55d9cfacf91222600ee60a2ba36a7e5c6eb5bd4c3c753e6136ad5559fc67,AdamW,0.01,0.0,0.5241756324581476,0.5097231899664281,0.5072918053766304,2000
graphsage_pilot_v1_step2000,election2020,linear,0,100,0,val,2,200,50ec07087975f0e8f3e763af6776f688067a11d30479a86ddef55be76a24d4be,4db6aa7af69e96de5ca88f4890129536991fb6b5a48192980711caf7e7cedb5c,f89e55d9cfacf91222600ee60a2ba36a7e5c6eb5bd4c3c753e6136ad5559fc67,AdamW,0.01,0.0,0.5358571870503411,0.5224882807550995,0.4995450710558047,2000
graphsage_pilot_v1_step2000,election2020,linear,0,100,0,test,2,200,50ec07087975f0e8f3e763af6776f688067a11d30479a86ddef55be76a24d4be,4db6aa7af69e96de5ca88f4890129536991fb6b5a48192980711caf7e7cedb5c,f89e55d9cfacf91222600ee60a2ba36a7e5c6eb5bd4c3c753e6136ad5559fc67,AdamW,0.01,0.0,0.5262651213179523,0.5183378729334263,0.4958106930965863,2000
graphsage_pilot_v1_step2000,election2020,linear,0,100,1,val,2,200,50ec07087975f0e8f3e763af6776f688067a11d30479a86ddef55be76a24d4be,4db6aa7af69e96de5ca88f4890129536991fb6b5a48192980711caf7e7cedb5c,f89e55d9cfacf91222600ee60a2ba36a7e5c6eb5bd4c3c753e6136ad5559fc67,AdamW,0.01,0.0,0.5306387707020683,0.518877486380337,0.5158270747700863,2000
graphsage_pilot_v1_step2000,election2020,linear,0,100,1,test,2,200,50ec07087975f0e8f3e763af6776f688067a11d30479a86ddef55be76a24d4be,4db6aa7af69e96de5ca88f4890129536991fb6b5a48192980711caf7e7cedb5c,f89e55d9cfacf91222600ee60a2ba36a7e5c6eb5bd4c3c753e6136ad5559fc67,AdamW,0.01,0.0,0.5310320462552055,0.5151073668208019,0.5124109257004568,2000
graphsage_pilot_v1_step2000,election2020,linear,0,100,10,val,2,200,50ec07087975f0e8f3e763af6776f688067a11d30479a86ddef55be76a24d4be,4db6aa7af69e96de5ca88f4890129536991fb6b5a48192980711caf7e7cedb5c,f89e55d9cfacf91222600ee60a2ba36a7e5c6eb5bd4c3c753e6136ad5559fc67,AdamW,0.01,0.0,0.5659055968240683,0.5447865197010009,0.5402971831456457,2000
graphsage_pilot_v1_step2000,election2020,linear,0,100,10,test,2,200,50ec07087975f0e8f3e763af6776f688067a11d30479a86ddef55be76a24d4be,4db6aa7af69e96de5ca88f4890129536991fb6b5a48192980711caf7e7cedb5c,f89e55d9cfacf91222600ee60a2ba36a7e5c6eb5bd4c3c753e6136ad5559fc67,AdamW,0.01,0.0,0.5585373051702419,0.537024133780959,0.5320970884410687,2000
graphsage_pilot_v1_step2000,election2020,linear,0,100,100,val,2,200,50ec07087975f0e8f3e763af6776f688067a11d30479a86ddef55be76a24d4be,4db6aa7af69e96de5ca88f4890129536991fb6b5a48192980711caf7e7cedb5c,f89e55d9cfacf91222600ee60a2ba36a7e5c6eb5bd4c3c753e6136ad5559fc67,AdamW,0.01,0.0,0.5645515342974278,0.5430761434182186,0.5402439305801732,2000
graphsage_pilot_v1_step2000,election2020,linear,0,100,100,test,2,200,50ec07087975f0e8f3e763af6776f688067a11d30479a86ddef55be76a24d4be,4db6aa7af69e96de5ca88f4890129536991fb6b5a48192980711caf7e7cedb5c,f89e55d9cfacf91222600ee60a2ba36a7e5c6eb5bd4c3c753e6136ad5559fc67,AdamW,0.01,0.0,0.5563530215256485,0.5356939253816432,0.532319439180577,2000
graphsage_pilot_v1_step2000,election2020,linear,1,0,0,val,2,0,af5570f5a1810b7af78caf4bc70a660f0df51e42baf91d4de5b2328de0e83dfc,4db6aa7af69e96de5ca88f4890129536991fb6b5a48192980711caf7e7cedb5c,8a8ac6a74ff16f70c26373d03c9e72726890aaba776363757688178d530a945d,none,0.0,0.0,0.5424787086120089,0.5173571519067528,0.5049306401533744,2000
graphsage_pilot_v1_step2000,election2020,linear,1,0,0,test,2,0,af5570f5a1810b7af78caf4bc70a660f0df51e42baf91d4de5b2328de0e83dfc,4db6aa7af69e96de5ca88f4890129536991fb6b5a48192980711caf7e7cedb5c,8a8ac6a74ff16f70c26373d03c9e72726890aaba776363757688178d530a945d,none,0.0,0.0,0.5387300059201539,0.5155507696205739,0.503201803887327,2000
graphsage_pilot_v1_step2000,election2020,linear,1,1,0,val,2,2,78f669017e10b4ad480d639a6df17bf9ebfc9f39fe37b9df5e1bcca3ec557500,4db6aa7af69e96de5ca88f4890129536991fb6b5a48192980711caf7e7cedb5c,8a8ac6a74ff16f70c26373d03c9e72726890aaba776363757688178d530a945d,AdamW,0.01,0.0,0.5424787086120089,0.5173571519067528,0.5049306401533744,2000
graphsage_pilot_v1_step2000,election2020,linear,1,1,0,test,2,2,78f669017e10b4ad480d639a6df17bf9ebfc9f39fe37b9df5e1bcca3ec557500,4db6aa7af69e96de5ca88f4890129536991fb6b5a48192980711caf7e7cedb5c,8a8ac6a74ff16f70c26373d03c9e72726890aaba776363757688178d530a945d,AdamW,0.01,0.0,0.5387300059201539,0.5155507696205739,0.503201803887327,2000
graphsage_pilot_v1_step2000,election2020,linear,1,1,1,val,2,2,78f669017e10b4ad480d639a6df17bf9ebfc9f39fe37b9df5e1bcca3ec557500,4db6aa7af69e96de5ca88f4890129536991fb6b5a48192980711caf7e7cedb5c,8a8ac6a74ff16f70c26373d03c9e72726890aaba776363757688178d530a945d,AdamW,0.01,0.0,0.5176776725721328,0.497466109210693,0.4956740748037406,2000
graphsage_pilot_v1_step2000,election2020,linear,1,1,1,test,2,2,78f669017e10b4ad480d639a6df17bf9ebfc9f39fe37b9df5e1bcca3ec557500,4db6aa7af69e96de5ca88f4890129536991fb6b5a48192980711caf7e7cedb5c,8a8ac6a74ff16f70c26373d03c9e72726890aaba776363757688178d530a945d,AdamW,0.01,0.0,0.5162844186432155,0.4976246278583645,0.4961983012578567,2000
graphsage_pilot_v1_step2000,election2020,linear,1,1,10,val,2,2,78f669017e10b4ad480d639a6df17bf9ebfc9f39fe37b9df5e1bcca3ec557500,4db6aa7af69e96de5ca88f4890129536991fb6b5a48192980711caf7e7cedb5c,8a8ac6a74ff16f70c26373d03c9e72726890aaba776363757688178d530a945d,AdamW,0.01,0.0,0.5239132867173514,0.5155200810845053,0.5153632222977512,2000
graphsage_pilot_v1_step2000,election2020,linear,1,1,10,test,2,2,78f669017e10b4ad480d639a6df17bf9ebfc9f39fe37b9df5e1bcca3ec557500,4db6aa7af69e96de5ca88f4890129536991fb6b5a48192980711caf7e7cedb5c,8a8ac6a74ff16f70c26373d03c9e72726890aaba776363757688178d530a945d,AdamW,0.01,0.0,0.5195090476068708,0.5100399062519795,0.5099968413867537,2000
graphsage_pilot_v1_step2000,election2020,linear,1,1,100,val,2,2,78f669017e10b4ad480d639a6df17bf9ebfc9f39fe37b9df5e1bcca3ec557500,4db6aa7af69e96de5ca88f4890129536991fb6b5a48192980711caf7e7cedb5c,8a8ac6a74ff16f70c26373d03c9e72726890aaba776363757688178d530a945d,AdamW,0.01,0.0,0.5227903504659015,0.5162169010515647,0.5161022384045304,2000
graphsage_pilot_v1_step2000,election2020,linear,1,1,100,test,2,2,78f669017e10b4ad480d639a6df17bf9ebfc9f39fe37b9df5e1bcca3ec557500,4db6aa7af69e96de5ca88f4890129536991fb6b5a48192980711caf7e7cedb5c,8a8ac6a74ff16f70c26373d03c9e72726890aaba776363757688178d530a945d,AdamW,0.01,0.0,0.5181089841692709,0.5095965034522075,0.5095779888577143,2000
graphsage_pilot_v1_step2000,election2020,linear,1,10,0,val,2,20,d1765be95433fa195f4fbe461afcda743f31b1a4c207872120cf825a0d06e621,4db6aa7af69e96de5ca88f4890129536991fb6b5a48192980711caf7e7cedb5c,8a8ac6a74ff16f70c26373d03c9e72726890aaba776363757688178d530a945d,AdamW,0.01,0.0,0.5424787086120089,0.5173571519067528,0.5049306401533744,2000
graphsage_pilot_v1_step2000,election2020,linear,1,10,0,test,2,20,d1765be95433fa195f4fbe461afcda743f31b1a4c207872120cf825a0d06e621,4db6aa7af69e96de5ca88f4890129536991fb6b5a48192980711caf7e7cedb5c,8a8ac6a74ff16f70c26373d03c9e72726890aaba776363757688178d530a945d,AdamW,0.01,0.0,0.5387300059201539,0.5155507696205739,0.503201803887327,2000
graphsage_pilot_v1_step2000,election2020,linear,1,10,1,val,2,20,d1765be95433fa195f4fbe461afcda743f31b1a4c207872120cf825a0d06e621,4db6aa7af69e96de5ca88f4890129536991fb6b5a48192980711caf7e7cedb5c,8a8ac6a74ff16f70c26373d03c9e72726890aaba776363757688178d530a945d,AdamW,0.01,0.0,0.5328137149669723,0.5278727986823768,0.5081774585884374,2000
graphsage_pilot_v1_step2000,election2020,linear,1,10,1,test,2,20,d1765be95433fa195f4fbe461afcda743f31b1a4c207872120cf825a0d06e621,4db6aa7af69e96de5ca88f4890129536991fb6b5a48192980711caf7e7cedb5c,8a8ac6a74ff16f70c26373d03c9e72726890aaba776363757688178d530a945d,AdamW,0.01,0.0,0.5272843105461652,0.5240387660733515,0.5049886169954042,2000
graphsage_pilot_v1_step2000,election2020,linear,1,10,10,val,2,20,d1765be95433fa195f4fbe461afcda743f31b1a4c207872120cf825a0d06e621,4db6aa7af69e96de5ca88f4890129536991fb6b5a48192980711caf7e7cedb5c,8a8ac6a74ff16f70c26373d03c9e72726890aaba776363757688178d530a945d,AdamW,0.01,0.0,0.5363265195079295,0.5241986570378817,0.5083646040083765,2000
graphsage_pilot_v1_step2000,election2020,linear,1,10,10,test,2,20,d1765be95433fa195f4fbe461afcda743f31b1a4c207872120cf825a0d06e621,4db6aa7af69e96de5ca88f4890129536991fb6b5a48192980711caf7e7cedb5c,8a8ac6a74ff16f70c26373d03c9e72726890aaba776363757688178d530a945d,AdamW,0.01,0.0,0.5320015618538554,0.5245455121302337,0.5088172479770506,2000
graphsage_pilot_v1_step2000,election2020,linear,1,10,100,val,2,20,d1765be95433fa195f4fbe461afcda743f31b1a4c207872120cf825a0d06e621,4db6aa7af69e96de5ca88f4890129536991fb6b5a48192980711caf7e7cedb5c,8a8ac6a74ff16f70c26373d03c9e72726890aaba776363757688178d530a945d,AdamW,0.01,0.0,0.5220795019491138,0.5342075256556442,0.5146994694648505,2000
graphsage_pilot_v1_step2000,election2020,linear,1,10,100,test,2,20,d1765be95433fa195f4fbe461afcda743f31b1a4c207872120cf825a0d06e621,4db6aa7af69e96de5ca88f4890129536991fb6b5a48192980711caf7e7cedb5c,8a8ac6a74ff16f70c26373d03c9e72726890aaba776363757688178d530a945d,AdamW,0.01,0.0,0.5295496346913784,0.5392411477798188,0.5199972288619297,2000
graphsage_pilot_v1_step2000,election2020,linear,1,100,0,val,2,200,715bae049fab4381446427dc497fcaf6bfa8014aa08c956a820356243d92daf2,4db6aa7af69e96de5ca88f4890129536991fb6b5a48192980711caf7e7cedb5c,8a8ac6a74ff16f70c26373d03c9e72726890aaba776363757688178d530a945d,AdamW,0.01,0.0,0.5424787086120089,0.5173571519067528,0.5049306401533744,2000
graphsage_pilot_v1_step2000,election2020,linear,1,100,0,test,2,200,715bae049fab4381446427dc497fcaf6bfa8014aa08c956a820356243d92daf2,4db6aa7af69e96de5ca88f4890129536991fb6b5a48192980711caf7e7cedb5c,8a8ac6a74ff16f70c26373d03c9e72726890aaba776363757688178d530a945d,AdamW,0.01,0.0,0.5387300059201539,0.5155507696205739,0.503201803887327,2000
graphsage_pilot_v1_step2000,election2020,linear,1,100,1,val,2,200,715bae049fab4381446427dc497fcaf6bfa8014aa08c956a820356243d92daf2,4db6aa7af69e96de5ca88f4890129536991fb6b5a48192980711caf7e7cedb5c,8a8ac6a74ff16f70c26373d03c9e72726890aaba776363757688178d530a945d,AdamW,0.01,0.0,0.532813739185583,0.5278727986823768,0.5081774585884374,2000
graphsage_pilot_v1_step2000,election2020,linear,1,100,1,test,2,200,715bae049fab4381446427dc497fcaf6bfa8014aa08c956a820356243d92daf2,4db6aa7af69e96de5ca88f4890129536991fb6b5a48192980711caf7e7cedb5c,8a8ac6a74ff16f70c26373d03c9e72726890aaba776363757688178d530a945d,AdamW,0.01,0.0,0.5272843105461652,0.5240387660733515,0.5049886169954042,2000
graphsage_pilot_v1_step2000,election2020,linear,1,100,10,val,2,200,715bae049fab4381446427dc497fcaf6bfa8014aa08c956a820356243d92daf2,4db6aa7af69e96de5ca88f4890129536991fb6b5a48192980711caf7e7cedb5c,8a8ac6a74ff16f70c26373d03c9e72726890aaba776363757688178d530a945d,AdamW,0.01,0.0,0.5405319520975254,0.5307867730900798,0.4974286279347332,2000
graphsage_pilot_v1_step2000,election2020,linear,1,100,10,test,2,200,715bae049fab4381446427dc497fcaf6bfa8014aa08c956a820356243d92daf2,4db6aa7af69e96de5ca88f4890129536991fb6b5a48192980711caf7e7cedb5c,8a8ac6a74ff16f70c26373d03c9e72726890aaba776363757688178d530a945d,AdamW,0.01,0.0,0.5323831786654392,0.529549629441946,0.4968950974367899,2000
graphsage_pilot_v1_step2000,election2020,linear,1,100,100,val,2,200,715bae049fab4381446427dc497fcaf6bfa8014aa08c956a820356243d92daf2,4db6aa7af69e96de5ca88f4890129536991fb6b5a48192980711caf7e7cedb5c,8a8ac6a74ff16f70c26373d03c9e72726890aaba776363757688178d530a945d,AdamW,0.01,0.0,0.5543428247683408,0.5411123780565058,0.529805140757497,2000
graphsage_pilot_v1_step2000,election2020,linear,1,100,100,test,2,200,715bae049fab4381446427dc497fcaf6bfa8014aa08c956a820356243d92daf2,4db6aa7af69e96de5ca88f4890129536991fb6b5a48192980711caf7e7cedb5c,8a8ac6a74ff16f70c26373d03c9e72726890aaba776363757688178d530a945d,AdamW,0.01,0.0,0.5469935540192085,0.5348071197820992,0.5223950216521905,2000
graphsage_pilot_v1_step2000,election2020,linear,2,0,0,val,2,0,af5570f5a1810b7af78caf4bc70a660f0df51e42baf91d4de5b2328de0e83dfc,4db6aa7af69e96de5ca88f4890129536991fb6b5a48192980711caf7e7cedb5c,203ffea723cb4cf0d5b2da185e1677d1c082fd4475784ccb7c3a518868d42cce,none,0.0,0.0,0.4949150604884022,0.4852400861522868,0.4849060493183256,2000
graphsage_pilot_v1_step2000,election2020,linear,2,0,0,test,2,0,af5570f5a1810b7af78caf4bc70a660f0df51e42baf91d4de5b2328de0e83dfc,4db6aa7af69e96de5ca88f4890129536991fb6b5a48192980711caf7e7cedb5c,203ffea723cb4cf0d5b2da185e1677d1c082fd4475784ccb7c3a518868d42cce,none,0.0,0.0,0.4940977331648207,0.4850826629505289,0.4848294488418944,2000
graphsage_pilot_v1_step2000,election2020,linear,2,1,0,val,2,2,7a1427cb41b58a63e1a58c9c6fa2483c0793fad6aa4590c104bf4a79c54d5fbc,4db6aa7af69e96de5ca88f4890129536991fb6b5a48192980711caf7e7cedb5c,203ffea723cb4cf0d5b2da185e1677d1c082fd4475784ccb7c3a518868d42cce,AdamW,0.01,0.0,0.4949150604884022,0.4852400861522868,0.4849060493183256,2000
graphsage_pilot_v1_step2000,election2020,linear,2,1,0,test,2,2,7a1427cb41b58a63e1a58c9c6fa2483c0793fad6aa4590c104bf4a79c54d5fbc,4db6aa7af69e96de5ca88f4890129536991fb6b5a48192980711caf7e7cedb5c,203ffea723cb4cf0d5b2da185e1677d1c082fd4475784ccb7c3a518868d42cce,AdamW,0.01,0.0,0.4940977331648207,0.4850826629505289,0.4848294488418944,2000
graphsage_pilot_v1_step2000,election2020,linear,2,1,1,val,2,2,7a1427cb41b58a63e1a58c9c6fa2483c0793fad6aa4590c104bf4a79c54d5fbc,4db6aa7af69e96de5ca88f4890129536991fb6b5a48192980711caf7e7cedb5c,203ffea723cb4cf0d5b2da185e1677d1c082fd4475784ccb7c3a518868d42cce,AdamW,0.01,0.0,0.4955777462612923,0.4748511339161282,0.4650943339310849,2000
graphsage_pilot_v1_step2000,election2020,linear,2,1,1,test,2,2,7a1427cb41b58a63e1a58c9c6fa2483c0793fad6aa4590c104bf4a79c54d5fbc,4db6aa7af69e96de5ca88f4890129536991fb6b5a48192980711caf7e7cedb5c,203ffea723cb4cf0d5b2da185e1677d1c082fd4475784ccb7c3a518868d42cce,AdamW,0.01,0.0,0.4956103896246462,0.4793817698106036,0.4701125017037127,2000
graphsage_pilot_v1_step2000,election2020,linear,2,1,10,val,2,2,7a1427cb41b58a63e1a58c9c6fa2483c0793fad6aa4590c104bf4a79c54d5fbc,4db6aa7af69e96de5ca88f4890129536991fb6b5a48192980711caf7e7cedb5c,203ffea723cb4cf0d5b2da185e1677d1c082fd4475784ccb7c3a518868d42cce,AdamW,0.01,0.0,0.4976343664669762,0.478398581021158,0.4707640599474811,2000
graphsage_pilot_v1_step2000,election2020,linear,2,1,10,test,2,2,7a1427cb41b58a63e1a58c9c6fa2483c0793fad6aa4590c104bf4a79c54d5fbc,4db6aa7af69e96de5ca88f4890129536991fb6b5a48192980711caf7e7cedb5c,203ffea723cb4cf0d5b2da185e1677d1c082fd4475784ccb7c3a518868d42cce,AdamW,0.01,0.0,0.4978345639220348,0.4827389624374485,0.4754179374237216,2000
graphsage_pilot_v1_step2000,election2020,linear,2,1,100,val,2,2,7a1427cb41b58a63e1a58c9c6fa2483c0793fad6aa4590c104bf4a79c54d5fbc,4db6aa7af69e96de5ca88f4890129536991fb6b5a48192980711caf7e7cedb5c,203ffea723cb4cf0d5b2da185e1677d1c082fd4475784ccb7c3a518868d42cce,AdamW,0.01,0.0,0.5000162506878085,0.4790320537184847,0.4717136457587169,2000
graphsage_pilot_v1_step2000,election2020,linear,2,1,100,test,2,2,7a1427cb41b58a63e1a58c9c6fa2483c0793fad6aa4590c104bf4a79c54d5fbc,4db6aa7af69e96de5ca88f4890129536991fb6b5a48192980711caf7e7cedb5c,203ffea723cb4cf0d5b2da185e1677d1c082fd4475784ccb7c3a518868d42cce,AdamW,0.01,0.0,0.499892847346043,0.4836891112941027,0.4768733050219311,2000
graphsage_pilot_v1_step2000,election2020,linear,2,10,0,val,2,20,e4ba399bf0c7eaaa4a73c7616f66cbee68313a8705446995cb6c725cf973d6f1,4db6aa7af69e96de5ca88f4890129536991fb6b5a48192980711caf7e7cedb5c,203ffea723cb4cf0d5b2da185e1677d1c082fd4475784ccb7c3a518868d42cce,AdamW,0.01,0.0,0.4949150604884022,0.4852400861522868,0.4849060493183256,2000
graphsage_pilot_v1_step2000,election2020,linear,2,10,0,test,2,20,e4ba399bf0c7eaaa4a73c7616f66cbee68313a8705446995cb6c725cf973d6f1,4db6aa7af69e96de5ca88f4890129536991fb6b5a48192980711caf7e7cedb5c,203ffea723cb4cf0d5b2da185e1677d1c082fd4475784ccb7c3a518868d42cce,AdamW,0.01,0.0,0.4940977331648207,0.4850826629505289,0.4848294488418944,2000
graphsage_pilot_v1_step2000,election2020,linear,2,10,1,val,2,20,e4ba399bf0c7eaaa4a73c7616f66cbee68313a8705446995cb6c725cf973d6f1,4db6aa7af69e96de5ca88f4890129536991fb6b5a48192980711caf7e7cedb5c,203ffea723cb4cf0d5b2da185e1677d1c082fd4475784ccb7c3a518868d42cce,AdamW,0.01,0.0,0.5059342538988734,0.4826428480932472,0.4775604453260138,2000
graphsage_pilot_v1_step2000,election2020,linear,2,10,1,test,2,20,e4ba399bf0c7eaaa4a73c7616f66cbee68313a8705446995cb6c725cf973d6f1,4db6aa7af69e96de5ca88f4890129536991fb6b5a48192980711caf7e7cedb5c,203ffea723cb4cf0d5b2da185e1677d1c082fd4475784ccb7c3a518868d42cce,AdamW,0.01,0.0,0.5058504703319444,0.4865395578640654,0.481955812384072,2000
graphsage_pilot_v1_step2000,election2020,linear,2,10,10,val,2,20,e4ba399bf0c7eaaa4a73c7616f66cbee68313a8705446995cb6c725cf973d6f1,4db6aa7af69e96de5ca88f4890129536991fb6b5a48192980711caf7e7cedb5c,203ffea723cb4cf0d5b2da185e1677d1c082fd4475784ccb7c3a518868d42cce,AdamW,0.01,0.0,0.5129827980051616,0.4970226783225643,0.4922781755774071,2000
graphsage_pilot_v1_step2000,election2020,linear,2,10,10,test,2,20,e4ba399bf0c7eaaa4a73c7616f66cbee68313a8705446995cb6c725cf973d6f1,4db6aa7af69e96de5ca88f4890129536991fb6b5a48192980711caf7e7cedb5c,203ffea723cb4cf0d5b2da185e1677d1c082fd4475784ccb7c3a518868d42cce,AdamW,0.01,0.0,0.5080179324224252,0.4924304807753215,0.4881720482923463,2000
graphsage_pilot_v1_step2000,election2020,linear,2,10,100,val,2,20,e4ba399bf0c7eaaa4a73c7616f66cbee68313a8705446995cb6c725cf973d6f1,4db6aa7af69e96de5ca88f4890129536991fb6b5a48192980711caf7e7cedb5c,203ffea723cb4cf0d5b2da185e1677d1c082fd4475784ccb7c3a518868d42cce,AdamW,0.01,0.0,0.5026529308393977,0.5012669453946534,0.5012248633721961,2000
graphsage_pilot_v1_step2000,election2020,linear,2,10,100,test,2,20,e4ba399bf0c7eaaa4a73c7616f66cbee68313a8705446995cb6c725cf973d6f1,4db6aa7af69e96de5ca88f4890129536991fb6b5a48192980711caf7e7cedb5c,203ffea723cb4cf0d5b2da185e1677d1c082fd4475784ccb7c3a518868d42cce,AdamW,0.01,0.0,0.5021070288008254,0.5033255209982898,0.5033183466674347,2000
graphsage_pilot_v1_step2000,election2020,linear,2,100,0,val,2,200,39b894e979d02788c848c89245aa679e7a3e3dca786d267c5ae62dcdbfab817b,4db6aa7af69e96de5ca88f4890129536991fb6b5a48192980711caf7e7cedb5c,203ffea723cb4cf0d5b2da185e1677d1c082fd4475784ccb7c3a518868d42cce,AdamW,0.01,0.0,0.4949150604884022,0.4852400861522868,0.4849060493183256,2000
graphsage_pilot_v1_step2000,election2020,linear,2,100,0,test,2,200,39b894e979d02788c848c89245aa679e7a3e3dca786d267c5ae62dcdbfab817b,4db6aa7af69e96de5ca88f4890129536991fb6b5a48192980711caf7e7cedb5c,203ffea723cb4cf0d5b2da185e1677d1c082fd4475784ccb7c3a518868d42cce,AdamW,0.01,0.0,0.4940977331648207,0.4850826629505289,0.4848294488418944,2000
graphsage_pilot_v1_step2000,election2020,linear,2,100,1,val,2,200,39b894e979d02788c848c89245aa679e7a3e3dca786d267c5ae62dcdbfab817b,4db6aa7af69e96de5ca88f4890129536991fb6b5a48192980711caf7e7cedb5c,203ffea723cb4cf0d5b2da185e1677d1c082fd4475784ccb7c3a518868d42cce,AdamW,0.01,0.0,0.5326458234844316,0.5283795768402382,0.4947442304411042,2000
graphsage_pilot_v1_step2000,election2020,linear,2,100,1,test,2,200,39b894e979d02788c848c89245aa679e7a3e3dca786d267c5ae62dcdbfab817b,4db6aa7af69e96de5ca88f4890129536991fb6b5a48192980711caf7e7cedb5c,203ffea723cb4cf0d5b2da185e1677d1c082fd4475784ccb7c3a518868d42cce,AdamW,0.01,0.0,0.5251639149057954,0.5261924368151011,0.4933922534294025,2000
graphsage_pilot_v1_step2000,election2020,linear,2,100,10,val,2,200,39b894e979d02788c848c89245aa679e7a3e3dca786d267c5ae62dcdbfab817b,4db6aa7af69e96de5ca88f4890129536991fb6b5a48192980711caf7e7cedb5c,203ffea723cb4cf0d5b2da185e1677d1c082fd4475784ccb7c3a518868d42cce,AdamW,0.01,0.0,0.5403352808325519,0.5343342201951096,0.4934848136324726,2000
graphsage_pilot_v1_step2000,election2020,linear,2,100,10,test,2,200,39b894e979d02788c848c89245aa679e7a3e3dca786d267c5ae62dcdbfab817b,4db6aa7af69e96de5ca88f4890129536991fb6b5a48192980711caf7e7cedb5c,203ffea723cb4cf0d5b2da185e1677d1c082fd4475784ccb7c3a518868d42cce,AdamW,0.01,0.0,0.5331351602509711,0.5344270602394375,0.4941832211450943,2000
graphsage_pilot_v1_step2000,election2020,linear,2,100,100,val,2,200,39b894e979d02788c848c89245aa679e7a3e3dca786d267c5ae62dcdbfab817b,4db6aa7af69e96de5ca88f4890129536991fb6b5a48192980711caf7e7cedb5c,203ffea723cb4cf0d5b2da185e1677d1c082fd4475784ccb7c3a518868d42cce,AdamW,0.01,0.0,0.5403065898516917,0.5246420879260104,0.5208082430622942,2000
graphsage_pilot_v1_step2000,election2020,linear,2,100,100,test,2,200,39b894e979d02788c848c89245aa679e7a3e3dca786d267c5ae62dcdbfab817b,4db6aa7af69e96de5ca88f4890129536991fb6b5a48192980711caf7e7cedb5c,203ffea723cb4cf0d5b2da185e1677d1c082fd4475784ccb7c3a518868d42cce,AdamW,0.01,0.0,0.5365294092425174,0.5263191233293216,0.5217025209662953,2000
graphsage_pilot_v1_step2000,twibot20,linear,0,0,0,val,2,0,af5570f5a1810b7af78caf4bc70a660f0df51e42baf91d4de5b2328de0e83dfc,c914c5f482673ce0dc5d5512f45c0eaf22d1c0663629aa594d02d724b1b643bb,f89e55d9cfacf91222600ee60a2ba36a7e5c6eb5bd4c3c753e6136ad5559fc67,none,0.0,0.0,0.3085388848549146,0.3644820295983086,0.3643797526073681,2000
graphsage_pilot_v1_step2000,twibot20,linear,0,0,0,test,2,0,af5570f5a1810b7af78caf4bc70a660f0df51e42baf91d4de5b2328de0e83dfc,c914c5f482673ce0dc5d5512f45c0eaf22d1c0663629aa594d02d724b1b643bb,f89e55d9cfacf91222600ee60a2ba36a7e5c6eb5bd4c3c753e6136ad5559fc67,none,0.0,0.0,0.3232828771328291,0.3774302620456466,0.3774248125236807,2000
graphsage_pilot_v1_step2000,twibot20,linear,0,1,0,val,2,2,14051f1842d654a1fc699db552fc13e8f1585d77ac0a7966c7bdf4a0cbf33455,c914c5f482673ce0dc5d5512f45c0eaf22d1c0663629aa594d02d724b1b643bb,f89e55d9cfacf91222600ee60a2ba36a7e5c6eb5bd4c3c753e6136ad5559fc67,AdamW,0.01,0.0,0.3085388848549146,0.3644820295983086,0.3643797526073681,2000
graphsage_pilot_v1_step2000,twibot20,linear,0,1,0,test,2,2,14051f1842d654a1fc699db552fc13e8f1585d77ac0a7966c7bdf4a0cbf33455,c914c5f482673ce0dc5d5512f45c0eaf22d1c0663629aa594d02d724b1b643bb,f89e55d9cfacf91222600ee60a2ba36a7e5c6eb5bd4c3c753e6136ad5559fc67,AdamW,0.01,0.0,0.3232828771328291,0.3774302620456466,0.3774248125236807,2000
graphsage_pilot_v1_step2000,twibot20,linear,0,1,1,val,2,2,14051f1842d654a1fc699db552fc13e8f1585d77ac0a7966c7bdf4a0cbf33455,c914c5f482673ce0dc5d5512f45c0eaf22d1c0663629aa594d02d724b1b643bb,f89e55d9cfacf91222600ee60a2ba36a7e5c6eb5bd4c3c753e6136ad5559fc67,AdamW,0.01,0.0,0.4396027090915152,0.4718816067653277,0.4707779777019368,2000
graphsage_pilot_v1_step2000,twibot20,linear,0,1,1,test,2,2,14051f1842d654a1fc699db552fc13e8f1585d77ac0a7966c7bdf4a0cbf33455,c914c5f482673ce0dc5d5512f45c0eaf22d1c0663629aa594d02d724b1b643bb,f89e55d9cfacf91222600ee60a2ba36a7e5c6eb5bd4c3c753e6136ad5559fc67,AdamW,0.01,0.0,0.4706739623996571,0.4945054945054945,0.4938367533842763,2000
graphsage_pilot_v1_step2000,twibot20,linear,0,1,10,val,2,2,14051f1842d654a1fc699db552fc13e8f1585d77ac0a7966c7bdf4a0cbf33455,c914c5f482673ce0dc5d5512f45c0eaf22d1c0663629aa594d02d724b1b643bb,f89e55d9cfacf91222600ee60a2ba36a7e5c6eb5bd4c3c753e6136ad5559fc67,AdamW,0.01,0.0,0.4106917951861883,0.4186046511627907,0.4177235158317428,2000
graphsage_pilot_v1_step2000,twibot20,linear,0,1,10,test,2,2,14051f1842d654a1fc699db552fc13e8f1585d77ac0a7966c7bdf4a0cbf33455,c914c5f482673ce0dc5d5512f45c0eaf22d1c0663629aa594d02d724b1b643bb,f89e55d9cfacf91222600ee60a2ba36a7e5c6eb5bd4c3c753e6136ad5559fc67,AdamW,0.01,0.0,0.4447962156401672,0.4530853761622992,0.4515298956661316,2000
graphsage_pilot_v1_step2000,twibot20,linear,0,1,100,val,2,2,14051f1842d654a1fc699db552fc13e8f1585d77ac0a7966c7bdf4a0cbf33455,c914c5f482673ce0dc5d5512f45c0eaf22d1c0663629aa594d02d724b1b643bb,f89e55d9cfacf91222600ee60a2ba36a7e5c6eb5bd4c3c753e6136ad5559fc67,AdamW,0.01,0.0,0.4116345857011796,0.4659619450317124,0.4615532708935977,2000
graphsage_pilot_v1_step2000,twibot20,linear,0,1,100,test,2,2,14051f1842d654a1fc699db552fc13e8f1585d77ac0a7966c7bdf4a0cbf33455,c914c5f482673ce0dc5d5512f45c0eaf22d1c0663629aa594d02d724b1b643bb,f89e55d9cfacf91222600ee60a2ba36a7e5c6eb5bd4c3c753e6136ad5559fc67,AdamW,0.01,0.0,0.4445355847976925,0.4940828402366864,0.4900269832995254,2000
graphsage_pilot_v1_step2000,twibot20,linear,0,10,0,val,2,20,46185d6d47cb175e619dec79be06f57e3b0186517497320f951227e139a80310,c914c5f482673ce0dc5d5512f45c0eaf22d1c0663629aa594d02d724b1b643bb,f89e55d9cfacf91222600ee60a2ba36a7e5c6eb5bd4c3c753e6136ad5559fc67,AdamW,0.01,0.0,0.3085388848549146,0.3644820295983086,0.3643797526073681,2000
graphsage_pilot_v1_step2000,twibot20,linear,0,10,0,test,2,20,46185d6d47cb175e619dec79be06f57e3b0186517497320f951227e139a80310,c914c5f482673ce0dc5d5512f45c0eaf22d1c0663629aa594d02d724b1b643bb,f89e55d9cfacf91222600ee60a2ba36a7e5c6eb5bd4c3c753e6136ad5559fc67,AdamW,0.01,0.0,0.3232828771328291,0.3774302620456466,0.3774248125236807,2000
graphsage_pilot_v1_step2000,twibot20,linear,0,10,1,val,2,20,46185d6d47cb175e619dec79be06f57e3b0186517497320f951227e139a80310,c914c5f482673ce0dc5d5512f45c0eaf22d1c0663629aa594d02d724b1b643bb,f89e55d9cfacf91222600ee60a2ba36a7e5c6eb5bd4c3c753e6136ad5559fc67,AdamW,0.01,0.0,0.6326370742043529,0.6207188160676532,0.6075011253741764,2000
graphsage_pilot_v1_step2000,twibot20,linear,0,10,1,test,2,20,46185d6d47cb175e619dec79be06f57e3b0186517497320f951227e139a80310,c914c5f482673ce0dc5d5512f45c0eaf22d1c0663629aa594d02d724b1b643bb,f89e55d9cfacf91222600ee60a2ba36a7e5c6eb5bd4c3c753e6136ad5559fc67,AdamW,0.01,0.0,0.618516083818879,0.6162299239222316,0.6045866831581117,2000
graphsage_pilot_v1_step2000,twibot20,linear,0,10,10,val,2,20,46185d6d47cb175e619dec79be06f57e3b0186517497320f951227e139a80310,c914c5f482673ce0dc5d5512f45c0eaf22d1c0663629aa594d02d724b1b643bb,f89e55d9cfacf91222600ee60a2ba36a7e5c6eb5bd4c3c753e6136ad5559fc67,AdamW,0.01,0.0,0.6121420693273505,0.6215644820295984,0.6092406529655288,2000
graphsage_pilot_v1_step2000,twibot20,linear,0,10,10,test,2,20,46185d6d47cb175e619dec79be06f57e3b0186517497320f951227e139a80310,c914c5f482673ce0dc5d5512f45c0eaf22d1c0663629aa594d02d724b1b643bb,f89e55d9cfacf91222600ee60a2ba36a7e5c6eb5bd4c3c753e6136ad5559fc67,AdamW,0.01,0.0,0.5871831887314808,0.592138630600169,0.580687134704297,2000
graphsage_pilot_v1_step2000,twibot20,linear,0,10,100,val,2,20,46185d6d47cb175e619dec79be06f57e3b0186517497320f951227e139a80310,c914c5f482673ce0dc5d5512f45c0eaf22d1c0663629aa594d02d724b1b643bb,f89e55d9cfacf91222600ee60a2ba36a7e5c6eb5bd4c3c753e6136ad5559fc67,AdamW,0.01,0.0,0.519476849094095,0.5839323467230444,0.5788817663817664,2000
graphsage_pilot_v1_step2000,twibot20,linear,0,10,100,test,2,20,46185d6d47cb175e619dec79be06f57e3b0186517497320f951227e139a80310,c914c5f482673ce0dc5d5512f45c0eaf22d1c0663629aa594d02d724b1b643bb,f89e55d9cfacf91222600ee60a2ba36a7e5c6eb5bd4c3c753e6136ad5559fc67,AdamW,0.01,0.0,0.5073997440025947,0.5718512256973796,0.5687387709163472,2000
graphsage_pilot_v1_step2000,twibot20,linear,0,100,0,val,2,200,25fe39fe3accdb737c2ca133aad37bddb0a345ef2f9d6d1d90a71aa14b8b7951,c914c5f482673ce0dc5d5512f45c0eaf22d1c0663629aa594d02d724b1b643bb,f89e55d9cfacf91222600ee60a2ba36a7e5c6eb5bd4c3c753e6136ad5559fc67,AdamW,0.01,0.0,0.3085388848549146,0.3644820295983086,0.3643797526073681,2000
graphsage_pilot_v1_step2000,twibot20,linear,0,100,0,test,2,200,25fe39fe3accdb737c2ca133aad37bddb0a345ef2f9d6d1d90a71aa14b8b7951,c914c5f482673ce0dc5d5512f45c0eaf22d1c0663629aa594d02d724b1b643bb,f89e55d9cfacf91222600ee60a2ba36a7e5c6eb5bd4c3c753e6136ad5559fc67,AdamW,0.01,0.0,0.3232828771328291,0.3774302620456466,0.3774248125236807,2000
graphsage_pilot_v1_step2000,twibot20,linear,0,100,1,val,2,200,25fe39fe3accdb737c2ca133aad37bddb0a345ef2f9d6d1d90a71aa14b8b7951,c914c5f482673ce0dc5d5512f45c0eaf22d1c0663629aa594d02d724b1b643bb,f89e55d9cfacf91222600ee60a2ba36a7e5c6eb5bd4c3c753e6136ad5559fc67,AdamW,0.01,0.0,0.6321979265855331,0.6304439746300211,0.6241936656848841,2000
graphsage_pilot_v1_step2000,twibot20,linear,0,100,1,test,2,200,25fe39fe3accdb737c2ca133aad37bddb0a345ef2f9d6d1d90a71aa14b8b7951,c914c5f482673ce0dc5d5512f45c0eaf22d1c0663629aa594d02d724b1b643bb,f89e55d9cfacf91222600ee60a2ba36a7e5c6eb5bd4c3c753e6136ad5559fc67,AdamW,0.01,0.0,0.6201537142790952,0.6204564666103127,0.6155234800761183,2000
graphsage_pilot_v1_step2000,twibot20,linear,0,100,10,val,2,200,25fe39fe3accdb737c2ca133aad37bddb0a345ef2f9d6d1d90a71aa14b8b7951,c914c5f482673ce0dc5d5512f45c0eaf22d1c0663629aa594d02d724b1b643bb,f89e55d9cfacf91222600ee60a2ba36a7e5c6eb5bd4c3c753e6136ad5559fc67,AdamW,0.01,0.0,0.728866926676841,0.7099365750528541,0.7004440928924458,2000
graphsage_pilot_v1_step2000,twibot20,linear,0,100,10,test,2,200,25fe39fe3accdb737c2ca133aad37bddb0a345ef2f9d6d1d90a71aa14b8b7951,c914c5f482673ce0dc5d5512f45c0eaf22d1c0663629aa594d02d724b1b643bb,f89e55d9cfacf91222600ee60a2ba36a7e5c6eb5bd4c3c753e6136ad5559fc67,AdamW,0.01,0.0,0.6989923722040101,0.6762468300929839,0.6648663242021797,2000
graphsage_pilot_v1_step2000,twibot20,linear,0,100,100,val,2,200,25fe39fe3accdb737c2ca133aad37bddb0a345ef2f9d6d1d90a71aa14b8b7951,c914c5f482673ce0dc5d5512f45c0eaf22d1c0663629aa594d02d724b1b643bb,f89e55d9cfacf91222600ee60a2ba36a7e5c6eb5bd4c3c753e6136ad5559fc67,AdamW,0.01,0.0,0.7613268925015907,0.7133192389006342,0.6999620524888178,2000
graphsage_pilot_v1_step2000,twibot20,linear,0,100,100,test,2,200,25fe39fe3accdb737c2ca133aad37bddb0a345ef2f9d6d1d90a71aa14b8b7951,c914c5f482673ce0dc5d5512f45c0eaf22d1c0663629aa594d02d724b1b643bb,f89e55d9cfacf91222600ee60a2ba36a7e5c6eb5bd4c3c753e6136ad5559fc67,AdamW,0.01,0.0,0.7449937159007982,0.6893491124260355,0.6743980001898554,2000
graphsage_pilot_v1_step2000,twibot20,linear,1,0,0,val,2,0,af5570f5a1810b7af78caf4bc70a660f0df51e42baf91d4de5b2328de0e83dfc,c914c5f482673ce0dc5d5512f45c0eaf22d1c0663629aa594d02d724b1b643bb,8a8ac6a74ff16f70c26373d03c9e72726890aaba776363757688178d530a945d,none,0.0,0.0,0.4296320290793988,0.4160676532769556,0.4145604137071874,2000
graphsage_pilot_v1_step2000,twibot20,linear,1,0,0,test,2,0,af5570f5a1810b7af78caf4bc70a660f0df51e42baf91d4de5b2328de0e83dfc,c914c5f482673ce0dc5d5512f45c0eaf22d1c0663629aa594d02d724b1b643bb,8a8ac6a74ff16f70c26373d03c9e72726890aaba776363757688178d530a945d,none,0.0,0.0,0.4515957847305076,0.4416737109044801,0.4404862090107991,2000
graphsage_pilot_v1_step2000,twibot20,linear,1,1,0,val,2,2,3fa9e07a01626dee43bfd80cfd4791f403a8ca7a60afb4b6089f12b310e7db04,c914c5f482673ce0dc5d5512f45c0eaf22d1c0663629aa594d02d724b1b643bb,8a8ac6a74ff16f70c26373d03c9e72726890aaba776363757688178d530a945d,AdamW,0.01,0.0,0.4296320290793988,0.4160676532769556,0.4145604137071874,2000
graphsage_pilot_v1_step2000,twibot20,linear,1,1,0,test,2,2,3fa9e07a01626dee43bfd80cfd4791f403a8ca7a60afb4b6089f12b310e7db04,c914c5f482673ce0dc5d5512f45c0eaf22d1c0663629aa594d02d724b1b643bb,8a8ac6a74ff16f70c26373d03c9e72726890aaba776363757688178d530a945d,AdamW,0.01,0.0,0.4515957847305076,0.4416737109044801,0.4404862090107991,2000
graphsage_pilot_v1_step2000,twibot20,linear,1,1,1,val,2,2,3fa9e07a01626dee43bfd80cfd4791f403a8ca7a60afb4b6089f12b310e7db04,c914c5f482673ce0dc5d5512f45c0eaf22d1c0663629aa594d02d724b1b643bb,8a8ac6a74ff16f70c26373d03c9e72726890aaba776363757688178d530a945d,AdamW,0.01,0.0,0.6931090057147163,0.6266384778012685,0.6240030421202944,2000
graphsage_pilot_v1_step2000,twibot20,linear,1,1,1,test,2,2,3fa9e07a01626dee43bfd80cfd4791f403a8ca7a60afb4b6089f12b310e7db04,c914c5f482673ce0dc5d5512f45c0eaf22d1c0663629aa594d02d724b1b643bb,8a8ac6a74ff16f70c26373d03c9e72726890aaba776363757688178d530a945d,AdamW,0.01,0.0,0.6813751752018441,0.6183431952662722,0.6166981614950023,2000
graphsage_pilot_v1_step2000,twibot20,linear,1,1,10,val,2,2,3fa9e07a01626dee43bfd80cfd4791f403a8ca7a60afb4b6089f12b310e7db04,c914c5f482673ce0dc5d5512f45c0eaf22d1c0663629aa594d02d724b1b643bb,8a8ac6a74ff16f70c26373d03c9e72726890aaba776363757688178d530a945d,AdamW,0.01,0.0,0.6555792762905215,0.6304439746300211,0.6259579916846176,2000
graphsage_pilot_v1_step2000,twibot20,linear,1,1,10,test,2,2,3fa9e07a01626dee43bfd80cfd4791f403a8ca7a60afb4b6089f12b310e7db04,c914c5f482673ce0dc5d5512f45c0eaf22d1c0663629aa594d02d724b1b643bb,8a8ac6a74ff16f70c26373d03c9e72726890aaba776363757688178d530a945d,AdamW,0.01,0.0,0.6468596879380046,0.6179205409974641,0.6145268633647835,2000
graphsage_pilot_v1_step2000,twibot20,linear,1,1,100,val,2,2,3fa9e07a01626dee43bfd80cfd4791f403a8ca7a60afb4b6089f12b310e7db04,c914c5f482673ce0dc5d5512f45c0eaf22d1c0663629aa594d02d724b1b643bb,8a8ac6a74ff16f70c26373d03c9e72726890aaba776363757688178d530a945d,AdamW,0.01,0.0,0.6541364662095475,0.6304439746300211,0.6259579916846176,2000
graphsage_pilot_v1_step2000,twibot20,linear,1,1,100,test,2,2,3fa9e07a01626dee43bfd80cfd4791f403a8ca7a60afb4b6089f12b310e7db04,c914c5f482673ce0dc5d5512f45c0eaf22d1c0663629aa594d02d724b1b643bb,8a8ac6a74ff16f70c26373d03c9e72726890aaba776363757688178d530a945d,AdamW,0.01,0.0,0.6463818647268009,0.6187658495350803,0.6154409469874706,2000
graphsage_pilot_v1_step2000,twibot20,linear,1,10,0,val,2,20,8b0103cc8fe7d02ca3e622c39a7215d65913dfa1510e728f43df582a11d9c6e6,c914c5f482673ce0dc5d5512f45c0eaf22d1c0663629aa594d02d724b1b643bb,8a8ac6a74ff16f70c26373d03c9e72726890aaba776363757688178d530a945d,AdamW,0.01,0.0,0.4296320290793988,0.4160676532769556,0.4145604137071874,2000
graphsage_pilot_v1_step2000,twibot20,linear,1,10,0,test,2,20,8b0103cc8fe7d02ca3e622c39a7215d65913dfa1510e728f43df582a11d9c6e6,c914c5f482673ce0dc5d5512f45c0eaf22d1c0663629aa594d02d724b1b643bb,8a8ac6a74ff16f70c26373d03c9e72726890aaba776363757688178d530a945d,AdamW,0.01,0.0,0.4515957847305076,0.4416737109044801,0.4404862090107991,2000
graphsage_pilot_v1_step2000,twibot20,linear,1,10,1,val,2,20,8b0103cc8fe7d02ca3e622c39a7215d65913dfa1510e728f43df582a11d9c6e6,c914c5f482673ce0dc5d5512f45c0eaf22d1c0663629aa594d02d724b1b643bb,8a8ac6a74ff16f70c26373d03c9e72726890aaba776363757688178d530a945d,AdamW,0.01,0.0,0.6951518392748701,0.6621564482029598,0.6572133609574773,2000
graphsage_pilot_v1_step2000,twibot20,linear,1,10,1,test,2,20,8b0103cc8fe7d02ca3e622c39a7215d65913dfa1510e728f43df582a11d9c6e6,c914c5f482673ce0dc5d5512f45c0eaf22d1c0663629aa594d02d724b1b643bb,8a8ac6a74ff16f70c26373d03c9e72726890aaba776363757688178d530a945d,AdamW,0.01,0.0,0.6800705730403457,0.6407438715131023,0.6357877351144015,2000
graphsage_pilot_v1_step2000,twibot20,linear,1,10,10,val,2,20,8b0103cc8fe7d02ca3e622c39a7215d65913dfa1510e728f43df582a11d9c6e6,c914c5f482673ce0dc5d5512f45c0eaf22d1c0663629aa594d02d724b1b643bb,8a8ac6a74ff16f70c26373d03c9e72726890aaba776363757688178d530a945d,AdamW,0.01,0.0,0.6376633578415387,0.6477801268498943,0.6343038538852657,2000
graphsage_pilot_v1_step2000,twibot20,linear,1,10,10,test,2,20,8b0103cc8fe7d02ca3e622c39a7215d65913dfa1510e728f43df582a11d9c6e6,c914c5f482673ce0dc5d5512f45c0eaf22d1c0663629aa594d02d724b1b643bb,8a8ac6a74ff16f70c26373d03c9e72726890aaba776363757688178d530a945d,AdamW,0.01,0.0,0.6108216821693753,0.63229078613694,0.6167800453514739,2000
graphsage_pilot_v1_step2000,twibot20,linear,1,10,100,val,2,20,8b0103cc8fe7d02ca3e622c39a7215d65913dfa1510e728f43df582a11d9c6e6,c914c5f482673ce0dc5d5512f45c0eaf22d1c0663629aa594d02d724b1b643bb,8a8ac6a74ff16f70c26373d03c9e72726890aaba776363757688178d530a945d,AdamW,0.01,0.0,0.6689196533777408,0.6342494714587738,0.6322126175940703,2000
graphsage_pilot_v1_step2000,twibot20,linear,1,10,100,test,2,20,8b0103cc8fe7d02ca3e622c39a7215d65913dfa1510e728f43df582a11d9c6e6,c914c5f482673ce0dc5d5512f45c0eaf22d1c0663629aa594d02d724b1b643bb,8a8ac6a74ff16f70c26373d03c9e72726890aaba776363757688178d530a945d,AdamW,0.01,0.0,0.6441042407533969,0.6229923922231615,0.6203334849261128,2000
graphsage_pilot_v1_step2000,twibot20,linear,1,100,0,val,2,200,2d47d792497500b8c0a151809b0bf0345373170a6472d915316897c1cf3fa4d8,c914c5f482673ce0dc5d5512f45c0eaf22d1c0663629aa594d02d724b1b643bb,8a8ac6a74ff16f70c26373d03c9e72726890aaba776363757688178d530a945d,AdamW,0.01,0.0,0.4296320290793988,0.4160676532769556,0.4145604137071874,2000
graphsage_pilot_v1_step2000,twibot20,linear,1,100,0,test,2,200,2d47d792497500b8c0a151809b0bf0345373170a6472d915316897c1cf3fa4d8,c914c5f482673ce0dc5d5512f45c0eaf22d1c0663629aa594d02d724b1b643bb,8a8ac6a74ff16f70c26373d03c9e72726890aaba776363757688178d530a945d,AdamW,0.01,0.0,0.4515957847305076,0.4416737109044801,0.4404862090107991,2000
graphsage_pilot_v1_step2000,twibot20,linear,1,100,1,val,2,200,2d47d792497500b8c0a151809b0bf0345373170a6472d915316897c1cf3fa4d8,c914c5f482673ce0dc5d5512f45c0eaf22d1c0663629aa594d02d724b1b643bb,8a8ac6a74ff16f70c26373d03c9e72726890aaba776363757688178d530a945d,AdamW,0.01,0.0,0.678854824754012,0.6156448202959831,0.6067338651920822,2000
graphsage_pilot_v1_step2000,twibot20,linear,1,100,1,test,2,200,2d47d792497500b8c0a151809b0bf0345373170a6472d915316897c1cf3fa4d8,c914c5f482673ce0dc5d5512f45c0eaf22d1c0663629aa594d02d724b1b643bb,8a8ac6a74ff16f70c26373d03c9e72726890aaba776363757688178d530a945d,AdamW,0.01,0.0,0.6681742230304997,0.6073541842772612,0.5997080327596277,2000
graphsage_pilot_v1_step2000,twibot20,linear,1,100,10,val,2,200,2d47d792497500b8c0a151809b0bf0345373170a6472d915316897c1cf3fa4d8,c914c5f482673ce0dc5d5512f45c0eaf22d1c0663629aa594d02d724b1b643bb,8a8ac6a74ff16f70c26373d03c9e72726890aaba776363757688178d530a945d,AdamW,0.01,0.0,0.7111227540787828,0.7061310782241015,0.6963719432842168,2000
graphsage_pilot_v1_step2000,twibot20,linear,1,100,10,test,2,200,2d47d792497500b8c0a151809b0bf0345373170a6472d915316897c1cf3fa4d8,c914c5f482673ce0dc5d5512f45c0eaf22d1c0663629aa594d02d724b1b643bb,8a8ac6a74ff16f70c26373d03c9e72726890aaba776363757688178d530a945d,AdamW,0.01,0.0,0.6788897705290227,0.6720202874049028,0.6609245966404496,2000
graphsage_pilot_v1_step2000,twibot20,linear,1,100,100,val,2,200,2d47d792497500b8c0a151809b0bf0345373170a6472d915316897c1cf3fa4d8,c914c5f482673ce0dc5d5512f45c0eaf22d1c0663629aa594d02d724b1b643bb,8a8ac6a74ff16f70c26373d03c9e72726890aaba776363757688178d530a945d,AdamW,0.01,0.0,0.7473531572974594,0.7137420718816068,0.698845059078737,2000
graphsage_pilot_v1_step2000,twibot20,linear,1,100,100,test,2,200,2d47d792497500b8c0a151809b0bf0345373170a6472d915316897c1cf3fa4d8,c914c5f482673ce0dc5d5512f45c0eaf22d1c0663629aa594d02d724b1b643bb,8a8ac6a74ff16f70c26373d03c9e72726890aaba776363757688178d530a945d,AdamW,0.01,0.0,0.7305743145408843,0.6889264581572274,0.6712928671041435,2000
graphsage_pilot_v1_step2000,twibot20,linear,2,0,0,val,2,0,af5570f5a1810b7af78caf4bc70a660f0df51e42baf91d4de5b2328de0e83dfc,c914c5f482673ce0dc5d5512f45c0eaf22d1c0663629aa594d02d724b1b643bb,203ffea723cb4cf0d5b2da185e1677d1c082fd4475784ccb7c3a518868d42cce,none,0.0,0.0,0.4106283869078935,0.5035940803382664,0.4125608488713762,2000
graphsage_pilot_v1_step2000,twibot20,linear,2,0,0,test,2,0,af5570f5a1810b7af78caf4bc70a660f0df51e42baf91d4de5b2328de0e83dfc,c914c5f482673ce0dc5d5512f45c0eaf22d1c0663629aa594d02d724b1b643bb,203ffea723cb4cf0d5b2da185e1677d1c082fd4475784ccb7c3a518868d42cce,none,0.0,0.0,0.4454492406954789,0.5118343195266272,0.4303170089375894,2000
graphsage_pilot_v1_step2000,twibot20,linear,2,1,0,val,2,2,40d653b81498ca59f7f885eeb08b50e37144bd7c85a2b1f4cd0de14263414e43,c914c5f482673ce0dc5d5512f45c0eaf22d1c0663629aa594d02d724b1b643bb,203ffea723cb4cf0d5b2da185e1677d1c082fd4475784ccb7c3a518868d42cce,AdamW,0.01,0.0,0.4106283869078935,0.5035940803382664,0.4125608488713762,2000
graphsage_pilot_v1_step2000,twibot20,linear,2,1,0,test,2,2,40d653b81498ca59f7f885eeb08b50e37144bd7c85a2b1f4cd0de14263414e43,c914c5f482673ce0dc5d5512f45c0eaf22d1c0663629aa594d02d724b1b643bb,203ffea723cb4cf0d5b2da185e1677d1c082fd4475784ccb7c3a518868d42cce,AdamW,0.01,0.0,0.4454492406954789,0.5118343195266272,0.4303170089375894,2000
graphsage_pilot_v1_step2000,twibot20,linear,2,1,1,val,2,2,40d653b81498ca59f7f885eeb08b50e37144bd7c85a2b1f4cd0de14263414e43,c914c5f482673ce0dc5d5512f45c0eaf22d1c0663629aa594d02d724b1b643bb,203ffea723cb4cf0d5b2da185e1677d1c082fd4475784ccb7c3a518868d42cce,AdamW,0.01,0.0,0.450135729948853,0.4545454545454545,0.4545289730694632,2000
graphsage_pilot_v1_step2000,twibot20,linear,2,1,1,test,2,2,40d653b81498ca59f7f885eeb08b50e37144bd7c85a2b1f4cd0de14263414e43,c914c5f482673ce0dc5d5512f45c0eaf22d1c0663629aa594d02d724b1b643bb,203ffea723cb4cf0d5b2da185e1677d1c082fd4475784ccb7c3a518868d42cce,AdamW,0.01,0.0,0.4806640873866256,0.4814032121724429,0.4812474369111597,2000
graphsage_pilot_v1_step2000,twibot20,linear,2,1,10,val,2,2,40d653b81498ca59f7f885eeb08b50e37144bd7c85a2b1f4cd0de14263414e43,c914c5f482673ce0dc5d5512f45c0eaf22d1c0663629aa594d02d724b1b643bb,203ffea723cb4cf0d5b2da185e1677d1c082fd4475784ccb7c3a518868d42cce,AdamW,0.01,0.0,0.4612970362608392,0.4858350951374207,0.4854221061792863,2000
graphsage_pilot_v1_step2000,twibot20,linear,2,1,10,test,2,2,40d653b81498ca59f7f885eeb08b50e37144bd7c85a2b1f4cd0de14263414e43,c914c5f482673ce0dc5d5512f45c0eaf22d1c0663629aa594d02d724b1b643bb,203ffea723cb4cf0d5b2da185e1677d1c082fd4475784ccb7c3a518868d42cce,AdamW,0.01,0.0,0.4829163722503446,0.5033812341504649,0.5031319105646376,2000
graphsage_pilot_v1_step2000,twibot20,linear,2,1,100,val,2,2,40d653b81498ca59f7f885eeb08b50e37144bd7c85a2b1f4cd0de14263414e43,c914c5f482673ce0dc5d5512f45c0eaf22d1c0663629aa594d02d724b1b643bb,203ffea723cb4cf0d5b2da185e1677d1c082fd4475784ccb7c3a518868d42cce,AdamW,0.01,0.0,0.4647863032321555,0.4887949260042283,0.4884656841916944,2000
graphsage_pilot_v1_step2000,twibot20,linear,2,1,100,test,2,2,40d653b81498ca59f7f885eeb08b50e37144bd7c85a2b1f4cd0de14263414e43,c914c5f482673ce0dc5d5512f45c0eaf22d1c0663629aa594d02d724b1b643bb,203ffea723cb4cf0d5b2da185e1677d1c082fd4475784ccb7c3a518868d42cce,AdamW,0.01,0.0,0.4858567949356531,0.5050718512256974,0.5049231855117913,2000
graphsage_pilot_v1_step2000,twibot20,linear,2,10,0,val,2,20,4c2a419e0d2e41e89d85ace836b7bd09c1adfddfa85a64a49bddcc59c0f8b049,c914c5f482673ce0dc5d5512f45c0eaf22d1c0663629aa594d02d724b1b643bb,203ffea723cb4cf0d5b2da185e1677d1c082fd4475784ccb7c3a518868d42cce,AdamW,0.01,0.0,0.4106283869078935,0.5035940803382664,0.4125608488713762,2000
graphsage_pilot_v1_step2000,twibot20,linear,2,10,0,test,2,20,4c2a419e0d2e41e89d85ace836b7bd09c1adfddfa85a64a49bddcc59c0f8b049,c914c5f482673ce0dc5d5512f45c0eaf22d1c0663629aa594d02d724b1b643bb,203ffea723cb4cf0d5b2da185e1677d1c082fd4475784ccb7c3a518868d42cce,AdamW,0.01,0.0,0.4454492406954789,0.5118343195266272,0.4303170089375894,2000
graphsage_pilot_v1_step2000,twibot20,linear,2,10,1,val,2,20,4c2a419e0d2e41e89d85ace836b7bd09c1adfddfa85a64a49bddcc59c0f8b049,c914c5f482673ce0dc5d5512f45c0eaf22d1c0663629aa594d02d724b1b643bb,203ffea723cb4cf0d5b2da185e1677d1c082fd4475784ccb7c3a518868d42cce,AdamW,0.01,0.0,0.6424360083655448,0.6084566596194503,0.6002430679275923,2000
graphsage_pilot_v1_step2000,twibot20,linear,2,10,1,test,2,20,4c2a419e0d2e41e89d85ace836b7bd09c1adfddfa85a64a49bddcc59c0f8b049,c914c5f482673ce0dc5d5512f45c0eaf22d1c0663629aa594d02d724b1b643bb,203ffea723cb4cf0d5b2da185e1677d1c082fd4475784ccb7c3a518868d42cce,AdamW,0.01,0.0,0.6422588295937635,0.6081994928148774,0.6019269124335473,2000
graphsage_pilot_v1_step2000,twibot20,linear,2,10,10,val,2,20,4c2a419e0d2e41e89d85ace836b7bd09c1adfddfa85a64a49bddcc59c0f8b049,c914c5f482673ce0dc5d5512f45c0eaf22d1c0663629aa594d02d724b1b643bb,203ffea723cb4cf0d5b2da185e1677d1c082fd4475784ccb7c3a518868d42cce,AdamW,0.01,0.0,0.7260334824696039,0.7082452431289641,0.7006381835873006,2000
graphsage_pilot_v1_step2000,twibot20,linear,2,10,10,test,2,20,4c2a419e0d2e41e89d85ace836b7bd09c1adfddfa85a64a49bddcc59c0f8b049,c914c5f482673ce0dc5d5512f45c0eaf22d1c0663629aa594d02d724b1b643bb,203ffea723cb4cf0d5b2da185e1677d1c082fd4475784ccb7c3a518868d42cce,AdamW,0.01,0.0,0.7053438010402067,0.6821639898562976,0.6739290911156806,2000
graphsage_pilot_v1_step2000,twibot20,linear,2,10,100,val,2,20,4c2a419e0d2e41e89d85ace836b7bd09c1adfddfa85a64a49bddcc59c0f8b049,c914c5f482673ce0dc5d5512f45c0eaf22d1c0663629aa594d02d724b1b643bb,203ffea723cb4cf0d5b2da185e1677d1c082fd4475784ccb7c3a518868d42cce,AdamW,0.01,0.0,0.7260689911054491,0.6997885835095138,0.6972868217054263,2000
graphsage_pilot_v1_step2000,twibot20,linear,2,10,100,test,2,20,4c2a419e0d2e41e89d85ace836b7bd09c1adfddfa85a64a49bddcc59c0f8b049,c914c5f482673ce0dc5d5512f45c0eaf22d1c0663629aa594d02d724b1b643bb,203ffea723cb4cf0d5b2da185e1677d1c082fd4475784ccb7c3a518868d42cce,AdamW,0.01,0.0,0.7020757798653986,0.6770921386306001,0.6743782537423666,2000
graphsage_pilot_v1_step2000,twibot20,linear,2,100,0,val,2,200,5708cd030fbe4119391ef44d81cbe9873693c4e02ee2e1770943dbc60f51ba9e,c914c5f482673ce0dc5d5512f45c0eaf22d1c0663629aa594d02d724b1b643bb,203ffea723cb4cf0d5b2da185e1677d1c082fd4475784ccb7c3a518868d42cce,AdamW,0.01,0.0,0.4106283869078935,0.5035940803382664,0.4125608488713762,2000
graphsage_pilot_v1_step2000,twibot20,linear,2,100,0,test,2,200,5708cd030fbe4119391ef44d81cbe9873693c4e02ee2e1770943dbc60f51ba9e,c914c5f482673ce0dc5d5512f45c0eaf22d1c0663629aa594d02d724b1b643bb,203ffea723cb4cf0d5b2da185e1677d1c082fd4475784ccb7c3a518868d42cce,AdamW,0.01,0.0,0.4454492406954789,0.5118343195266272,0.4303170089375894,2000
graphsage_pilot_v1_step2000,twibot20,linear,2,100,1,val,2,200,5708cd030fbe4119391ef44d81cbe9873693c4e02ee2e1770943dbc60f51ba9e,c914c5f482673ce0dc5d5512f45c0eaf22d1c0663629aa594d02d724b1b643bb,203ffea723cb4cf0d5b2da185e1677d1c082fd4475784ccb7c3a518868d42cce,AdamW,0.01,0.0,0.7164468754574455,0.6980972515856236,0.694767883249678,2000
graphsage_pilot_v1_step2000,twibot20,linear,2,100,1,test,2,200,5708cd030fbe4119391ef44d81cbe9873693c4e02ee2e1770943dbc60f51ba9e,c914c5f482673ce0dc5d5512f45c0eaf22d1c0663629aa594d02d724b1b643bb,203ffea723cb4cf0d5b2da185e1677d1c082fd4475784ccb7c3a518868d42cce,AdamW,0.01,0.0,0.684231978825192,0.6762468300929839,0.6723508295922618,2000
graphsage_pilot_v1_step2000,twibot20,linear,2,100,10,val,2,200,5708cd030fbe4119391ef44d81cbe9873693c4e02ee2e1770943dbc60f51ba9e,c914c5f482673ce0dc5d5512f45c0eaf22d1c0663629aa594d02d724b1b643bb,203ffea723cb4cf0d5b2da185e1677d1c082fd4475784ccb7c3a518868d42cce,AdamW,0.01,0.0,0.6737415811923075,0.6338266384778013,0.6298543338393696,2000
graphsage_pilot_v1_step2000,twibot20,linear,2,100,10,test,2,200,5708cd030fbe4119391ef44d81cbe9873693c4e02ee2e1770943dbc60f51ba9e,c914c5f482673ce0dc5d5512f45c0eaf22d1c0663629aa594d02d724b1b643bb,203ffea723cb4cf0d5b2da185e1677d1c082fd4475784ccb7c3a518868d42cce,AdamW,0.01,0.0,0.6388069188800982,0.6128486897717667,0.6066928719461957,2000
graphsage_pilot_v1_step2000,twibot20,linear,2,100,100,val,2,200,5708cd030fbe4119391ef44d81cbe9873693c4e02ee2e1770943dbc60f51ba9e,c914c5f482673ce0dc5d5512f45c0eaf22d1c0663629aa594d02d724b1b643bb,203ffea723cb4cf0d5b2da185e1677d1c082fd4475784ccb7c3a518868d42cce,AdamW,0.01,0.0,0.7357613993591055,0.7027484143763214,0.6921907564010019,2000
graphsage_pilot_v1_step2000,twibot20,linear,2,100,100,test,2,200,5708cd030fbe4119391ef44d81cbe9873693c4e02ee2e1770943dbc60f51ba9e,c914c5f482673ce0dc5d5512f45c0eaf22d1c0663629aa594d02d724b1b643bb,203ffea723cb4cf0d5b2da185e1677d1c082fd4475784ccb7c3a518868d42cce,AdamW,0.01,0.0,0.7231868781058509,0.68385460693153,0.6728467908902691,2000
graphsage_pilot_v1_step2000,ukr_rus_suspended,linear,0,0,0,val,2,0,af5570f5a1810b7af78caf4bc70a660f0df51e42baf91d4de5b2328de0e83dfc,0c2e028dcb3262ef92e92564f4c55cdddd6f64945b22ac315f10631df10ccb82,f89e55d9cfacf91222600ee60a2ba36a7e5c6eb5bd4c3c753e6136ad5559fc67,none,0.0,0.0,0.5325923513097551,0.4827677859484363,0.4822381378574747,2000
graphsage_pilot_v1_step2000,ukr_rus_suspended,linear,0,0,0,test,2,0,af5570f5a1810b7af78caf4bc70a660f0df51e42baf91d4de5b2328de0e83dfc,0c2e028dcb3262ef92e92564f4c55cdddd6f64945b22ac315f10631df10ccb82,f89e55d9cfacf91222600ee60a2ba36a7e5c6eb5bd4c3c753e6136ad5559fc67,none,0.0,0.0,0.5287098755038775,0.4829021970233876,0.4825906240126261,2000
graphsage_pilot_v1_step2000,ukr_rus_suspended,linear,0,1,0,val,2,2,7c99d61e9eb10c63a19f4bcdb05d6e9b3a56a8705bfc738ad72bda57e541b60d,0c2e028dcb3262ef92e92564f4c55cdddd6f64945b22ac315f10631df10ccb82,f89e55d9cfacf91222600ee60a2ba36a7e5c6eb5bd4c3c753e6136ad5559fc67,AdamW,0.01,0.0,0.5325923513097551,0.4827677859484363,0.4822381378574747,2000
graphsage_pilot_v1_step2000,ukr_rus_suspended,linear,0,1,0,test,2,2,7c99d61e9eb10c63a19f4bcdb05d6e9b3a56a8705bfc738ad72bda57e541b60d,0c2e028dcb3262ef92e92564f4c55cdddd6f64945b22ac315f10631df10ccb82,f89e55d9cfacf91222600ee60a2ba36a7e5c6eb5bd4c3c753e6136ad5559fc67,AdamW,0.01,0.0,0.5287098755038775,0.4829021970233876,0.4825906240126261,2000
graphsage_pilot_v1_step2000,ukr_rus_suspended,linear,0,1,1,val,2,2,7c99d61e9eb10c63a19f4bcdb05d6e9b3a56a8705bfc738ad72bda57e541b60d,0c2e028dcb3262ef92e92564f4c55cdddd6f64945b22ac315f10631df10ccb82,f89e55d9cfacf91222600ee60a2ba36a7e5c6eb5bd4c3c753e6136ad5559fc67,AdamW,0.01,0.0,0.5646143181395258,0.5446974395322052,0.487727874369772,2000
graphsage_pilot_v1_step2000,ukr_rus_suspended,linear,0,1,1,test,2,2,7c99d61e9eb10c63a19f4bcdb05d6e9b3a56a8705bfc738ad72bda57e541b60d,0c2e028dcb3262ef92e92564f4c55cdddd6f64945b22ac315f10631df10ccb82,f89e55d9cfacf91222600ee60a2ba36a7e5c6eb5bd4c3c753e6136ad5559fc67,AdamW,0.01,0.0,0.556630789357819,0.5518249468462083,0.4947128933854585,2000
graphsage_pilot_v1_step2000,ukr_rus_suspended,linear,0,1,10,val,2,2,7c99d61e9eb10c63a19f4bcdb05d6e9b3a56a8705bfc738ad72bda57e541b60d,0c2e028dcb3262ef92e92564f4c55cdddd6f64945b22ac315f10631df10ccb82,f89e55d9cfacf91222600ee60a2ba36a7e5c6eb5bd4c3c753e6136ad5559fc67,AdamW,0.01,0.0,0.5032322162416812,0.5395587844422788,0.5096400307882841,2000
graphsage_pilot_v1_step2000,ukr_rus_suspended,linear,0,1,10,test,2,2,7c99d61e9eb10c63a19f4bcdb05d6e9b3a56a8705bfc738ad72bda57e541b60d,0c2e028dcb3262ef92e92564f4c55cdddd6f64945b22ac315f10631df10ccb82,f89e55d9cfacf91222600ee60a2ba36a7e5c6eb5bd4c3c753e6136ad5559fc67,AdamW,0.01,0.0,0.5035536877871503,0.5357016300496102,0.5059738959776423,2000
graphsage_pilot_v1_step2000,ukr_rus_suspended,linear,0,1,100,val,2,2,7c99d61e9eb10c63a19f4bcdb05d6e9b3a56a8705bfc738ad72bda57e541b60d,0c2e028dcb3262ef92e92564f4c55cdddd6f64945b22ac315f10631df10ccb82,f89e55d9cfacf91222600ee60a2ba36a7e5c6eb5bd4c3c753e6136ad5559fc67,AdamW,0.01,0.0,0.4733171663826483,0.5382298219190219,0.5098262973372836,2000
graphsage_pilot_v1_step2000,ukr_rus_suspended,linear,0,1,100,test,2,2,7c99d61e9eb10c63a19f4bcdb05d6e9b3a56a8705bfc738ad72bda57e541b60d,0c2e028dcb3262ef92e92564f4c55cdddd6f64945b22ac315f10631df10ccb82,f89e55d9cfacf91222600ee60a2ba36a7e5c6eb5bd4c3c753e6136ad5559fc67,AdamW,0.01,0.0,0.4774049872795007,0.5337526576895819,0.5057466671408803,2000
graphsage_pilot_v1_step2000,ukr_rus_suspended,linear,0,10,0,val,2,20,e5a82878379041fa98c0278a2e88145c8947d0c76c48e42e2c7c3a50b79d1cad,0c2e028dcb3262ef92e92564f4c55cdddd6f64945b22ac315f10631df10ccb82,f89e55d9cfacf91222600ee60a2ba36a7e5c6eb5bd4c3c753e6136ad5559fc67,AdamW,0.01,0.0,0.5325923513097551,0.4827677859484363,0.4822381378574747,2000
graphsage_pilot_v1_step2000,ukr_rus_suspended,linear,0,10,0,test,2,20,e5a82878379041fa98c0278a2e88145c8947d0c76c48e42e2c7c3a50b79d1cad,0c2e028dcb3262ef92e92564f4c55cdddd6f64945b22ac315f10631df10ccb82,f89e55d9cfacf91222600ee60a2ba36a7e5c6eb5bd4c3c753e6136ad5559fc67,AdamW,0.01,0.0,0.5287098755038775,0.4829021970233876,0.4825906240126261,2000
graphsage_pilot_v1_step2000,ukr_rus_suspended,linear,0,10,1,val,2,20,e5a82878379041fa98c0278a2e88145c8947d0c76c48e42e2c7c3a50b79d1cad,0c2e028dcb3262ef92e92564f4c55cdddd6f64945b22ac315f10631df10ccb82,f89e55d9cfacf91222600ee60a2ba36a7e5c6eb5bd4c3c753e6136ad5559fc67,AdamW,0.01,0.0,0.5653513153513154,0.5465579870647648,0.5052054660759988,2000
graphsage_pilot_v1_step2000,ukr_rus_suspended,linear,0,10,1,test,2,20,e5a82878379041fa98c0278a2e88145c8947d0c76c48e42e2c7c3a50b79d1cad,0c2e028dcb3262ef92e92564f4c55cdddd6f64945b22ac315f10631df10ccb82,f89e55d9cfacf91222600ee60a2ba36a7e5c6eb5bd4c3c753e6136ad5559fc67,AdamW,0.01,0.0,0.5579444177401925,0.5490786676116229,0.5078263396194866,2000
graphsage_pilot_v1_step2000,ukr_rus_suspended,linear,0,10,10,val,2,20,e5a82878379041fa98c0278a2e88145c8947d0c76c48e42e2c7c3a50b79d1cad,0c2e028dcb3262ef92e92564f4c55cdddd6f64945b22ac315f10631df10ccb82,f89e55d9cfacf91222600ee60a2ba36a7e5c6eb5bd4c3c753e6136ad5559fc67,AdamW,0.01,0.0,0.5987839988226311,0.5635687073624523,0.5634966685546301,2000
graphsage_pilot_v1_step2000,ukr_rus_suspended,linear,0,10,10,test,2,20,e5a82878379041fa98c0278a2e88145c8947d0c76c48e42e2c7c3a50b79d1cad,0c2e028dcb3262ef92e92564f4c55cdddd6f64945b22ac315f10631df10ccb82,f89e55d9cfacf91222600ee60a2ba36a7e5c6eb5bd4c3c753e6136ad5559fc67,AdamW,0.01,0.0,0.5934409230275701,0.5548369950389794,0.5548239946179743,2000
graphsage_pilot_v1_step2000,ukr_rus_suspended,linear,0,10,100,val,2,20,e5a82878379041fa98c0278a2e88145c8947d0c76c48e42e2c7c3a50b79d1cad,0c2e028dcb3262ef92e92564f4c55cdddd6f64945b22ac315f10631df10ccb82,f89e55d9cfacf91222600ee60a2ba36a7e5c6eb5bd4c3c753e6136ad5559fc67,AdamW,0.01,0.0,0.5700989661294857,0.5297244617701781,0.5228889166659659,2000
graphsage_pilot_v1_step2000,ukr_rus_suspended,linear,0,10,100,test,2,20,e5a82878379041fa98c0278a2e88145c8947d0c76c48e42e2c7c3a50b79d1cad,0c2e028dcb3262ef92e92564f4c55cdddd6f64945b22ac315f10631df10ccb82,f89e55d9cfacf91222600ee60a2ba36a7e5c6eb5bd4c3c753e6136ad5559fc67,AdamW,0.01,0.0,0.5633468836866977,0.5211729270021261,0.5144628060533982,2000
graphsage_pilot_v1_step2000,ukr_rus_suspended,linear,0,100,0,val,2,200,0e6e836a2d142a85ab039b2a0676f9ba6b8c674a523a6ccbb1030280fce6a8bd,0c2e028dcb3262ef92e92564f4c55cdddd6f64945b22ac315f10631df10ccb82,f89e55d9cfacf91222600ee60a2ba36a7e5c6eb5bd4c3c753e6136ad5559fc67,AdamW,0.01,0.0,0.5325923513097551,0.4827677859484363,0.4822381378574747,2000
graphsage_pilot_v1_step2000,ukr_rus_suspended,linear,0,100,0,test,2,200,0e6e836a2d142a85ab039b2a0676f9ba6b8c674a523a6ccbb1030280fce6a8bd,0c2e028dcb3262ef92e92564f4c55cdddd6f64945b22ac315f10631df10ccb82,f89e55d9cfacf91222600ee60a2ba36a7e5c6eb5bd4c3c753e6136ad5559fc67,AdamW,0.01,0.0,0.5287098755038775,0.4829021970233876,0.4825906240126261,2000
graphsage_pilot_v1_step2000,ukr_rus_suspended,linear,0,100,1,val,2,200,0e6e836a2d142a85ab039b2a0676f9ba6b8c674a523a6ccbb1030280fce6a8bd,0c2e028dcb3262ef92e92564f4c55cdddd6f64945b22ac315f10631df10ccb82,f89e55d9cfacf91222600ee60a2ba36a7e5c6eb5bd4c3c753e6136ad5559fc67,AdamW,0.01,0.0,0.5655425959656208,0.5681757774430761,0.5634772297156485,2000
graphsage_pilot_v1_step2000,ukr_rus_suspended,linear,0,100,1,test,2,200,0e6e836a2d142a85ab039b2a0676f9ba6b8c674a523a6ccbb1030280fce6a8bd,0c2e028dcb3262ef92e92564f4c55cdddd6f64945b22ac315f10631df10ccb82,f89e55d9cfacf91222600ee60a2ba36a7e5c6eb5bd4c3c753e6136ad5559fc67,AdamW,0.01,0.0,0.5634058266948222,0.5713146704464919,0.5659666726619499,2000
graphsage_pilot_v1_step2000,ukr_rus_suspended,linear,0,100,10,val,2,200,0e6e836a2d142a85ab039b2a0676f9ba6b8c674a523a6ccbb1030280fce6a8bd,0c2e028dcb3262ef92e92564f4c55cdddd6f64945b22ac315f10631df10ccb82,f89e55d9cfacf91222600ee60a2ba36a7e5c6eb5bd4c3c753e6136ad5559fc67,AdamW,0.01,0.0,0.5964123443358522,0.5776557101089749,0.5752582043826096,2000
graphsage_pilot_v1_step2000,ukr_rus_suspended,linear,0,100,10,test,2,200,0e6e836a2d142a85ab039b2a0676f9ba6b8c674a523a6ccbb1030280fce6a8bd,0c2e028dcb3262ef92e92564f4c55cdddd6f64945b22ac315f10631df10ccb82,f89e55d9cfacf91222600ee60a2ba36a7e5c6eb5bd4c3c753e6136ad5559fc67,AdamW,0.01,0.0,0.5929610986436484,0.5753012048192772,0.5719417494896968,2000
graphsage_pilot_v1_step2000,ukr_rus_suspended,linear,0,100,100,val,2,200,0e6e836a2d142a85ab039b2a0676f9ba6b8c674a523a6ccbb1030280fce6a8bd,0c2e028dcb3262ef92e92564f4c55cdddd6f64945b22ac315f10631df10ccb82,f89e55d9cfacf91222600ee60a2ba36a7e5c6eb5bd4c3c753e6136ad5559fc67,AdamW,0.01,0.0,0.5937901838037052,0.5433684770089483,0.5417197398037656,2000
graphsage_pilot_v1_step2000,ukr_rus_suspended,linear,0,100,100,test,2,200,0e6e836a2d142a85ab039b2a0676f9ba6b8c674a523a6ccbb1030280fce6a8bd,0c2e028dcb3262ef92e92564f4c55cdddd6f64945b22ac315f10631df10ccb82,f89e55d9cfacf91222600ee60a2ba36a7e5c6eb5bd4c3c753e6136ad5559fc67,AdamW,0.01,0.0,0.5949225534535586,0.5392452161587526,0.5377917292282122,2000
graphsage_pilot_v1_step2000,ukr_rus_suspended,linear,1,0,0,val,2,0,af5570f5a1810b7af78caf4bc70a660f0df51e42baf91d4de5b2328de0e83dfc,0c2e028dcb3262ef92e92564f4c55cdddd6f64945b22ac315f10631df10ccb82,8a8ac6a74ff16f70c26373d03c9e72726890aaba776363757688178d530a945d,none,0.0,0.0,0.5941184563939055,0.5338885443430496,0.5314153473207582,2000
graphsage_pilot_v1_step2000,ukr_rus_suspended,linear,1,0,0,test,2,0,af5570f5a1810b7af78caf4bc70a660f0df51e42baf91d4de5b2328de0e83dfc,0c2e028dcb3262ef92e92564f4c55cdddd6f64945b22ac315f10631df10ccb82,8a8ac6a74ff16f70c26373d03c9e72726890aaba776363757688178d530a945d,none,0.0,0.0,0.5937891466145748,0.5318036853295535,0.5301927108217515,2000
graphsage_pilot_v1_step2000,ukr_rus_suspended,linear,1,1,0,val,2,2,d73d3d76b81fffb6f14dba64a89f45ae3cb6ec170ba2f809a798c78d912bfa77,0c2e028dcb3262ef92e92564f4c55cdddd6f64945b22ac315f10631df10ccb82,8a8ac6a74ff16f70c26373d03c9e72726890aaba776363757688178d530a945d,AdamW,0.01,0.0,0.5941184563939055,0.5338885443430496,0.5314153473207582,2000
graphsage_pilot_v1_step2000,ukr_rus_suspended,linear,1,1,0,test,2,2,d73d3d76b81fffb6f14dba64a89f45ae3cb6ec170ba2f809a798c78d912bfa77,0c2e028dcb3262ef92e92564f4c55cdddd6f64945b22ac315f10631df10ccb82,8a8ac6a74ff16f70c26373d03c9e72726890aaba776363757688178d530a945d,AdamW,0.01,0.0,0.5937891466145748,0.5318036853295535,0.5301927108217515,2000
graphsage_pilot_v1_step2000,ukr_rus_suspended,linear,1,1,1,val,2,2,d73d3d76b81fffb6f14dba64a89f45ae3cb6ec170ba2f809a798c78d912bfa77,0c2e028dcb3262ef92e92564f4c55cdddd6f64945b22ac315f10631df10ccb82,8a8ac6a74ff16f70c26373d03c9e72726890aaba776363757688178d530a945d,AdamW,0.01,0.0,0.5743662364292071,0.5655178523965624,0.5642409084688316,2000
graphsage_pilot_v1_step2000,ukr_rus_suspended,linear,1,1,1,test,2,2,d73d3d76b81fffb6f14dba64a89f45ae3cb6ec170ba2f809a798c78d912bfa77,0c2e028dcb3262ef92e92564f4c55cdddd6f64945b22ac315f10631df10ccb82,8a8ac6a74ff16f70c26373d03c9e72726890aaba776363757688178d530a945d,AdamW,0.01,0.0,0.5692201862534743,0.560772501771793,0.5590962925390954,2000
graphsage_pilot_v1_step2000,ukr_rus_suspended,linear,1,1,10,val,2,2,d73d3d76b81fffb6f14dba64a89f45ae3cb6ec170ba2f809a798c78d912bfa77,0c2e028dcb3262ef92e92564f4c55cdddd6f64945b22ac315f10631df10ccb82,8a8ac6a74ff16f70c26373d03c9e72726890aaba776363757688178d530a945d,AdamW,0.01,0.0,0.5781596228766404,0.5656064498981129,0.5656047995584786,2000
graphsage_pilot_v1_step2000,ukr_rus_suspended,linear,1,1,10,test,2,2,d73d3d76b81fffb6f14dba64a89f45ae3cb6ec170ba2f809a798c78d912bfa77,0c2e028dcb3262ef92e92564f4c55cdddd6f64945b22ac315f10631df10ccb82,8a8ac6a74ff16f70c26373d03c9e72726890aaba776363757688178d530a945d,AdamW,0.01,0.0,0.5728917118220059,0.5580262225372077,0.5579702693382402,2000
graphsage_pilot_v1_step2000,ukr_rus_suspended,linear,1,1,100,val,2,2,d73d3d76b81fffb6f14dba64a89f45ae3cb6ec170ba2f809a798c78d912bfa77,0c2e028dcb3262ef92e92564f4c55cdddd6f64945b22ac315f10631df10ccb82,8a8ac6a74ff16f70c26373d03c9e72726890aaba776363757688178d530a945d,AdamW,0.01,0.0,0.5785049249893753,0.5653406573934615,0.5653373785654817,2000
graphsage_pilot_v1_step2000,ukr_rus_suspended,linear,1,1,100,test,2,2,d73d3d76b81fffb6f14dba64a89f45ae3cb6ec170ba2f809a798c78d912bfa77,0c2e028dcb3262ef92e92564f4c55cdddd6f64945b22ac315f10631df10ccb82,8a8ac6a74ff16f70c26373d03c9e72726890aaba776363757688178d530a945d,AdamW,0.01,0.0,0.5735605525734974,0.5581148121899362,0.5580561957075036,2000
graphsage_pilot_v1_step2000,ukr_rus_suspended,linear,1,10,0,val,2,20,0799d70a753227d471335ad303c0239095fe54cbc93c2961ebd67a3fb8c8bf71,0c2e028dcb3262ef92e92564f4c55cdddd6f64945b22ac315f10631df10ccb82,8a8ac6a74ff16f70c26373d03c9e72726890aaba776363757688178d530a945d,AdamW,0.01,0.0,0.5941184563939055,0.5338885443430496,0.5314153473207582,2000
graphsage_pilot_v1_step2000,ukr_rus_suspended,linear,1,10,0,test,2,20,0799d70a753227d471335ad303c0239095fe54cbc93c2961ebd67a3fb8c8bf71,0c2e028dcb3262ef92e92564f4c55cdddd6f64945b22ac315f10631df10ccb82,8a8ac6a74ff16f70c26373d03c9e72726890aaba776363757688178d530a945d,AdamW,0.01,0.0,0.5937891466145748,0.5318036853295535,0.5301927108217515,2000
graphsage_pilot_v1_step2000,ukr_rus_suspended,linear,1,10,1,val,2,20,0799d70a753227d471335ad303c0239095fe54cbc93c2961ebd67a3fb8c8bf71,0c2e028dcb3262ef92e92564f4c55cdddd6f64945b22ac315f10631df10ccb82,8a8ac6a74ff16f70c26373d03c9e72726890aaba776363757688178d530a945d,AdamW,0.01,0.0,0.5640589209258323,0.5190041640825729,0.518682026992068,2000
graphsage_pilot_v1_step2000,ukr_rus_suspended,linear,1,10,1,test,2,20,0799d70a753227d471335ad303c0239095fe54cbc93c2961ebd67a3fb8c8bf71,0c2e028dcb3262ef92e92564f4c55cdddd6f64945b22ac315f10631df10ccb82,8a8ac6a74ff16f70c26373d03c9e72726890aaba776363757688178d530a945d,AdamW,0.01,0.0,0.557520979916416,0.5117824238128986,0.5114350306121552,2000
graphsage_pilot_v1_step2000,ukr_rus_suspended,linear,1,10,10,val,2,20,0799d70a753227d471335ad303c0239095fe54cbc93c2961ebd67a3fb8c8bf71,0c2e028dcb3262ef92e92564f4c55cdddd6f64945b22ac315f10631df10ccb82,8a8ac6a74ff16f70c26373d03c9e72726890aaba776363757688178d530a945d,AdamW,0.01,0.0,0.5970378858151698,0.548152742092673,0.5474867792248466,2000
graphsage_pilot_v1_step2000,ukr_rus_suspended,linear,1,10,10,test,2,20,0799d70a753227d471335ad303c0239095fe54cbc93c2961ebd67a3fb8c8bf71,0c2e028dcb3262ef92e92564f4c55cdddd6f64945b22ac315f10631df10ccb82,8a8ac6a74ff16f70c26373d03c9e72726890aaba776363757688178d530a945d,AdamW,0.01,0.0,0.5853733359453052,0.5416371367824239,0.5410492484864806,2000
graphsage_pilot_v1_step2000,ukr_rus_suspended,linear,1,10,100,val,2,20,0799d70a753227d471335ad303c0239095fe54cbc93c2961ebd67a3fb8c8bf71,0c2e028dcb3262ef92e92564f4c55cdddd6f64945b22ac315f10631df10ccb82,8a8ac6a74ff16f70c26373d03c9e72726890aaba776363757688178d530a945d,AdamW,0.01,0.0,0.5613231980819388,0.5588730397802782,0.5586129258049555,2000
graphsage_pilot_v1_step2000,ukr_rus_suspended,linear,1,10,100,test,2,20,0799d70a753227d471335ad303c0239095fe54cbc93c2961ebd67a3fb8c8bf71,0c2e028dcb3262ef92e92564f4c55cdddd6f64945b22ac315f10631df10ccb82,8a8ac6a74ff16f70c26373d03c9e72726890aaba776363757688178d530a945d,AdamW,0.01,0.0,0.5527665976500745,0.5510276399716513,0.5505602921687311,2000
graphsage_pilot_v1_step2000,ukr_rus_suspended,linear,1,100,0,val,2,200,1728296263c97d6583bec3f11c800c3d719473b87756114e79f69c4d870069e2,0c2e028dcb3262ef92e92564f4c55cdddd6f64945b22ac315f10631df10ccb82,8a8ac6a74ff16f70c26373d03c9e72726890aaba776363757688178d530a945d,AdamW,0.01,0.0,0.5941184563939055,0.5338885443430496,0.5314153473207582,2000
graphsage_pilot_v1_step2000,ukr_rus_suspended,linear,1,100,0,test,2,200,1728296263c97d6583bec3f11c800c3d719473b87756114e79f69c4d870069e2,0c2e028dcb3262ef92e92564f4c55cdddd6f64945b22ac315f10631df10ccb82,8a8ac6a74ff16f70c26373d03c9e72726890aaba776363757688178d530a945d,AdamW,0.01,0.0,0.5937891466145748,0.5318036853295535,0.5301927108217515,2000
graphsage_pilot_v1_step2000,ukr_rus_suspended,linear,1,100,1,val,2,200,1728296263c97d6583bec3f11c800c3d719473b87756114e79f69c4d870069e2,0c2e028dcb3262ef92e92564f4c55cdddd6f64945b22ac315f10631df10ccb82,8a8ac6a74ff16f70c26373d03c9e72726890aaba776363757688178d530a945d,AdamW,0.01,0.0,0.546069119857028,0.5237884291662975,0.5070476941454336,2000
graphsage_pilot_v1_step2000,ukr_rus_suspended,linear,1,100,1,test,2,200,1728296263c97d6583bec3f11c800c3d719473b87756114e79f69c4d870069e2,0c2e028dcb3262ef92e92564f4c55cdddd6f64945b22ac315f10631df10ccb82,8a8ac6a74ff16f70c26373d03c9e72726890aaba776363757688178d530a945d,AdamW,0.01,0.0,0.5431760910952131,0.5194897236002834,0.5036904333551324,2000
graphsage_pilot_v1_step2000,ukr_rus_suspended,linear,1,100,10,val,2,200,1728296263c97d6583bec3f11c800c3d719473b87756114e79f69c4d870069e2,0c2e028dcb3262ef92e92564f4c55cdddd6f64945b22ac315f10631df10ccb82,8a8ac6a74ff16f70c26373d03c9e72726890aaba776363757688178d530a945d,AdamW,0.01,0.0,0.5752360767813732,0.5344201293523523,0.5341168066132853,2000
graphsage_pilot_v1_step2000,ukr_rus_suspended,linear,1,100,10,test,2,200,1728296263c97d6583bec3f11c800c3d719473b87756114e79f69c4d870069e2,0c2e028dcb3262ef92e92564f4c55cdddd6f64945b22ac315f10631df10ccb82,8a8ac6a74ff16f70c26373d03c9e72726890aaba776363757688178d530a945d,AdamW,0.01,0.0,0.555971515188388,0.5185152374202693,0.5182081123975528,2000
graphsage_pilot_v1_step2000,ukr_rus_suspended,linear,1,100,100,val,2,200,1728296263c97d6583bec3f11c800c3d719473b87756114e79f69c4d870069e2,0c2e028dcb3262ef92e92564f4c55cdddd6f64945b22ac315f10631df10ccb82,8a8ac6a74ff16f70c26373d03c9e72726890aaba776363757688178d530a945d,AdamW,0.01,0.0,0.5827192252728278,0.5699477274740853,0.5130230004691013,2000
graphsage_pilot_v1_step2000,ukr_rus_suspended,linear,1,100,100,test,2,200,1728296263c97d6583bec3f11c800c3d719473b87756114e79f69c4d870069e2,0c2e028dcb3262ef92e92564f4c55cdddd6f64945b22ac315f10631df10ccb82,8a8ac6a74ff16f70c26373d03c9e72726890aaba776363757688178d530a945d,AdamW,0.01,0.0,0.5702335686637489,0.5645818568391212,0.5070260349212979,2000
graphsage_pilot_v1_step2000,ukr_rus_suspended,linear,2,0,0,val,2,0,af5570f5a1810b7af78caf4bc70a660f0df51e42baf91d4de5b2328de0e83dfc,0c2e028dcb3262ef92e92564f4c55cdddd6f64945b22ac315f10631df10ccb82,203ffea723cb4cf0d5b2da185e1677d1c082fd4475784ccb7c3a518868d42cce,none,0.0,0.0,0.5680082585626338,0.542925489501196,0.4214456726064325,2000
graphsage_pilot_v1_step2000,ukr_rus_suspended,linear,2,0,0,test,2,0,af5570f5a1810b7af78caf4bc70a660f0df51e42baf91d4de5b2328de0e83dfc,0c2e028dcb3262ef92e92564f4c55cdddd6f64945b22ac315f10631df10ccb82,203ffea723cb4cf0d5b2da185e1677d1c082fd4475784ccb7c3a518868d42cce,none,0.0,0.0,0.561593996443997,0.5419029057406095,0.4234197562894468,2000
graphsage_pilot_v1_step2000,ukr_rus_suspended,linear,2,1,0,val,2,2,aad26da52850ca862f2ded49b2710985a734f1e075c85c658bab395f51c94f19,0c2e028dcb3262ef92e92564f4c55cdddd6f64945b22ac315f10631df10ccb82,203ffea723cb4cf0d5b2da185e1677d1c082fd4475784ccb7c3a518868d42cce,AdamW,0.01,0.0,0.5680082585626338,0.542925489501196,0.4214456726064325,2000
graphsage_pilot_v1_step2000,ukr_rus_suspended,linear,2,1,0,test,2,2,aad26da52850ca862f2ded49b2710985a734f1e075c85c658bab395f51c94f19,0c2e028dcb3262ef92e92564f4c55cdddd6f64945b22ac315f10631df10ccb82,203ffea723cb4cf0d5b2da185e1677d1c082fd4475784ccb7c3a518868d42cce,AdamW,0.01,0.0,0.561593996443997,0.5419029057406095,0.4234197562894468,2000
graphsage_pilot_v1_step2000,ukr_rus_suspended,linear,2,1,1,val,2,2,aad26da52850ca862f2ded49b2710985a734f1e075c85c658bab395f51c94f19,0c2e028dcb3262ef92e92564f4c55cdddd6f64945b22ac315f10631df10ccb82,203ffea723cb4cf0d5b2da185e1677d1c082fd4475784ccb7c3a518868d42cce,AdamW,0.01,0.0,0.4528771724058569,0.4830335784530876,0.4829607038674599,2000
graphsage_pilot_v1_step2000,ukr_rus_suspended,linear,2,1,1,test,2,2,aad26da52850ca862f2ded49b2710985a734f1e075c85c658bab395f51c94f19,0c2e028dcb3262ef92e92564f4c55cdddd6f64945b22ac315f10631df10ccb82,203ffea723cb4cf0d5b2da185e1677d1c082fd4475784ccb7c3a518868d42cce,AdamW,0.01,0.0,0.4557547348310667,0.4849397590361445,0.4849296531929583,2000
graphsage_pilot_v1_step2000,ukr_rus_suspended,linear,2,1,10,val,2,2,aad26da52850ca862f2ded49b2710985a734f1e075c85c658bab395f51c94f19,0c2e028dcb3262ef92e92564f4c55cdddd6f64945b22ac315f10631df10ccb82,203ffea723cb4cf0d5b2da185e1677d1c082fd4475784ccb7c3a518868d42cce,AdamW,0.01,0.0,0.4477461402804266,0.473199255780987,0.4723791215395068,2000
graphsage_pilot_v1_step2000,ukr_rus_suspended,linear,2,1,10,test,2,2,aad26da52850ca862f2ded49b2710985a734f1e075c85c658bab395f51c94f19,0c2e028dcb3262ef92e92564f4c55cdddd6f64945b22ac315f10631df10ccb82,203ffea723cb4cf0d5b2da185e1677d1c082fd4475784ccb7c3a518868d42cce,AdamW,0.01,0.0,0.4520752344311032,0.4779411764705882,0.4773394719846835,2000
graphsage_pilot_v1_step2000,ukr_rus_suspended,linear,2,1,100,val,2,2,aad26da52850ca862f2ded49b2710985a734f1e075c85c658bab395f51c94f19,0c2e028dcb3262ef92e92564f4c55cdddd6f64945b22ac315f10631df10ccb82,203ffea723cb4cf0d5b2da185e1677d1c082fd4475784ccb7c3a518868d42cce,AdamW,0.01,0.0,0.4483845946082763,0.4732878532825374,0.4724492970647822,2000
graphsage_pilot_v1_step2000,ukr_rus_suspended,linear,2,1,100,test,2,2,aad26da52850ca862f2ded49b2710985a734f1e075c85c658bab395f51c94f19,0c2e028dcb3262ef92e92564f4c55cdddd6f64945b22ac315f10631df10ccb82,203ffea723cb4cf0d5b2da185e1677d1c082fd4475784ccb7c3a518868d42cce,AdamW,0.01,0.0,0.4523101382359853,0.4776754075124025,0.4770639177129231,2000
graphsage_pilot_v1_step2000,ukr_rus_suspended,linear,2,10,0,val,2,20,ebf0dfe0820787f8d79027650ee848f503045e56e273aae6c793bbd29d911716,0c2e028dcb3262ef92e92564f4c55cdddd6f64945b22ac315f10631df10ccb82,203ffea723cb4cf0d5b2da185e1677d1c082fd4475784ccb7c3a518868d42cce,AdamW,0.01,0.0,0.5680082585626338,0.542925489501196,0.4214456726064325,2000
graphsage_pilot_v1_step2000,ukr_rus_suspended,linear,2,10,0,test,2,20,ebf0dfe0820787f8d79027650ee848f503045e56e273aae6c793bbd29d911716,0c2e028dcb3262ef92e92564f4c55cdddd6f64945b22ac315f10631df10ccb82,203ffea723cb4cf0d5b2da185e1677d1c082fd4475784ccb7c3a518868d42cce,AdamW,0.01,0.0,0.561593996443997,0.5419029057406095,0.4234197562894468,2000
graphsage_pilot_v1_step2000,ukr_rus_suspended,linear,2,10,1,val,2,20,ebf0dfe0820787f8d79027650ee848f503045e56e273aae6c793bbd29d911716,0c2e028dcb3262ef92e92564f4c55cdddd6f64945b22ac315f10631df10ccb82,203ffea723cb4cf0d5b2da185e1677d1c082fd4475784ccb7c3a518868d42cce,AdamW,0.01,0.0,0.4303160139068966,0.5321165943120404,0.4280787470387786,2000
graphsage_pilot_v1_step2000,ukr_rus_suspended,linear,2,10,1,test,2,20,ebf0dfe0820787f8d79027650ee848f503045e56e273aae6c793bbd29d911716,0c2e028dcb3262ef92e92564f4c55cdddd6f64945b22ac315f10631df10ccb82,203ffea723cb4cf0d5b2da185e1677d1c082fd4475784ccb7c3a518868d42cce,AdamW,0.01,0.0,0.4359908837386627,0.5286144578313253,0.426403258583529,2000
graphsage_pilot_v1_step2000,ukr_rus_suspended,linear,2,10,10,val,2,20,ebf0dfe0820787f8d79027650ee848f503045e56e273aae6c793bbd29d911716,0c2e028dcb3262ef92e92564f4c55cdddd6f64945b22ac315f10631df10ccb82,203ffea723cb4cf0d5b2da185e1677d1c082fd4475784ccb7c3a518868d42cce,AdamW,0.01,0.0,0.418032292863276,0.4367856826437494,0.4167094966615854,2000
graphsage_pilot_v1_step2000,ukr_rus_suspended,linear,2,10,10,test,2,20,ebf0dfe0820787f8d79027650ee848f503045e56e273aae6c793bbd29d911716,0c2e028dcb3262ef92e92564f4c55cdddd6f64945b22ac315f10631df10ccb82,203ffea723cb4cf0d5b2da185e1677d1c082fd4475784ccb7c3a518868d42cce,AdamW,0.01,0.0,0.4225351243089712,0.4447200566973777,0.4271296902202525,2000
graphsage_pilot_v1_step2000,ukr_rus_suspended,linear,2,10,100,val,2,20,ebf0dfe0820787f8d79027650ee848f503045e56e273aae6c793bbd29d911716,0c2e028dcb3262ef92e92564f4c55cdddd6f64945b22ac315f10631df10ccb82,203ffea723cb4cf0d5b2da185e1677d1c082fd4475784ccb7c3a518868d42cce,AdamW,0.01,0.0,0.4129157495006442,0.4210153273677682,0.4130360016594342,2000
graphsage_pilot_v1_step2000,ukr_rus_suspended,linear,2,10,100,test,2,20,ebf0dfe0820787f8d79027650ee848f503045e56e273aae6c793bbd29d911716,0c2e028dcb3262ef92e92564f4c55cdddd6f64945b22ac315f10631df10ccb82,203ffea723cb4cf0d5b2da185e1677d1c082fd4475784ccb7c3a518868d42cce,AdamW,0.01,0.0,0.4216220061100071,0.4273564847625797,0.4213294690600121,2000
graphsage_pilot_v1_step2000,ukr_rus_suspended,linear,2,100,0,val,2,200,43631ca67a92fed54e454d00c6f590f21eb883aa513846af2e549f7403669eed,0c2e028dcb3262ef92e92564f4c55cdddd6f64945b22ac315f10631df10ccb82,203ffea723cb4cf0d5b2da185e1677d1c082fd4475784ccb7c3a518868d42cce,AdamW,0.01,0.0,0.5680082585626338,0.542925489501196,0.4214456726064325,2000
graphsage_pilot_v1_step2000,ukr_rus_suspended,linear,2,100,0,test,2,200,43631ca67a92fed54e454d00c6f590f21eb883aa513846af2e549f7403669eed,0c2e028dcb3262ef92e92564f4c55cdddd6f64945b22ac315f10631df10ccb82,203ffea723cb4cf0d5b2da185e1677d1c082fd4475784ccb7c3a518868d42cce,AdamW,0.01,0.0,0.561593996443997,0.5419029057406095,0.4234197562894468,2000
graphsage_pilot_v1_step2000,ukr_rus_suspended,linear,2,100,1,val,2,200,43631ca67a92fed54e454d00c6f590f21eb883aa513846af2e549f7403669eed,0c2e028dcb3262ef92e92564f4c55cdddd6f64945b22ac315f10631df10ccb82,203ffea723cb4cf0d5b2da185e1677d1c082fd4475784ccb7c3a518868d42cce,AdamW,0.01,0.0,0.5686907259246453,0.525826171701958,0.5251143111849025,2000
graphsage_pilot_v1_step2000,ukr_rus_suspended,linear,2,100,1,test,2,200,43631ca67a92fed54e454d00c6f590f21eb883aa513846af2e549f7403669eed,0c2e028dcb3262ef92e92564f4c55cdddd6f64945b22ac315f10631df10ccb82,203ffea723cb4cf0d5b2da185e1677d1c082fd4475784ccb7c3a518868d42cce,AdamW,0.01,0.0,0.5610901993309116,0.5157689581856839,0.5148844430333945,2000
graphsage_pilot_v1_step2000,ukr_rus_suspended,linear,2,100,10,val,2,200,43631ca67a92fed54e454d00c6f590f21eb883aa513846af2e549f7403669eed,0c2e028dcb3262ef92e92564f4c55cdddd6f64945b22ac315f10631df10ccb82,203ffea723cb4cf0d5b2da185e1677d1c082fd4475784ccb7c3a518868d42cce,AdamW,0.01,0.0,0.606527526944757,0.5899707628244883,0.5870762436129752,2000
graphsage_pilot_v1_step2000,ukr_rus_suspended,linear,2,100,10,test,2,200,43631ca67a92fed54e454d00c6f590f21eb883aa513846af2e549f7403669eed,0c2e028dcb3262ef92e92564f4c55cdddd6f64945b22ac315f10631df10ccb82,203ffea723cb4cf0d5b2da185e1677d1c082fd4475784ccb7c3a518868d42cce,AdamW,0.01,0.0,0.5954788622590974,0.5836286321757619,0.5795926752120603,2000
graphsage_pilot_v1_step2000,ukr_rus_suspended,linear,2,100,100,val,2,200,43631ca67a92fed54e454d00c6f590f21eb883aa513846af2e549f7403669eed,0c2e028dcb3262ef92e92564f4c55cdddd6f64945b22ac315f10631df10ccb82,203ffea723cb4cf0d5b2da185e1677d1c082fd4475784ccb7c3a518868d42cce,AdamW,0.01,0.0,0.5971376829982201,0.5801364401523877,0.5783239094736504,2000
graphsage_pilot_v1_step2000,ukr_rus_suspended,linear,2,100,100,test,2,200,43631ca67a92fed54e454d00c6f590f21eb883aa513846af2e549f7403669eed,0c2e028dcb3262ef92e92564f4c55cdddd6f64945b22ac315f10631df10ccb82,203ffea723cb4cf0d5b2da185e1677d1c082fd4475784ccb7c3a518868d42cce,AdamW,0.01,0.0,0.596827380528986,0.5766300496102055,0.5740825158125127,2000
graphsage_pilot_v1_step300,covid_political,linear,0,0,0,val,2,0,af5570f5a1810b7af78caf4bc70a660f0df51e42baf91d4de5b2328de0e83dfc,f1b58c8ccaee181a233f11c34ff62fda2f7ec53206eb08b2970705719fba8082,f89e55d9cfacf91222600ee60a2ba36a7e5c6eb5bd4c3c753e6136ad5559fc67,none,0.0,0.0,0.6393735031301684,0.5188763188000508,0.5077065954226623,300
graphsage_pilot_v1_step300,covid_political,linear,0,0,0,test,2,0,af5570f5a1810b7af78caf4bc70a660f0df51e42baf91d4de5b2328de0e83dfc,f1b58c8ccaee181a233f11c34ff62fda2f7ec53206eb08b2970705719fba8082,f89e55d9cfacf91222600ee60a2ba36a7e5c6eb5bd4c3c753e6136ad5559fc67,none,0.0,0.0,0.6389355720368215,0.5188127621710944,0.5071240638031803,300
graphsage_pilot_v1_step300,covid_political,linear,0,1,0,val,2,2,83cb1f5f80360408baf933c03274febff7c6d49f773d7382e9ebea1efe88cb54,f1b58c8ccaee181a233f11c34ff62fda2f7ec53206eb08b2970705719fba8082,f89e55d9cfacf91222600ee60a2ba36a7e5c6eb5bd4c3c753e6136ad5559fc67,AdamW,0.01,0.0,0.6393735031301684,0.5188763188000508,0.5077065954226623,300
graphsage_pilot_v1_step300,covid_political,linear,0,1,0,test,2,2,83cb1f5f80360408baf933c03274febff7c6d49f773d7382e9ebea1efe88cb54,f1b58c8ccaee181a233f11c34ff62fda2f7ec53206eb08b2970705719fba8082,f89e55d9cfacf91222600ee60a2ba36a7e5c6eb5bd4c3c753e6136ad5559fc67,AdamW,0.01,0.0,0.6389355720368215,0.5188127621710944,0.5071240638031803,300
graphsage_pilot_v1_step300,covid_political,linear,0,1,1,val,2,2,83cb1f5f80360408baf933c03274febff7c6d49f773d7382e9ebea1efe88cb54,f1b58c8ccaee181a233f11c34ff62fda2f7ec53206eb08b2970705719fba8082,f89e55d9cfacf91222600ee60a2ba36a7e5c6eb5bd4c3c753e6136ad5559fc67,AdamW,0.01,0.0,0.6454790304214075,0.5097241642303292,0.5014081681690387,300
graphsage_pilot_v1_step300,covid_political,linear,0,1,1,test,2,2,83cb1f5f80360408baf933c03274febff7c6d49f773d7382e9ebea1efe88cb54,f1b58c8ccaee181a233f11c34ff62fda2f7ec53206eb08b2970705719fba8082,f89e55d9cfacf91222600ee60a2ba36a7e5c6eb5bd4c3c753e6136ad5559fc67,AdamW,0.01,0.0,0.645576789401974,0.5095334943434601,0.5006809544071091,300
graphsage_pilot_v1_step300,covid_political,linear,0,1,10,val,2,2,83cb1f5f80360408baf933c03274febff7c6d49f773d7382e9ebea1efe88cb54,f1b58c8ccaee181a233f11c34ff62fda2f7ec53206eb08b2970705719fba8082,f89e55d9cfacf91222600ee60a2ba36a7e5c6eb5bd4c3c753e6136ad5559fc67,AdamW,0.01,0.0,0.6449170059852503,0.5090885979407652,0.5010590342824548,300
graphsage_pilot_v1_step300,covid_political,linear,0,1,10,test,2,2,83cb1f5f80360408baf933c03274febff7c6d49f773d7382e9ebea1efe88cb54,f1b58c8ccaee181a233f11c34ff62fda2f7ec53206eb08b2970705719fba8082,f89e55d9cfacf91222600ee60a2ba36a7e5c6eb5bd4c3c753e6136ad5559fc67,AdamW,0.01,0.0,0.6448001323024442,0.5089614846828524,0.5004649390002103,300
graphsage_pilot_v1_step300,covid_political,linear,0,1,100,val,2,2,83cb1f5f80360408baf933c03274febff7c6d49f773d7382e9ebea1efe88cb54,f1b58c8ccaee181a233f11c34ff62fda2f7ec53206eb08b2970705719fba8082,f89e55d9cfacf91222600ee60a2ba36a7e5c6eb5bd4c3c753e6136ad5559fc67,AdamW,0.01,0.0,0.644577334029639,0.5094699377145037,0.5011995198437422,300
graphsage_pilot_v1_step300,covid_political,linear,0,1,100,test,2,2,83cb1f5f80360408baf933c03274febff7c6d49f773d7382e9ebea1efe88cb54,f1b58c8ccaee181a233f11c34ff62fda2f7ec53206eb08b2970705719fba8082,f89e55d9cfacf91222600ee60a2ba36a7e5c6eb5bd4c3c753e6136ad5559fc67,AdamW,0.01,0.0,0.6446082024253491,0.5094063810855473,0.5006373854864636,300
graphsage_pilot_v1_step300,covid_political,linear,0,10,0,val,2,20,fd81701c0bd9f5dde83c0f8fe71b62765f94b2a9027e4cc8613e624847ba0206,f1b58c8ccaee181a233f11c34ff62fda2f7ec53206eb08b2970705719fba8082,f89e55d9cfacf91222600ee60a2ba36a7e5c6eb5bd4c3c753e6136ad5559fc67,AdamW,0.01,0.0,0.6393735031301684,0.5188763188000508,0.5077065954226623,300
graphsage_pilot_v1_step300,covid_political,linear,0,10,0,test,2,20,fd81701c0bd9f5dde83c0f8fe71b62765f94b2a9027e4cc8613e624847ba0206,f1b58c8ccaee181a233f11c34ff62fda2f7ec53206eb08b2970705719fba8082,f89e55d9cfacf91222600ee60a2ba36a7e5c6eb5bd4c3c753e6136ad5559fc67,AdamW,0.01,0.0,0.6389355720368215,0.5188127621710944,0.5071240638031803,300
graphsage_pilot_v1_step300,covid_political,linear,0,10,1,val,2,20,fd81701c0bd9f5dde83c0f8fe71b62765f94b2a9027e4cc8613e624847ba0206,f1b58c8ccaee181a233f11c34ff62fda2f7ec53206eb08b2970705719fba8082,f89e55d9cfacf91222600ee60a2ba36a7e5c6eb5bd4c3c753e6136ad5559fc67,AdamW,0.01,0.0,0.6204334862183324,0.7018558535655269,0.4667767989883639,300
graphsage_pilot_v1_step300,covid_political,linear,0,10,1,test,2,20,fd81701c0bd9f5dde83c0f8fe71b62765f94b2a9027e4cc8613e624847ba0206,f1b58c8ccaee181a233f11c34ff62fda2f7ec53206eb08b2970705719fba8082,f89e55d9cfacf91222600ee60a2ba36a7e5c6eb5bd4c3c753e6136ad5559fc67,AdamW,0.01,0.0,0.6228002625607677,0.7034447692894369,0.4688967048014328,300
graphsage_pilot_v1_step300,covid_political,linear,0,10,10,val,2,20,fd81701c0bd9f5dde83c0f8fe71b62765f94b2a9027e4cc8613e624847ba0206,f1b58c8ccaee181a233f11c34ff62fda2f7ec53206eb08b2970705719fba8082,f89e55d9cfacf91222600ee60a2ba36a7e5c6eb5bd4c3c753e6136ad5559fc67,AdamW,0.01,0.0,0.5903319727971039,0.7026185331130037,0.4637585413207463,300
graphsage_pilot_v1_step300,covid_political,linear,0,10,10,test,2,20,fd81701c0bd9f5dde83c0f8fe71b62765f94b2a9027e4cc8613e624847ba0206,f1b58c8ccaee181a233f11c34ff62fda2f7ec53206eb08b2970705719fba8082,f89e55d9cfacf91222600ee60a2ba36a7e5c6eb5bd4c3c753e6136ad5559fc67,AdamW,0.01,0.0,0.5957263527049641,0.7033812126604805,0.4652973931250369,300
graphsage_pilot_v1_step300,covid_political,linear,0,10,100,val,2,20,fd81701c0bd9f5dde83c0f8fe71b62765f94b2a9027e4cc8613e624847ba0206,f1b58c8ccaee181a233f11c34ff62fda2f7ec53206eb08b2970705719fba8082,f89e55d9cfacf91222600ee60a2ba36a7e5c6eb5bd4c3c753e6136ad5559fc67,AdamW,0.01,0.0,0.5792061396684548,0.692195245964154,0.5665565108122447,300
graphsage_pilot_v1_step300,covid_political,linear,0,10,100,test,2,20,fd81701c0bd9f5dde83c0f8fe71b62765f94b2a9027e4cc8613e624847ba0206,f1b58c8ccaee181a233f11c34ff62fda2f7ec53206eb08b2970705719fba8082,f89e55d9cfacf91222600ee60a2ba36a7e5c6eb5bd4c3c753e6136ad5559fc67,AdamW,0.01,0.0,0.5864960935006862,0.6946103978644973,0.5718503216006969,300
graphsage_pilot_v1_step300,covid_political,linear,0,100,0,val,2,200,e518b8d4501a6dd8d4517d1671d020cdbe000f6892f46ab76d9587c53f8b19b7,f1b58c8ccaee181a233f11c34ff62fda2f7ec53206eb08b2970705719fba8082,f89e55d9cfacf91222600ee60a2ba36a7e5c6eb5bd4c3c753e6136ad5559fc67,AdamW,0.01,0.0,0.6393735031301684,0.5188763188000508,0.5077065954226623,300
graphsage_pilot_v1_step300,covid_political,linear,0,100,0,test,2,200,e518b8d4501a6dd8d4517d1671d020cdbe000f6892f46ab76d9587c53f8b19b7,f1b58c8ccaee181a233f11c34ff62fda2f7ec53206eb08b2970705719fba8082,f89e55d9cfacf91222600ee60a2ba36a7e5c6eb5bd4c3c753e6136ad5559fc67,AdamW,0.01,0.0,0.6389355720368215,0.5188127621710944,0.5071240638031803,300
graphsage_pilot_v1_step300,covid_political,linear,0,100,1,val,2,200,e518b8d4501a6dd8d4517d1671d020cdbe000f6892f46ab76d9587c53f8b19b7,f1b58c8ccaee181a233f11c34ff62fda2f7ec53206eb08b2970705719fba8082,f89e55d9cfacf91222600ee60a2ba36a7e5c6eb5bd4c3c753e6136ad5559fc67,AdamW,0.01,0.0,0.6215001909839276,0.4678403457480615,0.4655365692342045,300
graphsage_pilot_v1_step300,covid_political,linear,0,100,1,test,2,200,e518b8d4501a6dd8d4517d1671d020cdbe000f6892f46ab76d9587c53f8b19b7,f1b58c8ccaee181a233f11c34ff62fda2f7ec53206eb08b2970705719fba8082,f89e55d9cfacf91222600ee60a2ba36a7e5c6eb5bd4c3c753e6136ad5559fc67,AdamW,0.01,0.0,0.6236711231757719,0.4686030252955383,0.4660921165392013,300
graphsage_pilot_v1_step300,covid_political,linear,0,100,10,val,2,200,e518b8d4501a6dd8d4517d1671d020cdbe000f6892f46ab76d9587c53f8b19b7,f1b58c8ccaee181a233f11c34ff62fda2f7ec53206eb08b2970705719fba8082,f89e55d9cfacf91222600ee60a2ba36a7e5c6eb5bd4c3c753e6136ad5559fc67,AdamW,0.01,0.0,0.6215161307754425,0.4778822931231727,0.4743543578275697,300
graphsage_pilot_v1_step300,covid_political,linear,0,100,10,test,2,200,e518b8d4501a6dd8d4517d1671d020cdbe000f6892f46ab76d9587c53f8b19b7,f1b58c8ccaee181a233f11c34ff62fda2f7ec53206eb08b2970705719fba8082,f89e55d9cfacf91222600ee60a2ba36a7e5c6eb5bd4c3c753e6136ad5559fc67,AdamW,0.01,0.0,0.6239126121045212,0.4780729630100419,0.4742825457516109,300
graphsage_pilot_v1_step300,covid_political,linear,0,100,100,val,2,200,e518b8d4501a6dd8d4517d1671d020cdbe000f6892f46ab76d9587c53f8b19b7,f1b58c8ccaee181a233f11c34ff62fda2f7ec53206eb08b2970705719fba8082,f89e55d9cfacf91222600ee60a2ba36a7e5c6eb5bd4c3c753e6136ad5559fc67,AdamW,0.01,0.0,0.6316503588247132,0.6636583195627304,0.5805381426976777,300
graphsage_pilot_v1_step300,covid_political,linear,0,100,100,test,2,200,e518b8d4501a6dd8d4517d1671d020cdbe000f6892f46ab76d9587c53f8b19b7,f1b58c8ccaee181a233f11c34ff62fda2f7ec53206eb08b2970705719fba8082,f89e55d9cfacf91222600ee60a2ba36a7e5c6eb5bd4c3c753e6136ad5559fc67,AdamW,0.01,0.0,0.6341158618431074,0.66931485953985,0.5856833204871581,300
graphsage_pilot_v1_step300,covid_political,linear,1,0,0,val,2,0,af5570f5a1810b7af78caf4bc70a660f0df51e42baf91d4de5b2328de0e83dfc,f1b58c8ccaee181a233f11c34ff62fda2f7ec53206eb08b2970705719fba8082,8a8ac6a74ff16f70c26373d03c9e72726890aaba776363757688178d530a945d,none,0.0,0.0,0.4779398613194646,0.5321596542519385,0.4190321718293122,300
graphsage_pilot_v1_step300,covid_political,linear,1,0,0,test,2,0,af5570f5a1810b7af78caf4bc70a660f0df51e42baf91d4de5b2328de0e83dfc,f1b58c8ccaee181a233f11c34ff62fda2f7ec53206eb08b2970705719fba8082,8a8ac6a74ff16f70c26373d03c9e72726890aaba776363757688178d530a945d,none,0.0,0.0,0.480480844578443,0.5313969747044617,0.4199375132215889,300
graphsage_pilot_v1_step300,covid_political,linear,1,1,0,val,2,2,a1a5486cefa74f8722a35f2abc7ceba0b5efb57b74cc3cdb660b354f7db25aa5,f1b58c8ccaee181a233f11c34ff62fda2f7ec53206eb08b2970705719fba8082,8a8ac6a74ff16f70c26373d03c9e72726890aaba776363757688178d530a945d,AdamW,0.01,0.0,0.4779398613194646,0.5321596542519385,0.4190321718293122,300
graphsage_pilot_v1_step300,covid_political,linear,1,1,0,test,2,2,a1a5486cefa74f8722a35f2abc7ceba0b5efb57b74cc3cdb660b354f7db25aa5,f1b58c8ccaee181a233f11c34ff62fda2f7ec53206eb08b2970705719fba8082,8a8ac6a74ff16f70c26373d03c9e72726890aaba776363757688178d530a945d,AdamW,0.01,0.0,0.480480844578443,0.5313969747044617,0.4199375132215889,300
graphsage_pilot_v1_step300,covid_political,linear,1,1,1,val,2,2,a1a5486cefa74f8722a35f2abc7ceba0b5efb57b74cc3cdb660b354f7db25aa5,f1b58c8ccaee181a233f11c34ff62fda2f7ec53206eb08b2970705719fba8082,8a8ac6a74ff16f70c26373d03c9e72726890aaba776363757688178d530a945d,AdamW,0.01,0.0,0.6359910489263529,0.2976356934028219,0.2795485071421398,300
graphsage_pilot_v1_step300,covid_political,linear,1,1,1,test,2,2,a1a5486cefa74f8722a35f2abc7ceba0b5efb57b74cc3cdb660b354f7db25aa5,f1b58c8ccaee181a233f11c34ff62fda2f7ec53206eb08b2970705719fba8082,8a8ac6a74ff16f70c26373d03c9e72726890aaba776363757688178d530a945d,AdamW,0.01,0.0,0.6357988798436552,0.2965552307105631,0.2782458726571494,300
graphsage_pilot_v1_step300,covid_political,linear,1,1,10,val,2,2,a1a5486cefa74f8722a35f2abc7ceba0b5efb57b74cc3cdb660b354f7db25aa5,f1b58c8ccaee181a233f11c34ff62fda2f7ec53206eb08b2970705719fba8082,8a8ac6a74ff16f70c26373d03c9e72726890aaba776363757688178d530a945d,AdamW,0.01,0.0,0.6406332468170162,0.518749205542138,0.5079778004692277,300
graphsage_pilot_v1_step300,covid_political,linear,1,1,10,test,2,2,a1a5486cefa74f8722a35f2abc7ceba0b5efb57b74cc3cdb660b354f7db25aa5,f1b58c8ccaee181a233f11c34ff62fda2f7ec53206eb08b2970705719fba8082,8a8ac6a74ff16f70c26373d03c9e72726890aaba776363757688178d530a945d,AdamW,0.01,0.0,0.6388116417887404,0.5181771958815304,0.5068069205378086,300
graphsage_pilot_v1_step300,covid_political,linear,1,1,100,val,2,2,a1a5486cefa74f8722a35f2abc7ceba0b5efb57b74cc3cdb660b354f7db25aa5,f1b58c8ccaee181a233f11c34ff62fda2f7ec53206eb08b2970705719fba8082,8a8ac6a74ff16f70c26373d03c9e72726890aaba776363757688178d530a945d,AdamW,0.01,0.0,0.641633343695285,0.5191305453158764,0.5084431611482336,300
graphsage_pilot_v1_step300,covid_political,linear,1,1,100,test,2,2,a1a5486cefa74f8722a35f2abc7ceba0b5efb57b74cc3cdb660b354f7db25aa5,f1b58c8ccaee181a233f11c34ff62fda2f7ec53206eb08b2970705719fba8082,8a8ac6a74ff16f70c26373d03c9e72726890aaba776363757688178d530a945d,AdamW,0.01,0.0,0.6402325556867924,0.5183678657683997,0.5070701580825043,300
graphsage_pilot_v1_step300,covid_political,linear,1,10,0,val,2,20,f9c026150d0dd5592c79f931e4798ed5d85119b5f6613d26370f93e1e204582e,f1b58c8ccaee181a233f11c34ff62fda2f7ec53206eb08b2970705719fba8082,8a8ac6a74ff16f70c26373d03c9e72726890aaba776363757688178d530a945d,AdamW,0.01,0.0,0.4779398613194646,0.5321596542519385,0.4190321718293122,300
graphsage_pilot_v1_step300,covid_political,linear,1,10,0,test,2,20,f9c026150d0dd5592c79f931e4798ed5d85119b5f6613d26370f93e1e204582e,f1b58c8ccaee181a233f11c34ff62fda2f7ec53206eb08b2970705719fba8082,8a8ac6a74ff16f70c26373d03c9e72726890aaba776363757688178d530a945d,AdamW,0.01,0.0,0.480480844578443,0.5313969747044617,0.4199375132215889,300
graphsage_pilot_v1_step300,covid_political,linear,1,10,1,val,2,20,f9c026150d0dd5592c79f931e4798ed5d85119b5f6613d26370f93e1e204582e,f1b58c8ccaee181a233f11c34ff62fda2f7ec53206eb08b2970705719fba8082,8a8ac6a74ff16f70c26373d03c9e72726890aaba776363757688178d530a945d,AdamW,0.01,0.0,0.643306325933508,0.5191305453158764,0.5084431611482336,300
graphsage_pilot_v1_step300,covid_political,linear,1,10,1,test,2,20,f9c026150d0dd5592c79f931e4798ed5d85119b5f6613d26370f93e1e204582e,f1b58c8ccaee181a233f11c34ff62fda2f7ec53206eb08b2970705719fba8082,8a8ac6a74ff16f70c26373d03c9e72726890aaba776363757688178d530a945d,AdamW,0.01,0.0,0.6420765155659242,0.5183678657683997,0.5070701580825043,300
graphsage_pilot_v1_step300,covid_political,linear,1,10,10,val,2,20,f9c026150d0dd5592c79f931e4798ed5d85119b5f6613d26370f93e1e204582e,f1b58c8ccaee181a233f11c34ff62fda2f7ec53206eb08b2970705719fba8082,8a8ac6a74ff16f70c26373d03c9e72726890aaba776363757688178d530a945d,AdamW,0.01,0.0,0.6402405582014957,0.5186220922842253,0.5077909819950502,300
graphsage_pilot_v1_step300,covid_political,linear,1,10,10,test,2,20,f9c026150d0dd5592c79f931e4798ed5d85119b5f6613d26370f93e1e204582e,f1b58c8ccaee181a233f11c34ff62fda2f7ec53206eb08b2970705719fba8082,8a8ac6a74ff16f70c26373d03c9e72726890aaba776363757688178d530a945d,AdamW,0.01,0.0,0.6384327618602759,0.5182407525104868,0.506803672217206,300
graphsage_pilot_v1_step300,covid_political,linear,1,10,100,val,2,20,f9c026150d0dd5592c79f931e4798ed5d85119b5f6613d26370f93e1e204582e,f1b58c8ccaee181a233f11c34ff62fda2f7ec53206eb08b2970705719fba8082,8a8ac6a74ff16f70c26373d03c9e72726890aaba776363757688178d530a945d,AdamW,0.01,0.0,0.6388903730509228,0.5193847718317021,0.5075415195195586,300
graphsage_pilot_v1_step300,covid_political,linear,1,10,100,test,2,20,f9c026150d0dd5592c79f931e4798ed5d85119b5f6613d26370f93e1e204582e,f1b58c8ccaee181a233f11c34ff62fda2f7ec53206eb08b2970705719fba8082,8a8ac6a74ff16f70c26373d03c9e72726890aaba776363757688178d530a945d,AdamW,0.01,0.0,0.6386075776638073,0.5184949790263125,0.5062681415234958,300
graphsage_pilot_v1_step300,covid_political,linear,1,100,0,val,2,200,deff487df17b1c21d7fda36c1e8d131f2aa5ae126f57b1bdc5989660169e9a6e,f1b58c8ccaee181a233f11c34ff62fda2f7ec53206eb08b2970705719fba8082,8a8ac6a74ff16f70c26373d03c9e72726890aaba776363757688178d530a945d,AdamW,0.01,0.0,0.4779398613194646,0.5321596542519385,0.4190321718293122,300
graphsage_pilot_v1_step300,covid_political,linear,1,100,0,test,2,200,deff487df17b1c21d7fda36c1e8d131f2aa5ae126f57b1bdc5989660169e9a6e,f1b58c8ccaee181a233f11c34ff62fda2f7ec53206eb08b2970705719fba8082,8a8ac6a74ff16f70c26373d03c9e72726890aaba776363757688178d530a945d,AdamW,0.01,0.0,0.480480844578443,0.5313969747044617,0.4199375132215889,300
graphsage_pilot_v1_step300,covid_political,linear,1,100,1,val,2,200,deff487df17b1c21d7fda36c1e8d131f2aa5ae126f57b1bdc5989660169e9a6e,f1b58c8ccaee181a233f11c34ff62fda2f7ec53206eb08b2970705719fba8082,8a8ac6a74ff16f70c26373d03c9e72726890aaba776363757688178d530a945d,AdamW,0.01,0.0,0.6461939724754812,0.5162704970128384,0.5066692206673795,300
graphsage_pilot_v1_step300,covid_political,linear,1,100,1,test,2,200,deff487df17b1c21d7fda36c1e8d131f2aa5ae126f57b1bdc5989660169e9a6e,f1b58c8ccaee181a233f11c34ff62fda2f7ec53206eb08b2970705719fba8082,8a8ac6a74ff16f70c26373d03c9e72726890aaba776363757688178d530a945d,AdamW,0.01,0.0,0.6466978590772382,0.5167153934155332,0.5062562951206715,300
graphsage_pilot_v1_step300,covid_political,linear,1,100,10,val,2,200,deff487df17b1c21d7fda36c1e8d131f2aa5ae126f57b1bdc5989660169e9a6e,f1b58c8ccaee181a233f11c34ff62fda2f7ec53206eb08b2970705719fba8082,8a8ac6a74ff16f70c26373d03c9e72726890aaba776363757688178d530a945d,AdamW,0.01,0.0,0.6453938732269021,0.5188127621710944,0.5075157888061937,300
graphsage_pilot_v1_step300,covid_political,linear,1,100,10,test,2,200,deff487df17b1c21d7fda36c1e8d131f2aa5ae126f57b1bdc5989660169e9a6e,f1b58c8ccaee181a233f11c34ff62fda2f7ec53206eb08b2970705719fba8082,8a8ac6a74ff16f70c26373d03c9e72726890aaba776363757688178d530a945d,AdamW,0.01,0.0,0.6453134457795379,0.5184949790263125,0.5067688740766045,300
graphsage_pilot_v1_step300,covid_political,linear,1,100,100,val,2,200,deff487df17b1c21d7fda36c1e8d131f2aa5ae126f57b1bdc5989660169e9a6e,f1b58c8ccaee181a233f11c34ff62fda2f7ec53206eb08b2970705719fba8082,8a8ac6a74ff16f70c26373d03c9e72726890aaba776363757688178d530a945d,AdamW,0.01,0.0,0.6545824345454643,0.6719842379560188,0.6065372959209441,300
graphsage_pilot_v1_step300,covid_political,linear,1,100,100,test,2,200,deff487df17b1c21d7fda36c1e8d131f2aa5ae126f57b1bdc5989660169e9a6e,f1b58c8ccaee181a233f11c34ff62fda2f7ec53206eb08b2970705719fba8082,8a8ac6a74ff16f70c26373d03c9e72726890aaba776363757688178d530a945d,AdamW,0.01,0.0,0.6538692865334096,0.6725562476166265,0.6075890442916803,300
graphsage_pilot_v1_step300,covid_political,linear,2,0,0,val,2,0,af5570f5a1810b7af78caf4bc70a660f0df51e42baf91d4de5b2328de0e83dfc,f1b58c8ccaee181a233f11c34ff62fda2f7ec53206eb08b2970705719fba8082,203ffea723cb4cf0d5b2da185e1677d1c082fd4475784ccb7c3a518868d42cce,none,0.0,0.0,0.5216848250901452,0.4678403457480615,0.4655365692342045,300
graphsage_pilot_v1_step300,covid_political,linear,2,0,0,test,2,0,af5570f5a1810b7af78caf4bc70a660f0df51e42baf91d4de5b2328de0e83dfc,f1b58c8ccaee181a233f11c34ff62fda2f7ec53206eb08b2970705719fba8082,203ffea723cb4cf0d5b2da185e1677d1c082fd4475784ccb7c3a518868d42cce,none,0.0,0.0,0.5202022396385646,0.4686030252955383,0.4660921165392013,300
graphsage_pilot_v1_step300,covid_political,linear,2,1,0,val,2,2,819b2388d0d03770163bf9616c766cae20d1f55fa6baefa8dc8935608069d370,f1b58c8ccaee181a233f11c34ff62fda2f7ec53206eb08b2970705719fba8082,203ffea723cb4cf0d5b2da185e1677d1c082fd4475784ccb7c3a518868d42cce,AdamW,0.01,0.0,0.5216848250901452,0.4678403457480615,0.4655365692342045,300
graphsage_pilot_v1_step300,covid_political,linear,2,1,0,test,2,2,819b2388d0d03770163bf9616c766cae20d1f55fa6baefa8dc8935608069d370,f1b58c8ccaee181a233f11c34ff62fda2f7ec53206eb08b2970705719fba8082,203ffea723cb4cf0d5b2da185e1677d1c082fd4475784ccb7c3a518868d42cce,AdamW,0.01,0.0,0.5202022396385646,0.4686030252955383,0.4660921165392013,300
graphsage_pilot_v1_step300,covid_political,linear,2,1,1,val,2,2,819b2388d0d03770163bf9616c766cae20d1f55fa6baefa8dc8935608069d370,f1b58c8ccaee181a233f11c34ff62fda2f7ec53206eb08b2970705719fba8082,203ffea723cb4cf0d5b2da185e1677d1c082fd4475784ccb7c3a518868d42cce,AdamW,0.01,0.0,0.6440294662159598,0.4678403457480615,0.4655365692342045,300
graphsage_pilot_v1_step300,covid_political,linear,2,1,1,test,2,2,819b2388d0d03770163bf9616c766cae20d1f55fa6baefa8dc8935608069d370,f1b58c8ccaee181a233f11c34ff62fda2f7ec53206eb08b2970705719fba8082,203ffea723cb4cf0d5b2da185e1677d1c082fd4475784ccb7c3a518868d42cce,AdamW,0.01,0.0,0.6440428291107565,0.4686030252955383,0.4660921165392013,300
graphsage_pilot_v1_step300,covid_political,linear,2,1,10,val,2,2,819b2388d0d03770163bf9616c766cae20d1f55fa6baefa8dc8935608069d370,f1b58c8ccaee181a233f11c34ff62fda2f7ec53206eb08b2970705719fba8082,203ffea723cb4cf0d5b2da185e1677d1c082fd4475784ccb7c3a518868d42cce,AdamW,0.01,0.0,0.6446767783224054,0.5066098894114656,0.4990170556654766,300
graphsage_pilot_v1_step300,covid_political,linear,2,1,10,test,2,2,819b2388d0d03770163bf9616c766cae20d1f55fa6baefa8dc8935608069d370,f1b58c8ccaee181a233f11c34ff62fda2f7ec53206eb08b2970705719fba8082,203ffea723cb4cf0d5b2da185e1677d1c082fd4475784ccb7c3a518868d42cce,AdamW,0.01,0.0,0.6447079076696818,0.5064827761535529,0.4985007523914509,300
graphsage_pilot_v1_step300,covid_political,linear,2,1,100,val,2,2,819b2388d0d03770163bf9616c766cae20d1f55fa6baefa8dc8935608069d370,f1b58c8ccaee181a233f11c34ff62fda2f7ec53206eb08b2970705719fba8082,203ffea723cb4cf0d5b2da185e1677d1c082fd4475784ccb7c3a518868d42cce,AdamW,0.01,0.0,0.6445957528610349,0.5095334943434601,0.5013221469256535,300
graphsage_pilot_v1_step300,covid_political,linear,2,1,100,test,2,2,819b2388d0d03770163bf9616c766cae20d1f55fa6baefa8dc8935608069d370,f1b58c8ccaee181a233f11c34ff62fda2f7ec53206eb08b2970705719fba8082,203ffea723cb4cf0d5b2da185e1677d1c082fd4475784ccb7c3a518868d42cce,AdamW,0.01,0.0,0.6445911100977493,0.5092792678276344,0.5006274661027987,300
graphsage_pilot_v1_step300,covid_political,linear,2,10,0,val,2,20,59f9bdd18cf237d344bd10e236a66ddc182933a5b318262271cb8275b34bc0d9,f1b58c8ccaee181a233f11c34ff62fda2f7ec53206eb08b2970705719fba8082,203ffea723cb4cf0d5b2da185e1677d1c082fd4475784ccb7c3a518868d42cce,AdamW,0.01,0.0,0.5216848250901452,0.4678403457480615,0.4655365692342045,300
graphsage_pilot_v1_step300,covid_political,linear,2,10,0,test,2,20,59f9bdd18cf237d344bd10e236a66ddc182933a5b318262271cb8275b34bc0d9,f1b58c8ccaee181a233f11c34ff62fda2f7ec53206eb08b2970705719fba8082,203ffea723cb4cf0d5b2da185e1677d1c082fd4475784ccb7c3a518868d42cce,AdamW,0.01,0.0,0.5202022396385646,0.4686030252955383,0.4660921165392013,300
graphsage_pilot_v1_step300,covid_political,linear,2,10,1,val,2,20,59f9bdd18cf237d344bd10e236a66ddc182933a5b318262271cb8275b34bc0d9,f1b58c8ccaee181a233f11c34ff62fda2f7ec53206eb08b2970705719fba8082,203ffea723cb4cf0d5b2da185e1677d1c082fd4475784ccb7c3a518868d42cce,AdamW,0.01,0.0,0.6440294662159598,0.4678403457480615,0.4655365692342045,300
graphsage_pilot_v1_step300,covid_political,linear,2,10,1,test,2,20,59f9bdd18cf237d344bd10e236a66ddc182933a5b318262271cb8275b34bc0d9,f1b58c8ccaee181a233f11c34ff62fda2f7ec53206eb08b2970705719fba8082,203ffea723cb4cf0d5b2da185e1677d1c082fd4475784ccb7c3a518868d42cce,AdamW,0.01,0.0,0.6440428291107565,0.4686030252955383,0.4660921165392013,300
graphsage_pilot_v1_step300,covid_political,linear,2,10,10,val,2,20,59f9bdd18cf237d344bd10e236a66ddc182933a5b318262271cb8275b34bc0d9,f1b58c8ccaee181a233f11c34ff62fda2f7ec53206eb08b2970705719fba8082,203ffea723cb4cf0d5b2da185e1677d1c082fd4475784ccb7c3a518868d42cce,AdamW,0.01,0.0,0.6205795756035947,0.4678403457480615,0.4655365692342045,300
graphsage_pilot_v1_step300,covid_political,linear,2,10,10,test,2,20,59f9bdd18cf237d344bd10e236a66ddc182933a5b318262271cb8275b34bc0d9,f1b58c8ccaee181a233f11c34ff62fda2f7ec53206eb08b2970705719fba8082,203ffea723cb4cf0d5b2da185e1677d1c082fd4475784ccb7c3a518868d42cce,AdamW,0.01,0.0,0.6231283004257099,0.4686030252955383,0.4660921165392013,300
graphsage_pilot_v1_step300,covid_political,linear,2,10,100,val,2,20,59f9bdd18cf237d344bd10e236a66ddc182933a5b318262271cb8275b34bc0d9,f1b58c8ccaee181a233f11c34ff62fda2f7ec53206eb08b2970705719fba8082,203ffea723cb4cf0d5b2da185e1677d1c082fd4475784ccb7c3a518868d42cce,AdamW,0.01,0.0,0.62012158385858,0.6335324774373967,0.576908920425308,300
graphsage_pilot_v1_step300,covid_political,linear,2,10,100,test,2,20,59f9bdd18cf237d344bd10e236a66ddc182933a5b318262271cb8275b34bc0d9,f1b58c8ccaee181a233f11c34ff62fda2f7ec53206eb08b2970705719fba8082,203ffea723cb4cf0d5b2da185e1677d1c082fd4475784ccb7c3a518868d42cce,AdamW,0.01,0.0,0.6234332875689524,0.6352485064192195,0.5791384023986048,300
graphsage_pilot_v1_step300,covid_political,linear,2,100,0,val,2,200,c2c4b3d8afd50110d9a186f13b92defd8364a53b560f60feae44094cbdc75d36,f1b58c8ccaee181a233f11c34ff62fda2f7ec53206eb08b2970705719fba8082,203ffea723cb4cf0d5b2da185e1677d1c082fd4475784ccb7c3a518868d42cce,AdamW,0.01,0.0,0.5216848250901452,0.4678403457480615,0.4655365692342045,300
graphsage_pilot_v1_step300,covid_political,linear,2,100,0,test,2,200,c2c4b3d8afd50110d9a186f13b92defd8364a53b560f60feae44094cbdc75d36,f1b58c8ccaee181a233f11c34ff62fda2f7ec53206eb08b2970705719fba8082,203ffea723cb4cf0d5b2da185e1677d1c082fd4475784ccb7c3a518868d42cce,AdamW,0.01,0.0,0.5202022396385646,0.4686030252955383,0.4660921165392013,300
graphsage_pilot_v1_step300,covid_political,linear,2,100,1,val,2,200,c2c4b3d8afd50110d9a186f13b92defd8364a53b560f60feae44094cbdc75d36,f1b58c8ccaee181a233f11c34ff62fda2f7ec53206eb08b2970705719fba8082,203ffea723cb4cf0d5b2da185e1677d1c082fd4475784ccb7c3a518868d42cce,AdamW,0.01,0.0,0.5266067630600008,0.4678403457480615,0.4655365692342045,300
graphsage_pilot_v1_step300,covid_political,linear,2,100,1,test,2,200,c2c4b3d8afd50110d9a186f13b92defd8364a53b560f60feae44094cbdc75d36,f1b58c8ccaee181a233f11c34ff62fda2f7ec53206eb08b2970705719fba8082,203ffea723cb4cf0d5b2da185e1677d1c082fd4475784ccb7c3a518868d42cce,AdamW,0.01,0.0,0.524782026612928,0.4686030252955383,0.4660921165392013,300
graphsage_pilot_v1_step300,covid_political,linear,2,100,10,val,2,200,c2c4b3d8afd50110d9a186f13b92defd8364a53b560f60feae44094cbdc75d36,f1b58c8ccaee181a233f11c34ff62fda2f7ec53206eb08b2970705719fba8082,203ffea723cb4cf0d5b2da185e1677d1c082fd4475784ccb7c3a518868d42cce,AdamW,0.01,0.0,0.6387394560616819,0.4678403457480615,0.4655365692342045,300
graphsage_pilot_v1_step300,covid_political,linear,2,100,10,test,2,200,c2c4b3d8afd50110d9a186f13b92defd8364a53b560f60feae44094cbdc75d36,f1b58c8ccaee181a233f11c34ff62fda2f7ec53206eb08b2970705719fba8082,203ffea723cb4cf0d5b2da185e1677d1c082fd4475784ccb7c3a518868d42cce,AdamW,0.01,0.0,0.6402400036794171,0.4686030252955383,0.4660921165392013,300
graphsage_pilot_v1_step300,covid_political,linear,2,100,100,val,2,200,c2c4b3d8afd50110d9a186f13b92defd8364a53b560f60feae44094cbdc75d36,f1b58c8ccaee181a233f11c34ff62fda2f7ec53206eb08b2970705719fba8082,203ffea723cb4cf0d5b2da185e1677d1c082fd4475784ccb7c3a518868d42cce,AdamW,0.01,0.0,0.6496829601562838,0.6557137409431804,0.5998467953276988,300
graphsage_pilot_v1_step300,covid_political,linear,2,100,100,test,2,200,c2c4b3d8afd50110d9a186f13b92defd8364a53b560f60feae44094cbdc75d36,f1b58c8ccaee181a233f11c34ff62fda2f7ec53206eb08b2970705719fba8082,203ffea723cb4cf0d5b2da185e1677d1c082fd4475784ccb7c3a518868d42cce,AdamW,0.01,0.0,0.6509322114155656,0.6555230710563111,0.5997797467684801,300
graphsage_pilot_v1_step300,election2020,linear,0,0,0,val,2,0,af5570f5a1810b7af78caf4bc70a660f0df51e42baf91d4de5b2328de0e83dfc,4db6aa7af69e96de5ca88f4890129536991fb6b5a48192980711caf7e7cedb5c,f89e55d9cfacf91222600ee60a2ba36a7e5c6eb5bd4c3c753e6136ad5559fc67,none,0.0,0.0,0.5304457160829659,0.529583174965159,0.4820103155328544,300
graphsage_pilot_v1_step300,election2020,linear,0,0,0,test,2,0,af5570f5a1810b7af78caf4bc70a660f0df51e42baf91d4de5b2328de0e83dfc,4db6aa7af69e96de5ca88f4890129536991fb6b5a48192980711caf7e7cedb5c,f89e55d9cfacf91222600ee60a2ba36a7e5c6eb5bd4c3c753e6136ad5559fc67,none,0.0,0.0,0.5198260660990861,0.5237853930449103,0.4761850501970842,300
graphsage_pilot_v1_step300,election2020,linear,0,1,0,val,2,2,08d94d51669f2215e109205d97de59e7cd401bd8d9f0f558f89a298e5dd837c3,4db6aa7af69e96de5ca88f4890129536991fb6b5a48192980711caf7e7cedb5c,f89e55d9cfacf91222600ee60a2ba36a7e5c6eb5bd4c3c753e6136ad5559fc67,AdamW,0.01,0.0,0.5304457160829659,0.529583174965159,0.4820103155328544,300
graphsage_pilot_v1_step300,election2020,linear,0,1,0,test,2,2,08d94d51669f2215e109205d97de59e7cd401bd8d9f0f558f89a298e5dd837c3,4db6aa7af69e96de5ca88f4890129536991fb6b5a48192980711caf7e7cedb5c,f89e55d9cfacf91222600ee60a2ba36a7e5c6eb5bd4c3c753e6136ad5559fc67,AdamW,0.01,0.0,0.5198260660990861,0.5237853930449103,0.4761850501970842,300
graphsage_pilot_v1_step300,election2020,linear,0,1,1,val,2,2,08d94d51669f2215e109205d97de59e7cd401bd8d9f0f558f89a298e5dd837c3,4db6aa7af69e96de5ca88f4890129536991fb6b5a48192980711caf7e7cedb5c,f89e55d9cfacf91222600ee60a2ba36a7e5c6eb5bd4c3c753e6136ad5559fc67,AdamW,0.01,0.0,0.5032628684780895,0.4714937286202965,0.4503376990530724,300
graphsage_pilot_v1_step300,election2020,linear,0,1,1,test,2,2,08d94d51669f2215e109205d97de59e7cd401bd8d9f0f558f89a298e5dd837c3,4db6aa7af69e96de5ca88f4890129536991fb6b5a48192980711caf7e7cedb5c,f89e55d9cfacf91222600ee60a2ba36a7e5c6eb5bd4c3c753e6136ad5559fc67,AdamW,0.01,0.0,0.502883225675387,0.4760245771837588,0.4556950401225791,300
graphsage_pilot_v1_step300,election2020,linear,0,1,10,val,2,2,08d94d51669f2215e109205d97de59e7cd401bd8d9f0f558f89a298e5dd837c3,4db6aa7af69e96de5ca88f4890129536991fb6b5a48192980711caf7e7cedb5c,f89e55d9cfacf91222600ee60a2ba36a7e5c6eb5bd4c3c753e6136ad5559fc67,AdamW,0.01,0.0,0.5168615538273156,0.486760420625871,0.4780611307458333,300
graphsage_pilot_v1_step300,election2020,linear,0,1,10,test,2,2,08d94d51669f2215e109205d97de59e7cd401bd8d9f0f558f89a298e5dd837c3,4db6aa7af69e96de5ca88f4890129536991fb6b5a48192980711caf7e7cedb5c,f89e55d9cfacf91222600ee60a2ba36a7e5c6eb5bd4c3c753e6136ad5559fc67,AdamW,0.01,0.0,0.5157239638503833,0.4916070184328878,0.4831365142500521,300
graphsage_pilot_v1_step300,election2020,linear,0,1,100,val,2,2,08d94d51669f2215e109205d97de59e7cd401bd8d9f0f558f89a298e5dd837c3,4db6aa7af69e96de5ca88f4890129536991fb6b5a48192980711caf7e7cedb5c,f89e55d9cfacf91222600ee60a2ba36a7e5c6eb5bd4c3c753e6136ad5559fc67,AdamW,0.01,0.0,0.545469876569043,0.523945267958951,0.5165762870575024,300
graphsage_pilot_v1_step300,election2020,linear,0,1,100,test,2,2,08d94d51669f2215e109205d97de59e7cd401bd8d9f0f558f89a298e5dd837c3,4db6aa7af69e96de5ca88f4890129536991fb6b5a48192980711caf7e7cedb5c,f89e55d9cfacf91222600ee60a2ba36a7e5c6eb5bd4c3c753e6136ad5559fc67,AdamW,0.01,0.0,0.537727057079117,0.5174510673338824,0.5105468499963112,300
graphsage_pilot_v1_step300,election2020,linear,0,10,0,val,2,20,b6534a1ef3f057337c8375bd52f2696a8aa28bb886a9b231c4e0174bd3f714e2,4db6aa7af69e96de5ca88f4890129536991fb6b5a48192980711caf7e7cedb5c,f89e55d9cfacf91222600ee60a2ba36a7e5c6eb5bd4c3c753e6136ad5559fc67,AdamW,0.01,0.0,0.5304457160829659,0.529583174965159,0.4820103155328544,300
graphsage_pilot_v1_step300,election2020,linear,0,10,0,test,2,20,b6534a1ef3f057337c8375bd52f2696a8aa28bb886a9b231c4e0174bd3f714e2,4db6aa7af69e96de5ca88f4890129536991fb6b5a48192980711caf7e7cedb5c,f89e55d9cfacf91222600ee60a2ba36a7e5c6eb5bd4c3c753e6136ad5559fc67,AdamW,0.01,0.0,0.5198260660990861,0.5237853930449103,0.4761850501970842,300
graphsage_pilot_v1_step300,election2020,linear,0,10,1,val,2,20,b6534a1ef3f057337c8375bd52f2696a8aa28bb886a9b231c4e0174bd3f714e2,4db6aa7af69e96de5ca88f4890129536991fb6b5a48192980711caf7e7cedb5c,f89e55d9cfacf91222600ee60a2ba36a7e5c6eb5bd4c3c753e6136ad5559fc67,AdamW,0.01,0.0,0.5290764765602598,0.5316736348663372,0.480763761199403,300
graphsage_pilot_v1_step300,election2020,linear,0,10,1,test,2,20,b6534a1ef3f057337c8375bd52f2696a8aa28bb886a9b231c4e0174bd3f714e2,4db6aa7af69e96de5ca88f4890129536991fb6b5a48192980711caf7e7cedb5c,f89e55d9cfacf91222600ee60a2ba36a7e5c6eb5bd4c3c753e6136ad5559fc67,AdamW,0.01,0.0,0.5185726746671397,0.5259390637866599,0.4746899321008087,300
graphsage_pilot_v1_step300,election2020,linear,0,10,10,val,2,20,b6534a1ef3f057337c8375bd52f2696a8aa28bb886a9b231c4e0174bd3f714e2,4db6aa7af69e96de5ca88f4890129536991fb6b5a48192980711caf7e7cedb5c,f89e55d9cfacf91222600ee60a2ba36a7e5c6eb5bd4c3c753e6136ad5559fc67,AdamW,0.01,0.0,0.5157504524036487,0.4870138097048017,0.4731362740198865,300
graphsage_pilot_v1_step300,election2020,linear,0,10,10,test,2,20,b6534a1ef3f057337c8375bd52f2696a8aa28bb886a9b231c4e0174bd3f714e2,4db6aa7af69e96de5ca88f4890129536991fb6b5a48192980711caf7e7cedb5c,f89e55d9cfacf91222600ee60a2ba36a7e5c6eb5bd4c3c753e6136ad5559fc67,AdamW,0.01,0.0,0.5072945894520526,0.4849559764363083,0.4723514901313496,300
graphsage_pilot_v1_step300,election2020,linear,0,10,100,val,2,20,b6534a1ef3f057337c8375bd52f2696a8aa28bb886a9b231c4e0174bd3f714e2,4db6aa7af69e96de5ca88f4890129536991fb6b5a48192980711caf7e7cedb5c,f89e55d9cfacf91222600ee60a2ba36a7e5c6eb5bd4c3c753e6136ad5559fc67,AdamW,0.01,0.0,0.5332288138822369,0.5227416698340301,0.5227338251328184,300
graphsage_pilot_v1_step300,election2020,linear,0,10,100,test,2,20,b6534a1ef3f057337c8375bd52f2696a8aa28bb886a9b231c4e0174bd3f714e2,4db6aa7af69e96de5ca88f4890129536991fb6b5a48192980711caf7e7cedb5c,f89e55d9cfacf91222600ee60a2ba36a7e5c6eb5bd4c3c753e6136ad5559fc67,AdamW,0.01,0.0,0.5271313183500749,0.5211883195033888,0.5211538205114226,300
graphsage_pilot_v1_step300,election2020,linear,0,100,0,val,2,200,50ec07087975f0e8f3e763af6776f688067a11d30479a86ddef55be76a24d4be,4db6aa7af69e96de5ca88f4890129536991fb6b5a48192980711caf7e7cedb5c,f89e55d9cfacf91222600ee60a2ba36a7e5c6eb5bd4c3c753e6136ad5559fc67,AdamW,0.01,0.0,0.5304457160829659,0.529583174965159,0.4820103155328544,300
graphsage_pilot_v1_step300,election2020,linear,0,100,0,test,2,200,50ec07087975f0e8f3e763af6776f688067a11d30479a86ddef55be76a24d4be,4db6aa7af69e96de5ca88f4890129536991fb6b5a48192980711caf7e7cedb5c,f89e55d9cfacf91222600ee60a2ba36a7e5c6eb5bd4c3c753e6136ad5559fc67,AdamW,0.01,0.0,0.5198260660990861,0.5237853930449103,0.4761850501970842,300
graphsage_pilot_v1_step300,election2020,linear,0,100,1,val,2,200,50ec07087975f0e8f3e763af6776f688067a11d30479a86ddef55be76a24d4be,4db6aa7af69e96de5ca88f4890129536991fb6b5a48192980711caf7e7cedb5c,f89e55d9cfacf91222600ee60a2ba36a7e5c6eb5bd4c3c753e6136ad5559fc67,AdamW,0.01,0.0,0.5100297339956962,0.470606866844039,0.4402017323441712,300
graphsage_pilot_v1_step300,election2020,linear,0,100,1,test,2,200,50ec07087975f0e8f3e763af6776f688067a11d30479a86ddef55be76a24d4be,4db6aa7af69e96de5ca88f4890129536991fb6b5a48192980711caf7e7cedb5c,f89e55d9cfacf91222600ee60a2ba36a7e5c6eb5bd4c3c753e6136ad5559fc67,AdamW,0.01,0.0,0.5106238284643168,0.4770380692975233,0.4470753357794962,300
graphsage_pilot_v1_step300,election2020,linear,0,100,10,val,2,200,50ec07087975f0e8f3e763af6776f688067a11d30479a86ddef55be76a24d4be,4db6aa7af69e96de5ca88f4890129536991fb6b5a48192980711caf7e7cedb5c,f89e55d9cfacf91222600ee60a2ba36a7e5c6eb5bd4c3c753e6136ad5559fc67,AdamW,0.01,0.0,0.5562395214144185,0.5371848473330799,0.5338560487698886,300
graphsage_pilot_v1_step300,election2020,linear,0,100,10,test,2,200,50ec07087975f0e8f3e763af6776f688067a11d30479a86ddef55be76a24d4be,4db6aa7af69e96de5ca88f4890129536991fb6b5a48192980711caf7e7cedb5c,f89e55d9cfacf91222600ee60a2ba36a7e5c6eb5bd4c3c753e6136ad5559fc67,AdamW,0.01,0.0,0.5489146094002848,0.5330335085830114,0.5290992506811327,300
graphsage_pilot_v1_step300,election2020,linear,0,100,100,val,2,200,50ec07087975f0e8f3e763af6776f688067a11d30479a86ddef55be76a24d4be,4db6aa7af69e96de5ca88f4890129536991fb6b5a48192980711caf7e7cedb5c,f89e55d9cfacf91222600ee60a2ba36a7e5c6eb5bd4c3c753e6136ad5559fc67,AdamW,0.01,0.0,0.5608534089470653,0.5413657671354365,0.5387268690719732,300
graphsage_pilot_v1_step300,election2020,linear,0,100,100,test,2,200,50ec07087975f0e8f3e763af6776f688067a11d30479a86ddef55be76a24d4be,4db6aa7af69e96de5ca88f4890129536991fb6b5a48192980711caf7e7cedb5c,f89e55d9cfacf91222600ee60a2ba36a7e5c6eb5bd4c3c753e6136ad5559fc67,AdamW,0.01,0.0,0.5502044125551688,0.5326534490403496,0.5295559798583139,300
graphsage_pilot_v1_step300,election2020,linear,1,0,0,val,2,0,af5570f5a1810b7af78caf4bc70a660f0df51e42baf91d4de5b2328de0e83dfc,4db6aa7af69e96de5ca88f4890129536991fb6b5a48192980711caf7e7cedb5c,8a8ac6a74ff16f70c26373d03c9e72726890aaba776363757688178d530a945d,none,0.0,0.0,0.5036494863071204,0.5250221715444064,0.5008481961220115,300
graphsage_pilot_v1_step300,election2020,linear,1,0,0,test,2,0,af5570f5a1810b7af78caf4bc70a660f0df51e42baf91d4de5b2328de0e83dfc,4db6aa7af69e96de5ca88f4890129536991fb6b5a48192980711caf7e7cedb5c,8a8ac6a74ff16f70c26373d03c9e72726890aaba776363757688178d530a945d,none,0.0,0.0,0.5021851553949985,0.5208716032178374,0.4969152685620115,300
graphsage_pilot_v1_step300,election2020,linear,1,1,0,val,2,2,78f669017e10b4ad480d639a6df17bf9ebfc9f39fe37b9df5e1bcca3ec557500,4db6aa7af69e96de5ca88f4890129536991fb6b5a48192980711caf7e7cedb5c,8a8ac6a74ff16f70c26373d03c9e72726890aaba776363757688178d530a945d,AdamW,0.01,0.0,0.5036494863071204,0.5250221715444064,0.5008481961220115,300
graphsage_pilot_v1_step300,election2020,linear,1,1,0,test,2,2,78f669017e10b4ad480d639a6df17bf9ebfc9f39fe37b9df5e1bcca3ec557500,4db6aa7af69e96de5ca88f4890129536991fb6b5a48192980711caf7e7cedb5c,8a8ac6a74ff16f70c26373d03c9e72726890aaba776363757688178d530a945d,AdamW,0.01,0.0,0.5021851553949985,0.5208716032178374,0.4969152685620115,300
graphsage_pilot_v1_step300,election2020,linear,1,1,1,val,2,2,78f669017e10b4ad480d639a6df17bf9ebfc9f39fe37b9df5e1bcca3ec557500,4db6aa7af69e96de5ca88f4890129536991fb6b5a48192980711caf7e7cedb5c,8a8ac6a74ff16f70c26373d03c9e72726890aaba776363757688178d530a945d,AdamW,0.01,0.0,0.5019505507634997,0.4749144811858609,0.4638375048891222,300
graphsage_pilot_v1_step300,election2020,linear,1,1,1,test,2,2,78f669017e10b4ad480d639a6df17bf9ebfc9f39fe37b9df5e1bcca3ec557500,4db6aa7af69e96de5ca88f4890129536991fb6b5a48192980711caf7e7cedb5c,8a8ac6a74ff16f70c26373d03c9e72726890aaba776363757688178d530a945d,AdamW,0.01,0.0,0.5017443564170256,0.4790650535250522,0.4683521156829685,300
graphsage_pilot_v1_step300,election2020,linear,1,1,10,val,2,2,78f669017e10b4ad480d639a6df17bf9ebfc9f39fe37b9df5e1bcca3ec557500,4db6aa7af69e96de5ca88f4890129536991fb6b5a48192980711caf7e7cedb5c,8a8ac6a74ff16f70c26373d03c9e72726890aaba776363757688178d530a945d,AdamW,0.01,0.0,0.5129971838599429,0.4809324718104649,0.4667775941006027,300
graphsage_pilot_v1_step300,election2020,linear,1,1,10,test,2,2,78f669017e10b4ad480d639a6df17bf9ebfc9f39fe37b9df5e1bcca3ec557500,4db6aa7af69e96de5ca88f4890129536991fb6b5a48192980711caf7e7cedb5c,8a8ac6a74ff16f70c26373d03c9e72726890aaba776363757688178d530a945d,AdamW,0.01,0.0,0.5050099657214826,0.476974726040413,0.4638938226537572,300
graphsage_pilot_v1_step300,election2020,linear,1,1,100,val,2,2,78f669017e10b4ad480d639a6df17bf9ebfc9f39fe37b9df5e1bcca3ec557500,4db6aa7af69e96de5ca88f4890129536991fb6b5a48192980711caf7e7cedb5c,8a8ac6a74ff16f70c26373d03c9e72726890aaba776363757688178d530a945d,AdamW,0.01,0.0,0.5124355462039427,0.4811858608893957,0.4669699960724252,300
graphsage_pilot_v1_step300,election2020,linear,1,1,100,test,2,2,78f669017e10b4ad480d639a6df17bf9ebfc9f39fe37b9df5e1bcca3ec557500,4db6aa7af69e96de5ca88f4890129536991fb6b5a48192980711caf7e7cedb5c,8a8ac6a74ff16f70c26373d03c9e72726890aaba776363757688178d530a945d,AdamW,0.01,0.0,0.5048087689566968,0.4767846962690821,0.463557212223426,300
graphsage_pilot_v1_step300,election2020,linear,1,10,0,val,2,20,d1765be95433fa195f4fbe461afcda743f31b1a4c207872120cf825a0d06e621,4db6aa7af69e96de5ca88f4890129536991fb6b5a48192980711caf7e7cedb5c,8a8ac6a74ff16f70c26373d03c9e72726890aaba776363757688178d530a945d,AdamW,0.01,0.0,0.5036494863071204,0.5250221715444064,0.5008481961220115,300
graphsage_pilot_v1_step300,election2020,linear,1,10,0,test,2,20,d1765be95433fa195f4fbe461afcda743f31b1a4c207872120cf825a0d06e621,4db6aa7af69e96de5ca88f4890129536991fb6b5a48192980711caf7e7cedb5c,8a8ac6a74ff16f70c26373d03c9e72726890aaba776363757688178d530a945d,AdamW,0.01,0.0,0.5021851553949985,0.5208716032178374,0.4969152685620115,300
graphsage_pilot_v1_step300,election2020,linear,1,10,1,val,2,20,d1765be95433fa195f4fbe461afcda743f31b1a4c207872120cf825a0d06e621,4db6aa7af69e96de5ca88f4890129536991fb6b5a48192980711caf7e7cedb5c,8a8ac6a74ff16f70c26373d03c9e72726890aaba776363757688178d530a945d,AdamW,0.01,0.0,0.52644205681234,0.5293297858862283,0.4922490586973868,300
graphsage_pilot_v1_step300,election2020,linear,1,10,1,test,2,20,d1765be95433fa195f4fbe461afcda743f31b1a4c207872120cf825a0d06e621,4db6aa7af69e96de5ca88f4890129536991fb6b5a48192980711caf7e7cedb5c,8a8ac6a74ff16f70c26373d03c9e72726890aaba776363757688178d530a945d,AdamW,0.01,0.0,0.5202749610553579,0.5239754228162412,0.487493575542708,300
graphsage_pilot_v1_step300,election2020,linear,1,10,10,val,2,20,d1765be95433fa195f4fbe461afcda743f31b1a4c207872120cf825a0d06e621,4db6aa7af69e96de5ca88f4890129536991fb6b5a48192980711caf7e7cedb5c,8a8ac6a74ff16f70c26373d03c9e72726890aaba776363757688178d530a945d,AdamW,0.01,0.0,0.531738352139892,0.5298999113138224,0.4834237553413075,300
graphsage_pilot_v1_step300,election2020,linear,1,10,10,test,2,20,d1765be95433fa195f4fbe461afcda743f31b1a4c207872120cf825a0d06e621,4db6aa7af69e96de5ca88f4890129536991fb6b5a48192980711caf7e7cedb5c,8a8ac6a74ff16f70c26373d03c9e72726890aaba776363757688178d530a945d,AdamW,0.01,0.0,0.5253558210713567,0.5249255716728954,0.4788309107170632,300
graphsage_pilot_v1_step300,election2020,linear,1,10,100,val,2,20,d1765be95433fa195f4fbe461afcda743f31b1a4c207872120cf825a0d06e621,4db6aa7af69e96de5ca88f4890129536991fb6b5a48192980711caf7e7cedb5c,8a8ac6a74ff16f70c26373d03c9e72726890aaba776363757688178d530a945d,AdamW,0.01,0.0,0.5063363877845202,0.5203344735841885,0.5038668154368457,300
graphsage_pilot_v1_step300,election2020,linear,1,10,100,test,2,20,d1765be95433fa195f4fbe461afcda743f31b1a4c207872120cf825a0d06e621,4db6aa7af69e96de5ca88f4890129536991fb6b5a48192980711caf7e7cedb5c,8a8ac6a74ff16f70c26373d03c9e72726890aaba776363757688178d530a945d,AdamW,0.01,0.0,0.5058272640132909,0.5194780515614112,0.5026130963733008,300
graphsage_pilot_v1_step300,election2020,linear,1,100,0,val,2,200,715bae049fab4381446427dc497fcaf6bfa8014aa08c956a820356243d92daf2,4db6aa7af69e96de5ca88f4890129536991fb6b5a48192980711caf7e7cedb5c,8a8ac6a74ff16f70c26373d03c9e72726890aaba776363757688178d530a945d,AdamW,0.01,0.0,0.5036494863071204,0.5250221715444064,0.5008481961220115,300
graphsage_pilot_v1_step300,election2020,linear,1,100,0,test,2,200,715bae049fab4381446427dc497fcaf6bfa8014aa08c956a820356243d92daf2,4db6aa7af69e96de5ca88f4890129536991fb6b5a48192980711caf7e7cedb5c,8a8ac6a74ff16f70c26373d03c9e72726890aaba776363757688178d530a945d,AdamW,0.01,0.0,0.5021851553949985,0.5208716032178374,0.4969152685620115,300
graphsage_pilot_v1_step300,election2020,linear,1,100,1,val,2,200,715bae049fab4381446427dc497fcaf6bfa8014aa08c956a820356243d92daf2,4db6aa7af69e96de5ca88f4890129536991fb6b5a48192980711caf7e7cedb5c,8a8ac6a74ff16f70c26373d03c9e72726890aaba776363757688178d530a945d,AdamW,0.01,0.0,0.5091922059989822,0.4672494615482073,0.4247237409738006,300
graphsage_pilot_v1_step300,election2020,linear,1,100,1,test,2,200,715bae049fab4381446427dc497fcaf6bfa8014aa08c956a820356243d92daf2,4db6aa7af69e96de5ca88f4890129536991fb6b5a48192980711caf7e7cedb5c,8a8ac6a74ff16f70c26373d03c9e72726890aaba776363757688178d530a945d,AdamW,0.01,0.0,0.5169623821619462,0.4720339519858111,0.4293424297050303,300
graphsage_pilot_v1_step300,election2020,linear,1,100,10,val,2,200,715bae049fab4381446427dc497fcaf6bfa8014aa08c956a820356243d92daf2,4db6aa7af69e96de5ca88f4890129536991fb6b5a48192980711caf7e7cedb5c,8a8ac6a74ff16f70c26373d03c9e72726890aaba776363757688178d530a945d,AdamW,0.01,0.0,0.5400652836871187,0.5263524642087926,0.5029547810631896,300
graphsage_pilot_v1_step300,election2020,linear,1,100,10,test,2,200,715bae049fab4381446427dc497fcaf6bfa8014aa08c956a820356243d92daf2,4db6aa7af69e96de5ca88f4890129536991fb6b5a48192980711caf7e7cedb5c,8a8ac6a74ff16f70c26373d03c9e72726890aaba776363757688178d530a945d,AdamW,0.01,0.0,0.5326218364823541,0.523025273959587,0.4994952264395077,300
graphsage_pilot_v1_step300,election2020,linear,1,100,100,val,2,200,715bae049fab4381446427dc497fcaf6bfa8014aa08c956a820356243d92daf2,4db6aa7af69e96de5ca88f4890129536991fb6b5a48192980711caf7e7cedb5c,8a8ac6a74ff16f70c26373d03c9e72726890aaba776363757688178d530a945d,AdamW,0.01,0.0,0.5500502859087727,0.5403522108197136,0.5352501447687206,300
graphsage_pilot_v1_step300,election2020,linear,1,100,100,test,2,200,715bae049fab4381446427dc497fcaf6bfa8014aa08c956a820356243d92daf2,4db6aa7af69e96de5ca88f4890129536991fb6b5a48192980711caf7e7cedb5c,8a8ac6a74ff16f70c26373d03c9e72726890aaba776363757688178d530a945d,AdamW,0.01,0.0,0.5427342703294131,0.5309431810983721,0.5253746073942088,300
graphsage_pilot_v1_step300,election2020,linear,2,0,0,val,2,0,af5570f5a1810b7af78caf4bc70a660f0df51e42baf91d4de5b2328de0e83dfc,4db6aa7af69e96de5ca88f4890129536991fb6b5a48192980711caf7e7cedb5c,203ffea723cb4cf0d5b2da185e1677d1c082fd4475784ccb7c3a518868d42cce,none,0.0,0.0,0.5117635362659165,0.5277461041429115,0.4725414270071389,300
graphsage_pilot_v1_step300,election2020,linear,2,0,0,test,2,0,af5570f5a1810b7af78caf4bc70a660f0df51e42baf91d4de5b2328de0e83dfc,4db6aa7af69e96de5ca88f4890129536991fb6b5a48192980711caf7e7cedb5c,203ffea723cb4cf0d5b2da185e1677d1c082fd4475784ccb7c3a518868d42cce,none,0.0,0.0,0.5120382273530223,0.524608855387344,0.4664045736644672,300
graphsage_pilot_v1_step300,election2020,linear,2,1,0,val,2,2,7a1427cb41b58a63e1a58c9c6fa2483c0793fad6aa4590c104bf4a79c54d5fbc,4db6aa7af69e96de5ca88f4890129536991fb6b5a48192980711caf7e7cedb5c,203ffea723cb4cf0d5b2da185e1677d1c082fd4475784ccb7c3a518868d42cce,AdamW,0.01,0.0,0.5117635362659165,0.5277461041429115,0.4725414270071389,300
graphsage_pilot_v1_step300,election2020,linear,2,1,0,test,2,2,7a1427cb41b58a63e1a58c9c6fa2483c0793fad6aa4590c104bf4a79c54d5fbc,4db6aa7af69e96de5ca88f4890129536991fb6b5a48192980711caf7e7cedb5c,203ffea723cb4cf0d5b2da185e1677d1c082fd4475784ccb7c3a518868d42cce,AdamW,0.01,0.0,0.5120382273530223,0.524608855387344,0.4664045736644672,300
graphsage_pilot_v1_step300,election2020,linear,2,1,1,val,2,2,7a1427cb41b58a63e1a58c9c6fa2483c0793fad6aa4590c104bf4a79c54d5fbc,4db6aa7af69e96de5ca88f4890129536991fb6b5a48192980711caf7e7cedb5c,203ffea723cb4cf0d5b2da185e1677d1c082fd4475784ccb7c3a518868d42cce,AdamW,0.01,0.0,0.5020945546229776,0.473140757633346,0.4566391864049712,300
graphsage_pilot_v1_step300,election2020,linear,2,1,1,test,2,2,7a1427cb41b58a63e1a58c9c6fa2483c0793fad6aa4590c104bf4a79c54d5fbc,4db6aa7af69e96de5ca88f4890129536991fb6b5a48192980711caf7e7cedb5c,203ffea723cb4cf0d5b2da185e1677d1c082fd4475784ccb7c3a518868d42cce,AdamW,0.01,0.0,0.5013819746166945,0.4772914423259644,0.4616733395965088,300
graphsage_pilot_v1_step300,election2020,linear,2,1,10,val,2,2,7a1427cb41b58a63e1a58c9c6fa2483c0793fad6aa4590c104bf4a79c54d5fbc,4db6aa7af69e96de5ca88f4890129536991fb6b5a48192980711caf7e7cedb5c,203ffea723cb4cf0d5b2da185e1677d1c082fd4475784ccb7c3a518868d42cce,AdamW,0.01,0.0,0.4738567846984879,0.4706702141137717,0.4500602313045524,300
graphsage_pilot_v1_step300,election2020,linear,2,1,10,test,2,2,7a1427cb41b58a63e1a58c9c6fa2483c0793fad6aa4590c104bf4a79c54d5fbc,4db6aa7af69e96de5ca88f4890129536991fb6b5a48192980711caf7e7cedb5c,203ffea723cb4cf0d5b2da185e1677d1c082fd4475784ccb7c3a518868d42cce,AdamW,0.01,0.0,0.4799359218250398,0.4759612339266485,0.4563285432431869,300
graphsage_pilot_v1_step300,election2020,linear,2,1,100,val,2,2,7a1427cb41b58a63e1a58c9c6fa2483c0793fad6aa4590c104bf4a79c54d5fbc,4db6aa7af69e96de5ca88f4890129536991fb6b5a48192980711caf7e7cedb5c,203ffea723cb4cf0d5b2da185e1677d1c082fd4475784ccb7c3a518868d42cce,AdamW,0.01,0.0,0.4761112225167205,0.4706702141137717,0.4500041353569113,300
graphsage_pilot_v1_step300,election2020,linear,2,1,100,test,2,2,7a1427cb41b58a63e1a58c9c6fa2483c0793fad6aa4590c104bf4a79c54d5fbc,4db6aa7af69e96de5ca88f4890129536991fb6b5a48192980711caf7e7cedb5c,203ffea723cb4cf0d5b2da185e1677d1c082fd4475784ccb7c3a518868d42cce,AdamW,0.01,0.0,0.4815266160896454,0.4760245771837588,0.4562990918921116,300
graphsage_pilot_v1_step300,election2020,linear,2,10,0,val,2,20,e4ba399bf0c7eaaa4a73c7616f66cbee68313a8705446995cb6c725cf973d6f1,4db6aa7af69e96de5ca88f4890129536991fb6b5a48192980711caf7e7cedb5c,203ffea723cb4cf0d5b2da185e1677d1c082fd4475784ccb7c3a518868d42cce,AdamW,0.01,0.0,0.5117635362659165,0.5277461041429115,0.4725414270071389,300
graphsage_pilot_v1_step300,election2020,linear,2,10,0,test,2,20,e4ba399bf0c7eaaa4a73c7616f66cbee68313a8705446995cb6c725cf973d6f1,4db6aa7af69e96de5ca88f4890129536991fb6b5a48192980711caf7e7cedb5c,203ffea723cb4cf0d5b2da185e1677d1c082fd4475784ccb7c3a518868d42cce,AdamW,0.01,0.0,0.5120382273530223,0.524608855387344,0.4664045736644672,300
graphsage_pilot_v1_step300,election2020,linear,2,10,1,val,2,20,e4ba399bf0c7eaaa4a73c7616f66cbee68313a8705446995cb6c725cf973d6f1,4db6aa7af69e96de5ca88f4890129536991fb6b5a48192980711caf7e7cedb5c,203ffea723cb4cf0d5b2da185e1677d1c082fd4475784ccb7c3a518868d42cce,AdamW,0.01,0.0,0.5024793560562026,0.473140757633346,0.4567872925322308,300
graphsage_pilot_v1_step300,election2020,linear,2,10,1,test,2,20,e4ba399bf0c7eaaa4a73c7616f66cbee68313a8705446995cb6c725cf973d6f1,4db6aa7af69e96de5ca88f4890129536991fb6b5a48192980711caf7e7cedb5c,203ffea723cb4cf0d5b2da185e1677d1c082fd4475784ccb7c3a518868d42cce,AdamW,0.01,0.0,0.5022861170067269,0.476974726040413,0.4614546939441328,300
graphsage_pilot_v1_step300,election2020,linear,2,10,10,val,2,20,e4ba399bf0c7eaaa4a73c7616f66cbee68313a8705446995cb6c725cf973d6f1,4db6aa7af69e96de5ca88f4890129536991fb6b5a48192980711caf7e7cedb5c,203ffea723cb4cf0d5b2da185e1677d1c082fd4475784ccb7c3a518868d42cce,AdamW,0.01,0.0,0.5066285933960047,0.4896743950335741,0.475868834712794,300
graphsage_pilot_v1_step300,election2020,linear,2,10,10,test,2,20,e4ba399bf0c7eaaa4a73c7616f66cbee68313a8705446995cb6c725cf973d6f1,4db6aa7af69e96de5ca88f4890129536991fb6b5a48192980711caf7e7cedb5c,203ffea723cb4cf0d5b2da185e1677d1c082fd4475784ccb7c3a518868d42cce,AdamW,0.01,0.0,0.5033442928502777,0.4886932286058149,0.4754222147473726,300
graphsage_pilot_v1_step300,election2020,linear,2,10,100,val,2,20,e4ba399bf0c7eaaa4a73c7616f66cbee68313a8705446995cb6c725cf973d6f1,4db6aa7af69e96de5ca88f4890129536991fb6b5a48192980711caf7e7cedb5c,203ffea723cb4cf0d5b2da185e1677d1c082fd4475784ccb7c3a518868d42cce,AdamW,0.01,0.0,0.5310841105892807,0.521221335360446,0.518325510551853,300
graphsage_pilot_v1_step300,election2020,linear,2,10,100,test,2,20,e4ba399bf0c7eaaa4a73c7616f66cbee68313a8705446995cb6c725cf973d6f1,4db6aa7af69e96de5ca88f4890129536991fb6b5a48192980711caf7e7cedb5c,203ffea723cb4cf0d5b2da185e1677d1c082fd4475784ccb7c3a518868d42cce,AdamW,0.01,0.0,0.5252083580329282,0.5147273072781402,0.5122636994479404,300
graphsage_pilot_v1_step300,election2020,linear,2,100,0,val,2,200,39b894e979d02788c848c89245aa679e7a3e3dca786d267c5ae62dcdbfab817b,4db6aa7af69e96de5ca88f4890129536991fb6b5a48192980711caf7e7cedb5c,203ffea723cb4cf0d5b2da185e1677d1c082fd4475784ccb7c3a518868d42cce,AdamW,0.01,0.0,0.5117635362659165,0.5277461041429115,0.4725414270071389,300
graphsage_pilot_v1_step300,election2020,linear,2,100,0,test,2,200,39b894e979d02788c848c89245aa679e7a3e3dca786d267c5ae62dcdbfab817b,4db6aa7af69e96de5ca88f4890129536991fb6b5a48192980711caf7e7cedb5c,203ffea723cb4cf0d5b2da185e1677d1c082fd4475784ccb7c3a518868d42cce,AdamW,0.01,0.0,0.5120382273530223,0.524608855387344,0.4664045736644672,300
graphsage_pilot_v1_step300,election2020,linear,2,100,1,val,2,200,39b894e979d02788c848c89245aa679e7a3e3dca786d267c5ae62dcdbfab817b,4db6aa7af69e96de5ca88f4890129536991fb6b5a48192980711caf7e7cedb5c,203ffea723cb4cf0d5b2da185e1677d1c082fd4475784ccb7c3a518868d42cce,AdamW,0.01,0.0,0.5313456715853051,0.5295198276954264,0.4842476073972601,300
graphsage_pilot_v1_step300,election2020,linear,2,100,1,test,2,200,39b894e979d02788c848c89245aa679e7a3e3dca786d267c5ae62dcdbfab817b,4db6aa7af69e96de5ca88f4890129536991fb6b5a48192980711caf7e7cedb5c,203ffea723cb4cf0d5b2da185e1677d1c082fd4475784ccb7c3a518868d42cce,AdamW,0.01,0.0,0.5243497080992199,0.5248622284157851,0.4801060893949042,300
graphsage_pilot_v1_step300,election2020,linear,2,100,10,val,2,200,39b894e979d02788c848c89245aa679e7a3e3dca786d267c5ae62dcdbfab817b,4db6aa7af69e96de5ca88f4890129536991fb6b5a48192980711caf7e7cedb5c,203ffea723cb4cf0d5b2da185e1677d1c082fd4475784ccb7c3a518868d42cce,AdamW,0.01,0.0,0.5334353017574316,0.5338907893069809,0.4768148208204962,300
graphsage_pilot_v1_step300,election2020,linear,2,100,10,test,2,200,39b894e979d02788c848c89245aa679e7a3e3dca786d267c5ae62dcdbfab817b,4db6aa7af69e96de5ca88f4890129536991fb6b5a48192980711caf7e7cedb5c,203ffea723cb4cf0d5b2da185e1677d1c082fd4475784ccb7c3a518868d42cce,AdamW,0.01,0.0,0.5242406182221406,0.5298663457274974,0.4718834351587558,300
graphsage_pilot_v1_step300,election2020,linear,2,100,100,val,2,200,39b894e979d02788c848c89245aa679e7a3e3dca786d267c5ae62dcdbfab817b,4db6aa7af69e96de5ca88f4890129536991fb6b5a48192980711caf7e7cedb5c,203ffea723cb4cf0d5b2da185e1677d1c082fd4475784ccb7c3a518868d42cce,AdamW,0.01,0.0,0.5387401301088351,0.5274293677942481,0.509917911234734,300
graphsage_pilot_v1_step300,election2020,linear,2,100,100,test,2,200,39b894e979d02788c848c89245aa679e7a3e3dca786d267c5ae62dcdbfab817b,4db6aa7af69e96de5ca88f4890129536991fb6b5a48192980711caf7e7cedb5c,203ffea723cb4cf0d5b2da185e1677d1c082fd4475784ccb7c3a518868d42cce,AdamW,0.01,0.0,0.5365014890142661,0.5279660480141889,0.5102939047675944,300
graphsage_pilot_v1_step300,twibot20,linear,0,0,0,val,2,0,af5570f5a1810b7af78caf4bc70a660f0df51e42baf91d4de5b2328de0e83dfc,c914c5f482673ce0dc5d5512f45c0eaf22d1c0663629aa594d02d724b1b643bb,f89e55d9cfacf91222600ee60a2ba36a7e5c6eb5bd4c3c753e6136ad5559fc67,none,0.0,0.0,0.3329362163446976,0.3923890063424947,0.3911192585730049,300
graphsage_pilot_v1_step300,twibot20,linear,0,0,0,test,2,0,af5570f5a1810b7af78caf4bc70a660f0df51e42baf91d4de5b2328de0e83dfc,c914c5f482673ce0dc5d5512f45c0eaf22d1c0663629aa594d02d724b1b643bb,f89e55d9cfacf91222600ee60a2ba36a7e5c6eb5bd4c3c753e6136ad5559fc67,none,0.0,0.0,0.337350426855402,0.3951817413355875,0.3945066942789466,300
graphsage_pilot_v1_step300,twibot20,linear,0,1,0,val,2,2,14051f1842d654a1fc699db552fc13e8f1585d77ac0a7966c7bdf4a0cbf33455,c914c5f482673ce0dc5d5512f45c0eaf22d1c0663629aa594d02d724b1b643bb,f89e55d9cfacf91222600ee60a2ba36a7e5c6eb5bd4c3c753e6136ad5559fc67,AdamW,0.01,0.0,0.3329362163446976,0.3923890063424947,0.3911192585730049,300
graphsage_pilot_v1_step300,twibot20,linear,0,1,0,test,2,2,14051f1842d654a1fc699db552fc13e8f1585d77ac0a7966c7bdf4a0cbf33455,c914c5f482673ce0dc5d5512f45c0eaf22d1c0663629aa594d02d724b1b643bb,f89e55d9cfacf91222600ee60a2ba36a7e5c6eb5bd4c3c753e6136ad5559fc67,AdamW,0.01,0.0,0.337350426855402,0.3951817413355875,0.3945066942789466,300
graphsage_pilot_v1_step300,twibot20,linear,0,1,1,val,2,2,14051f1842d654a1fc699db552fc13e8f1585d77ac0a7966c7bdf4a0cbf33455,c914c5f482673ce0dc5d5512f45c0eaf22d1c0663629aa594d02d724b1b643bb,f89e55d9cfacf91222600ee60a2ba36a7e5c6eb5bd4c3c753e6136ad5559fc67,AdamW,0.01,0.0,0.6326522921911437,0.6063424947145878,0.5957970745512319,300
graphsage_pilot_v1_step300,twibot20,linear,0,1,1,test,2,2,14051f1842d654a1fc699db552fc13e8f1585d77ac0a7966c7bdf4a0cbf33455,c914c5f482673ce0dc5d5512f45c0eaf22d1c0663629aa594d02d724b1b643bb,f89e55d9cfacf91222600ee60a2ba36a7e5c6eb5bd4c3c753e6136ad5559fc67,AdamW,0.01,0.0,0.6233261708116624,0.6039729501267963,0.5950609661984874,300
graphsage_pilot_v1_step300,twibot20,linear,0,1,10,val,2,2,14051f1842d654a1fc699db552fc13e8f1585d77ac0a7966c7bdf4a0cbf33455,c914c5f482673ce0dc5d5512f45c0eaf22d1c0663629aa594d02d724b1b643bb,f89e55d9cfacf91222600ee60a2ba36a7e5c6eb5bd4c3c753e6136ad5559fc67,AdamW,0.01,0.0,0.5626343349667304,0.640169133192389,0.5982426691211888,300
graphsage_pilot_v1_step300,twibot20,linear,0,1,10,test,2,2,14051f1842d654a1fc699db552fc13e8f1585d77ac0a7966c7bdf4a0cbf33455,c914c5f482673ce0dc5d5512f45c0eaf22d1c0663629aa594d02d724b1b643bb,f89e55d9cfacf91222600ee60a2ba36a7e5c6eb5bd4c3c753e6136ad5559fc67,AdamW,0.01,0.0,0.5702306003776251,0.6352493660185968,0.5919152835556604,300
graphsage_pilot_v1_step300,twibot20,linear,0,1,100,val,2,2,14051f1842d654a1fc699db552fc13e8f1585d77ac0a7966c7bdf4a0cbf33455,c914c5f482673ce0dc5d5512f45c0eaf22d1c0663629aa594d02d724b1b643bb,f89e55d9cfacf91222600ee60a2ba36a7e5c6eb5bd4c3c753e6136ad5559fc67,AdamW,0.01,0.0,0.5249524256746279,0.5183932346723045,0.5113467060457656,300
graphsage_pilot_v1_step300,twibot20,linear,0,1,100,test,2,2,14051f1842d654a1fc699db552fc13e8f1585d77ac0a7966c7bdf4a0cbf33455,c914c5f482673ce0dc5d5512f45c0eaf22d1c0663629aa594d02d724b1b643bb,f89e55d9cfacf91222600ee60a2ba36a7e5c6eb5bd4c3c753e6136ad5559fc67,AdamW,0.01,0.0,0.5401632128253542,0.5321217244294167,0.5254277273307912,300
graphsage_pilot_v1_step300,twibot20,linear,0,10,0,val,2,20,46185d6d47cb175e619dec79be06f57e3b0186517497320f951227e139a80310,c914c5f482673ce0dc5d5512f45c0eaf22d1c0663629aa594d02d724b1b643bb,f89e55d9cfacf91222600ee60a2ba36a7e5c6eb5bd4c3c753e6136ad5559fc67,AdamW,0.01,0.0,0.3329362163446976,0.3923890063424947,0.3911192585730049,300
graphsage_pilot_v1_step300,twibot20,linear,0,10,0,test,2,20,46185d6d47cb175e619dec79be06f57e3b0186517497320f951227e139a80310,c914c5f482673ce0dc5d5512f45c0eaf22d1c0663629aa594d02d724b1b643bb,f89e55d9cfacf91222600ee60a2ba36a7e5c6eb5bd4c3c753e6136ad5559fc67,AdamW,0.01,0.0,0.337350426855402,0.3951817413355875,0.3945066942789466,300
graphsage_pilot_v1_step300,twibot20,linear,0,10,1,val,2,20,46185d6d47cb175e619dec79be06f57e3b0186517497320f951227e139a80310,c914c5f482673ce0dc5d5512f45c0eaf22d1c0663629aa594d02d724b1b643bb,f89e55d9cfacf91222600ee60a2ba36a7e5c6eb5bd4c3c753e6136ad5559fc67,AdamW,0.01,0.0,0.5982248580741565,0.599154334038055,0.5857776299745039,300
graphsage_pilot_v1_step300,twibot20,linear,0,10,1,test,2,20,46185d6d47cb175e619dec79be06f57e3b0186517497320f951227e139a80310,c914c5f482673ce0dc5d5512f45c0eaf22d1c0663629aa594d02d724b1b643bb,f89e55d9cfacf91222600ee60a2ba36a7e5c6eb5bd4c3c753e6136ad5559fc67,AdamW,0.01,0.0,0.5874496113704549,0.5989010989010989,0.587160296795866,300
graphsage_pilot_v1_step300,twibot20,linear,0,10,10,val,2,20,46185d6d47cb175e619dec79be06f57e3b0186517497320f951227e139a80310,c914c5f482673ce0dc5d5512f45c0eaf22d1c0663629aa594d02d724b1b643bb,f89e55d9cfacf91222600ee60a2ba36a7e5c6eb5bd4c3c753e6136ad5559fc67,AdamW,0.01,0.0,0.6212605420791828,0.5754756871035941,0.5527596203977445,300
graphsage_pilot_v1_step300,twibot20,linear,0,10,10,test,2,20,46185d6d47cb175e619dec79be06f57e3b0186517497320f951227e139a80310,c914c5f482673ce0dc5d5512f45c0eaf22d1c0663629aa594d02d724b1b643bb,f89e55d9cfacf91222600ee60a2ba36a7e5c6eb5bd4c3c753e6136ad5559fc67,AdamW,0.01,0.0,0.6065285130141668,0.569737954353339,0.5497925962700225,300
graphsage_pilot_v1_step300,twibot20,linear,0,10,100,val,2,20,46185d6d47cb175e619dec79be06f57e3b0186517497320f951227e139a80310,c914c5f482673ce0dc5d5512f45c0eaf22d1c0663629aa594d02d724b1b643bb,f89e55d9cfacf91222600ee60a2ba36a7e5c6eb5bd4c3c753e6136ad5559fc67,AdamW,0.01,0.0,0.532157780087047,0.6004228329809725,0.5956854663856812,300
graphsage_pilot_v1_step300,twibot20,linear,0,10,100,test,2,20,46185d6d47cb175e619dec79be06f57e3b0186517497320f951227e139a80310,c914c5f482673ce0dc5d5512f45c0eaf22d1c0663629aa594d02d724b1b643bb,f89e55d9cfacf91222600ee60a2ba36a7e5c6eb5bd4c3c753e6136ad5559fc67,AdamW,0.01,0.0,0.5270288663137532,0.5963651732882502,0.5938279201443397,300
graphsage_pilot_v1_step300,twibot20,linear,0,100,0,val,2,200,25fe39fe3accdb737c2ca133aad37bddb0a345ef2f9d6d1d90a71aa14b8b7951,c914c5f482673ce0dc5d5512f45c0eaf22d1c0663629aa594d02d724b1b643bb,f89e55d9cfacf91222600ee60a2ba36a7e5c6eb5bd4c3c753e6136ad5559fc67,AdamW,0.01,0.0,0.3329362163446976,0.3923890063424947,0.3911192585730049,300
graphsage_pilot_v1_step300,twibot20,linear,0,100,0,test,2,200,25fe39fe3accdb737c2ca133aad37bddb0a345ef2f9d6d1d90a71aa14b8b7951,c914c5f482673ce0dc5d5512f45c0eaf22d1c0663629aa594d02d724b1b643bb,f89e55d9cfacf91222600ee60a2ba36a7e5c6eb5bd4c3c753e6136ad5559fc67,AdamW,0.01,0.0,0.337350426855402,0.3951817413355875,0.3945066942789466,300
graphsage_pilot_v1_step300,twibot20,linear,0,100,1,val,2,200,25fe39fe3accdb737c2ca133aad37bddb0a345ef2f9d6d1d90a71aa14b8b7951,c914c5f482673ce0dc5d5512f45c0eaf22d1c0663629aa594d02d724b1b643bb,f89e55d9cfacf91222600ee60a2ba36a7e5c6eb5bd4c3c753e6136ad5559fc67,AdamW,0.01,0.0,0.6429983492107663,0.6063424947145878,0.5957970745512319,300
graphsage_pilot_v1_step300,twibot20,linear,0,100,1,test,2,200,25fe39fe3accdb737c2ca133aad37bddb0a345ef2f9d6d1d90a71aa14b8b7951,c914c5f482673ce0dc5d5512f45c0eaf22d1c0663629aa594d02d724b1b643bb,f89e55d9cfacf91222600ee60a2ba36a7e5c6eb5bd4c3c753e6136ad5559fc67,AdamW,0.01,0.0,0.6351740145258257,0.6043956043956044,0.5955449189985272,300
graphsage_pilot_v1_step300,twibot20,linear,0,100,10,val,2,200,25fe39fe3accdb737c2ca133aad37bddb0a345ef2f9d6d1d90a71aa14b8b7951,c914c5f482673ce0dc5d5512f45c0eaf22d1c0663629aa594d02d724b1b643bb,f89e55d9cfacf91222600ee60a2ba36a7e5c6eb5bd4c3c753e6136ad5559fc67,AdamW,0.01,0.0,0.6791026605388907,0.6207188160676532,0.6161506920724829,300
graphsage_pilot_v1_step300,twibot20,linear,0,100,10,test,2,200,25fe39fe3accdb737c2ca133aad37bddb0a345ef2f9d6d1d90a71aa14b8b7951,c914c5f482673ce0dc5d5512f45c0eaf22d1c0663629aa594d02d724b1b643bb,f89e55d9cfacf91222600ee60a2ba36a7e5c6eb5bd4c3c753e6136ad5559fc67,AdamW,0.01,0.0,0.665819857753478,0.6149619611158073,0.6119919922334529,300
graphsage_pilot_v1_step300,twibot20,linear,0,100,100,val,2,200,25fe39fe3accdb737c2ca133aad37bddb0a345ef2f9d6d1d90a71aa14b8b7951,c914c5f482673ce0dc5d5512f45c0eaf22d1c0663629aa594d02d724b1b643bb,f89e55d9cfacf91222600ee60a2ba36a7e5c6eb5bd4c3c753e6136ad5559fc67,AdamW,0.01,0.0,0.717576629810152,0.6896405919661733,0.6814600894306795,300
graphsage_pilot_v1_step300,twibot20,linear,0,100,100,test,2,200,25fe39fe3accdb737c2ca133aad37bddb0a345ef2f9d6d1d90a71aa14b8b7951,c914c5f482673ce0dc5d5512f45c0eaf22d1c0663629aa594d02d724b1b643bb,f89e55d9cfacf91222600ee60a2ba36a7e5c6eb5bd4c3c753e6136ad5559fc67,AdamW,0.01,0.0,0.698264053794206,0.6775147928994083,0.6697408998265153,300
graphsage_pilot_v1_step300,twibot20,linear,1,0,0,val,2,0,af5570f5a1810b7af78caf4bc70a660f0df51e42baf91d4de5b2328de0e83dfc,c914c5f482673ce0dc5d5512f45c0eaf22d1c0663629aa594d02d724b1b643bb,8a8ac6a74ff16f70c26373d03c9e72726890aaba776363757688178d530a945d,none,0.0,0.0,0.3700065075010181,0.4418604651162791,0.424304252381121,300
graphsage_pilot_v1_step300,twibot20,linear,1,0,0,test,2,0,af5570f5a1810b7af78caf4bc70a660f0df51e42baf91d4de5b2328de0e83dfc,c914c5f482673ce0dc5d5512f45c0eaf22d1c0663629aa594d02d724b1b643bb,8a8ac6a74ff16f70c26373d03c9e72726890aaba776363757688178d530a945d,none,0.0,0.0,0.3804261893454111,0.4353338968723584,0.4217986314760508,300
graphsage_pilot_v1_step300,twibot20,linear,1,1,0,val,2,2,3fa9e07a01626dee43bfd80cfd4791f403a8ca7a60afb4b6089f12b310e7db04,c914c5f482673ce0dc5d5512f45c0eaf22d1c0663629aa594d02d724b1b643bb,8a8ac6a74ff16f70c26373d03c9e72726890aaba776363757688178d530a945d,AdamW,0.01,0.0,0.3700065075010181,0.4418604651162791,0.424304252381121,300
graphsage_pilot_v1_step300,twibot20,linear,1,1,0,test,2,2,3fa9e07a01626dee43bfd80cfd4791f403a8ca7a60afb4b6089f12b310e7db04,c914c5f482673ce0dc5d5512f45c0eaf22d1c0663629aa594d02d724b1b643bb,8a8ac6a74ff16f70c26373d03c9e72726890aaba776363757688178d530a945d,AdamW,0.01,0.0,0.3804261893454111,0.4353338968723584,0.4217986314760508,300
graphsage_pilot_v1_step300,twibot20,linear,1,1,1,val,2,2,3fa9e07a01626dee43bfd80cfd4791f403a8ca7a60afb4b6089f12b310e7db04,c914c5f482673ce0dc5d5512f45c0eaf22d1c0663629aa594d02d724b1b643bb,8a8ac6a74ff16f70c26373d03c9e72726890aaba776363757688178d530a945d,AdamW,0.01,0.0,0.6823165544158974,0.66723044397463,0.647314643380874,300
graphsage_pilot_v1_step300,twibot20,linear,1,1,1,test,2,2,3fa9e07a01626dee43bfd80cfd4791f403a8ca7a60afb4b6089f12b310e7db04,c914c5f482673ce0dc5d5512f45c0eaf22d1c0663629aa594d02d724b1b643bb,8a8ac6a74ff16f70c26373d03c9e72726890aaba776363757688178d530a945d,AdamW,0.01,0.0,0.6700536609945673,0.6551141166525782,0.6355638309198113,300
graphsage_pilot_v1_step300,twibot20,linear,1,1,10,val,2,2,3fa9e07a01626dee43bfd80cfd4791f403a8ca7a60afb4b6089f12b310e7db04,c914c5f482673ce0dc5d5512f45c0eaf22d1c0663629aa594d02d724b1b643bb,8a8ac6a74ff16f70c26373d03c9e72726890aaba776363757688178d530a945d,AdamW,0.01,0.0,0.6787175005398762,0.6194503171247357,0.6146852964560823,300
graphsage_pilot_v1_step300,twibot20,linear,1,1,10,test,2,2,3fa9e07a01626dee43bfd80cfd4791f403a8ca7a60afb4b6089f12b310e7db04,c914c5f482673ce0dc5d5512f45c0eaf22d1c0663629aa594d02d724b1b643bb,8a8ac6a74ff16f70c26373d03c9e72726890aaba776363757688178d530a945d,AdamW,0.01,0.0,0.6676189345411159,0.6153846153846154,0.6122716824671007,300
graphsage_pilot_v1_step300,twibot20,linear,1,1,100,val,2,2,3fa9e07a01626dee43bfd80cfd4791f403a8ca7a60afb4b6089f12b310e7db04,c914c5f482673ce0dc5d5512f45c0eaf22d1c0663629aa594d02d724b1b643bb,8a8ac6a74ff16f70c26373d03c9e72726890aaba776363757688178d530a945d,AdamW,0.01,0.0,0.6787910541426982,0.6194503171247357,0.6146852964560823,300
graphsage_pilot_v1_step300,twibot20,linear,1,1,100,test,2,2,3fa9e07a01626dee43bfd80cfd4791f403a8ca7a60afb4b6089f12b310e7db04,c914c5f482673ce0dc5d5512f45c0eaf22d1c0663629aa594d02d724b1b643bb,8a8ac6a74ff16f70c26373d03c9e72726890aaba776363757688178d530a945d,AdamW,0.01,0.0,0.667625812299459,0.6153846153846154,0.6122716824671007,300
graphsage_pilot_v1_step300,twibot20,linear,1,10,0,val,2,20,8b0103cc8fe7d02ca3e622c39a7215d65913dfa1510e728f43df582a11d9c6e6,c914c5f482673ce0dc5d5512f45c0eaf22d1c0663629aa594d02d724b1b643bb,8a8ac6a74ff16f70c26373d03c9e72726890aaba776363757688178d530a945d,AdamW,0.01,0.0,0.3700065075010181,0.4418604651162791,0.424304252381121,300
graphsage_pilot_v1_step300,twibot20,linear,1,10,0,test,2,20,8b0103cc8fe7d02ca3e622c39a7215d65913dfa1510e728f43df582a11d9c6e6,c914c5f482673ce0dc5d5512f45c0eaf22d1c0663629aa594d02d724b1b643bb,8a8ac6a74ff16f70c26373d03c9e72726890aaba776363757688178d530a945d,AdamW,0.01,0.0,0.3804261893454111,0.4353338968723584,0.4217986314760508,300
graphsage_pilot_v1_step300,twibot20,linear,1,10,1,val,2,20,8b0103cc8fe7d02ca3e622c39a7215d65913dfa1510e728f43df582a11d9c6e6,c914c5f482673ce0dc5d5512f45c0eaf22d1c0663629aa594d02d724b1b643bb,8a8ac6a74ff16f70c26373d03c9e72726890aaba776363757688178d530a945d,AdamW,0.01,0.0,0.6496123761364575,0.6634249471458774,0.639184307447921,300
graphsage_pilot_v1_step300,twibot20,linear,1,10,1,test,2,20,8b0103cc8fe7d02ca3e622c39a7215d65913dfa1510e728f43df582a11d9c6e6,c914c5f482673ce0dc5d5512f45c0eaf22d1c0663629aa594d02d724b1b643bb,8a8ac6a74ff16f70c26373d03c9e72726890aaba776363757688178d530a945d,AdamW,0.01,0.0,0.6402338727426473,0.6496196111580727,0.6254524032535416,300
graphsage_pilot_v1_step300,twibot20,linear,1,10,10,val,2,20,8b0103cc8fe7d02ca3e622c39a7215d65913dfa1510e728f43df582a11d9c6e6,c914c5f482673ce0dc5d5512f45c0eaf22d1c0663629aa594d02d724b1b643bb,8a8ac6a74ff16f70c26373d03c9e72726890aaba776363757688178d530a945d,AdamW,0.01,0.0,0.5703407959441891,0.6177589852008457,0.596321891167252,300
graphsage_pilot_v1_step300,twibot20,linear,1,10,10,test,2,20,8b0103cc8fe7d02ca3e622c39a7215d65913dfa1510e728f43df582a11d9c6e6,c914c5f482673ce0dc5d5512f45c0eaf22d1c0663629aa594d02d724b1b643bb,8a8ac6a74ff16f70c26373d03c9e72726890aaba776363757688178d530a945d,AdamW,0.01,0.0,0.5672159702996675,0.6086221470836856,0.5850427852253658,300
graphsage_pilot_v1_step300,twibot20,linear,1,10,100,val,2,20,8b0103cc8fe7d02ca3e622c39a7215d65913dfa1510e728f43df582a11d9c6e6,c914c5f482673ce0dc5d5512f45c0eaf22d1c0663629aa594d02d724b1b643bb,8a8ac6a74ff16f70c26373d03c9e72726890aaba776363757688178d530a945d,AdamW,0.01,0.0,0.6736944778998599,0.6490486257928119,0.6451147160194561,300
graphsage_pilot_v1_step300,twibot20,linear,1,10,100,test,2,20,8b0103cc8fe7d02ca3e622c39a7215d65913dfa1510e728f43df582a11d9c6e6,c914c5f482673ce0dc5d5512f45c0eaf22d1c0663629aa594d02d724b1b643bb,8a8ac6a74ff16f70c26373d03c9e72726890aaba776363757688178d530a945d,AdamW,0.01,0.0,0.6604320390598756,0.6377852916314455,0.6325279315358634,300
graphsage_pilot_v1_step300,twibot20,linear,1,100,0,val,2,200,2d47d792497500b8c0a151809b0bf0345373170a6472d915316897c1cf3fa4d8,c914c5f482673ce0dc5d5512f45c0eaf22d1c0663629aa594d02d724b1b643bb,8a8ac6a74ff16f70c26373d03c9e72726890aaba776363757688178d530a945d,AdamW,0.01,0.0,0.3700065075010181,0.4418604651162791,0.424304252381121,300
graphsage_pilot_v1_step300,twibot20,linear,1,100,0,test,2,200,2d47d792497500b8c0a151809b0bf0345373170a6472d915316897c1cf3fa4d8,c914c5f482673ce0dc5d5512f45c0eaf22d1c0663629aa594d02d724b1b643bb,8a8ac6a74ff16f70c26373d03c9e72726890aaba776363757688178d530a945d,AdamW,0.01,0.0,0.3804261893454111,0.4353338968723584,0.4217986314760508,300
graphsage_pilot_v1_step300,twibot20,linear,1,100,1,val,2,200,2d47d792497500b8c0a151809b0bf0345373170a6472d915316897c1cf3fa4d8,c914c5f482673ce0dc5d5512f45c0eaf22d1c0663629aa594d02d724b1b643bb,8a8ac6a74ff16f70c26373d03c9e72726890aaba776363757688178d530a945d,AdamW,0.01,0.0,0.631227598761111,0.6109936575052854,0.6013949527858753,300
graphsage_pilot_v1_step300,twibot20,linear,1,100,1,test,2,200,2d47d792497500b8c0a151809b0bf0345373170a6472d915316897c1cf3fa4d8,c914c5f482673ce0dc5d5512f45c0eaf22d1c0663629aa594d02d724b1b643bb,8a8ac6a74ff16f70c26373d03c9e72726890aaba776363757688178d530a945d,AdamW,0.01,0.0,0.6247980110970821,0.6052409129332206,0.5974090991237837,300
graphsage_pilot_v1_step300,twibot20,linear,1,100,10,val,2,200,2d47d792497500b8c0a151809b0bf0345373170a6472d915316897c1cf3fa4d8,c914c5f482673ce0dc5d5512f45c0eaf22d1c0663629aa594d02d724b1b643bb,8a8ac6a74ff16f70c26373d03c9e72726890aaba776363757688178d530a945d,AdamW,0.01,0.0,0.6633252315670323,0.6059196617336152,0.5944930620558921,300
graphsage_pilot_v1_step300,twibot20,linear,1,100,10,test,2,200,2d47d792497500b8c0a151809b0bf0345373170a6472d915316897c1cf3fa4d8,c914c5f482673ce0dc5d5512f45c0eaf22d1c0663629aa594d02d724b1b643bb,8a8ac6a74ff16f70c26373d03c9e72726890aaba776363757688178d530a945d,AdamW,0.01,0.0,0.6548994254537872,0.6052409129332206,0.5955629575402636,300
graphsage_pilot_v1_step300,twibot20,linear,1,100,100,val,2,200,2d47d792497500b8c0a151809b0bf0345373170a6472d915316897c1cf3fa4d8,c914c5f482673ce0dc5d5512f45c0eaf22d1c0663629aa594d02d724b1b643bb,8a8ac6a74ff16f70c26373d03c9e72726890aaba776363757688178d530a945d,AdamW,0.01,0.0,0.7199948403778119,0.6959830866807611,0.6851851406149649,300
graphsage_pilot_v1_step300,twibot20,linear,1,100,100,test,2,200,2d47d792497500b8c0a151809b0bf0345373170a6472d915316897c1cf3fa4d8,c914c5f482673ce0dc5d5512f45c0eaf22d1c0663629aa594d02d724b1b643bb,8a8ac6a74ff16f70c26373d03c9e72726890aaba776363757688178d530a945d,AdamW,0.01,0.0,0.7029105225358803,0.6741335587489433,0.6631625479376626,300
graphsage_pilot_v1_step300,twibot20,linear,2,0,0,val,2,0,af5570f5a1810b7af78caf4bc70a660f0df51e42baf91d4de5b2328de0e83dfc,c914c5f482673ce0dc5d5512f45c0eaf22d1c0663629aa594d02d724b1b643bb,203ffea723cb4cf0d5b2da185e1677d1c082fd4475784ccb7c3a518868d42cce,none,0.0,0.0,0.5356941503508108,0.5488372093023256,0.5013255077490082,300
graphsage_pilot_v1_step300,twibot20,linear,2,0,0,test,2,0,af5570f5a1810b7af78caf4bc70a660f0df51e42baf91d4de5b2328de0e83dfc,c914c5f482673ce0dc5d5512f45c0eaf22d1c0663629aa594d02d724b1b643bb,203ffea723cb4cf0d5b2da185e1677d1c082fd4475784ccb7c3a518868d42cce,none,0.0,0.0,0.5563889307185302,0.5562130177514792,0.5157404339096704,300
graphsage_pilot_v1_step300,twibot20,linear,2,1,0,val,2,2,40d653b81498ca59f7f885eeb08b50e37144bd7c85a2b1f4cd0de14263414e43,c914c5f482673ce0dc5d5512f45c0eaf22d1c0663629aa594d02d724b1b643bb,203ffea723cb4cf0d5b2da185e1677d1c082fd4475784ccb7c3a518868d42cce,AdamW,0.01,0.0,0.5356941503508108,0.5488372093023256,0.5013255077490082,300
graphsage_pilot_v1_step300,twibot20,linear,2,1,0,test,2,2,40d653b81498ca59f7f885eeb08b50e37144bd7c85a2b1f4cd0de14263414e43,c914c5f482673ce0dc5d5512f45c0eaf22d1c0663629aa594d02d724b1b643bb,203ffea723cb4cf0d5b2da185e1677d1c082fd4475784ccb7c3a518868d42cce,AdamW,0.01,0.0,0.5563889307185302,0.5562130177514792,0.5157404339096704,300
graphsage_pilot_v1_step300,twibot20,linear,2,1,1,val,2,2,40d653b81498ca59f7f885eeb08b50e37144bd7c85a2b1f4cd0de14263414e43,c914c5f482673ce0dc5d5512f45c0eaf22d1c0663629aa594d02d724b1b643bb,203ffea723cb4cf0d5b2da185e1677d1c082fd4475784ccb7c3a518868d42cce,AdamW,0.01,0.0,0.6012333091294878,0.5695560253699788,0.5673989854341229,300
graphsage_pilot_v1_step300,twibot20,linear,2,1,1,test,2,2,40d653b81498ca59f7f885eeb08b50e37144bd7c85a2b1f4cd0de14263414e43,c914c5f482673ce0dc5d5512f45c0eaf22d1c0663629aa594d02d724b1b643bb,203ffea723cb4cf0d5b2da185e1677d1c082fd4475784ccb7c3a518868d42cce,AdamW,0.01,0.0,0.5867734191291455,0.5722738799661876,0.569947985516409,300
graphsage_pilot_v1_step300,twibot20,linear,2,1,10,val,2,2,40d653b81498ca59f7f885eeb08b50e37144bd7c85a2b1f4cd0de14263414e43,c914c5f482673ce0dc5d5512f45c0eaf22d1c0663629aa594d02d724b1b643bb,203ffea723cb4cf0d5b2da185e1677d1c082fd4475784ccb7c3a518868d42cce,AdamW,0.01,0.0,0.6892900156962664,0.6731501057082453,0.6630225110020507,300
graphsage_pilot_v1_step300,twibot20,linear,2,1,10,test,2,2,40d653b81498ca59f7f885eeb08b50e37144bd7c85a2b1f4cd0de14263414e43,c914c5f482673ce0dc5d5512f45c0eaf22d1c0663629aa594d02d724b1b643bb,203ffea723cb4cf0d5b2da185e1677d1c082fd4475784ccb7c3a518868d42cce,AdamW,0.01,0.0,0.6620428824612818,0.6555367709213863,0.6452445356465504,300
graphsage_pilot_v1_step300,twibot20,linear,2,1,100,val,2,2,40d653b81498ca59f7f885eeb08b50e37144bd7c85a2b1f4cd0de14263414e43,c914c5f482673ce0dc5d5512f45c0eaf22d1c0663629aa594d02d724b1b643bb,203ffea723cb4cf0d5b2da185e1677d1c082fd4475784ccb7c3a518868d42cce,AdamW,0.01,0.0,0.6893385683207893,0.6731501057082453,0.6632251299602884,300
graphsage_pilot_v1_step300,twibot20,linear,2,1,100,test,2,2,40d653b81498ca59f7f885eeb08b50e37144bd7c85a2b1f4cd0de14263414e43,c914c5f482673ce0dc5d5512f45c0eaf22d1c0663629aa594d02d724b1b643bb,203ffea723cb4cf0d5b2da185e1677d1c082fd4475784ccb7c3a518868d42cce,AdamW,0.01,0.0,0.661953833590103,0.6551141166525782,0.6452773613193403,300
graphsage_pilot_v1_step300,twibot20,linear,2,10,0,val,2,20,4c2a419e0d2e41e89d85ace836b7bd09c1adfddfa85a64a49bddcc59c0f8b049,c914c5f482673ce0dc5d5512f45c0eaf22d1c0663629aa594d02d724b1b643bb,203ffea723cb4cf0d5b2da185e1677d1c082fd4475784ccb7c3a518868d42cce,AdamW,0.01,0.0,0.5356941503508108,0.5488372093023256,0.5013255077490082,300
graphsage_pilot_v1_step300,twibot20,linear,2,10,0,test,2,20,4c2a419e0d2e41e89d85ace836b7bd09c1adfddfa85a64a49bddcc59c0f8b049,c914c5f482673ce0dc5d5512f45c0eaf22d1c0663629aa594d02d724b1b643bb,203ffea723cb4cf0d5b2da185e1677d1c082fd4475784ccb7c3a518868d42cce,AdamW,0.01,0.0,0.5563889307185302,0.5562130177514792,0.5157404339096704,300
graphsage_pilot_v1_step300,twibot20,linear,2,10,1,val,2,20,4c2a419e0d2e41e89d85ace836b7bd09c1adfddfa85a64a49bddcc59c0f8b049,c914c5f482673ce0dc5d5512f45c0eaf22d1c0663629aa594d02d724b1b643bb,203ffea723cb4cf0d5b2da185e1677d1c082fd4475784ccb7c3a518868d42cce,AdamW,0.01,0.0,0.6477496220866614,0.6067653276955602,0.5962877822286963,300
graphsage_pilot_v1_step300,twibot20,linear,2,10,1,test,2,20,4c2a419e0d2e41e89d85ace836b7bd09c1adfddfa85a64a49bddcc59c0f8b049,c914c5f482673ce0dc5d5512f45c0eaf22d1c0663629aa594d02d724b1b643bb,203ffea723cb4cf0d5b2da185e1677d1c082fd4475784ccb7c3a518868d42cce,AdamW,0.01,0.0,0.6528469575692989,0.6039729501267963,0.5951644904134379,300
graphsage_pilot_v1_step300,twibot20,linear,2,10,10,val,2,20,4c2a419e0d2e41e89d85ace836b7bd09c1adfddfa85a64a49bddcc59c0f8b049,c914c5f482673ce0dc5d5512f45c0eaf22d1c0663629aa594d02d724b1b643bb,203ffea723cb4cf0d5b2da185e1677d1c082fd4475784ccb7c3a518868d42cce,AdamW,0.01,0.0,0.6888827533831033,0.6684989429175475,0.6514537672829426,300
graphsage_pilot_v1_step300,twibot20,linear,2,10,10,test,2,20,4c2a419e0d2e41e89d85ace836b7bd09c1adfddfa85a64a49bddcc59c0f8b049,c914c5f482673ce0dc5d5512f45c0eaf22d1c0663629aa594d02d724b1b643bb,203ffea723cb4cf0d5b2da185e1677d1c082fd4475784ccb7c3a518868d42cce,AdamW,0.01,0.0,0.6762979415955241,0.6576500422654269,0.641241351424207,300
graphsage_pilot_v1_step300,twibot20,linear,2,10,100,val,2,20,4c2a419e0d2e41e89d85ace836b7bd09c1adfddfa85a64a49bddcc59c0f8b049,c914c5f482673ce0dc5d5512f45c0eaf22d1c0663629aa594d02d724b1b643bb,203ffea723cb4cf0d5b2da185e1677d1c082fd4475784ccb7c3a518868d42cce,AdamW,0.01,0.0,0.6993230169876212,0.6782241014799154,0.6700609605302886,300
graphsage_pilot_v1_step300,twibot20,linear,2,10,100,test,2,20,4c2a419e0d2e41e89d85ace836b7bd09c1adfddfa85a64a49bddcc59c0f8b049,c914c5f482673ce0dc5d5512f45c0eaf22d1c0663629aa594d02d724b1b643bb,203ffea723cb4cf0d5b2da185e1677d1c082fd4475784ccb7c3a518868d42cce,AdamW,0.01,0.0,0.6829932583488747,0.6648351648351648,0.6571159248901348,300
graphsage_pilot_v1_step300,twibot20,linear,2,100,0,val,2,200,5708cd030fbe4119391ef44d81cbe9873693c4e02ee2e1770943dbc60f51ba9e,c914c5f482673ce0dc5d5512f45c0eaf22d1c0663629aa594d02d724b1b643bb,203ffea723cb4cf0d5b2da185e1677d1c082fd4475784ccb7c3a518868d42cce,AdamW,0.01,0.0,0.5356941503508108,0.5488372093023256,0.5013255077490082,300
graphsage_pilot_v1_step300,twibot20,linear,2,100,0,test,2,200,5708cd030fbe4119391ef44d81cbe9873693c4e02ee2e1770943dbc60f51ba9e,c914c5f482673ce0dc5d5512f45c0eaf22d1c0663629aa594d02d724b1b643bb,203ffea723cb4cf0d5b2da185e1677d1c082fd4475784ccb7c3a518868d42cce,AdamW,0.01,0.0,0.5563889307185302,0.5562130177514792,0.5157404339096704,300
graphsage_pilot_v1_step300,twibot20,linear,2,100,1,val,2,200,5708cd030fbe4119391ef44d81cbe9873693c4e02ee2e1770943dbc60f51ba9e,c914c5f482673ce0dc5d5512f45c0eaf22d1c0663629aa594d02d724b1b643bb,203ffea723cb4cf0d5b2da185e1677d1c082fd4475784ccb7c3a518868d42cce,AdamW,0.01,0.0,0.6530980197775855,0.6591966173361522,0.6328980675338601,300
graphsage_pilot_v1_step300,twibot20,linear,2,100,1,test,2,200,5708cd030fbe4119391ef44d81cbe9873693c4e02ee2e1770943dbc60f51ba9e,c914c5f482673ce0dc5d5512f45c0eaf22d1c0663629aa594d02d724b1b643bb,203ffea723cb4cf0d5b2da185e1677d1c082fd4475784ccb7c3a518868d42cce,AdamW,0.01,0.0,0.6440383590682158,0.6500422654268808,0.6244179483561451,300
graphsage_pilot_v1_step300,twibot20,linear,2,100,10,val,2,200,5708cd030fbe4119391ef44d81cbe9873693c4e02ee2e1770943dbc60f51ba9e,c914c5f482673ce0dc5d5512f45c0eaf22d1c0663629aa594d02d724b1b643bb,203ffea723cb4cf0d5b2da185e1677d1c082fd4475784ccb7c3a518868d42cce,AdamW,0.01,0.0,0.5872092096357393,0.6295983086680761,0.5742080756064597,300
graphsage_pilot_v1_step300,twibot20,linear,2,100,10,test,2,200,5708cd030fbe4119391ef44d81cbe9873693c4e02ee2e1770943dbc60f51ba9e,c914c5f482673ce0dc5d5512f45c0eaf22d1c0663629aa594d02d724b1b643bb,203ffea723cb4cf0d5b2da185e1677d1c082fd4475784ccb7c3a518868d42cce,AdamW,0.01,0.0,0.5945916204288247,0.628909551986475,0.575680105365675,300
graphsage_pilot_v1_step300,twibot20,linear,2,100,100,val,2,200,5708cd030fbe4119391ef44d81cbe9873693c4e02ee2e1770943dbc60f51ba9e,c914c5f482673ce0dc5d5512f45c0eaf22d1c0663629aa594d02d724b1b643bb,203ffea723cb4cf0d5b2da185e1677d1c082fd4475784ccb7c3a518868d42cce,AdamW,0.01,0.0,0.6692921317210963,0.6883720930232559,0.6757844811887646,300
graphsage_pilot_v1_step300,twibot20,linear,2,100,100,test,2,200,5708cd030fbe4119391ef44d81cbe9873693c4e02ee2e1770943dbc60f51ba9e,c914c5f482673ce0dc5d5512f45c0eaf22d1c0663629aa594d02d724b1b643bb,203ffea723cb4cf0d5b2da185e1677d1c082fd4475784ccb7c3a518868d42cce,AdamW,0.01,0.0,0.6507105086355687,0.6686390532544378,0.6569911203322572,300
graphsage_pilot_v1_step300,ukr_rus_suspended,linear,0,0,0,val,2,0,af5570f5a1810b7af78caf4bc70a660f0df51e42baf91d4de5b2328de0e83dfc,0c2e028dcb3262ef92e92564f4c55cdddd6f64945b22ac315f10631df10ccb82,f89e55d9cfacf91222600ee60a2ba36a7e5c6eb5bd4c3c753e6136ad5559fc67,none,0.0,0.0,0.4781820780468647,0.4642509081243909,0.4611807180150479,300
graphsage_pilot_v1_step300,ukr_rus_suspended,linear,0,0,0,test,2,0,af5570f5a1810b7af78caf4bc70a660f0df51e42baf91d4de5b2328de0e83dfc,0c2e028dcb3262ef92e92564f4c55cdddd6f64945b22ac315f10631df10ccb82,f89e55d9cfacf91222600ee60a2ba36a7e5c6eb5bd4c3c753e6136ad5559fc67,none,0.0,0.0,0.4757228123526024,0.4685506732813607,0.4658475721407998,300
graphsage_pilot_v1_step300,ukr_rus_suspended,linear,0,1,0,val,2,2,7c99d61e9eb10c63a19f4bcdb05d6e9b3a56a8705bfc738ad72bda57e541b60d,0c2e028dcb3262ef92e92564f4c55cdddd6f64945b22ac315f10631df10ccb82,f89e55d9cfacf91222600ee60a2ba36a7e5c6eb5bd4c3c753e6136ad5559fc67,AdamW,0.01,0.0,0.4781820780468647,0.4642509081243909,0.4611807180150479,300
graphsage_pilot_v1_step300,ukr_rus_suspended,linear,0,1,0,test,2,2,7c99d61e9eb10c63a19f4bcdb05d6e9b3a56a8705bfc738ad72bda57e541b60d,0c2e028dcb3262ef92e92564f4c55cdddd6f64945b22ac315f10631df10ccb82,f89e55d9cfacf91222600ee60a2ba36a7e5c6eb5bd4c3c753e6136ad5559fc67,AdamW,0.01,0.0,0.4757228123526024,0.4685506732813607,0.4658475721407998,300
graphsage_pilot_v1_step300,ukr_rus_suspended,linear,0,1,1,val,2,2,7c99d61e9eb10c63a19f4bcdb05d6e9b3a56a8705bfc738ad72bda57e541b60d,0c2e028dcb3262ef92e92564f4c55cdddd6f64945b22ac315f10631df10ccb82,f89e55d9cfacf91222600ee60a2ba36a7e5c6eb5bd4c3c753e6136ad5559fc67,AdamW,0.01,0.0,0.4842899036447423,0.5404447594577833,0.4985066942916409,300
graphsage_pilot_v1_step300,ukr_rus_suspended,linear,0,1,1,test,2,2,7c99d61e9eb10c63a19f4bcdb05d6e9b3a56a8705bfc738ad72bda57e541b60d,0c2e028dcb3262ef92e92564f4c55cdddd6f64945b22ac315f10631df10ccb82,f89e55d9cfacf91222600ee60a2ba36a7e5c6eb5bd4c3c753e6136ad5559fc67,AdamW,0.01,0.0,0.4824653072323103,0.5388908575478384,0.4961689823077432,300
graphsage_pilot_v1_step300,ukr_rus_suspended,linear,0,1,10,val,2,2,7c99d61e9eb10c63a19f4bcdb05d6e9b3a56a8705bfc738ad72bda57e541b60d,0c2e028dcb3262ef92e92564f4c55cdddd6f64945b22ac315f10631df10ccb82,f89e55d9cfacf91222600ee60a2ba36a7e5c6eb5bd4c3c753e6136ad5559fc67,AdamW,0.01,0.0,0.4601182090075271,0.5369894568973155,0.5096096155515288,300
graphsage_pilot_v1_step300,ukr_rus_suspended,linear,0,1,10,test,2,2,7c99d61e9eb10c63a19f4bcdb05d6e9b3a56a8705bfc738ad72bda57e541b60d,0c2e028dcb3262ef92e92564f4c55cdddd6f64945b22ac315f10631df10ccb82,f89e55d9cfacf91222600ee60a2ba36a7e5c6eb5bd4c3c753e6136ad5559fc67,AdamW,0.01,0.0,0.4645043307836596,0.532512402551382,0.5060008225693198,300
graphsage_pilot_v1_step300,ukr_rus_suspended,linear,0,1,100,val,2,2,7c99d61e9eb10c63a19f4bcdb05d6e9b3a56a8705bfc738ad72bda57e541b60d,0c2e028dcb3262ef92e92564f4c55cdddd6f64945b22ac315f10631df10ccb82,f89e55d9cfacf91222600ee60a2ba36a7e5c6eb5bd4c3c753e6136ad5559fc67,AdamW,0.01,0.0,0.4601239176765543,0.5356604943740586,0.5096406872126598,300
graphsage_pilot_v1_step300,ukr_rus_suspended,linear,0,1,100,test,2,2,7c99d61e9eb10c63a19f4bcdb05d6e9b3a56a8705bfc738ad72bda57e541b60d,0c2e028dcb3262ef92e92564f4c55cdddd6f64945b22ac315f10631df10ccb82,f89e55d9cfacf91222600ee60a2ba36a7e5c6eb5bd4c3c753e6136ad5559fc67,AdamW,0.01,0.0,0.4645106334730172,0.5314493267186393,0.5061479183560512,300
graphsage_pilot_v1_step300,ukr_rus_suspended,linear,0,10,0,val,2,20,e5a82878379041fa98c0278a2e88145c8947d0c76c48e42e2c7c3a50b79d1cad,0c2e028dcb3262ef92e92564f4c55cdddd6f64945b22ac315f10631df10ccb82,f89e55d9cfacf91222600ee60a2ba36a7e5c6eb5bd4c3c753e6136ad5559fc67,AdamW,0.01,0.0,0.4781820780468647,0.4642509081243909,0.4611807180150479,300
graphsage_pilot_v1_step300,ukr_rus_suspended,linear,0,10,0,test,2,20,e5a82878379041fa98c0278a2e88145c8947d0c76c48e42e2c7c3a50b79d1cad,0c2e028dcb3262ef92e92564f4c55cdddd6f64945b22ac315f10631df10ccb82,f89e55d9cfacf91222600ee60a2ba36a7e5c6eb5bd4c3c753e6136ad5559fc67,AdamW,0.01,0.0,0.4757228123526024,0.4685506732813607,0.4658475721407998,300
graphsage_pilot_v1_step300,ukr_rus_suspended,linear,0,10,1,val,2,20,e5a82878379041fa98c0278a2e88145c8947d0c76c48e42e2c7c3a50b79d1cad,0c2e028dcb3262ef92e92564f4c55cdddd6f64945b22ac315f10631df10ccb82,f89e55d9cfacf91222600ee60a2ba36a7e5c6eb5bd4c3c753e6136ad5559fc67,AdamW,0.01,0.0,0.4702613560542863,0.5388500044298751,0.5087935433372459,300
graphsage_pilot_v1_step300,ukr_rus_suspended,linear,0,10,1,test,2,20,e5a82878379041fa98c0278a2e88145c8947d0c76c48e42e2c7c3a50b79d1cad,0c2e028dcb3262ef92e92564f4c55cdddd6f64945b22ac315f10631df10ccb82,f89e55d9cfacf91222600ee60a2ba36a7e5c6eb5bd4c3c753e6136ad5559fc67,AdamW,0.01,0.0,0.473124641212977,0.5355244507441531,0.5058310622789717,300
graphsage_pilot_v1_step300,ukr_rus_suspended,linear,0,10,10,val,2,20,e5a82878379041fa98c0278a2e88145c8947d0c76c48e42e2c7c3a50b79d1cad,0c2e028dcb3262ef92e92564f4c55cdddd6f64945b22ac315f10631df10ccb82,f89e55d9cfacf91222600ee60a2ba36a7e5c6eb5bd4c3c753e6136ad5559fc67,AdamW,0.01,0.0,0.5637600761224482,0.5407105519624347,0.4979222810795983,300
graphsage_pilot_v1_step300,ukr_rus_suspended,linear,0,10,10,test,2,20,e5a82878379041fa98c0278a2e88145c8947d0c76c48e42e2c7c3a50b79d1cad,0c2e028dcb3262ef92e92564f4c55cdddd6f64945b22ac315f10631df10ccb82,f89e55d9cfacf91222600ee60a2ba36a7e5c6eb5bd4c3c753e6136ad5559fc67,AdamW,0.01,0.0,0.558629095606524,0.5401311126860383,0.4965541985201242,300
graphsage_pilot_v1_step300,ukr_rus_suspended,linear,0,10,100,val,2,20,e5a82878379041fa98c0278a2e88145c8947d0c76c48e42e2c7c3a50b79d1cad,0c2e028dcb3262ef92e92564f4c55cdddd6f64945b22ac315f10631df10ccb82,f89e55d9cfacf91222600ee60a2ba36a7e5c6eb5bd4c3c753e6136ad5559fc67,AdamW,0.01,0.0,0.5736829328677889,0.5594932222911314,0.5588618677623948,300
graphsage_pilot_v1_step300,ukr_rus_suspended,linear,0,10,100,test,2,20,e5a82878379041fa98c0278a2e88145c8947d0c76c48e42e2c7c3a50b79d1cad,0c2e028dcb3262ef92e92564f4c55cdddd6f64945b22ac315f10631df10ccb82,f89e55d9cfacf91222600ee60a2ba36a7e5c6eb5bd4c3c753e6136ad5559fc67,AdamW,0.01,0.0,0.56459369069925,0.5534195605953225,0.552620685916577,300
graphsage_pilot_v1_step300,ukr_rus_suspended,linear,0,100,0,val,2,200,0e6e836a2d142a85ab039b2a0676f9ba6b8c674a523a6ccbb1030280fce6a8bd,0c2e028dcb3262ef92e92564f4c55cdddd6f64945b22ac315f10631df10ccb82,f89e55d9cfacf91222600ee60a2ba36a7e5c6eb5bd4c3c753e6136ad5559fc67,AdamW,0.01,0.0,0.4781820780468647,0.4642509081243909,0.4611807180150479,300
graphsage_pilot_v1_step300,ukr_rus_suspended,linear,0,100,0,test,2,200,0e6e836a2d142a85ab039b2a0676f9ba6b8c674a523a6ccbb1030280fce6a8bd,0c2e028dcb3262ef92e92564f4c55cdddd6f64945b22ac315f10631df10ccb82,f89e55d9cfacf91222600ee60a2ba36a7e5c6eb5bd4c3c753e6136ad5559fc67,AdamW,0.01,0.0,0.4757228123526024,0.4685506732813607,0.4658475721407998,300
graphsage_pilot_v1_step300,ukr_rus_suspended,linear,0,100,1,val,2,200,0e6e836a2d142a85ab039b2a0676f9ba6b8c674a523a6ccbb1030280fce6a8bd,0c2e028dcb3262ef92e92564f4c55cdddd6f64945b22ac315f10631df10ccb82,f89e55d9cfacf91222600ee60a2ba36a7e5c6eb5bd4c3c753e6136ad5559fc67,AdamW,0.01,0.0,0.4837168980012325,0.5410649419686365,0.4978542628845572,300
graphsage_pilot_v1_step300,ukr_rus_suspended,linear,0,100,1,test,2,200,0e6e836a2d142a85ab039b2a0676f9ba6b8c674a523a6ccbb1030280fce6a8bd,0c2e028dcb3262ef92e92564f4c55cdddd6f64945b22ac315f10631df10ccb82,f89e55d9cfacf91222600ee60a2ba36a7e5c6eb5bd4c3c753e6136ad5559fc67,AdamW,0.01,0.0,0.4823266802230226,0.540396881644224,0.4964131066486446,300
graphsage_pilot_v1_step300,ukr_rus_suspended,linear,0,100,10,val,2,200,0e6e836a2d142a85ab039b2a0676f9ba6b8c674a523a6ccbb1030280fce6a8bd,0c2e028dcb3262ef92e92564f4c55cdddd6f64945b22ac315f10631df10ccb82,f89e55d9cfacf91222600ee60a2ba36a7e5c6eb5bd4c3c753e6136ad5559fc67,AdamW,0.01,0.0,0.5535719511960578,0.5300788517763799,0.5288217649347755,300
graphsage_pilot_v1_step300,ukr_rus_suspended,linear,0,100,10,test,2,200,0e6e836a2d142a85ab039b2a0676f9ba6b8c674a523a6ccbb1030280fce6a8bd,0c2e028dcb3262ef92e92564f4c55cdddd6f64945b22ac315f10631df10ccb82,f89e55d9cfacf91222600ee60a2ba36a7e5c6eb5bd4c3c753e6136ad5559fc67,AdamW,0.01,0.0,0.558944101448088,0.5339298369950389,0.5331912567927157,300
graphsage_pilot_v1_step300,ukr_rus_suspended,linear,0,100,100,val,2,200,0e6e836a2d142a85ab039b2a0676f9ba6b8c674a523a6ccbb1030280fce6a8bd,0c2e028dcb3262ef92e92564f4c55cdddd6f64945b22ac315f10631df10ccb82,f89e55d9cfacf91222600ee60a2ba36a7e5c6eb5bd4c3c753e6136ad5559fc67,AdamW,0.01,0.0,0.5849400744127419,0.5618853548329937,0.5597613119488297,300
graphsage_pilot_v1_step300,ukr_rus_suspended,linear,0,100,100,test,2,200,0e6e836a2d142a85ab039b2a0676f9ba6b8c674a523a6ccbb1030280fce6a8bd,0c2e028dcb3262ef92e92564f4c55cdddd6f64945b22ac315f10631df10ccb82,f89e55d9cfacf91222600ee60a2ba36a7e5c6eb5bd4c3c753e6136ad5559fc67,AdamW,0.01,0.0,0.5875300133424075,0.5638731396172927,0.5608471959379165,300
graphsage_pilot_v1_step300,ukr_rus_suspended,linear,1,0,0,val,2,0,af5570f5a1810b7af78caf4bc70a660f0df51e42baf91d4de5b2328de0e83dfc,0c2e028dcb3262ef92e92564f4c55cdddd6f64945b22ac315f10631df10ccb82,8a8ac6a74ff16f70c26373d03c9e72726890aaba776363757688178d530a945d,none,0.0,0.0,0.4806294407414747,0.4565429254895012,0.4415898670290332,300
graphsage_pilot_v1_step300,ukr_rus_suspended,linear,1,0,0,test,2,0,af5570f5a1810b7af78caf4bc70a660f0df51e42baf91d4de5b2328de0e83dfc,0c2e028dcb3262ef92e92564f4c55cdddd6f64945b22ac315f10631df10ccb82,8a8ac6a74ff16f70c26373d03c9e72726890aaba776363757688178d530a945d,none,0.0,0.0,0.4812065218943208,0.4528703047484054,0.4374989329254959,300
graphsage_pilot_v1_step300,ukr_rus_suspended,linear,1,1,0,val,2,2,d73d3d76b81fffb6f14dba64a89f45ae3cb6ec170ba2f809a798c78d912bfa77,0c2e028dcb3262ef92e92564f4c55cdddd6f64945b22ac315f10631df10ccb82,8a8ac6a74ff16f70c26373d03c9e72726890aaba776363757688178d530a945d,AdamW,0.01,0.0,0.4806294407414747,0.4565429254895012,0.4415898670290332,300
graphsage_pilot_v1_step300,ukr_rus_suspended,linear,1,1,0,test,2,2,d73d3d76b81fffb6f14dba64a89f45ae3cb6ec170ba2f809a798c78d912bfa77,0c2e028dcb3262ef92e92564f4c55cdddd6f64945b22ac315f10631df10ccb82,8a8ac6a74ff16f70c26373d03c9e72726890aaba776363757688178d530a945d,AdamW,0.01,0.0,0.4812065218943208,0.4528703047484054,0.4374989329254959,300
graphsage_pilot_v1_step300,ukr_rus_suspended,linear,1,1,1,val,2,2,d73d3d76b81fffb6f14dba64a89f45ae3cb6ec170ba2f809a798c78d912bfa77,0c2e028dcb3262ef92e92564f4c55cdddd6f64945b22ac315f10631df10ccb82,8a8ac6a74ff16f70c26373d03c9e72726890aaba776363757688178d530a945d,AdamW,0.01,0.0,0.4723346964026894,0.5318508018073891,0.5106940176864064,300
graphsage_pilot_v1_step300,ukr_rus_suspended,linear,1,1,1,test,2,2,d73d3d76b81fffb6f14dba64a89f45ae3cb6ec170ba2f809a798c78d912bfa77,0c2e028dcb3262ef92e92564f4c55cdddd6f64945b22ac315f10631df10ccb82,8a8ac6a74ff16f70c26373d03c9e72726890aaba776363757688178d530a945d,AdamW,0.01,0.0,0.4759390331854602,0.5256024096385542,0.5054433294279981,300
graphsage_pilot_v1_step300,ukr_rus_suspended,linear,1,1,10,val,2,2,d73d3d76b81fffb6f14dba64a89f45ae3cb6ec170ba2f809a798c78d912bfa77,0c2e028dcb3262ef92e92564f4c55cdddd6f64945b22ac315f10631df10ccb82,8a8ac6a74ff16f70c26373d03c9e72726890aaba776363757688178d530a945d,AdamW,0.01,0.0,0.5854315666948465,0.5710108974926907,0.5090769949501047,300
graphsage_pilot_v1_step300,ukr_rus_suspended,linear,1,1,10,test,2,2,d73d3d76b81fffb6f14dba64a89f45ae3cb6ec170ba2f809a798c78d912bfa77,0c2e028dcb3262ef92e92564f4c55cdddd6f64945b22ac315f10631df10ccb82,8a8ac6a74ff16f70c26373d03c9e72726890aaba776363757688178d530a945d,AdamW,0.01,0.0,0.5780051544422576,0.5676824946846208,0.5051737829088021,300
graphsage_pilot_v1_step300,ukr_rus_suspended,linear,1,1,100,val,2,2,d73d3d76b81fffb6f14dba64a89f45ae3cb6ec170ba2f809a798c78d912bfa77,0c2e028dcb3262ef92e92564f4c55cdddd6f64945b22ac315f10631df10ccb82,8a8ac6a74ff16f70c26373d03c9e72726890aaba776363757688178d530a945d,AdamW,0.01,0.0,0.5845870374554941,0.5954638079206166,0.586309621281972,300
graphsage_pilot_v1_step300,ukr_rus_suspended,linear,1,1,100,test,2,2,d73d3d76b81fffb6f14dba64a89f45ae3cb6ec170ba2f809a798c78d912bfa77,0c2e028dcb3262ef92e92564f4c55cdddd6f64945b22ac315f10631df10ccb82,8a8ac6a74ff16f70c26373d03c9e72726890aaba776363757688178d530a945d,AdamW,0.01,0.0,0.5793619851876509,0.5900070871722183,0.578539223682735,300
graphsage_pilot_v1_step300,ukr_rus_suspended,linear,1,10,0,val,2,20,0799d70a753227d471335ad303c0239095fe54cbc93c2961ebd67a3fb8c8bf71,0c2e028dcb3262ef92e92564f4c55cdddd6f64945b22ac315f10631df10ccb82,8a8ac6a74ff16f70c26373d03c9e72726890aaba776363757688178d530a945d,AdamW,0.01,0.0,0.4806294407414747,0.4565429254895012,0.4415898670290332,300
graphsage_pilot_v1_step300,ukr_rus_suspended,linear,1,10,0,test,2,20,0799d70a753227d471335ad303c0239095fe54cbc93c2961ebd67a3fb8c8bf71,0c2e028dcb3262ef92e92564f4c55cdddd6f64945b22ac315f10631df10ccb82,8a8ac6a74ff16f70c26373d03c9e72726890aaba776363757688178d530a945d,AdamW,0.01,0.0,0.4812065218943208,0.4528703047484054,0.4374989329254959,300
graphsage_pilot_v1_step300,ukr_rus_suspended,linear,1,10,1,val,2,20,0799d70a753227d471335ad303c0239095fe54cbc93c2961ebd67a3fb8c8bf71,0c2e028dcb3262ef92e92564f4c55cdddd6f64945b22ac315f10631df10ccb82,8a8ac6a74ff16f70c26373d03c9e72726890aaba776363757688178d530a945d,AdamW,0.01,0.0,0.5303969740902328,0.4626561530964826,0.4586247216072182,300
graphsage_pilot_v1_step300,ukr_rus_suspended,linear,1,10,1,test,2,20,0799d70a753227d471335ad303c0239095fe54cbc93c2961ebd67a3fb8c8bf71,0c2e028dcb3262ef92e92564f4c55cdddd6f64945b22ac315f10631df10ccb82,8a8ac6a74ff16f70c26373d03c9e72726890aaba776363757688178d530a945d,AdamW,0.01,0.0,0.5244462026232307,0.4662473423104181,0.462512141946198,300
graphsage_pilot_v1_step300,ukr_rus_suspended,linear,1,10,10,val,2,20,0799d70a753227d471335ad303c0239095fe54cbc93c2961ebd67a3fb8c8bf71,0c2e028dcb3262ef92e92564f4c55cdddd6f64945b22ac315f10631df10ccb82,8a8ac6a74ff16f70c26373d03c9e72726890aaba776363757688178d530a945d,AdamW,0.01,0.0,0.5317390098151157,0.4647824931336936,0.4580067720570277,300
graphsage_pilot_v1_step300,ukr_rus_suspended,linear,1,10,10,test,2,20,0799d70a753227d471335ad303c0239095fe54cbc93c2961ebd67a3fb8c8bf71,0c2e028dcb3262ef92e92564f4c55cdddd6f64945b22ac315f10631df10ccb82,8a8ac6a74ff16f70c26373d03c9e72726890aaba776363757688178d530a945d,AdamW,0.01,0.0,0.5262584187529962,0.4655386250885897,0.4586974721748516,300
graphsage_pilot_v1_step300,ukr_rus_suspended,linear,1,10,100,val,2,20,0799d70a753227d471335ad303c0239095fe54cbc93c2961ebd67a3fb8c8bf71,0c2e028dcb3262ef92e92564f4c55cdddd6f64945b22ac315f10631df10ccb82,8a8ac6a74ff16f70c26373d03c9e72726890aaba776363757688178d530a945d,AdamW,0.01,0.0,0.5774420029780277,0.5620625498360946,0.5546517436364109,300
graphsage_pilot_v1_step300,ukr_rus_suspended,linear,1,10,100,test,2,20,0799d70a753227d471335ad303c0239095fe54cbc93c2961ebd67a3fb8c8bf71,0c2e028dcb3262ef92e92564f4c55cdddd6f64945b22ac315f10631df10ccb82,8a8ac6a74ff16f70c26373d03c9e72726890aaba776363757688178d530a945d,AdamW,0.01,0.0,0.5652434143649094,0.5519135364989369,0.5435942312889531,300
graphsage_pilot_v1_step300,ukr_rus_suspended,linear,1,100,0,val,2,200,1728296263c97d6583bec3f11c800c3d719473b87756114e79f69c4d870069e2,0c2e028dcb3262ef92e92564f4c55cdddd6f64945b22ac315f10631df10ccb82,8a8ac6a74ff16f70c26373d03c9e72726890aaba776363757688178d530a945d,AdamW,0.01,0.0,0.4806294407414747,0.4565429254895012,0.4415898670290332,300
graphsage_pilot_v1_step300,ukr_rus_suspended,linear,1,100,0,test,2,200,1728296263c97d6583bec3f11c800c3d719473b87756114e79f69c4d870069e2,0c2e028dcb3262ef92e92564f4c55cdddd6f64945b22ac315f10631df10ccb82,8a8ac6a74ff16f70c26373d03c9e72726890aaba776363757688178d530a945d,AdamW,0.01,0.0,0.4812065218943208,0.4528703047484054,0.4374989329254959,300
graphsage_pilot_v1_step300,ukr_rus_suspended,linear,1,100,1,val,2,200,1728296263c97d6583bec3f11c800c3d719473b87756114e79f69c4d870069e2,0c2e028dcb3262ef92e92564f4c55cdddd6f64945b22ac315f10631df10ccb82,8a8ac6a74ff16f70c26373d03c9e72726890aaba776363757688178d530a945d,AdamW,0.01,0.0,0.4725043644784807,0.5354832993709577,0.5098325601802275,300
graphsage_pilot_v1_step300,ukr_rus_suspended,linear,1,100,1,test,2,200,1728296263c97d6583bec3f11c800c3d719473b87756114e79f69c4d870069e2,0c2e028dcb3262ef92e92564f4c55cdddd6f64945b22ac315f10631df10ccb82,8a8ac6a74ff16f70c26373d03c9e72726890aaba776363757688178d530a945d,AdamW,0.01,0.0,0.4758753631603176,0.5316265060240963,0.5067913397580578,300
graphsage_pilot_v1_step300,ukr_rus_suspended,linear,1,100,10,val,2,200,1728296263c97d6583bec3f11c800c3d719473b87756114e79f69c4d870069e2,0c2e028dcb3262ef92e92564f4c55cdddd6f64945b22ac315f10631df10ccb82,8a8ac6a74ff16f70c26373d03c9e72726890aaba776363757688178d530a945d,AdamW,0.01,0.0,0.4843336433060211,0.5576326747585718,0.5126819071628447,300
graphsage_pilot_v1_step300,ukr_rus_suspended,linear,1,100,10,test,2,200,1728296263c97d6583bec3f11c800c3d719473b87756114e79f69c4d870069e2,0c2e028dcb3262ef92e92564f4c55cdddd6f64945b22ac315f10631df10ccb82,8a8ac6a74ff16f70c26373d03c9e72726890aaba776363757688178d530a945d,AdamW,0.01,0.0,0.4809992566685347,0.554925584691708,0.509708565290795,300
graphsage_pilot_v1_step300,ukr_rus_suspended,linear,1,100,100,val,2,200,1728296263c97d6583bec3f11c800c3d719473b87756114e79f69c4d870069e2,0c2e028dcb3262ef92e92564f4c55cdddd6f64945b22ac315f10631df10ccb82,8a8ac6a74ff16f70c26373d03c9e72726890aaba776363757688178d530a945d,AdamW,0.01,0.0,0.5313165361455877,0.4997785062461238,0.4891373387312805,300
graphsage_pilot_v1_step300,ukr_rus_suspended,linear,1,100,100,test,2,200,1728296263c97d6583bec3f11c800c3d719473b87756114e79f69c4d870069e2,0c2e028dcb3262ef92e92564f4c55cdddd6f64945b22ac315f10631df10ccb82,8a8ac6a74ff16f70c26373d03c9e72726890aaba776363757688178d530a945d,AdamW,0.01,0.0,0.5198727332667135,0.4967221828490432,0.4861517051148256,300
graphsage_pilot_v1_step300,ukr_rus_suspended,linear,2,0,0,val,2,0,af5570f5a1810b7af78caf4bc70a660f0df51e42baf91d4de5b2328de0e83dfc,0c2e028dcb3262ef92e92564f4c55cdddd6f64945b22ac315f10631df10ccb82,203ffea723cb4cf0d5b2da185e1677d1c082fd4475784ccb7c3a518868d42cce,none,0.0,0.0,0.5571497268425992,0.5443430495260033,0.4888157871157417,300
graphsage_pilot_v1_step300,ukr_rus_suspended,linear,2,0,0,test,2,0,af5570f5a1810b7af78caf4bc70a660f0df51e42baf91d4de5b2328de0e83dfc,0c2e028dcb3262ef92e92564f4c55cdddd6f64945b22ac315f10631df10ccb82,203ffea723cb4cf0d5b2da185e1677d1c082fd4475784ccb7c3a518868d42cce,none,0.0,0.0,0.54732502930429,0.5512048192771084,0.4953956547540702,300
graphsage_pilot_v1_step300,ukr_rus_suspended,linear,2,1,0,val,2,2,aad26da52850ca862f2ded49b2710985a734f1e075c85c658bab395f51c94f19,0c2e028dcb3262ef92e92564f4c55cdddd6f64945b22ac315f10631df10ccb82,203ffea723cb4cf0d5b2da185e1677d1c082fd4475784ccb7c3a518868d42cce,AdamW,0.01,0.0,0.5571497268425992,0.5443430495260033,0.4888157871157417,300
graphsage_pilot_v1_step300,ukr_rus_suspended,linear,2,1,0,test,2,2,aad26da52850ca862f2ded49b2710985a734f1e075c85c658bab395f51c94f19,0c2e028dcb3262ef92e92564f4c55cdddd6f64945b22ac315f10631df10ccb82,203ffea723cb4cf0d5b2da185e1677d1c082fd4475784ccb7c3a518868d42cce,AdamW,0.01,0.0,0.54732502930429,0.5512048192771084,0.4953956547540702,300
graphsage_pilot_v1_step300,ukr_rus_suspended,linear,2,1,1,val,2,2,aad26da52850ca862f2ded49b2710985a734f1e075c85c658bab395f51c94f19,0c2e028dcb3262ef92e92564f4c55cdddd6f64945b22ac315f10631df10ccb82,203ffea723cb4cf0d5b2da185e1677d1c082fd4475784ccb7c3a518868d42cce,AdamW,0.01,0.0,0.5263818339924193,0.4781607158678125,0.4778040015664522,300
graphsage_pilot_v1_step300,ukr_rus_suspended,linear,2,1,1,test,2,2,aad26da52850ca862f2ded49b2710985a734f1e075c85c658bab395f51c94f19,0c2e028dcb3262ef92e92564f4c55cdddd6f64945b22ac315f10631df10ccb82,203ffea723cb4cf0d5b2da185e1677d1c082fd4475784ccb7c3a518868d42cce,AdamW,0.01,0.0,0.5239421482575186,0.482016300496102,0.4817761431100426,300
graphsage_pilot_v1_step300,ukr_rus_suspended,linear,2,1,10,val,2,2,aad26da52850ca862f2ded49b2710985a734f1e075c85c658bab395f51c94f19,0c2e028dcb3262ef92e92564f4c55cdddd6f64945b22ac315f10631df10ccb82,203ffea723cb4cf0d5b2da185e1677d1c082fd4475784ccb7c3a518868d42cce,AdamW,0.01,0.0,0.528496469726912,0.4693895632143173,0.4679554409167584,300
graphsage_pilot_v1_step300,ukr_rus_suspended,linear,2,1,10,test,2,2,aad26da52850ca862f2ded49b2710985a734f1e075c85c658bab395f51c94f19,0c2e028dcb3262ef92e92564f4c55cdddd6f64945b22ac315f10631df10ccb82,203ffea723cb4cf0d5b2da185e1677d1c082fd4475784ccb7c3a518868d42cce,AdamW,0.01,0.0,0.5244268122064828,0.4746633593196314,0.4735114380853382,300
graphsage_pilot_v1_step300,ukr_rus_suspended,linear,2,1,100,val,2,2,aad26da52850ca862f2ded49b2710985a734f1e075c85c658bab395f51c94f19,0c2e028dcb3262ef92e92564f4c55cdddd6f64945b22ac315f10631df10ccb82,203ffea723cb4cf0d5b2da185e1677d1c082fd4475784ccb7c3a518868d42cce,AdamW,0.01,0.0,0.5290089956402493,0.4693895632143173,0.4679554409167584,300
graphsage_pilot_v1_step300,ukr_rus_suspended,linear,2,1,100,test,2,2,aad26da52850ca862f2ded49b2710985a734f1e075c85c658bab395f51c94f19,0c2e028dcb3262ef92e92564f4c55cdddd6f64945b22ac315f10631df10ccb82,203ffea723cb4cf0d5b2da185e1677d1c082fd4475784ccb7c3a518868d42cce,AdamW,0.01,0.0,0.5261371241394417,0.4746633593196314,0.4735114380853382,300
graphsage_pilot_v1_step300,ukr_rus_suspended,linear,2,10,0,val,2,20,ebf0dfe0820787f8d79027650ee848f503045e56e273aae6c793bbd29d911716,0c2e028dcb3262ef92e92564f4c55cdddd6f64945b22ac315f10631df10ccb82,203ffea723cb4cf0d5b2da185e1677d1c082fd4475784ccb7c3a518868d42cce,AdamW,0.01,0.0,0.5571497268425992,0.5443430495260033,0.4888157871157417,300
graphsage_pilot_v1_step300,ukr_rus_suspended,linear,2,10,0,test,2,20,ebf0dfe0820787f8d79027650ee848f503045e56e273aae6c793bbd29d911716,0c2e028dcb3262ef92e92564f4c55cdddd6f64945b22ac315f10631df10ccb82,203ffea723cb4cf0d5b2da185e1677d1c082fd4475784ccb7c3a518868d42cce,AdamW,0.01,0.0,0.54732502930429,0.5512048192771084,0.4953956547540702,300
graphsage_pilot_v1_step300,ukr_rus_suspended,linear,2,10,1,val,2,20,ebf0dfe0820787f8d79027650ee848f503045e56e273aae6c793bbd29d911716,0c2e028dcb3262ef92e92564f4c55cdddd6f64945b22ac315f10631df10ccb82,203ffea723cb4cf0d5b2da185e1677d1c082fd4475784ccb7c3a518868d42cce,AdamW,0.01,0.0,0.514962196389664,0.542925489501196,0.4214456726064325,300
graphsage_pilot_v1_step300,ukr_rus_suspended,linear,2,10,1,test,2,20,ebf0dfe0820787f8d79027650ee848f503045e56e273aae6c793bbd29d911716,0c2e028dcb3262ef92e92564f4c55cdddd6f64945b22ac315f10631df10ccb82,203ffea723cb4cf0d5b2da185e1677d1c082fd4475784ccb7c3a518868d42cce,AdamW,0.01,0.0,0.5137165653584385,0.5419029057406095,0.4234197562894468,300
graphsage_pilot_v1_step300,ukr_rus_suspended,linear,2,10,10,val,2,20,ebf0dfe0820787f8d79027650ee848f503045e56e273aae6c793bbd29d911716,0c2e028dcb3262ef92e92564f4c55cdddd6f64945b22ac315f10631df10ccb82,203ffea723cb4cf0d5b2da185e1677d1c082fd4475784ccb7c3a518868d42cce,AdamW,0.01,0.0,0.4317425861756555,0.4514928679011252,0.4258800050246106,300
graphsage_pilot_v1_step300,ukr_rus_suspended,linear,2,10,10,test,2,20,ebf0dfe0820787f8d79027650ee848f503045e56e273aae6c793bbd29d911716,0c2e028dcb3262ef92e92564f4c55cdddd6f64945b22ac315f10631df10ccb82,203ffea723cb4cf0d5b2da185e1677d1c082fd4475784ccb7c3a518868d42cce,AdamW,0.01,0.0,0.4348978655620924,0.4540219702338767,0.4315782292031414,300
graphsage_pilot_v1_step300,ukr_rus_suspended,linear,2,10,100,val,2,20,ebf0dfe0820787f8d79027650ee848f503045e56e273aae6c793bbd29d911716,0c2e028dcb3262ef92e92564f4c55cdddd6f64945b22ac315f10631df10ccb82,203ffea723cb4cf0d5b2da185e1677d1c082fd4475784ccb7c3a518868d42cce,AdamW,0.01,0.0,0.4116141247201706,0.476122973332152,0.4343874059541317,300
graphsage_pilot_v1_step300,ukr_rus_suspended,linear,2,10,100,test,2,20,ebf0dfe0820787f8d79027650ee848f503045e56e273aae6c793bbd29d911716,0c2e028dcb3262ef92e92564f4c55cdddd6f64945b22ac315f10631df10ccb82,203ffea723cb4cf0d5b2da185e1677d1c082fd4475784ccb7c3a518868d42cce,AdamW,0.01,0.0,0.4196665324236709,0.4818391211906449,0.4436061310736078,300
graphsage_pilot_v1_step300,ukr_rus_suspended,linear,2,100,0,val,2,200,43631ca67a92fed54e454d00c6f590f21eb883aa513846af2e549f7403669eed,0c2e028dcb3262ef92e92564f4c55cdddd6f64945b22ac315f10631df10ccb82,203ffea723cb4cf0d5b2da185e1677d1c082fd4475784ccb7c3a518868d42cce,AdamW,0.01,0.0,0.5571497268425992,0.5443430495260033,0.4888157871157417,300
graphsage_pilot_v1_step300,ukr_rus_suspended,linear,2,100,0,test,2,200,43631ca67a92fed54e454d00c6f590f21eb883aa513846af2e549f7403669eed,0c2e028dcb3262ef92e92564f4c55cdddd6f64945b22ac315f10631df10ccb82,203ffea723cb4cf0d5b2da185e1677d1c082fd4475784ccb7c3a518868d42cce,AdamW,0.01,0.0,0.54732502930429,0.5512048192771084,0.4953956547540702,300
graphsage_pilot_v1_step300,ukr_rus_suspended,linear,2,100,1,val,2,200,43631ca67a92fed54e454d00c6f590f21eb883aa513846af2e549f7403669eed,0c2e028dcb3262ef92e92564f4c55cdddd6f64945b22ac315f10631df10ccb82,203ffea723cb4cf0d5b2da185e1677d1c082fd4475784ccb7c3a518868d42cce,AdamW,0.01,0.0,0.5399361439539149,0.4610613980685745,0.4563385610374372,300
graphsage_pilot_v1_step300,ukr_rus_suspended,linear,2,100,1,test,2,200,43631ca67a92fed54e454d00c6f590f21eb883aa513846af2e549f7403669eed,0c2e028dcb3262ef92e92564f4c55cdddd6f64945b22ac315f10631df10ccb82,203ffea723cb4cf0d5b2da185e1677d1c082fd4475784ccb7c3a518868d42cce,AdamW,0.01,0.0,0.5356023808216108,0.4642983699503898,0.4598445517028678,300
graphsage_pilot_v1_step300,ukr_rus_suspended,linear,2,100,10,val,2,200,43631ca67a92fed54e454d00c6f590f21eb883aa513846af2e549f7403669eed,0c2e028dcb3262ef92e92564f4c55cdddd6f64945b22ac315f10631df10ccb82,203ffea723cb4cf0d5b2da185e1677d1c082fd4475784ccb7c3a518868d42cce,AdamW,0.01,0.0,0.5736618992365563,0.5267121467174626,0.5260527646440085,300
graphsage_pilot_v1_step300,ukr_rus_suspended,linear,2,100,10,test,2,200,43631ca67a92fed54e454d00c6f590f21eb883aa513846af2e549f7403669eed,0c2e028dcb3262ef92e92564f4c55cdddd6f64945b22ac315f10631df10ccb82,203ffea723cb4cf0d5b2da185e1677d1c082fd4475784ccb7c3a518868d42cce,AdamW,0.01,0.0,0.5774442954808817,0.5283486888731396,0.5281135065765545,300
graphsage_pilot_v1_step300,ukr_rus_suspended,linear,2,100,100,val,2,200,43631ca67a92fed54e454d00c6f590f21eb883aa513846af2e549f7403669eed,0c2e028dcb3262ef92e92564f4c55cdddd6f64945b22ac315f10631df10ccb82,203ffea723cb4cf0d5b2da185e1677d1c082fd4475784ccb7c3a518868d42cce,AdamW,0.01,0.0,0.5906315691905801,0.5742004075485071,0.5717545352145232,300
graphsage_pilot_v1_step300,ukr_rus_suspended,linear,2,100,100,test,2,200,43631ca67a92fed54e454d00c6f590f21eb883aa513846af2e549f7403669eed,0c2e028dcb3262ef92e92564f4c55cdddd6f64945b22ac315f10631df10ccb82,203ffea723cb4cf0d5b2da185e1677d1c082fd4475784ccb7c3a518868d42cce,AdamW,0.01,0.0,0.5935136772860979,0.5756555634301913,0.5722308979344779,300
graphsage_pilot_v1_step60,covid_political,linear,0,0,0,val,2,0,af5570f5a1810b7af78caf4bc70a660f0df51e42baf91d4de5b2328de0e83dfc,f1b58c8ccaee181a233f11c34ff62fda2f7ec53206eb08b2970705719fba8082,f89e55d9cfacf91222600ee60a2ba36a7e5c6eb5bd4c3c753e6136ad5559fc67,none,0.0,0.0,0.3795233154244447,0.5321596542519385,0.4190321718293122,60
graphsage_pilot_v1_step60,covid_political,linear,0,0,0,test,2,0,af5570f5a1810b7af78caf4bc70a660f0df51e42baf91d4de5b2328de0e83dfc,f1b58c8ccaee181a233f11c34ff62fda2f7ec53206eb08b2970705719fba8082,f89e55d9cfacf91222600ee60a2ba36a7e5c6eb5bd4c3c753e6136ad5559fc67,none,0.0,0.0,0.3771911477835045,0.5313969747044617,0.4199375132215889,60
graphsage_pilot_v1_step60,covid_political,linear,0,1,0,val,2,2,83cb1f5f80360408baf933c03274febff7c6d49f773d7382e9ebea1efe88cb54,f1b58c8ccaee181a233f11c34ff62fda2f7ec53206eb08b2970705719fba8082,f89e55d9cfacf91222600ee60a2ba36a7e5c6eb5bd4c3c753e6136ad5559fc67,AdamW,0.01,0.0,0.3795233154244447,0.5321596542519385,0.4190321718293122,60
graphsage_pilot_v1_step60,covid_political,linear,0,1,0,test,2,2,83cb1f5f80360408baf933c03274febff7c6d49f773d7382e9ebea1efe88cb54,f1b58c8ccaee181a233f11c34ff62fda2f7ec53206eb08b2970705719fba8082,f89e55d9cfacf91222600ee60a2ba36a7e5c6eb5bd4c3c753e6136ad5559fc67,AdamW,0.01,0.0,0.3771911477835045,0.5313969747044617,0.4199375132215889,60
graphsage_pilot_v1_step60,covid_political,linear,0,1,1,val,2,2,83cb1f5f80360408baf933c03274febff7c6d49f773d7382e9ebea1efe88cb54,f1b58c8ccaee181a233f11c34ff62fda2f7ec53206eb08b2970705719fba8082,f89e55d9cfacf91222600ee60a2ba36a7e5c6eb5bd4c3c753e6136ad5559fc67,AdamW,0.01,0.0,0.549236504645101,0.5096606076013728,0.5013352063650708,60
graphsage_pilot_v1_step60,covid_political,linear,0,1,1,test,2,2,83cb1f5f80360408baf933c03274febff7c6d49f773d7382e9ebea1efe88cb54,f1b58c8ccaee181a233f11c34ff62fda2f7ec53206eb08b2970705719fba8082,f89e55d9cfacf91222600ee60a2ba36a7e5c6eb5bd4c3c753e6136ad5559fc67,AdamW,0.01,0.0,0.5449680981273572,0.5095334943434601,0.5006809544071091,60
graphsage_pilot_v1_step60,covid_political,linear,0,1,10,val,2,2,83cb1f5f80360408baf933c03274febff7c6d49f773d7382e9ebea1efe88cb54,f1b58c8ccaee181a233f11c34ff62fda2f7ec53206eb08b2970705719fba8082,f89e55d9cfacf91222600ee60a2ba36a7e5c6eb5bd4c3c753e6136ad5559fc67,AdamW,0.01,0.0,0.5492704718406621,0.5059107664929452,0.4985835108296939,60
graphsage_pilot_v1_step60,covid_political,linear,0,1,10,test,2,2,83cb1f5f80360408baf933c03274febff7c6d49f773d7382e9ebea1efe88cb54,f1b58c8ccaee181a233f11c34ff62fda2f7ec53206eb08b2970705719fba8082,f89e55d9cfacf91222600ee60a2ba36a7e5c6eb5bd4c3c753e6136ad5559fc67,AdamW,0.01,0.0,0.5449981836683679,0.5053387568323376,0.4976302751366399,60
graphsage_pilot_v1_step60,covid_political,linear,0,1,100,val,2,2,83cb1f5f80360408baf933c03274febff7c6d49f773d7382e9ebea1efe88cb54,f1b58c8ccaee181a233f11c34ff62fda2f7ec53206eb08b2970705719fba8082,f89e55d9cfacf91222600ee60a2ba36a7e5c6eb5bd4c3c753e6136ad5559fc67,AdamW,0.01,0.0,0.5493212704122568,0.5066098894114656,0.4990011260709051,60
graphsage_pilot_v1_step60,covid_political,linear,0,1,100,test,2,2,83cb1f5f80360408baf933c03274febff7c6d49f773d7382e9ebea1efe88cb54,f1b58c8ccaee181a233f11c34ff62fda2f7ec53206eb08b2970705719fba8082,f89e55d9cfacf91222600ee60a2ba36a7e5c6eb5bd4c3c753e6136ad5559fc67,AdamW,0.01,0.0,0.5450543100011102,0.50635566289564,0.4983552254237621,60
graphsage_pilot_v1_step60,covid_political,linear,0,10,0,val,2,20,fd81701c0bd9f5dde83c0f8fe71b62765f94b2a9027e4cc8613e624847ba0206,f1b58c8ccaee181a233f11c34ff62fda2f7ec53206eb08b2970705719fba8082,f89e55d9cfacf91222600ee60a2ba36a7e5c6eb5bd4c3c753e6136ad5559fc67,AdamW,0.01,0.0,0.3795233154244447,0.5321596542519385,0.4190321718293122,60
graphsage_pilot_v1_step60,covid_political,linear,0,10,0,test,2,20,fd81701c0bd9f5dde83c0f8fe71b62765f94b2a9027e4cc8613e624847ba0206,f1b58c8ccaee181a233f11c34ff62fda2f7ec53206eb08b2970705719fba8082,f89e55d9cfacf91222600ee60a2ba36a7e5c6eb5bd4c3c753e6136ad5559fc67,AdamW,0.01,0.0,0.3771911477835045,0.5313969747044617,0.4199375132215889,60
graphsage_pilot_v1_step60,covid_political,linear,0,10,1,val,2,20,fd81701c0bd9f5dde83c0f8fe71b62765f94b2a9027e4cc8613e624847ba0206,f1b58c8ccaee181a233f11c34ff62fda2f7ec53206eb08b2970705719fba8082,f89e55d9cfacf91222600ee60a2ba36a7e5c6eb5bd4c3c753e6136ad5559fc67,AdamW,0.01,0.0,0.5250019544185026,0.4678403457480615,0.4655365692342045,60
graphsage_pilot_v1_step60,covid_political,linear,0,10,1,test,2,20,fd81701c0bd9f5dde83c0f8fe71b62765f94b2a9027e4cc8613e624847ba0206,f1b58c8ccaee181a233f11c34ff62fda2f7ec53206eb08b2970705719fba8082,f89e55d9cfacf91222600ee60a2ba36a7e5c6eb5bd4c3c753e6136ad5559fc67,AdamW,0.01,0.0,0.5230324550899637,0.4686030252955383,0.4660921165392013,60
graphsage_pilot_v1_step60,covid_political,linear,0,10,10,val,2,20,fd81701c0bd9f5dde83c0f8fe71b62765f94b2a9027e4cc8613e624847ba0206,f1b58c8ccaee181a233f11c34ff62fda2f7ec53206eb08b2970705719fba8082,f89e55d9cfacf91222600ee60a2ba36a7e5c6eb5bd4c3c753e6136ad5559fc67,AdamW,0.01,0.0,0.4637217412558663,0.7025549764840473,0.4730234385567157,60
graphsage_pilot_v1_step60,covid_political,linear,0,10,10,test,2,20,fd81701c0bd9f5dde83c0f8fe71b62765f94b2a9027e4cc8613e624847ba0206,f1b58c8ccaee181a233f11c34ff62fda2f7ec53206eb08b2970705719fba8082,f89e55d9cfacf91222600ee60a2ba36a7e5c6eb5bd4c3c753e6136ad5559fc67,AdamW,0.01,0.0,0.4685782782393903,0.7036354391763061,0.4745470902620248,60
graphsage_pilot_v1_step60,covid_political,linear,0,10,100,val,2,20,fd81701c0bd9f5dde83c0f8fe71b62765f94b2a9027e4cc8613e624847ba0206,f1b58c8ccaee181a233f11c34ff62fda2f7ec53206eb08b2970705719fba8082,f89e55d9cfacf91222600ee60a2ba36a7e5c6eb5bd4c3c753e6136ad5559fc67,AdamW,0.01,0.0,0.6203947349107204,0.699186475149358,0.4899830136156462,60
graphsage_pilot_v1_step60,covid_political,linear,0,10,100,test,2,20,fd81701c0bd9f5dde83c0f8fe71b62765f94b2a9027e4cc8613e624847ba0206,f1b58c8ccaee181a233f11c34ff62fda2f7ec53206eb08b2970705719fba8082,f89e55d9cfacf91222600ee60a2ba36a7e5c6eb5bd4c3c753e6136ad5559fc67,AdamW,0.01,0.0,0.6227888241837735,0.7028727596288293,0.4962329576702189,60
graphsage_pilot_v1_step60,covid_political,linear,0,100,0,val,2,200,e518b8d4501a6dd8d4517d1671d020cdbe000f6892f46ab76d9587c53f8b19b7,f1b58c8ccaee181a233f11c34ff62fda2f7ec53206eb08b2970705719fba8082,f89e55d9cfacf91222600ee60a2ba36a7e5c6eb5bd4c3c753e6136ad5559fc67,AdamW,0.01,0.0,0.3795233154244447,0.5321596542519385,0.4190321718293122,60
graphsage_pilot_v1_step60,covid_political,linear,0,100,0,test,2,200,e518b8d4501a6dd8d4517d1671d020cdbe000f6892f46ab76d9587c53f8b19b7,f1b58c8ccaee181a233f11c34ff62fda2f7ec53206eb08b2970705719fba8082,f89e55d9cfacf91222600ee60a2ba36a7e5c6eb5bd4c3c753e6136ad5559fc67,AdamW,0.01,0.0,0.3771911477835045,0.5313969747044617,0.4199375132215889,60
graphsage_pilot_v1_step60,covid_political,linear,0,100,1,val,2,200,e518b8d4501a6dd8d4517d1671d020cdbe000f6892f46ab76d9587c53f8b19b7,f1b58c8ccaee181a233f11c34ff62fda2f7ec53206eb08b2970705719fba8082,f89e55d9cfacf91222600ee60a2ba36a7e5c6eb5bd4c3c753e6136ad5559fc67,AdamW,0.01,0.0,0.5521515293555833,0.4678403457480615,0.4655365692342045,60
graphsage_pilot_v1_step60,covid_political,linear,0,100,1,test,2,200,e518b8d4501a6dd8d4517d1671d020cdbe000f6892f46ab76d9587c53f8b19b7,f1b58c8ccaee181a233f11c34ff62fda2f7ec53206eb08b2970705719fba8082,f89e55d9cfacf91222600ee60a2ba36a7e5c6eb5bd4c3c753e6136ad5559fc67,AdamW,0.01,0.0,0.5468679451336285,0.4686030252955383,0.4660921165392013,60
graphsage_pilot_v1_step60,covid_political,linear,0,100,10,val,2,200,e518b8d4501a6dd8d4517d1671d020cdbe000f6892f46ab76d9587c53f8b19b7,f1b58c8ccaee181a233f11c34ff62fda2f7ec53206eb08b2970705719fba8082,f89e55d9cfacf91222600ee60a2ba36a7e5c6eb5bd4c3c753e6136ad5559fc67,AdamW,0.01,0.0,0.6202952471260262,0.4678403457480615,0.4655365692342045,60
graphsage_pilot_v1_step60,covid_political,linear,0,100,10,test,2,200,e518b8d4501a6dd8d4517d1671d020cdbe000f6892f46ab76d9587c53f8b19b7,f1b58c8ccaee181a233f11c34ff62fda2f7ec53206eb08b2970705719fba8082,f89e55d9cfacf91222600ee60a2ba36a7e5c6eb5bd4c3c753e6136ad5559fc67,AdamW,0.01,0.0,0.6226864876778127,0.4686030252955383,0.4660921165392013,60
graphsage_pilot_v1_step60,covid_political,linear,0,100,100,val,2,200,e518b8d4501a6dd8d4517d1671d020cdbe000f6892f46ab76d9587c53f8b19b7,f1b58c8ccaee181a233f11c34ff62fda2f7ec53206eb08b2970705719fba8082,f89e55d9cfacf91222600ee60a2ba36a7e5c6eb5bd4c3c753e6136ad5559fc67,AdamW,0.01,0.0,0.6227015032658633,0.6203762552434219,0.573806706779886,60
graphsage_pilot_v1_step60,covid_political,linear,0,100,100,test,2,200,e518b8d4501a6dd8d4517d1671d020cdbe000f6892f46ab76d9587c53f8b19b7,f1b58c8ccaee181a233f11c34ff62fda2f7ec53206eb08b2970705719fba8082,f89e55d9cfacf91222600ee60a2ba36a7e5c6eb5bd4c3c753e6136ad5559fc67,AdamW,0.01,0.0,0.625028636716168,0.6219016143383755,0.5755191861097508,60
graphsage_pilot_v1_step60,covid_political,linear,1,0,0,val,2,0,af5570f5a1810b7af78caf4bc70a660f0df51e42baf91d4de5b2328de0e83dfc,f1b58c8ccaee181a233f11c34ff62fda2f7ec53206eb08b2970705719fba8082,8a8ac6a74ff16f70c26373d03c9e72726890aaba776363757688178d530a945d,none,0.0,0.0,0.3802446399189136,0.5321596542519385,0.4190321718293122,60
graphsage_pilot_v1_step60,covid_political,linear,1,0,0,test,2,0,af5570f5a1810b7af78caf4bc70a660f0df51e42baf91d4de5b2328de0e83dfc,f1b58c8ccaee181a233f11c34ff62fda2f7ec53206eb08b2970705719fba8082,8a8ac6a74ff16f70c26373d03c9e72726890aaba776363757688178d530a945d,none,0.0,0.0,0.3780111989539322,0.5313969747044617,0.4199375132215889,60
graphsage_pilot_v1_step60,covid_political,linear,1,1,0,val,2,2,a1a5486cefa74f8722a35f2abc7ceba0b5efb57b74cc3cdb660b354f7db25aa5,f1b58c8ccaee181a233f11c34ff62fda2f7ec53206eb08b2970705719fba8082,8a8ac6a74ff16f70c26373d03c9e72726890aaba776363757688178d530a945d,AdamW,0.01,0.0,0.3802446399189136,0.5321596542519385,0.4190321718293122,60
graphsage_pilot_v1_step60,covid_political,linear,1,1,0,test,2,2,a1a5486cefa74f8722a35f2abc7ceba0b5efb57b74cc3cdb660b354f7db25aa5,f1b58c8ccaee181a233f11c34ff62fda2f7ec53206eb08b2970705719fba8082,8a8ac6a74ff16f70c26373d03c9e72726890aaba776363757688178d530a945d,AdamW,0.01,0.0,0.3780111989539322,0.5313969747044617,0.4199375132215889,60
graphsage_pilot_v1_step60,covid_political,linear,1,1,1,val,2,2,a1a5486cefa74f8722a35f2abc7ceba0b5efb57b74cc3cdb660b354f7db25aa5,f1b58c8ccaee181a233f11c34ff62fda2f7ec53206eb08b2970705719fba8082,8a8ac6a74ff16f70c26373d03c9e72726890aaba776363757688178d530a945d,AdamW,0.01,0.0,0.3802297656796282,0.2975085801449091,0.280959264422418,60
graphsage_pilot_v1_step60,covid_political,linear,1,1,1,test,2,2,a1a5486cefa74f8722a35f2abc7ceba0b5efb57b74cc3cdb660b354f7db25aa5,f1b58c8ccaee181a233f11c34ff62fda2f7ec53206eb08b2970705719fba8082,8a8ac6a74ff16f70c26373d03c9e72726890aaba776363757688178d530a945d,AdamW,0.01,0.0,0.3778888670341952,0.2964916740816067,0.2798899621993146,60
graphsage_pilot_v1_step60,covid_political,linear,1,1,10,val,2,2,a1a5486cefa74f8722a35f2abc7ceba0b5efb57b74cc3cdb660b354f7db25aa5,f1b58c8ccaee181a233f11c34ff62fda2f7ec53206eb08b2970705719fba8082,8a8ac6a74ff16f70c26373d03c9e72726890aaba776363757688178d530a945d,AdamW,0.01,0.0,0.5482190762336296,0.5191305453158764,0.5084431611482336,60
graphsage_pilot_v1_step60,covid_political,linear,1,1,10,test,2,2,a1a5486cefa74f8722a35f2abc7ceba0b5efb57b74cc3cdb660b354f7db25aa5,f1b58c8ccaee181a233f11c34ff62fda2f7ec53206eb08b2970705719fba8082,8a8ac6a74ff16f70c26373d03c9e72726890aaba776363757688178d530a945d,AdamW,0.01,0.0,0.5431898762969972,0.5183678657683997,0.5070701580825043,60
graphsage_pilot_v1_step60,covid_political,linear,1,1,100,val,2,2,a1a5486cefa74f8722a35f2abc7ceba0b5efb57b74cc3cdb660b354f7db25aa5,f1b58c8ccaee181a233f11c34ff62fda2f7ec53206eb08b2970705719fba8082,8a8ac6a74ff16f70c26373d03c9e72726890aaba776363757688178d530a945d,AdamW,0.01,0.0,0.5499414435557957,0.5163340536417949,0.506617697754242,60
graphsage_pilot_v1_step60,covid_political,linear,1,1,100,test,2,2,a1a5486cefa74f8722a35f2abc7ceba0b5efb57b74cc3cdb660b354f7db25aa5,f1b58c8ccaee181a233f11c34ff62fda2f7ec53206eb08b2970705719fba8082,8a8ac6a74ff16f70c26373d03c9e72726890aaba776363757688178d530a945d,AdamW,0.01,0.0,0.5456643930174145,0.5163340536417949,0.505773084499596,60
graphsage_pilot_v1_step60,covid_political,linear,1,10,0,val,2,20,f9c026150d0dd5592c79f931e4798ed5d85119b5f6613d26370f93e1e204582e,f1b58c8ccaee181a233f11c34ff62fda2f7ec53206eb08b2970705719fba8082,8a8ac6a74ff16f70c26373d03c9e72726890aaba776363757688178d530a945d,AdamW,0.01,0.0,0.3802446399189136,0.5321596542519385,0.4190321718293122,60
graphsage_pilot_v1_step60,covid_political,linear,1,10,0,test,2,20,f9c026150d0dd5592c79f931e4798ed5d85119b5f6613d26370f93e1e204582e,f1b58c8ccaee181a233f11c34ff62fda2f7ec53206eb08b2970705719fba8082,8a8ac6a74ff16f70c26373d03c9e72726890aaba776363757688178d530a945d,AdamW,0.01,0.0,0.3780111989539322,0.5313969747044617,0.4199375132215889,60
graphsage_pilot_v1_step60,covid_political,linear,1,10,1,val,2,20,f9c026150d0dd5592c79f931e4798ed5d85119b5f6613d26370f93e1e204582e,f1b58c8ccaee181a233f11c34ff62fda2f7ec53206eb08b2970705719fba8082,8a8ac6a74ff16f70c26373d03c9e72726890aaba776363757688178d530a945d,AdamW,0.01,0.0,0.548200624783288,0.5186220922842253,0.5077909819950502,60
graphsage_pilot_v1_step60,covid_political,linear,1,10,1,test,2,20,f9c026150d0dd5592c79f931e4798ed5d85119b5f6613d26370f93e1e204582e,f1b58c8ccaee181a233f11c34ff62fda2f7ec53206eb08b2970705719fba8082,8a8ac6a74ff16f70c26373d03c9e72726890aaba776363757688178d530a945d,AdamW,0.01,0.0,0.5429960110291179,0.5182407525104868,0.506803672217206,60
graphsage_pilot_v1_step60,covid_political,linear,1,10,10,val,2,20,f9c026150d0dd5592c79f931e4798ed5d85119b5f6613d26370f93e1e204582e,f1b58c8ccaee181a233f11c34ff62fda2f7ec53206eb08b2970705719fba8082,8a8ac6a74ff16f70c26373d03c9e72726890aaba776363757688178d530a945d,AdamW,0.01,0.0,0.633948798475695,0.5188127621710944,0.5064823973469806,60
graphsage_pilot_v1_step60,covid_political,linear,1,10,10,test,2,20,f9c026150d0dd5592c79f931e4798ed5d85119b5f6613d26370f93e1e204582e,f1b58c8ccaee181a233f11c34ff62fda2f7ec53206eb08b2970705719fba8082,8a8ac6a74ff16f70c26373d03c9e72726890aaba776363757688178d530a945d,AdamW,0.01,0.0,0.6338244441813183,0.5186856489131817,0.5059000580938736,60
graphsage_pilot_v1_step60,covid_political,linear,1,10,100,val,2,20,f9c026150d0dd5592c79f931e4798ed5d85119b5f6613d26370f93e1e204582e,f1b58c8ccaee181a233f11c34ff62fda2f7ec53206eb08b2970705719fba8082,8a8ac6a74ff16f70c26373d03c9e72726890aaba776363757688178d530a945d,AdamW,0.01,0.0,0.6347766673201328,0.5188127621710944,0.5063804723701725,60
graphsage_pilot_v1_step60,covid_political,linear,1,10,100,test,2,20,f9c026150d0dd5592c79f931e4798ed5d85119b5f6613d26370f93e1e204582e,f1b58c8ccaee181a233f11c34ff62fda2f7ec53206eb08b2970705719fba8082,8a8ac6a74ff16f70c26373d03c9e72726890aaba776363757688178d530a945d,AdamW,0.01,0.0,0.6340258552986595,0.5184314223973561,0.505535080940303,60
graphsage_pilot_v1_step60,covid_political,linear,1,100,0,val,2,200,deff487df17b1c21d7fda36c1e8d131f2aa5ae126f57b1bdc5989660169e9a6e,f1b58c8ccaee181a233f11c34ff62fda2f7ec53206eb08b2970705719fba8082,8a8ac6a74ff16f70c26373d03c9e72726890aaba776363757688178d530a945d,AdamW,0.01,0.0,0.3802446399189136,0.5321596542519385,0.4190321718293122,60
graphsage_pilot_v1_step60,covid_political,linear,1,100,0,test,2,200,deff487df17b1c21d7fda36c1e8d131f2aa5ae126f57b1bdc5989660169e9a6e,f1b58c8ccaee181a233f11c34ff62fda2f7ec53206eb08b2970705719fba8082,8a8ac6a74ff16f70c26373d03c9e72726890aaba776363757688178d530a945d,AdamW,0.01,0.0,0.3780111989539322,0.5313969747044617,0.4199375132215889,60
graphsage_pilot_v1_step60,covid_political,linear,1,100,1,val,2,200,deff487df17b1c21d7fda36c1e8d131f2aa5ae126f57b1bdc5989660169e9a6e,f1b58c8ccaee181a233f11c34ff62fda2f7ec53206eb08b2970705719fba8082,8a8ac6a74ff16f70c26373d03c9e72726890aaba776363757688178d530a945d,AdamW,0.01,0.0,0.5492548364926413,0.5065463327825093,0.4988966838163091,60
graphsage_pilot_v1_step60,covid_political,linear,1,100,1,test,2,200,deff487df17b1c21d7fda36c1e8d131f2aa5ae126f57b1bdc5989660169e9a6e,f1b58c8ccaee181a233f11c34ff62fda2f7ec53206eb08b2970705719fba8082,8a8ac6a74ff16f70c26373d03c9e72726890aaba776363757688178d530a945d,AdamW,0.01,0.0,0.5449830919694438,0.5061649930087708,0.4981040527012753,60
graphsage_pilot_v1_step60,covid_political,linear,1,100,10,val,2,200,deff487df17b1c21d7fda36c1e8d131f2aa5ae126f57b1bdc5989660169e9a6e,f1b58c8ccaee181a233f11c34ff62fda2f7ec53206eb08b2970705719fba8082,8a8ac6a74ff16f70c26373d03c9e72726890aaba776363757688178d530a945d,AdamW,0.01,0.0,0.6472112921571334,0.516842506673446,0.5071184194858815,60
graphsage_pilot_v1_step60,covid_political,linear,1,100,10,test,2,200,deff487df17b1c21d7fda36c1e8d131f2aa5ae126f57b1bdc5989660169e9a6e,f1b58c8ccaee181a233f11c34ff62fda2f7ec53206eb08b2970705719fba8082,8a8ac6a74ff16f70c26373d03c9e72726890aaba776363757688178d530a945d,AdamW,0.01,0.0,0.6478159713014164,0.5166518367865769,0.5060696531410771,60
graphsage_pilot_v1_step60,covid_political,linear,1,100,100,val,2,200,deff487df17b1c21d7fda36c1e8d131f2aa5ae126f57b1bdc5989660169e9a6e,f1b58c8ccaee181a233f11c34ff62fda2f7ec53206eb08b2970705719fba8082,8a8ac6a74ff16f70c26373d03c9e72726890aaba776363757688178d530a945d,AdamW,0.01,0.0,0.6596199088213481,0.5191305453158764,0.5099286230701836,60
graphsage_pilot_v1_step60,covid_political,linear,1,100,100,test,2,200,deff487df17b1c21d7fda36c1e8d131f2aa5ae126f57b1bdc5989660169e9a6e,f1b58c8ccaee181a233f11c34ff62fda2f7ec53206eb08b2970705719fba8082,8a8ac6a74ff16f70c26373d03c9e72726890aaba776363757688178d530a945d,AdamW,0.01,0.0,0.6601251436728651,0.5191941019448328,0.5094367648300402,60
graphsage_pilot_v1_step60,covid_political,linear,2,0,0,val,2,0,af5570f5a1810b7af78caf4bc70a660f0df51e42baf91d4de5b2328de0e83dfc,f1b58c8ccaee181a233f11c34ff62fda2f7ec53206eb08b2970705719fba8082,203ffea723cb4cf0d5b2da185e1677d1c082fd4475784ccb7c3a518868d42cce,none,0.0,0.0,0.4775993412712625,0.2622982077030634,0.2279435795593947,60
graphsage_pilot_v1_step60,covid_political,linear,2,0,0,test,2,0,af5570f5a1810b7af78caf4bc70a660f0df51e42baf91d4de5b2328de0e83dfc,f1b58c8ccaee181a233f11c34ff62fda2f7ec53206eb08b2970705719fba8082,203ffea723cb4cf0d5b2da185e1677d1c082fd4475784ccb7c3a518868d42cce,none,0.0,0.0,0.4816329892360741,0.2631244438794966,0.2287433337581544,60
graphsage_pilot_v1_step60,covid_political,linear,2,1,0,val,2,2,819b2388d0d03770163bf9616c766cae20d1f55fa6baefa8dc8935608069d370,f1b58c8ccaee181a233f11c34ff62fda2f7ec53206eb08b2970705719fba8082,203ffea723cb4cf0d5b2da185e1677d1c082fd4475784ccb7c3a518868d42cce,AdamW,0.01,0.0,0.4775993412712625,0.2622982077030634,0.2279435795593947,60
graphsage_pilot_v1_step60,covid_political,linear,2,1,0,test,2,2,819b2388d0d03770163bf9616c766cae20d1f55fa6baefa8dc8935608069d370,f1b58c8ccaee181a233f11c34ff62fda2f7ec53206eb08b2970705719fba8082,203ffea723cb4cf0d5b2da185e1677d1c082fd4475784ccb7c3a518868d42cce,AdamW,0.01,0.0,0.4816329892360741,0.2631244438794966,0.2287433337581544,60
graphsage_pilot_v1_step60,covid_political,linear,2,1,1,val,2,2,819b2388d0d03770163bf9616c766cae20d1f55fa6baefa8dc8935608069d370,f1b58c8ccaee181a233f11c34ff62fda2f7ec53206eb08b2970705719fba8082,203ffea723cb4cf0d5b2da185e1677d1c082fd4475784ccb7c3a518868d42cce,AdamW,0.01,0.0,0.5499713442561136,0.4678403457480615,0.4655365692342045,60
graphsage_pilot_v1_step60,covid_political,linear,2,1,1,test,2,2,819b2388d0d03770163bf9616c766cae20d1f55fa6baefa8dc8935608069d370,f1b58c8ccaee181a233f11c34ff62fda2f7ec53206eb08b2970705719fba8082,203ffea723cb4cf0d5b2da185e1677d1c082fd4475784ccb7c3a518868d42cce,AdamW,0.01,0.0,0.545698621164542,0.4686030252955383,0.4660921165392013,60
graphsage_pilot_v1_step60,covid_political,linear,2,1,10,val,2,2,819b2388d0d03770163bf9616c766cae20d1f55fa6baefa8dc8935608069d370,f1b58c8ccaee181a233f11c34ff62fda2f7ec53206eb08b2970705719fba8082,203ffea723cb4cf0d5b2da185e1677d1c082fd4475784ccb7c3a518868d42cce,AdamW,0.01,0.0,0.549812642211808,0.4841743993898563,0.4802684235533455,60
graphsage_pilot_v1_step60,covid_political,linear,2,1,10,test,2,2,819b2388d0d03770163bf9616c766cae20d1f55fa6baefa8dc8935608069d370,f1b58c8ccaee181a233f11c34ff62fda2f7ec53206eb08b2970705719fba8082,203ffea723cb4cf0d5b2da185e1677d1c082fd4475784ccb7c3a518868d42cce,AdamW,0.01,0.0,0.5455876515109259,0.4865259946612432,0.4822069122262552,60
graphsage_pilot_v1_step60,covid_political,linear,2,1,100,val,2,2,819b2388d0d03770163bf9616c766cae20d1f55fa6baefa8dc8935608069d370,f1b58c8ccaee181a233f11c34ff62fda2f7ec53206eb08b2970705719fba8082,203ffea723cb4cf0d5b2da185e1677d1c082fd4475784ccb7c3a518868d42cce,AdamW,0.01,0.0,0.5499287004209692,0.5059107664929452,0.4985678640173877,60
graphsage_pilot_v1_step60,covid_political,linear,2,1,100,test,2,2,819b2388d0d03770163bf9616c766cae20d1f55fa6baefa8dc8935608069d370,f1b58c8ccaee181a233f11c34ff62fda2f7ec53206eb08b2970705719fba8082,203ffea723cb4cf0d5b2da185e1677d1c082fd4475784ccb7c3a518868d42cce,AdamW,0.01,0.0,0.5456728413243771,0.5056565399771196,0.4978805784513063,60
graphsage_pilot_v1_step60,covid_political,linear,2,10,0,val,2,20,59f9bdd18cf237d344bd10e236a66ddc182933a5b318262271cb8275b34bc0d9,f1b58c8ccaee181a233f11c34ff62fda2f7ec53206eb08b2970705719fba8082,203ffea723cb4cf0d5b2da185e1677d1c082fd4475784ccb7c3a518868d42cce,AdamW,0.01,0.0,0.4775993412712625,0.2622982077030634,0.2279435795593947,60
graphsage_pilot_v1_step60,covid_political,linear,2,10,0,test,2,20,59f9bdd18cf237d344bd10e236a66ddc182933a5b318262271cb8275b34bc0d9,f1b58c8ccaee181a233f11c34ff62fda2f7ec53206eb08b2970705719fba8082,203ffea723cb4cf0d5b2da185e1677d1c082fd4475784ccb7c3a518868d42cce,AdamW,0.01,0.0,0.4816329892360741,0.2631244438794966,0.2287433337581544,60
graphsage_pilot_v1_step60,covid_political,linear,2,10,1,val,2,20,59f9bdd18cf237d344bd10e236a66ddc182933a5b318262271cb8275b34bc0d9,f1b58c8ccaee181a233f11c34ff62fda2f7ec53206eb08b2970705719fba8082,203ffea723cb4cf0d5b2da185e1677d1c082fd4475784ccb7c3a518868d42cce,AdamW,0.01,0.0,0.5499713442561136,0.4678403457480615,0.4655365692342045,60
graphsage_pilot_v1_step60,covid_political,linear,2,10,1,test,2,20,59f9bdd18cf237d344bd10e236a66ddc182933a5b318262271cb8275b34bc0d9,f1b58c8ccaee181a233f11c34ff62fda2f7ec53206eb08b2970705719fba8082,203ffea723cb4cf0d5b2da185e1677d1c082fd4475784ccb7c3a518868d42cce,AdamW,0.01,0.0,0.545698621164542,0.4686030252955383,0.4660921165392013,60
graphsage_pilot_v1_step60,covid_political,linear,2,10,10,val,2,20,59f9bdd18cf237d344bd10e236a66ddc182933a5b318262271cb8275b34bc0d9,f1b58c8ccaee181a233f11c34ff62fda2f7ec53206eb08b2970705719fba8082,203ffea723cb4cf0d5b2da185e1677d1c082fd4475784ccb7c3a518868d42cce,AdamW,0.01,0.0,0.620508901221025,0.4678403457480615,0.4655365692342045,60
graphsage_pilot_v1_step60,covid_political,linear,2,10,10,test,2,20,59f9bdd18cf237d344bd10e236a66ddc182933a5b318262271cb8275b34bc0d9,f1b58c8ccaee181a233f11c34ff62fda2f7ec53206eb08b2970705719fba8082,203ffea723cb4cf0d5b2da185e1677d1c082fd4475784ccb7c3a518868d42cce,AdamW,0.01,0.0,0.6228656635470994,0.4686030252955383,0.4660921165392013,60
graphsage_pilot_v1_step60,covid_political,linear,2,10,100,val,2,20,59f9bdd18cf237d344bd10e236a66ddc182933a5b318262271cb8275b34bc0d9,f1b58c8ccaee181a233f11c34ff62fda2f7ec53206eb08b2970705719fba8082,203ffea723cb4cf0d5b2da185e1677d1c082fd4475784ccb7c3a518868d42cce,AdamW,0.01,0.0,0.6298759099190843,0.4767382738019575,0.4735155479382,60
graphsage_pilot_v1_step60,covid_political,linear,2,10,100,test,2,20,59f9bdd18cf237d344bd10e236a66ddc182933a5b318262271cb8275b34bc0d9,f1b58c8ccaee181a233f11c34ff62fda2f7ec53206eb08b2970705719fba8082,203ffea723cb4cf0d5b2da185e1677d1c082fd4475784ccb7c3a518868d42cce,AdamW,0.01,0.0,0.6317144767991769,0.4773738400915215,0.4738644990909204,60
graphsage_pilot_v1_step60,covid_political,linear,2,100,0,val,2,200,c2c4b3d8afd50110d9a186f13b92defd8364a53b560f60feae44094cbdc75d36,f1b58c8ccaee181a233f11c34ff62fda2f7ec53206eb08b2970705719fba8082,203ffea723cb4cf0d5b2da185e1677d1c082fd4475784ccb7c3a518868d42cce,AdamW,0.01,0.0,0.4775993412712625,0.2622982077030634,0.2279435795593947,60
graphsage_pilot_v1_step60,covid_political,linear,2,100,0,test,2,200,c2c4b3d8afd50110d9a186f13b92defd8364a53b560f60feae44094cbdc75d36,f1b58c8ccaee181a233f11c34ff62fda2f7ec53206eb08b2970705719fba8082,203ffea723cb4cf0d5b2da185e1677d1c082fd4475784ccb7c3a518868d42cce,AdamW,0.01,0.0,0.4816329892360741,0.2631244438794966,0.2287433337581544,60
graphsage_pilot_v1_step60,covid_political,linear,2,100,1,val,2,200,c2c4b3d8afd50110d9a186f13b92defd8364a53b560f60feae44094cbdc75d36,f1b58c8ccaee181a233f11c34ff62fda2f7ec53206eb08b2970705719fba8082,203ffea723cb4cf0d5b2da185e1677d1c082fd4475784ccb7c3a518868d42cce,AdamW,0.01,0.0,0.620449958785962,0.4678403457480615,0.4655365692342045,60
graphsage_pilot_v1_step60,covid_political,linear,2,100,1,test,2,200,c2c4b3d8afd50110d9a186f13b92defd8364a53b560f60feae44094cbdc75d36,f1b58c8ccaee181a233f11c34ff62fda2f7ec53206eb08b2970705719fba8082,203ffea723cb4cf0d5b2da185e1677d1c082fd4475784ccb7c3a518868d42cce,AdamW,0.01,0.0,0.6227813218262391,0.4686030252955383,0.4660921165392013,60
graphsage_pilot_v1_step60,covid_political,linear,2,100,10,val,2,200,c2c4b3d8afd50110d9a186f13b92defd8364a53b560f60feae44094cbdc75d36,f1b58c8ccaee181a233f11c34ff62fda2f7ec53206eb08b2970705719fba8082,203ffea723cb4cf0d5b2da185e1677d1c082fd4475784ccb7c3a518868d42cce,AdamW,0.01,0.0,0.6222156549411343,0.4678403457480615,0.4655365692342045,60
graphsage_pilot_v1_step60,covid_political,linear,2,100,10,test,2,200,c2c4b3d8afd50110d9a186f13b92defd8364a53b560f60feae44094cbdc75d36,f1b58c8ccaee181a233f11c34ff62fda2f7ec53206eb08b2970705719fba8082,203ffea723cb4cf0d5b2da185e1677d1c082fd4475784ccb7c3a518868d42cce,AdamW,0.01,0.0,0.624371886861404,0.4686030252955383,0.4660921165392013,60
graphsage_pilot_v1_step60,covid_political,linear,2,100,100,val,2,200,c2c4b3d8afd50110d9a186f13b92defd8364a53b560f60feae44094cbdc75d36,f1b58c8ccaee181a233f11c34ff62fda2f7ec53206eb08b2970705719fba8082,203ffea723cb4cf0d5b2da185e1677d1c082fd4475784ccb7c3a518868d42cce,AdamW,0.01,0.0,0.6513167779135812,0.4678403457480615,0.4655365692342045,60
graphsage_pilot_v1_step60,covid_political,linear,2,100,100,test,2,200,c2c4b3d8afd50110d9a186f13b92defd8364a53b560f60feae44094cbdc75d36,f1b58c8ccaee181a233f11c34ff62fda2f7ec53206eb08b2970705719fba8082,203ffea723cb4cf0d5b2da185e1677d1c082fd4475784ccb7c3a518868d42cce,AdamW,0.01,0.0,0.6515885046050883,0.4686030252955383,0.4660921165392013,60
graphsage_pilot_v1_step60,election2020,linear,0,0,0,val,2,0,af5570f5a1810b7af78caf4bc70a660f0df51e42baf91d4de5b2328de0e83dfc,4db6aa7af69e96de5ca88f4890129536991fb6b5a48192980711caf7e7cedb5c,f89e55d9cfacf91222600ee60a2ba36a7e5c6eb5bd4c3c753e6136ad5559fc67,none,0.0,0.0,0.5261450316973177,0.5250855188141391,0.5016827143679147,60
graphsage_pilot_v1_step60,election2020,linear,0,0,0,test,2,0,af5570f5a1810b7af78caf4bc70a660f0df51e42baf91d4de5b2328de0e83dfc,4db6aa7af69e96de5ca88f4890129536991fb6b5a48192980711caf7e7cedb5c,f89e55d9cfacf91222600ee60a2ba36a7e5c6eb5bd4c3c753e6136ad5559fc67,none,0.0,0.0,0.5198059754809543,0.520998289732058,0.4978865281278075,60
graphsage_pilot_v1_step60,election2020,linear,0,1,0,val,2,2,08d94d51669f2215e109205d97de59e7cd401bd8d9f0f558f89a298e5dd837c3,4db6aa7af69e96de5ca88f4890129536991fb6b5a48192980711caf7e7cedb5c,f89e55d9cfacf91222600ee60a2ba36a7e5c6eb5bd4c3c753e6136ad5559fc67,AdamW,0.01,0.0,0.5261450316973177,0.5250855188141391,0.5016827143679147,60
graphsage_pilot_v1_step60,election2020,linear,0,1,0,test,2,2,08d94d51669f2215e109205d97de59e7cd401bd8d9f0f558f89a298e5dd837c3,4db6aa7af69e96de5ca88f4890129536991fb6b5a48192980711caf7e7cedb5c,f89e55d9cfacf91222600ee60a2ba36a7e5c6eb5bd4c3c753e6136ad5559fc67,AdamW,0.01,0.0,0.5198059754809543,0.520998289732058,0.4978865281278075,60
graphsage_pilot_v1_step60,election2020,linear,0,1,1,val,2,2,08d94d51669f2215e109205d97de59e7cd401bd8d9f0f558f89a298e5dd837c3,4db6aa7af69e96de5ca88f4890129536991fb6b5a48192980711caf7e7cedb5c,f89e55d9cfacf91222600ee60a2ba36a7e5c6eb5bd4c3c753e6136ad5559fc67,AdamW,0.01,0.0,0.5022622604295025,0.4706702141137717,0.4500041353569113,60
graphsage_pilot_v1_step60,election2020,linear,0,1,1,test,2,2,08d94d51669f2215e109205d97de59e7cd401bd8d9f0f558f89a298e5dd837c3,4db6aa7af69e96de5ca88f4890129536991fb6b5a48192980711caf7e7cedb5c,f89e55d9cfacf91222600ee60a2ba36a7e5c6eb5bd4c3c753e6136ad5559fc67,AdamW,0.01,0.0,0.501809584333909,0.4760245771837588,0.4562990918921116,60
graphsage_pilot_v1_step60,election2020,linear,0,1,10,val,2,2,08d94d51669f2215e109205d97de59e7cd401bd8d9f0f558f89a298e5dd837c3,4db6aa7af69e96de5ca88f4890129536991fb6b5a48192980711caf7e7cedb5c,f89e55d9cfacf91222600ee60a2ba36a7e5c6eb5bd4c3c753e6136ad5559fc67,AdamW,0.01,0.0,0.513839119643812,0.4923983276320791,0.4795214041058302,60
graphsage_pilot_v1_step60,election2020,linear,0,1,10,test,2,2,08d94d51669f2215e109205d97de59e7cd401bd8d9f0f558f89a298e5dd837c3,4db6aa7af69e96de5ca88f4890129536991fb6b5a48192980711caf7e7cedb5c,f89e55d9cfacf91222600ee60a2ba36a7e5c6eb5bd4c3c753e6136ad5559fc67,AdamW,0.01,0.0,0.5152444365534888,0.4955976436308354,0.4827929739050763,60
graphsage_pilot_v1_step60,election2020,linear,0,1,100,val,2,2,08d94d51669f2215e109205d97de59e7cd401bd8d9f0f558f89a298e5dd837c3,4db6aa7af69e96de5ca88f4890129536991fb6b5a48192980711caf7e7cedb5c,f89e55d9cfacf91222600ee60a2ba36a7e5c6eb5bd4c3c753e6136ad5559fc67,AdamW,0.01,0.0,0.5574449704726698,0.5361712910173572,0.5361378673330877,60
graphsage_pilot_v1_step60,election2020,linear,0,1,100,test,2,2,08d94d51669f2215e109205d97de59e7cd401bd8d9f0f558f89a298e5dd837c3,4db6aa7af69e96de5ca88f4890129536991fb6b5a48192980711caf7e7cedb5c,f89e55d9cfacf91222600ee60a2ba36a7e5c6eb5bd4c3c753e6136ad5559fc67,AdamW,0.01,0.0,0.5501832080337419,0.5313865838981441,0.5313847769713315,60
graphsage_pilot_v1_step60,election2020,linear,0,10,0,val,2,20,b6534a1ef3f057337c8375bd52f2696a8aa28bb886a9b231c4e0174bd3f714e2,4db6aa7af69e96de5ca88f4890129536991fb6b5a48192980711caf7e7cedb5c,f89e55d9cfacf91222600ee60a2ba36a7e5c6eb5bd4c3c753e6136ad5559fc67,AdamW,0.01,0.0,0.5261450316973177,0.5250855188141391,0.5016827143679147,60
graphsage_pilot_v1_step60,election2020,linear,0,10,0,test,2,20,b6534a1ef3f057337c8375bd52f2696a8aa28bb886a9b231c4e0174bd3f714e2,4db6aa7af69e96de5ca88f4890129536991fb6b5a48192980711caf7e7cedb5c,f89e55d9cfacf91222600ee60a2ba36a7e5c6eb5bd4c3c753e6136ad5559fc67,AdamW,0.01,0.0,0.5198059754809543,0.520998289732058,0.4978865281278075,60
graphsage_pilot_v1_step60,election2020,linear,0,10,1,val,2,20,b6534a1ef3f057337c8375bd52f2696a8aa28bb886a9b231c4e0174bd3f714e2,4db6aa7af69e96de5ca88f4890129536991fb6b5a48192980711caf7e7cedb5c,f89e55d9cfacf91222600ee60a2ba36a7e5c6eb5bd4c3c753e6136ad5559fc67,AdamW,0.01,0.0,0.5258317397487464,0.5295198276954264,0.4926599326640122,60
graphsage_pilot_v1_step60,election2020,linear,0,10,1,test,2,20,b6534a1ef3f057337c8375bd52f2696a8aa28bb886a9b231c4e0174bd3f714e2,4db6aa7af69e96de5ca88f4890129536991fb6b5a48192980711caf7e7cedb5c,f89e55d9cfacf91222600ee60a2ba36a7e5c6eb5bd4c3c753e6136ad5559fc67,AdamW,0.01,0.0,0.5199574178985469,0.5242287958446823,0.4881009597779151,60
graphsage_pilot_v1_step60,election2020,linear,0,10,10,val,2,20,b6534a1ef3f057337c8375bd52f2696a8aa28bb886a9b231c4e0174bd3f714e2,4db6aa7af69e96de5ca88f4890129536991fb6b5a48192980711caf7e7cedb5c,f89e55d9cfacf91222600ee60a2ba36a7e5c6eb5bd4c3c753e6136ad5559fc67,AdamW,0.01,0.0,0.5221581155595856,0.5145065247687824,0.5143334528847517,60
graphsage_pilot_v1_step60,election2020,linear,0,10,10,test,2,20,b6534a1ef3f057337c8375bd52f2696a8aa28bb886a9b231c4e0174bd3f714e2,4db6aa7af69e96de5ca88f4890129536991fb6b5a48192980711caf7e7cedb5c,f89e55d9cfacf91222600ee60a2ba36a7e5c6eb5bd4c3c753e6136ad5559fc67,AdamW,0.01,0.0,0.5153417012977588,0.510609995565972,0.5105907494390649,60
graphsage_pilot_v1_step60,election2020,linear,0,10,100,val,2,20,b6534a1ef3f057337c8375bd52f2696a8aa28bb886a9b231c4e0174bd3f714e2,4db6aa7af69e96de5ca88f4890129536991fb6b5a48192980711caf7e7cedb5c,f89e55d9cfacf91222600ee60a2ba36a7e5c6eb5bd4c3c753e6136ad5559fc67,AdamW,0.01,0.0,0.532309766041762,0.5202711263144558,0.5201994078139506,60
graphsage_pilot_v1_step60,election2020,linear,0,10,100,test,2,20,b6534a1ef3f057337c8375bd52f2696a8aa28bb886a9b231c4e0174bd3f714e2,4db6aa7af69e96de5ca88f4890129536991fb6b5a48192980711caf7e7cedb5c,f89e55d9cfacf91222600ee60a2ba36a7e5c6eb5bd4c3c753e6136ad5559fc67,AdamW,0.01,0.0,0.5241478090910523,0.5172610375625515,0.5172582406245207,60
graphsage_pilot_v1_step60,election2020,linear,0,100,0,val,2,200,50ec07087975f0e8f3e763af6776f688067a11d30479a86ddef55be76a24d4be,4db6aa7af69e96de5ca88f4890129536991fb6b5a48192980711caf7e7cedb5c,f89e55d9cfacf91222600ee60a2ba36a7e5c6eb5bd4c3c753e6136ad5559fc67,AdamW,0.01,0.0,0.5261450316973177,0.5250855188141391,0.5016827143679147,60
graphsage_pilot_v1_step60,election2020,linear,0,100,0,test,2,200,50ec07087975f0e8f3e763af6776f688067a11d30479a86ddef55be76a24d4be,4db6aa7af69e96de5ca88f4890129536991fb6b5a48192980711caf7e7cedb5c,f89e55d9cfacf91222600ee60a2ba36a7e5c6eb5bd4c3c753e6136ad5559fc67,AdamW,0.01,0.0,0.5198059754809543,0.520998289732058,0.4978865281278075,60
graphsage_pilot_v1_step60,election2020,linear,0,100,1,val,2,200,50ec07087975f0e8f3e763af6776f688067a11d30479a86ddef55be76a24d4be,4db6aa7af69e96de5ca88f4890129536991fb6b5a48192980711caf7e7cedb5c,f89e55d9cfacf91222600ee60a2ba36a7e5c6eb5bd4c3c753e6136ad5559fc67,AdamW,0.01,0.0,0.5022492792541443,0.4716204231597618,0.4502700625909438,60
graphsage_pilot_v1_step60,election2020,linear,0,100,1,test,2,200,50ec07087975f0e8f3e763af6776f688067a11d30479a86ddef55be76a24d4be,4db6aa7af69e96de5ca88f4890129536991fb6b5a48192980711caf7e7cedb5c,f89e55d9cfacf91222600ee60a2ba36a7e5c6eb5bd4c3c753e6136ad5559fc67,AdamW,0.01,0.0,0.5018023358907261,0.4755811743839868,0.4550817087220211,60
graphsage_pilot_v1_step60,election2020,linear,0,100,10,val,2,200,50ec07087975f0e8f3e763af6776f688067a11d30479a86ddef55be76a24d4be,4db6aa7af69e96de5ca88f4890129536991fb6b5a48192980711caf7e7cedb5c,f89e55d9cfacf91222600ee60a2ba36a7e5c6eb5bd4c3c753e6136ad5559fc67,AdamW,0.01,0.0,0.5195201760402378,0.4915748131255543,0.4691863702202554,60
graphsage_pilot_v1_step60,election2020,linear,0,100,10,test,2,200,50ec07087975f0e8f3e763af6776f688067a11d30479a86ddef55be76a24d4be,4db6aa7af69e96de5ca88f4890129536991fb6b5a48192980711caf7e7cedb5c,f89e55d9cfacf91222600ee60a2ba36a7e5c6eb5bd4c3c753e6136ad5559fc67,AdamW,0.01,0.0,0.5215222825215207,0.4928738835750934,0.4703582062772993,60
graphsage_pilot_v1_step60,election2020,linear,0,100,100,val,2,200,50ec07087975f0e8f3e763af6776f688067a11d30479a86ddef55be76a24d4be,4db6aa7af69e96de5ca88f4890129536991fb6b5a48192980711caf7e7cedb5c,f89e55d9cfacf91222600ee60a2ba36a7e5c6eb5bd4c3c753e6136ad5559fc67,AdamW,0.01,0.0,0.558169559014619,0.5371848473330799,0.5359018616379834,60
graphsage_pilot_v1_step60,election2020,linear,0,100,100,test,2,200,50ec07087975f0e8f3e763af6776f688067a11d30479a86ddef55be76a24d4be,4db6aa7af69e96de5ca88f4890129536991fb6b5a48192980711caf7e7cedb5c,f89e55d9cfacf91222600ee60a2ba36a7e5c6eb5bd4c3c753e6136ad5559fc67,AdamW,0.01,0.0,0.5482853589713189,0.5289795401279533,0.5271908913237532,60
graphsage_pilot_v1_step60,election2020,linear,1,0,0,val,2,0,af5570f5a1810b7af78caf4bc70a660f0df51e42baf91d4de5b2328de0e83dfc,4db6aa7af69e96de5ca88f4890129536991fb6b5a48192980711caf7e7cedb5c,8a8ac6a74ff16f70c26373d03c9e72726890aaba776363757688178d530a945d,none,0.0,0.0,0.4924956454937884,0.4858735588496136,0.4853405883798413,60
graphsage_pilot_v1_step60,election2020,linear,1,0,0,test,2,0,af5570f5a1810b7af78caf4bc70a660f0df51e42baf91d4de5b2328de0e83dfc,4db6aa7af69e96de5ca88f4890129536991fb6b5a48192980711caf7e7cedb5c,8a8ac6a74ff16f70c26373d03c9e72726890aaba776363757688178d530a945d,none,0.0,0.0,0.4945666622368831,0.4881231392918224,0.4873527286441,60
graphsage_pilot_v1_step60,election2020,linear,1,1,0,val,2,2,78f669017e10b4ad480d639a6df17bf9ebfc9f39fe37b9df5e1bcca3ec557500,4db6aa7af69e96de5ca88f4890129536991fb6b5a48192980711caf7e7cedb5c,8a8ac6a74ff16f70c26373d03c9e72726890aaba776363757688178d530a945d,AdamW,0.01,0.0,0.4924956454937884,0.4858735588496136,0.4853405883798413,60
graphsage_pilot_v1_step60,election2020,linear,1,1,0,test,2,2,78f669017e10b4ad480d639a6df17bf9ebfc9f39fe37b9df5e1bcca3ec557500,4db6aa7af69e96de5ca88f4890129536991fb6b5a48192980711caf7e7cedb5c,8a8ac6a74ff16f70c26373d03c9e72726890aaba776363757688178d530a945d,AdamW,0.01,0.0,0.4945666622368831,0.4881231392918224,0.4873527286441,60
graphsage_pilot_v1_step60,election2020,linear,1,1,1,val,2,2,78f669017e10b4ad480d639a6df17bf9ebfc9f39fe37b9df5e1bcca3ec557500,4db6aa7af69e96de5ca88f4890129536991fb6b5a48192980711caf7e7cedb5c,8a8ac6a74ff16f70c26373d03c9e72726890aaba776363757688178d530a945d,AdamW,0.01,0.0,0.4779377739932162,0.473140757633346,0.4566391864049712,60
graphsage_pilot_v1_step60,election2020,linear,1,1,1,test,2,2,78f669017e10b4ad480d639a6df17bf9ebfc9f39fe37b9df5e1bcca3ec557500,4db6aa7af69e96de5ca88f4890129536991fb6b5a48192980711caf7e7cedb5c,8a8ac6a74ff16f70c26373d03c9e72726890aaba776363757688178d530a945d,AdamW,0.01,0.0,0.4829140149310826,0.4772914423259644,0.4616733395965088,60
graphsage_pilot_v1_step60,election2020,linear,1,1,10,val,2,2,78f669017e10b4ad480d639a6df17bf9ebfc9f39fe37b9df5e1bcca3ec557500,4db6aa7af69e96de5ca88f4890129536991fb6b5a48192980711caf7e7cedb5c,8a8ac6a74ff16f70c26373d03c9e72726890aaba776363757688178d530a945d,AdamW,0.01,0.0,0.5047488982146686,0.4859369061193462,0.4856649397631416,60
graphsage_pilot_v1_step60,election2020,linear,1,1,10,test,2,2,78f669017e10b4ad480d639a6df17bf9ebfc9f39fe37b9df5e1bcca3ec557500,4db6aa7af69e96de5ca88f4890129536991fb6b5a48192980711caf7e7cedb5c,8a8ac6a74ff16f70c26373d03c9e72726890aaba776363757688178d530a945d,AdamW,0.01,0.0,0.5029554840978518,0.4863495280927345,0.4861513939352676,60
graphsage_pilot_v1_step60,election2020,linear,1,1,100,val,2,2,78f669017e10b4ad480d639a6df17bf9ebfc9f39fe37b9df5e1bcca3ec557500,4db6aa7af69e96de5ca88f4890129536991fb6b5a48192980711caf7e7cedb5c,8a8ac6a74ff16f70c26373d03c9e72726890aaba776363757688178d530a945d,AdamW,0.01,0.0,0.5059681841725243,0.4980995819080198,0.4948351155219165,60
graphsage_pilot_v1_step60,election2020,linear,1,1,100,test,2,2,78f669017e10b4ad480d639a6df17bf9ebfc9f39fe37b9df5e1bcca3ec557500,4db6aa7af69e96de5ca88f4890129536991fb6b5a48192980711caf7e7cedb5c,8a8ac6a74ff16f70c26373d03c9e72726890aaba776363757688178d530a945d,AdamW,0.01,0.0,0.5021675024492958,0.4918603914613289,0.4888025087482557,60
graphsage_pilot_v1_step60,election2020,linear,1,10,0,val,2,20,d1765be95433fa195f4fbe461afcda743f31b1a4c207872120cf825a0d06e621,4db6aa7af69e96de5ca88f4890129536991fb6b5a48192980711caf7e7cedb5c,8a8ac6a74ff16f70c26373d03c9e72726890aaba776363757688178d530a945d,AdamW,0.01,0.0,0.4924956454937884,0.4858735588496136,0.4853405883798413,60
graphsage_pilot_v1_step60,election2020,linear,1,10,0,test,2,20,d1765be95433fa195f4fbe461afcda743f31b1a4c207872120cf825a0d06e621,4db6aa7af69e96de5ca88f4890129536991fb6b5a48192980711caf7e7cedb5c,8a8ac6a74ff16f70c26373d03c9e72726890aaba776363757688178d530a945d,AdamW,0.01,0.0,0.4945666622368831,0.4881231392918224,0.4873527286441,60
graphsage_pilot_v1_step60,election2020,linear,1,10,1,val,2,20,d1765be95433fa195f4fbe461afcda743f31b1a4c207872120cf825a0d06e621,4db6aa7af69e96de5ca88f4890129536991fb6b5a48192980711caf7e7cedb5c,8a8ac6a74ff16f70c26373d03c9e72726890aaba776363757688178d530a945d,AdamW,0.01,0.0,0.4975103106698803,0.5264791587482579,0.4954796974855642,60
graphsage_pilot_v1_step60,election2020,linear,1,10,1,test,2,20,d1765be95433fa195f4fbe461afcda743f31b1a4c207872120cf825a0d06e621,4db6aa7af69e96de5ca88f4890129536991fb6b5a48192980711caf7e7cedb5c,8a8ac6a74ff16f70c26373d03c9e72726890aaba776363757688178d530a945d,AdamW,0.01,0.0,0.497980154311445,0.5234053335022487,0.4932516654666624,60
graphsage_pilot_v1_step60,election2020,linear,1,10,10,val,2,20,d1765be95433fa195f4fbe461afcda743f31b1a4c207872120cf825a0d06e621,4db6aa7af69e96de5ca88f4890129536991fb6b5a48192980711caf7e7cedb5c,8a8ac6a74ff16f70c26373d03c9e72726890aaba776363757688178d530a945d,AdamW,0.01,0.0,0.5005555345660928,0.526859242366654,0.4953420952911157,60
graphsage_pilot_v1_step60,election2020,linear,1,10,10,test,2,20,d1765be95433fa195f4fbe461afcda743f31b1a4c207872120cf825a0d06e621,4db6aa7af69e96de5ca88f4890129536991fb6b5a48192980711caf7e7cedb5c,8a8ac6a74ff16f70c26373d03c9e72726890aaba776363757688178d530a945d,AdamW,0.01,0.0,0.5002008335354503,0.523025273959587,0.4922778347284988,60
graphsage_pilot_v1_step60,election2020,linear,1,10,100,val,2,20,d1765be95433fa195f4fbe461afcda743f31b1a4c207872120cf825a0d06e621,4db6aa7af69e96de5ca88f4890129536991fb6b5a48192980711caf7e7cedb5c,8a8ac6a74ff16f70c26373d03c9e72726890aaba776363757688178d530a945d,AdamW,0.01,0.0,0.4904297979974115,0.512859495755733,0.4755206469325004,60
graphsage_pilot_v1_step60,election2020,linear,1,10,100,test,2,20,d1765be95433fa195f4fbe461afcda743f31b1a4c207872120cf825a0d06e621,4db6aa7af69e96de5ca88f4890129536991fb6b5a48192980711caf7e7cedb5c,8a8ac6a74ff16f70c26373d03c9e72726890aaba776363757688178d530a945d,AdamW,0.01,0.0,0.4865689172937457,0.5077595489960094,0.4695314855045791,60
graphsage_pilot_v1_step60,election2020,linear,1,100,0,val,2,200,715bae049fab4381446427dc497fcaf6bfa8014aa08c956a820356243d92daf2,4db6aa7af69e96de5ca88f4890129536991fb6b5a48192980711caf7e7cedb5c,8a8ac6a74ff16f70c26373d03c9e72726890aaba776363757688178d530a945d,AdamW,0.01,0.0,0.4924956454937884,0.4858735588496136,0.4853405883798413,60
graphsage_pilot_v1_step60,election2020,linear,1,100,0,test,2,200,715bae049fab4381446427dc497fcaf6bfa8014aa08c956a820356243d92daf2,4db6aa7af69e96de5ca88f4890129536991fb6b5a48192980711caf7e7cedb5c,8a8ac6a74ff16f70c26373d03c9e72726890aaba776363757688178d530a945d,AdamW,0.01,0.0,0.4945666622368831,0.4881231392918224,0.4873527286441,60
graphsage_pilot_v1_step60,election2020,linear,1,100,1,val,2,200,715bae049fab4381446427dc497fcaf6bfa8014aa08c956a820356243d92daf2,4db6aa7af69e96de5ca88f4890129536991fb6b5a48192980711caf7e7cedb5c,8a8ac6a74ff16f70c26373d03c9e72726890aaba776363757688178d530a945d,AdamW,0.01,0.0,0.525315495842149,0.5261624223995945,0.4954957769474789,60
graphsage_pilot_v1_step60,election2020,linear,1,100,1,test,2,200,715bae049fab4381446427dc497fcaf6bfa8014aa08c956a820356243d92daf2,4db6aa7af69e96de5ca88f4890129536991fb6b5a48192980711caf7e7cedb5c,8a8ac6a74ff16f70c26373d03c9e72726890aaba776363757688178d530a945d,AdamW,0.01,0.0,0.5194394690097252,0.5234053335022487,0.4936166775394141,60
graphsage_pilot_v1_step60,election2020,linear,1,100,10,val,2,200,715bae049fab4381446427dc497fcaf6bfa8014aa08c956a820356243d92daf2,4db6aa7af69e96de5ca88f4890129536991fb6b5a48192980711caf7e7cedb5c,8a8ac6a74ff16f70c26373d03c9e72726890aaba776363757688178d530a945d,AdamW,0.01,0.0,0.5373340782977998,0.5271759787153174,0.497041610160701,60
graphsage_pilot_v1_step60,election2020,linear,1,100,10,test,2,200,715bae049fab4381446427dc497fcaf6bfa8014aa08c956a820356243d92daf2,4db6aa7af69e96de5ca88f4890129536991fb6b5a48192980711caf7e7cedb5c,8a8ac6a74ff16f70c26373d03c9e72726890aaba776363757688178d530a945d,AdamW,0.01,0.0,0.5282842244043103,0.5239120795591309,0.4946808035835963,60
graphsage_pilot_v1_step60,election2020,linear,1,100,100,val,2,200,715bae049fab4381446427dc497fcaf6bfa8014aa08c956a820356243d92daf2,4db6aa7af69e96de5ca88f4890129536991fb6b5a48192980711caf7e7cedb5c,8a8ac6a74ff16f70c26373d03c9e72726890aaba776363757688178d530a945d,AdamW,0.01,0.0,0.5503735236334891,0.537564930951476,0.526246455639994,60
graphsage_pilot_v1_step60,election2020,linear,1,100,100,test,2,200,715bae049fab4381446427dc497fcaf6bfa8014aa08c956a820356243d92daf2,4db6aa7af69e96de5ca88f4890129536991fb6b5a48192980711caf7e7cedb5c,8a8ac6a74ff16f70c26373d03c9e72726890aaba776363757688178d530a945d,AdamW,0.01,0.0,0.5394054187617735,0.5325267625261291,0.5201942804459775,60
graphsage_pilot_v1_step60,election2020,linear,2,0,0,val,2,0,af5570f5a1810b7af78caf4bc70a660f0df51e42baf91d4de5b2328de0e83dfc,4db6aa7af69e96de5ca88f4890129536991fb6b5a48192980711caf7e7cedb5c,203ffea723cb4cf0d5b2da185e1677d1c082fd4475784ccb7c3a518868d42cce,none,0.0,0.0,0.5153752173216672,0.5260357278601292,0.4980410269091078,60
graphsage_pilot_v1_step60,election2020,linear,2,0,0,test,2,0,af5570f5a1810b7af78caf4bc70a660f0df51e42baf91d4de5b2328de0e83dfc,4db6aa7af69e96de5ca88f4890129536991fb6b5a48192980711caf7e7cedb5c,203ffea723cb4cf0d5b2da185e1677d1c082fd4475784ccb7c3a518868d42cce,none,0.0,0.0,0.5163682761891255,0.5241021093304618,0.4938760065519582,60
graphsage_pilot_v1_step60,election2020,linear,2,1,0,val,2,2,7a1427cb41b58a63e1a58c9c6fa2483c0793fad6aa4590c104bf4a79c54d5fbc,4db6aa7af69e96de5ca88f4890129536991fb6b5a48192980711caf7e7cedb5c,203ffea723cb4cf0d5b2da185e1677d1c082fd4475784ccb7c3a518868d42cce,AdamW,0.01,0.0,0.5153752173216672,0.5260357278601292,0.4980410269091078,60
graphsage_pilot_v1_step60,election2020,linear,2,1,0,test,2,2,7a1427cb41b58a63e1a58c9c6fa2483c0793fad6aa4590c104bf4a79c54d5fbc,4db6aa7af69e96de5ca88f4890129536991fb6b5a48192980711caf7e7cedb5c,203ffea723cb4cf0d5b2da185e1677d1c082fd4475784ccb7c3a518868d42cce,AdamW,0.01,0.0,0.5163682761891255,0.5241021093304618,0.4938760065519582,60
graphsage_pilot_v1_step60,election2020,linear,2,1,1,val,2,2,7a1427cb41b58a63e1a58c9c6fa2483c0793fad6aa4590c104bf4a79c54d5fbc,4db6aa7af69e96de5ca88f4890129536991fb6b5a48192980711caf7e7cedb5c,203ffea723cb4cf0d5b2da185e1677d1c082fd4475784ccb7c3a518868d42cce,AdamW,0.01,0.0,0.5022089391215167,0.473140757633346,0.4566391864049712,60
graphsage_pilot_v1_step60,election2020,linear,2,1,1,test,2,2,7a1427cb41b58a63e1a58c9c6fa2483c0793fad6aa4590c104bf4a79c54d5fbc,4db6aa7af69e96de5ca88f4890129536991fb6b5a48192980711caf7e7cedb5c,203ffea723cb4cf0d5b2da185e1677d1c082fd4475784ccb7c3a518868d42cce,AdamW,0.01,0.0,0.5017019796612237,0.4772914423259644,0.4616733395965088,60
graphsage_pilot_v1_step60,election2020,linear,2,1,10,val,2,2,7a1427cb41b58a63e1a58c9c6fa2483c0793fad6aa4590c104bf4a79c54d5fbc,4db6aa7af69e96de5ca88f4890129536991fb6b5a48192980711caf7e7cedb5c,203ffea723cb4cf0d5b2da185e1677d1c082fd4475784ccb7c3a518868d42cce,AdamW,0.01,0.0,0.4767943891614289,0.4723172431268212,0.4553279046848085,60
graphsage_pilot_v1_step60,election2020,linear,2,1,10,test,2,2,7a1427cb41b58a63e1a58c9c6fa2483c0793fad6aa4590c104bf4a79c54d5fbc,4db6aa7af69e96de5ca88f4890129536991fb6b5a48192980711caf7e7cedb5c,203ffea723cb4cf0d5b2da185e1677d1c082fd4475784ccb7c3a518868d42cce,AdamW,0.01,0.0,0.4821150718283589,0.4770380692975233,0.4610025596465127,60
graphsage_pilot_v1_step60,election2020,linear,2,1,100,val,2,2,7a1427cb41b58a63e1a58c9c6fa2483c0793fad6aa4590c104bf4a79c54d5fbc,4db6aa7af69e96de5ca88f4890129536991fb6b5a48192980711caf7e7cedb5c,203ffea723cb4cf0d5b2da185e1677d1c082fd4475784ccb7c3a518868d42cce,AdamW,0.01,0.0,0.4762197622572003,0.4703534777651083,0.4525211495829441,60
graphsage_pilot_v1_step60,election2020,linear,2,1,100,test,2,2,7a1427cb41b58a63e1a58c9c6fa2483c0793fad6aa4590c104bf4a79c54d5fbc,4db6aa7af69e96de5ca88f4890129536991fb6b5a48192980711caf7e7cedb5c,203ffea723cb4cf0d5b2da185e1677d1c082fd4475784ccb7c3a518868d42cce,AdamW,0.01,0.0,0.4814760787814401,0.4772914423259644,0.4607249946889777,60
graphsage_pilot_v1_step60,election2020,linear,2,10,0,val,2,20,e4ba399bf0c7eaaa4a73c7616f66cbee68313a8705446995cb6c725cf973d6f1,4db6aa7af69e96de5ca88f4890129536991fb6b5a48192980711caf7e7cedb5c,203ffea723cb4cf0d5b2da185e1677d1c082fd4475784ccb7c3a518868d42cce,AdamW,0.01,0.0,0.5153752173216672,0.5260357278601292,0.4980410269091078,60
graphsage_pilot_v1_step60,election2020,linear,2,10,0,test,2,20,e4ba399bf0c7eaaa4a73c7616f66cbee68313a8705446995cb6c725cf973d6f1,4db6aa7af69e96de5ca88f4890129536991fb6b5a48192980711caf7e7cedb5c,203ffea723cb4cf0d5b2da185e1677d1c082fd4475784ccb7c3a518868d42cce,AdamW,0.01,0.0,0.5163682761891255,0.5241021093304618,0.4938760065519582,60
graphsage_pilot_v1_step60,election2020,linear,2,10,1,val,2,20,e4ba399bf0c7eaaa4a73c7616f66cbee68313a8705446995cb6c725cf973d6f1,4db6aa7af69e96de5ca88f4890129536991fb6b5a48192980711caf7e7cedb5c,203ffea723cb4cf0d5b2da185e1677d1c082fd4475784ccb7c3a518868d42cce,AdamW,0.01,0.0,0.5025649607723089,0.473140757633346,0.4567872925322308,60
graphsage_pilot_v1_step60,election2020,linear,2,10,1,test,2,20,e4ba399bf0c7eaaa4a73c7616f66cbee68313a8705446995cb6c725cf973d6f1,4db6aa7af69e96de5ca88f4890129536991fb6b5a48192980711caf7e7cedb5c,203ffea723cb4cf0d5b2da185e1677d1c082fd4475784ccb7c3a518868d42cce,AdamW,0.01,0.0,0.5021713849673036,0.4771014125546335,0.4616089755629944,60
graphsage_pilot_v1_step60,election2020,linear,2,10,10,val,2,20,e4ba399bf0c7eaaa4a73c7616f66cbee68313a8705446995cb6c725cf973d6f1,4db6aa7af69e96de5ca88f4890129536991fb6b5a48192980711caf7e7cedb5c,203ffea723cb4cf0d5b2da185e1677d1c082fd4475784ccb7c3a518868d42cce,AdamW,0.01,0.0,0.504444300747354,0.4860002533890789,0.4849933693213999,60
graphsage_pilot_v1_step60,election2020,linear,2,10,10,test,2,20,e4ba399bf0c7eaaa4a73c7616f66cbee68313a8705446995cb6c725cf973d6f1,4db6aa7af69e96de5ca88f4890129536991fb6b5a48192980711caf7e7cedb5c,203ffea723cb4cf0d5b2da185e1677d1c082fd4475784ccb7c3a518868d42cce,AdamW,0.01,0.0,0.503670182210041,0.4864762146069551,0.4855661620625003,60
graphsage_pilot_v1_step60,election2020,linear,2,10,100,val,2,20,e4ba399bf0c7eaaa4a73c7616f66cbee68313a8705446995cb6c725cf973d6f1,4db6aa7af69e96de5ca88f4890129536991fb6b5a48192980711caf7e7cedb5c,203ffea723cb4cf0d5b2da185e1677d1c082fd4475784ccb7c3a518868d42cce,AdamW,0.01,0.0,0.5175981951645445,0.5169137210186241,0.5151503781692206,60
graphsage_pilot_v1_step60,election2020,linear,2,10,100,test,2,20,e4ba399bf0c7eaaa4a73c7616f66cbee68313a8705446995cb6c725cf973d6f1,4db6aa7af69e96de5ca88f4890129536991fb6b5a48192980711caf7e7cedb5c,203ffea723cb4cf0d5b2da185e1677d1c082fd4475784ccb7c3a518868d42cce,AdamW,0.01,0.0,0.5152976940458284,0.5108000253373028,0.5093303633848438,60
graphsage_pilot_v1_step60,election2020,linear,2,100,0,val,2,200,39b894e979d02788c848c89245aa679e7a3e3dca786d267c5ae62dcdbfab817b,4db6aa7af69e96de5ca88f4890129536991fb6b5a48192980711caf7e7cedb5c,203ffea723cb4cf0d5b2da185e1677d1c082fd4475784ccb7c3a518868d42cce,AdamW,0.01,0.0,0.5153752173216672,0.5260357278601292,0.4980410269091078,60
graphsage_pilot_v1_step60,election2020,linear,2,100,0,test,2,200,39b894e979d02788c848c89245aa679e7a3e3dca786d267c5ae62dcdbfab817b,4db6aa7af69e96de5ca88f4890129536991fb6b5a48192980711caf7e7cedb5c,203ffea723cb4cf0d5b2da185e1677d1c082fd4475784ccb7c3a518868d42cce,AdamW,0.01,0.0,0.5163682761891255,0.5241021093304618,0.4938760065519582,60
graphsage_pilot_v1_step60,election2020,linear,2,100,1,val,2,200,39b894e979d02788c848c89245aa679e7a3e3dca786d267c5ae62dcdbfab817b,4db6aa7af69e96de5ca88f4890129536991fb6b5a48192980711caf7e7cedb5c,203ffea723cb4cf0d5b2da185e1677d1c082fd4475784ccb7c3a518868d42cce,AdamW,0.01,0.0,0.5249596275758914,0.5278727986823768,0.4953235510720042,60
graphsage_pilot_v1_step60,election2020,linear,2,100,1,test,2,200,39b894e979d02788c848c89245aa679e7a3e3dca786d267c5ae62dcdbfab817b,4db6aa7af69e96de5ca88f4890129536991fb6b5a48192980711caf7e7cedb5c,203ffea723cb4cf0d5b2da185e1677d1c082fd4475784ccb7c3a518868d42cce,AdamW,0.01,0.0,0.5191294729513285,0.523025273959587,0.4913256982450779,60
graphsage_pilot_v1_step60,election2020,linear,2,100,10,val,2,200,39b894e979d02788c848c89245aa679e7a3e3dca786d267c5ae62dcdbfab817b,4db6aa7af69e96de5ca88f4890129536991fb6b5a48192980711caf7e7cedb5c,203ffea723cb4cf0d5b2da185e1677d1c082fd4475784ccb7c3a518868d42cce,AdamW,0.01,0.0,0.531470090661562,0.5319903712150006,0.4811377479089792,60
graphsage_pilot_v1_step60,election2020,linear,2,100,10,test,2,200,39b894e979d02788c848c89245aa679e7a3e3dca786d267c5ae62dcdbfab817b,4db6aa7af69e96de5ca88f4890129536991fb6b5a48192980711caf7e7cedb5c,203ffea723cb4cf0d5b2da185e1677d1c082fd4475784ccb7c3a518868d42cce,AdamW,0.01,0.0,0.5217416730401307,0.5269525559004244,0.4755828111223171,60
graphsage_pilot_v1_step60,election2020,linear,2,100,100,val,2,200,39b894e979d02788c848c89245aa679e7a3e3dca786d267c5ae62dcdbfab817b,4db6aa7af69e96de5ca88f4890129536991fb6b5a48192980711caf7e7cedb5c,203ffea723cb4cf0d5b2da185e1677d1c082fd4475784ccb7c3a518868d42cce,AdamW,0.01,0.0,0.539409031991816,0.5229950589129608,0.5175437898673423,60
graphsage_pilot_v1_step60,election2020,linear,2,100,100,test,2,200,39b894e979d02788c848c89245aa679e7a3e3dca786d267c5ae62dcdbfab817b,4db6aa7af69e96de5ca88f4890129536991fb6b5a48192980711caf7e7cedb5c,203ffea723cb4cf0d5b2da185e1677d1c082fd4475784ccb7c3a518868d42cce,AdamW,0.01,0.0,0.533842432341191,0.5241021093304618,0.5178480195445005,60
graphsage_pilot_v1_step60,twibot20,linear,0,0,0,val,2,0,af5570f5a1810b7af78caf4bc70a660f0df51e42baf91d4de5b2328de0e83dfc,c914c5f482673ce0dc5d5512f45c0eaf22d1c0663629aa594d02d724b1b643bb,f89e55d9cfacf91222600ee60a2ba36a7e5c6eb5bd4c3c753e6136ad5559fc67,none,0.0,0.0,0.4129621738821664,0.4126849894291755,0.4064704233917849,60
graphsage_pilot_v1_step60,twibot20,linear,0,0,0,test,2,0,af5570f5a1810b7af78caf4bc70a660f0df51e42baf91d4de5b2328de0e83dfc,c914c5f482673ce0dc5d5512f45c0eaf22d1c0663629aa594d02d724b1b643bb,f89e55d9cfacf91222600ee60a2ba36a7e5c6eb5bd4c3c753e6136ad5559fc67,none,0.0,0.0,0.4052270239432868,0.4053254437869822,0.4010024192293193,60
graphsage_pilot_v1_step60,twibot20,linear,0,1,0,val,2,2,14051f1842d654a1fc699db552fc13e8f1585d77ac0a7966c7bdf4a0cbf33455,c914c5f482673ce0dc5d5512f45c0eaf22d1c0663629aa594d02d724b1b643bb,f89e55d9cfacf91222600ee60a2ba36a7e5c6eb5bd4c3c753e6136ad5559fc67,AdamW,0.01,0.0,0.4129621738821664,0.4126849894291755,0.4064704233917849,60
graphsage_pilot_v1_step60,twibot20,linear,0,1,0,test,2,2,14051f1842d654a1fc699db552fc13e8f1585d77ac0a7966c7bdf4a0cbf33455,c914c5f482673ce0dc5d5512f45c0eaf22d1c0663629aa594d02d724b1b643bb,f89e55d9cfacf91222600ee60a2ba36a7e5c6eb5bd4c3c753e6136ad5559fc67,AdamW,0.01,0.0,0.4052270239432868,0.4053254437869822,0.4010024192293193,60
graphsage_pilot_v1_step60,twibot20,linear,0,1,1,val,2,2,14051f1842d654a1fc699db552fc13e8f1585d77ac0a7966c7bdf4a0cbf33455,c914c5f482673ce0dc5d5512f45c0eaf22d1c0663629aa594d02d724b1b643bb,f89e55d9cfacf91222600ee60a2ba36a7e5c6eb5bd4c3c753e6136ad5559fc67,AdamW,0.01,0.0,0.6110876802425602,0.6059196617336152,0.5943742611368665,60
graphsage_pilot_v1_step60,twibot20,linear,0,1,1,test,2,2,14051f1842d654a1fc699db552fc13e8f1585d77ac0a7966c7bdf4a0cbf33455,c914c5f482673ce0dc5d5512f45c0eaf22d1c0663629aa594d02d724b1b643bb,f89e55d9cfacf91222600ee60a2ba36a7e5c6eb5bd4c3c753e6136ad5559fc67,AdamW,0.01,0.0,0.6024930788031831,0.6052409129332206,0.5954542691923819,60
graphsage_pilot_v1_step60,twibot20,linear,0,1,10,val,2,2,14051f1842d654a1fc699db552fc13e8f1585d77ac0a7966c7bdf4a0cbf33455,c914c5f482673ce0dc5d5512f45c0eaf22d1c0663629aa594d02d724b1b643bb,f89e55d9cfacf91222600ee60a2ba36a7e5c6eb5bd4c3c753e6136ad5559fc67,AdamW,0.01,0.0,0.6661521537799305,0.6621564482029598,0.6395725458398733,60
graphsage_pilot_v1_step60,twibot20,linear,0,1,10,test,2,2,14051f1842d654a1fc699db552fc13e8f1585d77ac0a7966c7bdf4a0cbf33455,c914c5f482673ce0dc5d5512f45c0eaf22d1c0663629aa594d02d724b1b643bb,f89e55d9cfacf91222600ee60a2ba36a7e5c6eb5bd4c3c753e6136ad5559fc67,AdamW,0.01,0.0,0.6557182406838953,0.6542688081149619,0.6329665378103324,60
graphsage_pilot_v1_step60,twibot20,linear,0,1,100,val,2,2,14051f1842d654a1fc699db552fc13e8f1585d77ac0a7966c7bdf4a0cbf33455,c914c5f482673ce0dc5d5512f45c0eaf22d1c0663629aa594d02d724b1b643bb,f89e55d9cfacf91222600ee60a2ba36a7e5c6eb5bd4c3c753e6136ad5559fc67,AdamW,0.01,0.0,0.6238026705392821,0.5572938689217759,0.5557813784661818,60
graphsage_pilot_v1_step60,twibot20,linear,0,1,100,test,2,2,14051f1842d654a1fc699db552fc13e8f1585d77ac0a7966c7bdf4a0cbf33455,c914c5f482673ce0dc5d5512f45c0eaf22d1c0663629aa594d02d724b1b643bb,f89e55d9cfacf91222600ee60a2ba36a7e5c6eb5bd4c3c753e6136ad5559fc67,AdamW,0.01,0.0,0.6236809183472529,0.5570583262890956,0.5554114774027203,60
graphsage_pilot_v1_step60,twibot20,linear,0,10,0,val,2,20,46185d6d47cb175e619dec79be06f57e3b0186517497320f951227e139a80310,c914c5f482673ce0dc5d5512f45c0eaf22d1c0663629aa594d02d724b1b643bb,f89e55d9cfacf91222600ee60a2ba36a7e5c6eb5bd4c3c753e6136ad5559fc67,AdamW,0.01,0.0,0.4129621738821664,0.4126849894291755,0.4064704233917849,60
graphsage_pilot_v1_step60,twibot20,linear,0,10,0,test,2,20,46185d6d47cb175e619dec79be06f57e3b0186517497320f951227e139a80310,c914c5f482673ce0dc5d5512f45c0eaf22d1c0663629aa594d02d724b1b643bb,f89e55d9cfacf91222600ee60a2ba36a7e5c6eb5bd4c3c753e6136ad5559fc67,AdamW,0.01,0.0,0.4052270239432868,0.4053254437869822,0.4010024192293193,60
graphsage_pilot_v1_step60,twibot20,linear,0,10,1,val,2,20,46185d6d47cb175e619dec79be06f57e3b0186517497320f951227e139a80310,c914c5f482673ce0dc5d5512f45c0eaf22d1c0663629aa594d02d724b1b643bb,f89e55d9cfacf91222600ee60a2ba36a7e5c6eb5bd4c3c753e6136ad5559fc67,AdamW,0.01,0.0,0.6084259818862477,0.5957716701902749,0.5780253826054498,60
graphsage_pilot_v1_step60,twibot20,linear,0,10,1,test,2,20,46185d6d47cb175e619dec79be06f57e3b0186517497320f951227e139a80310,c914c5f482673ce0dc5d5512f45c0eaf22d1c0663629aa594d02d724b1b643bb,f89e55d9cfacf91222600ee60a2ba36a7e5c6eb5bd4c3c753e6136ad5559fc67,AdamW,0.01,0.0,0.6001032387726025,0.6001690617075233,0.5857107107107107,60
graphsage_pilot_v1_step60,twibot20,linear,0,10,10,val,2,20,46185d6d47cb175e619dec79be06f57e3b0186517497320f951227e139a80310,c914c5f482673ce0dc5d5512f45c0eaf22d1c0663629aa594d02d724b1b643bb,f89e55d9cfacf91222600ee60a2ba36a7e5c6eb5bd4c3c753e6136ad5559fc67,AdamW,0.01,0.0,0.616763989315524,0.6093023255813953,0.5986666666666667,60
graphsage_pilot_v1_step60,twibot20,linear,0,10,10,test,2,20,46185d6d47cb175e619dec79be06f57e3b0186517497320f951227e139a80310,c914c5f482673ce0dc5d5512f45c0eaf22d1c0663629aa594d02d724b1b643bb,f89e55d9cfacf91222600ee60a2ba36a7e5c6eb5bd4c3c753e6136ad5559fc67,AdamW,0.01,0.0,0.6073509481170869,0.6060862214708369,0.5968563338423106,60
graphsage_pilot_v1_step60,twibot20,linear,0,10,100,val,2,20,46185d6d47cb175e619dec79be06f57e3b0186517497320f951227e139a80310,c914c5f482673ce0dc5d5512f45c0eaf22d1c0663629aa594d02d724b1b643bb,f89e55d9cfacf91222600ee60a2ba36a7e5c6eb5bd4c3c753e6136ad5559fc67,AdamW,0.01,0.0,0.6248338703108672,0.6355179704016913,0.6336914788253576,60
graphsage_pilot_v1_step60,twibot20,linear,0,10,100,test,2,20,46185d6d47cb175e619dec79be06f57e3b0186517497320f951227e139a80310,c914c5f482673ce0dc5d5512f45c0eaf22d1c0663629aa594d02d724b1b643bb,f89e55d9cfacf91222600ee60a2ba36a7e5c6eb5bd4c3c753e6136ad5559fc67,AdamW,0.01,0.0,0.6015801468799593,0.6124260355029586,0.6113412121208864,60
graphsage_pilot_v1_step60,twibot20,linear,0,100,0,val,2,200,25fe39fe3accdb737c2ca133aad37bddb0a345ef2f9d6d1d90a71aa14b8b7951,c914c5f482673ce0dc5d5512f45c0eaf22d1c0663629aa594d02d724b1b643bb,f89e55d9cfacf91222600ee60a2ba36a7e5c6eb5bd4c3c753e6136ad5559fc67,AdamW,0.01,0.0,0.4129621738821664,0.4126849894291755,0.4064704233917849,60
graphsage_pilot_v1_step60,twibot20,linear,0,100,0,test,2,200,25fe39fe3accdb737c2ca133aad37bddb0a345ef2f9d6d1d90a71aa14b8b7951,c914c5f482673ce0dc5d5512f45c0eaf22d1c0663629aa594d02d724b1b643bb,f89e55d9cfacf91222600ee60a2ba36a7e5c6eb5bd4c3c753e6136ad5559fc67,AdamW,0.01,0.0,0.4052270239432868,0.4053254437869822,0.4010024192293193,60
graphsage_pilot_v1_step60,twibot20,linear,0,100,1,val,2,200,25fe39fe3accdb737c2ca133aad37bddb0a345ef2f9d6d1d90a71aa14b8b7951,c914c5f482673ce0dc5d5512f45c0eaf22d1c0663629aa594d02d724b1b643bb,f89e55d9cfacf91222600ee60a2ba36a7e5c6eb5bd4c3c753e6136ad5559fc67,AdamW,0.01,0.0,0.6506211112608754,0.6105708245243129,0.6010152641315165,60
graphsage_pilot_v1_step60,twibot20,linear,0,100,1,test,2,200,25fe39fe3accdb737c2ca133aad37bddb0a345ef2f9d6d1d90a71aa14b8b7951,c914c5f482673ce0dc5d5512f45c0eaf22d1c0663629aa594d02d724b1b643bb,f89e55d9cfacf91222600ee60a2ba36a7e5c6eb5bd4c3c753e6136ad5559fc67,AdamW,0.01,0.0,0.6432999050145374,0.6043956043956044,0.5966437246875075,60
graphsage_pilot_v1_step60,twibot20,linear,0,100,10,val,2,200,25fe39fe3accdb737c2ca133aad37bddb0a345ef2f9d6d1d90a71aa14b8b7951,c914c5f482673ce0dc5d5512f45c0eaf22d1c0663629aa594d02d724b1b643bb,f89e55d9cfacf91222600ee60a2ba36a7e5c6eb5bd4c3c753e6136ad5559fc67,AdamW,0.01,0.0,0.6545582218434635,0.6194503171247357,0.613600254441101,60
graphsage_pilot_v1_step60,twibot20,linear,0,100,10,test,2,200,25fe39fe3accdb737c2ca133aad37bddb0a345ef2f9d6d1d90a71aa14b8b7951,c914c5f482673ce0dc5d5512f45c0eaf22d1c0663629aa594d02d724b1b643bb,f89e55d9cfacf91222600ee60a2ba36a7e5c6eb5bd4c3c753e6136ad5559fc67,AdamW,0.01,0.0,0.6459214169050955,0.6120033812341504,0.6077631540928661,60
graphsage_pilot_v1_step60,twibot20,linear,0,100,100,val,2,200,25fe39fe3accdb737c2ca133aad37bddb0a345ef2f9d6d1d90a71aa14b8b7951,c914c5f482673ce0dc5d5512f45c0eaf22d1c0663629aa594d02d724b1b643bb,f89e55d9cfacf91222600ee60a2ba36a7e5c6eb5bd4c3c753e6136ad5559fc67,AdamW,0.01,0.0,0.7269980129657247,0.7171247357293868,0.7056985317710767,60
graphsage_pilot_v1_step60,twibot20,linear,0,100,100,test,2,200,25fe39fe3accdb737c2ca133aad37bddb0a345ef2f9d6d1d90a71aa14b8b7951,c914c5f482673ce0dc5d5512f45c0eaf22d1c0663629aa594d02d724b1b643bb,f89e55d9cfacf91222600ee60a2ba36a7e5c6eb5bd4c3c753e6136ad5559fc67,AdamW,0.01,0.0,0.705814384505786,0.680050718512257,0.6663766423303279,60
graphsage_pilot_v1_step60,twibot20,linear,1,0,0,val,2,0,af5570f5a1810b7af78caf4bc70a660f0df51e42baf91d4de5b2328de0e83dfc,c914c5f482673ce0dc5d5512f45c0eaf22d1c0663629aa594d02d724b1b643bb,8a8ac6a74ff16f70c26373d03c9e72726890aaba776363757688178d530a945d,none,0.0,0.0,0.6802802428500826,0.4909090909090909,0.4358229986939045,60
graphsage_pilot_v1_step60,twibot20,linear,1,0,0,test,2,0,af5570f5a1810b7af78caf4bc70a660f0df51e42baf91d4de5b2328de0e83dfc,c914c5f482673ce0dc5d5512f45c0eaf22d1c0663629aa594d02d724b1b643bb,8a8ac6a74ff16f70c26373d03c9e72726890aaba776363757688178d530a945d,none,0.0,0.0,0.6538149115592675,0.4843617920540997,0.4339624121485944,60
graphsage_pilot_v1_step60,twibot20,linear,1,1,0,val,2,2,3fa9e07a01626dee43bfd80cfd4791f403a8ca7a60afb4b6089f12b310e7db04,c914c5f482673ce0dc5d5512f45c0eaf22d1c0663629aa594d02d724b1b643bb,8a8ac6a74ff16f70c26373d03c9e72726890aaba776363757688178d530a945d,AdamW,0.01,0.0,0.6802802428500826,0.4909090909090909,0.4358229986939045,60
graphsage_pilot_v1_step60,twibot20,linear,1,1,0,test,2,2,3fa9e07a01626dee43bfd80cfd4791f403a8ca7a60afb4b6089f12b310e7db04,c914c5f482673ce0dc5d5512f45c0eaf22d1c0663629aa594d02d724b1b643bb,8a8ac6a74ff16f70c26373d03c9e72726890aaba776363757688178d530a945d,AdamW,0.01,0.0,0.6538149115592675,0.4843617920540997,0.4339624121485944,60
graphsage_pilot_v1_step60,twibot20,linear,1,1,1,val,2,2,3fa9e07a01626dee43bfd80cfd4791f403a8ca7a60afb4b6089f12b310e7db04,c914c5f482673ce0dc5d5512f45c0eaf22d1c0663629aa594d02d724b1b643bb,8a8ac6a74ff16f70c26373d03c9e72726890aaba776363757688178d530a945d,AdamW,0.01,0.0,0.6769022121155466,0.6642706131078224,0.6404277466210575,60
graphsage_pilot_v1_step60,twibot20,linear,1,1,1,test,2,2,3fa9e07a01626dee43bfd80cfd4791f403a8ca7a60afb4b6089f12b310e7db04,c914c5f482673ce0dc5d5512f45c0eaf22d1c0663629aa594d02d724b1b643bb,8a8ac6a74ff16f70c26373d03c9e72726890aaba776363757688178d530a945d,AdamW,0.01,0.0,0.6637659419198647,0.6513102282333052,0.6279382811566308,60
graphsage_pilot_v1_step60,twibot20,linear,1,1,10,val,2,2,3fa9e07a01626dee43bfd80cfd4791f403a8ca7a60afb4b6089f12b310e7db04,c914c5f482673ce0dc5d5512f45c0eaf22d1c0663629aa594d02d724b1b643bb,8a8ac6a74ff16f70c26373d03c9e72726890aaba776363757688178d530a945d,AdamW,0.01,0.0,0.6725480562282872,0.6638477801268499,0.6397221826741278,60
graphsage_pilot_v1_step60,twibot20,linear,1,1,10,test,2,2,3fa9e07a01626dee43bfd80cfd4791f403a8ca7a60afb4b6089f12b310e7db04,c914c5f482673ce0dc5d5512f45c0eaf22d1c0663629aa594d02d724b1b643bb,8a8ac6a74ff16f70c26373d03c9e72726890aaba776363757688178d530a945d,AdamW,0.01,0.0,0.6602253443223018,0.650464919695689,0.626697614273038,60
graphsage_pilot_v1_step60,twibot20,linear,1,1,100,val,2,2,3fa9e07a01626dee43bfd80cfd4791f403a8ca7a60afb4b6089f12b310e7db04,c914c5f482673ce0dc5d5512f45c0eaf22d1c0663629aa594d02d724b1b643bb,8a8ac6a74ff16f70c26373d03c9e72726890aaba776363757688178d530a945d,AdamW,0.01,0.0,0.6759253622967856,0.6676532769556025,0.6470808690184356,60
graphsage_pilot_v1_step60,twibot20,linear,1,1,100,test,2,2,3fa9e07a01626dee43bfd80cfd4791f403a8ca7a60afb4b6089f12b310e7db04,c914c5f482673ce0dc5d5512f45c0eaf22d1c0663629aa594d02d724b1b643bb,8a8ac6a74ff16f70c26373d03c9e72726890aaba776363757688178d530a945d,AdamW,0.01,0.0,0.6610680507129701,0.6568047337278107,0.6368970939550637,60
graphsage_pilot_v1_step60,twibot20,linear,1,10,0,val,2,20,8b0103cc8fe7d02ca3e622c39a7215d65913dfa1510e728f43df582a11d9c6e6,c914c5f482673ce0dc5d5512f45c0eaf22d1c0663629aa594d02d724b1b643bb,8a8ac6a74ff16f70c26373d03c9e72726890aaba776363757688178d530a945d,AdamW,0.01,0.0,0.6802802428500826,0.4909090909090909,0.4358229986939045,60
graphsage_pilot_v1_step60,twibot20,linear,1,10,0,test,2,20,8b0103cc8fe7d02ca3e622c39a7215d65913dfa1510e728f43df582a11d9c6e6,c914c5f482673ce0dc5d5512f45c0eaf22d1c0663629aa594d02d724b1b643bb,8a8ac6a74ff16f70c26373d03c9e72726890aaba776363757688178d530a945d,AdamW,0.01,0.0,0.6538149115592675,0.4843617920540997,0.4339624121485944,60
graphsage_pilot_v1_step60,twibot20,linear,1,10,1,val,2,20,8b0103cc8fe7d02ca3e622c39a7215d65913dfa1510e728f43df582a11d9c6e6,c914c5f482673ce0dc5d5512f45c0eaf22d1c0663629aa594d02d724b1b643bb,8a8ac6a74ff16f70c26373d03c9e72726890aaba776363757688178d530a945d,AdamW,0.01,0.0,0.6856942228174145,0.678646934460888,0.6706287483525939,60
graphsage_pilot_v1_step60,twibot20,linear,1,10,1,test,2,20,8b0103cc8fe7d02ca3e622c39a7215d65913dfa1510e728f43df582a11d9c6e6,c914c5f482673ce0dc5d5512f45c0eaf22d1c0663629aa594d02d724b1b643bb,8a8ac6a74ff16f70c26373d03c9e72726890aaba776363757688178d530a945d,AdamW,0.01,0.0,0.6611415341310568,0.6648351648351648,0.657204631827655,60
graphsage_pilot_v1_step60,twibot20,linear,1,10,10,val,2,20,8b0103cc8fe7d02ca3e622c39a7215d65913dfa1510e728f43df582a11d9c6e6,c914c5f482673ce0dc5d5512f45c0eaf22d1c0663629aa594d02d724b1b643bb,8a8ac6a74ff16f70c26373d03c9e72726890aaba776363757688178d530a945d,AdamW,0.01,0.0,0.7129923924559367,0.6892177589852009,0.6745547506834111,60
graphsage_pilot_v1_step60,twibot20,linear,1,10,10,test,2,20,8b0103cc8fe7d02ca3e622c39a7215d65913dfa1510e728f43df582a11d9c6e6,c914c5f482673ce0dc5d5512f45c0eaf22d1c0663629aa594d02d724b1b643bb,8a8ac6a74ff16f70c26373d03c9e72726890aaba776363757688178d530a945d,AdamW,0.01,0.0,0.6889436052774849,0.6737109044801353,0.6593372325505058,60
graphsage_pilot_v1_step60,twibot20,linear,1,10,100,val,2,20,8b0103cc8fe7d02ca3e622c39a7215d65913dfa1510e728f43df582a11d9c6e6,c914c5f482673ce0dc5d5512f45c0eaf22d1c0663629aa594d02d724b1b643bb,8a8ac6a74ff16f70c26373d03c9e72726890aaba776363757688178d530a945d,AdamW,0.01,0.0,0.6574554366620142,0.6038054968287526,0.6035988350554504,60
graphsage_pilot_v1_step60,twibot20,linear,1,10,100,test,2,20,8b0103cc8fe7d02ca3e622c39a7215d65913dfa1510e728f43df582a11d9c6e6,c914c5f482673ce0dc5d5512f45c0eaf22d1c0663629aa594d02d724b1b643bb,8a8ac6a74ff16f70c26373d03c9e72726890aaba776363757688178d530a945d,AdamW,0.01,0.0,0.6434208087664632,0.6136939983093829,0.61318293695086,60
graphsage_pilot_v1_step60,twibot20,linear,1,100,0,val,2,200,2d47d792497500b8c0a151809b0bf0345373170a6472d915316897c1cf3fa4d8,c914c5f482673ce0dc5d5512f45c0eaf22d1c0663629aa594d02d724b1b643bb,8a8ac6a74ff16f70c26373d03c9e72726890aaba776363757688178d530a945d,AdamW,0.01,0.0,0.6802802428500826,0.4909090909090909,0.4358229986939045,60
graphsage_pilot_v1_step60,twibot20,linear,1,100,0,test,2,200,2d47d792497500b8c0a151809b0bf0345373170a6472d915316897c1cf3fa4d8,c914c5f482673ce0dc5d5512f45c0eaf22d1c0663629aa594d02d724b1b643bb,8a8ac6a74ff16f70c26373d03c9e72726890aaba776363757688178d530a945d,AdamW,0.01,0.0,0.6538149115592675,0.4843617920540997,0.4339624121485944,60
graphsage_pilot_v1_step60,twibot20,linear,1,100,1,val,2,200,2d47d792497500b8c0a151809b0bf0345373170a6472d915316897c1cf3fa4d8,c914c5f482673ce0dc5d5512f45c0eaf22d1c0663629aa594d02d724b1b643bb,8a8ac6a74ff16f70c26373d03c9e72726890aaba776363757688178d530a945d,AdamW,0.01,0.0,0.6678587422986118,0.6139534883720931,0.6068453584520751,60
graphsage_pilot_v1_step60,twibot20,linear,1,100,1,test,2,200,2d47d792497500b8c0a151809b0bf0345373170a6472d915316897c1cf3fa4d8,c914c5f482673ce0dc5d5512f45c0eaf22d1c0663629aa594d02d724b1b643bb,8a8ac6a74ff16f70c26373d03c9e72726890aaba776363757688178d530a945d,AdamW,0.01,0.0,0.6560411333387389,0.610312764158918,0.6050935812129388,60
graphsage_pilot_v1_step60,twibot20,linear,1,100,10,val,2,200,2d47d792497500b8c0a151809b0bf0345373170a6472d915316897c1cf3fa4d8,c914c5f482673ce0dc5d5512f45c0eaf22d1c0663629aa594d02d724b1b643bb,8a8ac6a74ff16f70c26373d03c9e72726890aaba776363757688178d530a945d,AdamW,0.01,0.0,0.6790207732766353,0.6186046511627907,0.6125767316842832,60
graphsage_pilot_v1_step60,twibot20,linear,1,100,10,test,2,200,2d47d792497500b8c0a151809b0bf0345373170a6472d915316897c1cf3fa4d8,c914c5f482673ce0dc5d5512f45c0eaf22d1c0663629aa594d02d724b1b643bb,8a8ac6a74ff16f70c26373d03c9e72726890aaba776363757688178d530a945d,AdamW,0.01,0.0,0.6663852818867355,0.6107354184277262,0.606304658303455,60
graphsage_pilot_v1_step60,twibot20,linear,1,100,100,val,2,200,2d47d792497500b8c0a151809b0bf0345373170a6472d915316897c1cf3fa4d8,c914c5f482673ce0dc5d5512f45c0eaf22d1c0663629aa594d02d724b1b643bb,8a8ac6a74ff16f70c26373d03c9e72726890aaba776363757688178d530a945d,AdamW,0.01,0.0,0.7378419155532173,0.7158562367864694,0.7031660199353618,60
graphsage_pilot_v1_step60,twibot20,linear,1,100,100,test,2,200,2d47d792497500b8c0a151809b0bf0345373170a6472d915316897c1cf3fa4d8,c914c5f482673ce0dc5d5512f45c0eaf22d1c0663629aa594d02d724b1b643bb,8a8ac6a74ff16f70c26373d03c9e72726890aaba776363757688178d530a945d,AdamW,0.01,0.0,0.7190305401429415,0.6855452240067624,0.6699694024478042,60
graphsage_pilot_v1_step60,twibot20,linear,2,0,0,val,2,0,af5570f5a1810b7af78caf4bc70a660f0df51e42baf91d4de5b2328de0e83dfc,c914c5f482673ce0dc5d5512f45c0eaf22d1c0663629aa594d02d724b1b643bb,203ffea723cb4cf0d5b2da185e1677d1c082fd4475784ccb7c3a518868d42cce,none,0.0,0.0,0.64759852921781,0.653276955602537,0.622923190116866,60
graphsage_pilot_v1_step60,twibot20,linear,2,0,0,test,2,0,af5570f5a1810b7af78caf4bc70a660f0df51e42baf91d4de5b2328de0e83dfc,c914c5f482673ce0dc5d5512f45c0eaf22d1c0663629aa594d02d724b1b643bb,203ffea723cb4cf0d5b2da185e1677d1c082fd4475784ccb7c3a518868d42cce,none,0.0,0.0,0.6395822956364605,0.6449704142011834,0.613817267776212,60
graphsage_pilot_v1_step60,twibot20,linear,2,1,0,val,2,2,40d653b81498ca59f7f885eeb08b50e37144bd7c85a2b1f4cd0de14263414e43,c914c5f482673ce0dc5d5512f45c0eaf22d1c0663629aa594d02d724b1b643bb,203ffea723cb4cf0d5b2da185e1677d1c082fd4475784ccb7c3a518868d42cce,AdamW,0.01,0.0,0.64759852921781,0.653276955602537,0.622923190116866,60
graphsage_pilot_v1_step60,twibot20,linear,2,1,0,test,2,2,40d653b81498ca59f7f885eeb08b50e37144bd7c85a2b1f4cd0de14263414e43,c914c5f482673ce0dc5d5512f45c0eaf22d1c0663629aa594d02d724b1b643bb,203ffea723cb4cf0d5b2da185e1677d1c082fd4475784ccb7c3a518868d42cce,AdamW,0.01,0.0,0.6395822956364605,0.6449704142011834,0.613817267776212,60
graphsage_pilot_v1_step60,twibot20,linear,2,1,1,val,2,2,40d653b81498ca59f7f885eeb08b50e37144bd7c85a2b1f4cd0de14263414e43,c914c5f482673ce0dc5d5512f45c0eaf22d1c0663629aa594d02d724b1b643bb,203ffea723cb4cf0d5b2da185e1677d1c082fd4475784ccb7c3a518868d42cce,AdamW,0.01,0.0,0.6472550375159608,0.66723044397463,0.647314643380874,60
graphsage_pilot_v1_step60,twibot20,linear,2,1,1,test,2,2,40d653b81498ca59f7f885eeb08b50e37144bd7c85a2b1f4cd0de14263414e43,c914c5f482673ce0dc5d5512f45c0eaf22d1c0663629aa594d02d724b1b643bb,203ffea723cb4cf0d5b2da185e1677d1c082fd4475784ccb7c3a518868d42cce,AdamW,0.01,0.0,0.6399493507396125,0.6551141166525782,0.6355638309198113,60
graphsage_pilot_v1_step60,twibot20,linear,2,1,10,val,2,2,40d653b81498ca59f7f885eeb08b50e37144bd7c85a2b1f4cd0de14263414e43,c914c5f482673ce0dc5d5512f45c0eaf22d1c0663629aa594d02d724b1b643bb,203ffea723cb4cf0d5b2da185e1677d1c082fd4475784ccb7c3a518868d42cce,AdamW,0.01,0.0,0.6550075147868105,0.6710359408033827,0.6597351364706265,60
graphsage_pilot_v1_step60,twibot20,linear,2,1,10,test,2,2,40d653b81498ca59f7f885eeb08b50e37144bd7c85a2b1f4cd0de14263414e43,c914c5f482673ce0dc5d5512f45c0eaf22d1c0663629aa594d02d724b1b643bb,203ffea723cb4cf0d5b2da185e1677d1c082fd4475784ccb7c3a518868d42cce,AdamW,0.01,0.0,0.6456506504187469,0.6542688081149619,0.6431301482215771,60
graphsage_pilot_v1_step60,twibot20,linear,2,1,100,val,2,2,40d653b81498ca59f7f885eeb08b50e37144bd7c85a2b1f4cd0de14263414e43,c914c5f482673ce0dc5d5512f45c0eaf22d1c0663629aa594d02d724b1b643bb,203ffea723cb4cf0d5b2da185e1677d1c082fd4475784ccb7c3a518868d42cce,AdamW,0.01,0.0,0.6553336145037559,0.6668076109936575,0.6563270839972146,60
graphsage_pilot_v1_step60,twibot20,linear,2,1,100,test,2,2,40d653b81498ca59f7f885eeb08b50e37144bd7c85a2b1f4cd0de14263414e43,c914c5f482673ce0dc5d5512f45c0eaf22d1c0663629aa594d02d724b1b643bb,203ffea723cb4cf0d5b2da185e1677d1c082fd4475784ccb7c3a518868d42cce,AdamW,0.01,0.0,0.6459532717858425,0.6525781910397295,0.6422505385964705,60
graphsage_pilot_v1_step60,twibot20,linear,2,10,0,val,2,20,4c2a419e0d2e41e89d85ace836b7bd09c1adfddfa85a64a49bddcc59c0f8b049,c914c5f482673ce0dc5d5512f45c0eaf22d1c0663629aa594d02d724b1b643bb,203ffea723cb4cf0d5b2da185e1677d1c082fd4475784ccb7c3a518868d42cce,AdamW,0.01,0.0,0.64759852921781,0.653276955602537,0.622923190116866,60
graphsage_pilot_v1_step60,twibot20,linear,2,10,0,test,2,20,4c2a419e0d2e41e89d85ace836b7bd09c1adfddfa85a64a49bddcc59c0f8b049,c914c5f482673ce0dc5d5512f45c0eaf22d1c0663629aa594d02d724b1b643bb,203ffea723cb4cf0d5b2da185e1677d1c082fd4475784ccb7c3a518868d42cce,AdamW,0.01,0.0,0.6395822956364605,0.6449704142011834,0.613817267776212,60
graphsage_pilot_v1_step60,twibot20,linear,2,10,1,val,2,20,4c2a419e0d2e41e89d85ace836b7bd09c1adfddfa85a64a49bddcc59c0f8b049,c914c5f482673ce0dc5d5512f45c0eaf22d1c0663629aa594d02d724b1b643bb,203ffea723cb4cf0d5b2da185e1677d1c082fd4475784ccb7c3a518868d42cce,AdamW,0.01,0.0,0.619302132112416,0.6109936575052854,0.6013949527858753,60
graphsage_pilot_v1_step60,twibot20,linear,2,10,1,test,2,20,4c2a419e0d2e41e89d85ace836b7bd09c1adfddfa85a64a49bddcc59c0f8b049,c914c5f482673ce0dc5d5512f45c0eaf22d1c0663629aa594d02d724b1b643bb,203ffea723cb4cf0d5b2da185e1677d1c082fd4475784ccb7c3a518868d42cce,AdamW,0.01,0.0,0.6283230432415526,0.6052409129332206,0.5974090991237837,60
graphsage_pilot_v1_step60,twibot20,linear,2,10,10,val,2,20,4c2a419e0d2e41e89d85ace836b7bd09c1adfddfa85a64a49bddcc59c0f8b049,c914c5f482673ce0dc5d5512f45c0eaf22d1c0663629aa594d02d724b1b643bb,203ffea723cb4cf0d5b2da185e1677d1c082fd4475784ccb7c3a518868d42cce,AdamW,0.01,0.0,0.6756141182336121,0.6676532769556025,0.6470808690184356,60
graphsage_pilot_v1_step60,twibot20,linear,2,10,10,test,2,20,4c2a419e0d2e41e89d85ace836b7bd09c1adfddfa85a64a49bddcc59c0f8b049,c914c5f482673ce0dc5d5512f45c0eaf22d1c0663629aa594d02d724b1b643bb,203ffea723cb4cf0d5b2da185e1677d1c082fd4475784ccb7c3a518868d42cce,AdamW,0.01,0.0,0.6630821479456497,0.6568047337278107,0.6368970939550637,60
graphsage_pilot_v1_step60,twibot20,linear,2,10,100,val,2,20,4c2a419e0d2e41e89d85ace836b7bd09c1adfddfa85a64a49bddcc59c0f8b049,c914c5f482673ce0dc5d5512f45c0eaf22d1c0663629aa594d02d724b1b643bb,203ffea723cb4cf0d5b2da185e1677d1c082fd4475784ccb7c3a518868d42cce,AdamW,0.01,0.0,0.6870218109984014,0.6735729386892177,0.663811110521881,60
graphsage_pilot_v1_step60,twibot20,linear,2,10,100,test,2,20,4c2a419e0d2e41e89d85ace836b7bd09c1adfddfa85a64a49bddcc59c0f8b049,c914c5f482673ce0dc5d5512f45c0eaf22d1c0663629aa594d02d724b1b643bb,203ffea723cb4cf0d5b2da185e1677d1c082fd4475784ccb7c3a518868d42cce,AdamW,0.01,0.0,0.6743533459208377,0.6568047337278107,0.6472194637537239,60
graphsage_pilot_v1_step60,twibot20,linear,2,100,0,val,2,200,5708cd030fbe4119391ef44d81cbe9873693c4e02ee2e1770943dbc60f51ba9e,c914c5f482673ce0dc5d5512f45c0eaf22d1c0663629aa594d02d724b1b643bb,203ffea723cb4cf0d5b2da185e1677d1c082fd4475784ccb7c3a518868d42cce,AdamW,0.01,0.0,0.64759852921781,0.653276955602537,0.622923190116866,60
graphsage_pilot_v1_step60,twibot20,linear,2,100,0,test,2,200,5708cd030fbe4119391ef44d81cbe9873693c4e02ee2e1770943dbc60f51ba9e,c914c5f482673ce0dc5d5512f45c0eaf22d1c0663629aa594d02d724b1b643bb,203ffea723cb4cf0d5b2da185e1677d1c082fd4475784ccb7c3a518868d42cce,AdamW,0.01,0.0,0.6395822956364605,0.6449704142011834,0.613817267776212,60
graphsage_pilot_v1_step60,twibot20,linear,2,100,1,val,2,200,5708cd030fbe4119391ef44d81cbe9873693c4e02ee2e1770943dbc60f51ba9e,c914c5f482673ce0dc5d5512f45c0eaf22d1c0663629aa594d02d724b1b643bb,203ffea723cb4cf0d5b2da185e1677d1c082fd4475784ccb7c3a518868d42cce,AdamW,0.01,0.0,0.6732821429244333,0.6638477801268499,0.6453587343503171,60
graphsage_pilot_v1_step60,twibot20,linear,2,100,1,test,2,200,5708cd030fbe4119391ef44d81cbe9873693c4e02ee2e1770943dbc60f51ba9e,c914c5f482673ce0dc5d5512f45c0eaf22d1c0663629aa594d02d724b1b643bb,203ffea723cb4cf0d5b2da185e1677d1c082fd4475784ccb7c3a518868d42cce,AdamW,0.01,0.0,0.6619958241147239,0.6551141166525782,0.6371820313909435,60
graphsage_pilot_v1_step60,twibot20,linear,2,100,10,val,2,200,5708cd030fbe4119391ef44d81cbe9873693c4e02ee2e1770943dbc60f51ba9e,c914c5f482673ce0dc5d5512f45c0eaf22d1c0663629aa594d02d724b1b643bb,203ffea723cb4cf0d5b2da185e1677d1c082fd4475784ccb7c3a518868d42cce,AdamW,0.01,0.0,0.7163446975461358,0.6706131078224101,0.6507507209776292,60
graphsage_pilot_v1_step60,twibot20,linear,2,100,10,test,2,200,5708cd030fbe4119391ef44d81cbe9873693c4e02ee2e1770943dbc60f51ba9e,c914c5f482673ce0dc5d5512f45c0eaf22d1c0663629aa594d02d724b1b643bb,203ffea723cb4cf0d5b2da185e1677d1c082fd4475784ccb7c3a518868d42cce,AdamW,0.01,0.0,0.6941605659743539,0.6593406593406593,0.6400299604428528,60
graphsage_pilot_v1_step60,twibot20,linear,2,100,100,val,2,200,5708cd030fbe4119391ef44d81cbe9873693c4e02ee2e1770943dbc60f51ba9e,c914c5f482673ce0dc5d5512f45c0eaf22d1c0663629aa594d02d724b1b643bb,203ffea723cb4cf0d5b2da185e1677d1c082fd4475784ccb7c3a518868d42cce,AdamW,0.01,0.0,0.6940894788636656,0.7086680761099365,0.6948077889440177,60
graphsage_pilot_v1_step60,twibot20,linear,2,100,100,test,2,200,5708cd030fbe4119391ef44d81cbe9873693c4e02ee2e1770943dbc60f51ba9e,c914c5f482673ce0dc5d5512f45c0eaf22d1c0663629aa594d02d724b1b643bb,203ffea723cb4cf0d5b2da185e1677d1c082fd4475784ccb7c3a518868d42cce,AdamW,0.01,0.0,0.6606456115557924,0.6842772612003382,0.6680578022761886,60
graphsage_pilot_v1_step60,ukr_rus_suspended,linear,0,0,0,val,2,0,af5570f5a1810b7af78caf4bc70a660f0df51e42baf91d4de5b2328de0e83dfc,0c2e028dcb3262ef92e92564f4c55cdddd6f64945b22ac315f10631df10ccb82,f89e55d9cfacf91222600ee60a2ba36a7e5c6eb5bd4c3c753e6136ad5559fc67,none,0.0,0.0,0.4691279360006422,0.4604412155577213,0.4506745647996876,60
graphsage_pilot_v1_step60,ukr_rus_suspended,linear,0,0,0,test,2,0,af5570f5a1810b7af78caf4bc70a660f0df51e42baf91d4de5b2328de0e83dfc,0c2e028dcb3262ef92e92564f4c55cdddd6f64945b22ac315f10631df10ccb82,f89e55d9cfacf91222600ee60a2ba36a7e5c6eb5bd4c3c753e6136ad5559fc67,none,0.0,0.0,0.4717823934758676,0.4616406803685329,0.4516319772441244,60
graphsage_pilot_v1_step60,ukr_rus_suspended,linear,0,1,0,val,2,2,7c99d61e9eb10c63a19f4bcdb05d6e9b3a56a8705bfc738ad72bda57e541b60d,0c2e028dcb3262ef92e92564f4c55cdddd6f64945b22ac315f10631df10ccb82,f89e55d9cfacf91222600ee60a2ba36a7e5c6eb5bd4c3c753e6136ad5559fc67,AdamW,0.01,0.0,0.4691279360006422,0.4604412155577213,0.4506745647996876,60
graphsage_pilot_v1_step60,ukr_rus_suspended,linear,0,1,0,test,2,2,7c99d61e9eb10c63a19f4bcdb05d6e9b3a56a8705bfc738ad72bda57e541b60d,0c2e028dcb3262ef92e92564f4c55cdddd6f64945b22ac315f10631df10ccb82,f89e55d9cfacf91222600ee60a2ba36a7e5c6eb5bd4c3c753e6136ad5559fc67,AdamW,0.01,0.0,0.4717823934758676,0.4616406803685329,0.4516319772441244,60
graphsage_pilot_v1_step60,ukr_rus_suspended,linear,0,1,1,val,2,2,7c99d61e9eb10c63a19f4bcdb05d6e9b3a56a8705bfc738ad72bda57e541b60d,0c2e028dcb3262ef92e92564f4c55cdddd6f64945b22ac315f10631df10ccb82,f89e55d9cfacf91222600ee60a2ba36a7e5c6eb5bd4c3c753e6136ad5559fc67,AdamW,0.01,0.0,0.4599098667091713,0.5428368919996456,0.4926164311900479,60
graphsage_pilot_v1_step60,ukr_rus_suspended,linear,0,1,1,test,2,2,7c99d61e9eb10c63a19f4bcdb05d6e9b3a56a8705bfc738ad72bda57e541b60d,0c2e028dcb3262ef92e92564f4c55cdddd6f64945b22ac315f10631df10ccb82,f89e55d9cfacf91222600ee60a2ba36a7e5c6eb5bd4c3c753e6136ad5559fc67,AdamW,0.01,0.0,0.4643963007586765,0.5457122608079377,0.4953482305037441,60
graphsage_pilot_v1_step60,ukr_rus_suspended,linear,0,1,10,val,2,2,7c99d61e9eb10c63a19f4bcdb05d6e9b3a56a8705bfc738ad72bda57e541b60d,0c2e028dcb3262ef92e92564f4c55cdddd6f64945b22ac315f10631df10ccb82,f89e55d9cfacf91222600ee60a2ba36a7e5c6eb5bd4c3c753e6136ad5559fc67,AdamW,0.01,0.0,0.4612076481885251,0.5376982369097192,0.4979738951320975,60
graphsage_pilot_v1_step60,ukr_rus_suspended,linear,0,1,10,test,2,2,7c99d61e9eb10c63a19f4bcdb05d6e9b3a56a8705bfc738ad72bda57e541b60d,0c2e028dcb3262ef92e92564f4c55cdddd6f64945b22ac315f10631df10ccb82,f89e55d9cfacf91222600ee60a2ba36a7e5c6eb5bd4c3c753e6136ad5559fc67,AdamW,0.01,0.0,0.4649899594299745,0.5362331679659815,0.495733182263246,60
graphsage_pilot_v1_step60,ukr_rus_suspended,linear,0,1,100,val,2,2,7c99d61e9eb10c63a19f4bcdb05d6e9b3a56a8705bfc738ad72bda57e541b60d,0c2e028dcb3262ef92e92564f4c55cdddd6f64945b22ac315f10631df10ccb82,f89e55d9cfacf91222600ee60a2ba36a7e5c6eb5bd4c3c753e6136ad5559fc67,AdamW,0.01,0.0,0.4612024701845061,0.5389386019314255,0.5087271564482779,60
graphsage_pilot_v1_step60,ukr_rus_suspended,linear,0,1,100,test,2,2,7c99d61e9eb10c63a19f4bcdb05d6e9b3a56a8705bfc738ad72bda57e541b60d,0c2e028dcb3262ef92e92564f4c55cdddd6f64945b22ac315f10631df10ccb82,f89e55d9cfacf91222600ee60a2ba36a7e5c6eb5bd4c3c753e6136ad5559fc67,AdamW,0.01,0.0,0.4649995420903242,0.5356130403968816,0.505765249749532,60
graphsage_pilot_v1_step60,ukr_rus_suspended,linear,0,10,0,val,2,20,e5a82878379041fa98c0278a2e88145c8947d0c76c48e42e2c7c3a50b79d1cad,0c2e028dcb3262ef92e92564f4c55cdddd6f64945b22ac315f10631df10ccb82,f89e55d9cfacf91222600ee60a2ba36a7e5c6eb5bd4c3c753e6136ad5559fc67,AdamW,0.01,0.0,0.4691279360006422,0.4604412155577213,0.4506745647996876,60
graphsage_pilot_v1_step60,ukr_rus_suspended,linear,0,10,0,test,2,20,e5a82878379041fa98c0278a2e88145c8947d0c76c48e42e2c7c3a50b79d1cad,0c2e028dcb3262ef92e92564f4c55cdddd6f64945b22ac315f10631df10ccb82,f89e55d9cfacf91222600ee60a2ba36a7e5c6eb5bd4c3c753e6136ad5559fc67,AdamW,0.01,0.0,0.4717823934758676,0.4616406803685329,0.4516319772441244,60
graphsage_pilot_v1_step60,ukr_rus_suspended,linear,0,10,1,val,2,20,e5a82878379041fa98c0278a2e88145c8947d0c76c48e42e2c7c3a50b79d1cad,0c2e028dcb3262ef92e92564f4c55cdddd6f64945b22ac315f10631df10ccb82,f89e55d9cfacf91222600ee60a2ba36a7e5c6eb5bd4c3c753e6136ad5559fc67,AdamW,0.01,0.0,0.4612109286631209,0.5387614069283246,0.508722104235509,60
graphsage_pilot_v1_step60,ukr_rus_suspended,linear,0,10,1,test,2,20,e5a82878379041fa98c0278a2e88145c8947d0c76c48e42e2c7c3a50b79d1cad,0c2e028dcb3262ef92e92564f4c55cdddd6f64945b22ac315f10631df10ccb82,f89e55d9cfacf91222600ee60a2ba36a7e5c6eb5bd4c3c753e6136ad5559fc67,AdamW,0.01,0.0,0.4649844445767866,0.5355244507441531,0.5058310622789717,60
graphsage_pilot_v1_step60,ukr_rus_suspended,linear,0,10,10,val,2,20,e5a82878379041fa98c0278a2e88145c8947d0c76c48e42e2c7c3a50b79d1cad,0c2e028dcb3262ef92e92564f4c55cdddd6f64945b22ac315f10631df10ccb82,f89e55d9cfacf91222600ee60a2ba36a7e5c6eb5bd4c3c753e6136ad5559fc67,AdamW,0.01,0.0,0.5396935978836694,0.5294586692655268,0.5091104315817562,60
graphsage_pilot_v1_step60,ukr_rus_suspended,linear,0,10,10,test,2,20,e5a82878379041fa98c0278a2e88145c8947d0c76c48e42e2c7c3a50b79d1cad,0c2e028dcb3262ef92e92564f4c55cdddd6f64945b22ac315f10631df10ccb82,f89e55d9cfacf91222600ee60a2ba36a7e5c6eb5bd4c3c753e6136ad5559fc67,AdamW,0.01,0.0,0.5388509991499087,0.5242735648476258,0.5048083372069181,60
graphsage_pilot_v1_step60,ukr_rus_suspended,linear,0,10,100,val,2,20,e5a82878379041fa98c0278a2e88145c8947d0c76c48e42e2c7c3a50b79d1cad,0c2e028dcb3262ef92e92564f4c55cdddd6f64945b22ac315f10631df10ccb82,f89e55d9cfacf91222600ee60a2ba36a7e5c6eb5bd4c3c753e6136ad5559fc67,AdamW,0.01,0.0,0.5625592616127676,0.542128111987242,0.5417802255038443,60
graphsage_pilot_v1_step60,ukr_rus_suspended,linear,0,10,100,test,2,20,e5a82878379041fa98c0278a2e88145c8947d0c76c48e42e2c7c3a50b79d1cad,0c2e028dcb3262ef92e92564f4c55cdddd6f64945b22ac315f10631df10ccb82,f89e55d9cfacf91222600ee60a2ba36a7e5c6eb5bd4c3c753e6136ad5559fc67,AdamW,0.01,0.0,0.5565256051900203,0.538979447200567,0.5387036663126406,60
graphsage_pilot_v1_step60,ukr_rus_suspended,linear,0,100,0,val,2,200,0e6e836a2d142a85ab039b2a0676f9ba6b8c674a523a6ccbb1030280fce6a8bd,0c2e028dcb3262ef92e92564f4c55cdddd6f64945b22ac315f10631df10ccb82,f89e55d9cfacf91222600ee60a2ba36a7e5c6eb5bd4c3c753e6136ad5559fc67,AdamW,0.01,0.0,0.4691279360006422,0.4604412155577213,0.4506745647996876,60
graphsage_pilot_v1_step60,ukr_rus_suspended,linear,0,100,0,test,2,200,0e6e836a2d142a85ab039b2a0676f9ba6b8c674a523a6ccbb1030280fce6a8bd,0c2e028dcb3262ef92e92564f4c55cdddd6f64945b22ac315f10631df10ccb82,f89e55d9cfacf91222600ee60a2ba36a7e5c6eb5bd4c3c753e6136ad5559fc67,AdamW,0.01,0.0,0.4717823934758676,0.4616406803685329,0.4516319772441244,60
graphsage_pilot_v1_step60,ukr_rus_suspended,linear,0,100,1,val,2,200,0e6e836a2d142a85ab039b2a0676f9ba6b8c674a523a6ccbb1030280fce6a8bd,0c2e028dcb3262ef92e92564f4c55cdddd6f64945b22ac315f10631df10ccb82,f89e55d9cfacf91222600ee60a2ba36a7e5c6eb5bd4c3c753e6136ad5559fc67,AdamW,0.01,0.0,0.4599098667091713,0.5434570745104988,0.4902034048753307,60
graphsage_pilot_v1_step60,ukr_rus_suspended,linear,0,100,1,test,2,200,0e6e836a2d142a85ab039b2a0676f9ba6b8c674a523a6ccbb1030280fce6a8bd,0c2e028dcb3262ef92e92564f4c55cdddd6f64945b22ac315f10631df10ccb82,f89e55d9cfacf91222600ee60a2ba36a7e5c6eb5bd4c3c753e6136ad5559fc67,AdamW,0.01,0.0,0.4643963007586765,0.5495216158752658,0.4960476033883291,60
graphsage_pilot_v1_step60,ukr_rus_suspended,linear,0,100,10,val,2,200,0e6e836a2d142a85ab039b2a0676f9ba6b8c674a523a6ccbb1030280fce6a8bd,0c2e028dcb3262ef92e92564f4c55cdddd6f64945b22ac315f10631df10ccb82,f89e55d9cfacf91222600ee60a2ba36a7e5c6eb5bd4c3c753e6136ad5559fc67,AdamW,0.01,0.0,0.5412815566379406,0.5467351820678656,0.486948893103876,60
graphsage_pilot_v1_step60,ukr_rus_suspended,linear,0,100,10,test,2,200,0e6e836a2d142a85ab039b2a0676f9ba6b8c674a523a6ccbb1030280fce6a8bd,0c2e028dcb3262ef92e92564f4c55cdddd6f64945b22ac315f10631df10ccb82,f89e55d9cfacf91222600ee60a2ba36a7e5c6eb5bd4c3c753e6136ad5559fc67,AdamW,0.01,0.0,0.5474931278176398,0.552710843373494,0.4937245840677989,60
graphsage_pilot_v1_step60,ukr_rus_suspended,linear,0,100,100,val,2,200,0e6e836a2d142a85ab039b2a0676f9ba6b8c674a523a6ccbb1030280fce6a8bd,0c2e028dcb3262ef92e92564f4c55cdddd6f64945b22ac315f10631df10ccb82,f89e55d9cfacf91222600ee60a2ba36a7e5c6eb5bd4c3c753e6136ad5559fc67,AdamW,0.01,0.0,0.5778507919226482,0.5674669974306724,0.5643481852584064,60
graphsage_pilot_v1_step60,ukr_rus_suspended,linear,0,100,100,test,2,200,0e6e836a2d142a85ab039b2a0676f9ba6b8c674a523a6ccbb1030280fce6a8bd,0c2e028dcb3262ef92e92564f4c55cdddd6f64945b22ac315f10631df10ccb82,f89e55d9cfacf91222600ee60a2ba36a7e5c6eb5bd4c3c753e6136ad5559fc67,AdamW,0.01,0.0,0.5839227205391399,0.5719347980155918,0.5677093748886454,60
graphsage_pilot_v1_step60,ukr_rus_suspended,linear,1,0,0,val,2,0,af5570f5a1810b7af78caf4bc70a660f0df51e42baf91d4de5b2328de0e83dfc,0c2e028dcb3262ef92e92564f4c55cdddd6f64945b22ac315f10631df10ccb82,8a8ac6a74ff16f70c26373d03c9e72726890aaba776363757688178d530a945d,none,0.0,0.0,0.4854471714622381,0.4570745104988039,0.4017281418496252,60
graphsage_pilot_v1_step60,ukr_rus_suspended,linear,1,0,0,test,2,0,af5570f5a1810b7af78caf4bc70a660f0df51e42baf91d4de5b2328de0e83dfc,0c2e028dcb3262ef92e92564f4c55cdddd6f64945b22ac315f10631df10ccb82,8a8ac6a74ff16f70c26373d03c9e72726890aaba776363757688178d530a945d,none,0.0,0.0,0.4862400071824933,0.4580970942593905,0.4048286333085994,60
graphsage_pilot_v1_step60,ukr_rus_suspended,linear,1,1,0,val,2,2,d73d3d76b81fffb6f14dba64a89f45ae3cb6ec170ba2f809a798c78d912bfa77,0c2e028dcb3262ef92e92564f4c55cdddd6f64945b22ac315f10631df10ccb82,8a8ac6a74ff16f70c26373d03c9e72726890aaba776363757688178d530a945d,AdamW,0.01,0.0,0.4854471714622381,0.4570745104988039,0.4017281418496252,60
graphsage_pilot_v1_step60,ukr_rus_suspended,linear,1,1,0,test,2,2,d73d3d76b81fffb6f14dba64a89f45ae3cb6ec170ba2f809a798c78d912bfa77,0c2e028dcb3262ef92e92564f4c55cdddd6f64945b22ac315f10631df10ccb82,8a8ac6a74ff16f70c26373d03c9e72726890aaba776363757688178d530a945d,AdamW,0.01,0.0,0.4862400071824933,0.4580970942593905,0.4048286333085994,60
graphsage_pilot_v1_step60,ukr_rus_suspended,linear,1,1,1,val,2,2,d73d3d76b81fffb6f14dba64a89f45ae3cb6ec170ba2f809a798c78d912bfa77,0c2e028dcb3262ef92e92564f4c55cdddd6f64945b22ac315f10631df10ccb82,8a8ac6a74ff16f70c26373d03c9e72726890aaba776363757688178d530a945d,AdamW,0.01,0.0,0.4713438805094204,0.5317622043058385,0.5103935238298009,60
graphsage_pilot_v1_step60,ukr_rus_suspended,linear,1,1,1,test,2,2,d73d3d76b81fffb6f14dba64a89f45ae3cb6ec170ba2f809a798c78d912bfa77,0c2e028dcb3262ef92e92564f4c55cdddd6f64945b22ac315f10631df10ccb82,8a8ac6a74ff16f70c26373d03c9e72726890aaba776363757688178d530a945d,AdamW,0.01,0.0,0.4759830073063605,0.5257795889440113,0.5054432038036388,60
graphsage_pilot_v1_step60,ukr_rus_suspended,linear,1,1,10,val,2,2,d73d3d76b81fffb6f14dba64a89f45ae3cb6ec170ba2f809a798c78d912bfa77,0c2e028dcb3262ef92e92564f4c55cdddd6f64945b22ac315f10631df10ccb82,8a8ac6a74ff16f70c26373d03c9e72726890aaba776363757688178d530a945d,AdamW,0.01,0.0,0.5698297581627695,0.5575440772570214,0.5126709425739742,60
graphsage_pilot_v1_step60,ukr_rus_suspended,linear,1,1,10,test,2,2,d73d3d76b81fffb6f14dba64a89f45ae3cb6ec170ba2f809a798c78d912bfa77,0c2e028dcb3262ef92e92564f4c55cdddd6f64945b22ac315f10631df10ccb82,8a8ac6a74ff16f70c26373d03c9e72726890aaba776363757688178d530a945d,AdamW,0.01,0.0,0.5663121060899543,0.5548369950389794,0.5096400364072964,60
graphsage_pilot_v1_step60,ukr_rus_suspended,linear,1,1,100,val,2,2,d73d3d76b81fffb6f14dba64a89f45ae3cb6ec170ba2f809a798c78d912bfa77,0c2e028dcb3262ef92e92564f4c55cdddd6f64945b22ac315f10631df10ccb82,8a8ac6a74ff16f70c26373d03c9e72726890aaba776363757688178d530a945d,AdamW,0.01,0.0,0.5896561425825478,0.5873128377779746,0.5856872513131172,60
graphsage_pilot_v1_step60,ukr_rus_suspended,linear,1,1,100,test,2,2,d73d3d76b81fffb6f14dba64a89f45ae3cb6ec170ba2f809a798c78d912bfa77,0c2e028dcb3262ef92e92564f4c55cdddd6f64945b22ac315f10631df10ccb82,8a8ac6a74ff16f70c26373d03c9e72726890aaba776363757688178d530a945d,AdamW,0.01,0.0,0.5815930729070665,0.5761871013465627,0.5739935276302257,60
graphsage_pilot_v1_step60,ukr_rus_suspended,linear,1,10,0,val,2,20,0799d70a753227d471335ad303c0239095fe54cbc93c2961ebd67a3fb8c8bf71,0c2e028dcb3262ef92e92564f4c55cdddd6f64945b22ac315f10631df10ccb82,8a8ac6a74ff16f70c26373d03c9e72726890aaba776363757688178d530a945d,AdamW,0.01,0.0,0.4854471714622381,0.4570745104988039,0.4017281418496252,60
graphsage_pilot_v1_step60,ukr_rus_suspended,linear,1,10,0,test,2,20,0799d70a753227d471335ad303c0239095fe54cbc93c2961ebd67a3fb8c8bf71,0c2e028dcb3262ef92e92564f4c55cdddd6f64945b22ac315f10631df10ccb82,8a8ac6a74ff16f70c26373d03c9e72726890aaba776363757688178d530a945d,AdamW,0.01,0.0,0.4862400071824933,0.4580970942593905,0.4048286333085994,60
graphsage_pilot_v1_step60,ukr_rus_suspended,linear,1,10,1,val,2,20,0799d70a753227d471335ad303c0239095fe54cbc93c2961ebd67a3fb8c8bf71,0c2e028dcb3262ef92e92564f4c55cdddd6f64945b22ac315f10631df10ccb82,8a8ac6a74ff16f70c26373d03c9e72726890aaba776363757688178d530a945d,AdamW,0.01,0.0,0.5307887495930764,0.4630991406042349,0.4594371215779608,60
graphsage_pilot_v1_step60,ukr_rus_suspended,linear,1,10,1,test,2,20,0799d70a753227d471335ad303c0239095fe54cbc93c2961ebd67a3fb8c8bf71,0c2e028dcb3262ef92e92564f4c55cdddd6f64945b22ac315f10631df10ccb82,8a8ac6a74ff16f70c26373d03c9e72726890aaba776363757688178d530a945d,AdamW,0.01,0.0,0.524686283637228,0.467487597448618,0.4642685360657623,60
graphsage_pilot_v1_step60,ukr_rus_suspended,linear,1,10,10,val,2,20,0799d70a753227d471335ad303c0239095fe54cbc93c2961ebd67a3fb8c8bf71,0c2e028dcb3262ef92e92564f4c55cdddd6f64945b22ac315f10631df10ccb82,8a8ac6a74ff16f70c26373d03c9e72726890aaba776363757688178d530a945d,AdamW,0.01,0.0,0.5409749609092858,0.4623903605918313,0.4532801824360009,60
graphsage_pilot_v1_step60,ukr_rus_suspended,linear,1,10,10,test,2,20,0799d70a753227d471335ad303c0239095fe54cbc93c2961ebd67a3fb8c8bf71,0c2e028dcb3262ef92e92564f4c55cdddd6f64945b22ac315f10631df10ccb82,8a8ac6a74ff16f70c26373d03c9e72726890aaba776363757688178d530a945d,AdamW,0.01,0.0,0.5367922706904751,0.4630581148121899,0.4536275635003147,60
graphsage_pilot_v1_step60,ukr_rus_suspended,linear,1,10,100,val,2,20,0799d70a753227d471335ad303c0239095fe54cbc93c2961ebd67a3fb8c8bf71,0c2e028dcb3262ef92e92564f4c55cdddd6f64945b22ac315f10631df10ccb82,8a8ac6a74ff16f70c26373d03c9e72726890aaba776363757688178d530a945d,AdamW,0.01,0.0,0.5775610005859185,0.5766811375919199,0.5654443649257179,60
graphsage_pilot_v1_step60,ukr_rus_suspended,linear,1,10,100,test,2,20,0799d70a753227d471335ad303c0239095fe54cbc93c2961ebd67a3fb8c8bf71,0c2e028dcb3262ef92e92564f4c55cdddd6f64945b22ac315f10631df10ccb82,8a8ac6a74ff16f70c26373d03c9e72726890aaba776363757688178d530a945d,AdamW,0.01,0.0,0.5677303398217163,0.5672395464209781,0.5552548210641202,60
graphsage_pilot_v1_step60,ukr_rus_suspended,linear,1,100,0,val,2,200,1728296263c97d6583bec3f11c800c3d719473b87756114e79f69c4d870069e2,0c2e028dcb3262ef92e92564f4c55cdddd6f64945b22ac315f10631df10ccb82,8a8ac6a74ff16f70c26373d03c9e72726890aaba776363757688178d530a945d,AdamW,0.01,0.0,0.4854471714622381,0.4570745104988039,0.4017281418496252,60
graphsage_pilot_v1_step60,ukr_rus_suspended,linear,1,100,0,test,2,200,1728296263c97d6583bec3f11c800c3d719473b87756114e79f69c4d870069e2,0c2e028dcb3262ef92e92564f4c55cdddd6f64945b22ac315f10631df10ccb82,8a8ac6a74ff16f70c26373d03c9e72726890aaba776363757688178d530a945d,AdamW,0.01,0.0,0.4862400071824933,0.4580970942593905,0.4048286333085994,60
graphsage_pilot_v1_step60,ukr_rus_suspended,linear,1,100,1,val,2,200,1728296263c97d6583bec3f11c800c3d719473b87756114e79f69c4d870069e2,0c2e028dcb3262ef92e92564f4c55cdddd6f64945b22ac315f10631df10ccb82,8a8ac6a74ff16f70c26373d03c9e72726890aaba776363757688178d530a945d,AdamW,0.01,0.0,0.461200025909317,0.5354832993709577,0.5098325601802275,60
graphsage_pilot_v1_step60,ukr_rus_suspended,linear,1,100,1,test,2,200,1728296263c97d6583bec3f11c800c3d719473b87756114e79f69c4d870069e2,0c2e028dcb3262ef92e92564f4c55cdddd6f64945b22ac315f10631df10ccb82,8a8ac6a74ff16f70c26373d03c9e72726890aaba776363757688178d530a945d,AdamW,0.01,0.0,0.465001616189628,0.5316265060240963,0.5067913397580578,60
graphsage_pilot_v1_step60,ukr_rus_suspended,linear,1,100,10,val,2,200,1728296263c97d6583bec3f11c800c3d719473b87756114e79f69c4d870069e2,0c2e028dcb3262ef92e92564f4c55cdddd6f64945b22ac315f10631df10ccb82,8a8ac6a74ff16f70c26373d03c9e72726890aaba776363757688178d530a945d,AdamW,0.01,0.0,0.4757744187433196,0.5234340391600957,0.5066140722273768,60
graphsage_pilot_v1_step60,ukr_rus_suspended,linear,1,100,10,test,2,200,1728296263c97d6583bec3f11c800c3d719473b87756114e79f69c4d870069e2,0c2e028dcb3262ef92e92564f4c55cdddd6f64945b22ac315f10631df10ccb82,8a8ac6a74ff16f70c26373d03c9e72726890aaba776363757688178d530a945d,AdamW,0.01,0.0,0.4790448923841517,0.5196669029057406,0.5036130824589561,60
graphsage_pilot_v1_step60,ukr_rus_suspended,linear,1,100,100,val,2,200,1728296263c97d6583bec3f11c800c3d719473b87756114e79f69c4d870069e2,0c2e028dcb3262ef92e92564f4c55cdddd6f64945b22ac315f10631df10ccb82,8a8ac6a74ff16f70c26373d03c9e72726890aaba776363757688178d530a945d,AdamW,0.01,0.0,0.5641306411057232,0.548152742092673,0.5103801247385517,60
graphsage_pilot_v1_step60,ukr_rus_suspended,linear,1,100,100,test,2,200,1728296263c97d6583bec3f11c800c3d719473b87756114e79f69c4d870069e2,0c2e028dcb3262ef92e92564f4c55cdddd6f64945b22ac315f10631df10ccb82,8a8ac6a74ff16f70c26373d03c9e72726890aaba776363757688178d530a945d,AdamW,0.01,0.0,0.5559887832709647,0.5479270021261516,0.5106111211622821,60
graphsage_pilot_v1_step60,ukr_rus_suspended,linear,2,0,0,val,2,0,af5570f5a1810b7af78caf4bc70a660f0df51e42baf91d4de5b2328de0e83dfc,0c2e028dcb3262ef92e92564f4c55cdddd6f64945b22ac315f10631df10ccb82,203ffea723cb4cf0d5b2da185e1677d1c082fd4475784ccb7c3a518868d42cce,none,0.0,0.0,0.5635969850766065,0.5710994949942412,0.5090014552204113,60
graphsage_pilot_v1_step60,ukr_rus_suspended,linear,2,0,0,test,2,0,af5570f5a1810b7af78caf4bc70a660f0df51e42baf91d4de5b2328de0e83dfc,0c2e028dcb3262ef92e92564f4c55cdddd6f64945b22ac315f10631df10ccb82,203ffea723cb4cf0d5b2da185e1677d1c082fd4475784ccb7c3a518868d42cce,none,0.0,0.0,0.5619365283166327,0.5675053153791637,0.5047566462145636,60
graphsage_pilot_v1_step60,ukr_rus_suspended,linear,2,1,0,val,2,2,aad26da52850ca862f2ded49b2710985a734f1e075c85c658bab395f51c94f19,0c2e028dcb3262ef92e92564f4c55cdddd6f64945b22ac315f10631df10ccb82,203ffea723cb4cf0d5b2da185e1677d1c082fd4475784ccb7c3a518868d42cce,AdamW,0.01,0.0,0.5635969850766065,0.5710994949942412,0.5090014552204113,60
graphsage_pilot_v1_step60,ukr_rus_suspended,linear,2,1,0,test,2,2,aad26da52850ca862f2ded49b2710985a734f1e075c85c658bab395f51c94f19,0c2e028dcb3262ef92e92564f4c55cdddd6f64945b22ac315f10631df10ccb82,203ffea723cb4cf0d5b2da185e1677d1c082fd4475784ccb7c3a518868d42cce,AdamW,0.01,0.0,0.5619365283166327,0.5675053153791637,0.5047566462145636,60
graphsage_pilot_v1_step60,ukr_rus_suspended,linear,2,1,1,val,2,2,aad26da52850ca862f2ded49b2710985a734f1e075c85c658bab395f51c94f19,0c2e028dcb3262ef92e92564f4c55cdddd6f64945b22ac315f10631df10ccb82,203ffea723cb4cf0d5b2da185e1677d1c082fd4475784ccb7c3a518868d42cce,AdamW,0.01,0.0,0.5276736977528942,0.4697439532205192,0.4683690345682726,60
graphsage_pilot_v1_step60,ukr_rus_suspended,linear,2,1,1,test,2,2,aad26da52850ca862f2ded49b2710985a734f1e075c85c658bab395f51c94f19,0c2e028dcb3262ef92e92564f4c55cdddd6f64945b22ac315f10631df10ccb82,203ffea723cb4cf0d5b2da185e1677d1c082fd4475784ccb7c3a518868d42cce,AdamW,0.01,0.0,0.5240738294458817,0.4751948972360028,0.4740874090901011,60
graphsage_pilot_v1_step60,ukr_rus_suspended,linear,2,1,10,val,2,2,aad26da52850ca862f2ded49b2710985a734f1e075c85c658bab395f51c94f19,0c2e028dcb3262ef92e92564f4c55cdddd6f64945b22ac315f10631df10ccb82,203ffea723cb4cf0d5b2da185e1677d1c082fd4475784ccb7c3a518868d42cce,AdamW,0.01,0.0,0.5255992478322012,0.4693895632143173,0.4679554409167584,60
graphsage_pilot_v1_step60,ukr_rus_suspended,linear,2,1,10,test,2,2,aad26da52850ca862f2ded49b2710985a734f1e075c85c658bab395f51c94f19,0c2e028dcb3262ef92e92564f4c55cdddd6f64945b22ac315f10631df10ccb82,203ffea723cb4cf0d5b2da185e1677d1c082fd4475784ccb7c3a518868d42cce,AdamW,0.01,0.0,0.5219078748759238,0.4746633593196314,0.4735114380853382,60
graphsage_pilot_v1_step60,ukr_rus_suspended,linear,2,1,100,val,2,2,aad26da52850ca862f2ded49b2710985a734f1e075c85c658bab395f51c94f19,0c2e028dcb3262ef92e92564f4c55cdddd6f64945b22ac315f10631df10ccb82,203ffea723cb4cf0d5b2da185e1677d1c082fd4475784ccb7c3a518868d42cce,AdamW,0.01,0.0,0.5262569347464074,0.4693895632143173,0.4679554409167584,60
graphsage_pilot_v1_step60,ukr_rus_suspended,linear,2,1,100,test,2,2,aad26da52850ca862f2ded49b2710985a734f1e075c85c658bab395f51c94f19,0c2e028dcb3262ef92e92564f4c55cdddd6f64945b22ac315f10631df10ccb82,203ffea723cb4cf0d5b2da185e1677d1c082fd4475784ccb7c3a518868d42cce,AdamW,0.01,0.0,0.5234316786544247,0.4746633593196314,0.4735114380853382,60
graphsage_pilot_v1_step60,ukr_rus_suspended,linear,2,10,0,val,2,20,ebf0dfe0820787f8d79027650ee848f503045e56e273aae6c793bbd29d911716,0c2e028dcb3262ef92e92564f4c55cdddd6f64945b22ac315f10631df10ccb82,203ffea723cb4cf0d5b2da185e1677d1c082fd4475784ccb7c3a518868d42cce,AdamW,0.01,0.0,0.5635969850766065,0.5710994949942412,0.5090014552204113,60
graphsage_pilot_v1_step60,ukr_rus_suspended,linear,2,10,0,test,2,20,ebf0dfe0820787f8d79027650ee848f503045e56e273aae6c793bbd29d911716,0c2e028dcb3262ef92e92564f4c55cdddd6f64945b22ac315f10631df10ccb82,203ffea723cb4cf0d5b2da185e1677d1c082fd4475784ccb7c3a518868d42cce,AdamW,0.01,0.0,0.5619365283166327,0.5675053153791637,0.5047566462145636,60
graphsage_pilot_v1_step60,ukr_rus_suspended,linear,2,10,1,val,2,20,ebf0dfe0820787f8d79027650ee848f503045e56e273aae6c793bbd29d911716,0c2e028dcb3262ef92e92564f4c55cdddd6f64945b22ac315f10631df10ccb82,203ffea723cb4cf0d5b2da185e1677d1c082fd4475784ccb7c3a518868d42cce,AdamW,0.01,0.0,0.4709020938497469,0.542925489501196,0.4214456726064325,60
graphsage_pilot_v1_step60,ukr_rus_suspended,linear,2,10,1,test,2,20,ebf0dfe0820787f8d79027650ee848f503045e56e273aae6c793bbd29d911716,0c2e028dcb3262ef92e92564f4c55cdddd6f64945b22ac315f10631df10ccb82,203ffea723cb4cf0d5b2da185e1677d1c082fd4475784ccb7c3a518868d42cce,AdamW,0.01,0.0,0.4749708468460635,0.5419029057406095,0.4234197562894468,60
graphsage_pilot_v1_step60,ukr_rus_suspended,linear,2,10,10,val,2,20,ebf0dfe0820787f8d79027650ee848f503045e56e273aae6c793bbd29d911716,0c2e028dcb3262ef92e92564f4c55cdddd6f64945b22ac315f10631df10ccb82,203ffea723cb4cf0d5b2da185e1677d1c082fd4475784ccb7c3a518868d42cce,AdamW,0.01,0.0,0.4372864595966779,0.4632763356073359,0.4589698464152264,60
graphsage_pilot_v1_step60,ukr_rus_suspended,linear,2,10,10,test,2,20,ebf0dfe0820787f8d79027650ee848f503045e56e273aae6c793bbd29d911716,0c2e028dcb3262ef92e92564f4c55cdddd6f64945b22ac315f10631df10ccb82,203ffea723cb4cf0d5b2da185e1677d1c082fd4475784ccb7c3a518868d42cce,AdamW,0.01,0.0,0.4389721844310967,0.463855421686747,0.4598503283200299,60
graphsage_pilot_v1_step60,ukr_rus_suspended,linear,2,10,100,val,2,20,ebf0dfe0820787f8d79027650ee848f503045e56e273aae6c793bbd29d911716,0c2e028dcb3262ef92e92564f4c55cdddd6f64945b22ac315f10631df10ccb82,203ffea723cb4cf0d5b2da185e1677d1c082fd4475784ccb7c3a518868d42cce,AdamW,0.01,0.0,0.4120737127787543,0.4468857978205015,0.4229232956718253,60
graphsage_pilot_v1_step60,ukr_rus_suspended,linear,2,10,100,test,2,20,ebf0dfe0820787f8d79027650ee848f503045e56e273aae6c793bbd29d911716,0c2e028dcb3262ef92e92564f4c55cdddd6f64945b22ac315f10631df10ccb82,203ffea723cb4cf0d5b2da185e1677d1c082fd4475784ccb7c3a518868d42cce,AdamW,0.01,0.0,0.4202748705729877,0.4534018426647767,0.4328656218018413,60
graphsage_pilot_v1_step60,ukr_rus_suspended,linear,2,100,0,val,2,200,43631ca67a92fed54e454d00c6f590f21eb883aa513846af2e549f7403669eed,0c2e028dcb3262ef92e92564f4c55cdddd6f64945b22ac315f10631df10ccb82,203ffea723cb4cf0d5b2da185e1677d1c082fd4475784ccb7c3a518868d42cce,AdamW,0.01,0.0,0.5635969850766065,0.5710994949942412,0.5090014552204113,60
graphsage_pilot_v1_step60,ukr_rus_suspended,linear,2,100,0,test,2,200,43631ca67a92fed54e454d00c6f590f21eb883aa513846af2e549f7403669eed,0c2e028dcb3262ef92e92564f4c55cdddd6f64945b22ac315f10631df10ccb82,203ffea723cb4cf0d5b2da185e1677d1c082fd4475784ccb7c3a518868d42cce,AdamW,0.01,0.0,0.5619365283166327,0.5675053153791637,0.5047566462145636,60
graphsage_pilot_v1_step60,ukr_rus_suspended,linear,2,100,1,val,2,200,43631ca67a92fed54e454d00c6f590f21eb883aa513846af2e549f7403669eed,0c2e028dcb3262ef92e92564f4c55cdddd6f64945b22ac315f10631df10ccb82,203ffea723cb4cf0d5b2da185e1677d1c082fd4475784ccb7c3a518868d42cce,AdamW,0.01,0.0,0.5446720075366009,0.454770975458492,0.4358889909364365,60
graphsage_pilot_v1_step60,ukr_rus_suspended,linear,2,100,1,test,2,200,43631ca67a92fed54e454d00c6f590f21eb883aa513846af2e549f7403669eed,0c2e028dcb3262ef92e92564f4c55cdddd6f64945b22ac315f10631df10ccb82,203ffea723cb4cf0d5b2da185e1677d1c082fd4475784ccb7c3a518868d42cce,AdamW,0.01,0.0,0.540046066227888,0.4485294117647059,0.429319781077063,60
graphsage_pilot_v1_step60,ukr_rus_suspended,linear,2,100,10,val,2,200,43631ca67a92fed54e454d00c6f590f21eb883aa513846af2e549f7403669eed,0c2e028dcb3262ef92e92564f4c55cdddd6f64945b22ac315f10631df10ccb82,203ffea723cb4cf0d5b2da185e1677d1c082fd4475784ccb7c3a518868d42cce,AdamW,0.01,0.0,0.5720454614601804,0.5555063347213609,0.5129602670559461,60
graphsage_pilot_v1_step60,ukr_rus_suspended,linear,2,100,10,test,2,200,43631ca67a92fed54e454d00c6f590f21eb883aa513846af2e549f7403669eed,0c2e028dcb3262ef92e92564f4c55cdddd6f64945b22ac315f10631df10ccb82,203ffea723cb4cf0d5b2da185e1677d1c082fd4475784ccb7c3a518868d42cce,AdamW,0.01,0.0,0.5690237095597263,0.5542168674698795,0.5116116823699065,60
graphsage_pilot_v1_step60,ukr_rus_suspended,linear,2,100,100,val,2,200,43631ca67a92fed54e454d00c6f590f21eb883aa513846af2e549f7403669eed,0c2e028dcb3262ef92e92564f4c55cdddd6f64945b22ac315f10631df10ccb82,203ffea723cb4cf0d5b2da185e1677d1c082fd4475784ccb7c3a518868d42cce,AdamW,0.01,0.0,0.5945782695830986,0.5819083901833968,0.5792091214261799,60
graphsage_pilot_v1_step60,ukr_rus_suspended,linear,2,100,100,test,2,200,43631ca67a92fed54e454d00c6f590f21eb883aa513846af2e549f7403669eed,0c2e028dcb3262ef92e92564f4c55cdddd6f64945b22ac315f10631df10ccb82,203ffea723cb4cf0d5b2da185e1677d1c082fd4475784ccb7c3a518868d42cce,AdamW,0.01,0.0,0.5966812610369416,0.5849574769666903,0.5812860627088179,60
graphsage_pilot_v1_step900,covid_political,linear,0,0,0,val,2,0,af5570f5a1810b7af78caf4bc70a660f0df51e42baf91d4de5b2328de0e83dfc,f1b58c8ccaee181a233f11c34ff62fda2f7ec53206eb08b2970705719fba8082,f89e55d9cfacf91222600ee60a2ba36a7e5c6eb5bd4c3c753e6136ad5559fc67,none,0.0,0.0,0.5051104428576415,0.5181771958815304,0.4683912943755635,900
graphsage_pilot_v1_step900,covid_political,linear,0,0,0,test,2,0,af5570f5a1810b7af78caf4bc70a660f0df51e42baf91d4de5b2328de0e83dfc,f1b58c8ccaee181a233f11c34ff62fda2f7ec53206eb08b2970705719fba8082,f89e55d9cfacf91222600ee60a2ba36a7e5c6eb5bd4c3c753e6136ad5559fc67,none,0.0,0.0,0.5073411764501214,0.5165882801576205,0.4677067043436268,900
graphsage_pilot_v1_step900,covid_political,linear,0,1,0,val,2,2,83cb1f5f80360408baf933c03274febff7c6d49f773d7382e9ebea1efe88cb54,f1b58c8ccaee181a233f11c34ff62fda2f7ec53206eb08b2970705719fba8082,f89e55d9cfacf91222600ee60a2ba36a7e5c6eb5bd4c3c753e6136ad5559fc67,AdamW,0.01,0.0,0.5051104428576415,0.5181771958815304,0.4683912943755635,900
graphsage_pilot_v1_step900,covid_political,linear,0,1,0,test,2,2,83cb1f5f80360408baf933c03274febff7c6d49f773d7382e9ebea1efe88cb54,f1b58c8ccaee181a233f11c34ff62fda2f7ec53206eb08b2970705719fba8082,f89e55d9cfacf91222600ee60a2ba36a7e5c6eb5bd4c3c753e6136ad5559fc67,AdamW,0.01,0.0,0.5073411764501214,0.5165882801576205,0.4677067043436268,900
graphsage_pilot_v1_step900,covid_political,linear,0,1,1,val,2,2,83cb1f5f80360408baf933c03274febff7c6d49f773d7382e9ebea1efe88cb54,f1b58c8ccaee181a233f11c34ff62fda2f7ec53206eb08b2970705719fba8082,f89e55d9cfacf91222600ee60a2ba36a7e5c6eb5bd4c3c753e6136ad5559fc67,AdamW,0.01,0.0,0.6502278270269495,0.5041947375111224,0.4972517546339353,900
graphsage_pilot_v1_step900,covid_political,linear,0,1,1,test,2,2,83cb1f5f80360408baf933c03274febff7c6d49f773d7382e9ebea1efe88cb54,f1b58c8ccaee181a233f11c34ff62fda2f7ec53206eb08b2970705719fba8082,f89e55d9cfacf91222600ee60a2ba36a7e5c6eb5bd4c3c753e6136ad5559fc67,AdamW,0.01,0.0,0.6499740407556331,0.5031142748188636,0.495823961833582,900
graphsage_pilot_v1_step900,covid_political,linear,0,1,10,val,2,2,83cb1f5f80360408baf933c03274febff7c6d49f773d7382e9ebea1efe88cb54,f1b58c8ccaee181a233f11c34ff62fda2f7ec53206eb08b2970705719fba8082,f89e55d9cfacf91222600ee60a2ba36a7e5c6eb5bd4c3c753e6136ad5559fc67,AdamW,0.01,0.0,0.5482588278555793,0.4664420999110207,0.4637100990014816,900
graphsage_pilot_v1_step900,covid_political,linear,0,1,10,test,2,2,83cb1f5f80360408baf933c03274febff7c6d49f773d7382e9ebea1efe88cb54,f1b58c8ccaee181a233f11c34ff62fda2f7ec53206eb08b2970705719fba8082,f89e55d9cfacf91222600ee60a2ba36a7e5c6eb5bd4c3c753e6136ad5559fc67,AdamW,0.01,0.0,0.544055061215432,0.4665056565399771,0.4635392450938352,900
graphsage_pilot_v1_step900,covid_political,linear,0,1,100,val,2,2,83cb1f5f80360408baf933c03274febff7c6d49f773d7382e9ebea1efe88cb54,f1b58c8ccaee181a233f11c34ff62fda2f7ec53206eb08b2970705719fba8082,f89e55d9cfacf91222600ee60a2ba36a7e5c6eb5bd4c3c753e6136ad5559fc67,AdamW,0.01,0.0,0.5481761062090271,0.4768018304309139,0.472431780793314,900
graphsage_pilot_v1_step900,covid_political,linear,0,1,100,test,2,2,83cb1f5f80360408baf933c03274febff7c6d49f773d7382e9ebea1efe88cb54,f1b58c8ccaee181a233f11c34ff62fda2f7ec53206eb08b2970705719fba8082,f89e55d9cfacf91222600ee60a2ba36a7e5c6eb5bd4c3c753e6136ad5559fc67,AdamW,0.01,0.0,0.5439985652013041,0.4777551798652599,0.4729715337122756,900
graphsage_pilot_v1_step900,covid_political,linear,0,10,0,val,2,20,fd81701c0bd9f5dde83c0f8fe71b62765f94b2a9027e4cc8613e624847ba0206,f1b58c8ccaee181a233f11c34ff62fda2f7ec53206eb08b2970705719fba8082,f89e55d9cfacf91222600ee60a2ba36a7e5c6eb5bd4c3c753e6136ad5559fc67,AdamW,0.01,0.0,0.5051104428576415,0.5181771958815304,0.4683912943755635,900
graphsage_pilot_v1_step900,covid_political,linear,0,10,0,test,2,20,fd81701c0bd9f5dde83c0f8fe71b62765f94b2a9027e4cc8613e624847ba0206,f1b58c8ccaee181a233f11c34ff62fda2f7ec53206eb08b2970705719fba8082,f89e55d9cfacf91222600ee60a2ba36a7e5c6eb5bd4c3c753e6136ad5559fc67,AdamW,0.01,0.0,0.5073411764501214,0.5165882801576205,0.4677067043436268,900
graphsage_pilot_v1_step900,covid_political,linear,0,10,1,val,2,20,fd81701c0bd9f5dde83c0f8fe71b62765f94b2a9027e4cc8613e624847ba0206,f1b58c8ccaee181a233f11c34ff62fda2f7ec53206eb08b2970705719fba8082,f89e55d9cfacf91222600ee60a2ba36a7e5c6eb5bd4c3c753e6136ad5559fc67,AdamW,0.01,0.0,0.6217179333201335,0.6949917376382356,0.532771978793163,900
graphsage_pilot_v1_step900,covid_political,linear,0,10,1,test,2,20,fd81701c0bd9f5dde83c0f8fe71b62765f94b2a9027e4cc8613e624847ba0206,f1b58c8ccaee181a233f11c34ff62fda2f7ec53206eb08b2970705719fba8082,f89e55d9cfacf91222600ee60a2ba36a7e5c6eb5bd4c3c753e6136ad5559fc67,AdamW,0.01,0.0,0.6241008669137226,0.6982331257150121,0.540314836175551,900
graphsage_pilot_v1_step900,covid_political,linear,0,10,10,val,2,20,fd81701c0bd9f5dde83c0f8fe71b62765f94b2a9027e4cc8613e624847ba0206,f1b58c8ccaee181a233f11c34ff62fda2f7ec53206eb08b2970705719fba8082,f89e55d9cfacf91222600ee60a2ba36a7e5c6eb5bd4c3c753e6136ad5559fc67,AdamW,0.01,0.0,0.5595245745157528,0.7003304944705733,0.4890962723773269,900
graphsage_pilot_v1_step900,covid_political,linear,0,10,10,test,2,20,fd81701c0bd9f5dde83c0f8fe71b62765f94b2a9027e4cc8613e624847ba0206,f1b58c8ccaee181a233f11c34ff62fda2f7ec53206eb08b2970705719fba8082,f89e55d9cfacf91222600ee60a2ba36a7e5c6eb5bd4c3c753e6136ad5559fc67,AdamW,0.01,0.0,0.5659863441870702,0.7026185331130037,0.4931383740818848,900
graphsage_pilot_v1_step900,covid_political,linear,0,10,100,val,2,20,fd81701c0bd9f5dde83c0f8fe71b62765f94b2a9027e4cc8613e624847ba0206,f1b58c8ccaee181a233f11c34ff62fda2f7ec53206eb08b2970705719fba8082,f89e55d9cfacf91222600ee60a2ba36a7e5c6eb5bd4c3c753e6136ad5559fc67,AdamW,0.01,0.0,0.5920578738383986,0.6827888648786068,0.5717036128169035,900
graphsage_pilot_v1_step900,covid_political,linear,0,10,100,test,2,20,fd81701c0bd9f5dde83c0f8fe71b62765f94b2a9027e4cc8613e624847ba0206,f1b58c8ccaee181a233f11c34ff62fda2f7ec53206eb08b2970705719fba8082,f89e55d9cfacf91222600ee60a2ba36a7e5c6eb5bd4c3c753e6136ad5559fc67,AdamW,0.01,0.0,0.5973621167260278,0.6853946866658193,0.5762940355630268,900
graphsage_pilot_v1_step900,covid_political,linear,0,100,0,val,2,200,e518b8d4501a6dd8d4517d1671d020cdbe000f6892f46ab76d9587c53f8b19b7,f1b58c8ccaee181a233f11c34ff62fda2f7ec53206eb08b2970705719fba8082,f89e55d9cfacf91222600ee60a2ba36a7e5c6eb5bd4c3c753e6136ad5559fc67,AdamW,0.01,0.0,0.5051104428576415,0.5181771958815304,0.4683912943755635,900
graphsage_pilot_v1_step900,covid_political,linear,0,100,0,test,2,200,e518b8d4501a6dd8d4517d1671d020cdbe000f6892f46ab76d9587c53f8b19b7,f1b58c8ccaee181a233f11c34ff62fda2f7ec53206eb08b2970705719fba8082,f89e55d9cfacf91222600ee60a2ba36a7e5c6eb5bd4c3c753e6136ad5559fc67,AdamW,0.01,0.0,0.5073411764501214,0.5165882801576205,0.4677067043436268,900
graphsage_pilot_v1_step900,covid_political,linear,0,100,1,val,2,200,e518b8d4501a6dd8d4517d1671d020cdbe000f6892f46ab76d9587c53f8b19b7,f1b58c8ccaee181a233f11c34ff62fda2f7ec53206eb08b2970705719fba8082,f89e55d9cfacf91222600ee60a2ba36a7e5c6eb5bd4c3c753e6136ad5559fc67,AdamW,0.01,0.0,0.6237475711117483,0.4678403457480615,0.4655365692342045,900
graphsage_pilot_v1_step900,covid_political,linear,0,100,1,test,2,200,e518b8d4501a6dd8d4517d1671d020cdbe000f6892f46ab76d9587c53f8b19b7,f1b58c8ccaee181a233f11c34ff62fda2f7ec53206eb08b2970705719fba8082,f89e55d9cfacf91222600ee60a2ba36a7e5c6eb5bd4c3c753e6136ad5559fc67,AdamW,0.01,0.0,0.6257951819424995,0.4686030252955383,0.4660921165392013,900
graphsage_pilot_v1_step900,covid_political,linear,0,100,10,val,2,200,e518b8d4501a6dd8d4517d1671d020cdbe000f6892f46ab76d9587c53f8b19b7,f1b58c8ccaee181a233f11c34ff62fda2f7ec53206eb08b2970705719fba8082,f89e55d9cfacf91222600ee60a2ba36a7e5c6eb5bd4c3c753e6136ad5559fc67,AdamW,0.01,0.0,0.6586942266314338,0.5071818990720732,0.5004237830597631,900
graphsage_pilot_v1_step900,covid_political,linear,0,100,10,test,2,200,e518b8d4501a6dd8d4517d1671d020cdbe000f6892f46ab76d9587c53f8b19b7,f1b58c8ccaee181a233f11c34ff62fda2f7ec53206eb08b2970705719fba8082,f89e55d9cfacf91222600ee60a2ba36a7e5c6eb5bd4c3c753e6136ad5559fc67,AdamW,0.01,0.0,0.6598390537722234,0.5067370026693784,0.4996925490349166,900
graphsage_pilot_v1_step900,covid_political,linear,0,100,100,val,2,200,e518b8d4501a6dd8d4517d1671d020cdbe000f6892f46ab76d9587c53f8b19b7,f1b58c8ccaee181a233f11c34ff62fda2f7ec53206eb08b2970705719fba8082,f89e55d9cfacf91222600ee60a2ba36a7e5c6eb5bd4c3c753e6136ad5559fc67,AdamW,0.01,0.0,0.6413967476084063,0.6717300114401932,0.5859055665511289,900
graphsage_pilot_v1_step900,covid_political,linear,0,100,100,test,2,200,e518b8d4501a6dd8d4517d1671d020cdbe000f6892f46ab76d9587c53f8b19b7,f1b58c8ccaee181a233f11c34ff62fda2f7ec53206eb08b2970705719fba8082,f89e55d9cfacf91222600ee60a2ba36a7e5c6eb5bd4c3c753e6136ad5559fc67,AdamW,0.01,0.0,0.643579705318269,0.6785941273674845,0.5914400217588272,900
graphsage_pilot_v1_step900,covid_political,linear,1,0,0,val,2,0,af5570f5a1810b7af78caf4bc70a660f0df51e42baf91d4de5b2328de0e83dfc,f1b58c8ccaee181a233f11c34ff62fda2f7ec53206eb08b2970705719fba8082,8a8ac6a74ff16f70c26373d03c9e72726890aaba776363757688178d530a945d,none,0.0,0.0,0.453052519003526,0.5344476928943689,0.4256088918634445,900
graphsage_pilot_v1_step900,covid_political,linear,1,0,0,test,2,0,af5570f5a1810b7af78caf4bc70a660f0df51e42baf91d4de5b2328de0e83dfc,f1b58c8ccaee181a233f11c34ff62fda2f7ec53206eb08b2970705719fba8082,8a8ac6a74ff16f70c26373d03c9e72726890aaba776363757688178d530a945d,none,0.0,0.0,0.4570420226616863,0.5343205796364561,0.4279398068893845,900
graphsage_pilot_v1_step900,covid_political,linear,1,1,0,val,2,2,a1a5486cefa74f8722a35f2abc7ceba0b5efb57b74cc3cdb660b354f7db25aa5,f1b58c8ccaee181a233f11c34ff62fda2f7ec53206eb08b2970705719fba8082,8a8ac6a74ff16f70c26373d03c9e72726890aaba776363757688178d530a945d,AdamW,0.01,0.0,0.453052519003526,0.5344476928943689,0.4256088918634445,900
graphsage_pilot_v1_step900,covid_political,linear,1,1,0,test,2,2,a1a5486cefa74f8722a35f2abc7ceba0b5efb57b74cc3cdb660b354f7db25aa5,f1b58c8ccaee181a233f11c34ff62fda2f7ec53206eb08b2970705719fba8082,8a8ac6a74ff16f70c26373d03c9e72726890aaba776363757688178d530a945d,AdamW,0.01,0.0,0.4570420226616863,0.5343205796364561,0.4279398068893845,900
graphsage_pilot_v1_step900,covid_political,linear,1,1,1,val,2,2,a1a5486cefa74f8722a35f2abc7ceba0b5efb57b74cc3cdb660b354f7db25aa5,f1b58c8ccaee181a233f11c34ff62fda2f7ec53206eb08b2970705719fba8082,8a8ac6a74ff16f70c26373d03c9e72726890aaba776363757688178d530a945d,AdamW,0.01,0.0,0.4750255542257898,0.5321596542519385,0.4190321718293122,900
graphsage_pilot_v1_step900,covid_political,linear,1,1,1,test,2,2,a1a5486cefa74f8722a35f2abc7ceba0b5efb57b74cc3cdb660b354f7db25aa5,f1b58c8ccaee181a233f11c34ff62fda2f7ec53206eb08b2970705719fba8082,8a8ac6a74ff16f70c26373d03c9e72726890aaba776363757688178d530a945d,AdamW,0.01,0.0,0.4769961408525223,0.5313969747044617,0.4199375132215889,900
graphsage_pilot_v1_step900,covid_political,linear,1,1,10,val,2,2,a1a5486cefa74f8722a35f2abc7ceba0b5efb57b74cc3cdb660b354f7db25aa5,f1b58c8ccaee181a233f11c34ff62fda2f7ec53206eb08b2970705719fba8082,8a8ac6a74ff16f70c26373d03c9e72726890aaba776363757688178d530a945d,AdamW,0.01,0.0,0.6379321588990627,0.5190034320579636,0.5073489809093958,900
graphsage_pilot_v1_step900,covid_political,linear,1,1,10,test,2,2,a1a5486cefa74f8722a35f2abc7ceba0b5efb57b74cc3cdb660b354f7db25aa5,f1b58c8ccaee181a233f11c34ff62fda2f7ec53206eb08b2970705719fba8082,8a8ac6a74ff16f70c26373d03c9e72726890aaba776363757688178d530a945d,AdamW,0.01,0.0,0.6366302824072217,0.518749205542138,0.5067504126910104,900
graphsage_pilot_v1_step900,covid_political,linear,1,1,100,val,2,2,a1a5486cefa74f8722a35f2abc7ceba0b5efb57b74cc3cdb660b354f7db25aa5,f1b58c8ccaee181a233f11c34ff62fda2f7ec53206eb08b2970705719fba8082,8a8ac6a74ff16f70c26373d03c9e72726890aaba776363757688178d530a945d,AdamW,0.01,0.0,0.642012962986521,0.5184949790263125,0.5076230032261386,900
graphsage_pilot_v1_step900,covid_political,linear,1,1,100,test,2,2,a1a5486cefa74f8722a35f2abc7ceba0b5efb57b74cc3cdb660b354f7db25aa5,f1b58c8ccaee181a233f11c34ff62fda2f7ec53206eb08b2970705719fba8082,8a8ac6a74ff16f70c26373d03c9e72726890aaba776363757688178d530a945d,AdamW,0.01,0.0,0.6411110273891503,0.5178594127367484,0.5063545117193677,900
graphsage_pilot_v1_step900,covid_political,linear,1,10,0,val,2,20,f9c026150d0dd5592c79f931e4798ed5d85119b5f6613d26370f93e1e204582e,f1b58c8ccaee181a233f11c34ff62fda2f7ec53206eb08b2970705719fba8082,8a8ac6a74ff16f70c26373d03c9e72726890aaba776363757688178d530a945d,AdamW,0.01,0.0,0.453052519003526,0.5344476928943689,0.4256088918634445,900
graphsage_pilot_v1_step900,covid_political,linear,1,10,0,test,2,20,f9c026150d0dd5592c79f931e4798ed5d85119b5f6613d26370f93e1e204582e,f1b58c8ccaee181a233f11c34ff62fda2f7ec53206eb08b2970705719fba8082,8a8ac6a74ff16f70c26373d03c9e72726890aaba776363757688178d530a945d,AdamW,0.01,0.0,0.4570420226616863,0.5343205796364561,0.4279398068893845,900
graphsage_pilot_v1_step900,covid_political,linear,1,10,1,val,2,20,f9c026150d0dd5592c79f931e4798ed5d85119b5f6613d26370f93e1e204582e,f1b58c8ccaee181a233f11c34ff62fda2f7ec53206eb08b2970705719fba8082,8a8ac6a74ff16f70c26373d03c9e72726890aaba776363757688178d530a945d,AdamW,0.01,0.0,0.5492867813135628,0.5160162704970128,0.5060129200016319,900
graphsage_pilot_v1_step900,covid_political,linear,1,10,1,test,2,20,f9c026150d0dd5592c79f931e4798ed5d85119b5f6613d26370f93e1e204582e,f1b58c8ccaee181a233f11c34ff62fda2f7ec53206eb08b2970705719fba8082,8a8ac6a74ff16f70c26373d03c9e72726890aaba776363757688178d530a945d,AdamW,0.01,0.0,0.5450165046429264,0.5165882801576205,0.5058443938267863,900
graphsage_pilot_v1_step900,covid_political,linear,1,10,10,val,2,20,f9c026150d0dd5592c79f931e4798ed5d85119b5f6613d26370f93e1e204582e,f1b58c8ccaee181a233f11c34ff62fda2f7ec53206eb08b2970705719fba8082,8a8ac6a74ff16f70c26373d03c9e72726890aaba776363757688178d530a945d,AdamW,0.01,0.0,0.6315128156032509,0.518749205542138,0.506386677923828,900
graphsage_pilot_v1_step900,covid_political,linear,1,10,10,test,2,20,f9c026150d0dd5592c79f931e4798ed5d85119b5f6613d26370f93e1e204582e,f1b58c8ccaee181a233f11c34ff62fda2f7ec53206eb08b2970705719fba8082,8a8ac6a74ff16f70c26373d03c9e72726890aaba776363757688178d530a945d,AdamW,0.01,0.0,0.6306480329851478,0.5186220922842253,0.5057828917535978,900
graphsage_pilot_v1_step900,covid_political,linear,1,10,100,val,2,20,f9c026150d0dd5592c79f931e4798ed5d85119b5f6613d26370f93e1e204582e,f1b58c8ccaee181a233f11c34ff62fda2f7ec53206eb08b2970705719fba8082,8a8ac6a74ff16f70c26373d03c9e72726890aaba776363757688178d530a945d,AdamW,0.01,0.0,0.6395699344217841,0.5195118850896149,0.5077511751868239,900
graphsage_pilot_v1_step900,covid_political,linear,1,10,100,test,2,20,f9c026150d0dd5592c79f931e4798ed5d85119b5f6613d26370f93e1e204582e,f1b58c8ccaee181a233f11c34ff62fda2f7ec53206eb08b2970705719fba8082,8a8ac6a74ff16f70c26373d03c9e72726890aaba776363757688178d530a945d,AdamW,0.01,0.0,0.6392267939849359,0.5186856489131817,0.5065142120980399,900
graphsage_pilot_v1_step900,covid_political,linear,1,100,0,val,2,200,deff487df17b1c21d7fda36c1e8d131f2aa5ae126f57b1bdc5989660169e9a6e,f1b58c8ccaee181a233f11c34ff62fda2f7ec53206eb08b2970705719fba8082,8a8ac6a74ff16f70c26373d03c9e72726890aaba776363757688178d530a945d,AdamW,0.01,0.0,0.453052519003526,0.5344476928943689,0.4256088918634445,900
graphsage_pilot_v1_step900,covid_political,linear,1,100,0,test,2,200,deff487df17b1c21d7fda36c1e8d131f2aa5ae126f57b1bdc5989660169e9a6e,f1b58c8ccaee181a233f11c34ff62fda2f7ec53206eb08b2970705719fba8082,8a8ac6a74ff16f70c26373d03c9e72726890aaba776363757688178d530a945d,AdamW,0.01,0.0,0.4570420226616863,0.5343205796364561,0.4279398068893845,900
graphsage_pilot_v1_step900,covid_political,linear,1,100,1,val,2,200,deff487df17b1c21d7fda36c1e8d131f2aa5ae126f57b1bdc5989660169e9a6e,f1b58c8ccaee181a233f11c34ff62fda2f7ec53206eb08b2970705719fba8082,8a8ac6a74ff16f70c26373d03c9e72726890aaba776363757688178d530a945d,AdamW,0.01,0.0,0.6445237737206333,0.4678403457480615,0.4655365692342045,900
graphsage_pilot_v1_step900,covid_political,linear,1,100,1,test,2,200,deff487df17b1c21d7fda36c1e8d131f2aa5ae126f57b1bdc5989660169e9a6e,f1b58c8ccaee181a233f11c34ff62fda2f7ec53206eb08b2970705719fba8082,8a8ac6a74ff16f70c26373d03c9e72726890aaba776363757688178d530a945d,AdamW,0.01,0.0,0.6446672644632134,0.4686030252955383,0.4660921165392013,900
graphsage_pilot_v1_step900,covid_political,linear,1,100,10,val,2,200,deff487df17b1c21d7fda36c1e8d131f2aa5ae126f57b1bdc5989660169e9a6e,f1b58c8ccaee181a233f11c34ff62fda2f7ec53206eb08b2970705719fba8082,8a8ac6a74ff16f70c26373d03c9e72726890aaba776363757688178d530a945d,AdamW,0.01,0.0,0.6527340058707577,0.6981060124570992,0.6040671256425576,900
graphsage_pilot_v1_step900,covid_political,linear,1,100,10,test,2,200,deff487df17b1c21d7fda36c1e8d131f2aa5ae126f57b1bdc5989660169e9a6e,f1b58c8ccaee181a233f11c34ff62fda2f7ec53206eb08b2970705719fba8082,8a8ac6a74ff16f70c26373d03c9e72726890aaba776363757688178d530a945d,AdamW,0.01,0.0,0.652920031718663,0.7025549764840473,0.607854364713603,900
graphsage_pilot_v1_step900,covid_political,linear,1,100,100,val,2,200,deff487df17b1c21d7fda36c1e8d131f2aa5ae126f57b1bdc5989660169e9a6e,f1b58c8ccaee181a233f11c34ff62fda2f7ec53206eb08b2970705719fba8082,8a8ac6a74ff16f70c26373d03c9e72726890aaba776363757688178d530a945d,AdamW,0.01,0.0,0.6577860934343608,0.6700775390873268,0.6064853678357663,900
graphsage_pilot_v1_step900,covid_political,linear,1,100,100,test,2,200,deff487df17b1c21d7fda36c1e8d131f2aa5ae126f57b1bdc5989660169e9a6e,f1b58c8ccaee181a233f11c34ff62fda2f7ec53206eb08b2970705719fba8082,8a8ac6a74ff16f70c26373d03c9e72726890aaba776363757688178d530a945d,AdamW,0.01,0.0,0.657796237926505,0.6705224354900217,0.6068961752038615,900
graphsage_pilot_v1_step900,covid_political,linear,2,0,0,val,2,0,af5570f5a1810b7af78caf4bc70a660f0df51e42baf91d4de5b2328de0e83dfc,f1b58c8ccaee181a233f11c34ff62fda2f7ec53206eb08b2970705719fba8082,203ffea723cb4cf0d5b2da185e1677d1c082fd4475784ccb7c3a518868d42cce,none,0.0,0.0,0.6257918874289736,0.4678403457480615,0.4655365692342045,900
graphsage_pilot_v1_step900,covid_political,linear,2,0,0,test,2,0,af5570f5a1810b7af78caf4bc70a660f0df51e42baf91d4de5b2328de0e83dfc,f1b58c8ccaee181a233f11c34ff62fda2f7ec53206eb08b2970705719fba8082,203ffea723cb4cf0d5b2da185e1677d1c082fd4475784ccb7c3a518868d42cce,none,0.0,0.0,0.6278758357653477,0.4686030252955383,0.4660921165392013,900
graphsage_pilot_v1_step900,covid_political,linear,2,1,0,val,2,2,819b2388d0d03770163bf9616c766cae20d1f55fa6baefa8dc8935608069d370,f1b58c8ccaee181a233f11c34ff62fda2f7ec53206eb08b2970705719fba8082,203ffea723cb4cf0d5b2da185e1677d1c082fd4475784ccb7c3a518868d42cce,AdamW,0.01,0.0,0.6257918874289736,0.4678403457480615,0.4655365692342045,900
graphsage_pilot_v1_step900,covid_political,linear,2,1,0,test,2,2,819b2388d0d03770163bf9616c766cae20d1f55fa6baefa8dc8935608069d370,f1b58c8ccaee181a233f11c34ff62fda2f7ec53206eb08b2970705719fba8082,203ffea723cb4cf0d5b2da185e1677d1c082fd4475784ccb7c3a518868d42cce,AdamW,0.01,0.0,0.6278758357653477,0.4686030252955383,0.4660921165392013,900
graphsage_pilot_v1_step900,covid_political,linear,2,1,1,val,2,2,819b2388d0d03770163bf9616c766cae20d1f55fa6baefa8dc8935608069d370,f1b58c8ccaee181a233f11c34ff62fda2f7ec53206eb08b2970705719fba8082,203ffea723cb4cf0d5b2da185e1677d1c082fd4475784ccb7c3a518868d42cce,AdamW,0.01,0.0,0.5473029187758892,0.4678403457480615,0.4655365692342045,900
graphsage_pilot_v1_step900,covid_political,linear,2,1,1,test,2,2,819b2388d0d03770163bf9616c766cae20d1f55fa6baefa8dc8935608069d370,f1b58c8ccaee181a233f11c34ff62fda2f7ec53206eb08b2970705719fba8082,203ffea723cb4cf0d5b2da185e1677d1c082fd4475784ccb7c3a518868d42cce,AdamW,0.01,0.0,0.5432302150599715,0.4686030252955383,0.4660921165392013,900
graphsage_pilot_v1_step900,covid_political,linear,2,1,10,val,2,2,819b2388d0d03770163bf9616c766cae20d1f55fa6baefa8dc8935608069d370,f1b58c8ccaee181a233f11c34ff62fda2f7ec53206eb08b2970705719fba8082,203ffea723cb4cf0d5b2da185e1677d1c082fd4475784ccb7c3a518868d42cce,AdamW,0.01,0.0,0.5487286494049379,0.4677132324901487,0.4653999353825326,900
graphsage_pilot_v1_step900,covid_political,linear,2,1,10,test,2,2,819b2388d0d03770163bf9616c766cae20d1f55fa6baefa8dc8935608069d370,f1b58c8ccaee181a233f11c34ff62fda2f7ec53206eb08b2970705719fba8082,203ffea723cb4cf0d5b2da185e1677d1c082fd4475784ccb7c3a518868d42cce,AdamW,0.01,0.0,0.5444861532031424,0.4682216855217999,0.4656713975713993,900
graphsage_pilot_v1_step900,covid_political,linear,2,1,100,val,2,2,819b2388d0d03770163bf9616c766cae20d1f55fa6baefa8dc8935608069d370,f1b58c8ccaee181a233f11c34ff62fda2f7ec53206eb08b2970705719fba8082,203ffea723cb4cf0d5b2da185e1677d1c082fd4475784ccb7c3a518868d42cce,AdamW,0.01,0.0,0.5489396722383089,0.4732426592093555,0.4697442646364017,900
graphsage_pilot_v1_step900,covid_political,linear,2,1,100,test,2,2,819b2388d0d03770163bf9616c766cae20d1f55fa6baefa8dc8935608069d370,f1b58c8ccaee181a233f11c34ff62fda2f7ec53206eb08b2970705719fba8082,203ffea723cb4cf0d5b2da185e1677d1c082fd4475784ccb7c3a518868d42cce,AdamW,0.01,0.0,0.5446890647919906,0.4734333290962247,0.4696838038022187,900
graphsage_pilot_v1_step900,covid_political,linear,2,10,0,val,2,20,59f9bdd18cf237d344bd10e236a66ddc182933a5b318262271cb8275b34bc0d9,f1b58c8ccaee181a233f11c34ff62fda2f7ec53206eb08b2970705719fba8082,203ffea723cb4cf0d5b2da185e1677d1c082fd4475784ccb7c3a518868d42cce,AdamW,0.01,0.0,0.6257918874289736,0.4678403457480615,0.4655365692342045,900
graphsage_pilot_v1_step900,covid_political,linear,2,10,0,test,2,20,59f9bdd18cf237d344bd10e236a66ddc182933a5b318262271cb8275b34bc0d9,f1b58c8ccaee181a233f11c34ff62fda2f7ec53206eb08b2970705719fba8082,203ffea723cb4cf0d5b2da185e1677d1c082fd4475784ccb7c3a518868d42cce,AdamW,0.01,0.0,0.6278758357653477,0.4686030252955383,0.4660921165392013,900
graphsage_pilot_v1_step900,covid_political,linear,2,10,1,val,2,20,59f9bdd18cf237d344bd10e236a66ddc182933a5b318262271cb8275b34bc0d9,f1b58c8ccaee181a233f11c34ff62fda2f7ec53206eb08b2970705719fba8082,203ffea723cb4cf0d5b2da185e1677d1c082fd4475784ccb7c3a518868d42cce,AdamW,0.01,0.0,0.5088934142239697,0.4678403457480615,0.4655365692342045,900
graphsage_pilot_v1_step900,covid_political,linear,2,10,1,test,2,20,59f9bdd18cf237d344bd10e236a66ddc182933a5b318262271cb8275b34bc0d9,f1b58c8ccaee181a233f11c34ff62fda2f7ec53206eb08b2970705719fba8082,203ffea723cb4cf0d5b2da185e1677d1c082fd4475784ccb7c3a518868d42cce,AdamW,0.01,0.0,0.5068758563152834,0.4686030252955383,0.4660921165392013,900
graphsage_pilot_v1_step900,covid_political,linear,2,10,10,val,2,20,59f9bdd18cf237d344bd10e236a66ddc182933a5b318262271cb8275b34bc0d9,f1b58c8ccaee181a233f11c34ff62fda2f7ec53206eb08b2970705719fba8082,203ffea723cb4cf0d5b2da185e1677d1c082fd4475784ccb7c3a518868d42cce,AdamW,0.01,0.0,0.6228151259270712,0.4678403457480615,0.4655365692342045,900
graphsage_pilot_v1_step900,covid_political,linear,2,10,10,test,2,20,59f9bdd18cf237d344bd10e236a66ddc182933a5b318262271cb8275b34bc0d9,f1b58c8ccaee181a233f11c34ff62fda2f7ec53206eb08b2970705719fba8082,203ffea723cb4cf0d5b2da185e1677d1c082fd4475784ccb7c3a518868d42cce,AdamW,0.01,0.0,0.6248774587753608,0.4686030252955383,0.4660921165392013,900
graphsage_pilot_v1_step900,covid_political,linear,2,10,100,val,2,20,59f9bdd18cf237d344bd10e236a66ddc182933a5b318262271cb8275b34bc0d9,f1b58c8ccaee181a233f11c34ff62fda2f7ec53206eb08b2970705719fba8082,203ffea723cb4cf0d5b2da185e1677d1c082fd4475784ccb7c3a518868d42cce,AdamW,0.01,0.0,0.6570392065593654,0.6585102326172619,0.600875047091073,900
graphsage_pilot_v1_step900,covid_political,linear,2,10,100,test,2,20,59f9bdd18cf237d344bd10e236a66ddc182933a5b318262271cb8275b34bc0d9,f1b58c8ccaee181a233f11c34ff62fda2f7ec53206eb08b2970705719fba8082,203ffea723cb4cf0d5b2da185e1677d1c082fd4475784ccb7c3a518868d42cce,AdamW,0.01,0.0,0.6566089626642457,0.6584466759883055,0.6012278338613446,900
graphsage_pilot_v1_step900,covid_political,linear,2,100,0,val,2,200,c2c4b3d8afd50110d9a186f13b92defd8364a53b560f60feae44094cbdc75d36,f1b58c8ccaee181a233f11c34ff62fda2f7ec53206eb08b2970705719fba8082,203ffea723cb4cf0d5b2da185e1677d1c082fd4475784ccb7c3a518868d42cce,AdamW,0.01,0.0,0.6257918874289736,0.4678403457480615,0.4655365692342045,900
graphsage_pilot_v1_step900,covid_political,linear,2,100,0,test,2,200,c2c4b3d8afd50110d9a186f13b92defd8364a53b560f60feae44094cbdc75d36,f1b58c8ccaee181a233f11c34ff62fda2f7ec53206eb08b2970705719fba8082,203ffea723cb4cf0d5b2da185e1677d1c082fd4475784ccb7c3a518868d42cce,AdamW,0.01,0.0,0.6278758357653477,0.4686030252955383,0.4660921165392013,900
graphsage_pilot_v1_step900,covid_political,linear,2,100,1,val,2,200,c2c4b3d8afd50110d9a186f13b92defd8364a53b560f60feae44094cbdc75d36,f1b58c8ccaee181a233f11c34ff62fda2f7ec53206eb08b2970705719fba8082,203ffea723cb4cf0d5b2da185e1677d1c082fd4475784ccb7c3a518868d42cce,AdamW,0.01,0.0,0.621454176524384,0.4678403457480615,0.4655365692342045,900
graphsage_pilot_v1_step900,covid_political,linear,2,100,1,test,2,200,c2c4b3d8afd50110d9a186f13b92defd8364a53b560f60feae44094cbdc75d36,f1b58c8ccaee181a233f11c34ff62fda2f7ec53206eb08b2970705719fba8082,203ffea723cb4cf0d5b2da185e1677d1c082fd4475784ccb7c3a518868d42cce,AdamW,0.01,0.0,0.62386222670624,0.4686030252955383,0.4660921165392013,900
graphsage_pilot_v1_step900,covid_political,linear,2,100,10,val,2,200,c2c4b3d8afd50110d9a186f13b92defd8364a53b560f60feae44094cbdc75d36,f1b58c8ccaee181a233f11c34ff62fda2f7ec53206eb08b2970705719fba8082,203ffea723cb4cf0d5b2da185e1677d1c082fd4475784ccb7c3a518868d42cce,AdamW,0.01,0.0,0.6425546984383896,0.4678403457480615,0.4655365692342045,900
graphsage_pilot_v1_step900,covid_political,linear,2,100,10,test,2,200,c2c4b3d8afd50110d9a186f13b92defd8364a53b560f60feae44094cbdc75d36,f1b58c8ccaee181a233f11c34ff62fda2f7ec53206eb08b2970705719fba8082,203ffea723cb4cf0d5b2da185e1677d1c082fd4475784ccb7c3a518868d42cce,AdamW,0.01,0.0,0.6437202494827451,0.4686030252955383,0.4660921165392013,900
graphsage_pilot_v1_step900,covid_political,linear,2,100,100,val,2,200,c2c4b3d8afd50110d9a186f13b92defd8364a53b560f60feae44094cbdc75d36,f1b58c8ccaee181a233f11c34ff62fda2f7ec53206eb08b2970705719fba8082,203ffea723cb4cf0d5b2da185e1677d1c082fd4475784ccb7c3a518868d42cce,AdamW,0.01,0.0,0.6535252980039706,0.6458624634549384,0.5923636253329145,900
graphsage_pilot_v1_step900,covid_political,linear,2,100,100,test,2,200,c2c4b3d8afd50110d9a186f13b92defd8364a53b560f60feae44094cbdc75d36,f1b58c8ccaee181a233f11c34ff62fda2f7ec53206eb08b2970705719fba8082,203ffea723cb4cf0d5b2da185e1677d1c082fd4475784ccb7c3a518868d42cce,AdamW,0.01,0.0,0.6544007796362966,0.6453540104232871,0.5923389037969493,900
graphsage_pilot_v1_step900,election2020,linear,0,0,0,val,2,0,af5570f5a1810b7af78caf4bc70a660f0df51e42baf91d4de5b2328de0e83dfc,4db6aa7af69e96de5ca88f4890129536991fb6b5a48192980711caf7e7cedb5c,f89e55d9cfacf91222600ee60a2ba36a7e5c6eb5bd4c3c753e6136ad5559fc67,none,0.0,0.0,0.5158413852141184,0.5204611681236538,0.5187693222138863,900
graphsage_pilot_v1_step900,election2020,linear,0,0,0,test,2,0,af5570f5a1810b7af78caf4bc70a660f0df51e42baf91d4de5b2328de0e83dfc,4db6aa7af69e96de5ca88f4890129536991fb6b5a48192980711caf7e7cedb5c,f89e55d9cfacf91222600ee60a2ba36a7e5c6eb5bd4c3c753e6136ad5559fc67,none,0.0,0.0,0.5054925280012688,0.5111167416228543,0.5088137179654757,900
graphsage_pilot_v1_step900,election2020,linear,0,1,0,val,2,2,08d94d51669f2215e109205d97de59e7cd401bd8d9f0f558f89a298e5dd837c3,4db6aa7af69e96de5ca88f4890129536991fb6b5a48192980711caf7e7cedb5c,f89e55d9cfacf91222600ee60a2ba36a7e5c6eb5bd4c3c753e6136ad5559fc67,AdamW,0.01,0.0,0.5158413852141184,0.5204611681236538,0.5187693222138863,900
graphsage_pilot_v1_step900,election2020,linear,0,1,0,test,2,2,08d94d51669f2215e109205d97de59e7cd401bd8d9f0f558f89a298e5dd837c3,4db6aa7af69e96de5ca88f4890129536991fb6b5a48192980711caf7e7cedb5c,f89e55d9cfacf91222600ee60a2ba36a7e5c6eb5bd4c3c753e6136ad5559fc67,AdamW,0.01,0.0,0.5054925280012688,0.5111167416228543,0.5088137179654757,900
graphsage_pilot_v1_step900,election2020,linear,0,1,1,val,2,2,08d94d51669f2215e109205d97de59e7cd401bd8d9f0f558f89a298e5dd837c3,4db6aa7af69e96de5ca88f4890129536991fb6b5a48192980711caf7e7cedb5c,f89e55d9cfacf91222600ee60a2ba36a7e5c6eb5bd4c3c753e6136ad5559fc67,AdamW,0.01,0.0,0.5092003273064513,0.4797922209552768,0.4724044974747543,900
graphsage_pilot_v1_step900,election2020,linear,0,1,1,test,2,2,08d94d51669f2215e109205d97de59e7cd401bd8d9f0f558f89a298e5dd837c3,4db6aa7af69e96de5ca88f4890129536991fb6b5a48192980711caf7e7cedb5c,f89e55d9cfacf91222600ee60a2ba36a7e5c6eb5bd4c3c753e6136ad5559fc67,AdamW,0.01,0.0,0.5091081693086515,0.4847026034078672,0.4776842360748872,900
graphsage_pilot_v1_step900,election2020,linear,0,1,10,val,2,2,08d94d51669f2215e109205d97de59e7cd401bd8d9f0f558f89a298e5dd837c3,4db6aa7af69e96de5ca88f4890129536991fb6b5a48192980711caf7e7cedb5c,f89e55d9cfacf91222600ee60a2ba36a7e5c6eb5bd4c3c753e6136ad5559fc67,AdamW,0.01,0.0,0.5537416704124785,0.5303433422019511,0.5287427174357417,900
graphsage_pilot_v1_step900,election2020,linear,0,1,10,test,2,2,08d94d51669f2215e109205d97de59e7cd401bd8d9f0f558f89a298e5dd837c3,4db6aa7af69e96de5ca88f4890129536991fb6b5a48192980711caf7e7cedb5c,f89e55d9cfacf91222600ee60a2ba36a7e5c6eb5bd4c3c753e6136ad5559fc67,AdamW,0.01,0.0,0.5494592354658544,0.5270158991575347,0.5257238277631692,900
graphsage_pilot_v1_step900,election2020,linear,0,1,100,val,2,2,08d94d51669f2215e109205d97de59e7cd401bd8d9f0f558f89a298e5dd837c3,4db6aa7af69e96de5ca88f4890129536991fb6b5a48192980711caf7e7cedb5c,f89e55d9cfacf91222600ee60a2ba36a7e5c6eb5bd4c3c753e6136ad5559fc67,AdamW,0.01,0.0,0.5614612153480117,0.5349676928924363,0.5345025630672364,900
graphsage_pilot_v1_step900,election2020,linear,0,1,100,test,2,2,08d94d51669f2215e109205d97de59e7cd401bd8d9f0f558f89a298e5dd837c3,4db6aa7af69e96de5ca88f4890129536991fb6b5a48192980711caf7e7cedb5c,f89e55d9cfacf91222600ee60a2ba36a7e5c6eb5bd4c3c753e6136ad5559fc67,AdamW,0.01,0.0,0.5561888580095522,0.5320833597263571,0.5317887595587459,900
graphsage_pilot_v1_step900,election2020,linear,0,10,0,val,2,20,b6534a1ef3f057337c8375bd52f2696a8aa28bb886a9b231c4e0174bd3f714e2,4db6aa7af69e96de5ca88f4890129536991fb6b5a48192980711caf7e7cedb5c,f89e55d9cfacf91222600ee60a2ba36a7e5c6eb5bd4c3c753e6136ad5559fc67,AdamW,0.01,0.0,0.5158413852141184,0.5204611681236538,0.5187693222138863,900
graphsage_pilot_v1_step900,election2020,linear,0,10,0,test,2,20,b6534a1ef3f057337c8375bd52f2696a8aa28bb886a9b231c4e0174bd3f714e2,4db6aa7af69e96de5ca88f4890129536991fb6b5a48192980711caf7e7cedb5c,f89e55d9cfacf91222600ee60a2ba36a7e5c6eb5bd4c3c753e6136ad5559fc67,AdamW,0.01,0.0,0.5054925280012688,0.5111167416228543,0.5088137179654757,900
graphsage_pilot_v1_step900,election2020,linear,0,10,1,val,2,20,b6534a1ef3f057337c8375bd52f2696a8aa28bb886a9b231c4e0174bd3f714e2,4db6aa7af69e96de5ca88f4890129536991fb6b5a48192980711caf7e7cedb5c,f89e55d9cfacf91222600ee60a2ba36a7e5c6eb5bd4c3c753e6136ad5559fc67,AdamW,0.01,0.0,0.5260025616831869,0.5221715444064361,0.5208179758957842,900
graphsage_pilot_v1_step900,election2020,linear,0,10,1,test,2,20,b6534a1ef3f057337c8375bd52f2696a8aa28bb886a9b231c4e0174bd3f714e2,4db6aa7af69e96de5ca88f4890129536991fb6b5a48192980711caf7e7cedb5c,f89e55d9cfacf91222600ee60a2ba36a7e5c6eb5bd4c3c753e6136ad5559fc67,AdamW,0.01,0.0,0.5165371616865826,0.5130803825932729,0.5111967899620995,900
graphsage_pilot_v1_step900,election2020,linear,0,10,10,val,2,20,b6534a1ef3f057337c8375bd52f2696a8aa28bb886a9b231c4e0174bd3f714e2,4db6aa7af69e96de5ca88f4890129536991fb6b5a48192980711caf7e7cedb5c,f89e55d9cfacf91222600ee60a2ba36a7e5c6eb5bd4c3c753e6136ad5559fc67,AdamW,0.01,0.0,0.5360388508495243,0.5192575699987331,0.5190636324301973,900
graphsage_pilot_v1_step900,election2020,linear,0,10,10,test,2,20,b6534a1ef3f057337c8375bd52f2696a8aa28bb886a9b231c4e0174bd3f714e2,4db6aa7af69e96de5ca88f4890129536991fb6b5a48192980711caf7e7cedb5c,f89e55d9cfacf91222600ee60a2ba36a7e5c6eb5bd4c3c753e6136ad5559fc67,AdamW,0.01,0.0,0.5294763995855892,0.5165009184772281,0.5164572650684038,900
graphsage_pilot_v1_step900,election2020,linear,0,10,100,val,2,20,b6534a1ef3f057337c8375bd52f2696a8aa28bb886a9b231c4e0174bd3f714e2,4db6aa7af69e96de5ca88f4890129536991fb6b5a48192980711caf7e7cedb5c,f89e55d9cfacf91222600ee60a2ba36a7e5c6eb5bd4c3c753e6136ad5559fc67,AdamW,0.01,0.0,0.5359917698702399,0.5176738882554162,0.5150915058566101,900
graphsage_pilot_v1_step900,election2020,linear,0,10,100,test,2,20,b6534a1ef3f057337c8375bd52f2696a8aa28bb886a9b231c4e0174bd3f714e2,4db6aa7af69e96de5ca88f4890129536991fb6b5a48192980711caf7e7cedb5c,f89e55d9cfacf91222600ee60a2ba36a7e5c6eb5bd4c3c753e6136ad5559fc67,AdamW,0.01,0.0,0.5289139833543457,0.51466396402103,0.5126334552781219,900
graphsage_pilot_v1_step900,election2020,linear,0,100,0,val,2,200,50ec07087975f0e8f3e763af6776f688067a11d30479a86ddef55be76a24d4be,4db6aa7af69e96de5ca88f4890129536991fb6b5a48192980711caf7e7cedb5c,f89e55d9cfacf91222600ee60a2ba36a7e5c6eb5bd4c3c753e6136ad5559fc67,AdamW,0.01,0.0,0.5158413852141184,0.5204611681236538,0.5187693222138863,900
graphsage_pilot_v1_step900,election2020,linear,0,100,0,test,2,200,50ec07087975f0e8f3e763af6776f688067a11d30479a86ddef55be76a24d4be,4db6aa7af69e96de5ca88f4890129536991fb6b5a48192980711caf7e7cedb5c,f89e55d9cfacf91222600ee60a2ba36a7e5c6eb5bd4c3c753e6136ad5559fc67,AdamW,0.01,0.0,0.5054925280012688,0.5111167416228543,0.5088137179654757,900
graphsage_pilot_v1_step900,election2020,linear,0,100,1,val,2,200,50ec07087975f0e8f3e763af6776f688067a11d30479a86ddef55be76a24d4be,4db6aa7af69e96de5ca88f4890129536991fb6b5a48192980711caf7e7cedb5c,f89e55d9cfacf91222600ee60a2ba36a7e5c6eb5bd4c3c753e6136ad5559fc67,AdamW,0.01,0.0,0.5304724615020964,0.5147599138477131,0.5110339992114482,900
graphsage_pilot_v1_step900,election2020,linear,0,100,1,test,2,200,50ec07087975f0e8f3e763af6776f688067a11d30479a86ddef55be76a24d4be,4db6aa7af69e96de5ca88f4890129536991fb6b5a48192980711caf7e7cedb5c,f89e55d9cfacf91222600ee60a2ba36a7e5c6eb5bd4c3c753e6136ad5559fc67,AdamW,0.01,0.0,0.5343737803566092,0.5152340533350225,0.5118936292060527,900
graphsage_pilot_v1_step900,election2020,linear,0,100,10,val,2,200,50ec07087975f0e8f3e763af6776f688067a11d30479a86ddef55be76a24d4be,4db6aa7af69e96de5ca88f4890129536991fb6b5a48192980711caf7e7cedb5c,f89e55d9cfacf91222600ee60a2ba36a7e5c6eb5bd4c3c753e6136ad5559fc67,AdamW,0.01,0.0,0.563891108928207,0.540668947168377,0.539714083716986,900
graphsage_pilot_v1_step900,election2020,linear,0,100,10,test,2,200,50ec07087975f0e8f3e763af6776f688067a11d30479a86ddef55be76a24d4be,4db6aa7af69e96de5ca88f4890129536991fb6b5a48192980711caf7e7cedb5c,f89e55d9cfacf91222600ee60a2ba36a7e5c6eb5bd4c3c753e6136ad5559fc67,AdamW,0.01,0.0,0.5579749938719175,0.5343637169823272,0.5331468273803319,900
graphsage_pilot_v1_step900,election2020,linear,0,100,100,val,2,200,50ec07087975f0e8f3e763af6776f688067a11d30479a86ddef55be76a24d4be,4db6aa7af69e96de5ca88f4890129536991fb6b5a48192980711caf7e7cedb5c,f89e55d9cfacf91222600ee60a2ba36a7e5c6eb5bd4c3c753e6136ad5559fc67,AdamW,0.01,0.0,0.5588361278380983,0.5403522108197136,0.5256190021934721,900
graphsage_pilot_v1_step900,election2020,linear,0,100,100,test,2,200,50ec07087975f0e8f3e763af6776f688067a11d30479a86ddef55be76a24d4be,4db6aa7af69e96de5ca88f4890129536991fb6b5a48192980711caf7e7cedb5c,f89e55d9cfacf91222600ee60a2ba36a7e5c6eb5bd4c3c753e6136ad5559fc67,AdamW,0.01,0.0,0.5523559813442831,0.5415848482928992,0.5266081612257962,900
graphsage_pilot_v1_step900,election2020,linear,1,0,0,val,2,0,af5570f5a1810b7af78caf4bc70a660f0df51e42baf91d4de5b2328de0e83dfc,4db6aa7af69e96de5ca88f4890129536991fb6b5a48192980711caf7e7cedb5c,8a8ac6a74ff16f70c26373d03c9e72726890aaba776363757688178d530a945d,none,0.0,0.0,0.5471899953241935,0.5123527175978715,0.4881303983598691,900
graphsage_pilot_v1_step900,election2020,linear,1,0,0,test,2,0,af5570f5a1810b7af78caf4bc70a660f0df51e42baf91d4de5b2328de0e83dfc,4db6aa7af69e96de5ca88f4890129536991fb6b5a48192980711caf7e7cedb5c,8a8ac6a74ff16f70c26373d03c9e72726890aaba776363757688178d530a945d,none,0.0,0.0,0.543775293676568,0.5092797871666561,0.4856465537234318,900
graphsage_pilot_v1_step900,election2020,linear,1,1,0,val,2,2,78f669017e10b4ad480d639a6df17bf9ebfc9f39fe37b9df5e1bcca3ec557500,4db6aa7af69e96de5ca88f4890129536991fb6b5a48192980711caf7e7cedb5c,8a8ac6a74ff16f70c26373d03c9e72726890aaba776363757688178d530a945d,AdamW,0.01,0.0,0.5471899953241935,0.5123527175978715,0.4881303983598691,900
graphsage_pilot_v1_step900,election2020,linear,1,1,0,test,2,2,78f669017e10b4ad480d639a6df17bf9ebfc9f39fe37b9df5e1bcca3ec557500,4db6aa7af69e96de5ca88f4890129536991fb6b5a48192980711caf7e7cedb5c,8a8ac6a74ff16f70c26373d03c9e72726890aaba776363757688178d530a945d,AdamW,0.01,0.0,0.543775293676568,0.5092797871666561,0.4856465537234318,900
graphsage_pilot_v1_step900,election2020,linear,1,1,1,val,2,2,78f669017e10b4ad480d639a6df17bf9ebfc9f39fe37b9df5e1bcca3ec557500,4db6aa7af69e96de5ca88f4890129536991fb6b5a48192980711caf7e7cedb5c,8a8ac6a74ff16f70c26373d03c9e72726890aaba776363757688178d530a945d,AdamW,0.01,0.0,0.5095419146652407,0.4853667806917522,0.4810726900241446,900
graphsage_pilot_v1_step900,election2020,linear,1,1,1,test,2,2,78f669017e10b4ad480d639a6df17bf9ebfc9f39fe37b9df5e1bcca3ec557500,4db6aa7af69e96de5ca88f4890129536991fb6b5a48192980711caf7e7cedb5c,8a8ac6a74ff16f70c26373d03c9e72726890aaba776363757688178d530a945d,AdamW,0.01,0.0,0.5084461798089175,0.4882498258060429,0.4843208551505489,900
graphsage_pilot_v1_step900,election2020,linear,1,1,10,val,2,2,78f669017e10b4ad480d639a6df17bf9ebfc9f39fe37b9df5e1bcca3ec557500,4db6aa7af69e96de5ca88f4890129536991fb6b5a48192980711caf7e7cedb5c,8a8ac6a74ff16f70c26373d03c9e72726890aaba776363757688178d530a945d,AdamW,0.01,0.0,0.5185186234658317,0.4823261117445838,0.4703680906526091,900
graphsage_pilot_v1_step900,election2020,linear,1,1,10,test,2,2,78f669017e10b4ad480d639a6df17bf9ebfc9f39fe37b9df5e1bcca3ec557500,4db6aa7af69e96de5ca88f4890129536991fb6b5a48192980711caf7e7cedb5c,8a8ac6a74ff16f70c26373d03c9e72726890aaba776363757688178d530a945d,AdamW,0.01,0.0,0.510989519687482,0.4800785456388167,0.469111926971393,900
graphsage_pilot_v1_step900,election2020,linear,1,1,100,val,2,2,78f669017e10b4ad480d639a6df17bf9ebfc9f39fe37b9df5e1bcca3ec557500,4db6aa7af69e96de5ca88f4890129536991fb6b5a48192980711caf7e7cedb5c,8a8ac6a74ff16f70c26373d03c9e72726890aaba776363757688178d530a945d,AdamW,0.01,0.0,0.5180287213348522,0.4833396680603066,0.4710940629259572,900
graphsage_pilot_v1_step900,election2020,linear,1,1,100,test,2,2,78f669017e10b4ad480d639a6df17bf9ebfc9f39fe37b9df5e1bcca3ec557500,4db6aa7af69e96de5ca88f4890129536991fb6b5a48192980711caf7e7cedb5c,8a8ac6a74ff16f70c26373d03c9e72726890aaba776363757688178d530a945d,AdamW,0.01,0.0,0.5104153428975331,0.4802685754101476,0.4689175701577973,900
graphsage_pilot_v1_step900,election2020,linear,1,10,0,val,2,20,d1765be95433fa195f4fbe461afcda743f31b1a4c207872120cf825a0d06e621,4db6aa7af69e96de5ca88f4890129536991fb6b5a48192980711caf7e7cedb5c,8a8ac6a74ff16f70c26373d03c9e72726890aaba776363757688178d530a945d,AdamW,0.01,0.0,0.5471899953241935,0.5123527175978715,0.4881303983598691,900
graphsage_pilot_v1_step900,election2020,linear,1,10,0,test,2,20,d1765be95433fa195f4fbe461afcda743f31b1a4c207872120cf825a0d06e621,4db6aa7af69e96de5ca88f4890129536991fb6b5a48192980711caf7e7cedb5c,8a8ac6a74ff16f70c26373d03c9e72726890aaba776363757688178d530a945d,AdamW,0.01,0.0,0.543775293676568,0.5092797871666561,0.4856465537234318,900
graphsage_pilot_v1_step900,election2020,linear,1,10,1,val,2,20,d1765be95433fa195f4fbe461afcda743f31b1a4c207872120cf825a0d06e621,4db6aa7af69e96de5ca88f4890129536991fb6b5a48192980711caf7e7cedb5c,8a8ac6a74ff16f70c26373d03c9e72726890aaba776363757688178d530a945d,AdamW,0.01,0.0,0.5283100624775574,0.5252755606233371,0.50266381533544,900
graphsage_pilot_v1_step900,election2020,linear,1,10,1,test,2,20,d1765be95433fa195f4fbe461afcda743f31b1a4c207872120cf825a0d06e621,4db6aa7af69e96de5ca88f4890129536991fb6b5a48192980711caf7e7cedb5c,8a8ac6a74ff16f70c26373d03c9e72726890aaba776363757688178d530a945d,AdamW,0.01,0.0,0.5226493105035463,0.5211249762462786,0.4990081723775251,900
graphsage_pilot_v1_step900,election2020,linear,1,10,10,val,2,20,d1765be95433fa195f4fbe461afcda743f31b1a4c207872120cf825a0d06e621,4db6aa7af69e96de5ca88f4890129536991fb6b5a48192980711caf7e7cedb5c,8a8ac6a74ff16f70c26373d03c9e72726890aaba776363757688178d530a945d,AdamW,0.01,0.0,0.5036709924334603,0.5181806664132775,0.5024604415902659,900
graphsage_pilot_v1_step900,election2020,linear,1,10,10,test,2,20,d1765be95433fa195f4fbe461afcda743f31b1a4c207872120cf825a0d06e621,4db6aa7af69e96de5ca88f4890129536991fb6b5a48192980711caf7e7cedb5c,8a8ac6a74ff16f70c26373d03c9e72726890aaba776363757688178d530a945d,AdamW,0.01,0.0,0.5033923601990019,0.5135871286501552,0.4985931695445515,900
graphsage_pilot_v1_step900,election2020,linear,1,10,100,val,2,20,d1765be95433fa195f4fbe461afcda743f31b1a4c207872120cf825a0d06e621,4db6aa7af69e96de5ca88f4890129536991fb6b5a48192980711caf7e7cedb5c,8a8ac6a74ff16f70c26373d03c9e72726890aaba776363757688178d530a945d,AdamW,0.01,0.0,0.5092935447392011,0.5154567338147726,0.4868859424214644,900
graphsage_pilot_v1_step900,election2020,linear,1,10,100,test,2,20,d1765be95433fa195f4fbe461afcda743f31b1a4c207872120cf825a0d06e621,4db6aa7af69e96de5ca88f4890129536991fb6b5a48192980711caf7e7cedb5c,8a8ac6a74ff16f70c26373d03c9e72726890aaba776363757688178d530a945d,AdamW,0.01,0.0,0.5128831714331397,0.5208716032178374,0.491814170221286,900
graphsage_pilot_v1_step900,election2020,linear,1,100,0,val,2,200,715bae049fab4381446427dc497fcaf6bfa8014aa08c956a820356243d92daf2,4db6aa7af69e96de5ca88f4890129536991fb6b5a48192980711caf7e7cedb5c,8a8ac6a74ff16f70c26373d03c9e72726890aaba776363757688178d530a945d,AdamW,0.01,0.0,0.5471899953241935,0.5123527175978715,0.4881303983598691,900
graphsage_pilot_v1_step900,election2020,linear,1,100,0,test,2,200,715bae049fab4381446427dc497fcaf6bfa8014aa08c956a820356243d92daf2,4db6aa7af69e96de5ca88f4890129536991fb6b5a48192980711caf7e7cedb5c,8a8ac6a74ff16f70c26373d03c9e72726890aaba776363757688178d530a945d,AdamW,0.01,0.0,0.543775293676568,0.5092797871666561,0.4856465537234318,900
graphsage_pilot_v1_step900,election2020,linear,1,100,1,val,2,200,715bae049fab4381446427dc497fcaf6bfa8014aa08c956a820356243d92daf2,4db6aa7af69e96de5ca88f4890129536991fb6b5a48192980711caf7e7cedb5c,8a8ac6a74ff16f70c26373d03c9e72726890aaba776363757688178d530a945d,AdamW,0.01,0.0,0.5310926355402623,0.5261624223995945,0.504123202080787,900
graphsage_pilot_v1_step900,election2020,linear,1,100,1,test,2,200,715bae049fab4381446427dc497fcaf6bfa8014aa08c956a820356243d92daf2,4db6aa7af69e96de5ca88f4890129536991fb6b5a48192980711caf7e7cedb5c,8a8ac6a74ff16f70c26373d03c9e72726890aaba776363757688178d530a945d,AdamW,0.01,0.0,0.5255639030499899,0.5220117818458225,0.5003790081506423,900
graphsage_pilot_v1_step900,election2020,linear,1,100,10,val,2,200,715bae049fab4381446427dc497fcaf6bfa8014aa08c956a820356243d92daf2,4db6aa7af69e96de5ca88f4890129536991fb6b5a48192980711caf7e7cedb5c,8a8ac6a74ff16f70c26373d03c9e72726890aaba776363757688178d530a945d,AdamW,0.01,0.0,0.5410806327967781,0.5308501203598125,0.5046882372040006,900
graphsage_pilot_v1_step900,election2020,linear,1,100,10,test,2,200,715bae049fab4381446427dc497fcaf6bfa8014aa08c956a820356243d92daf2,4db6aa7af69e96de5ca88f4890129536991fb6b5a48192980711caf7e7cedb5c,8a8ac6a74ff16f70c26373d03c9e72726890aaba776363757688178d530a945d,AdamW,0.01,0.0,0.5330094021832763,0.5277126749857478,0.5029010897605148,900
graphsage_pilot_v1_step900,election2020,linear,1,100,100,val,2,200,715bae049fab4381446427dc497fcaf6bfa8014aa08c956a820356243d92daf2,4db6aa7af69e96de5ca88f4890129536991fb6b5a48192980711caf7e7cedb5c,8a8ac6a74ff16f70c26373d03c9e72726890aaba776363757688178d530a945d,AdamW,0.01,0.0,0.548453439882304,0.5399721272013176,0.5260454310021492,900
graphsage_pilot_v1_step900,election2020,linear,1,100,100,test,2,200,715bae049fab4381446427dc497fcaf6bfa8014aa08c956a820356243d92daf2,4db6aa7af69e96de5ca88f4890129536991fb6b5a48192980711caf7e7cedb5c,8a8ac6a74ff16f70c26373d03c9e72726890aaba776363757688178d530a945d,AdamW,0.01,0.0,0.5404505022057223,0.5356305821245329,0.5203251372077705,900
graphsage_pilot_v1_step900,election2020,linear,2,0,0,val,2,0,af5570f5a1810b7af78caf4bc70a660f0df51e42baf91d4de5b2328de0e83dfc,4db6aa7af69e96de5ca88f4890129536991fb6b5a48192980711caf7e7cedb5c,203ffea723cb4cf0d5b2da185e1677d1c082fd4475784ccb7c3a518868d42cce,none,0.0,0.0,0.473649505682009,0.4711136450019004,0.4540981613721787,900
graphsage_pilot_v1_step900,election2020,linear,2,0,0,test,2,0,af5570f5a1810b7af78caf4bc70a660f0df51e42baf91d4de5b2328de0e83dfc,4db6aa7af69e96de5ca88f4890129536991fb6b5a48192980711caf7e7cedb5c,203ffea723cb4cf0d5b2da185e1677d1c082fd4475784ccb7c3a518868d42cce,none,0.0,0.0,0.4808172695563319,0.476531323240641,0.4606740461986349,900
graphsage_pilot_v1_step900,election2020,linear,2,1,0,val,2,2,7a1427cb41b58a63e1a58c9c6fa2483c0793fad6aa4590c104bf4a79c54d5fbc,4db6aa7af69e96de5ca88f4890129536991fb6b5a48192980711caf7e7cedb5c,203ffea723cb4cf0d5b2da185e1677d1c082fd4475784ccb7c3a518868d42cce,AdamW,0.01,0.0,0.473649505682009,0.4711136450019004,0.4540981613721787,900
graphsage_pilot_v1_step900,election2020,linear,2,1,0,test,2,2,7a1427cb41b58a63e1a58c9c6fa2483c0793fad6aa4590c104bf4a79c54d5fbc,4db6aa7af69e96de5ca88f4890129536991fb6b5a48192980711caf7e7cedb5c,203ffea723cb4cf0d5b2da185e1677d1c082fd4475784ccb7c3a518868d42cce,AdamW,0.01,0.0,0.4808172695563319,0.476531323240641,0.4606740461986349,900
graphsage_pilot_v1_step900,election2020,linear,2,1,1,val,2,2,7a1427cb41b58a63e1a58c9c6fa2483c0793fad6aa4590c104bf4a79c54d5fbc,4db6aa7af69e96de5ca88f4890129536991fb6b5a48192980711caf7e7cedb5c,203ffea723cb4cf0d5b2da185e1677d1c082fd4475784ccb7c3a518868d42cce,AdamW,0.01,0.0,0.5044884835662194,0.4747244393766628,0.4639306784732042,900
graphsage_pilot_v1_step900,election2020,linear,2,1,1,test,2,2,7a1427cb41b58a63e1a58c9c6fa2483c0793fad6aa4590c104bf4a79c54d5fbc,4db6aa7af69e96de5ca88f4890129536991fb6b5a48192980711caf7e7cedb5c,203ffea723cb4cf0d5b2da185e1677d1c082fd4475784ccb7c3a518868d42cce,AdamW,0.01,0.0,0.5040869999801112,0.4796351428390448,0.4691761289688849,900
graphsage_pilot_v1_step900,election2020,linear,2,1,10,val,2,2,7a1427cb41b58a63e1a58c9c6fa2483c0793fad6aa4590c104bf4a79c54d5fbc,4db6aa7af69e96de5ca88f4890129536991fb6b5a48192980711caf7e7cedb5c,203ffea723cb4cf0d5b2da185e1677d1c082fd4475784ccb7c3a518868d42cce,AdamW,0.01,0.0,0.5050611406901077,0.476244773850247,0.466827294437652,900
graphsage_pilot_v1_step900,election2020,linear,2,1,10,test,2,2,7a1427cb41b58a63e1a58c9c6fa2483c0793fad6aa4590c104bf4a79c54d5fbc,4db6aa7af69e96de5ca88f4890129536991fb6b5a48192980711caf7e7cedb5c,203ffea723cb4cf0d5b2da185e1677d1c082fd4475784ccb7c3a518868d42cce,AdamW,0.01,0.0,0.5047557051866695,0.4811553810096915,0.4720611942249366,900
graphsage_pilot_v1_step900,election2020,linear,2,1,100,val,2,2,7a1427cb41b58a63e1a58c9c6fa2483c0793fad6aa4590c104bf4a79c54d5fbc,4db6aa7af69e96de5ca88f4890129536991fb6b5a48192980711caf7e7cedb5c,203ffea723cb4cf0d5b2da185e1677d1c082fd4475784ccb7c3a518868d42cce,AdamW,0.01,0.0,0.5036144258316348,0.4761814265805144,0.4670977994189224,900
graphsage_pilot_v1_step900,election2020,linear,2,1,100,test,2,2,7a1427cb41b58a63e1a58c9c6fa2483c0793fad6aa4590c104bf4a79c54d5fbc,4db6aa7af69e96de5ca88f4890129536991fb6b5a48192980711caf7e7cedb5c,203ffea723cb4cf0d5b2da185e1677d1c082fd4475784ccb7c3a518868d42cce,AdamW,0.01,0.0,0.5031058287556751,0.4811553810096915,0.4723622199936611,900
graphsage_pilot_v1_step900,election2020,linear,2,10,0,val,2,20,e4ba399bf0c7eaaa4a73c7616f66cbee68313a8705446995cb6c725cf973d6f1,4db6aa7af69e96de5ca88f4890129536991fb6b5a48192980711caf7e7cedb5c,203ffea723cb4cf0d5b2da185e1677d1c082fd4475784ccb7c3a518868d42cce,AdamW,0.01,0.0,0.473649505682009,0.4711136450019004,0.4540981613721787,900
graphsage_pilot_v1_step900,election2020,linear,2,10,0,test,2,20,e4ba399bf0c7eaaa4a73c7616f66cbee68313a8705446995cb6c725cf973d6f1,4db6aa7af69e96de5ca88f4890129536991fb6b5a48192980711caf7e7cedb5c,203ffea723cb4cf0d5b2da185e1677d1c082fd4475784ccb7c3a518868d42cce,AdamW,0.01,0.0,0.4808172695563319,0.476531323240641,0.4606740461986349,900
graphsage_pilot_v1_step900,election2020,linear,2,10,1,val,2,20,e4ba399bf0c7eaaa4a73c7616f66cbee68313a8705446995cb6c725cf973d6f1,4db6aa7af69e96de5ca88f4890129536991fb6b5a48192980711caf7e7cedb5c,203ffea723cb4cf0d5b2da185e1677d1c082fd4475784ccb7c3a518868d42cce,AdamW,0.01,0.0,0.5053682326743287,0.4783352337514253,0.4708865391559182,900
graphsage_pilot_v1_step900,election2020,linear,2,10,1,test,2,20,e4ba399bf0c7eaaa4a73c7616f66cbee68313a8705446995cb6c725cf973d6f1,4db6aa7af69e96de5ca88f4890129536991fb6b5a48192980711caf7e7cedb5c,203ffea723cb4cf0d5b2da185e1677d1c082fd4475784ccb7c3a518868d42cce,AdamW,0.01,0.0,0.5050749353419496,0.483309051751441,0.4762248482687029,900
graphsage_pilot_v1_step900,election2020,linear,2,10,10,val,2,20,e4ba399bf0c7eaaa4a73c7616f66cbee68313a8705446995cb6c725cf973d6f1,4db6aa7af69e96de5ca88f4890129536991fb6b5a48192980711caf7e7cedb5c,203ffea723cb4cf0d5b2da185e1677d1c082fd4475784ccb7c3a518868d42cce,AdamW,0.01,0.0,0.5141240273805925,0.5067148105916635,0.5056431159298986,900
graphsage_pilot_v1_step900,election2020,linear,2,10,10,test,2,20,e4ba399bf0c7eaaa4a73c7616f66cbee68313a8705446995cb6c725cf973d6f1,4db6aa7af69e96de5ca88f4890129536991fb6b5a48192980711caf7e7cedb5c,203ffea723cb4cf0d5b2da185e1677d1c082fd4475784ccb7c3a518868d42cce,AdamW,0.01,0.0,0.5101390868085178,0.5031354912269589,0.502380314554632,900
graphsage_pilot_v1_step900,election2020,linear,2,10,100,val,2,20,e4ba399bf0c7eaaa4a73c7616f66cbee68313a8705446995cb6c725cf973d6f1,4db6aa7af69e96de5ca88f4890129536991fb6b5a48192980711caf7e7cedb5c,203ffea723cb4cf0d5b2da185e1677d1c082fd4475784ccb7c3a518868d42cce,AdamW,0.01,0.0,0.4965792261798661,0.4972127201317623,0.496253083876516,900
graphsage_pilot_v1_step900,election2020,linear,2,10,100,test,2,20,e4ba399bf0c7eaaa4a73c7616f66cbee68313a8705446995cb6c725cf973d6f1,4db6aa7af69e96de5ca88f4890129536991fb6b5a48192980711caf7e7cedb5c,203ffea723cb4cf0d5b2da185e1677d1c082fd4475784ccb7c3a518868d42cce,AdamW,0.01,0.0,0.4972736571104741,0.4976879711154747,0.4968058274823519,900
graphsage_pilot_v1_step900,election2020,linear,2,100,0,val,2,200,39b894e979d02788c848c89245aa679e7a3e3dca786d267c5ae62dcdbfab817b,4db6aa7af69e96de5ca88f4890129536991fb6b5a48192980711caf7e7cedb5c,203ffea723cb4cf0d5b2da185e1677d1c082fd4475784ccb7c3a518868d42cce,AdamW,0.01,0.0,0.473649505682009,0.4711136450019004,0.4540981613721787,900
graphsage_pilot_v1_step900,election2020,linear,2,100,0,test,2,200,39b894e979d02788c848c89245aa679e7a3e3dca786d267c5ae62dcdbfab817b,4db6aa7af69e96de5ca88f4890129536991fb6b5a48192980711caf7e7cedb5c,203ffea723cb4cf0d5b2da185e1677d1c082fd4475784ccb7c3a518868d42cce,AdamW,0.01,0.0,0.4808172695563319,0.476531323240641,0.4606740461986349,900
graphsage_pilot_v1_step900,election2020,linear,2,100,1,val,2,200,39b894e979d02788c848c89245aa679e7a3e3dca786d267c5ae62dcdbfab817b,4db6aa7af69e96de5ca88f4890129536991fb6b5a48192980711caf7e7cedb5c,203ffea723cb4cf0d5b2da185e1677d1c082fd4475784ccb7c3a518868d42cce,AdamW,0.01,0.0,0.5267614922151698,0.5266692005574559,0.4988071274846638,900
graphsage_pilot_v1_step900,election2020,linear,2,100,1,test,2,200,39b894e979d02788c848c89245aa679e7a3e3dca786d267c5ae62dcdbfab817b,4db6aa7af69e96de5ca88f4890129536991fb6b5a48192980711caf7e7cedb5c,203ffea723cb4cf0d5b2da185e1677d1c082fd4475784ccb7c3a518868d42cce,AdamW,0.01,0.0,0.5207191098149797,0.5235953632735795,0.4964099078382498,900
graphsage_pilot_v1_step900,election2020,linear,2,100,10,val,2,200,39b894e979d02788c848c89245aa679e7a3e3dca786d267c5ae62dcdbfab817b,4db6aa7af69e96de5ca88f4890129536991fb6b5a48192980711caf7e7cedb5c,203ffea723cb4cf0d5b2da185e1677d1c082fd4475784ccb7c3a518868d42cce,AdamW,0.01,0.0,0.5444161893985775,0.5289497022678322,0.5150559238205065,900
graphsage_pilot_v1_step900,election2020,linear,2,100,10,test,2,200,39b894e979d02788c848c89245aa679e7a3e3dca786d267c5ae62dcdbfab817b,4db6aa7af69e96de5ca88f4890129536991fb6b5a48192980711caf7e7cedb5c,203ffea723cb4cf0d5b2da185e1677d1c082fd4475784ccb7c3a518868d42cce,AdamW,0.01,0.0,0.5398178858515813,0.5300563754988281,0.5153944770468997,900
graphsage_pilot_v1_step900,election2020,linear,2,100,100,val,2,200,39b894e979d02788c848c89245aa679e7a3e3dca786d267c5ae62dcdbfab817b,4db6aa7af69e96de5ca88f4890129536991fb6b5a48192980711caf7e7cedb5c,203ffea723cb4cf0d5b2da185e1677d1c082fd4475784ccb7c3a518868d42cce,AdamW,0.01,0.0,0.5416361754357413,0.5229317116432282,0.520823838986568,900
graphsage_pilot_v1_step900,election2020,linear,2,100,100,test,2,200,39b894e979d02788c848c89245aa679e7a3e3dca786d267c5ae62dcdbfab817b,4db6aa7af69e96de5ca88f4890129536991fb6b5a48192980711caf7e7cedb5c,203ffea723cb4cf0d5b2da185e1677d1c082fd4475784ccb7c3a518868d42cce,AdamW,0.01,0.0,0.5363256537288574,0.521885095331602,0.519166799827617,900
graphsage_pilot_v1_step900,twibot20,linear,0,0,0,val,2,0,af5570f5a1810b7af78caf4bc70a660f0df51e42baf91d4de5b2328de0e83dfc,c914c5f482673ce0dc5d5512f45c0eaf22d1c0663629aa594d02d724b1b643bb,f89e55d9cfacf91222600ee60a2ba36a7e5c6eb5bd4c3c753e6136ad5559fc67,none,0.0,0.0,0.3371450766914067,0.3767441860465116,0.3767119809702811,900
graphsage_pilot_v1_step900,twibot20,linear,0,0,0,test,2,0,af5570f5a1810b7af78caf4bc70a660f0df51e42baf91d4de5b2328de0e83dfc,c914c5f482673ce0dc5d5512f45c0eaf22d1c0663629aa594d02d724b1b643bb,f89e55d9cfacf91222600ee60a2ba36a7e5c6eb5bd4c3c753e6136ad5559fc67,none,0.0,0.0,0.3473767505704919,0.3858833474218089,0.3858147749346965,900
graphsage_pilot_v1_step900,twibot20,linear,0,1,0,val,2,2,14051f1842d654a1fc699db552fc13e8f1585d77ac0a7966c7bdf4a0cbf33455,c914c5f482673ce0dc5d5512f45c0eaf22d1c0663629aa594d02d724b1b643bb,f89e55d9cfacf91222600ee60a2ba36a7e5c6eb5bd4c3c753e6136ad5559fc67,AdamW,0.01,0.0,0.3371450766914067,0.3767441860465116,0.3767119809702811,900
graphsage_pilot_v1_step900,twibot20,linear,0,1,0,test,2,2,14051f1842d654a1fc699db552fc13e8f1585d77ac0a7966c7bdf4a0cbf33455,c914c5f482673ce0dc5d5512f45c0eaf22d1c0663629aa594d02d724b1b643bb,f89e55d9cfacf91222600ee60a2ba36a7e5c6eb5bd4c3c753e6136ad5559fc67,AdamW,0.01,0.0,0.3473767505704919,0.3858833474218089,0.3858147749346965,900
graphsage_pilot_v1_step900,twibot20,linear,0,1,1,val,2,2,14051f1842d654a1fc699db552fc13e8f1585d77ac0a7966c7bdf4a0cbf33455,c914c5f482673ce0dc5d5512f45c0eaf22d1c0663629aa594d02d724b1b643bb,f89e55d9cfacf91222600ee60a2ba36a7e5c6eb5bd4c3c753e6136ad5559fc67,AdamW,0.01,0.0,0.4980825336643608,0.5577167019027485,0.5247369116727145,900
graphsage_pilot_v1_step900,twibot20,linear,0,1,1,test,2,2,14051f1842d654a1fc699db552fc13e8f1585d77ac0a7966c7bdf4a0cbf33455,c914c5f482673ce0dc5d5512f45c0eaf22d1c0663629aa594d02d724b1b643bb,f89e55d9cfacf91222600ee60a2ba36a7e5c6eb5bd4c3c753e6136ad5559fc67,AdamW,0.01,0.0,0.5277644244691818,0.5667793744716821,0.5391827222260753,900
graphsage_pilot_v1_step900,twibot20,linear,0,1,10,val,2,2,14051f1842d654a1fc699db552fc13e8f1585d77ac0a7966c7bdf4a0cbf33455,c914c5f482673ce0dc5d5512f45c0eaf22d1c0663629aa594d02d724b1b643bb,f89e55d9cfacf91222600ee60a2ba36a7e5c6eb5bd4c3c753e6136ad5559fc67,AdamW,0.01,0.0,0.4706437788145333,0.5141649048625793,0.5041565935183818,900
graphsage_pilot_v1_step900,twibot20,linear,0,1,10,test,2,2,14051f1842d654a1fc699db552fc13e8f1585d77ac0a7966c7bdf4a0cbf33455,c914c5f482673ce0dc5d5512f45c0eaf22d1c0663629aa594d02d724b1b643bb,f89e55d9cfacf91222600ee60a2ba36a7e5c6eb5bd4c3c753e6136ad5559fc67,AdamW,0.01,0.0,0.4936080285883075,0.5325443786982249,0.5217161803034789,900
graphsage_pilot_v1_step900,twibot20,linear,0,1,100,val,2,2,14051f1842d654a1fc699db552fc13e8f1585d77ac0a7966c7bdf4a0cbf33455,c914c5f482673ce0dc5d5512f45c0eaf22d1c0663629aa594d02d724b1b643bb,f89e55d9cfacf91222600ee60a2ba36a7e5c6eb5bd4c3c753e6136ad5559fc67,AdamW,0.01,0.0,0.4910210254604166,0.5002114164904863,0.4951414614553293,900
graphsage_pilot_v1_step900,twibot20,linear,0,1,100,test,2,2,14051f1842d654a1fc699db552fc13e8f1585d77ac0a7966c7bdf4a0cbf33455,c914c5f482673ce0dc5d5512f45c0eaf22d1c0663629aa594d02d724b1b643bb,f89e55d9cfacf91222600ee60a2ba36a7e5c6eb5bd4c3c753e6136ad5559fc67,AdamW,0.01,0.0,0.5102409821728504,0.5240912933220625,0.5188044617744361,900
graphsage_pilot_v1_step900,twibot20,linear,0,10,0,val,2,20,46185d6d47cb175e619dec79be06f57e3b0186517497320f951227e139a80310,c914c5f482673ce0dc5d5512f45c0eaf22d1c0663629aa594d02d724b1b643bb,f89e55d9cfacf91222600ee60a2ba36a7e5c6eb5bd4c3c753e6136ad5559fc67,AdamW,0.01,0.0,0.3371450766914067,0.3767441860465116,0.3767119809702811,900
graphsage_pilot_v1_step900,twibot20,linear,0,10,0,test,2,20,46185d6d47cb175e619dec79be06f57e3b0186517497320f951227e139a80310,c914c5f482673ce0dc5d5512f45c0eaf22d1c0663629aa594d02d724b1b643bb,f89e55d9cfacf91222600ee60a2ba36a7e5c6eb5bd4c3c753e6136ad5559fc67,AdamW,0.01,0.0,0.3473767505704919,0.3858833474218089,0.3858147749346965,900
graphsage_pilot_v1_step900,twibot20,linear,0,10,1,val,2,20,46185d6d47cb175e619dec79be06f57e3b0186517497320f951227e139a80310,c914c5f482673ce0dc5d5512f45c0eaf22d1c0663629aa594d02d724b1b643bb,f89e55d9cfacf91222600ee60a2ba36a7e5c6eb5bd4c3c753e6136ad5559fc67,AdamW,0.01,0.0,0.5435538781952337,0.5547568710359408,0.513068201482062,900
graphsage_pilot_v1_step900,twibot20,linear,0,10,1,test,2,20,46185d6d47cb175e619dec79be06f57e3b0186517497320f951227e139a80310,c914c5f482673ce0dc5d5512f45c0eaf22d1c0663629aa594d02d724b1b643bb,f89e55d9cfacf91222600ee60a2ba36a7e5c6eb5bd4c3c753e6136ad5559fc67,AdamW,0.01,0.0,0.5431597435392511,0.5621301775147929,0.5273285160685195,900
graphsage_pilot_v1_step900,twibot20,linear,0,10,10,val,2,20,46185d6d47cb175e619dec79be06f57e3b0186517497320f951227e139a80310,c914c5f482673ce0dc5d5512f45c0eaf22d1c0663629aa594d02d724b1b643bb,f89e55d9cfacf91222600ee60a2ba36a7e5c6eb5bd4c3c753e6136ad5559fc67,AdamW,0.01,0.0,0.6199713611981919,0.6266384778012685,0.607208548251883,900
graphsage_pilot_v1_step900,twibot20,linear,0,10,10,test,2,20,46185d6d47cb175e619dec79be06f57e3b0186517497320f951227e139a80310,c914c5f482673ce0dc5d5512f45c0eaf22d1c0663629aa594d02d724b1b643bb,f89e55d9cfacf91222600ee60a2ba36a7e5c6eb5bd4c3c753e6136ad5559fc67,AdamW,0.01,0.0,0.5991331128589467,0.5946745562130178,0.5753278490775943,900
graphsage_pilot_v1_step900,twibot20,linear,0,10,100,val,2,20,46185d6d47cb175e619dec79be06f57e3b0186517497320f951227e139a80310,c914c5f482673ce0dc5d5512f45c0eaf22d1c0663629aa594d02d724b1b643bb,f89e55d9cfacf91222600ee60a2ba36a7e5c6eb5bd4c3c753e6136ad5559fc67,AdamW,0.01,0.0,0.52017107915817,0.5847780126849894,0.5810531837670668,900
graphsage_pilot_v1_step900,twibot20,linear,0,10,100,test,2,20,46185d6d47cb175e619dec79be06f57e3b0186517497320f951227e139a80310,c914c5f482673ce0dc5d5512f45c0eaf22d1c0663629aa594d02d724b1b643bb,f89e55d9cfacf91222600ee60a2ba36a7e5c6eb5bd4c3c753e6136ad5559fc67,AdamW,0.01,0.0,0.5117595188175468,0.5798816568047337,0.5776496254201408,900
graphsage_pilot_v1_step900,twibot20,linear,0,100,0,val,2,200,25fe39fe3accdb737c2ca133aad37bddb0a345ef2f9d6d1d90a71aa14b8b7951,c914c5f482673ce0dc5d5512f45c0eaf22d1c0663629aa594d02d724b1b643bb,f89e55d9cfacf91222600ee60a2ba36a7e5c6eb5bd4c3c753e6136ad5559fc67,AdamW,0.01,0.0,0.3371450766914067,0.3767441860465116,0.3767119809702811,900
graphsage_pilot_v1_step900,twibot20,linear,0,100,0,test,2,200,25fe39fe3accdb737c2ca133aad37bddb0a345ef2f9d6d1d90a71aa14b8b7951,c914c5f482673ce0dc5d5512f45c0eaf22d1c0663629aa594d02d724b1b643bb,f89e55d9cfacf91222600ee60a2ba36a7e5c6eb5bd4c3c753e6136ad5559fc67,AdamW,0.01,0.0,0.3473767505704919,0.3858833474218089,0.3858147749346965,900
graphsage_pilot_v1_step900,twibot20,linear,0,100,1,val,2,200,25fe39fe3accdb737c2ca133aad37bddb0a345ef2f9d6d1d90a71aa14b8b7951,c914c5f482673ce0dc5d5512f45c0eaf22d1c0663629aa594d02d724b1b643bb,f89e55d9cfacf91222600ee60a2ba36a7e5c6eb5bd4c3c753e6136ad5559fc67,AdamW,0.01,0.0,0.5889556547864916,0.573784355179704,0.5483720387443108,900
graphsage_pilot_v1_step900,twibot20,linear,0,100,1,test,2,200,25fe39fe3accdb737c2ca133aad37bddb0a345ef2f9d6d1d90a71aa14b8b7951,c914c5f482673ce0dc5d5512f45c0eaf22d1c0663629aa594d02d724b1b643bb,f89e55d9cfacf91222600ee60a2ba36a7e5c6eb5bd4c3c753e6136ad5559fc67,AdamW,0.01,0.0,0.5987580940356079,0.5841081994928149,0.5643394199785177,900
graphsage_pilot_v1_step900,twibot20,linear,0,100,10,val,2,200,25fe39fe3accdb737c2ca133aad37bddb0a345ef2f9d6d1d90a71aa14b8b7951,c914c5f482673ce0dc5d5512f45c0eaf22d1c0663629aa594d02d724b1b643bb,f89e55d9cfacf91222600ee60a2ba36a7e5c6eb5bd4c3c753e6136ad5559fc67,AdamW,0.01,0.0,0.6989650319650189,0.6617336152219874,0.6593701300010658,900
graphsage_pilot_v1_step900,twibot20,linear,0,100,10,test,2,200,25fe39fe3accdb737c2ca133aad37bddb0a345ef2f9d6d1d90a71aa14b8b7951,c914c5f482673ce0dc5d5512f45c0eaf22d1c0663629aa594d02d724b1b643bb,f89e55d9cfacf91222600ee60a2ba36a7e5c6eb5bd4c3c753e6136ad5559fc67,AdamW,0.01,0.0,0.677283270974991,0.6453930684699916,0.6439039800005274,900
graphsage_pilot_v1_step900,twibot20,linear,0,100,100,val,2,200,25fe39fe3accdb737c2ca133aad37bddb0a345ef2f9d6d1d90a71aa14b8b7951,c914c5f482673ce0dc5d5512f45c0eaf22d1c0663629aa594d02d724b1b643bb,f89e55d9cfacf91222600ee60a2ba36a7e5c6eb5bd4c3c753e6136ad5559fc67,AdamW,0.01,0.0,0.7372534867306402,0.7133192389006342,0.7044809161318288,900
graphsage_pilot_v1_step900,twibot20,linear,0,100,100,test,2,200,25fe39fe3accdb737c2ca133aad37bddb0a345ef2f9d6d1d90a71aa14b8b7951,c914c5f482673ce0dc5d5512f45c0eaf22d1c0663629aa594d02d724b1b643bb,f89e55d9cfacf91222600ee60a2ba36a7e5c6eb5bd4c3c753e6136ad5559fc67,AdamW,0.01,0.0,0.7150342005583292,0.6880811496196112,0.6780318452170219,900
graphsage_pilot_v1_step900,twibot20,linear,1,0,0,val,2,0,af5570f5a1810b7af78caf4bc70a660f0df51e42baf91d4de5b2328de0e83dfc,c914c5f482673ce0dc5d5512f45c0eaf22d1c0663629aa594d02d724b1b643bb,8a8ac6a74ff16f70c26373d03c9e72726890aaba776363757688178d530a945d,none,0.0,0.0,0.5015718006356771,0.4236786469344609,0.3946375716656516,900
graphsage_pilot_v1_step900,twibot20,linear,1,0,0,test,2,0,af5570f5a1810b7af78caf4bc70a660f0df51e42baf91d4de5b2328de0e83dfc,c914c5f482673ce0dc5d5512f45c0eaf22d1c0663629aa594d02d724b1b643bb,8a8ac6a74ff16f70c26373d03c9e72726890aaba776363757688178d530a945d,none,0.0,0.0,0.5154184862560669,0.4399830938292476,0.4152071328332948,900
graphsage_pilot_v1_step900,twibot20,linear,1,1,0,val,2,2,3fa9e07a01626dee43bfd80cfd4791f403a8ca7a60afb4b6089f12b310e7db04,c914c5f482673ce0dc5d5512f45c0eaf22d1c0663629aa594d02d724b1b643bb,8a8ac6a74ff16f70c26373d03c9e72726890aaba776363757688178d530a945d,AdamW,0.01,0.0,0.5015718006356771,0.4236786469344609,0.3946375716656516,900
graphsage_pilot_v1_step900,twibot20,linear,1,1,0,test,2,2,3fa9e07a01626dee43bfd80cfd4791f403a8ca7a60afb4b6089f12b310e7db04,c914c5f482673ce0dc5d5512f45c0eaf22d1c0663629aa594d02d724b1b643bb,8a8ac6a74ff16f70c26373d03c9e72726890aaba776363757688178d530a945d,AdamW,0.01,0.0,0.5154184862560669,0.4399830938292476,0.4152071328332948,900
graphsage_pilot_v1_step900,twibot20,linear,1,1,1,val,2,2,3fa9e07a01626dee43bfd80cfd4791f403a8ca7a60afb4b6089f12b310e7db04,c914c5f482673ce0dc5d5512f45c0eaf22d1c0663629aa594d02d724b1b643bb,8a8ac6a74ff16f70c26373d03c9e72726890aaba776363757688178d530a945d,AdamW,0.01,0.0,0.6489195954044578,0.66553911205074,0.6444487060503674,900
graphsage_pilot_v1_step900,twibot20,linear,1,1,1,test,2,2,3fa9e07a01626dee43bfd80cfd4791f403a8ca7a60afb4b6089f12b310e7db04,c914c5f482673ce0dc5d5512f45c0eaf22d1c0663629aa594d02d724b1b643bb,8a8ac6a74ff16f70c26373d03c9e72726890aaba776363757688178d530a945d,AdamW,0.01,0.0,0.6528071389683653,0.6542688081149619,0.634060527679142,900
graphsage_pilot_v1_step900,twibot20,linear,1,1,10,val,2,2,3fa9e07a01626dee43bfd80cfd4791f403a8ca7a60afb4b6089f12b310e7db04,c914c5f482673ce0dc5d5512f45c0eaf22d1c0663629aa594d02d724b1b643bb,8a8ac6a74ff16f70c26373d03c9e72726890aaba776363757688178d530a945d,AdamW,0.01,0.0,0.6684196338117578,0.6219873150105708,0.6170327687840165,900
graphsage_pilot_v1_step900,twibot20,linear,1,1,10,test,2,2,3fa9e07a01626dee43bfd80cfd4791f403a8ca7a60afb4b6089f12b310e7db04,c914c5f482673ce0dc5d5512f45c0eaf22d1c0663629aa594d02d724b1b643bb,8a8ac6a74ff16f70c26373d03c9e72726890aaba776363757688178d530a945d,AdamW,0.01,0.0,0.6626039627471649,0.6145393068469992,0.6111155966688966,900
graphsage_pilot_v1_step900,twibot20,linear,1,1,100,val,2,2,3fa9e07a01626dee43bfd80cfd4791f403a8ca7a60afb4b6089f12b310e7db04,c914c5f482673ce0dc5d5512f45c0eaf22d1c0663629aa594d02d724b1b643bb,8a8ac6a74ff16f70c26373d03c9e72726890aaba776363757688178d530a945d,AdamW,0.01,0.0,0.6617273429539997,0.6224101479915434,0.6174983486980932,900
graphsage_pilot_v1_step900,twibot20,linear,1,1,100,test,2,2,3fa9e07a01626dee43bfd80cfd4791f403a8ca7a60afb4b6089f12b310e7db04,c914c5f482673ce0dc5d5512f45c0eaf22d1c0663629aa594d02d724b1b643bb,8a8ac6a74ff16f70c26373d03c9e72726890aaba776363757688178d530a945d,AdamW,0.01,0.0,0.6556592367570573,0.6145393068469992,0.6111155966688966,900
graphsage_pilot_v1_step900,twibot20,linear,1,10,0,val,2,20,8b0103cc8fe7d02ca3e622c39a7215d65913dfa1510e728f43df582a11d9c6e6,c914c5f482673ce0dc5d5512f45c0eaf22d1c0663629aa594d02d724b1b643bb,8a8ac6a74ff16f70c26373d03c9e72726890aaba776363757688178d530a945d,AdamW,0.01,0.0,0.5015718006356771,0.4236786469344609,0.3946375716656516,900
graphsage_pilot_v1_step900,twibot20,linear,1,10,0,test,2,20,8b0103cc8fe7d02ca3e622c39a7215d65913dfa1510e728f43df582a11d9c6e6,c914c5f482673ce0dc5d5512f45c0eaf22d1c0663629aa594d02d724b1b643bb,8a8ac6a74ff16f70c26373d03c9e72726890aaba776363757688178d530a945d,AdamW,0.01,0.0,0.5154184862560669,0.4399830938292476,0.4152071328332948,900
graphsage_pilot_v1_step900,twibot20,linear,1,10,1,val,2,20,8b0103cc8fe7d02ca3e622c39a7215d65913dfa1510e728f43df582a11d9c6e6,c914c5f482673ce0dc5d5512f45c0eaf22d1c0663629aa594d02d724b1b643bb,8a8ac6a74ff16f70c26373d03c9e72726890aaba776363757688178d530a945d,AdamW,0.01,0.0,0.5795132563158268,0.4997885835095137,0.4965391276964258,900
graphsage_pilot_v1_step900,twibot20,linear,1,10,1,test,2,20,8b0103cc8fe7d02ca3e622c39a7215d65913dfa1510e728f43df582a11d9c6e6,c914c5f482673ce0dc5d5512f45c0eaf22d1c0663629aa594d02d724b1b643bb,8a8ac6a74ff16f70c26373d03c9e72726890aaba776363757688178d530a945d,AdamW,0.01,0.0,0.584298150100198,0.5088757396449705,0.5058216617296023,900
graphsage_pilot_v1_step900,twibot20,linear,1,10,10,val,2,20,8b0103cc8fe7d02ca3e622c39a7215d65913dfa1510e728f43df582a11d9c6e6,c914c5f482673ce0dc5d5512f45c0eaf22d1c0663629aa594d02d724b1b643bb,8a8ac6a74ff16f70c26373d03c9e72726890aaba776363757688178d530a945d,AdamW,0.01,0.0,0.6725480562282873,0.7073995771670191,0.6958427744770944,900
graphsage_pilot_v1_step900,twibot20,linear,1,10,10,test,2,20,8b0103cc8fe7d02ca3e622c39a7215d65913dfa1510e728f43df582a11d9c6e6,c914c5f482673ce0dc5d5512f45c0eaf22d1c0663629aa594d02d724b1b643bb,8a8ac6a74ff16f70c26373d03c9e72726890aaba776363757688178d530a945d,AdamW,0.01,0.0,0.6363881198670204,0.6796280642434489,0.6656360348267054,900
graphsage_pilot_v1_step900,twibot20,linear,1,10,100,val,2,20,8b0103cc8fe7d02ca3e622c39a7215d65913dfa1510e728f43df582a11d9c6e6,c914c5f482673ce0dc5d5512f45c0eaf22d1c0663629aa594d02d724b1b643bb,8a8ac6a74ff16f70c26373d03c9e72726890aaba776363757688178d530a945d,AdamW,0.01,0.0,0.6753539631260934,0.6304439746300211,0.6289312985869657,900
graphsage_pilot_v1_step900,twibot20,linear,1,10,100,test,2,20,8b0103cc8fe7d02ca3e622c39a7215d65913dfa1510e728f43df582a11d9c6e6,c914c5f482673ce0dc5d5512f45c0eaf22d1c0663629aa594d02d724b1b643bb,8a8ac6a74ff16f70c26373d03c9e72726890aaba776363757688178d530a945d,AdamW,0.01,0.0,0.6550543560101473,0.6267962806424345,0.6245005374990271,900
graphsage_pilot_v1_step900,twibot20,linear,1,100,0,val,2,200,2d47d792497500b8c0a151809b0bf0345373170a6472d915316897c1cf3fa4d8,c914c5f482673ce0dc5d5512f45c0eaf22d1c0663629aa594d02d724b1b643bb,8a8ac6a74ff16f70c26373d03c9e72726890aaba776363757688178d530a945d,AdamW,0.01,0.0,0.5015718006356771,0.4236786469344609,0.3946375716656516,900
graphsage_pilot_v1_step900,twibot20,linear,1,100,0,test,2,200,2d47d792497500b8c0a151809b0bf0345373170a6472d915316897c1cf3fa4d8,c914c5f482673ce0dc5d5512f45c0eaf22d1c0663629aa594d02d724b1b643bb,8a8ac6a74ff16f70c26373d03c9e72726890aaba776363757688178d530a945d,AdamW,0.01,0.0,0.5154184862560669,0.4399830938292476,0.4152071328332948,900
graphsage_pilot_v1_step900,twibot20,linear,1,100,1,val,2,200,2d47d792497500b8c0a151809b0bf0345373170a6472d915316897c1cf3fa4d8,c914c5f482673ce0dc5d5512f45c0eaf22d1c0663629aa594d02d724b1b643bb,8a8ac6a74ff16f70c26373d03c9e72726890aaba776363757688178d530a945d,AdamW,0.01,0.0,0.6044700299866806,0.6054968287526427,0.5948148002605325,900
graphsage_pilot_v1_step900,twibot20,linear,1,100,1,test,2,200,2d47d792497500b8c0a151809b0bf0345373170a6472d915316897c1cf3fa4d8,c914c5f482673ce0dc5d5512f45c0eaf22d1c0663629aa594d02d724b1b643bb,8a8ac6a74ff16f70c26373d03c9e72726890aaba776363757688178d530a945d,AdamW,0.01,0.0,0.6154858882878291,0.6014370245139475,0.5920447241992476,900
graphsage_pilot_v1_step900,twibot20,linear,1,100,10,val,2,200,2d47d792497500b8c0a151809b0bf0345373170a6472d915316897c1cf3fa4d8,c914c5f482673ce0dc5d5512f45c0eaf22d1c0663629aa594d02d724b1b643bb,8a8ac6a74ff16f70c26373d03c9e72726890aaba776363757688178d530a945d,AdamW,0.01,0.0,0.7194216295420255,0.706553911205074,0.695274961939772,900
graphsage_pilot_v1_step900,twibot20,linear,1,100,10,test,2,200,2d47d792497500b8c0a151809b0bf0345373170a6472d915316897c1cf3fa4d8,c914c5f482673ce0dc5d5512f45c0eaf22d1c0663629aa594d02d724b1b643bb,8a8ac6a74ff16f70c26373d03c9e72726890aaba776363757688178d530a945d,AdamW,0.01,0.0,0.6982531941757695,0.6792054099746407,0.6666600461272164,900
graphsage_pilot_v1_step900,twibot20,linear,1,100,100,val,2,200,2d47d792497500b8c0a151809b0bf0345373170a6472d915316897c1cf3fa4d8,c914c5f482673ce0dc5d5512f45c0eaf22d1c0663629aa594d02d724b1b643bb,8a8ac6a74ff16f70c26373d03c9e72726890aaba776363757688178d530a945d,AdamW,0.01,0.0,0.7260827597601646,0.7150105708245243,0.7013956015136189,900
graphsage_pilot_v1_step900,twibot20,linear,1,100,100,test,2,200,2d47d792497500b8c0a151809b0bf0345373170a6472d915316897c1cf3fa4d8,c914c5f482673ce0dc5d5512f45c0eaf22d1c0663629aa594d02d724b1b643bb,8a8ac6a74ff16f70c26373d03c9e72726890aaba776363757688178d530a945d,AdamW,0.01,0.0,0.7034904261603865,0.6889264581572274,0.6728815151276069,900
graphsage_pilot_v1_step900,twibot20,linear,2,0,0,val,2,0,af5570f5a1810b7af78caf4bc70a660f0df51e42baf91d4de5b2328de0e83dfc,c914c5f482673ce0dc5d5512f45c0eaf22d1c0663629aa594d02d724b1b643bb,203ffea723cb4cf0d5b2da185e1677d1c082fd4475784ccb7c3a518868d42cce,none,0.0,0.0,0.5466286361930104,0.548414376321353,0.5083657739022112,900
graphsage_pilot_v1_step900,twibot20,linear,2,0,0,test,2,0,af5570f5a1810b7af78caf4bc70a660f0df51e42baf91d4de5b2328de0e83dfc,c914c5f482673ce0dc5d5512f45c0eaf22d1c0663629aa594d02d724b1b643bb,203ffea723cb4cf0d5b2da185e1677d1c082fd4475784ccb7c3a518868d42cce,none,0.0,0.0,0.5656644928123805,0.555367709213863,0.5209715165511932,900
graphsage_pilot_v1_step900,twibot20,linear,2,1,0,val,2,2,40d653b81498ca59f7f885eeb08b50e37144bd7c85a2b1f4cd0de14263414e43,c914c5f482673ce0dc5d5512f45c0eaf22d1c0663629aa594d02d724b1b643bb,203ffea723cb4cf0d5b2da185e1677d1c082fd4475784ccb7c3a518868d42cce,AdamW,0.01,0.0,0.5466286361930104,0.548414376321353,0.5083657739022112,900
graphsage_pilot_v1_step900,twibot20,linear,2,1,0,test,2,2,40d653b81498ca59f7f885eeb08b50e37144bd7c85a2b1f4cd0de14263414e43,c914c5f482673ce0dc5d5512f45c0eaf22d1c0663629aa594d02d724b1b643bb,203ffea723cb4cf0d5b2da185e1677d1c082fd4475784ccb7c3a518868d42cce,AdamW,0.01,0.0,0.5656644928123805,0.555367709213863,0.5209715165511932,900
graphsage_pilot_v1_step900,twibot20,linear,2,1,1,val,2,2,40d653b81498ca59f7f885eeb08b50e37144bd7c85a2b1f4cd0de14263414e43,c914c5f482673ce0dc5d5512f45c0eaf22d1c0663629aa594d02d724b1b643bb,203ffea723cb4cf0d5b2da185e1677d1c082fd4475784ccb7c3a518868d42cce,AdamW,0.01,0.0,0.6371307283038612,0.6566596194503171,0.6374041765794343,900
graphsage_pilot_v1_step900,twibot20,linear,2,1,1,test,2,2,40d653b81498ca59f7f885eeb08b50e37144bd7c85a2b1f4cd0de14263414e43,c914c5f482673ce0dc5d5512f45c0eaf22d1c0663629aa594d02d724b1b643bb,203ffea723cb4cf0d5b2da185e1677d1c082fd4475784ccb7c3a518868d42cce,AdamW,0.01,0.0,0.6419967508021638,0.6487743026204564,0.6311632296671317,900
graphsage_pilot_v1_step900,twibot20,linear,2,1,10,val,2,2,40d653b81498ca59f7f885eeb08b50e37144bd7c85a2b1f4cd0de14263414e43,c914c5f482673ce0dc5d5512f45c0eaf22d1c0663629aa594d02d724b1b643bb,203ffea723cb4cf0d5b2da185e1677d1c082fd4475784ccb7c3a518868d42cce,AdamW,0.01,0.0,0.6388757241225382,0.6355179704016913,0.6321288645208976,900
graphsage_pilot_v1_step900,twibot20,linear,2,1,10,test,2,2,40d653b81498ca59f7f885eeb08b50e37144bd7c85a2b1f4cd0de14263414e43,c914c5f482673ce0dc5d5512f45c0eaf22d1c0663629aa594d02d724b1b643bb,203ffea723cb4cf0d5b2da185e1677d1c082fd4475784ccb7c3a518868d42cce,AdamW,0.01,0.0,0.6322071667689884,0.6221470836855453,0.6187909467346422,900
graphsage_pilot_v1_step900,twibot20,linear,2,1,100,val,2,2,40d653b81498ca59f7f885eeb08b50e37144bd7c85a2b1f4cd0de14263414e43,c914c5f482673ce0dc5d5512f45c0eaf22d1c0663629aa594d02d724b1b643bb,203ffea723cb4cf0d5b2da185e1677d1c082fd4475784ccb7c3a518868d42cce,AdamW,0.01,0.0,0.6393358870564501,0.6207188160676532,0.6191456164058196,900
graphsage_pilot_v1_step900,twibot20,linear,2,1,100,test,2,2,40d653b81498ca59f7f885eeb08b50e37144bd7c85a2b1f4cd0de14263414e43,c914c5f482673ce0dc5d5512f45c0eaf22d1c0663629aa594d02d724b1b643bb,203ffea723cb4cf0d5b2da185e1677d1c082fd4475784ccb7c3a518868d42cce,AdamW,0.01,0.0,0.6324040878499693,0.6158072696534235,0.6140200124371078,900
graphsage_pilot_v1_step900,twibot20,linear,2,10,0,val,2,20,4c2a419e0d2e41e89d85ace836b7bd09c1adfddfa85a64a49bddcc59c0f8b049,c914c5f482673ce0dc5d5512f45c0eaf22d1c0663629aa594d02d724b1b643bb,203ffea723cb4cf0d5b2da185e1677d1c082fd4475784ccb7c3a518868d42cce,AdamW,0.01,0.0,0.5466286361930104,0.548414376321353,0.5083657739022112,900
graphsage_pilot_v1_step900,twibot20,linear,2,10,0,test,2,20,4c2a419e0d2e41e89d85ace836b7bd09c1adfddfa85a64a49bddcc59c0f8b049,c914c5f482673ce0dc5d5512f45c0eaf22d1c0663629aa594d02d724b1b643bb,203ffea723cb4cf0d5b2da185e1677d1c082fd4475784ccb7c3a518868d42cce,AdamW,0.01,0.0,0.5656644928123805,0.555367709213863,0.5209715165511932,900
graphsage_pilot_v1_step900,twibot20,linear,2,10,1,val,2,20,4c2a419e0d2e41e89d85ace836b7bd09c1adfddfa85a64a49bddcc59c0f8b049,c914c5f482673ce0dc5d5512f45c0eaf22d1c0663629aa594d02d724b1b643bb,203ffea723cb4cf0d5b2da185e1677d1c082fd4475784ccb7c3a518868d42cce,AdamW,0.01,0.0,0.5972023542950231,0.6004228329809725,0.5882894538324354,900
graphsage_pilot_v1_step900,twibot20,linear,2,10,1,test,2,20,4c2a419e0d2e41e89d85ace836b7bd09c1adfddfa85a64a49bddcc59c0f8b049,c914c5f482673ce0dc5d5512f45c0eaf22d1c0663629aa594d02d724b1b643bb,203ffea723cb4cf0d5b2da185e1677d1c082fd4475784ccb7c3a518868d42cce,AdamW,0.01,0.0,0.6066074262414716,0.5989010989010989,0.5881078655659318,900
graphsage_pilot_v1_step900,twibot20,linear,2,10,10,val,2,20,4c2a419e0d2e41e89d85ace836b7bd09c1adfddfa85a64a49bddcc59c0f8b049,c914c5f482673ce0dc5d5512f45c0eaf22d1c0663629aa594d02d724b1b643bb,203ffea723cb4cf0d5b2da185e1677d1c082fd4475784ccb7c3a518868d42cce,AdamW,0.01,0.0,0.6955351876087905,0.6752642706131078,0.6607611656404134,900
graphsage_pilot_v1_step900,twibot20,linear,2,10,10,test,2,20,4c2a419e0d2e41e89d85ace836b7bd09c1adfddfa85a64a49bddcc59c0f8b049,c914c5f482673ce0dc5d5512f45c0eaf22d1c0663629aa594d02d724b1b643bb,203ffea723cb4cf0d5b2da185e1677d1c082fd4475784ccb7c3a518868d42cce,AdamW,0.01,0.0,0.681634358095194,0.6563820794590025,0.6414394406959463,900
graphsage_pilot_v1_step900,twibot20,linear,2,10,100,val,2,20,4c2a419e0d2e41e89d85ace836b7bd09c1adfddfa85a64a49bddcc59c0f8b049,c914c5f482673ce0dc5d5512f45c0eaf22d1c0663629aa594d02d724b1b643bb,203ffea723cb4cf0d5b2da185e1677d1c082fd4475784ccb7c3a518868d42cce,AdamW,0.01,0.0,0.7224427622530157,0.7019027484143763,0.6992043548595728,900
graphsage_pilot_v1_step900,twibot20,linear,2,10,100,test,2,20,4c2a419e0d2e41e89d85ace836b7bd09c1adfddfa85a64a49bddcc59c0f8b049,c914c5f482673ce0dc5d5512f45c0eaf22d1c0663629aa594d02d724b1b643bb,203ffea723cb4cf0d5b2da185e1677d1c082fd4475784ccb7c3a518868d42cce,AdamW,0.01,0.0,0.7015443825365753,0.6796280642434489,0.6767824805647189,900
graphsage_pilot_v1_step900,twibot20,linear,2,100,0,val,2,200,5708cd030fbe4119391ef44d81cbe9873693c4e02ee2e1770943dbc60f51ba9e,c914c5f482673ce0dc5d5512f45c0eaf22d1c0663629aa594d02d724b1b643bb,203ffea723cb4cf0d5b2da185e1677d1c082fd4475784ccb7c3a518868d42cce,AdamW,0.01,0.0,0.5466286361930104,0.548414376321353,0.5083657739022112,900
graphsage_pilot_v1_step900,twibot20,linear,2,100,0,test,2,200,5708cd030fbe4119391ef44d81cbe9873693c4e02ee2e1770943dbc60f51ba9e,c914c5f482673ce0dc5d5512f45c0eaf22d1c0663629aa594d02d724b1b643bb,203ffea723cb4cf0d5b2da185e1677d1c082fd4475784ccb7c3a518868d42cce,AdamW,0.01,0.0,0.5656644928123805,0.555367709213863,0.5209715165511932,900
graphsage_pilot_v1_step900,twibot20,linear,2,100,1,val,2,200,5708cd030fbe4119391ef44d81cbe9873693c4e02ee2e1770943dbc60f51ba9e,c914c5f482673ce0dc5d5512f45c0eaf22d1c0663629aa594d02d724b1b643bb,203ffea723cb4cf0d5b2da185e1677d1c082fd4475784ccb7c3a518868d42cce,AdamW,0.01,0.0,0.6116840803915514,0.5331923890063425,0.5305028569455713,900
graphsage_pilot_v1_step900,twibot20,linear,2,100,1,test,2,200,5708cd030fbe4119391ef44d81cbe9873693c4e02ee2e1770943dbc60f51ba9e,c914c5f482673ce0dc5d5512f45c0eaf22d1c0663629aa594d02d724b1b643bb,203ffea723cb4cf0d5b2da185e1677d1c082fd4475784ccb7c3a518868d42cce,AdamW,0.01,0.0,0.6140629162853735,0.5393068469991547,0.5362529517583956,900
graphsage_pilot_v1_step900,twibot20,linear,2,100,10,val,2,200,5708cd030fbe4119391ef44d81cbe9873693c4e02ee2e1770943dbc60f51ba9e,c914c5f482673ce0dc5d5512f45c0eaf22d1c0663629aa594d02d724b1b643bb,203ffea723cb4cf0d5b2da185e1677d1c082fd4475784ccb7c3a518868d42cce,AdamW,0.01,0.0,0.7111452187259502,0.6486257928118393,0.6480698246486769,900
graphsage_pilot_v1_step900,twibot20,linear,2,100,10,test,2,200,5708cd030fbe4119391ef44d81cbe9873693c4e02ee2e1770943dbc60f51ba9e,c914c5f482673ce0dc5d5512f45c0eaf22d1c0663629aa594d02d724b1b643bb,203ffea723cb4cf0d5b2da185e1677d1c082fd4475784ccb7c3a518868d42cce,AdamW,0.01,0.0,0.682680501337905,0.6234150464919695,0.6231306081754735,900
graphsage_pilot_v1_step900,twibot20,linear,2,100,100,val,2,200,5708cd030fbe4119391ef44d81cbe9873693c4e02ee2e1770943dbc60f51ba9e,c914c5f482673ce0dc5d5512f45c0eaf22d1c0663629aa594d02d724b1b643bb,203ffea723cb4cf0d5b2da185e1677d1c082fd4475784ccb7c3a518868d42cce,AdamW,0.01,0.0,0.6930836424033984,0.6854122621564482,0.677387416723138,900
graphsage_pilot_v1_step900,twibot20,linear,2,100,100,test,2,200,5708cd030fbe4119391ef44d81cbe9873693c4e02ee2e1770943dbc60f51ba9e,c914c5f482673ce0dc5d5512f45c0eaf22d1c0663629aa594d02d724b1b643bb,203ffea723cb4cf0d5b2da185e1677d1c082fd4475784ccb7c3a518868d42cce,AdamW,0.01,0.0,0.673438966048489,0.6677937447168216,0.6595578753588995,900
graphsage_pilot_v1_step900,ukr_rus_suspended,linear,0,0,0,val,2,0,af5570f5a1810b7af78caf4bc70a660f0df51e42baf91d4de5b2328de0e83dfc,0c2e028dcb3262ef92e92564f4c55cdddd6f64945b22ac315f10631df10ccb82,f89e55d9cfacf91222600ee60a2ba36a7e5c6eb5bd4c3c753e6136ad5559fc67,none,0.0,0.0,0.5427209774322002,0.4787808983786657,0.4784318225813844,900
graphsage_pilot_v1_step900,ukr_rus_suspended,linear,0,0,0,test,2,0,af5570f5a1810b7af78caf4bc70a660f0df51e42baf91d4de5b2328de0e83dfc,0c2e028dcb3262ef92e92564f4c55cdddd6f64945b22ac315f10631df10ccb82,f89e55d9cfacf91222600ee60a2ba36a7e5c6eb5bd4c3c753e6136ad5559fc67,none,0.0,0.0,0.5449282708931901,0.4828136073706591,0.4825718411002664,900
graphsage_pilot_v1_step900,ukr_rus_suspended,linear,0,1,0,val,2,2,7c99d61e9eb10c63a19f4bcdb05d6e9b3a56a8705bfc738ad72bda57e541b60d,0c2e028dcb3262ef92e92564f4c55cdddd6f64945b22ac315f10631df10ccb82,f89e55d9cfacf91222600ee60a2ba36a7e5c6eb5bd4c3c753e6136ad5559fc67,AdamW,0.01,0.0,0.5427209774322002,0.4787808983786657,0.4784318225813844,900
graphsage_pilot_v1_step900,ukr_rus_suspended,linear,0,1,0,test,2,2,7c99d61e9eb10c63a19f4bcdb05d6e9b3a56a8705bfc738ad72bda57e541b60d,0c2e028dcb3262ef92e92564f4c55cdddd6f64945b22ac315f10631df10ccb82,f89e55d9cfacf91222600ee60a2ba36a7e5c6eb5bd4c3c753e6136ad5559fc67,AdamW,0.01,0.0,0.5449282708931901,0.4828136073706591,0.4825718411002664,900
graphsage_pilot_v1_step900,ukr_rus_suspended,linear,0,1,1,val,2,2,7c99d61e9eb10c63a19f4bcdb05d6e9b3a56a8705bfc738ad72bda57e541b60d,0c2e028dcb3262ef92e92564f4c55cdddd6f64945b22ac315f10631df10ccb82,f89e55d9cfacf91222600ee60a2ba36a7e5c6eb5bd4c3c753e6136ad5559fc67,AdamW,0.01,0.0,0.5161382947745706,0.5434570745104988,0.4893513186388467,900
graphsage_pilot_v1_step900,ukr_rus_suspended,linear,0,1,1,test,2,2,7c99d61e9eb10c63a19f4bcdb05d6e9b3a56a8705bfc738ad72bda57e541b60d,0c2e028dcb3262ef92e92564f4c55cdddd6f64945b22ac315f10631df10ccb82,f89e55d9cfacf91222600ee60a2ba36a7e5c6eb5bd4c3c753e6136ad5559fc67,AdamW,0.01,0.0,0.5175362684400291,0.55049610205528,0.4965185203521621,900
graphsage_pilot_v1_step900,ukr_rus_suspended,linear,0,1,10,val,2,2,7c99d61e9eb10c63a19f4bcdb05d6e9b3a56a8705bfc738ad72bda57e541b60d,0c2e028dcb3262ef92e92564f4c55cdddd6f64945b22ac315f10631df10ccb82,f89e55d9cfacf91222600ee60a2ba36a7e5c6eb5bd4c3c753e6136ad5559fc67,AdamW,0.01,0.0,0.4869581516288103,0.542128111987242,0.496167811161586,900
graphsage_pilot_v1_step900,ukr_rus_suspended,linear,0,1,10,test,2,2,7c99d61e9eb10c63a19f4bcdb05d6e9b3a56a8705bfc738ad72bda57e541b60d,0c2e028dcb3262ef92e92564f4c55cdddd6f64945b22ac315f10631df10ccb82,f89e55d9cfacf91222600ee60a2ba36a7e5c6eb5bd4c3c753e6136ad5559fc67,AdamW,0.01,0.0,0.4904487244707316,0.5429659815733522,0.4965040866056527,900
graphsage_pilot_v1_step900,ukr_rus_suspended,linear,0,1,100,val,2,2,7c99d61e9eb10c63a19f4bcdb05d6e9b3a56a8705bfc738ad72bda57e541b60d,0c2e028dcb3262ef92e92564f4c55cdddd6f64945b22ac315f10631df10ccb82,f89e55d9cfacf91222600ee60a2ba36a7e5c6eb5bd4c3c753e6136ad5559fc67,AdamW,0.01,0.0,0.530103371613899,0.5414193319748383,0.4963325822486056,900
graphsage_pilot_v1_step900,ukr_rus_suspended,linear,0,1,100,test,2,2,7c99d61e9eb10c63a19f4bcdb05d6e9b3a56a8705bfc738ad72bda57e541b60d,0c2e028dcb3262ef92e92564f4c55cdddd6f64945b22ac315f10631df10ccb82,f89e55d9cfacf91222600ee60a2ba36a7e5c6eb5bd4c3c753e6136ad5559fc67,AdamW,0.01,0.0,0.528324784399789,0.5414599574769667,0.4961216154537489,900
graphsage_pilot_v1_step900,ukr_rus_suspended,linear,0,10,0,val,2,20,e5a82878379041fa98c0278a2e88145c8947d0c76c48e42e2c7c3a50b79d1cad,0c2e028dcb3262ef92e92564f4c55cdddd6f64945b22ac315f10631df10ccb82,f89e55d9cfacf91222600ee60a2ba36a7e5c6eb5bd4c3c753e6136ad5559fc67,AdamW,0.01,0.0,0.5427209774322002,0.4787808983786657,0.4784318225813844,900
graphsage_pilot_v1_step900,ukr_rus_suspended,linear,0,10,0,test,2,20,e5a82878379041fa98c0278a2e88145c8947d0c76c48e42e2c7c3a50b79d1cad,0c2e028dcb3262ef92e92564f4c55cdddd6f64945b22ac315f10631df10ccb82,f89e55d9cfacf91222600ee60a2ba36a7e5c6eb5bd4c3c753e6136ad5559fc67,AdamW,0.01,0.0,0.5449282708931901,0.4828136073706591,0.4825718411002664,900
graphsage_pilot_v1_step900,ukr_rus_suspended,linear,0,10,1,val,2,20,e5a82878379041fa98c0278a2e88145c8947d0c76c48e42e2c7c3a50b79d1cad,0c2e028dcb3262ef92e92564f4c55cdddd6f64945b22ac315f10631df10ccb82,f89e55d9cfacf91222600ee60a2ba36a7e5c6eb5bd4c3c753e6136ad5559fc67,AdamW,0.01,0.0,0.5526782148377668,0.5437228670151502,0.4917610060297546,900
graphsage_pilot_v1_step900,ukr_rus_suspended,linear,0,10,1,test,2,20,e5a82878379041fa98c0278a2e88145c8947d0c76c48e42e2c7c3a50b79d1cad,0c2e028dcb3262ef92e92564f4c55cdddd6f64945b22ac315f10631df10ccb82,f89e55d9cfacf91222600ee60a2ba36a7e5c6eb5bd4c3c753e6136ad5559fc67,AdamW,0.01,0.0,0.5481760209938724,0.5481927710843374,0.4961444664533923,900
graphsage_pilot_v1_step900,ukr_rus_suspended,linear,0,10,10,val,2,20,e5a82878379041fa98c0278a2e88145c8947d0c76c48e42e2c7c3a50b79d1cad,0c2e028dcb3262ef92e92564f4c55cdddd6f64945b22ac315f10631df10ccb82,f89e55d9cfacf91222600ee60a2ba36a7e5c6eb5bd4c3c753e6136ad5559fc67,AdamW,0.01,0.0,0.5718515275208341,0.5436342695135997,0.4965422213782093,900
graphsage_pilot_v1_step900,ukr_rus_suspended,linear,0,10,10,test,2,20,e5a82878379041fa98c0278a2e88145c8947d0c76c48e42e2c7c3a50b79d1cad,0c2e028dcb3262ef92e92564f4c55cdddd6f64945b22ac315f10631df10ccb82,f89e55d9cfacf91222600ee60a2ba36a7e5c6eb5bd4c3c753e6136ad5559fc67,AdamW,0.01,0.0,0.5670234417597417,0.5450035435861091,0.4970955759736618,900
graphsage_pilot_v1_step900,ukr_rus_suspended,linear,0,10,100,val,2,20,e5a82878379041fa98c0278a2e88145c8947d0c76c48e42e2c7c3a50b79d1cad,0c2e028dcb3262ef92e92564f4c55cdddd6f64945b22ac315f10631df10ccb82,f89e55d9cfacf91222600ee60a2ba36a7e5c6eb5bd4c3c753e6136ad5559fc67,AdamW,0.01,0.0,0.5810593372888139,0.5338885443430496,0.5286313240022337,900
graphsage_pilot_v1_step900,ukr_rus_suspended,linear,0,10,100,test,2,20,e5a82878379041fa98c0278a2e88145c8947d0c76c48e42e2c7c3a50b79d1cad,0c2e028dcb3262ef92e92564f4c55cdddd6f64945b22ac315f10631df10ccb82,f89e55d9cfacf91222600ee60a2ba36a7e5c6eb5bd4c3c753e6136ad5559fc67,AdamW,0.01,0.0,0.5743243034660033,0.5250708717221828,0.5199220628776213,900
graphsage_pilot_v1_step900,ukr_rus_suspended,linear,0,100,0,val,2,200,0e6e836a2d142a85ab039b2a0676f9ba6b8c674a523a6ccbb1030280fce6a8bd,0c2e028dcb3262ef92e92564f4c55cdddd6f64945b22ac315f10631df10ccb82,f89e55d9cfacf91222600ee60a2ba36a7e5c6eb5bd4c3c753e6136ad5559fc67,AdamW,0.01,0.0,0.5427209774322002,0.4787808983786657,0.4784318225813844,900
graphsage_pilot_v1_step900,ukr_rus_suspended,linear,0,100,0,test,2,200,0e6e836a2d142a85ab039b2a0676f9ba6b8c674a523a6ccbb1030280fce6a8bd,0c2e028dcb3262ef92e92564f4c55cdddd6f64945b22ac315f10631df10ccb82,f89e55d9cfacf91222600ee60a2ba36a7e5c6eb5bd4c3c753e6136ad5559fc67,AdamW,0.01,0.0,0.5449282708931901,0.4828136073706591,0.4825718411002664,900
graphsage_pilot_v1_step900,ukr_rus_suspended,linear,0,100,1,val,2,200,0e6e836a2d142a85ab039b2a0676f9ba6b8c674a523a6ccbb1030280fce6a8bd,0c2e028dcb3262ef92e92564f4c55cdddd6f64945b22ac315f10631df10ccb82,f89e55d9cfacf91222600ee60a2ba36a7e5c6eb5bd4c3c753e6136ad5559fc67,AdamW,0.01,0.0,0.5501083489300602,0.5439000620182511,0.4915726972723774,900
graphsage_pilot_v1_step900,ukr_rus_suspended,linear,0,100,1,test,2,200,0e6e836a2d142a85ab039b2a0676f9ba6b8c674a523a6ccbb1030280fce6a8bd,0c2e028dcb3262ef92e92564f4c55cdddd6f64945b22ac315f10631df10ccb82,f89e55d9cfacf91222600ee60a2ba36a7e5c6eb5bd4c3c753e6136ad5559fc67,AdamW,0.01,0.0,0.5474376416416884,0.5489900779588944,0.496360009855242,900
graphsage_pilot_v1_step900,ukr_rus_suspended,linear,0,100,10,val,2,200,0e6e836a2d142a85ab039b2a0676f9ba6b8c674a523a6ccbb1030280fce6a8bd,0c2e028dcb3262ef92e92564f4c55cdddd6f64945b22ac315f10631df10ccb82,f89e55d9cfacf91222600ee60a2ba36a7e5c6eb5bd4c3c753e6136ad5559fc67,AdamW,0.01,0.0,0.5558723036026493,0.5392043944360769,0.5389924696754432,900
graphsage_pilot_v1_step900,ukr_rus_suspended,linear,0,100,10,test,2,200,0e6e836a2d142a85ab039b2a0676f9ba6b8c674a523a6ccbb1030280fce6a8bd,0c2e028dcb3262ef92e92564f4c55cdddd6f64945b22ac315f10631df10ccb82,f89e55d9cfacf91222600ee60a2ba36a7e5c6eb5bd4c3c753e6136ad5559fc67,AdamW,0.01,0.0,0.5622324974638107,0.544029057406095,0.5439967589964483,900
graphsage_pilot_v1_step900,ukr_rus_suspended,linear,0,100,100,val,2,200,0e6e836a2d142a85ab039b2a0676f9ba6b8c674a523a6ccbb1030280fce6a8bd,0c2e028dcb3262ef92e92564f4c55cdddd6f64945b22ac315f10631df10ccb82,f89e55d9cfacf91222600ee60a2ba36a7e5c6eb5bd4c3c753e6136ad5559fc67,AdamW,0.01,0.0,0.5953859738870362,0.5462921945601134,0.5449101537574143,900
graphsage_pilot_v1_step900,ukr_rus_suspended,linear,0,100,100,test,2,200,0e6e836a2d142a85ab039b2a0676f9ba6b8c674a523a6ccbb1030280fce6a8bd,0c2e028dcb3262ef92e92564f4c55cdddd6f64945b22ac315f10631df10ccb82,f89e55d9cfacf91222600ee60a2ba36a7e5c6eb5bd4c3c753e6136ad5559fc67,AdamW,0.01,0.0,0.5968667401808925,0.5418143160878809,0.540626482125175,900
graphsage_pilot_v1_step900,ukr_rus_suspended,linear,1,0,0,val,2,0,af5570f5a1810b7af78caf4bc70a660f0df51e42baf91d4de5b2328de0e83dfc,0c2e028dcb3262ef92e92564f4c55cdddd6f64945b22ac315f10631df10ccb82,8a8ac6a74ff16f70c26373d03c9e72726890aaba776363757688178d530a945d,none,0.0,0.0,0.5934613001447075,0.4927793036236378,0.469917987339883,900
graphsage_pilot_v1_step900,ukr_rus_suspended,linear,1,0,0,test,2,0,af5570f5a1810b7af78caf4bc70a660f0df51e42baf91d4de5b2328de0e83dfc,0c2e028dcb3262ef92e92564f4c55cdddd6f64945b22ac315f10631df10ccb82,8a8ac6a74ff16f70c26373d03c9e72726890aaba776363757688178d530a945d,none,0.0,0.0,0.5891462029705218,0.4906094968107725,0.4691412441544277,900
graphsage_pilot_v1_step900,ukr_rus_suspended,linear,1,1,0,val,2,2,d73d3d76b81fffb6f14dba64a89f45ae3cb6ec170ba2f809a798c78d912bfa77,0c2e028dcb3262ef92e92564f4c55cdddd6f64945b22ac315f10631df10ccb82,8a8ac6a74ff16f70c26373d03c9e72726890aaba776363757688178d530a945d,AdamW,0.01,0.0,0.5934613001447075,0.4927793036236378,0.469917987339883,900
graphsage_pilot_v1_step900,ukr_rus_suspended,linear,1,1,0,test,2,2,d73d3d76b81fffb6f14dba64a89f45ae3cb6ec170ba2f809a798c78d912bfa77,0c2e028dcb3262ef92e92564f4c55cdddd6f64945b22ac315f10631df10ccb82,8a8ac6a74ff16f70c26373d03c9e72726890aaba776363757688178d530a945d,AdamW,0.01,0.0,0.5891462029705218,0.4906094968107725,0.4691412441544277,900
graphsage_pilot_v1_step900,ukr_rus_suspended,linear,1,1,1,val,2,2,d73d3d76b81fffb6f14dba64a89f45ae3cb6ec170ba2f809a798c78d912bfa77,0c2e028dcb3262ef92e92564f4c55cdddd6f64945b22ac315f10631df10ccb82,8a8ac6a74ff16f70c26373d03c9e72726890aaba776363757688178d530a945d,AdamW,0.01,0.0,0.569160380537626,0.5418623194825906,0.5097195565122081,900
graphsage_pilot_v1_step900,ukr_rus_suspended,linear,1,1,1,test,2,2,d73d3d76b81fffb6f14dba64a89f45ae3cb6ec170ba2f809a798c78d912bfa77,0c2e028dcb3262ef92e92564f4c55cdddd6f64945b22ac315f10631df10ccb82,8a8ac6a74ff16f70c26373d03c9e72726890aaba776363757688178d530a945d,AdamW,0.01,0.0,0.5597642228224498,0.538359319631467,0.506525707731982,900
graphsage_pilot_v1_step900,ukr_rus_suspended,linear,1,1,10,val,2,2,d73d3d76b81fffb6f14dba64a89f45ae3cb6ec170ba2f809a798c78d912bfa77,0c2e028dcb3262ef92e92564f4c55cdddd6f64945b22ac315f10631df10ccb82,8a8ac6a74ff16f70c26373d03c9e72726890aaba776363757688178d530a945d,AdamW,0.01,0.0,0.5986938822557907,0.6003366705058917,0.5854917234434186,900
graphsage_pilot_v1_step900,ukr_rus_suspended,linear,1,1,10,test,2,2,d73d3d76b81fffb6f14dba64a89f45ae3cb6ec170ba2f809a798c78d912bfa77,0c2e028dcb3262ef92e92564f4c55cdddd6f64945b22ac315f10631df10ccb82,8a8ac6a74ff16f70c26373d03c9e72726890aaba776363757688178d530a945d,AdamW,0.01,0.0,0.5892419009477059,0.5967399007795889,0.5795880600891451,900
graphsage_pilot_v1_step900,ukr_rus_suspended,linear,1,1,100,val,2,2,d73d3d76b81fffb6f14dba64a89f45ae3cb6ec170ba2f809a798c78d912bfa77,0c2e028dcb3262ef92e92564f4c55cdddd6f64945b22ac315f10631df10ccb82,8a8ac6a74ff16f70c26373d03c9e72726890aaba776363757688178d530a945d,AdamW,0.01,0.0,0.598083151154428,0.6002480730043412,0.59324504408073,900
graphsage_pilot_v1_step900,ukr_rus_suspended,linear,1,1,100,test,2,2,d73d3d76b81fffb6f14dba64a89f45ae3cb6ec170ba2f809a798c78d912bfa77,0c2e028dcb3262ef92e92564f4c55cdddd6f64945b22ac315f10631df10ccb82,8a8ac6a74ff16f70c26373d03c9e72726890aaba776363757688178d530a945d,AdamW,0.01,0.0,0.5916740315949958,0.5931963146704465,0.5842263229688495,900
graphsage_pilot_v1_step900,ukr_rus_suspended,linear,1,10,0,val,2,20,0799d70a753227d471335ad303c0239095fe54cbc93c2961ebd67a3fb8c8bf71,0c2e028dcb3262ef92e92564f4c55cdddd6f64945b22ac315f10631df10ccb82,8a8ac6a74ff16f70c26373d03c9e72726890aaba776363757688178d530a945d,AdamW,0.01,0.0,0.5934613001447075,0.4927793036236378,0.469917987339883,900
graphsage_pilot_v1_step900,ukr_rus_suspended,linear,1,10,0,test,2,20,0799d70a753227d471335ad303c0239095fe54cbc93c2961ebd67a3fb8c8bf71,0c2e028dcb3262ef92e92564f4c55cdddd6f64945b22ac315f10631df10ccb82,8a8ac6a74ff16f70c26373d03c9e72726890aaba776363757688178d530a945d,AdamW,0.01,0.0,0.5891462029705218,0.4906094968107725,0.4691412441544277,900
graphsage_pilot_v1_step900,ukr_rus_suspended,linear,1,10,1,val,2,20,0799d70a753227d471335ad303c0239095fe54cbc93c2961ebd67a3fb8c8bf71,0c2e028dcb3262ef92e92564f4c55cdddd6f64945b22ac315f10631df10ccb82,8a8ac6a74ff16f70c26373d03c9e72726890aaba776363757688178d530a945d,AdamW,0.01,0.0,0.5407076987142663,0.458846460529813,0.4474497167270952,900
graphsage_pilot_v1_step900,ukr_rus_suspended,linear,1,10,1,test,2,20,0799d70a753227d471335ad303c0239095fe54cbc93c2961ebd67a3fb8c8bf71,0c2e028dcb3262ef92e92564f4c55cdddd6f64945b22ac315f10631df10ccb82,8a8ac6a74ff16f70c26373d03c9e72726890aaba776363757688178d530a945d,AdamW,0.01,0.0,0.5361853795871842,0.4594259390503189,0.4479140146180997,900
graphsage_pilot_v1_step900,ukr_rus_suspended,linear,1,10,10,val,2,20,0799d70a753227d471335ad303c0239095fe54cbc93c2961ebd67a3fb8c8bf71,0c2e028dcb3262ef92e92564f4c55cdddd6f64945b22ac315f10631df10ccb82,8a8ac6a74ff16f70c26373d03c9e72726890aaba776363757688178d530a945d,AdamW,0.01,0.0,0.569315720658197,0.5283069017453708,0.5278554942728229,900
graphsage_pilot_v1_step900,ukr_rus_suspended,linear,1,10,10,test,2,20,0799d70a753227d471335ad303c0239095fe54cbc93c2961ebd67a3fb8c8bf71,0c2e028dcb3262ef92e92564f4c55cdddd6f64945b22ac315f10631df10ccb82,8a8ac6a74ff16f70c26373d03c9e72726890aaba776363757688178d530a945d,AdamW,0.01,0.0,0.5591237280947781,0.5177179305457122,0.5171935761439139,900
graphsage_pilot_v1_step900,ukr_rus_suspended,linear,1,10,100,val,2,20,0799d70a753227d471335ad303c0239095fe54cbc93c2961ebd67a3fb8c8bf71,0c2e028dcb3262ef92e92564f4c55cdddd6f64945b22ac315f10631df10ccb82,8a8ac6a74ff16f70c26373d03c9e72726890aaba776363757688178d530a945d,AdamW,0.01,0.0,0.5976686374600224,0.5920085053601488,0.5858715712569348,900
graphsage_pilot_v1_step900,ukr_rus_suspended,linear,1,10,100,test,2,20,0799d70a753227d471335ad303c0239095fe54cbc93c2961ebd67a3fb8c8bf71,0c2e028dcb3262ef92e92564f4c55cdddd6f64945b22ac315f10631df10ccb82,8a8ac6a74ff16f70c26373d03c9e72726890aaba776363757688178d530a945d,AdamW,0.01,0.0,0.5871186824703816,0.5846917080085046,0.5769809719815366,900
graphsage_pilot_v1_step900,ukr_rus_suspended,linear,1,100,0,val,2,200,1728296263c97d6583bec3f11c800c3d719473b87756114e79f69c4d870069e2,0c2e028dcb3262ef92e92564f4c55cdddd6f64945b22ac315f10631df10ccb82,8a8ac6a74ff16f70c26373d03c9e72726890aaba776363757688178d530a945d,AdamW,0.01,0.0,0.5934613001447075,0.4927793036236378,0.469917987339883,900
graphsage_pilot_v1_step900,ukr_rus_suspended,linear,1,100,0,test,2,200,1728296263c97d6583bec3f11c800c3d719473b87756114e79f69c4d870069e2,0c2e028dcb3262ef92e92564f4c55cdddd6f64945b22ac315f10631df10ccb82,8a8ac6a74ff16f70c26373d03c9e72726890aaba776363757688178d530a945d,AdamW,0.01,0.0,0.5891462029705218,0.4906094968107725,0.4691412441544277,900
graphsage_pilot_v1_step900,ukr_rus_suspended,linear,1,100,1,val,2,200,1728296263c97d6583bec3f11c800c3d719473b87756114e79f69c4d870069e2,0c2e028dcb3262ef92e92564f4c55cdddd6f64945b22ac315f10631df10ccb82,8a8ac6a74ff16f70c26373d03c9e72726890aaba776363757688178d530a945d,AdamW,0.01,0.0,0.5395210031099542,0.5388500044298751,0.5087935433372459,900
graphsage_pilot_v1_step900,ukr_rus_suspended,linear,1,100,1,test,2,200,1728296263c97d6583bec3f11c800c3d719473b87756114e79f69c4d870069e2,0c2e028dcb3262ef92e92564f4c55cdddd6f64945b22ac315f10631df10ccb82,8a8ac6a74ff16f70c26373d03c9e72726890aaba776363757688178d530a945d,AdamW,0.01,0.0,0.5357408148914284,0.5357016300496102,0.5059738959776423,900
graphsage_pilot_v1_step900,ukr_rus_suspended,linear,1,100,10,val,2,200,1728296263c97d6583bec3f11c800c3d719473b87756114e79f69c4d870069e2,0c2e028dcb3262ef92e92564f4c55cdddd6f64945b22ac315f10631df10ccb82,8a8ac6a74ff16f70c26373d03c9e72726890aaba776363757688178d530a945d,AdamW,0.01,0.0,0.5543416405885018,0.5417737219810401,0.5088332725857374,900
graphsage_pilot_v1_step900,ukr_rus_suspended,linear,1,100,10,test,2,200,1728296263c97d6583bec3f11c800c3d719473b87756114e79f69c4d870069e2,0c2e028dcb3262ef92e92564f4c55cdddd6f64945b22ac315f10631df10ccb82,8a8ac6a74ff16f70c26373d03c9e72726890aaba776363757688178d530a945d,AdamW,0.01,0.0,0.5483756490322993,0.5410170092133239,0.5084621968855098,900
graphsage_pilot_v1_step900,ukr_rus_suspended,linear,1,100,100,val,2,200,1728296263c97d6583bec3f11c800c3d719473b87756114e79f69c4d870069e2,0c2e028dcb3262ef92e92564f4c55cdddd6f64945b22ac315f10631df10ccb82,8a8ac6a74ff16f70c26373d03c9e72726890aaba776363757688178d530a945d,AdamW,0.01,0.0,0.5859124778383036,0.5899707628244883,0.5823668394564494,900
graphsage_pilot_v1_step900,ukr_rus_suspended,linear,1,100,100,test,2,200,1728296263c97d6583bec3f11c800c3d719473b87756114e79f69c4d870069e2,0c2e028dcb3262ef92e92564f4c55cdddd6f64945b22ac315f10631df10ccb82,8a8ac6a74ff16f70c26373d03c9e72726890aaba776363757688178d530a945d,AdamW,0.01,0.0,0.573440801475704,0.583805811481219,0.5751633038162849,900
graphsage_pilot_v1_step900,ukr_rus_suspended,linear,2,0,0,val,2,0,af5570f5a1810b7af78caf4bc70a660f0df51e42baf91d4de5b2328de0e83dfc,0c2e028dcb3262ef92e92564f4c55cdddd6f64945b22ac315f10631df10ccb82,203ffea723cb4cf0d5b2da185e1677d1c082fd4475784ccb7c3a518868d42cce,none,0.0,0.0,0.5554600572950968,0.5439000620182511,0.488953356199328,900
graphsage_pilot_v1_step900,ukr_rus_suspended,linear,2,0,0,test,2,0,af5570f5a1810b7af78caf4bc70a660f0df51e42baf91d4de5b2328de0e83dfc,0c2e028dcb3262ef92e92564f4c55cdddd6f64945b22ac315f10631df10ccb82,203ffea723cb4cf0d5b2da185e1677d1c082fd4475784ccb7c3a518868d42cce,none,0.0,0.0,0.5479403293528206,0.5520021261516654,0.4969899762216858,900
graphsage_pilot_v1_step900,ukr_rus_suspended,linear,2,1,0,val,2,2,aad26da52850ca862f2ded49b2710985a734f1e075c85c658bab395f51c94f19,0c2e028dcb3262ef92e92564f4c55cdddd6f64945b22ac315f10631df10ccb82,203ffea723cb4cf0d5b2da185e1677d1c082fd4475784ccb7c3a518868d42cce,AdamW,0.01,0.0,0.5554600572950968,0.5439000620182511,0.488953356199328,900
graphsage_pilot_v1_step900,ukr_rus_suspended,linear,2,1,0,test,2,2,aad26da52850ca862f2ded49b2710985a734f1e075c85c658bab395f51c94f19,0c2e028dcb3262ef92e92564f4c55cdddd6f64945b22ac315f10631df10ccb82,203ffea723cb4cf0d5b2da185e1677d1c082fd4475784ccb7c3a518868d42cce,AdamW,0.01,0.0,0.5479403293528206,0.5520021261516654,0.4969899762216858,900
graphsage_pilot_v1_step900,ukr_rus_suspended,linear,2,1,1,val,2,2,aad26da52850ca862f2ded49b2710985a734f1e075c85c658bab395f51c94f19,0c2e028dcb3262ef92e92564f4c55cdddd6f64945b22ac315f10631df10ccb82,203ffea723cb4cf0d5b2da185e1677d1c082fd4475784ccb7c3a518868d42cce,AdamW,0.01,0.0,0.4557622854899269,0.4752369983166474,0.4746601967099627,900
graphsage_pilot_v1_step900,ukr_rus_suspended,linear,2,1,1,test,2,2,aad26da52850ca862f2ded49b2710985a734f1e075c85c658bab395f51c94f19,0c2e028dcb3262ef92e92564f4c55cdddd6f64945b22ac315f10631df10ccb82,203ffea723cb4cf0d5b2da185e1677d1c082fd4475784ccb7c3a518868d42cce,AdamW,0.01,0.0,0.4585242201418774,0.4794472005669737,0.4790389324812003,900
graphsage_pilot_v1_step900,ukr_rus_suspended,linear,2,1,10,val,2,2,aad26da52850ca862f2ded49b2710985a734f1e075c85c658bab395f51c94f19,0c2e028dcb3262ef92e92564f4c55cdddd6f64945b22ac315f10631df10ccb82,203ffea723cb4cf0d5b2da185e1677d1c082fd4475784ccb7c3a518868d42cce,AdamW,0.01,0.0,0.4559150687700041,0.4709843182422256,0.4697251918579959,900
graphsage_pilot_v1_step900,ukr_rus_suspended,linear,2,1,10,test,2,2,aad26da52850ca862f2ded49b2710985a734f1e075c85c658bab395f51c94f19,0c2e028dcb3262ef92e92564f4c55cdddd6f64945b22ac315f10631df10ccb82,203ffea723cb4cf0d5b2da185e1677d1c082fd4475784ccb7c3a518868d42cce,AdamW,0.01,0.0,0.4579949871753134,0.4760807937632884,0.4750916905645093,900
graphsage_pilot_v1_step900,ukr_rus_suspended,linear,2,1,100,val,2,2,aad26da52850ca862f2ded49b2710985a734f1e075c85c658bab395f51c94f19,0c2e028dcb3262ef92e92564f4c55cdddd6f64945b22ac315f10631df10ccb82,203ffea723cb4cf0d5b2da185e1677d1c082fd4475784ccb7c3a518868d42cce,AdamW,0.01,0.0,0.4551237185967725,0.4706299282360237,0.4693142399277938,900
graphsage_pilot_v1_step900,ukr_rus_suspended,linear,2,1,100,test,2,2,aad26da52850ca862f2ded49b2710985a734f1e075c85c658bab395f51c94f19,0c2e028dcb3262ef92e92564f4c55cdddd6f64945b22ac315f10631df10ccb82,203ffea723cb4cf0d5b2da185e1677d1c082fd4475784ccb7c3a518868d42cce,AdamW,0.01,0.0,0.4580010808469117,0.4756378454996456,0.4746028722034137,900
graphsage_pilot_v1_step900,ukr_rus_suspended,linear,2,10,0,val,2,20,ebf0dfe0820787f8d79027650ee848f503045e56e273aae6c793bbd29d911716,0c2e028dcb3262ef92e92564f4c55cdddd6f64945b22ac315f10631df10ccb82,203ffea723cb4cf0d5b2da185e1677d1c082fd4475784ccb7c3a518868d42cce,AdamW,0.01,0.0,0.5554600572950968,0.5439000620182511,0.488953356199328,900
graphsage_pilot_v1_step900,ukr_rus_suspended,linear,2,10,0,test,2,20,ebf0dfe0820787f8d79027650ee848f503045e56e273aae6c793bbd29d911716,0c2e028dcb3262ef92e92564f4c55cdddd6f64945b22ac315f10631df10ccb82,203ffea723cb4cf0d5b2da185e1677d1c082fd4475784ccb7c3a518868d42cce,AdamW,0.01,0.0,0.5479403293528206,0.5520021261516654,0.4969899762216858,900
graphsage_pilot_v1_step900,ukr_rus_suspended,linear,2,10,1,val,2,20,ebf0dfe0820787f8d79027650ee848f503045e56e273aae6c793bbd29d911716,0c2e028dcb3262ef92e92564f4c55cdddd6f64945b22ac315f10631df10ccb82,203ffea723cb4cf0d5b2da185e1677d1c082fd4475784ccb7c3a518868d42cce,AdamW,0.01,0.0,0.4402786062048183,0.5428368919996456,0.4213929886813381,900
graphsage_pilot_v1_step900,ukr_rus_suspended,linear,2,10,1,test,2,20,ebf0dfe0820787f8d79027650ee848f503045e56e273aae6c793bbd29d911716,0c2e028dcb3262ef92e92564f4c55cdddd6f64945b22ac315f10631df10ccb82,203ffea723cb4cf0d5b2da185e1677d1c082fd4475784ccb7c3a518868d42cce,AdamW,0.01,0.0,0.454792899415895,0.5419029057406095,0.4234197562894468,900
graphsage_pilot_v1_step900,ukr_rus_suspended,linear,2,10,10,val,2,20,ebf0dfe0820787f8d79027650ee848f503045e56e273aae6c793bbd29d911716,0c2e028dcb3262ef92e92564f4c55cdddd6f64945b22ac315f10631df10ccb82,203ffea723cb4cf0d5b2da185e1677d1c082fd4475784ccb7c3a518868d42cce,AdamW,0.01,0.0,0.4148018294241976,0.4342163550987862,0.4161212395158455,900
graphsage_pilot_v1_step900,ukr_rus_suspended,linear,2,10,10,test,2,20,ebf0dfe0820787f8d79027650ee848f503045e56e273aae6c793bbd29d911716,0c2e028dcb3262ef92e92564f4c55cdddd6f64945b22ac315f10631df10ccb82,203ffea723cb4cf0d5b2da185e1677d1c082fd4475784ccb7c3a518868d42cce,AdamW,0.01,0.0,0.421147407170068,0.4412650602409638,0.4255503415931422,900
graphsage_pilot_v1_step900,ukr_rus_suspended,linear,2,10,100,val,2,20,ebf0dfe0820787f8d79027650ee848f503045e56e273aae6c793bbd29d911716,0c2e028dcb3262ef92e92564f4c55cdddd6f64945b22ac315f10631df10ccb82,203ffea723cb4cf0d5b2da185e1677d1c082fd4475784ccb7c3a518868d42cce,AdamW,0.01,0.0,0.414238713446749,0.4911845485957296,0.4400116539619907,900
graphsage_pilot_v1_step900,ukr_rus_suspended,linear,2,10,100,test,2,20,ebf0dfe0820787f8d79027650ee848f503045e56e273aae6c793bbd29d911716,0c2e028dcb3262ef92e92564f4c55cdddd6f64945b22ac315f10631df10ccb82,203ffea723cb4cf0d5b2da185e1677d1c082fd4475784ccb7c3a518868d42cce,AdamW,0.01,0.0,0.4211337888591347,0.4927356484762579,0.4453301833748703,900
graphsage_pilot_v1_step900,ukr_rus_suspended,linear,2,100,0,val,2,200,43631ca67a92fed54e454d00c6f590f21eb883aa513846af2e549f7403669eed,0c2e028dcb3262ef92e92564f4c55cdddd6f64945b22ac315f10631df10ccb82,203ffea723cb4cf0d5b2da185e1677d1c082fd4475784ccb7c3a518868d42cce,AdamW,0.01,0.0,0.5554600572950968,0.5439000620182511,0.488953356199328,900
graphsage_pilot_v1_step900,ukr_rus_suspended,linear,2,100,0,test,2,200,43631ca67a92fed54e454d00c6f590f21eb883aa513846af2e549f7403669eed,0c2e028dcb3262ef92e92564f4c55cdddd6f64945b22ac315f10631df10ccb82,203ffea723cb4cf0d5b2da185e1677d1c082fd4475784ccb7c3a518868d42cce,AdamW,0.01,0.0,0.5479403293528206,0.5520021261516654,0.4969899762216858,900
graphsage_pilot_v1_step900,ukr_rus_suspended,linear,2,100,1,val,2,200,43631ca67a92fed54e454d00c6f590f21eb883aa513846af2e549f7403669eed,0c2e028dcb3262ef92e92564f4c55cdddd6f64945b22ac315f10631df10ccb82,203ffea723cb4cf0d5b2da185e1677d1c082fd4475784ccb7c3a518868d42cce,AdamW,0.01,0.0,0.5630001316692451,0.491450341100381,0.4739443237636859,900
graphsage_pilot_v1_step900,ukr_rus_suspended,linear,2,100,1,test,2,200,43631ca67a92fed54e454d00c6f590f21eb883aa513846af2e549f7403669eed,0c2e028dcb3262ef92e92564f4c55cdddd6f64945b22ac315f10631df10ccb82,203ffea723cb4cf0d5b2da185e1677d1c082fd4475784ccb7c3a518868d42cce,AdamW,0.01,0.0,0.5572774903051131,0.4937101346562721,0.4780869842890727,900
graphsage_pilot_v1_step900,ukr_rus_suspended,linear,2,100,10,val,2,200,43631ca67a92fed54e454d00c6f590f21eb883aa513846af2e549f7403669eed,0c2e028dcb3262ef92e92564f4c55cdddd6f64945b22ac315f10631df10ccb82,203ffea723cb4cf0d5b2da185e1677d1c082fd4475784ccb7c3a518868d42cce,AdamW,0.01,0.0,0.5862417152739733,0.5728714450252503,0.5686849835119856,900
graphsage_pilot_v1_step900,ukr_rus_suspended,linear,2,100,10,test,2,200,43631ca67a92fed54e454d00c6f590f21eb883aa513846af2e549f7403669eed,0c2e028dcb3262ef92e92564f4c55cdddd6f64945b22ac315f10631df10ccb82,203ffea723cb4cf0d5b2da185e1677d1c082fd4475784ccb7c3a518868d42cce,AdamW,0.01,0.0,0.5893032235426284,0.5785790219702339,0.572600936832806,900
graphsage_pilot_v1_step900,ukr_rus_suspended,linear,2,100,100,val,2,200,43631ca67a92fed54e454d00c6f590f21eb883aa513846af2e549f7403669eed,0c2e028dcb3262ef92e92564f4c55cdddd6f64945b22ac315f10631df10ccb82,203ffea723cb4cf0d5b2da185e1677d1c082fd4475784ccb7c3a518868d42cce,AdamW,0.01,0.0,0.5919206027376784,0.5708337024895898,0.5700398228565795,900
graphsage_pilot_v1_step900,ukr_rus_suspended,linear,2,100,100,test,2,200,43631ca67a92fed54e454d00c6f590f21eb883aa513846af2e549f7403669eed,0c2e028dcb3262ef92e92564f4c55cdddd6f64945b22ac315f10631df10ccb82,203ffea723cb4cf0d5b2da185e1677d1c082fd4475784ccb7c3a518868d42cce,AdamW,0.01,0.0,0.593268097497202,0.5674167257264352,0.5662991795263561,900
