run_id,display_name,state,dataset,task_name,prefix,pretrained_model_run,n_shots,n_way,n_query,zero_shot,test_accuracy,train_accuracy,test_f1,test_roc_auc,created_at,steps,tags,input_dim,feature_subset,eval_only,graph,shot_label,eval1_dataset,trained_on_display_name,month/day,shots,train_tuples,run_list,train_id,eval_dataset,eval_task,eval_id,run_idx,seq,auc,f1,auc_rounded
hsqc1ojq,eval_covid_political_pl_to_election2020_pl_10shot_23_04_2026_06_27_30,finished,election2020,pl,eval_covid_political_pl_to_election2020_pl_10shot,state/train1_covid_political_pl_21_04_2026_00_01_34/checkpoint/state_dict_4000.ckpt,10.0,2.0,12.0,False,0.9747166666666668,,0.9747061275531472,0.98451339,2026-04-23 13:27:33+00:00,1.0,"['new tasks apr 21', 'social_llm_v4']",384.0,emb_only,True,/scratch1/eibl/data/election2020/graphs/retweet_graph.pt,10.0,election2020,train1_covid_political_pl_21_04_2026_00_01_34,4/23,10,"[('covid_political', 'pl', 3)]",['sm3odwmo'],covid_political+pl(3),election2020,pl,election2020+pl(10),sm3odwmo|election2020+pl(10),covid_political+pl(3)|election2020+pl(10),0.98451339,0.9747061275531472,0.98451339
0cr80acq,eval_covid_political_pl_to_election2020_nm_10shot_23_04_2026_06_14_39,finished,election2020,nm,eval_covid_political_pl_to_election2020_nm_10shot,state/train1_covid_political_pl_21_04_2026_00_01_34/checkpoint/state_dict_4000.ckpt,10.0,3.0,12.0,False,0.5663,,0.5662426097825083,0.8027693564814814,2026-04-23 13:14:42+00:00,1.0,['new tasks apr 21'],384.0,emb_only,True,/scratch1/eibl/data/election2020/graphs/retweet_graph.pt,10.0,election2020,train1_covid_political_pl_21_04_2026_00_01_34,4/23,10,"[('covid_political', 'pl', 3)]",['sm3odwmo'],covid_political+pl(3),election2020,nm,election2020+nm(10),sm3odwmo|election2020+nm(10),covid_political+pl(3)|election2020+nm(10),0.8027693564814814,0.5662426097825083,0.802769356
xajkr2f2,eval_covid_political_pl_to_election2020_pl_1shot_23_04_2026_06_11_19,finished,election2020,pl,eval_covid_political_pl_to_election2020_pl_1shot,state/train1_covid_political_pl_21_04_2026_00_01_34/checkpoint/state_dict_4000.ckpt,1.0,2.0,12.0,False,0.9557333333333332,,0.9557008472880112,0.981126213888889,2026-04-23 13:11:22+00:00,1.0,['new tasks apr 21'],384.0,emb_only,True,/scratch1/eibl/data/election2020/graphs/retweet_graph.pt,1.0,election2020,train1_covid_political_pl_21_04_2026_00_01_34,4/23,1,"[('covid_political', 'pl', 3)]",['sm3odwmo'],covid_political+pl(3),election2020,pl,election2020+pl(1),sm3odwmo|election2020+pl(1),covid_political+pl(3)|election2020+pl(1),0.981126213888889,0.9557008472880112,0.981126214
25bdjk1p,eval_covid_political_pl_to_election2020_nm_1shot_23_04_2026_06_03_46,finished,election2020,nm,eval_covid_political_pl_to_election2020_nm_1shot,state/train1_covid_political_pl_21_04_2026_00_01_34/checkpoint/state_dict_4000.ckpt,1.0,3.0,12.0,False,0.5497555555555556,,0.5494633161869036,0.770581991574074,2026-04-23 13:03:49+00:00,1.0,['new tasks apr 21'],384.0,emb_only,True,/scratch1/eibl/data/election2020/graphs/retweet_graph.pt,1.0,election2020,train1_covid_political_pl_21_04_2026_00_01_34,4/23,1,"[('covid_political', 'pl', 3)]",['sm3odwmo'],covid_political+pl(3),election2020,nm,election2020+nm(1),sm3odwmo|election2020+nm(1),covid_political+pl(3)|election2020+nm(1),0.770581991574074,0.5494633161869036,0.770581992
vf0n85fw,eval_covid_political_pl_to_election2020_pl_0shot_23_04_2026_06_00_44,finished,election2020,pl,eval_covid_political_pl_to_election2020_pl_0shot,state/train1_covid_political_pl_21_04_2026_00_01_34/checkpoint/state_dict_4000.ckpt,0.0,2.0,12.0,True,0.4997166666666666,,0.5042855019569633,0.5349916172222222,2026-04-23 13:00:46+00:00,1.0,['new tasks apr 21'],384.0,emb_only,True,/scratch1/eibl/data/election2020/graphs/retweet_graph.pt,0.0,election2020,train1_covid_political_pl_21_04_2026_00_01_34,4/23,0,"[('covid_political', 'pl', 3)]",['sm3odwmo'],covid_political+pl(3),election2020,pl,election2020+pl(0),sm3odwmo|election2020+pl(0),covid_political+pl(3)|election2020+pl(0),0.5349916172222222,0.5042855019569633,0.534991617
zttz3p5m,eval_covid_political_pl_to_election2020_nm_0shot_23_04_2026_05_53_43,finished,election2020,nm,eval_covid_political_pl_to_election2020_nm_0shot,state/train1_covid_political_pl_21_04_2026_00_01_34/checkpoint/state_dict_4000.ckpt,0.0,3.0,12.0,True,0.3369,,0.2978605308404114,0.499113644537037,2026-04-23 12:53:46+00:00,1.0,['new tasks apr 21'],384.0,emb_only,True,/scratch1/eibl/data/election2020/graphs/retweet_graph.pt,0.0,election2020,train1_covid_political_pl_21_04_2026_00_01_34,4/23,0,"[('covid_political', 'pl', 3)]",['sm3odwmo'],covid_political+pl(3),election2020,nm,election2020+nm(0),sm3odwmo|election2020+nm(0),covid_political+pl(3)|election2020+nm(0),0.499113644537037,0.2978605308404114,0.499113645
uwqpi1ex,eval_covid_political_nm_to_election2020_pl_10shot_23_04_2026_05_48_25,finished,election2020,pl,eval_covid_political_nm_to_election2020_pl_10shot,state/train1_covid_political_nm_21_04_2026_00_00_23/checkpoint/state_dict_4000.ckpt,10.0,2.0,12.0,False,0.9759,,0.9758927678303492,0.9777881627777778,2026-04-23 12:48:27+00:00,1.0,['new tasks apr 21'],384.0,emb_only,True,/scratch1/eibl/data/election2020/graphs/retweet_graph.pt,10.0,election2020,train1_covid_political_nm_21_04_2026_00_00_23,4/23,10,"[('covid_political', 'nm', 3)]",['oes3yxnj'],covid_political+nm(3),election2020,pl,election2020+pl(10),oes3yxnj|election2020+pl(10),covid_political+nm(3)|election2020+pl(10),0.9777881627777778,0.9758927678303492,0.977788163
4p6i5gnd,eval_covid_political_nm_to_election2020_nm_10shot_23_04_2026_05_35_32,finished,election2020,nm,eval_covid_political_nm_to_election2020_nm_10shot,state/train1_covid_political_nm_21_04_2026_00_00_23/checkpoint/state_dict_4000.ckpt,10.0,3.0,12.0,False,0.6405444444444445,,0.6405318917697104,0.8621139756481483,2026-04-23 12:35:35+00:00,1.0,['new tasks apr 21'],384.0,emb_only,True,/scratch1/eibl/data/election2020/graphs/retweet_graph.pt,10.0,election2020,train1_covid_political_nm_21_04_2026_00_00_23,4/23,10,"[('covid_political', 'nm', 3)]",['oes3yxnj'],covid_political+nm(3),election2020,nm,election2020+nm(10),oes3yxnj|election2020+nm(10),covid_political+nm(3)|election2020+nm(10),0.8621139756481483,0.6405318917697104,0.862113976
n57ys7nq,eval_covid_political_nm_to_election2020_pl_1shot_23_04_2026_05_32_20,finished,election2020,pl,eval_covid_political_nm_to_election2020_pl_1shot,state/train1_covid_political_nm_21_04_2026_00_00_23/checkpoint/state_dict_4000.ckpt,1.0,2.0,12.0,False,0.9534666666666668,,0.953472870283962,0.9750034666666668,2026-04-23 12:32:22+00:00,1.0,['new tasks apr 21'],384.0,emb_only,True,/scratch1/eibl/data/election2020/graphs/retweet_graph.pt,1.0,election2020,train1_covid_political_nm_21_04_2026_00_00_23,4/23,1,"[('covid_political', 'nm', 3)]",['oes3yxnj'],covid_political+nm(3),election2020,pl,election2020+pl(1),oes3yxnj|election2020+pl(1),covid_political+nm(3)|election2020+pl(1),0.9750034666666668,0.953472870283962,0.975003467
j5vrrpz9,eval_covid_political_nm_to_election2020_nm_1shot_23_04_2026_05_24_34,finished,election2020,nm,eval_covid_political_nm_to_election2020_nm_1shot,state/train1_covid_political_nm_21_04_2026_00_00_23/checkpoint/state_dict_4000.ckpt,1.0,3.0,12.0,False,0.6115666666666667,,0.6115774204908838,0.8319815393518518,2026-04-23 12:24:36+00:00,1.0,['new tasks apr 21'],384.0,emb_only,True,/scratch1/eibl/data/election2020/graphs/retweet_graph.pt,1.0,election2020,train1_covid_political_nm_21_04_2026_00_00_23,4/23,1,"[('covid_political', 'nm', 3)]",['oes3yxnj'],covid_political+nm(3),election2020,nm,election2020+nm(1),oes3yxnj|election2020+nm(1),covid_political+nm(3)|election2020+nm(1),0.8319815393518518,0.6115774204908838,0.831981539
k903ebzf,eval_covid_political_nm_to_election2020_pl_0shot_23_04_2026_05_21_32,finished,election2020,pl,eval_covid_political_nm_to_election2020_pl_0shot,state/train1_covid_political_nm_21_04_2026_00_00_23/checkpoint/state_dict_4000.ckpt,0.0,2.0,12.0,True,0.4681833333333333,,0.4731619528786303,0.3010404022222223,2026-04-23 12:21:35+00:00,1.0,['new tasks apr 21'],384.0,emb_only,True,/scratch1/eibl/data/election2020/graphs/retweet_graph.pt,0.0,election2020,train1_covid_political_nm_21_04_2026_00_00_23,4/23,0,"[('covid_political', 'nm', 3)]",['oes3yxnj'],covid_political+nm(3),election2020,pl,election2020+pl(0),oes3yxnj|election2020+pl(0),covid_political+nm(3)|election2020+pl(0),0.3010404022222223,0.4731619528786303,0.301040402
54r4kyzl,eval_covid_political_nm_to_election2020_nm_0shot_23_04_2026_05_14_18,finished,election2020,nm,eval_covid_political_nm_to_election2020_nm_0shot,state/train1_covid_political_nm_21_04_2026_00_00_23/checkpoint/state_dict_4000.ckpt,0.0,3.0,12.0,True,0.3352,,0.2968807885036191,0.5027202746296296,2026-04-23 12:14:20+00:00,1.0,['new tasks apr 21'],384.0,emb_only,True,/scratch1/eibl/data/election2020/graphs/retweet_graph.pt,0.0,election2020,train1_covid_political_nm_21_04_2026_00_00_23,4/23,0,"[('covid_political', 'nm', 3)]",['oes3yxnj'],covid_political+nm(3),election2020,nm,election2020+nm(0),oes3yxnj|election2020+nm(0),covid_political+nm(3)|election2020+nm(0),0.5027202746296296,0.2968807885036191,0.502720275
ba65gt2l,eval_covid19_twitter_pl_to_election2020_pl_10shot_23_04_2026_05_09_05,finished,election2020,pl,eval_covid19_twitter_pl_to_election2020_pl_10shot,state/train1_covid19_twitter_pl_1p5m_13_04_2026_11_43_04/checkpoint/state_dict_22000.ckpt,10.0,2.0,12.0,False,0.5806833333333333,,0.5802425880507867,0.6095544605555556,2026-04-23 12:09:08+00:00,1.0,['new tasks apr 21'],384.0,emb_only,True,/scratch1/eibl/data/election2020/graphs/retweet_graph.pt,10.0,election2020,train1_covid19_twitter_pl_1p5m_13_04_2026_11_43_04,4/23,10,"[('covid19_twitter', 'pl', 4)]",['1tykfbva'],covid19_twitter+pl(4),election2020,pl,election2020+pl(10),1tykfbva|election2020+pl(10),covid19_twitter+pl(4)|election2020+pl(10),0.6095544605555556,0.5802425880507867,0.609554461
p5blfzbr,eval_covid19_twitter_pl_to_election2020_nm_10shot_23_04_2026_04_56_30,finished,election2020,nm,eval_covid19_twitter_pl_to_election2020_nm_10shot,state/train1_covid19_twitter_pl_1p5m_13_04_2026_11_43_04/checkpoint/state_dict_22000.ckpt,10.0,3.0,12.0,False,0.3340888888888889,,0.267153227303045,0.5012111298148149,2026-04-23 11:56:33+00:00,1.0,['new tasks apr 21'],384.0,emb_only,True,/scratch1/eibl/data/election2020/graphs/retweet_graph.pt,10.0,election2020,train1_covid19_twitter_pl_1p5m_13_04_2026_11_43_04,4/23,10,"[('covid19_twitter', 'pl', 4)]",['1tykfbva'],covid19_twitter+pl(4),election2020,nm,election2020+nm(10),1tykfbva|election2020+nm(10),covid19_twitter+pl(4)|election2020+nm(10),0.5012111298148149,0.267153227303045,0.50121113
h7bqe2pp,eval_covid19_twitter_pl_to_election2020_pl_1shot_23_04_2026_04_53_22,finished,election2020,pl,eval_covid19_twitter_pl_to_election2020_pl_1shot,state/train1_covid19_twitter_pl_1p5m_13_04_2026_11_43_04/checkpoint/state_dict_22000.ckpt,1.0,2.0,12.0,False,0.57775,,0.5782209865650024,0.6009899361111111,2026-04-23 11:53:25+00:00,1.0,['new tasks apr 21'],384.0,emb_only,True,/scratch1/eibl/data/election2020/graphs/retweet_graph.pt,1.0,election2020,train1_covid19_twitter_pl_1p5m_13_04_2026_11_43_04,4/23,1,"[('covid19_twitter', 'pl', 4)]",['1tykfbva'],covid19_twitter+pl(4),election2020,pl,election2020+pl(1),1tykfbva|election2020+pl(1),covid19_twitter+pl(4)|election2020+pl(1),0.6009899361111111,0.5782209865650024,0.600989936
wcahrrrd,eval_covid19_twitter_pl_to_election2020_nm_1shot_23_04_2026_04_45_50,finished,election2020,nm,eval_covid19_twitter_pl_to_election2020_nm_1shot,state/train1_covid19_twitter_pl_1p5m_13_04_2026_11_43_04/checkpoint/state_dict_22000.ckpt,1.0,3.0,12.0,False,0.3335,,0.2245313202827155,0.500528183425926,2026-04-23 11:45:54+00:00,1.0,['new tasks apr 21'],384.0,emb_only,True,/scratch1/eibl/data/election2020/graphs/retweet_graph.pt,1.0,election2020,train1_covid19_twitter_pl_1p5m_13_04_2026_11_43_04,4/23,1,"[('covid19_twitter', 'pl', 4)]",['1tykfbva'],covid19_twitter+pl(4),election2020,nm,election2020+nm(1),1tykfbva|election2020+nm(1),covid19_twitter+pl(4)|election2020+nm(1),0.500528183425926,0.2245313202827155,0.500528183
bej8iidq,eval_covid19_twitter_pl_to_election2020_pl_0shot_23_04_2026_04_42_50,finished,election2020,pl,eval_covid19_twitter_pl_to_election2020_pl_0shot,state/train1_covid19_twitter_pl_1p5m_13_04_2026_11_43_04/checkpoint/state_dict_22000.ckpt,0.0,2.0,12.0,True,0.53805,,0.5408127764616226,0.5670571394444445,2026-04-23 11:42:53+00:00,1.0,['new tasks apr 21'],384.0,emb_only,True,/scratch1/eibl/data/election2020/graphs/retweet_graph.pt,0.0,election2020,train1_covid19_twitter_pl_1p5m_13_04_2026_11_43_04,4/23,0,"[('covid19_twitter', 'pl', 4)]",['1tykfbva'],covid19_twitter+pl(4),election2020,pl,election2020+pl(0),1tykfbva|election2020+pl(0),covid19_twitter+pl(4)|election2020+pl(0),0.5670571394444445,0.5408127764616226,0.567057139
hpclx9fs,eval_covid19_twitter_pl_to_election2020_nm_0shot_23_04_2026_04_35_53,finished,election2020,nm,eval_covid19_twitter_pl_to_election2020_nm_0shot,state/train1_covid19_twitter_pl_1p5m_13_04_2026_11_43_04/checkpoint/state_dict_22000.ckpt,0.0,3.0,12.0,True,0.3358222222222222,,0.3198886865579836,0.5031588721296295,2026-04-23 11:35:55+00:00,1.0,['new tasks apr 21'],384.0,emb_only,True,/scratch1/eibl/data/election2020/graphs/retweet_graph.pt,0.0,election2020,train1_covid19_twitter_pl_1p5m_13_04_2026_11_43_04,4/23,0,"[('covid19_twitter', 'pl', 4)]",['1tykfbva'],covid19_twitter+pl(4),election2020,nm,election2020+nm(0),1tykfbva|election2020+nm(0),covid19_twitter+pl(4)|election2020+nm(0),0.5031588721296295,0.3198886865579836,0.503158872
6ypgau34,eval_covid19_twitter_lp_to_election2020_pl_10shot_23_04_2026_04_30_38,finished,election2020,pl,eval_covid19_twitter_lp_to_election2020_pl_10shot,state/train1_covid19_twitter_lp_1p5m_13_04_2026_15_42_52/checkpoint/state_dict_28000.ckpt,10.0,2.0,12.0,False,0.6804166666666667,,0.6809006340383751,0.7367512072222222,2026-04-23 11:30:41+00:00,1.0,['new tasks apr 21'],384.0,emb_only,True,/scratch1/eibl/data/election2020/graphs/retweet_graph.pt,10.0,election2020,train1_covid19_twitter_lp_1p5m_13_04_2026_15_42_52,4/23,10,"[('covid19_twitter', 'lp', 1)]",['2l1wyfau'],covid19_twitter+lp(1),election2020,pl,election2020+pl(10),2l1wyfau|election2020+pl(10),covid19_twitter+lp(1)|election2020+pl(10),0.7367512072222222,0.6809006340383751,0.736751207
kq3fe2lu,eval_covid19_twitter_lp_to_election2020_nm_10shot_23_04_2026_04_17_23,finished,election2020,nm,eval_covid19_twitter_lp_to_election2020_nm_10shot,state/train1_covid19_twitter_lp_1p5m_13_04_2026_15_42_52/checkpoint/state_dict_28000.ckpt,10.0,3.0,12.0,False,0.4626111111111111,,0.4625245552599181,0.6537372322222222,2026-04-23 11:17:28+00:00,1.0,['new tasks apr 21'],384.0,emb_only,True,/scratch1/eibl/data/election2020/graphs/retweet_graph.pt,10.0,election2020,train1_covid19_twitter_lp_1p5m_13_04_2026_15_42_52,4/23,10,"[('covid19_twitter', 'lp', 1)]",['2l1wyfau'],covid19_twitter+lp(1),election2020,nm,election2020+nm(10),2l1wyfau|election2020+nm(10),covid19_twitter+lp(1)|election2020+nm(10),0.6537372322222222,0.4625245552599181,0.653737232
ivq9v475,eval_covid19_twitter_lp_to_election2020_pl_1shot_23_04_2026_04_14_11,finished,election2020,pl,eval_covid19_twitter_lp_to_election2020_pl_1shot,state/train1_covid19_twitter_lp_1p5m_13_04_2026_15_42_52/checkpoint/state_dict_28000.ckpt,1.0,2.0,12.0,False,0.6198666666666667,,0.6206885082321636,0.6527508088888889,2026-04-23 11:14:14+00:00,1.0,['new tasks apr 21'],384.0,emb_only,True,/scratch1/eibl/data/election2020/graphs/retweet_graph.pt,1.0,election2020,train1_covid19_twitter_lp_1p5m_13_04_2026_15_42_52,4/23,1,"[('covid19_twitter', 'lp', 1)]",['2l1wyfau'],covid19_twitter+lp(1),election2020,pl,election2020+pl(1),2l1wyfau|election2020+pl(1),covid19_twitter+lp(1)|election2020+pl(1),0.6527508088888889,0.6206885082321636,0.652750809
yk0yfkl2,eval_covid19_twitter_lp_to_election2020_nm_1shot_23_04_2026_04_06_35,finished,election2020,nm,eval_covid19_twitter_lp_to_election2020_nm_1shot,state/train1_covid19_twitter_lp_1p5m_13_04_2026_15_42_52/checkpoint/state_dict_28000.ckpt,1.0,3.0,12.0,False,0.4209333333333333,,0.4201804419258587,0.6057325698148147,2026-04-23 11:06:38+00:00,1.0,['new tasks apr 21'],384.0,emb_only,True,/scratch1/eibl/data/election2020/graphs/retweet_graph.pt,1.0,election2020,train1_covid19_twitter_lp_1p5m_13_04_2026_15_42_52,4/23,1,"[('covid19_twitter', 'lp', 1)]",['2l1wyfau'],covid19_twitter+lp(1),election2020,nm,election2020+nm(1),2l1wyfau|election2020+nm(1),covid19_twitter+lp(1)|election2020+nm(1),0.6057325698148147,0.4201804419258587,0.60573257
0qlkmchn,eval_covid19_twitter_lp_to_election2020_pl_0shot_23_04_2026_04_03_26,finished,election2020,pl,eval_covid19_twitter_lp_to_election2020_pl_0shot,state/train1_covid19_twitter_lp_1p5m_13_04_2026_15_42_52/checkpoint/state_dict_28000.ckpt,0.0,2.0,12.0,True,0.5316666666666666,,0.534212969102241,0.5376332850000001,2026-04-23 11:03:29+00:00,1.0,['new tasks apr 21'],384.0,emb_only,True,/scratch1/eibl/data/election2020/graphs/retweet_graph.pt,0.0,election2020,train1_covid19_twitter_lp_1p5m_13_04_2026_15_42_52,4/23,0,"[('covid19_twitter', 'lp', 1)]",['2l1wyfau'],covid19_twitter+lp(1),election2020,pl,election2020+pl(0),2l1wyfau|election2020+pl(0),covid19_twitter+lp(1)|election2020+pl(0),0.5376332850000001,0.534212969102241,0.537633285
27o6yxn8,eval_covid19_twitter_lp_to_election2020_nm_0shot_23_04_2026_03_56_23,finished,election2020,nm,eval_covid19_twitter_lp_to_election2020_nm_0shot,state/train1_covid19_twitter_lp_1p5m_13_04_2026_15_42_52/checkpoint/state_dict_28000.ckpt,0.0,3.0,12.0,True,0.3332666666666666,,0.2877587026160916,0.4993366769444445,2026-04-23 10:56:26+00:00,1.0,['new tasks apr 21'],384.0,emb_only,True,/scratch1/eibl/data/election2020/graphs/retweet_graph.pt,0.0,election2020,train1_covid19_twitter_lp_1p5m_13_04_2026_15_42_52,4/23,0,"[('covid19_twitter', 'lp', 1)]",['2l1wyfau'],covid19_twitter+lp(1),election2020,nm,election2020+nm(0),2l1wyfau|election2020+nm(0),covid19_twitter+lp(1)|election2020+nm(0),0.4993366769444445,0.2877587026160916,0.499336677
wo0surkp,eval_covid19_twitter_nm_to_election2020_pl_10shot_23_04_2026_03_51_05,finished,election2020,pl,eval_covid19_twitter_nm_to_election2020_pl_10shot,state/train1_covid19_twitter_nm_1p5m_13_04_2026_12_14_58/checkpoint/state_dict_40000.ckpt,10.0,2.0,12.0,False,0.8299666666666666,,0.8299269829626913,0.9004484672222223,2026-04-23 10:51:08+00:00,1.0,['new tasks apr 21'],384.0,emb_only,True,/scratch1/eibl/data/election2020/graphs/retweet_graph.pt,10.0,election2020,train1_covid19_twitter_nm_1p5m_13_04_2026_12_14_58,4/23,10,"[('covid19_twitter', 'nm', 1)]",['7byj23i0'],covid19_twitter+nm(1),election2020,pl,election2020+pl(10),7byj23i0|election2020+pl(10),covid19_twitter+nm(1)|election2020+pl(10),0.9004484672222223,0.8299269829626913,0.900448467
nc8j577p,eval_covid19_twitter_nm_to_election2020_nm_10shot_23_04_2026_03_38_36,finished,election2020,nm,eval_covid19_twitter_nm_to_election2020_nm_10shot,state/train1_covid19_twitter_nm_1p5m_13_04_2026_12_14_58/checkpoint/state_dict_40000.ckpt,10.0,3.0,12.0,False,0.5780333333333333,,0.5779401765496984,0.7569967229629629,2026-04-23 10:38:39+00:00,1.0,['new tasks apr 21'],384.0,emb_only,True,/scratch1/eibl/data/election2020/graphs/retweet_graph.pt,10.0,election2020,train1_covid19_twitter_nm_1p5m_13_04_2026_12_14_58,4/23,10,"[('covid19_twitter', 'nm', 1)]",['7byj23i0'],covid19_twitter+nm(1),election2020,nm,election2020+nm(10),7byj23i0|election2020+nm(10),covid19_twitter+nm(1)|election2020+nm(10),0.7569967229629629,0.5779401765496984,0.756996723
d4sw1hlv,eval_covid19_twitter_nm_to_election2020_pl_1shot_23_04_2026_03_35_19,finished,election2020,pl,eval_covid19_twitter_nm_to_election2020_pl_1shot,state/train1_covid19_twitter_nm_1p5m_13_04_2026_12_14_58/checkpoint/state_dict_40000.ckpt,1.0,2.0,12.0,False,0.79325,,0.7924231522230217,0.8138610933333333,2026-04-23 10:35:22+00:00,1.0,['new tasks apr 21'],384.0,emb_only,True,/scratch1/eibl/data/election2020/graphs/retweet_graph.pt,1.0,election2020,train1_covid19_twitter_nm_1p5m_13_04_2026_12_14_58,4/23,1,"[('covid19_twitter', 'nm', 1)]",['7byj23i0'],covid19_twitter+nm(1),election2020,pl,election2020+pl(1),7byj23i0|election2020+pl(1),covid19_twitter+nm(1)|election2020+pl(1),0.8138610933333333,0.7924231522230217,0.813861093
ees3zhnw,eval_covid19_twitter_nm_to_election2020_nm_1shot_23_04_2026_03_27_45,finished,election2020,nm,eval_covid19_twitter_nm_to_election2020_nm_1shot,state/train1_covid19_twitter_nm_1p5m_13_04_2026_12_14_58/checkpoint/state_dict_40000.ckpt,1.0,3.0,12.0,False,0.5612444444444444,,0.5612540867849213,0.7256324362037038,2026-04-23 10:27:48+00:00,1.0,['new tasks apr 21'],384.0,emb_only,True,/scratch1/eibl/data/election2020/graphs/retweet_graph.pt,1.0,election2020,train1_covid19_twitter_nm_1p5m_13_04_2026_12_14_58,4/23,1,"[('covid19_twitter', 'nm', 1)]",['7byj23i0'],covid19_twitter+nm(1),election2020,nm,election2020+nm(1),7byj23i0|election2020+nm(1),covid19_twitter+nm(1)|election2020+nm(1),0.7256324362037038,0.5612540867849213,0.725632436
0voxtw9b,eval_covid19_twitter_nm_to_election2020_pl_0shot_23_04_2026_03_24_47,finished,election2020,pl,eval_covid19_twitter_nm_to_election2020_pl_0shot,state/train1_covid19_twitter_nm_1p5m_13_04_2026_12_14_58/checkpoint/state_dict_40000.ckpt,0.0,2.0,12.0,True,0.4219166666666666,,0.4202450398649439,0.3992076183333333,2026-04-23 10:24:50+00:00,1.0,['new tasks apr 21'],384.0,emb_only,True,/scratch1/eibl/data/election2020/graphs/retweet_graph.pt,0.0,election2020,train1_covid19_twitter_nm_1p5m_13_04_2026_12_14_58,4/23,0,"[('covid19_twitter', 'nm', 1)]",['7byj23i0'],covid19_twitter+nm(1),election2020,pl,election2020+pl(0),7byj23i0|election2020+pl(0),covid19_twitter+nm(1)|election2020+pl(0),0.3992076183333333,0.4202450398649439,0.399207618
xrdyhq2m,eval_covid19_twitter_nm_to_election2020_nm_0shot_23_04_2026_03_17_45,finished,election2020,nm,eval_covid19_twitter_nm_to_election2020_nm_0shot,state/train1_covid19_twitter_nm_1p5m_13_04_2026_12_14_58/checkpoint/state_dict_40000.ckpt,0.0,3.0,12.0,True,0.3349555555555555,,0.268131165311357,0.5002527281481481,2026-04-23 10:17:47+00:00,1.0,['new tasks apr 21'],384.0,emb_only,True,/scratch1/eibl/data/election2020/graphs/retweet_graph.pt,0.0,election2020,train1_covid19_twitter_nm_1p5m_13_04_2026_12_14_58,4/23,0,"[('covid19_twitter', 'nm', 1)]",['7byj23i0'],covid19_twitter+nm(1),election2020,nm,election2020+nm(0),7byj23i0|election2020+nm(0),covid19_twitter+nm(1)|election2020+nm(0),0.5002527281481481,0.268131165311357,0.500252728
2kl18w1p,eval_ukr_rus_twitter_pl_to_election2020_pl_10shot_23_04_2026_03_12_24,finished,election2020,pl,eval_ukr_rus_twitter_pl_to_election2020_pl_10shot,state/train1_ukr_rus_twitter_pl_1p5m_13_04_2026_11_30_52/checkpoint/state_dict_22000.ckpt,10.0,2.0,12.0,False,0.5765666666666667,,0.5756755853959983,0.6008314277777778,2026-04-23 10:12:28+00:00,1.0,['new tasks apr 21'],384.0,emb_only,True,/scratch1/eibl/data/election2020/graphs/retweet_graph.pt,10.0,election2020,train1_ukr_rus_twitter_pl_1p5m_13_04_2026_11_30_52,4/23,10,"[('ukr_rus_twitter', 'pl', 4)]",['uk4yl0g5'],ukr_rus_twitter+pl(4),election2020,pl,election2020+pl(10),uk4yl0g5|election2020+pl(10),ukr_rus_twitter+pl(4)|election2020+pl(10),0.6008314277777778,0.5756755853959983,0.600831428
2nhkcwm2,eval_ukr_rus_twitter_pl_to_election2020_nm_10shot_23_04_2026_02_59_08,finished,election2020,nm,eval_ukr_rus_twitter_pl_to_election2020_nm_10shot,state/train1_ukr_rus_twitter_pl_1p5m_13_04_2026_11_30_52/checkpoint/state_dict_22000.ckpt,10.0,3.0,12.0,False,0.3615888888888889,,0.3600659640361995,0.5361313260185185,2026-04-23 09:59:11+00:00,1.0,['new tasks apr 21'],384.0,emb_only,True,/scratch1/eibl/data/election2020/graphs/retweet_graph.pt,10.0,election2020,train1_ukr_rus_twitter_pl_1p5m_13_04_2026_11_30_52,4/23,10,"[('ukr_rus_twitter', 'pl', 4)]",['uk4yl0g5'],ukr_rus_twitter+pl(4),election2020,nm,election2020+nm(10),uk4yl0g5|election2020+nm(10),ukr_rus_twitter+pl(4)|election2020+nm(10),0.5361313260185185,0.3600659640361995,0.536131326
0f3e17i2,eval_ukr_rus_twitter_pl_to_election2020_pl_1shot_23_04_2026_02_55_57,finished,election2020,pl,eval_ukr_rus_twitter_pl_to_election2020_pl_1shot,state/train1_ukr_rus_twitter_pl_1p5m_13_04_2026_11_30_52/checkpoint/state_dict_22000.ckpt,1.0,2.0,12.0,False,0.5299333333333334,,0.5306373772674322,0.5442044549999999,2026-04-23 09:56:00+00:00,1.0,['new tasks apr 21'],384.0,emb_only,True,/scratch1/eibl/data/election2020/graphs/retweet_graph.pt,1.0,election2020,train1_ukr_rus_twitter_pl_1p5m_13_04_2026_11_30_52,4/23,1,"[('ukr_rus_twitter', 'pl', 4)]",['uk4yl0g5'],ukr_rus_twitter+pl(4),election2020,pl,election2020+pl(1),uk4yl0g5|election2020+pl(1),ukr_rus_twitter+pl(4)|election2020+pl(1),0.5442044549999999,0.5306373772674322,0.544204455
inthcxgo,eval_ukr_rus_twitter_pl_to_election2020_nm_1shot_23_04_2026_02_48_03,finished,election2020,nm,eval_ukr_rus_twitter_pl_to_election2020_nm_1shot,state/train1_ukr_rus_twitter_pl_1p5m_13_04_2026_11_30_52/checkpoint/state_dict_22000.ckpt,1.0,3.0,12.0,False,0.3427222222222222,,0.3414134129882353,0.5105215602777778,2026-04-23 09:48:06+00:00,1.0,['new tasks apr 21'],384.0,emb_only,True,/scratch1/eibl/data/election2020/graphs/retweet_graph.pt,1.0,election2020,train1_ukr_rus_twitter_pl_1p5m_13_04_2026_11_30_52,4/23,1,"[('ukr_rus_twitter', 'pl', 4)]",['uk4yl0g5'],ukr_rus_twitter+pl(4),election2020,nm,election2020+nm(1),uk4yl0g5|election2020+nm(1),ukr_rus_twitter+pl(4)|election2020+nm(1),0.5105215602777778,0.3414134129882353,0.51052156
vx10giaj,eval_ukr_rus_twitter_pl_to_election2020_pl_0shot_23_04_2026_02_45_00,finished,election2020,pl,eval_ukr_rus_twitter_pl_to_election2020_pl_0shot,state/train1_ukr_rus_twitter_pl_1p5m_13_04_2026_11_30_52/checkpoint/state_dict_22000.ckpt,0.0,2.0,12.0,True,0.4222666666666667,,0.4193051227929105,0.4096018538888888,2026-04-23 09:45:04+00:00,1.0,['new tasks apr 21'],384.0,emb_only,True,/scratch1/eibl/data/election2020/graphs/retweet_graph.pt,0.0,election2020,train1_ukr_rus_twitter_pl_1p5m_13_04_2026_11_30_52,4/23,0,"[('ukr_rus_twitter', 'pl', 4)]",['uk4yl0g5'],ukr_rus_twitter+pl(4),election2020,pl,election2020+pl(0),uk4yl0g5|election2020+pl(0),ukr_rus_twitter+pl(4)|election2020+pl(0),0.4096018538888888,0.4193051227929105,0.409601854
rwul5mxu,eval_ukr_rus_twitter_pl_to_election2020_nm_0shot_23_04_2026_02_37_52,finished,election2020,nm,eval_ukr_rus_twitter_pl_to_election2020_nm_0shot,state/train1_ukr_rus_twitter_pl_1p5m_13_04_2026_11_30_52/checkpoint/state_dict_22000.ckpt,0.0,3.0,12.0,True,0.3351888888888888,,0.3237554116047955,0.501200652962963,2026-04-23 09:37:54+00:00,1.0,['new tasks apr 21'],384.0,emb_only,True,/scratch1/eibl/data/election2020/graphs/retweet_graph.pt,0.0,election2020,train1_ukr_rus_twitter_pl_1p5m_13_04_2026_11_30_52,4/23,0,"[('ukr_rus_twitter', 'pl', 4)]",['uk4yl0g5'],ukr_rus_twitter+pl(4),election2020,nm,election2020+nm(0),uk4yl0g5|election2020+nm(0),ukr_rus_twitter+pl(4)|election2020+nm(0),0.501200652962963,0.3237554116047955,0.501200653
dy2mxfh9,eval_ukr_rus_twitter_lp_to_election2020_pl_10shot_23_04_2026_02_32_16,finished,election2020,pl,eval_ukr_rus_twitter_lp_to_election2020_pl_10shot,state/train1_ukr_rus_twitter_lp_1p5m_13_04_2026_17_00_47/checkpoint/state_dict_28000.ckpt,10.0,2.0,12.0,False,0.6955833333333333,,0.6951209334156805,0.7421005633333333,2026-04-23 09:32:19+00:00,1.0,['new tasks apr 21'],384.0,emb_only,True,/scratch1/eibl/data/election2020/graphs/retweet_graph.pt,10.0,election2020,train1_ukr_rus_twitter_lp_1p5m_13_04_2026_17_00_47,4/23,10,"[('ukr_rus_twitter', 'lp', 1)]",['fy8ugmac'],ukr_rus_twitter+lp(1),election2020,pl,election2020+pl(10),fy8ugmac|election2020+pl(10),ukr_rus_twitter+lp(1)|election2020+pl(10),0.7421005633333333,0.6951209334156805,0.742100563
jlqmexrs,eval_ukr_rus_twitter_lp_to_election2020_nm_10shot_23_04_2026_02_19_26,finished,election2020,nm,eval_ukr_rus_twitter_lp_to_election2020_nm_10shot,state/train1_ukr_rus_twitter_lp_1p5m_13_04_2026_17_00_47/checkpoint/state_dict_28000.ckpt,10.0,3.0,12.0,False,0.4918333333333333,,0.4911393890605677,0.6773506685185184,2026-04-23 09:19:31+00:00,1.0,['new tasks apr 21'],384.0,emb_only,True,/scratch1/eibl/data/election2020/graphs/retweet_graph.pt,10.0,election2020,train1_ukr_rus_twitter_lp_1p5m_13_04_2026_17_00_47,4/23,10,"[('ukr_rus_twitter', 'lp', 1)]",['fy8ugmac'],ukr_rus_twitter+lp(1),election2020,nm,election2020+nm(10),fy8ugmac|election2020+nm(10),ukr_rus_twitter+lp(1)|election2020+nm(10),0.6773506685185184,0.4911393890605677,0.677350669
d7klq7i6,eval_ukr_rus_twitter_lp_to_election2020_pl_1shot_23_04_2026_02_16_13,finished,election2020,pl,eval_ukr_rus_twitter_lp_to_election2020_pl_1shot,state/train1_ukr_rus_twitter_lp_1p5m_13_04_2026_17_00_47/checkpoint/state_dict_28000.ckpt,1.0,2.0,12.0,False,0.6086333333333334,,0.6098168887707288,0.639398735,2026-04-23 09:16:16+00:00,1.0,['new tasks apr 21'],384.0,emb_only,True,/scratch1/eibl/data/election2020/graphs/retweet_graph.pt,1.0,election2020,train1_ukr_rus_twitter_lp_1p5m_13_04_2026_17_00_47,4/23,1,"[('ukr_rus_twitter', 'lp', 1)]",['fy8ugmac'],ukr_rus_twitter+lp(1),election2020,pl,election2020+pl(1),fy8ugmac|election2020+pl(1),ukr_rus_twitter+lp(1)|election2020+pl(1),0.639398735,0.6098168887707288,0.639398735
lkwacpt8,eval_ukr_rus_twitter_lp_to_election2020_nm_1shot_23_04_2026_02_08_26,finished,election2020,nm,eval_ukr_rus_twitter_lp_to_election2020_nm_1shot,state/train1_ukr_rus_twitter_lp_1p5m_13_04_2026_17_00_47/checkpoint/state_dict_28000.ckpt,1.0,3.0,12.0,False,0.4495444444444444,,0.4486622679059595,0.6313007233333333,2026-04-23 09:08:28+00:00,1.0,['new tasks apr 21'],384.0,emb_only,True,/scratch1/eibl/data/election2020/graphs/retweet_graph.pt,1.0,election2020,train1_ukr_rus_twitter_lp_1p5m_13_04_2026_17_00_47,4/23,1,"[('ukr_rus_twitter', 'lp', 1)]",['fy8ugmac'],ukr_rus_twitter+lp(1),election2020,nm,election2020+nm(1),fy8ugmac|election2020+nm(1),ukr_rus_twitter+lp(1)|election2020+nm(1),0.6313007233333333,0.4486622679059595,0.631300723
r9zw45cm,eval_ukr_rus_twitter_lp_to_election2020_pl_0shot_23_04_2026_02_05_27,finished,election2020,pl,eval_ukr_rus_twitter_lp_to_election2020_pl_0shot,state/train1_ukr_rus_twitter_lp_1p5m_13_04_2026_17_00_47/checkpoint/state_dict_28000.ckpt,0.0,2.0,12.0,True,0.5003333333333333,,0.5048720066061106,0.4167680644444443,2026-04-23 09:05:31+00:00,1.0,['new tasks apr 21'],384.0,emb_only,True,/scratch1/eibl/data/election2020/graphs/retweet_graph.pt,0.0,election2020,train1_ukr_rus_twitter_lp_1p5m_13_04_2026_17_00_47,4/23,0,"[('ukr_rus_twitter', 'lp', 1)]",['fy8ugmac'],ukr_rus_twitter+lp(1),election2020,pl,election2020+pl(0),fy8ugmac|election2020+pl(0),ukr_rus_twitter+lp(1)|election2020+pl(0),0.4167680644444443,0.5048720066061106,0.416768064
nspc7cqr,eval_ukr_rus_twitter_lp_to_election2020_nm_0shot_23_04_2026_01_57_46,finished,election2020,nm,eval_ukr_rus_twitter_lp_to_election2020_nm_0shot,state/train1_ukr_rus_twitter_lp_1p5m_13_04_2026_17_00_47/checkpoint/state_dict_28000.ckpt,0.0,3.0,12.0,True,0.3301888888888888,,0.3260479260796562,0.4964313569444445,2026-04-23 08:57:49+00:00,1.0,['new tasks apr 21'],384.0,emb_only,True,/scratch1/eibl/data/election2020/graphs/retweet_graph.pt,0.0,election2020,train1_ukr_rus_twitter_lp_1p5m_13_04_2026_17_00_47,4/23,0,"[('ukr_rus_twitter', 'lp', 1)]",['fy8ugmac'],ukr_rus_twitter+lp(1),election2020,nm,election2020+nm(0),fy8ugmac|election2020+nm(0),ukr_rus_twitter+lp(1)|election2020+nm(0),0.4964313569444445,0.3260479260796562,0.496431357
xkixxcu5,eval_ukr_rus_twitter_nm_to_election2020_pl_10shot_23_04_2026_01_52_33,finished,election2020,pl,eval_ukr_rus_twitter_nm_to_election2020_pl_10shot,state/train1_ukr_rus_twitter_nm_1p5m_13_04_2026_12_40_49/checkpoint/state_dict_40000.ckpt,10.0,2.0,12.0,False,0.84125,,0.8410990440918873,0.9038796727777778,2026-04-23 08:52:37+00:00,1.0,['new tasks apr 21'],384.0,emb_only,True,/scratch1/eibl/data/election2020/graphs/retweet_graph.pt,10.0,election2020,train1_ukr_rus_twitter_nm_1p5m_13_04_2026_12_40_49,4/23,10,"[('ukr_rus_twitter', 'nm', 1)]",['smipugdw'],ukr_rus_twitter+nm(1),election2020,pl,election2020+pl(10),smipugdw|election2020+pl(10),ukr_rus_twitter+nm(1)|election2020+pl(10),0.9038796727777778,0.8410990440918873,0.903879673
c2su0gak,eval_covid_political_pl_to_covid_political_pl_10shot_23_04_2026_01_40_17,finished,covid_political,pl,eval_covid_political_pl_to_covid_political_pl_10shot,state/train1_covid_political_pl_21_04_2026_00_01_34/checkpoint/state_dict_4000.ckpt,10.0,2.0,12.0,False,0.94685,,0.9468047840664564,0.9734796616666668,2026-04-23 08:40:19+00:00,1.0,['new tasks apr 21'],384.0,emb_only,True,/scratch1/eibl/data/covid_political/graphs/retweet_graph.pt,10.0,covid_political,train1_covid_political_pl_21_04_2026_00_01_34,4/23,10,"[('covid_political', 'pl', 3)]",['sm3odwmo'],covid_political+pl(3),covid_political,pl,covid_political+pl(10),sm3odwmo|covid_political+pl(10),covid_political+pl(3)|covid_political+pl(10),0.9734796616666668,0.9468047840664564,0.973479662
mi038086,eval_ukr_rus_twitter_nm_to_election2020_nm_10shot_23_04_2026_01_39_36,finished,election2020,nm,eval_ukr_rus_twitter_nm_to_election2020_nm_10shot,state/train1_ukr_rus_twitter_nm_1p5m_13_04_2026_12_40_49/checkpoint/state_dict_40000.ckpt,10.0,3.0,12.0,False,0.5352666666666667,,0.5345968854003476,0.7384829658333333,2026-04-23 08:39:39+00:00,1.0,['new tasks apr 21'],384.0,emb_only,True,/scratch1/eibl/data/election2020/graphs/retweet_graph.pt,10.0,election2020,train1_ukr_rus_twitter_nm_1p5m_13_04_2026_12_40_49,4/23,10,"[('ukr_rus_twitter', 'nm', 1)]",['smipugdw'],ukr_rus_twitter+nm(1),election2020,nm,election2020+nm(10),smipugdw|election2020+nm(10),ukr_rus_twitter+nm(1)|election2020+nm(10),0.7384829658333333,0.5345968854003476,0.738482966
5bwqb4gq,eval_ukr_rus_twitter_nm_to_election2020_pl_1shot_23_04_2026_01_36_16,finished,election2020,pl,eval_ukr_rus_twitter_nm_to_election2020_pl_1shot,state/train1_ukr_rus_twitter_nm_1p5m_13_04_2026_12_40_49/checkpoint/state_dict_40000.ckpt,1.0,2.0,12.0,False,0.7140666666666666,,0.7131199625430588,0.7253994694444444,2026-04-23 08:36:18+00:00,1.0,['new tasks apr 21'],384.0,emb_only,True,/scratch1/eibl/data/election2020/graphs/retweet_graph.pt,1.0,election2020,train1_ukr_rus_twitter_nm_1p5m_13_04_2026_12_40_49,4/23,1,"[('ukr_rus_twitter', 'nm', 1)]",['smipugdw'],ukr_rus_twitter+nm(1),election2020,pl,election2020+pl(1),smipugdw|election2020+pl(1),ukr_rus_twitter+nm(1)|election2020+pl(1),0.7253994694444444,0.7131199625430588,0.725399469
furh2rhu,eval_covid_political_pl_to_covid_political_nm_10shot_23_04_2026_01_35_42,finished,covid_political,nm,eval_covid_political_pl_to_covid_political_nm_10shot,state/train1_covid_political_pl_21_04_2026_00_01_34/checkpoint/state_dict_4000.ckpt,10.0,3.0,12.0,False,0.5615666666666667,,0.5615688763296852,0.8027549962962963,2026-04-23 08:35:44+00:00,1.0,['new tasks apr 21'],384.0,emb_only,True,/scratch1/eibl/data/covid_political/graphs/retweet_graph.pt,10.0,covid_political,train1_covid_political_pl_21_04_2026_00_01_34,4/23,10,"[('covid_political', 'pl', 3)]",['sm3odwmo'],covid_political+pl(3),covid_political,nm,covid_political+nm(10),sm3odwmo|covid_political+nm(10),covid_political+pl(3)|covid_political+nm(10),0.8027549962962963,0.5615688763296852,0.802754996
m1kdsn7q,eval_covid_political_pl_to_ukr_rus_suspended_pl_10shot_23_04_2026_01_35_35,finished,ukr_rus_suspended,pl,eval_covid_political_pl_to_ukr_rus_suspended_pl_10shot,state/train1_covid_political_pl_21_04_2026_00_01_34/checkpoint/state_dict_4000.ckpt,10.0,2.0,12.0,False,0.50475,,0.5062231010817727,0.5035333200000001,2026-04-23 08:35:37+00:00,1.0,['new tasks apr 21'],384.0,emb_only,True,/scratch1/eibl/data/ukr_rus_suspended/graphs/retweet_graph.pt,10.0,ukr_rus_suspended,train1_covid_political_pl_21_04_2026_00_01_34,4/23,10,"[('covid_political', 'pl', 3)]",['sm3odwmo'],covid_political+pl(3),ukr_rus_suspended,pl,ukr_rus_suspended+pl(10),sm3odwmo|ukr_rus_suspended+pl(10),covid_political+pl(3)|ukr_rus_suspended+pl(10),0.5035333200000001,0.5062231010817727,0.50353332
tmehn8rk,eval_covid_political_pl_to_covid_political_pl_1shot_23_04_2026_01_34_57,finished,covid_political,pl,eval_covid_political_pl_to_covid_political_pl_1shot,state/train1_covid_political_pl_21_04_2026_00_01_34/checkpoint/state_dict_4000.ckpt,1.0,2.0,12.0,False,0.9201166666666668,,0.9201605783485748,0.9673109194444444,2026-04-23 08:34:59+00:00,1.0,['new tasks apr 21'],384.0,emb_only,True,/scratch1/eibl/data/covid_political/graphs/retweet_graph.pt,1.0,covid_political,train1_covid_political_pl_21_04_2026_00_01_34,4/23,1,"[('covid_political', 'pl', 3)]",['sm3odwmo'],covid_political+pl(3),covid_political,pl,covid_political+pl(1),sm3odwmo|covid_political+pl(1),covid_political+pl(3)|covid_political+pl(1),0.9673109194444444,0.9201605783485748,0.967310919
uf6dfnxt,eval_covid_political_pl_to_covid_political_nm_1shot_23_04_2026_01_32_09,finished,covid_political,nm,eval_covid_political_pl_to_covid_political_nm_1shot,state/train1_covid_political_pl_21_04_2026_00_01_34/checkpoint/state_dict_4000.ckpt,1.0,3.0,12.0,False,0.5619333333333333,,0.5616027282918868,0.7836752708333333,2026-04-23 08:32:11+00:00,1.0,['new tasks apr 21'],384.0,emb_only,True,/scratch1/eibl/data/covid_political/graphs/retweet_graph.pt,1.0,covid_political,train1_covid_political_pl_21_04_2026_00_01_34,4/23,1,"[('covid_political', 'pl', 3)]",['sm3odwmo'],covid_political+pl(3),covid_political,nm,covid_political+nm(1),sm3odwmo|covid_political+nm(1),covid_political+pl(3)|covid_political+nm(1),0.7836752708333333,0.5616027282918868,0.783675271
m4f7vm1n,eval_covid_political_pl_to_ukr_rus_suspended_nm_10shot_23_04_2026_01_31_31,finished,ukr_rus_suspended,nm,eval_covid_political_pl_to_ukr_rus_suspended_nm_10shot,state/train1_covid_political_pl_21_04_2026_00_01_34/checkpoint/state_dict_4000.ckpt,10.0,3.0,12.0,False,0.3981888888888888,,0.3977682670197074,0.5842856464814815,2026-04-23 08:31:33+00:00,1.0,['new tasks apr 21'],384.0,emb_only,True,/scratch1/eibl/data/ukr_rus_suspended/graphs/retweet_graph.pt,10.0,ukr_rus_suspended,train1_covid_political_pl_21_04_2026_00_01_34,4/23,10,"[('covid_political', 'pl', 3)]",['sm3odwmo'],covid_political+pl(3),ukr_rus_suspended,nm,ukr_rus_suspended+nm(10),sm3odwmo|ukr_rus_suspended+nm(10),covid_political+pl(3)|ukr_rus_suspended+nm(10),0.5842856464814815,0.3977682670197074,0.584285646
pyhz5mdr,eval_covid_political_pl_to_covid_political_pl_0shot_23_04_2026_01_31_25,finished,covid_political,pl,eval_covid_political_pl_to_covid_political_pl_0shot,state/train1_covid_political_pl_21_04_2026_00_01_34/checkpoint/state_dict_4000.ckpt,0.0,2.0,12.0,True,0.2671333333333333,,0.2634999330028139,0.2205969905555555,2026-04-23 08:31:27+00:00,1.0,['new tasks apr 21'],384.0,emb_only,True,/scratch1/eibl/data/covid_political/graphs/retweet_graph.pt,0.0,covid_political,train1_covid_political_pl_21_04_2026_00_01_34,4/23,0,"[('covid_political', 'pl', 3)]",['sm3odwmo'],covid_political+pl(3),covid_political,pl,covid_political+pl(0),sm3odwmo|covid_political+pl(0),covid_political+pl(3)|covid_political+pl(0),0.2205969905555555,0.2634999330028139,0.220596991
hv2tznfj,eval_covid_political_pl_to_ukr_rus_suspended_pl_1shot_23_04_2026_01_30_37,finished,ukr_rus_suspended,pl,eval_covid_political_pl_to_ukr_rus_suspended_pl_1shot,state/train1_covid_political_pl_21_04_2026_00_01_34/checkpoint/state_dict_4000.ckpt,1.0,2.0,12.0,False,0.4974166666666667,,0.4946964492182918,0.4951008772222222,2026-04-23 08:30:39+00:00,1.0,['new tasks apr 21'],384.0,emb_only,True,/scratch1/eibl/data/ukr_rus_suspended/graphs/retweet_graph.pt,1.0,ukr_rus_suspended,train1_covid_political_pl_21_04_2026_00_01_34,4/23,1,"[('covid_political', 'pl', 3)]",['sm3odwmo'],covid_political+pl(3),ukr_rus_suspended,pl,ukr_rus_suspended+pl(1),sm3odwmo|ukr_rus_suspended+pl(1),covid_political+pl(3)|ukr_rus_suspended+pl(1),0.4951008772222222,0.4946964492182918,0.495100877
krt387dz,eval_covid_political_pl_to_covid_political_nm_0shot_23_04_2026_01_28_50,finished,covid_political,nm,eval_covid_political_pl_to_covid_political_nm_0shot,state/train1_covid_political_pl_21_04_2026_00_01_34/checkpoint/state_dict_4000.ckpt,0.0,3.0,12.0,True,0.3315555555555555,,0.2886441316209797,0.5001024907407408,2026-04-23 08:28:51+00:00,1.0,['new tasks apr 21'],384.0,emb_only,True,/scratch1/eibl/data/covid_political/graphs/retweet_graph.pt,0.0,covid_political,train1_covid_political_pl_21_04_2026_00_01_34,4/23,0,"[('covid_political', 'pl', 3)]",['sm3odwmo'],covid_political+pl(3),covid_political,nm,covid_political+nm(0),sm3odwmo|covid_political+nm(0),covid_political+pl(3)|covid_political+nm(0),0.5001024907407408,0.2886441316209797,0.500102491
ro2u4495,eval_ukr_rus_twitter_nm_to_election2020_nm_1shot_23_04_2026_01_28_15,finished,election2020,nm,eval_ukr_rus_twitter_nm_to_election2020_nm_1shot,state/train1_ukr_rus_twitter_nm_1p5m_13_04_2026_12_40_49/checkpoint/state_dict_40000.ckpt,1.0,3.0,12.0,False,0.5136888888888889,,0.5130923307281802,0.6828875458333333,2026-04-23 08:28:18+00:00,1.0,['new tasks apr 21'],384.0,emb_only,True,/scratch1/eibl/data/election2020/graphs/retweet_graph.pt,1.0,election2020,train1_ukr_rus_twitter_nm_1p5m_13_04_2026_12_40_49,4/23,1,"[('ukr_rus_twitter', 'nm', 1)]",['smipugdw'],ukr_rus_twitter+nm(1),election2020,nm,election2020+nm(1),smipugdw|election2020+nm(1),ukr_rus_twitter+nm(1)|election2020+nm(1),0.6828875458333333,0.5130923307281802,0.682887546
i4thzllv,eval_covid_political_pl_to_ukr_rus_suspended_nm_1shot_23_04_2026_01_28_07,finished,ukr_rus_suspended,nm,eval_covid_political_pl_to_ukr_rus_suspended_nm_1shot,state/train1_covid_political_pl_21_04_2026_00_01_34/checkpoint/state_dict_4000.ckpt,1.0,3.0,12.0,False,0.3725,,0.3714722137005835,0.5513334122222222,2026-04-23 08:28:08+00:00,1.0,['new tasks apr 21'],384.0,emb_only,True,/scratch1/eibl/data/ukr_rus_suspended/graphs/retweet_graph.pt,1.0,ukr_rus_suspended,train1_covid_political_pl_21_04_2026_00_01_34,4/23,1,"[('covid_political', 'pl', 3)]",['sm3odwmo'],covid_political+pl(3),ukr_rus_suspended,nm,ukr_rus_suspended+nm(1),sm3odwmo|ukr_rus_suspended+nm(1),covid_political+pl(3)|ukr_rus_suspended+nm(1),0.5513334122222222,0.3714722137005835,0.551333412
2rvx7qs1,eval_covid_political_nm_to_covid_political_pl_10shot_23_04_2026_01_27_41,finished,covid_political,pl,eval_covid_political_nm_to_covid_political_pl_10shot,state/train1_covid_political_nm_21_04_2026_00_00_23/checkpoint/state_dict_4000.ckpt,10.0,2.0,12.0,False,0.8846666666666667,,0.8847550211504513,0.9149698638888888,2026-04-23 08:27:43+00:00,1.0,['new tasks apr 21'],384.0,emb_only,True,/scratch1/eibl/data/covid_political/graphs/retweet_graph.pt,10.0,covid_political,train1_covid_political_nm_21_04_2026_00_00_23,4/23,10,"[('covid_political', 'nm', 3)]",['oes3yxnj'],covid_political+nm(3),covid_political,pl,covid_political+pl(10),oes3yxnj|covid_political+pl(10),covid_political+nm(3)|covid_political+pl(10),0.9149698638888888,0.8847550211504513,0.914969864
s9yzfr48,eval_covid_political_pl_to_ukr_rus_suspended_pl_0shot_23_04_2026_01_27_17,finished,ukr_rus_suspended,pl,eval_covid_political_pl_to_ukr_rus_suspended_pl_0shot,state/train1_covid_political_pl_21_04_2026_00_01_34/checkpoint/state_dict_4000.ckpt,0.0,2.0,12.0,True,0.5062166666666666,,0.5009180802856998,0.5102797594444444,2026-04-23 08:27:19+00:00,1.0,['new tasks apr 21'],384.0,emb_only,True,/scratch1/eibl/data/ukr_rus_suspended/graphs/retweet_graph.pt,0.0,ukr_rus_suspended,train1_covid_political_pl_21_04_2026_00_01_34,4/23,0,"[('covid_political', 'pl', 3)]",['sm3odwmo'],covid_political+pl(3),ukr_rus_suspended,pl,ukr_rus_suspended+pl(0),sm3odwmo|ukr_rus_suspended+pl(0),covid_political+pl(3)|ukr_rus_suspended+pl(0),0.5102797594444444,0.5009180802856998,0.510279759
jh83yg8c,eval_ukr_rus_twitter_nm_to_election2020_pl_0shot_23_04_2026_01_25_17,finished,election2020,pl,eval_ukr_rus_twitter_nm_to_election2020_pl_0shot,state/train1_ukr_rus_twitter_nm_1p5m_13_04_2026_12_40_49/checkpoint/state_dict_40000.ckpt,0.0,2.0,12.0,True,0.4759833333333333,,0.4799444233091288,0.4060480816666666,2026-04-23 08:25:20+00:00,1.0,['new tasks apr 21'],384.0,emb_only,True,/scratch1/eibl/data/election2020/graphs/retweet_graph.pt,0.0,election2020,train1_ukr_rus_twitter_nm_1p5m_13_04_2026_12_40_49,4/23,0,"[('ukr_rus_twitter', 'nm', 1)]",['smipugdw'],ukr_rus_twitter+nm(1),election2020,pl,election2020+pl(0),smipugdw|election2020+pl(0),ukr_rus_twitter+nm(1)|election2020+pl(0),0.4060480816666666,0.4799444233091288,0.406048082
9k33wuxi,eval_covid_political_pl_to_ukr_rus_suspended_nm_0shot_23_04_2026_01_24_54,finished,ukr_rus_suspended,nm,eval_covid_political_pl_to_ukr_rus_suspended_nm_0shot,state/train1_covid_political_pl_21_04_2026_00_01_34/checkpoint/state_dict_4000.ckpt,0.0,3.0,12.0,True,0.3364555555555555,,0.2551778809955666,0.5003136752777778,2026-04-23 08:24:56+00:00,1.0,['new tasks apr 21'],384.0,emb_only,True,/scratch1/eibl/data/ukr_rus_suspended/graphs/retweet_graph.pt,0.0,ukr_rus_suspended,train1_covid_political_pl_21_04_2026_00_01_34,4/23,0,"[('covid_political', 'pl', 3)]",['sm3odwmo'],covid_political+pl(3),ukr_rus_suspended,nm,ukr_rus_suspended+nm(0),sm3odwmo|ukr_rus_suspended+nm(0),covid_political+pl(3)|ukr_rus_suspended+nm(0),0.5003136752777778,0.2551778809955666,0.500313675
kx73aq5x,eval_covid_political_nm_to_ukr_rus_suspended_pl_10shot_23_04_2026_01_23_31,finished,ukr_rus_suspended,pl,eval_covid_political_nm_to_ukr_rus_suspended_pl_10shot,state/train1_covid_political_nm_21_04_2026_00_00_23/checkpoint/state_dict_4000.ckpt,10.0,2.0,12.0,False,0.49975,,0.4991071875573653,0.4992409788888889,2026-04-23 08:23:33+00:00,1.0,['new tasks apr 21'],384.0,emb_only,True,/scratch1/eibl/data/ukr_rus_suspended/graphs/retweet_graph.pt,10.0,ukr_rus_suspended,train1_covid_political_nm_21_04_2026_00_00_23,4/23,10,"[('covid_political', 'nm', 3)]",['oes3yxnj'],covid_political+nm(3),ukr_rus_suspended,pl,ukr_rus_suspended+pl(10),oes3yxnj|ukr_rus_suspended+pl(10),covid_political+nm(3)|ukr_rus_suspended+pl(10),0.4992409788888889,0.4991071875573653,0.499240979
q1288se5,eval_covid_political_nm_to_covid_political_nm_10shot_23_04_2026_01_23_06,finished,covid_political,nm,eval_covid_political_nm_to_covid_political_nm_10shot,state/train1_covid_political_nm_21_04_2026_00_00_23/checkpoint/state_dict_4000.ckpt,10.0,3.0,12.0,False,0.7352777777777778,,0.7352553948674408,0.9180809912037036,2026-04-23 08:23:08+00:00,1.0,['new tasks apr 21'],384.0,emb_only,True,/scratch1/eibl/data/covid_political/graphs/retweet_graph.pt,10.0,covid_political,train1_covid_political_nm_21_04_2026_00_00_23,4/23,10,"[('covid_political', 'nm', 3)]",['oes3yxnj'],covid_political+nm(3),covid_political,nm,covid_political+nm(10),oes3yxnj|covid_political+nm(10),covid_political+nm(3)|covid_political+nm(10),0.9180809912037036,0.7352553948674408,0.918080991
e1jhv9fw,eval_covid_political_nm_to_covid_political_pl_1shot_23_04_2026_01_22_20,finished,covid_political,pl,eval_covid_political_nm_to_covid_political_pl_1shot,state/train1_covid_political_nm_21_04_2026_00_00_23/checkpoint/state_dict_4000.ckpt,1.0,2.0,12.0,False,0.7923666666666667,,0.7932419424436552,0.85074644,2026-04-23 08:22:22+00:00,1.0,['new tasks apr 21'],384.0,emb_only,True,/scratch1/eibl/data/covid_political/graphs/retweet_graph.pt,1.0,covid_political,train1_covid_political_nm_21_04_2026_00_00_23,4/23,1,"[('covid_political', 'nm', 3)]",['oes3yxnj'],covid_political+nm(3),covid_political,pl,covid_political+pl(1),oes3yxnj|covid_political+pl(1),covid_political+nm(3)|covid_political+pl(1),0.85074644,0.7932419424436552,0.85074644
75db62gg,eval_covid_political_nm_to_covid_political_nm_1shot_23_04_2026_01_19_33,finished,covid_political,nm,eval_covid_political_nm_to_covid_political_nm_1shot,state/train1_covid_political_nm_21_04_2026_00_00_23/checkpoint/state_dict_4000.ckpt,1.0,3.0,12.0,False,0.6981333333333334,,0.6981803073213916,0.8941103545370371,2026-04-23 08:19:34+00:00,1.0,['new tasks apr 21'],384.0,emb_only,True,/scratch1/eibl/data/covid_political/graphs/retweet_graph.pt,1.0,covid_political,train1_covid_political_nm_21_04_2026_00_00_23,4/23,1,"[('covid_political', 'nm', 3)]",['oes3yxnj'],covid_political+nm(3),covid_political,nm,covid_political+nm(1),oes3yxnj|covid_political+nm(1),covid_political+nm(3)|covid_political+nm(1),0.8941103545370371,0.6981803073213916,0.894110355
cz1v3486,eval_covid_political_nm_to_ukr_rus_suspended_nm_10shot_23_04_2026_01_19_26,finished,ukr_rus_suspended,nm,eval_covid_political_nm_to_ukr_rus_suspended_nm_10shot,state/train1_covid_political_nm_21_04_2026_00_00_23/checkpoint/state_dict_4000.ckpt,10.0,3.0,12.0,False,0.5451333333333334,,0.5444651771655883,0.743626652037037,2026-04-23 08:19:28+00:00,1.0,['new tasks apr 21'],384.0,emb_only,True,/scratch1/eibl/data/ukr_rus_suspended/graphs/retweet_graph.pt,10.0,ukr_rus_suspended,train1_covid_political_nm_21_04_2026_00_00_23,4/23,10,"[('covid_political', 'nm', 3)]",['oes3yxnj'],covid_political+nm(3),ukr_rus_suspended,nm,ukr_rus_suspended+nm(10),oes3yxnj|ukr_rus_suspended+nm(10),covid_political+nm(3)|ukr_rus_suspended+nm(10),0.743626652037037,0.5444651771655883,0.743626652
8oo7lxhz,eval_covid_political_nm_to_covid_political_pl_0shot_23_04_2026_01_18_50,finished,covid_political,pl,eval_covid_political_nm_to_covid_political_pl_0shot,state/train1_covid_political_nm_21_04_2026_00_00_23/checkpoint/state_dict_4000.ckpt,0.0,2.0,12.0,True,0.4738833333333333,,0.4678792373952767,0.3017190477777778,2026-04-23 08:18:52+00:00,1.0,['new tasks apr 21'],384.0,emb_only,True,/scratch1/eibl/data/covid_political/graphs/retweet_graph.pt,0.0,covid_political,train1_covid_political_nm_21_04_2026_00_00_23,4/23,0,"[('covid_political', 'nm', 3)]",['oes3yxnj'],covid_political+nm(3),covid_political,pl,covid_political+pl(0),oes3yxnj|covid_political+pl(0),covid_political+nm(3)|covid_political+pl(0),0.3017190477777778,0.4678792373952767,0.301719048
5931rgn9,eval_covid_political_nm_to_ukr_rus_suspended_pl_1shot_23_04_2026_01_18_33,finished,ukr_rus_suspended,pl,eval_covid_political_nm_to_ukr_rus_suspended_pl_1shot,state/train1_covid_political_nm_21_04_2026_00_00_23/checkpoint/state_dict_4000.ckpt,1.0,2.0,12.0,False,0.4989666666666666,,0.5003656428666401,0.4983846805555555,2026-04-23 08:18:35+00:00,1.0,['new tasks apr 21'],384.0,emb_only,True,/scratch1/eibl/data/ukr_rus_suspended/graphs/retweet_graph.pt,1.0,ukr_rus_suspended,train1_covid_political_nm_21_04_2026_00_00_23,4/23,1,"[('covid_political', 'nm', 3)]",['oes3yxnj'],covid_political+nm(3),ukr_rus_suspended,pl,ukr_rus_suspended+pl(1),oes3yxnj|ukr_rus_suspended+pl(1),covid_political+nm(3)|ukr_rus_suspended+pl(1),0.4983846805555555,0.5003656428666401,0.498384681
mfn5y41r,eval_ukr_rus_twitter_nm_to_election2020_nm_0shot_23_04_2026_01_18_20,finished,election2020,nm,eval_ukr_rus_twitter_nm_to_election2020_nm_0shot,state/train1_ukr_rus_twitter_nm_1p5m_13_04_2026_12_40_49/checkpoint/state_dict_40000.ckpt,0.0,3.0,12.0,True,0.3374111111111111,,0.301217182016323,0.5019407625,2026-04-23 08:18:23+00:00,1.0,['new tasks apr 21'],384.0,emb_only,True,/scratch1/eibl/data/election2020/graphs/retweet_graph.pt,0.0,election2020,train1_ukr_rus_twitter_nm_1p5m_13_04_2026_12_40_49,4/23,0,"[('ukr_rus_twitter', 'nm', 1)]",['smipugdw'],ukr_rus_twitter+nm(1),election2020,nm,election2020+nm(0),smipugdw|election2020+nm(0),ukr_rus_twitter+nm(1)|election2020+nm(0),0.5019407625,0.301217182016323,0.501940762
x7qhbioy,eval_covid_political_nm_to_covid_political_nm_0shot_23_04_2026_01_16_16,finished,covid_political,nm,eval_covid_political_nm_to_covid_political_nm_0shot,state/train1_covid_political_nm_21_04_2026_00_00_23/checkpoint/state_dict_4000.ckpt,0.0,3.0,12.0,True,0.3331111111111111,,0.3053428185308739,0.4985456699074074,2026-04-23 08:16:18+00:00,1.0,['new tasks apr 21'],384.0,emb_only,True,/scratch1/eibl/data/covid_political/graphs/retweet_graph.pt,0.0,covid_political,train1_covid_political_nm_21_04_2026_00_00_23,4/23,0,"[('covid_political', 'nm', 3)]",['oes3yxnj'],covid_political+nm(3),covid_political,nm,covid_political+nm(0),oes3yxnj|covid_political+nm(0),covid_political+nm(3)|covid_political+nm(0),0.4985456699074074,0.3053428185308739,0.49854567
et2yii7x,eval_covid_political_nm_to_ukr_rus_suspended_nm_1shot_23_04_2026_01_16_03,finished,ukr_rus_suspended,nm,eval_covid_political_nm_to_ukr_rus_suspended_nm_1shot,state/train1_covid_political_nm_21_04_2026_00_00_23/checkpoint/state_dict_4000.ckpt,1.0,3.0,12.0,False,0.4513111111111111,,0.4512154958554192,0.6388630944444443,2026-04-23 08:16:04+00:00,1.0,['new tasks apr 21'],384.0,emb_only,True,/scratch1/eibl/data/ukr_rus_suspended/graphs/retweet_graph.pt,1.0,ukr_rus_suspended,train1_covid_political_nm_21_04_2026_00_00_23,4/23,1,"[('covid_political', 'nm', 3)]",['oes3yxnj'],covid_political+nm(3),ukr_rus_suspended,nm,ukr_rus_suspended+nm(1),oes3yxnj|ukr_rus_suspended+nm(1),covid_political+nm(3)|ukr_rus_suspended+nm(1),0.6388630944444443,0.4512154958554192,0.638863094
ikuhlz4k,eval_covid_political_nm_to_ukr_rus_suspended_pl_0shot_23_04_2026_01_15_14,finished,ukr_rus_suspended,pl,eval_covid_political_nm_to_ukr_rus_suspended_pl_0shot,state/train1_covid_political_nm_21_04_2026_00_00_23/checkpoint/state_dict_4000.ckpt,0.0,2.0,12.0,True,0.5029166666666667,,0.5048559807420935,0.4994209555555555,2026-04-23 08:15:16+00:00,1.0,['new tasks apr 21'],384.0,emb_only,True,/scratch1/eibl/data/ukr_rus_suspended/graphs/retweet_graph.pt,0.0,ukr_rus_suspended,train1_covid_political_nm_21_04_2026_00_00_23,4/23,0,"[('covid_political', 'nm', 3)]",['oes3yxnj'],covid_political+nm(3),ukr_rus_suspended,pl,ukr_rus_suspended+pl(0),oes3yxnj|ukr_rus_suspended+pl(0),covid_political+nm(3)|ukr_rus_suspended+pl(0),0.4994209555555555,0.5048559807420935,0.499420956
pqqkslcx,eval_covid19_twitter_pl_to_covid_political_pl_10shot_23_04_2026_01_15_06,finished,covid_political,pl,eval_covid19_twitter_pl_to_covid_political_pl_10shot,state/train1_covid19_twitter_pl_1p5m_13_04_2026_11_43_04/checkpoint/state_dict_22000.ckpt,10.0,2.0,12.0,False,0.61305,,0.6129016122847092,0.6502832477777778,2026-04-23 08:15:08+00:00,1.0,['new tasks apr 21'],384.0,emb_only,True,/scratch1/eibl/data/covid_political/graphs/retweet_graph.pt,10.0,covid_political,train1_covid19_twitter_pl_1p5m_13_04_2026_11_43_04,4/23,10,"[('covid19_twitter', 'pl', 4)]",['1tykfbva'],covid19_twitter+pl(4),covid_political,pl,covid_political+pl(10),1tykfbva|covid_political+pl(10),covid19_twitter+pl(4)|covid_political+pl(10),0.6502832477777778,0.6129016122847092,0.650283248
rax7x34c,eval_midterm_pl_to_election2020_pl_10shot_23_04_2026_01_13_09,finished,election2020,pl,eval_midterm_pl_to_election2020_pl_10shot,state/train1_midterm_pl_1p5m_13_04_2026_17_14_38/checkpoint/state_dict_22000.ckpt,10.0,2.0,12.0,False,0.6933,,0.6926648406707195,0.7376286350000001,2026-04-23 08:13:11+00:00,1.0,['new tasks apr 21'],384.0,emb_only,True,/scratch1/eibl/data/election2020/graphs/retweet_graph.pt,10.0,election2020,train1_midterm_pl_1p5m_13_04_2026_17_14_38,4/23,10,"[('midterm', 'pl', 4)]",['cao4vh4l'],midterm+pl(4),election2020,pl,election2020+pl(10),cao4vh4l|election2020+pl(10),midterm+pl(4)|election2020+pl(10),0.7376286350000001,0.6926648406707195,0.737628635
pk6u8515,eval_covid_political_nm_to_ukr_rus_suspended_nm_0shot_23_04_2026_01_12_54,finished,ukr_rus_suspended,nm,eval_covid_political_nm_to_ukr_rus_suspended_nm_0shot,state/train1_covid_political_nm_21_04_2026_00_00_23/checkpoint/state_dict_4000.ckpt,0.0,3.0,12.0,True,0.3361777777777778,,0.3065597340114371,0.501115802962963,2026-04-23 08:12:55+00:00,1.0,['new tasks apr 21'],384.0,emb_only,True,/scratch1/eibl/data/ukr_rus_suspended/graphs/retweet_graph.pt,0.0,ukr_rus_suspended,train1_covid_political_nm_21_04_2026_00_00_23,4/23,0,"[('covid_political', 'nm', 3)]",['oes3yxnj'],covid_political+nm(3),ukr_rus_suspended,nm,ukr_rus_suspended+nm(0),oes3yxnj|ukr_rus_suspended+nm(0),covid_political+nm(3)|ukr_rus_suspended+nm(0),0.501115802962963,0.3065597340114371,0.501115803
fg6yledu,eval_covid19_twitter_pl_to_ukr_rus_suspended_pl_10shot_23_04_2026_01_11_31,finished,ukr_rus_suspended,pl,eval_covid19_twitter_pl_to_ukr_rus_suspended_pl_10shot,state/train1_covid19_twitter_pl_1p5m_13_04_2026_11_43_04/checkpoint/state_dict_22000.ckpt,10.0,2.0,12.0,False,0.5113833333333333,,0.5129823745369371,0.5158617616666668,2026-04-23 08:11:33+00:00,1.0,['new tasks apr 21'],384.0,emb_only,True,/scratch1/eibl/data/ukr_rus_suspended/graphs/retweet_graph.pt,10.0,ukr_rus_suspended,train1_covid19_twitter_pl_1p5m_13_04_2026_11_43_04,4/23,10,"[('covid19_twitter', 'pl', 4)]",['1tykfbva'],covid19_twitter+pl(4),ukr_rus_suspended,pl,ukr_rus_suspended+pl(10),1tykfbva|ukr_rus_suspended+pl(10),covid19_twitter+pl(4)|ukr_rus_suspended+pl(10),0.5158617616666668,0.5129823745369371,0.515861762
8gmimbws,eval_covid19_twitter_pl_to_covid_political_nm_10shot_23_04_2026_01_10_23,finished,covid_political,nm,eval_covid19_twitter_pl_to_covid_political_nm_10shot,state/train1_covid19_twitter_pl_1p5m_13_04_2026_11_43_04/checkpoint/state_dict_22000.ckpt,10.0,3.0,12.0,False,0.3349444444444444,,0.2704117045084998,0.5053021897222222,2026-04-23 08:10:25+00:00,1.0,['new tasks apr 21'],384.0,emb_only,True,/scratch1/eibl/data/covid_political/graphs/retweet_graph.pt,10.0,covid_political,train1_covid19_twitter_pl_1p5m_13_04_2026_11_43_04,4/23,10,"[('covid19_twitter', 'pl', 4)]",['1tykfbva'],covid19_twitter+pl(4),covid_political,nm,covid_political+nm(10),1tykfbva|covid_political+nm(10),covid19_twitter+pl(4)|covid_political+nm(10),0.5053021897222222,0.2704117045084998,0.50530219
g68ex00y,eval_covid19_twitter_pl_to_covid_political_pl_1shot_23_04_2026_01_09_39,finished,covid_political,pl,eval_covid19_twitter_pl_to_covid_political_pl_1shot,state/train1_covid19_twitter_pl_1p5m_13_04_2026_11_43_04/checkpoint/state_dict_22000.ckpt,1.0,2.0,12.0,False,0.5982666666666666,,0.5981327109036345,0.6292365855555555,2026-04-23 08:09:41+00:00,1.0,['new tasks apr 21'],384.0,emb_only,True,/scratch1/eibl/data/covid_political/graphs/retweet_graph.pt,1.0,covid_political,train1_covid19_twitter_pl_1p5m_13_04_2026_11_43_04,4/23,1,"[('covid19_twitter', 'pl', 4)]",['1tykfbva'],covid19_twitter+pl(4),covid_political,pl,covid_political+pl(1),1tykfbva|covid_political+pl(1),covid19_twitter+pl(4)|covid_political+pl(1),0.6292365855555555,0.5981327109036345,0.629236586
m59tldmr,eval_covid19_twitter_pl_to_ukr_rus_suspended_nm_10shot_23_04_2026_01_07_30,finished,ukr_rus_suspended,nm,eval_covid19_twitter_pl_to_ukr_rus_suspended_nm_10shot,state/train1_covid19_twitter_pl_1p5m_13_04_2026_11_43_04/checkpoint/state_dict_22000.ckpt,10.0,3.0,12.0,False,0.3352,,0.2682411351559157,0.5017227289814815,2026-04-23 08:07:31+00:00,1.0,['new tasks apr 21'],384.0,emb_only,True,/scratch1/eibl/data/ukr_rus_suspended/graphs/retweet_graph.pt,10.0,ukr_rus_suspended,train1_covid19_twitter_pl_1p5m_13_04_2026_11_43_04,4/23,10,"[('covid19_twitter', 'pl', 4)]",['1tykfbva'],covid19_twitter+pl(4),ukr_rus_suspended,nm,ukr_rus_suspended+nm(10),1tykfbva|ukr_rus_suspended+nm(10),covid19_twitter+pl(4)|ukr_rus_suspended+nm(10),0.5017227289814815,0.2682411351559157,0.501722729
afsf0ke1,eval_covid19_twitter_pl_to_covid_political_nm_1shot_23_04_2026_01_06_52,finished,covid_political,nm,eval_covid19_twitter_pl_to_covid_political_nm_1shot,state/train1_covid19_twitter_pl_1p5m_13_04_2026_11_43_04/checkpoint/state_dict_22000.ckpt,1.0,3.0,12.0,False,0.3334,,0.2207147297859504,0.4999196112037037,2026-04-23 08:06:54+00:00,1.0,['new tasks apr 21'],384.0,emb_only,True,/scratch1/eibl/data/covid_political/graphs/retweet_graph.pt,1.0,covid_political,train1_covid19_twitter_pl_1p5m_13_04_2026_11_43_04,4/23,1,"[('covid19_twitter', 'pl', 4)]",['1tykfbva'],covid19_twitter+pl(4),covid_political,nm,covid_political+nm(1),1tykfbva|covid_political+nm(1),covid19_twitter+pl(4)|covid_political+nm(1),0.4999196112037037,0.2207147297859504,0.499919611
zf56kan7,eval_covid19_twitter_pl_to_ukr_rus_suspended_pl_1shot_23_04_2026_01_06_37,finished,ukr_rus_suspended,pl,eval_covid19_twitter_pl_to_ukr_rus_suspended_pl_1shot,state/train1_covid19_twitter_pl_1p5m_13_04_2026_11_43_04/checkpoint/state_dict_22000.ckpt,1.0,2.0,12.0,False,0.5114333333333333,,0.5115147475420764,0.5132417788888889,2026-04-23 08:06:39+00:00,1.0,['new tasks apr 21'],384.0,emb_only,True,/scratch1/eibl/data/ukr_rus_suspended/graphs/retweet_graph.pt,1.0,ukr_rus_suspended,train1_covid19_twitter_pl_1p5m_13_04_2026_11_43_04,4/23,1,"[('covid19_twitter', 'pl', 4)]",['1tykfbva'],covid19_twitter+pl(4),ukr_rus_suspended,pl,ukr_rus_suspended+pl(1),1tykfbva|ukr_rus_suspended+pl(1),covid19_twitter+pl(4)|ukr_rus_suspended+pl(1),0.5132417788888889,0.5115147475420764,0.513241779
qaobtx78,eval_covid19_twitter_pl_to_covid_political_pl_0shot_23_04_2026_01_06_09,finished,covid_political,pl,eval_covid19_twitter_pl_to_covid_political_pl_0shot,state/train1_covid19_twitter_pl_1p5m_13_04_2026_11_43_04/checkpoint/state_dict_22000.ckpt,0.0,2.0,12.0,True,0.4410166666666666,,0.437821619537706,0.397947645,2026-04-23 08:06:10+00:00,1.0,['new tasks apr 21'],384.0,emb_only,True,/scratch1/eibl/data/covid_political/graphs/retweet_graph.pt,0.0,covid_political,train1_covid19_twitter_pl_1p5m_13_04_2026_11_43_04,4/23,0,"[('covid19_twitter', 'pl', 4)]",['1tykfbva'],covid19_twitter+pl(4),covid_political,pl,covid_political+pl(0),1tykfbva|covid_political+pl(0),covid19_twitter+pl(4)|covid_political+pl(0),0.397947645,0.437821619537706,0.397947645
bggw7yny,eval_covid19_twitter_pl_to_ukr_rus_suspended_nm_1shot_23_04_2026_01_04_07,finished,ukr_rus_suspended,nm,eval_covid19_twitter_pl_to_ukr_rus_suspended_nm_1shot,state/train1_covid19_twitter_pl_1p5m_13_04_2026_11_43_04/checkpoint/state_dict_22000.ckpt,1.0,3.0,12.0,False,0.3330222222222222,,0.2323356831715892,0.5002985200925926,2026-04-23 08:04:08+00:00,1.0,['new tasks apr 21'],384.0,emb_only,True,/scratch1/eibl/data/ukr_rus_suspended/graphs/retweet_graph.pt,1.0,ukr_rus_suspended,train1_covid19_twitter_pl_1p5m_13_04_2026_11_43_04,4/23,1,"[('covid19_twitter', 'pl', 4)]",['1tykfbva'],covid19_twitter+pl(4),ukr_rus_suspended,nm,ukr_rus_suspended+nm(1),1tykfbva|ukr_rus_suspended+nm(1),covid19_twitter+pl(4)|ukr_rus_suspended+nm(1),0.5002985200925926,0.2323356831715892,0.50029852
mgsd3qgh,eval_covid19_twitter_pl_to_covid_political_nm_0shot_23_04_2026_01_03_33,finished,covid_political,nm,eval_covid19_twitter_pl_to_covid_political_nm_0shot,state/train1_covid19_twitter_pl_1p5m_13_04_2026_11_43_04/checkpoint/state_dict_22000.ckpt,0.0,3.0,12.0,True,0.3339333333333333,,0.3171887547615761,0.5004985110185185,2026-04-23 08:03:34+00:00,1.0,['new tasks apr 21'],384.0,emb_only,True,/scratch1/eibl/data/covid_political/graphs/retweet_graph.pt,0.0,covid_political,train1_covid19_twitter_pl_1p5m_13_04_2026_11_43_04,4/23,0,"[('covid19_twitter', 'pl', 4)]",['1tykfbva'],covid19_twitter+pl(4),covid_political,nm,covid_political+nm(0),1tykfbva|covid_political+nm(0),covid19_twitter+pl(4)|covid_political+nm(0),0.5004985110185185,0.3171887547615761,0.500498511
2v4qntpy,eval_covid19_twitter_pl_to_ukr_rus_suspended_pl_0shot_23_04_2026_01_03_16,finished,ukr_rus_suspended,pl,eval_covid19_twitter_pl_to_ukr_rus_suspended_pl_0shot,state/train1_covid19_twitter_pl_1p5m_13_04_2026_11_43_04/checkpoint/state_dict_22000.ckpt,0.0,2.0,12.0,True,0.5113,,0.5126321388205571,0.5160892144444444,2026-04-23 08:03:18+00:00,1.0,['new tasks apr 21'],384.0,emb_only,True,/scratch1/eibl/data/ukr_rus_suspended/graphs/retweet_graph.pt,0.0,ukr_rus_suspended,train1_covid19_twitter_pl_1p5m_13_04_2026_11_43_04,4/23,0,"[('covid19_twitter', 'pl', 4)]",['1tykfbva'],covid19_twitter+pl(4),ukr_rus_suspended,pl,ukr_rus_suspended+pl(0),1tykfbva|ukr_rus_suspended+pl(0),covid19_twitter+pl(4)|ukr_rus_suspended+pl(0),0.5160892144444444,0.5126321388205571,0.516089214
r9b139hc,eval_covid19_twitter_lp_to_covid_political_pl_10shot_23_04_2026_01_02_22,finished,covid_political,pl,eval_covid19_twitter_lp_to_covid_political_pl_10shot,state/train1_covid19_twitter_lp_1p5m_13_04_2026_15_42_52/checkpoint/state_dict_28000.ckpt,10.0,2.0,12.0,False,0.5877,,0.5869427283352814,0.6226053016666667,2026-04-23 08:02:24+00:00,1.0,['new tasks apr 21'],384.0,emb_only,True,/scratch1/eibl/data/covid_political/graphs/retweet_graph.pt,10.0,covid_political,train1_covid19_twitter_lp_1p5m_13_04_2026_15_42_52,4/23,10,"[('covid19_twitter', 'lp', 1)]",['2l1wyfau'],covid19_twitter+lp(1),covid_political,pl,covid_political+pl(10),2l1wyfau|covid_political+pl(10),covid19_twitter+lp(1)|covid_political+pl(10),0.6226053016666667,0.5869427283352814,0.622605302
8ngjh5qw,eval_covid19_twitter_pl_to_ukr_rus_suspended_nm_0shot_23_04_2026_01_00_55,finished,ukr_rus_suspended,nm,eval_covid19_twitter_pl_to_ukr_rus_suspended_nm_0shot,state/train1_covid19_twitter_pl_1p5m_13_04_2026_11_43_04/checkpoint/state_dict_22000.ckpt,0.0,3.0,12.0,True,0.3351888888888888,,0.3157479654911748,0.4995728389814814,2026-04-23 08:00:57+00:00,1.0,['new tasks apr 21'],384.0,emb_only,True,/scratch1/eibl/data/ukr_rus_suspended/graphs/retweet_graph.pt,0.0,ukr_rus_suspended,train1_covid19_twitter_pl_1p5m_13_04_2026_11_43_04,4/23,0,"[('covid19_twitter', 'pl', 4)]",['1tykfbva'],covid19_twitter+pl(4),ukr_rus_suspended,nm,ukr_rus_suspended+nm(0),1tykfbva|ukr_rus_suspended+nm(0),covid19_twitter+pl(4)|ukr_rus_suspended+nm(0),0.4995728389814814,0.3157479654911748,0.499572839
vz473dc6,eval_midterm_pl_to_election2020_nm_10shot_23_04_2026_01_00_39,finished,election2020,nm,eval_midterm_pl_to_election2020_nm_10shot,state/train1_midterm_pl_1p5m_13_04_2026_17_14_38/checkpoint/state_dict_22000.ckpt,10.0,3.0,12.0,False,0.4381888888888889,,0.4380829617584041,0.6376445687037037,2026-04-23 08:00:42+00:00,1.0,['new tasks apr 21'],384.0,emb_only,True,/scratch1/eibl/data/election2020/graphs/retweet_graph.pt,10.0,election2020,train1_midterm_pl_1p5m_13_04_2026_17_14_38,4/23,10,"[('midterm', 'pl', 4)]",['cao4vh4l'],midterm+pl(4),election2020,nm,election2020+nm(10),cao4vh4l|election2020+nm(10),midterm+pl(4)|election2020+nm(10),0.6376445687037037,0.4380829617584041,0.637644569
clk5eaxx,eval_covid19_twitter_lp_to_ukr_rus_suspended_pl_10shot_23_04_2026_00_59_33,finished,ukr_rus_suspended,pl,eval_covid19_twitter_lp_to_ukr_rus_suspended_pl_10shot,state/train1_covid19_twitter_lp_1p5m_13_04_2026_15_42_52/checkpoint/state_dict_28000.ckpt,10.0,2.0,12.0,False,0.5043,,0.5026421404682274,0.5043585194444444,2026-04-23 07:59:35+00:00,1.0,['new tasks apr 21'],384.0,emb_only,True,/scratch1/eibl/data/ukr_rus_suspended/graphs/retweet_graph.pt,10.0,ukr_rus_suspended,train1_covid19_twitter_lp_1p5m_13_04_2026_15_42_52,4/23,10,"[('covid19_twitter', 'lp', 1)]",['2l1wyfau'],covid19_twitter+lp(1),ukr_rus_suspended,pl,ukr_rus_suspended+pl(10),2l1wyfau|ukr_rus_suspended+pl(10),covid19_twitter+lp(1)|ukr_rus_suspended+pl(10),0.5043585194444444,0.5026421404682274,0.504358519
w44qik3e,eval_covid19_twitter_lp_to_covid_political_nm_10shot_23_04_2026_00_57_47,finished,covid_political,nm,eval_covid19_twitter_lp_to_covid_political_nm_10shot,state/train1_covid19_twitter_lp_1p5m_13_04_2026_15_42_52/checkpoint/state_dict_28000.ckpt,10.0,3.0,12.0,False,0.4345888888888889,,0.4344627298566614,0.6187719972222222,2026-04-23 07:57:48+00:00,1.0,['new tasks apr 21'],384.0,emb_only,True,/scratch1/eibl/data/covid_political/graphs/retweet_graph.pt,10.0,covid_political,train1_covid19_twitter_lp_1p5m_13_04_2026_15_42_52,4/23,10,"[('covid19_twitter', 'lp', 1)]",['2l1wyfau'],covid19_twitter+lp(1),covid_political,nm,covid_political+nm(10),2l1wyfau|covid_political+nm(10),covid19_twitter+lp(1)|covid_political+nm(10),0.6187719972222222,0.4344627298566614,0.618771997
v6b3jnei,eval_midterm_pl_to_election2020_pl_1shot_23_04_2026_00_57_24,finished,election2020,pl,eval_midterm_pl_to_election2020_pl_1shot,state/train1_midterm_pl_1p5m_13_04_2026_17_14_38/checkpoint/state_dict_22000.ckpt,1.0,2.0,12.0,False,0.5972333333333333,,0.5972601826544897,0.6396696622222222,2026-04-23 07:57:27+00:00,1.0,['new tasks apr 21'],384.0,emb_only,True,/scratch1/eibl/data/election2020/graphs/retweet_graph.pt,1.0,election2020,train1_midterm_pl_1p5m_13_04_2026_17_14_38,4/23,1,"[('midterm', 'pl', 4)]",['cao4vh4l'],midterm+pl(4),election2020,pl,election2020+pl(1),cao4vh4l|election2020+pl(1),midterm+pl(4)|election2020+pl(1),0.6396696622222222,0.5972601826544897,0.639669662
tpxubu3m,eval_covid19_twitter_lp_to_covid_political_pl_1shot_23_04_2026_00_57_02,finished,covid_political,pl,eval_covid19_twitter_lp_to_covid_political_pl_1shot,state/train1_covid19_twitter_lp_1p5m_13_04_2026_15_42_52/checkpoint/state_dict_28000.ckpt,1.0,2.0,12.0,False,0.5552833333333334,,0.5579723349623126,0.5769874961111111,2026-04-23 07:57:03+00:00,1.0,['new tasks apr 21'],384.0,emb_only,True,/scratch1/eibl/data/covid_political/graphs/retweet_graph.pt,1.0,covid_political,train1_covid19_twitter_lp_1p5m_13_04_2026_15_42_52,4/23,1,"[('covid19_twitter', 'lp', 1)]",['2l1wyfau'],covid19_twitter+lp(1),covid_political,pl,covid_political+pl(1),2l1wyfau|covid_political+pl(1),covid19_twitter+lp(1)|covid_political+pl(1),0.5769874961111111,0.5579723349623126,0.576987496
9gp3shj1,eval_covid19_twitter_lp_to_ukr_rus_suspended_nm_10shot_23_04_2026_00_55_33,finished,ukr_rus_suspended,nm,eval_covid19_twitter_lp_to_ukr_rus_suspended_nm_10shot,state/train1_covid19_twitter_lp_1p5m_13_04_2026_15_42_52/checkpoint/state_dict_28000.ckpt,10.0,3.0,12.0,False,0.4866555555555555,,0.486259816633024,0.6807630991666667,2026-04-23 07:55:34+00:00,1.0,['new tasks apr 21'],384.0,emb_only,True,/scratch1/eibl/data/ukr_rus_suspended/graphs/retweet_graph.pt,10.0,ukr_rus_suspended,train1_covid19_twitter_lp_1p5m_13_04_2026_15_42_52,4/23,10,"[('covid19_twitter', 'lp', 1)]",['2l1wyfau'],covid19_twitter+lp(1),ukr_rus_suspended,nm,ukr_rus_suspended+nm(10),2l1wyfau|ukr_rus_suspended+nm(10),covid19_twitter+lp(1)|ukr_rus_suspended+nm(10),0.6807630991666667,0.486259816633024,0.680763099
rvpnovwy,eval_covid19_twitter_lp_to_ukr_rus_suspended_pl_1shot_23_04_2026_00_54_40,finished,ukr_rus_suspended,pl,eval_covid19_twitter_lp_to_ukr_rus_suspended_pl_1shot,state/train1_covid19_twitter_lp_1p5m_13_04_2026_15_42_52/checkpoint/state_dict_28000.ckpt,1.0,2.0,12.0,False,0.5020833333333333,,0.5029035424882278,0.4999863505555556,2026-04-23 07:54:42+00:00,1.0,['new tasks apr 21'],384.0,emb_only,True,/scratch1/eibl/data/ukr_rus_suspended/graphs/retweet_graph.pt,1.0,ukr_rus_suspended,train1_covid19_twitter_lp_1p5m_13_04_2026_15_42_52,4/23,1,"[('covid19_twitter', 'lp', 1)]",['2l1wyfau'],covid19_twitter+lp(1),ukr_rus_suspended,pl,ukr_rus_suspended+pl(1),2l1wyfau|ukr_rus_suspended+pl(1),covid19_twitter+lp(1)|ukr_rus_suspended+pl(1),0.4999863505555556,0.5029035424882278,0.499986351
lmak1vg8,eval_covid19_twitter_lp_to_covid_political_nm_1shot_23_04_2026_00_54_14,finished,covid_political,nm,eval_covid19_twitter_lp_to_covid_political_nm_1shot,state/train1_covid19_twitter_lp_1p5m_13_04_2026_15_42_52/checkpoint/state_dict_28000.ckpt,1.0,3.0,12.0,False,0.4156333333333333,,0.415319771106118,0.5934831369444444,2026-04-23 07:54:16+00:00,1.0,['new tasks apr 21'],384.0,emb_only,True,/scratch1/eibl/data/covid_political/graphs/retweet_graph.pt,1.0,covid_political,train1_covid19_twitter_lp_1p5m_13_04_2026_15_42_52,4/23,1,"[('covid19_twitter', 'lp', 1)]",['2l1wyfau'],covid19_twitter+lp(1),covid_political,nm,covid_political+nm(1),2l1wyfau|covid_political+nm(1),covid19_twitter+lp(1)|covid_political+nm(1),0.5934831369444444,0.415319771106118,0.593483137
b7wb64hs,eval_covid19_twitter_lp_to_covid_political_pl_0shot_23_04_2026_00_53_33,finished,covid_political,pl,eval_covid19_twitter_lp_to_covid_political_pl_0shot,state/train1_covid19_twitter_lp_1p5m_13_04_2026_15_42_52/checkpoint/state_dict_28000.ckpt,0.0,2.0,12.0,True,0.4978666666666667,,0.4921105866486851,0.49449124,2026-04-23 07:53:34+00:00,1.0,['new tasks apr 21'],384.0,emb_only,True,/scratch1/eibl/data/covid_political/graphs/retweet_graph.pt,0.0,covid_political,train1_covid19_twitter_lp_1p5m_13_04_2026_15_42_52,4/23,0,"[('covid19_twitter', 'lp', 1)]",['2l1wyfau'],covid19_twitter+lp(1),covid_political,pl,covid_political+pl(0),2l1wyfau|covid_political+pl(0),covid19_twitter+lp(1)|covid_political+pl(0),0.49449124,0.4921105866486851,0.49449124
sx2v7jbl,eval_covid19_twitter_lp_to_ukr_rus_suspended_nm_1shot_23_04_2026_00_52_09,finished,ukr_rus_suspended,nm,eval_covid19_twitter_lp_to_ukr_rus_suspended_nm_1shot,state/train1_covid19_twitter_lp_1p5m_13_04_2026_15_42_52/checkpoint/state_dict_28000.ckpt,1.0,3.0,12.0,False,0.4178444444444444,,0.4175008131446674,0.5960685912037037,2026-04-23 07:52:10+00:00,1.0,['new tasks apr 21'],384.0,emb_only,True,/scratch1/eibl/data/ukr_rus_suspended/graphs/retweet_graph.pt,1.0,ukr_rus_suspended,train1_covid19_twitter_lp_1p5m_13_04_2026_15_42_52,4/23,1,"[('covid19_twitter', 'lp', 1)]",['2l1wyfau'],covid19_twitter+lp(1),ukr_rus_suspended,nm,ukr_rus_suspended+nm(1),2l1wyfau|ukr_rus_suspended+nm(1),covid19_twitter+lp(1)|ukr_rus_suspended+nm(1),0.5960685912037037,0.4175008131446674,0.596068591
8f4lfaf6,eval_covid19_twitter_lp_to_ukr_rus_suspended_pl_0shot_23_04_2026_00_51_19,finished,ukr_rus_suspended,pl,eval_covid19_twitter_lp_to_ukr_rus_suspended_pl_0shot,state/train1_covid19_twitter_lp_1p5m_13_04_2026_15_42_52/checkpoint/state_dict_28000.ckpt,0.0,2.0,12.0,True,0.49315,,0.4966149669773062,0.4865803716666667,2026-04-23 07:51:20+00:00,1.0,['new tasks apr 21'],384.0,emb_only,True,/scratch1/eibl/data/ukr_rus_suspended/graphs/retweet_graph.pt,0.0,ukr_rus_suspended,train1_covid19_twitter_lp_1p5m_13_04_2026_15_42_52,4/23,0,"[('covid19_twitter', 'lp', 1)]",['2l1wyfau'],covid19_twitter+lp(1),ukr_rus_suspended,pl,ukr_rus_suspended+pl(0),2l1wyfau|ukr_rus_suspended+pl(0),covid19_twitter+lp(1)|ukr_rus_suspended+pl(0),0.4865803716666667,0.4966149669773062,0.486580372
u7t6np7i,eval_covid19_twitter_lp_to_covid_political_nm_0shot_23_04_2026_00_50_55,finished,covid_political,nm,eval_covid19_twitter_lp_to_covid_political_nm_0shot,state/train1_covid19_twitter_lp_1p5m_13_04_2026_15_42_52/checkpoint/state_dict_28000.ckpt,0.0,3.0,12.0,True,0.3348444444444444,,0.2917977050375935,0.4991875481481481,2026-04-23 07:50:57+00:00,1.0,['new tasks apr 21'],384.0,emb_only,True,/scratch1/eibl/data/covid_political/graphs/retweet_graph.pt,0.0,covid_political,train1_covid19_twitter_lp_1p5m_13_04_2026_15_42_52,4/23,0,"[('covid19_twitter', 'lp', 1)]",['2l1wyfau'],covid19_twitter+lp(1),covid_political,nm,covid_political+nm(0),2l1wyfau|covid_political+nm(0),covid19_twitter+lp(1)|covid_political+nm(0),0.4991875481481481,0.2917977050375935,0.499187548
pogz4czg,eval_midterm_pl_to_election2020_nm_1shot_23_04_2026_00_49_47,finished,election2020,nm,eval_midterm_pl_to_election2020_nm_1shot,state/train1_midterm_pl_1p5m_13_04_2026_17_14_38/checkpoint/state_dict_22000.ckpt,1.0,3.0,12.0,False,0.4023333333333333,,0.4022528077890805,0.5843506811111111,2026-04-23 07:49:50+00:00,1.0,['new tasks apr 21'],384.0,emb_only,True,/scratch1/eibl/data/election2020/graphs/retweet_graph.pt,1.0,election2020,train1_midterm_pl_1p5m_13_04_2026_17_14_38,4/23,1,"[('midterm', 'pl', 4)]",['cao4vh4l'],midterm+pl(4),election2020,nm,election2020+nm(1),cao4vh4l|election2020+nm(1),midterm+pl(4)|election2020+nm(1),0.5843506811111111,0.4022528077890805,0.584350681
4f331dv0,eval_covid19_twitter_nm_to_covid_political_pl_10shot_23_04_2026_00_49_46,finished,covid_political,pl,eval_covid19_twitter_nm_to_covid_political_pl_10shot,state/train1_covid19_twitter_nm_1p5m_13_04_2026_12_14_58/checkpoint/state_dict_40000.ckpt,10.0,2.0,12.0,False,0.6366333333333334,,0.6356008691291994,0.6740750866666666,2026-04-23 07:49:48+00:00,1.0,['new tasks apr 21'],384.0,emb_only,True,/scratch1/eibl/data/covid_political/graphs/retweet_graph.pt,10.0,covid_political,train1_covid19_twitter_nm_1p5m_13_04_2026_12_14_58,4/23,10,"[('covid19_twitter', 'nm', 1)]",['7byj23i0'],covid19_twitter+nm(1),covid_political,pl,covid_political+pl(10),7byj23i0|covid_political+pl(10),covid19_twitter+nm(1)|covid_political+pl(10),0.6740750866666666,0.6356008691291994,0.674075087
wsy983kn,eval_covid19_twitter_lp_to_ukr_rus_suspended_nm_0shot_23_04_2026_00_48_57,finished,ukr_rus_suspended,nm,eval_covid19_twitter_lp_to_ukr_rus_suspended_nm_0shot,state/train1_covid19_twitter_lp_1p5m_13_04_2026_15_42_52/checkpoint/state_dict_28000.ckpt,0.0,3.0,12.0,True,0.3327555555555556,,0.2906694129707994,0.4982383125,2026-04-23 07:48:59+00:00,1.0,"['new tasks apr 21', 'social_llm_v1', 'social_llm_v2', 'social_llm_v3']",384.0,emb_only,True,/scratch1/eibl/data/ukr_rus_suspended/graphs/retweet_graph.pt,0.0,ukr_rus_suspended,train1_covid19_twitter_lp_1p5m_13_04_2026_15_42_52,4/23,0,"[('covid19_twitter', 'lp', 1)]",['2l1wyfau'],covid19_twitter+lp(1),ukr_rus_suspended,nm,ukr_rus_suspended+nm(0),2l1wyfau|ukr_rus_suspended+nm(0),covid19_twitter+lp(1)|ukr_rus_suspended+nm(0),0.4982383125,0.2906694129707994,0.498238312
kxendl4x,eval_covid19_twitter_nm_to_ukr_rus_suspended_pl_10shot_23_04_2026_00_47_30,finished,ukr_rus_suspended,pl,eval_covid19_twitter_nm_to_ukr_rus_suspended_pl_10shot,state/train1_covid19_twitter_nm_1p5m_13_04_2026_12_14_58/checkpoint/state_dict_40000.ckpt,10.0,2.0,12.0,False,0.50405,,0.5014826355732019,0.5042362261111111,2026-04-23 07:47:32+00:00,1.0,"['new tasks apr 21', 'social_llm_v1', 'social_llm_v2', 'social_llm_v3']",384.0,emb_only,True,/scratch1/eibl/data/ukr_rus_suspended/graphs/retweet_graph.pt,10.0,ukr_rus_suspended,train1_covid19_twitter_nm_1p5m_13_04_2026_12_14_58,4/23,10,"[('covid19_twitter', 'nm', 1)]",['7byj23i0'],covid19_twitter+nm(1),ukr_rus_suspended,pl,ukr_rus_suspended+pl(10),7byj23i0|ukr_rus_suspended+pl(10),covid19_twitter+nm(1)|ukr_rus_suspended+pl(10),0.5042362261111111,0.5014826355732019,0.504236226
1xd2sr3t,eval_midterm_pl_to_election2020_pl_0shot_23_04_2026_00_46_40,finished,election2020,pl,eval_midterm_pl_to_election2020_pl_0shot,state/train1_midterm_pl_1p5m_13_04_2026_17_14_38/checkpoint/state_dict_22000.ckpt,0.0,2.0,12.0,True,0.6888166666666666,,0.6900410046981091,0.7447922316666666,2026-04-23 07:46:43+00:00,1.0,"['new tasks apr 21', 'social_llm_v1', 'social_llm_v2', 'social_llm_v3']",384.0,emb_only,True,/scratch1/eibl/data/election2020/graphs/retweet_graph.pt,0.0,election2020,train1_midterm_pl_1p5m_13_04_2026_17_14_38,4/23,0,"[('midterm', 'pl', 4)]",['cao4vh4l'],midterm+pl(4),election2020,pl,election2020+pl(0),cao4vh4l|election2020+pl(0),midterm+pl(4)|election2020+pl(0),0.7447922316666666,0.6900410046981091,0.744792232
l7mmyxll,eval_covid19_twitter_nm_to_covid_political_nm_10shot_23_04_2026_00_45_11,finished,covid_political,nm,eval_covid19_twitter_nm_to_covid_political_nm_10shot,state/train1_covid19_twitter_nm_1p5m_13_04_2026_12_14_58/checkpoint/state_dict_40000.ckpt,10.0,3.0,12.0,False,0.5606888888888889,,0.5606315095765123,0.7375905026851851,2026-04-23 07:45:13+00:00,1.0,"['new tasks apr 21', 'social_llm_v1', 'social_llm_v2', 'social_llm_v3']",384.0,emb_only,True,/scratch1/eibl/data/covid_political/graphs/retweet_graph.pt,10.0,covid_political,train1_covid19_twitter_nm_1p5m_13_04_2026_12_14_58,4/23,10,"[('covid19_twitter', 'nm', 1)]",['7byj23i0'],covid19_twitter+nm(1),covid_political,nm,covid_political+nm(10),7byj23i0|covid_political+nm(10),covid19_twitter+nm(1)|covid_political+nm(10),0.7375905026851851,0.5606315095765123,0.737590503
j7rlxm8q,eval_covid19_twitter_nm_to_covid_political_pl_1shot_23_04_2026_00_44_25,finished,covid_political,pl,eval_covid19_twitter_nm_to_covid_political_pl_1shot,state/train1_covid19_twitter_nm_1p5m_13_04_2026_12_14_58/checkpoint/state_dict_40000.ckpt,1.0,2.0,12.0,False,0.6297833333333334,,0.6318511029716426,0.61668243,2026-04-23 07:44:27+00:00,1.0,"['new tasks apr 21', 'social_llm_v1', 'social_llm_v2', 'social_llm_v3']",384.0,emb_only,True,/scratch1/eibl/data/covid_political/graphs/retweet_graph.pt,1.0,covid_political,train1_covid19_twitter_nm_1p5m_13_04_2026_12_14_58,4/23,1,"[('covid19_twitter', 'nm', 1)]",['7byj23i0'],covid19_twitter+nm(1),covid_political,pl,covid_political+pl(1),7byj23i0|covid_political+pl(1),covid19_twitter+nm(1)|covid_political+pl(1),0.61668243,0.6318511029716426,0.61668243
u9x42afu,eval_covid19_twitter_nm_to_ukr_rus_suspended_nm_10shot_23_04_2026_00_43_25,finished,ukr_rus_suspended,nm,eval_covid19_twitter_nm_to_ukr_rus_suspended_nm_10shot,state/train1_covid19_twitter_nm_1p5m_13_04_2026_12_14_58/checkpoint/state_dict_40000.ckpt,10.0,3.0,12.0,False,0.6246222222222222,,0.6243668560409215,0.8015547539814815,2026-04-23 07:43:26+00:00,1.0,"['new tasks apr 21', 'social_llm_v1', 'social_llm_v2', 'social_llm_v3']",384.0,emb_only,True,/scratch1/eibl/data/ukr_rus_suspended/graphs/retweet_graph.pt,10.0,ukr_rus_suspended,train1_covid19_twitter_nm_1p5m_13_04_2026_12_14_58,4/23,10,"[('covid19_twitter', 'nm', 1)]",['7byj23i0'],covid19_twitter+nm(1),ukr_rus_suspended,nm,ukr_rus_suspended+nm(10),7byj23i0|ukr_rus_suspended+nm(10),covid19_twitter+nm(1)|ukr_rus_suspended+nm(10),0.8015547539814815,0.6243668560409215,0.801554754
m2aquhsg,eval_covid19_twitter_nm_to_ukr_rus_suspended_pl_1shot_23_04_2026_00_42_32,finished,ukr_rus_suspended,pl,eval_covid19_twitter_nm_to_ukr_rus_suspended_pl_1shot,state/train1_covid19_twitter_nm_1p5m_13_04_2026_12_14_58/checkpoint/state_dict_40000.ckpt,1.0,2.0,12.0,False,0.5017666666666667,,0.5034714148091552,0.5006591022222222,2026-04-23 07:42:34+00:00,1.0,"['new tasks apr 21', 'social_llm_v1', 'social_llm_v2', 'social_llm_v3']",384.0,emb_only,True,/scratch1/eibl/data/ukr_rus_suspended/graphs/retweet_graph.pt,1.0,ukr_rus_suspended,train1_covid19_twitter_nm_1p5m_13_04_2026_12_14_58,4/23,1,"[('covid19_twitter', 'nm', 1)]",['7byj23i0'],covid19_twitter+nm(1),ukr_rus_suspended,pl,ukr_rus_suspended+pl(1),7byj23i0|ukr_rus_suspended+pl(1),covid19_twitter+nm(1)|ukr_rus_suspended+pl(1),0.5006591022222222,0.5034714148091552,0.500659102
ibo47lxj,eval_covid19_twitter_nm_to_covid_political_nm_1shot_23_04_2026_00_41_38,finished,covid_political,nm,eval_covid19_twitter_nm_to_covid_political_nm_1shot,state/train1_covid19_twitter_nm_1p5m_13_04_2026_12_14_58/checkpoint/state_dict_40000.ckpt,1.0,3.0,12.0,False,0.5239555555555555,,0.5239499222764662,0.6841764272222223,2026-04-23 07:41:39+00:00,1.0,"['new tasks apr 21', 'social_llm_v1', 'social_llm_v2', 'social_llm_v3']",384.0,emb_only,True,/scratch1/eibl/data/covid_political/graphs/retweet_graph.pt,1.0,covid_political,train1_covid19_twitter_nm_1p5m_13_04_2026_12_14_58,4/23,1,"[('covid19_twitter', 'nm', 1)]",['7byj23i0'],covid19_twitter+nm(1),covid_political,nm,covid_political+nm(1),7byj23i0|covid_political+nm(1),covid19_twitter+nm(1)|covid_political+nm(1),0.6841764272222223,0.5239499222764662,0.684176427
2hl512f6,eval_covid19_twitter_nm_to_covid_political_pl_0shot_23_04_2026_00_40_55,finished,covid_political,pl,eval_covid19_twitter_nm_to_covid_political_pl_0shot,state/train1_covid19_twitter_nm_1p5m_13_04_2026_12_14_58/checkpoint/state_dict_40000.ckpt,0.0,2.0,12.0,True,0.6055333333333334,,0.6065824468085106,0.6490154761111111,2026-04-23 07:40:56+00:00,1.0,"['new tasks apr 21', 'social_llm_v1', 'social_llm_v2', 'social_llm_v3']",384.0,emb_only,True,/scratch1/eibl/data/covid_political/graphs/retweet_graph.pt,0.0,covid_political,train1_covid19_twitter_nm_1p5m_13_04_2026_12_14_58,4/23,0,"[('covid19_twitter', 'nm', 1)]",['7byj23i0'],covid19_twitter+nm(1),covid_political,pl,covid_political+pl(0),7byj23i0|covid_political+pl(0),covid19_twitter+nm(1)|covid_political+pl(0),0.6490154761111111,0.6065824468085106,0.649015476
n6gz0282,eval_covid19_twitter_nm_to_ukr_rus_suspended_nm_1shot_23_04_2026_00_40_02,finished,ukr_rus_suspended,nm,eval_covid19_twitter_nm_to_ukr_rus_suspended_nm_1shot,state/train1_covid19_twitter_nm_1p5m_13_04_2026_12_14_58/checkpoint/state_dict_40000.ckpt,1.0,3.0,12.0,False,0.5170111111111111,,0.5169843766606106,0.6973771624999999,2026-04-23 07:40:04+00:00,1.0,"['new tasks apr 21', 'social_llm_v1', 'social_llm_v2', 'social_llm_v3']",384.0,emb_only,True,/scratch1/eibl/data/ukr_rus_suspended/graphs/retweet_graph.pt,1.0,ukr_rus_suspended,train1_covid19_twitter_nm_1p5m_13_04_2026_12_14_58,4/23,1,"[('covid19_twitter', 'nm', 1)]",['7byj23i0'],covid19_twitter+nm(1),ukr_rus_suspended,nm,ukr_rus_suspended+nm(1),7byj23i0|ukr_rus_suspended+nm(1),covid19_twitter+nm(1)|ukr_rus_suspended+nm(1),0.6973771624999999,0.5169843766606106,0.697377162
j61rzlcj,eval_midterm_pl_to_election2020_nm_0shot_23_04_2026_00_39_31,finished,election2020,nm,eval_midterm_pl_to_election2020_nm_0shot,state/train1_midterm_pl_1p5m_13_04_2026_17_14_38/checkpoint/state_dict_22000.ckpt,0.0,3.0,12.0,True,0.3349222222222222,,0.3241279801402947,0.5015312349074074,2026-04-23 07:39:33+00:00,1.0,"['new tasks apr 21', 'social_llm_v1', 'social_llm_v2', 'social_llm_v3']",384.0,emb_only,True,/scratch1/eibl/data/election2020/graphs/retweet_graph.pt,0.0,election2020,train1_midterm_pl_1p5m_13_04_2026_17_14_38,4/23,0,"[('midterm', 'pl', 4)]",['cao4vh4l'],midterm+pl(4),election2020,nm,election2020+nm(0),cao4vh4l|election2020+nm(0),midterm+pl(4)|election2020+nm(0),0.5015312349074074,0.3241279801402947,0.501531235
gy3nvu1m,eval_covid19_twitter_nm_to_ukr_rus_suspended_pl_0shot_23_04_2026_00_39_12,finished,ukr_rus_suspended,pl,eval_covid19_twitter_nm_to_ukr_rus_suspended_pl_0shot,state/train1_covid19_twitter_nm_1p5m_13_04_2026_12_14_58/checkpoint/state_dict_40000.ckpt,0.0,2.0,12.0,True,0.5052833333333333,,0.5000589493540835,0.5103526805555556,2026-04-23 07:39:14+00:00,1.0,"['new tasks apr 21', 'social_llm_v1', 'social_llm_v2', 'social_llm_v3']",384.0,emb_only,True,/scratch1/eibl/data/ukr_rus_suspended/graphs/retweet_graph.pt,0.0,ukr_rus_suspended,train1_covid19_twitter_nm_1p5m_13_04_2026_12_14_58,4/23,0,"[('covid19_twitter', 'nm', 1)]",['7byj23i0'],covid19_twitter+nm(1),ukr_rus_suspended,pl,ukr_rus_suspended+pl(0),7byj23i0|ukr_rus_suspended+pl(0),covid19_twitter+nm(1)|ukr_rus_suspended+pl(0),0.5103526805555556,0.5000589493540835,0.510352681
kseodhk3,eval_covid19_twitter_nm_to_covid_political_nm_0shot_23_04_2026_00_38_19,finished,covid_political,nm,eval_covid19_twitter_nm_to_covid_political_nm_0shot,state/train1_covid19_twitter_nm_1p5m_13_04_2026_12_14_58/checkpoint/state_dict_40000.ckpt,0.0,3.0,12.0,True,0.3341444444444444,,0.2657255349233705,0.5008147125925926,2026-04-23 07:38:21+00:00,1.0,"['new tasks apr 21', 'social_llm_v1', 'social_llm_v2', 'social_llm_v3']",384.0,emb_only,True,/scratch1/eibl/data/covid_political/graphs/retweet_graph.pt,0.0,covid_political,train1_covid19_twitter_nm_1p5m_13_04_2026_12_14_58,4/23,0,"[('covid19_twitter', 'nm', 1)]",['7byj23i0'],covid19_twitter+nm(1),covid_political,nm,covid_political+nm(0),7byj23i0|covid_political+nm(0),covid19_twitter+nm(1)|covid_political+nm(0),0.5008147125925926,0.2657255349233705,0.500814713
57mix868,eval_ukr_rus_twitter_pl_to_covid_political_pl_10shot_23_04_2026_00_37_10,finished,covid_political,pl,eval_ukr_rus_twitter_pl_to_covid_political_pl_10shot,state/train1_ukr_rus_twitter_pl_1p5m_13_04_2026_11_30_52/checkpoint/state_dict_22000.ckpt,10.0,2.0,12.0,False,0.5073333333333333,,0.5072840617395072,0.50800263,2026-04-23 07:37:12+00:00,1.0,"['new tasks apr 21', 'social_llm_v1', 'social_llm_v2', 'social_llm_v3']",384.0,emb_only,True,/scratch1/eibl/data/covid_political/graphs/retweet_graph.pt,10.0,covid_political,train1_ukr_rus_twitter_pl_1p5m_13_04_2026_11_30_52,4/23,10,"[('ukr_rus_twitter', 'pl', 4)]",['uk4yl0g5'],ukr_rus_twitter+pl(4),covid_political,pl,covid_political+pl(10),uk4yl0g5|covid_political+pl(10),ukr_rus_twitter+pl(4)|covid_political+pl(10),0.50800263,0.5072840617395072,0.50800263
aigi1nl1,eval_covid19_twitter_nm_to_ukr_rus_suspended_nm_0shot_23_04_2026_00_36_50,finished,ukr_rus_suspended,nm,eval_covid19_twitter_nm_to_ukr_rus_suspended_nm_0shot,state/train1_covid19_twitter_nm_1p5m_13_04_2026_12_14_58/checkpoint/state_dict_40000.ckpt,0.0,3.0,12.0,True,0.3348555555555556,,0.2721457354147419,0.499688302962963,2026-04-23 07:36:52+00:00,1.0,"['new tasks apr 21', 'social_llm_v1', 'social_llm_v2', 'social_llm_v3']",384.0,emb_only,True,/scratch1/eibl/data/ukr_rus_suspended/graphs/retweet_graph.pt,0.0,ukr_rus_suspended,train1_covid19_twitter_nm_1p5m_13_04_2026_12_14_58,4/23,0,"[('covid19_twitter', 'nm', 1)]",['7byj23i0'],covid19_twitter+nm(1),ukr_rus_suspended,nm,ukr_rus_suspended+nm(0),7byj23i0|ukr_rus_suspended+nm(0),covid19_twitter+nm(1)|ukr_rus_suspended+nm(0),0.499688302962963,0.2721457354147419,0.499688303
fyw20j8d,eval_ukr_rus_twitter_pl_to_ukr_rus_suspended_pl_10shot_23_04_2026_00_35_27,finished,ukr_rus_suspended,pl,eval_ukr_rus_twitter_pl_to_ukr_rus_suspended_pl_10shot,state/train1_ukr_rus_twitter_pl_1p5m_13_04_2026_11_30_52/checkpoint/state_dict_22000.ckpt,10.0,2.0,12.0,False,0.50015,,0.5004414091779795,0.4991691233333333,2026-04-23 07:35:28+00:00,1.0,"['new tasks apr 21', 'social_llm_v1', 'social_llm_v2', 'social_llm_v3']",384.0,emb_only,True,/scratch1/eibl/data/ukr_rus_suspended/graphs/retweet_graph.pt,10.0,ukr_rus_suspended,train1_ukr_rus_twitter_pl_1p5m_13_04_2026_11_30_52,4/23,10,"[('ukr_rus_twitter', 'pl', 4)]",['uk4yl0g5'],ukr_rus_twitter+pl(4),ukr_rus_suspended,pl,ukr_rus_suspended+pl(10),uk4yl0g5|ukr_rus_suspended+pl(10),ukr_rus_twitter+pl(4)|ukr_rus_suspended+pl(10),0.4991691233333333,0.5004414091779795,0.499169123
nmna6ecg,eval_midterm_lp_to_election2020_pl_10shot_23_04_2026_00_34_20,finished,election2020,pl,eval_midterm_lp_to_election2020_pl_10shot,state/train1_midterm_lp_1p5m_13_04_2026_18_19_00/checkpoint/state_dict_28000.ckpt,10.0,2.0,12.0,False,0.8042,,0.8045583097654301,0.8698103405555555,2026-04-23 07:34:22+00:00,1.0,"['new tasks apr 21', 'social_llm_v1', 'social_llm_v2', 'social_llm_v3']",384.0,emb_only,True,/scratch1/eibl/data/election2020/graphs/retweet_graph.pt,10.0,election2020,train1_midterm_lp_1p5m_13_04_2026_18_19_00,4/23,10,"[('midterm', 'lp', 1)]",['7bjy1aj6'],midterm+lp(1),election2020,pl,election2020+pl(10),7bjy1aj6|election2020+pl(10),midterm+lp(1)|election2020+pl(10),0.8698103405555555,0.8045583097654301,0.869810341
d9fhamhe,eval_ukr_rus_twitter_pl_to_covid_political_nm_10shot_23_04_2026_00_32_35,finished,covid_political,nm,eval_ukr_rus_twitter_pl_to_covid_political_nm_10shot,state/train1_ukr_rus_twitter_pl_1p5m_13_04_2026_11_30_52/checkpoint/state_dict_22000.ckpt,10.0,3.0,12.0,False,0.3451,,0.3434391059561538,0.5145512521296297,2026-04-23 07:32:36+00:00,1.0,"['new tasks apr 21', 'social_llm_v1', 'social_llm_v2', 'social_llm_v3']",384.0,emb_only,True,/scratch1/eibl/data/covid_political/graphs/retweet_graph.pt,10.0,covid_political,train1_ukr_rus_twitter_pl_1p5m_13_04_2026_11_30_52,4/23,10,"[('ukr_rus_twitter', 'pl', 4)]",['uk4yl0g5'],ukr_rus_twitter+pl(4),covid_political,nm,covid_political+nm(10),uk4yl0g5|covid_political+nm(10),ukr_rus_twitter+pl(4)|covid_political+nm(10),0.5145512521296297,0.3434391059561538,0.514551252
ewrnh4ze,eval_ukr_rus_twitter_pl_to_covid_political_pl_1shot_23_04_2026_00_31_49,finished,covid_political,pl,eval_ukr_rus_twitter_pl_to_covid_political_pl_1shot,state/train1_ukr_rus_twitter_pl_1p5m_13_04_2026_11_30_52/checkpoint/state_dict_22000.ckpt,1.0,2.0,12.0,False,0.50195,,0.5024558365661578,0.5023729416666667,2026-04-23 07:31:50+00:00,1.0,"['new tasks apr 21', 'social_llm_v1', 'social_llm_v2', 'social_llm_v3']",384.0,emb_only,True,/scratch1/eibl/data/covid_political/graphs/retweet_graph.pt,1.0,covid_political,train1_ukr_rus_twitter_pl_1p5m_13_04_2026_11_30_52,4/23,1,"[('ukr_rus_twitter', 'pl', 4)]",['uk4yl0g5'],ukr_rus_twitter+pl(4),covid_political,pl,covid_political+pl(1),uk4yl0g5|covid_political+pl(1),ukr_rus_twitter+pl(4)|covid_political+pl(1),0.5023729416666667,0.5024558365661578,0.502372942
4pajuk9y,eval_ukr_rus_twitter_pl_to_ukr_rus_suspended_nm_10shot_23_04_2026_00_31_23,finished,ukr_rus_suspended,nm,eval_ukr_rus_twitter_pl_to_ukr_rus_suspended_nm_10shot,state/train1_ukr_rus_twitter_pl_1p5m_13_04_2026_11_30_52/checkpoint/state_dict_22000.ckpt,10.0,3.0,12.0,False,0.3493777777777778,,0.3487711099157253,0.5211481827777779,2026-04-23 07:31:25+00:00,1.0,"['new tasks apr 21', 'social_llm_v1', 'social_llm_v2', 'social_llm_v3']",384.0,emb_only,True,/scratch1/eibl/data/ukr_rus_suspended/graphs/retweet_graph.pt,10.0,ukr_rus_suspended,train1_ukr_rus_twitter_pl_1p5m_13_04_2026_11_30_52,4/23,10,"[('ukr_rus_twitter', 'pl', 4)]",['uk4yl0g5'],ukr_rus_twitter+pl(4),ukr_rus_suspended,nm,ukr_rus_suspended+nm(10),uk4yl0g5|ukr_rus_suspended+nm(10),ukr_rus_twitter+pl(4)|ukr_rus_suspended+nm(10),0.5211481827777779,0.3487711099157253,0.521148183
cvydsaak,eval_ukr_rus_twitter_pl_to_ukr_rus_suspended_pl_1shot_23_04_2026_00_30_30,finished,ukr_rus_suspended,pl,eval_ukr_rus_twitter_pl_to_ukr_rus_suspended_pl_1shot,state/train1_ukr_rus_twitter_pl_1p5m_13_04_2026_11_30_52/checkpoint/state_dict_22000.ckpt,1.0,2.0,12.0,False,0.4990666666666666,,0.4997669928766394,0.4980351111111111,2026-04-23 07:30:31+00:00,1.0,"['new tasks apr 21', 'social_llm_v1', 'social_llm_v2', 'social_llm_v3']",384.0,emb_only,True,/scratch1/eibl/data/ukr_rus_suspended/graphs/retweet_graph.pt,1.0,ukr_rus_suspended,train1_ukr_rus_twitter_pl_1p5m_13_04_2026_11_30_52,4/23,1,"[('ukr_rus_twitter', 'pl', 4)]",['uk4yl0g5'],ukr_rus_twitter+pl(4),ukr_rus_suspended,pl,ukr_rus_suspended+pl(1),uk4yl0g5|ukr_rus_suspended+pl(1),ukr_rus_twitter+pl(4)|ukr_rus_suspended+pl(1),0.4980351111111111,0.4997669928766394,0.498035111
ghgj1z6m,eval_ukr_rus_twitter_pl_to_covid_political_nm_1shot_23_04_2026_00_29_02,finished,covid_political,nm,eval_ukr_rus_twitter_pl_to_covid_political_nm_1shot,state/train1_ukr_rus_twitter_pl_1p5m_13_04_2026_11_30_52/checkpoint/state_dict_22000.ckpt,1.0,3.0,12.0,False,0.3360222222222222,,0.3347446217567724,0.5032254036111111,2026-04-23 07:29:03+00:00,1.0,"['new tasks apr 21', 'social_llm_v1', 'social_llm_v2', 'social_llm_v3']",384.0,emb_only,True,/scratch1/eibl/data/covid_political/graphs/retweet_graph.pt,1.0,covid_political,train1_ukr_rus_twitter_pl_1p5m_13_04_2026_11_30_52,4/23,1,"[('ukr_rus_twitter', 'pl', 4)]",['uk4yl0g5'],ukr_rus_twitter+pl(4),covid_political,nm,covid_political+nm(1),uk4yl0g5|covid_political+nm(1),ukr_rus_twitter+pl(4)|covid_political+nm(1),0.5032254036111111,0.3347446217567724,0.503225404
44z2qj9a,eval_ukr_rus_twitter_pl_to_covid_political_pl_0shot_23_04_2026_00_28_19,finished,covid_political,pl,eval_ukr_rus_twitter_pl_to_covid_political_pl_0shot,state/train1_ukr_rus_twitter_pl_1p5m_13_04_2026_11_30_52/checkpoint/state_dict_22000.ckpt,0.0,2.0,12.0,True,0.5392166666666667,,0.5389938470260626,0.5591580255555555,2026-04-23 07:28:21+00:00,1.0,"['new tasks apr 21', 'social_llm_v1', 'social_llm_v2', 'social_llm_v3']",384.0,emb_only,True,/scratch1/eibl/data/covid_political/graphs/retweet_graph.pt,0.0,covid_political,train1_ukr_rus_twitter_pl_1p5m_13_04_2026_11_30_52,4/23,0,"[('ukr_rus_twitter', 'pl', 4)]",['uk4yl0g5'],ukr_rus_twitter+pl(4),covid_political,pl,covid_political+pl(0),uk4yl0g5|covid_political+pl(0),ukr_rus_twitter+pl(4)|covid_political+pl(0),0.5591580255555555,0.5389938470260626,0.559158026
wc1k9xwm,eval_ukr_rus_twitter_pl_to_ukr_rus_suspended_nm_1shot_23_04_2026_00_27_58,finished,ukr_rus_suspended,nm,eval_ukr_rus_twitter_pl_to_ukr_rus_suspended_nm_1shot,state/train1_ukr_rus_twitter_pl_1p5m_13_04_2026_11_30_52/checkpoint/state_dict_22000.ckpt,1.0,3.0,12.0,False,0.3357333333333333,,0.3348692197800429,0.5043827341666667,2026-04-23 07:28:00+00:00,1.0,"['new tasks apr 21', 'social_llm_v1', 'social_llm_v2', 'social_llm_v3']",384.0,emb_only,True,/scratch1/eibl/data/ukr_rus_suspended/graphs/retweet_graph.pt,1.0,ukr_rus_suspended,train1_ukr_rus_twitter_pl_1p5m_13_04_2026_11_30_52,4/23,1,"[('ukr_rus_twitter', 'pl', 4)]",['uk4yl0g5'],ukr_rus_twitter+pl(4),ukr_rus_suspended,nm,ukr_rus_suspended+nm(1),uk4yl0g5|ukr_rus_suspended+nm(1),ukr_rus_twitter+pl(4)|ukr_rus_suspended+nm(1),0.5043827341666667,0.3348692197800429,0.504382734
euucy467,eval_ukr_rus_twitter_pl_to_ukr_rus_suspended_pl_0shot_23_04_2026_00_27_08,finished,ukr_rus_suspended,pl,eval_ukr_rus_twitter_pl_to_ukr_rus_suspended_pl_0shot,state/train1_ukr_rus_twitter_pl_1p5m_13_04_2026_11_30_52/checkpoint/state_dict_22000.ckpt,0.0,2.0,12.0,True,0.5023166666666666,,0.4959573282919501,0.5137956222222222,2026-04-23 07:27:10+00:00,1.0,"['new tasks apr 21', 'social_llm_v1', 'social_llm_v2', 'social_llm_v3']",384.0,emb_only,True,/scratch1/eibl/data/ukr_rus_suspended/graphs/retweet_graph.pt,0.0,ukr_rus_suspended,train1_ukr_rus_twitter_pl_1p5m_13_04_2026_11_30_52,4/23,0,"[('ukr_rus_twitter', 'pl', 4)]",['uk4yl0g5'],ukr_rus_twitter+pl(4),ukr_rus_suspended,pl,ukr_rus_suspended+pl(0),uk4yl0g5|ukr_rus_suspended+pl(0),ukr_rus_twitter+pl(4)|ukr_rus_suspended+pl(0),0.5137956222222222,0.4959573282919501,0.513795622
yyjpjybs,eval_ukr_rus_twitter_pl_to_covid_political_nm_0shot_23_04_2026_00_25_43,finished,covid_political,nm,eval_ukr_rus_twitter_pl_to_covid_political_nm_0shot,state/train1_ukr_rus_twitter_pl_1p5m_13_04_2026_11_30_52/checkpoint/state_dict_22000.ckpt,0.0,3.0,12.0,True,0.3352222222222222,,0.3258970900458384,0.5003712237037038,2026-04-23 07:25:45+00:00,1.0,"['new tasks apr 21', 'social_llm_v1', 'social_llm_v2', 'social_llm_v3']",384.0,emb_only,True,/scratch1/eibl/data/covid_political/graphs/retweet_graph.pt,0.0,covid_political,train1_ukr_rus_twitter_pl_1p5m_13_04_2026_11_30_52,4/23,0,"[('ukr_rus_twitter', 'pl', 4)]",['uk4yl0g5'],ukr_rus_twitter+pl(4),covid_political,nm,covid_political+nm(0),uk4yl0g5|covid_political+nm(0),ukr_rus_twitter+pl(4)|covid_political+nm(0),0.5003712237037038,0.3258970900458384,0.500371224
y4zxfjff,eval_ukr_rus_twitter_pl_to_ukr_rus_suspended_nm_0shot_23_04_2026_00_24_45,finished,ukr_rus_suspended,nm,eval_ukr_rus_twitter_pl_to_ukr_rus_suspended_nm_0shot,state/train1_ukr_rus_twitter_pl_1p5m_13_04_2026_11_30_52/checkpoint/state_dict_22000.ckpt,0.0,3.0,12.0,True,0.3323222222222222,,0.3210961522801636,0.4982576385185185,2026-04-23 07:24:47+00:00,1.0,"['new tasks apr 21', 'social_llm_v1', 'social_llm_v2', 'social_llm_v3']",384.0,emb_only,True,/scratch1/eibl/data/ukr_rus_suspended/graphs/retweet_graph.pt,0.0,ukr_rus_suspended,train1_ukr_rus_twitter_pl_1p5m_13_04_2026_11_30_52,4/23,0,"[('ukr_rus_twitter', 'pl', 4)]",['uk4yl0g5'],ukr_rus_twitter+pl(4),ukr_rus_suspended,nm,ukr_rus_suspended+nm(0),uk4yl0g5|ukr_rus_suspended+nm(0),ukr_rus_twitter+pl(4)|ukr_rus_suspended+nm(0),0.4982576385185185,0.3210961522801636,0.498257639
cg0709x5,eval_ukr_rus_twitter_lp_to_covid_political_pl_10shot_23_04_2026_00_24_36,finished,covid_political,pl,eval_ukr_rus_twitter_lp_to_covid_political_pl_10shot,state/train1_ukr_rus_twitter_lp_1p5m_13_04_2026_17_00_47/checkpoint/state_dict_28000.ckpt,10.0,2.0,12.0,False,0.5707833333333333,,0.5701600654282042,0.5891608633333333,2026-04-23 07:24:37+00:00,1.0,"['new tasks apr 21', 'social_llm_v1', 'social_llm_v2', 'social_llm_v3']",384.0,emb_only,True,/scratch1/eibl/data/covid_political/graphs/retweet_graph.pt,10.0,covid_political,train1_ukr_rus_twitter_lp_1p5m_13_04_2026_17_00_47,4/23,10,"[('ukr_rus_twitter', 'lp', 1)]",['fy8ugmac'],ukr_rus_twitter+lp(1),covid_political,pl,covid_political+pl(10),fy8ugmac|covid_political+pl(10),ukr_rus_twitter+lp(1)|covid_political+pl(10),0.5891608633333333,0.5701600654282042,0.589160863
j1yx4hpm,eval_ukr_rus_twitter_lp_to_ukr_rus_suspended_pl_10shot_23_04_2026_00_23_24,finished,ukr_rus_suspended,pl,eval_ukr_rus_twitter_lp_to_ukr_rus_suspended_pl_10shot,state/train1_ukr_rus_twitter_lp_1p5m_13_04_2026_17_00_47/checkpoint/state_dict_28000.ckpt,10.0,2.0,12.0,False,0.5031666666666667,,0.5034976682211859,0.5031206372222222,2026-04-23 07:23:25+00:00,1.0,"['new tasks apr 21', 'social_llm_v1', 'social_llm_v2', 'social_llm_v3']",384.0,emb_only,True,/scratch1/eibl/data/ukr_rus_suspended/graphs/retweet_graph.pt,10.0,ukr_rus_suspended,train1_ukr_rus_twitter_lp_1p5m_13_04_2026_17_00_47,4/23,10,"[('ukr_rus_twitter', 'lp', 1)]",['fy8ugmac'],ukr_rus_twitter+lp(1),ukr_rus_suspended,pl,ukr_rus_suspended+pl(10),fy8ugmac|ukr_rus_suspended+pl(10),ukr_rus_twitter+lp(1)|ukr_rus_suspended+pl(10),0.5031206372222222,0.5034976682211859,0.503120637
toltr7wn,eval_midterm_lp_to_election2020_nm_10shot_23_04_2026_00_21_41,finished,election2020,nm,eval_midterm_lp_to_election2020_nm_10shot,state/train1_midterm_lp_1p5m_13_04_2026_18_19_00/checkpoint/state_dict_28000.ckpt,10.0,3.0,12.0,False,0.5181444444444444,,0.5180557123674926,0.7301419135185186,2026-04-23 07:21:44+00:00,1.0,"['new tasks apr 21', 'social_llm_v1', 'social_llm_v2', 'social_llm_v3']",384.0,emb_only,True,/scratch1/eibl/data/election2020/graphs/retweet_graph.pt,10.0,election2020,train1_midterm_lp_1p5m_13_04_2026_18_19_00,4/23,10,"[('midterm', 'lp', 1)]",['7bjy1aj6'],midterm+lp(1),election2020,nm,election2020+nm(10),7bjy1aj6|election2020+nm(10),midterm+lp(1)|election2020+nm(10),0.7301419135185186,0.5180557123674926,0.730141914
b474mhz8,eval_ukr_rus_twitter_lp_to_covid_political_nm_10shot_23_04_2026_00_20_01,finished,covid_political,nm,eval_ukr_rus_twitter_lp_to_covid_political_nm_10shot,state/train1_ukr_rus_twitter_lp_1p5m_13_04_2026_17_00_47/checkpoint/state_dict_28000.ckpt,10.0,3.0,12.0,False,0.4383222222222222,,0.4381879210117622,0.611275486111111,2026-04-23 07:20:03+00:00,1.0,"['new tasks apr 21', 'social_llm_v1', 'social_llm_v2', 'social_llm_v3']",384.0,emb_only,True,/scratch1/eibl/data/covid_political/graphs/retweet_graph.pt,10.0,covid_political,train1_ukr_rus_twitter_lp_1p5m_13_04_2026_17_00_47,4/23,10,"[('ukr_rus_twitter', 'lp', 1)]",['fy8ugmac'],ukr_rus_twitter+lp(1),covid_political,nm,covid_political+nm(10),fy8ugmac|covid_political+nm(10),ukr_rus_twitter+lp(1)|covid_political+nm(10),0.611275486111111,0.4381879210117622,0.611275486
gb6z0kw5,eval_ukr_rus_twitter_lp_to_covid_political_pl_1shot_23_04_2026_00_19_16,finished,covid_political,pl,eval_ukr_rus_twitter_lp_to_covid_political_pl_1shot,state/train1_ukr_rus_twitter_lp_1p5m_13_04_2026_17_00_47/checkpoint/state_dict_28000.ckpt,1.0,2.0,12.0,False,0.5557333333333333,,0.5556148306214991,0.5754546866666665,2026-04-23 07:19:18+00:00,1.0,"['new tasks apr 21', 'social_llm_v1', 'social_llm_v2', 'social_llm_v3']",384.0,emb_only,True,/scratch1/eibl/data/covid_political/graphs/retweet_graph.pt,1.0,covid_political,train1_ukr_rus_twitter_lp_1p5m_13_04_2026_17_00_47,4/23,1,"[('ukr_rus_twitter', 'lp', 1)]",['fy8ugmac'],ukr_rus_twitter+lp(1),covid_political,pl,covid_political+pl(1),fy8ugmac|covid_political+pl(1),ukr_rus_twitter+lp(1)|covid_political+pl(1),0.5754546866666665,0.5556148306214991,0.575454687
813y2olz,eval_ukr_rus_twitter_lp_to_ukr_rus_suspended_nm_10shot_23_04_2026_00_19_12,finished,ukr_rus_suspended,nm,eval_ukr_rus_twitter_lp_to_ukr_rus_suspended_nm_10shot,state/train1_ukr_rus_twitter_lp_1p5m_13_04_2026_17_00_47/checkpoint/state_dict_28000.ckpt,10.0,3.0,12.0,False,0.4790111111111111,,0.4786881279266013,0.670496818611111,2026-04-23 07:19:13+00:00,1.0,"['new tasks apr 21', 'social_llm_v1', 'social_llm_v2', 'social_llm_v3']",384.0,emb_only,True,/scratch1/eibl/data/ukr_rus_suspended/graphs/retweet_graph.pt,10.0,ukr_rus_suspended,train1_ukr_rus_twitter_lp_1p5m_13_04_2026_17_00_47,4/23,10,"[('ukr_rus_twitter', 'lp', 1)]",['fy8ugmac'],ukr_rus_twitter+lp(1),ukr_rus_suspended,nm,ukr_rus_suspended+nm(10),fy8ugmac|ukr_rus_suspended+nm(10),ukr_rus_twitter+lp(1)|ukr_rus_suspended+nm(10),0.670496818611111,0.4786881279266013,0.670496819
je3b1qbr,eval_midterm_lp_to_election2020_pl_1shot_23_04_2026_00_18_28,finished,election2020,pl,eval_midterm_lp_to_election2020_pl_1shot,state/train1_midterm_lp_1p5m_13_04_2026_18_19_00/checkpoint/state_dict_28000.ckpt,1.0,2.0,12.0,False,0.7178666666666667,,0.7174711262434075,0.785782705,2026-04-23 07:18:31+00:00,1.0,"['new tasks apr 21', 'social_llm_v1', 'social_llm_v2', 'social_llm_v3']",384.0,emb_only,True,/scratch1/eibl/data/election2020/graphs/retweet_graph.pt,1.0,election2020,train1_midterm_lp_1p5m_13_04_2026_18_19_00,4/23,1,"[('midterm', 'lp', 1)]",['7bjy1aj6'],midterm+lp(1),election2020,pl,election2020+pl(1),7bjy1aj6|election2020+pl(1),midterm+lp(1)|election2020+pl(1),0.785782705,0.7174711262434075,0.785782705
fxvddrm6,eval_ukr_rus_twitter_lp_to_ukr_rus_suspended_pl_1shot_23_04_2026_00_18_19,finished,ukr_rus_suspended,pl,eval_ukr_rus_twitter_lp_to_ukr_rus_suspended_pl_1shot,state/train1_ukr_rus_twitter_lp_1p5m_13_04_2026_17_00_47/checkpoint/state_dict_28000.ckpt,1.0,2.0,12.0,False,0.5025666666666667,,0.5038731340802554,0.5034739988888889,2026-04-23 07:18:21+00:00,1.0,"['new tasks apr 21', 'social_llm_v1', 'social_llm_v2', 'social_llm_v3']",384.0,emb_only,True,/scratch1/eibl/data/ukr_rus_suspended/graphs/retweet_graph.pt,1.0,ukr_rus_suspended,train1_ukr_rus_twitter_lp_1p5m_13_04_2026_17_00_47,4/23,1,"[('ukr_rus_twitter', 'lp', 1)]",['fy8ugmac'],ukr_rus_twitter+lp(1),ukr_rus_suspended,pl,ukr_rus_suspended+pl(1),fy8ugmac|ukr_rus_suspended+pl(1),ukr_rus_twitter+lp(1)|ukr_rus_suspended+pl(1),0.5034739988888889,0.5038731340802554,0.503473999
gwfsp9tu,eval_ukr_rus_twitter_lp_to_covid_political_nm_1shot_23_04_2026_00_16_28,finished,covid_political,nm,eval_ukr_rus_twitter_lp_to_covid_political_nm_1shot,state/train1_ukr_rus_twitter_lp_1p5m_13_04_2026_17_00_47/checkpoint/state_dict_28000.ckpt,1.0,3.0,12.0,False,0.3878111111111111,,0.3870508564144117,0.5592858809259259,2026-04-23 07:16:30+00:00,1.0,"['new tasks apr 21', 'social_llm_v1', 'social_llm_v2', 'social_llm_v3']",384.0,emb_only,True,/scratch1/eibl/data/covid_political/graphs/retweet_graph.pt,1.0,covid_political,train1_ukr_rus_twitter_lp_1p5m_13_04_2026_17_00_47,4/23,1,"[('ukr_rus_twitter', 'lp', 1)]",['fy8ugmac'],ukr_rus_twitter+lp(1),covid_political,nm,covid_political+nm(1),fy8ugmac|covid_political+nm(1),ukr_rus_twitter+lp(1)|covid_political+nm(1),0.5592858809259259,0.3870508564144117,0.559285881
ss9dagry,eval_ukr_rus_twitter_lp_to_ukr_rus_suspended_nm_1shot_23_04_2026_00_15_47,finished,ukr_rus_suspended,nm,eval_ukr_rus_twitter_lp_to_ukr_rus_suspended_nm_1shot,state/train1_ukr_rus_twitter_lp_1p5m_13_04_2026_17_00_47/checkpoint/state_dict_28000.ckpt,1.0,3.0,12.0,False,0.4167222222222222,,0.4163451658602597,0.597353251574074,2026-04-23 07:15:49+00:00,1.0,"['new tasks apr 21', 'social_llm_v1', 'social_llm_v2', 'social_llm_v3']",384.0,emb_only,True,/scratch1/eibl/data/ukr_rus_suspended/graphs/retweet_graph.pt,1.0,ukr_rus_suspended,train1_ukr_rus_twitter_lp_1p5m_13_04_2026_17_00_47,4/23,1,"[('ukr_rus_twitter', 'lp', 1)]",['fy8ugmac'],ukr_rus_twitter+lp(1),ukr_rus_suspended,nm,ukr_rus_suspended+nm(1),fy8ugmac|ukr_rus_suspended+nm(1),ukr_rus_twitter+lp(1)|ukr_rus_suspended+nm(1),0.597353251574074,0.4163451658602597,0.597353252
ukmas9k2,eval_ukr_rus_twitter_lp_to_covid_political_pl_0shot_23_04_2026_00_15_45,finished,covid_political,pl,eval_ukr_rus_twitter_lp_to_covid_political_pl_0shot,state/train1_ukr_rus_twitter_lp_1p5m_13_04_2026_17_00_47/checkpoint/state_dict_28000.ckpt,0.0,2.0,12.0,True,0.5000333333333333,,0.4938754850683313,0.5273095544444445,2026-04-23 07:15:47+00:00,1.0,"['new tasks apr 21', 'social_llm_v1', 'social_llm_v2', 'social_llm_v3']",384.0,emb_only,True,/scratch1/eibl/data/covid_political/graphs/retweet_graph.pt,0.0,covid_political,train1_ukr_rus_twitter_lp_1p5m_13_04_2026_17_00_47,4/23,0,"[('ukr_rus_twitter', 'lp', 1)]",['fy8ugmac'],ukr_rus_twitter+lp(1),covid_political,pl,covid_political+pl(0),fy8ugmac|covid_political+pl(0),ukr_rus_twitter+lp(1)|covid_political+pl(0),0.5273095544444445,0.4938754850683313,0.527309554
4oix6c0t,eval_ukr_rus_twitter_lp_to_ukr_rus_suspended_pl_0shot_23_04_2026_00_14_58,finished,ukr_rus_suspended,pl,eval_ukr_rus_twitter_lp_to_ukr_rus_suspended_pl_0shot,state/train1_ukr_rus_twitter_lp_1p5m_13_04_2026_17_00_47/checkpoint/state_dict_28000.ckpt,0.0,2.0,12.0,True,0.5073333333333333,,0.5132874501926433,0.5190928211111111,2026-04-23 07:14:59+00:00,1.0,"['new tasks apr 21', 'social_llm_v1', 'social_llm_v2', 'social_llm_v3']",384.0,emb_only,True,/scratch1/eibl/data/ukr_rus_suspended/graphs/retweet_graph.pt,0.0,ukr_rus_suspended,train1_ukr_rus_twitter_lp_1p5m_13_04_2026_17_00_47,4/23,0,"[('ukr_rus_twitter', 'lp', 1)]",['fy8ugmac'],ukr_rus_twitter+lp(1),ukr_rus_suspended,pl,ukr_rus_suspended+pl(0),fy8ugmac|ukr_rus_suspended+pl(0),ukr_rus_twitter+lp(1)|ukr_rus_suspended+pl(0),0.5190928211111111,0.5132874501926433,0.519092821
uv5rvlxb,eval_ukr_rus_twitter_lp_to_covid_political_nm_0shot_23_04_2026_00_13_10,finished,covid_political,nm,eval_ukr_rus_twitter_lp_to_covid_political_nm_0shot,state/train1_ukr_rus_twitter_lp_1p5m_13_04_2026_17_00_47/checkpoint/state_dict_28000.ckpt,0.0,3.0,12.0,True,0.3340111111111111,,0.3297390011202852,0.5010664357407407,2026-04-23 07:13:11+00:00,1.0,"['new tasks apr 21', 'social_llm_v1', 'social_llm_v2', 'social_llm_v3']",384.0,emb_only,True,/scratch1/eibl/data/covid_political/graphs/retweet_graph.pt,0.0,covid_political,train1_ukr_rus_twitter_lp_1p5m_13_04_2026_17_00_47,4/23,0,"[('ukr_rus_twitter', 'lp', 1)]",['fy8ugmac'],ukr_rus_twitter+lp(1),covid_political,nm,covid_political+nm(0),fy8ugmac|covid_political+nm(0),ukr_rus_twitter+lp(1)|covid_political+nm(0),0.5010664357407407,0.3297390011202852,0.501066436
0grkmvov,eval_ukr_rus_twitter_lp_to_ukr_rus_suspended_nm_0shot_23_04_2026_00_12_38,finished,ukr_rus_suspended,nm,eval_ukr_rus_twitter_lp_to_ukr_rus_suspended_nm_0shot,state/train1_ukr_rus_twitter_lp_1p5m_13_04_2026_17_00_47/checkpoint/state_dict_28000.ckpt,0.0,3.0,12.0,True,0.3299888888888889,,0.3240606006292083,0.4977172101851852,2026-04-23 07:12:39+00:00,1.0,"['new tasks apr 21', 'social_llm_v1', 'social_llm_v2', 'social_llm_v3']",384.0,emb_only,True,/scratch1/eibl/data/ukr_rus_suspended/graphs/retweet_graph.pt,0.0,ukr_rus_suspended,train1_ukr_rus_twitter_lp_1p5m_13_04_2026_17_00_47,4/23,0,"[('ukr_rus_twitter', 'lp', 1)]",['fy8ugmac'],ukr_rus_twitter+lp(1),ukr_rus_suspended,nm,ukr_rus_suspended+nm(0),fy8ugmac|ukr_rus_suspended+nm(0),ukr_rus_twitter+lp(1)|ukr_rus_suspended+nm(0),0.4977172101851852,0.3240606006292083,0.49771721
4159665s,eval_ukr_rus_twitter_nm_to_covid_political_pl_10shot_23_04_2026_00_12_01,finished,covid_political,pl,eval_ukr_rus_twitter_nm_to_covid_political_pl_10shot,state/train1_ukr_rus_twitter_nm_1p5m_13_04_2026_12_40_49/checkpoint/state_dict_40000.ckpt,10.0,2.0,12.0,False,0.6463666666666666,,0.645290715169347,0.6932717472222222,2026-04-23 07:12:02+00:00,1.0,"['new tasks apr 21', 'social_llm_v1', 'social_llm_v2', 'social_llm_v3']",384.0,emb_only,True,/scratch1/eibl/data/covid_political/graphs/retweet_graph.pt,10.0,covid_political,train1_ukr_rus_twitter_nm_1p5m_13_04_2026_12_40_49,4/23,10,"[('ukr_rus_twitter', 'nm', 1)]",['smipugdw'],ukr_rus_twitter+nm(1),covid_political,pl,covid_political+pl(10),smipugdw|covid_political+pl(10),ukr_rus_twitter+nm(1)|covid_political+pl(10),0.6932717472222222,0.645290715169347,0.693271747
xh64arsd,eval_ukr_rus_twitter_nm_to_ukr_rus_suspended_pl_10shot_23_04_2026_00_11_15,finished,ukr_rus_suspended,pl,eval_ukr_rus_twitter_nm_to_ukr_rus_suspended_pl_10shot,state/train1_ukr_rus_twitter_nm_1p5m_13_04_2026_12_40_49/checkpoint/state_dict_40000.ckpt,10.0,2.0,12.0,False,0.5050666666666667,,0.5058079547345649,0.5071304488888888,2026-04-23 07:11:16+00:00,1.0,"['new tasks apr 21', 'social_llm_v1', 'social_llm_v2', 'social_llm_v3']",384.0,emb_only,True,/scratch1/eibl/data/ukr_rus_suspended/graphs/retweet_graph.pt,10.0,ukr_rus_suspended,train1_ukr_rus_twitter_nm_1p5m_13_04_2026_12_40_49,4/23,10,"[('ukr_rus_twitter', 'nm', 1)]",['smipugdw'],ukr_rus_twitter+nm(1),ukr_rus_suspended,pl,ukr_rus_suspended+pl(10),smipugdw|ukr_rus_suspended+pl(10),ukr_rus_twitter+nm(1)|ukr_rus_suspended+pl(10),0.5071304488888888,0.5058079547345649,0.507130449
ewz3zc0t,eval_midterm_lp_to_election2020_nm_1shot_23_04_2026_00_10_53,finished,election2020,nm,eval_midterm_lp_to_election2020_nm_1shot,state/train1_midterm_lp_1p5m_13_04_2026_18_19_00/checkpoint/state_dict_28000.ckpt,1.0,3.0,12.0,False,0.4755888888888889,,0.4750110548145378,0.6771959265740741,2026-04-23 07:10:58+00:00,1.0,"['new tasks apr 21', 'social_llm_v1', 'social_llm_v2', 'social_llm_v3']",384.0,emb_only,True,/scratch1/eibl/data/election2020/graphs/retweet_graph.pt,1.0,election2020,train1_midterm_lp_1p5m_13_04_2026_18_19_00,4/23,1,"[('midterm', 'lp', 1)]",['7bjy1aj6'],midterm+lp(1),election2020,nm,election2020+nm(1),7bjy1aj6|election2020+nm(1),midterm+lp(1)|election2020+nm(1),0.6771959265740741,0.4750110548145378,0.677195927
u79tgrax,eval_midterm_lp_to_election2020_pl_0shot_23_04_2026_00_07_52,finished,election2020,pl,eval_midterm_lp_to_election2020_pl_0shot,state/train1_midterm_lp_1p5m_13_04_2026_18_19_00/checkpoint/state_dict_28000.ckpt,0.0,2.0,12.0,True,0.5933666666666667,,0.5966072550510896,0.6006911761111111,2026-04-23 07:07:55+00:00,1.0,"['new tasks apr 21', 'social_llm_v1', 'social_llm_v2', 'social_llm_v3']",384.0,emb_only,True,/scratch1/eibl/data/election2020/graphs/retweet_graph.pt,0.0,election2020,train1_midterm_lp_1p5m_13_04_2026_18_19_00,4/23,0,"[('midterm', 'lp', 1)]",['7bjy1aj6'],midterm+lp(1),election2020,pl,election2020+pl(0),7bjy1aj6|election2020+pl(0),midterm+lp(1)|election2020+pl(0),0.6006911761111111,0.5966072550510896,0.600691176
lusdcpm5,eval_ukr_rus_twitter_nm_to_covid_political_nm_10shot_23_04_2026_00_07_26,finished,covid_political,nm,eval_ukr_rus_twitter_nm_to_covid_political_nm_10shot,state/train1_ukr_rus_twitter_nm_1p5m_13_04_2026_12_40_49/checkpoint/state_dict_40000.ckpt,10.0,3.0,12.0,False,0.5201888888888889,,0.5189599382370704,0.7296562577777778,2026-04-23 07:07:28+00:00,1.0,"['new tasks apr 21', 'social_llm_v1', 'social_llm_v2', 'social_llm_v3']",384.0,emb_only,True,/scratch1/eibl/data/covid_political/graphs/retweet_graph.pt,10.0,covid_political,train1_ukr_rus_twitter_nm_1p5m_13_04_2026_12_40_49,4/23,10,"[('ukr_rus_twitter', 'nm', 1)]",['smipugdw'],ukr_rus_twitter+nm(1),covid_political,nm,covid_political+nm(10),smipugdw|covid_political+nm(10),ukr_rus_twitter+nm(1)|covid_political+nm(10),0.7296562577777778,0.5189599382370704,0.729656258
x0mo1xa7,eval_ukr_rus_twitter_nm_to_ukr_rus_suspended_nm_10shot_23_04_2026_00_06_52,finished,ukr_rus_suspended,nm,eval_ukr_rus_twitter_nm_to_ukr_rus_suspended_nm_10shot,state/train1_ukr_rus_twitter_nm_1p5m_13_04_2026_12_40_49/checkpoint/state_dict_40000.ckpt,10.0,3.0,12.0,False,0.5473666666666667,,0.545973118934402,0.7535833797222221,2026-04-23 07:06:54+00:00,1.0,"['new tasks apr 21', 'social_llm_v1', 'social_llm_v2', 'social_llm_v3']",384.0,emb_only,True,/scratch1/eibl/data/ukr_rus_suspended/graphs/retweet_graph.pt,10.0,ukr_rus_suspended,train1_ukr_rus_twitter_nm_1p5m_13_04_2026_12_40_49,4/23,10,"[('ukr_rus_twitter', 'nm', 1)]",['smipugdw'],ukr_rus_twitter+nm(1),ukr_rus_suspended,nm,ukr_rus_suspended+nm(10),smipugdw|ukr_rus_suspended+nm(10),ukr_rus_twitter+nm(1)|ukr_rus_suspended+nm(10),0.7535833797222221,0.545973118934402,0.75358338
ldh2ye4s,eval_ukr_rus_twitter_nm_to_covid_political_pl_1shot_23_04_2026_00_06_41,finished,covid_political,pl,eval_ukr_rus_twitter_nm_to_covid_political_pl_1shot,state/train1_ukr_rus_twitter_nm_1p5m_13_04_2026_12_40_49/checkpoint/state_dict_40000.ckpt,1.0,2.0,12.0,False,0.5979666666666666,,0.5993289482426417,0.5937005127777778,2026-04-23 07:06:43+00:00,1.0,"['new tasks apr 21', 'social_llm_v1', 'social_llm_v2', 'social_llm_v3']",384.0,emb_only,True,/scratch1/eibl/data/covid_political/graphs/retweet_graph.pt,1.0,covid_political,train1_ukr_rus_twitter_nm_1p5m_13_04_2026_12_40_49,4/23,1,"[('ukr_rus_twitter', 'nm', 1)]",['smipugdw'],ukr_rus_twitter+nm(1),covid_political,pl,covid_political+pl(1),smipugdw|covid_political+pl(1),ukr_rus_twitter+nm(1)|covid_political+pl(1),0.5937005127777778,0.5993289482426417,0.593700513
fk1uo2mi,eval_ukr_rus_twitter_nm_to_ukr_rus_suspended_pl_1shot_23_04_2026_00_05_58,finished,ukr_rus_suspended,pl,eval_ukr_rus_twitter_nm_to_ukr_rus_suspended_pl_1shot,state/train1_ukr_rus_twitter_nm_1p5m_13_04_2026_12_40_49/checkpoint/state_dict_40000.ckpt,1.0,2.0,12.0,False,0.5036,,0.5046072984930641,0.5036017977777778,2026-04-23 07:06:00+00:00,1.0,"['new tasks apr 21', 'social_llm_v1', 'social_llm_v2', 'social_llm_v3']",384.0,emb_only,True,/scratch1/eibl/data/ukr_rus_suspended/graphs/retweet_graph.pt,1.0,ukr_rus_suspended,train1_ukr_rus_twitter_nm_1p5m_13_04_2026_12_40_49,4/23,1,"[('ukr_rus_twitter', 'nm', 1)]",['smipugdw'],ukr_rus_twitter+nm(1),ukr_rus_suspended,pl,ukr_rus_suspended+pl(1),smipugdw|ukr_rus_suspended+pl(1),ukr_rus_twitter+nm(1)|ukr_rus_suspended+pl(1),0.5036017977777778,0.5046072984930641,0.503601798
ua76ye9h,eval_ukr_rus_twitter_nm_to_covid_political_nm_1shot_23_04_2026_00_03_54,finished,covid_political,nm,eval_ukr_rus_twitter_nm_to_covid_political_nm_1shot,state/train1_ukr_rus_twitter_nm_1p5m_13_04_2026_12_40_49/checkpoint/state_dict_40000.ckpt,1.0,3.0,12.0,False,0.4976111111111111,,0.4973013924976344,0.6641842632407408,2026-04-23 07:03:55+00:00,1.0,"['new tasks apr 21', 'social_llm_v1', 'social_llm_v2', 'social_llm_v3']",384.0,emb_only,True,/scratch1/eibl/data/covid_political/graphs/retweet_graph.pt,1.0,covid_political,train1_ukr_rus_twitter_nm_1p5m_13_04_2026_12_40_49,4/23,1,"[('ukr_rus_twitter', 'nm', 1)]",['smipugdw'],ukr_rus_twitter+nm(1),covid_political,nm,covid_political+nm(1),smipugdw|covid_political+nm(1),ukr_rus_twitter+nm(1)|covid_political+nm(1),0.6641842632407408,0.4973013924976344,0.664184263
4ut2e15v,eval_ukr_rus_twitter_nm_to_ukr_rus_suspended_nm_1shot_23_04_2026_00_03_28,finished,ukr_rus_suspended,nm,eval_ukr_rus_twitter_nm_to_ukr_rus_suspended_nm_1shot,state/train1_ukr_rus_twitter_nm_1p5m_13_04_2026_12_40_49/checkpoint/state_dict_40000.ckpt,1.0,3.0,12.0,False,0.5141111111111111,,0.5137539141321915,0.7039612073148147,2026-04-23 07:03:30+00:00,1.0,"['new tasks apr 21', 'social_llm_v1', 'social_llm_v2', 'social_llm_v3']",384.0,emb_only,True,/scratch1/eibl/data/ukr_rus_suspended/graphs/retweet_graph.pt,1.0,ukr_rus_suspended,train1_ukr_rus_twitter_nm_1p5m_13_04_2026_12_40_49,4/23,1,"[('ukr_rus_twitter', 'nm', 1)]",['smipugdw'],ukr_rus_twitter+nm(1),ukr_rus_suspended,nm,ukr_rus_suspended+nm(1),smipugdw|ukr_rus_suspended+nm(1),ukr_rus_twitter+nm(1)|ukr_rus_suspended+nm(1),0.7039612073148147,0.5137539141321915,0.703961207
75a9aem3,eval_ukr_rus_twitter_nm_to_covid_political_pl_0shot_23_04_2026_00_03_11,finished,covid_political,pl,eval_ukr_rus_twitter_nm_to_covid_political_pl_0shot,state/train1_ukr_rus_twitter_nm_1p5m_13_04_2026_12_40_49/checkpoint/state_dict_40000.ckpt,0.0,2.0,12.0,True,0.53965,,0.5370963146692588,0.5244281666666666,2026-04-23 07:03:13+00:00,1.0,"['new tasks apr 21', 'social_llm_v1', 'social_llm_v2', 'social_llm_v3']",384.0,emb_only,True,/scratch1/eibl/data/covid_political/graphs/retweet_graph.pt,0.0,covid_political,train1_ukr_rus_twitter_nm_1p5m_13_04_2026_12_40_49,4/23,0,"[('ukr_rus_twitter', 'nm', 1)]",['smipugdw'],ukr_rus_twitter+nm(1),covid_political,pl,covid_political+pl(0),smipugdw|covid_political+pl(0),ukr_rus_twitter+nm(1)|covid_political+pl(0),0.5244281666666666,0.5370963146692588,0.524428167
9gv725qi,eval_ukr_rus_twitter_nm_to_ukr_rus_suspended_pl_0shot_23_04_2026_00_02_39,finished,ukr_rus_suspended,pl,eval_ukr_rus_twitter_nm_to_ukr_rus_suspended_pl_0shot,state/train1_ukr_rus_twitter_nm_1p5m_13_04_2026_12_40_49/checkpoint/state_dict_40000.ckpt,0.0,2.0,12.0,True,0.5002333333333333,,0.5070686480799579,0.4935887155555555,2026-04-23 07:02:41+00:00,1.0,"['new tasks apr 21', 'social_llm_v1', 'social_llm_v2', 'social_llm_v3']",384.0,emb_only,True,/scratch1/eibl/data/ukr_rus_suspended/graphs/retweet_graph.pt,0.0,ukr_rus_suspended,train1_ukr_rus_twitter_nm_1p5m_13_04_2026_12_40_49,4/23,0,"[('ukr_rus_twitter', 'nm', 1)]",['smipugdw'],ukr_rus_twitter+nm(1),ukr_rus_suspended,pl,ukr_rus_suspended+pl(0),smipugdw|ukr_rus_suspended+pl(0),ukr_rus_twitter+nm(1)|ukr_rus_suspended+pl(0),0.4935887155555555,0.5070686480799579,0.493588716
9mztzd0b,eval_midterm_lp_to_election2020_nm_0shot_23_04_2026_00_00_39,finished,election2020,nm,eval_midterm_lp_to_election2020_nm_0shot,state/train1_midterm_lp_1p5m_13_04_2026_18_19_00/checkpoint/state_dict_28000.ckpt,0.0,3.0,12.0,True,0.3379666666666667,,0.3295229310598528,0.5054691446296296,2026-04-23 07:00:42+00:00,1.0,"['new tasks apr 21', 'social_llm_v1', 'social_llm_v2', 'social_llm_v3']",384.0,emb_only,True,/scratch1/eibl/data/election2020/graphs/retweet_graph.pt,0.0,election2020,train1_midterm_lp_1p5m_13_04_2026_18_19_00,4/23,0,"[('midterm', 'lp', 1)]",['7bjy1aj6'],midterm+lp(1),election2020,nm,election2020+nm(0),7bjy1aj6|election2020+nm(0),midterm+lp(1)|election2020+nm(0),0.5054691446296296,0.3295229310598528,0.505469145
ypo23lqs,eval_ukr_rus_twitter_nm_to_ukr_rus_suspended_nm_0shot_23_04_2026_00_00_13,finished,ukr_rus_suspended,nm,eval_ukr_rus_twitter_nm_to_ukr_rus_suspended_nm_0shot,state/train1_ukr_rus_twitter_nm_1p5m_13_04_2026_12_40_49/checkpoint/state_dict_40000.ckpt,0.0,3.0,12.0,True,0.3326,,0.3090523675703612,0.4985705737037038,2026-04-23 07:00:16+00:00,1.0,"['new tasks apr 21', 'social_llm_v1', 'social_llm_v2', 'social_llm_v3']",384.0,emb_only,True,/scratch1/eibl/data/ukr_rus_suspended/graphs/retweet_graph.pt,0.0,ukr_rus_suspended,train1_ukr_rus_twitter_nm_1p5m_13_04_2026_12_40_49,4/23,0,"[('ukr_rus_twitter', 'nm', 1)]",['smipugdw'],ukr_rus_twitter+nm(1),ukr_rus_suspended,nm,ukr_rus_suspended+nm(0),smipugdw|ukr_rus_suspended+nm(0),ukr_rus_twitter+nm(1)|ukr_rus_suspended+nm(0),0.4985705737037038,0.3090523675703612,0.498570574
hy793gyb,eval_ukr_rus_twitter_nm_to_covid_political_nm_0shot_22_04_2026_23_59_54,finished,covid_political,nm,eval_ukr_rus_twitter_nm_to_covid_political_nm_0shot,state/train1_ukr_rus_twitter_nm_1p5m_13_04_2026_12_40_49/checkpoint/state_dict_40000.ckpt,0.0,3.0,12.0,True,0.3330666666666667,,0.2962175214607586,0.4997382537037038,2026-04-23 06:59:57+00:00,1.0,"['new tasks apr 21', 'social_llm_v1', 'social_llm_v2', 'social_llm_v3']",384.0,emb_only,True,/scratch1/eibl/data/covid_political/graphs/retweet_graph.pt,0.0,covid_political,train1_ukr_rus_twitter_nm_1p5m_13_04_2026_12_40_49,4/23,0,"[('ukr_rus_twitter', 'nm', 1)]",['smipugdw'],ukr_rus_twitter+nm(1),covid_political,nm,covid_political+nm(0),smipugdw|covid_political+nm(0),ukr_rus_twitter+nm(1)|covid_political+nm(0),0.4997382537037038,0.2962175214607586,0.499738254
tjde3gba,eval_midterm_pl_to_ukr_rus_suspended_pl_10shot_22_04_2026_23_58_50,finished,ukr_rus_suspended,pl,eval_midterm_pl_to_ukr_rus_suspended_pl_10shot,state/train1_midterm_pl_1p5m_13_04_2026_17_14_38/checkpoint/state_dict_22000.ckpt,10.0,2.0,12.0,False,0.5003333333333333,,0.4998164770262605,0.5020774338888889,2026-04-23 06:58:52+00:00,1.0,"['new tasks apr 21', 'social_llm_v1', 'social_llm_v2', 'social_llm_v3']",384.0,emb_only,True,/scratch1/eibl/data/ukr_rus_suspended/graphs/retweet_graph.pt,10.0,ukr_rus_suspended,train1_midterm_pl_1p5m_13_04_2026_17_14_38,4/23,10,"[('midterm', 'pl', 4)]",['cao4vh4l'],midterm+pl(4),ukr_rus_suspended,pl,ukr_rus_suspended+pl(10),cao4vh4l|ukr_rus_suspended+pl(10),midterm+pl(4)|ukr_rus_suspended+pl(10),0.5020774338888889,0.4998164770262605,0.502077434
2tel8t3i,eval_midterm_pl_to_covid_political_pl_10shot_22_04_2026_23_58_15,finished,covid_political,pl,eval_midterm_pl_to_covid_political_pl_10shot,state/train1_midterm_pl_1p5m_13_04_2026_17_14_38/checkpoint/state_dict_22000.ckpt,10.0,2.0,12.0,False,0.5749833333333333,,0.57482034779999,0.6027737961111111,2026-04-23 06:58:16+00:00,1.0,"['new tasks apr 21', 'social_llm_v1', 'social_llm_v2', 'social_llm_v3']",384.0,emb_only,True,/scratch1/eibl/data/covid_political/graphs/retweet_graph.pt,10.0,covid_political,train1_midterm_pl_1p5m_13_04_2026_17_14_38,4/23,10,"[('midterm', 'pl', 4)]",['cao4vh4l'],midterm+pl(4),covid_political,pl,covid_political+pl(10),cao4vh4l|covid_political+pl(10),midterm+pl(4)|covid_political+pl(10),0.6027737961111111,0.57482034779999,0.602773796
njgi0y47,eval_midterm_nm_to_election2020_pl_10shot_22_04_2026_23_55_25,finished,election2020,pl,eval_midterm_nm_to_election2020_pl_10shot,state/train1_midterm_nm_1p5m_13_04_2026_18_03_58/checkpoint/state_dict_40000.ckpt,10.0,2.0,12.0,False,0.6890666666666667,,0.6907571940061,0.718181411111111,2026-04-23 06:55:28+00:00,1.0,"['new tasks apr 21', 'social_llm_v1', 'social_llm_v2', 'social_llm_v3']",384.0,emb_only,True,/scratch1/eibl/data/election2020/graphs/retweet_graph.pt,10.0,election2020,train1_midterm_nm_1p5m_13_04_2026_18_03_58,4/23,10,"[('midterm', 'nm', 1)]",['z1ukveeg'],midterm+nm(1),election2020,pl,election2020+pl(10),z1ukveeg|election2020+pl(10),midterm+nm(1)|election2020+pl(10),0.718181411111111,0.6907571940061,0.718181411
ns1v6vav,eval_midterm_pl_to_ukr_rus_suspended_nm_10shot_22_04_2026_23_54_17,finished,ukr_rus_suspended,nm,eval_midterm_pl_to_ukr_rus_suspended_nm_10shot,state/train1_midterm_pl_1p5m_13_04_2026_17_14_38/checkpoint/state_dict_22000.ckpt,10.0,3.0,12.0,False,0.3861444444444444,,0.3861438940218407,0.5578331637037036,2026-04-23 06:54:18+00:00,1.0,"['new tasks apr 21', 'social_llm_v1', 'social_llm_v2', 'social_llm_v3']",384.0,emb_only,True,/scratch1/eibl/data/ukr_rus_suspended/graphs/retweet_graph.pt,10.0,ukr_rus_suspended,train1_midterm_pl_1p5m_13_04_2026_17_14_38,4/23,10,"[('midterm', 'pl', 4)]",['cao4vh4l'],midterm+pl(4),ukr_rus_suspended,nm,ukr_rus_suspended+nm(10),cao4vh4l|ukr_rus_suspended+nm(10),midterm+pl(4)|ukr_rus_suspended+nm(10),0.5578331637037036,0.3861438940218407,0.557833164
dczal2v8,eval_midterm_pl_to_covid_political_nm_10shot_22_04_2026_23_53_40,finished,covid_political,nm,eval_midterm_pl_to_covid_political_nm_10shot,state/train1_midterm_pl_1p5m_13_04_2026_17_14_38/checkpoint/state_dict_22000.ckpt,10.0,3.0,12.0,False,0.4049666666666666,,0.4049087168099922,0.5863878656481482,2026-04-23 06:53:42+00:00,1.0,"['new tasks apr 21', 'social_llm_v1', 'social_llm_v2', 'social_llm_v3']",384.0,emb_only,True,/scratch1/eibl/data/covid_political/graphs/retweet_graph.pt,10.0,covid_political,train1_midterm_pl_1p5m_13_04_2026_17_14_38,4/23,10,"[('midterm', 'pl', 4)]",['cao4vh4l'],midterm+pl(4),covid_political,nm,covid_political+nm(10),cao4vh4l|covid_political+nm(10),midterm+pl(4)|covid_political+nm(10),0.5863878656481482,0.4049087168099922,0.586387866
imuq7yss,eval_midterm_pl_to_ukr_rus_suspended_pl_1shot_22_04_2026_23_53_24,finished,ukr_rus_suspended,pl,eval_midterm_pl_to_ukr_rus_suspended_pl_1shot,state/train1_midterm_pl_1p5m_13_04_2026_17_14_38/checkpoint/state_dict_22000.ckpt,1.0,2.0,12.0,False,0.4983166666666667,,0.4978396143002519,0.498701976111111,2026-04-23 06:53:26+00:00,1.0,"['new tasks apr 21', 'social_llm_v1', 'social_llm_v2', 'social_llm_v3']",384.0,emb_only,True,/scratch1/eibl/data/ukr_rus_suspended/graphs/retweet_graph.pt,1.0,ukr_rus_suspended,train1_midterm_pl_1p5m_13_04_2026_17_14_38,4/23,1,"[('midterm', 'pl', 4)]",['cao4vh4l'],midterm+pl(4),ukr_rus_suspended,pl,ukr_rus_suspended+pl(1),cao4vh4l|ukr_rus_suspended+pl(1),midterm+pl(4)|ukr_rus_suspended+pl(1),0.498701976111111,0.4978396143002519,0.498701976
kxzrgpp8,eval_midterm_pl_to_covid_political_pl_1shot_22_04_2026_23_52_55,finished,covid_political,pl,eval_midterm_pl_to_covid_political_pl_1shot,state/train1_midterm_pl_1p5m_13_04_2026_17_14_38/checkpoint/state_dict_22000.ckpt,1.0,2.0,12.0,False,0.5213,,0.5206128784591247,0.5310975888888889,2026-04-23 06:52:57+00:00,1.0,"['new tasks apr 21', 'social_llm_v1', 'social_llm_v2', 'social_llm_v3']",384.0,emb_only,True,/scratch1/eibl/data/covid_political/graphs/retweet_graph.pt,1.0,covid_political,train1_midterm_pl_1p5m_13_04_2026_17_14_38,4/23,1,"[('midterm', 'pl', 4)]",['cao4vh4l'],midterm+pl(4),covid_political,pl,covid_political+pl(1),cao4vh4l|covid_political+pl(1),midterm+pl(4)|covid_political+pl(1),0.5310975888888889,0.5206128784591247,0.531097589
tl1496j3,eval_midterm_pl_to_ukr_rus_suspended_nm_1shot_22_04_2026_23_50_53,finished,ukr_rus_suspended,nm,eval_midterm_pl_to_ukr_rus_suspended_nm_1shot,state/train1_midterm_pl_1p5m_13_04_2026_17_14_38/checkpoint/state_dict_22000.ckpt,1.0,3.0,12.0,False,0.3564555555555556,,0.3564054230673943,0.522262740462963,2026-04-23 06:50:55+00:00,1.0,"['new tasks apr 21', 'social_llm_v1', 'social_llm_v2', 'social_llm_v3']",384.0,emb_only,True,/scratch1/eibl/data/ukr_rus_suspended/graphs/retweet_graph.pt,1.0,ukr_rus_suspended,train1_midterm_pl_1p5m_13_04_2026_17_14_38,4/23,1,"[('midterm', 'pl', 4)]",['cao4vh4l'],midterm+pl(4),ukr_rus_suspended,nm,ukr_rus_suspended+nm(1),cao4vh4l|ukr_rus_suspended+nm(1),midterm+pl(4)|ukr_rus_suspended+nm(1),0.522262740462963,0.3564054230673943,0.52226274
udf8fms1,eval_midterm_pl_to_covid_political_nm_1shot_22_04_2026_23_50_07,finished,covid_political,nm,eval_midterm_pl_to_covid_political_nm_1shot,state/train1_midterm_pl_1p5m_13_04_2026_17_14_38/checkpoint/state_dict_22000.ckpt,1.0,3.0,12.0,False,0.3655666666666666,,0.3655566866079414,0.5385758989814815,2026-04-23 06:50:08+00:00,1.0,"['new tasks apr 21', 'social_llm_v1', 'social_llm_v2', 'social_llm_v3']",384.0,emb_only,True,/scratch1/eibl/data/covid_political/graphs/retweet_graph.pt,1.0,covid_political,train1_midterm_pl_1p5m_13_04_2026_17_14_38,4/23,1,"[('midterm', 'pl', 4)]",['cao4vh4l'],midterm+pl(4),covid_political,nm,covid_political+nm(1),cao4vh4l|covid_political+nm(1),midterm+pl(4)|covid_political+nm(1),0.5385758989814815,0.3655566866079414,0.538575899
h3qzgy57,eval_midterm_pl_to_ukr_rus_suspended_pl_0shot_22_04_2026_23_50_03,finished,ukr_rus_suspended,pl,eval_midterm_pl_to_ukr_rus_suspended_pl_0shot,state/train1_midterm_pl_1p5m_13_04_2026_17_14_38/checkpoint/state_dict_22000.ckpt,0.0,2.0,12.0,True,0.5000833333333333,,0.5066043787936111,0.5024325794444444,2026-04-23 06:50:05+00:00,1.0,"['new tasks apr 21', 'social_llm_v1', 'social_llm_v2', 'social_llm_v3']",384.0,emb_only,True,/scratch1/eibl/data/ukr_rus_suspended/graphs/retweet_graph.pt,0.0,ukr_rus_suspended,train1_midterm_pl_1p5m_13_04_2026_17_14_38,4/23,0,"[('midterm', 'pl', 4)]",['cao4vh4l'],midterm+pl(4),ukr_rus_suspended,pl,ukr_rus_suspended+pl(0),cao4vh4l|ukr_rus_suspended+pl(0),midterm+pl(4)|ukr_rus_suspended+pl(0),0.5024325794444444,0.5066043787936111,0.502432579
bwot1eo1,eval_midterm_pl_to_covid_political_pl_0shot_22_04_2026_23_49_25,finished,covid_political,pl,eval_midterm_pl_to_covid_political_pl_0shot,state/train1_midterm_pl_1p5m_13_04_2026_17_14_38/checkpoint/state_dict_22000.ckpt,0.0,2.0,12.0,True,0.61015,,0.6094404835451069,0.6366011672222223,2026-04-23 06:49:27+00:00,1.0,"['new tasks apr 21', 'social_llm_v1', 'social_llm_v2', 'social_llm_v3']",384.0,emb_only,True,/scratch1/eibl/data/covid_political/graphs/retweet_graph.pt,0.0,covid_political,train1_midterm_pl_1p5m_13_04_2026_17_14_38,4/23,0,"[('midterm', 'pl', 4)]",['cao4vh4l'],midterm+pl(4),covid_political,pl,covid_political+pl(0),cao4vh4l|covid_political+pl(0),midterm+pl(4)|covid_political+pl(0),0.6366011672222223,0.6094404835451069,0.636601167
b7g29zjm,eval_midterm_pl_to_ukr_rus_suspended_nm_0shot_22_04_2026_23_47_41,finished,ukr_rus_suspended,nm,eval_midterm_pl_to_ukr_rus_suspended_nm_0shot,state/train1_midterm_pl_1p5m_13_04_2026_17_14_38/checkpoint/state_dict_22000.ckpt,0.0,3.0,12.0,True,0.3315666666666667,,0.3218857862072721,0.499220687962963,2026-04-23 06:47:43+00:00,1.0,"['new tasks apr 21', 'social_llm_v1', 'social_llm_v2', 'social_llm_v3']",384.0,emb_only,True,/scratch1/eibl/data/ukr_rus_suspended/graphs/retweet_graph.pt,0.0,ukr_rus_suspended,train1_midterm_pl_1p5m_13_04_2026_17_14_38,4/23,0,"[('midterm', 'pl', 4)]",['cao4vh4l'],midterm+pl(4),ukr_rus_suspended,nm,ukr_rus_suspended+nm(0),cao4vh4l|ukr_rus_suspended+nm(0),midterm+pl(4)|ukr_rus_suspended+nm(0),0.499220687962963,0.3218857862072721,0.499220688
nwwb3sny,eval_midterm_pl_to_covid_political_nm_0shot_22_04_2026_23_46_49,finished,covid_political,nm,eval_midterm_pl_to_covid_political_nm_0shot,state/train1_midterm_pl_1p5m_13_04_2026_17_14_38/checkpoint/state_dict_22000.ckpt,0.0,3.0,12.0,True,0.3339111111111111,,0.3232418483154844,0.5012868787037037,2026-04-23 06:46:50+00:00,1.0,"['new tasks apr 21', 'social_llm_v1', 'social_llm_v2', 'social_llm_v3']",384.0,emb_only,True,/scratch1/eibl/data/covid_political/graphs/retweet_graph.pt,0.0,covid_political,train1_midterm_pl_1p5m_13_04_2026_17_14_38,4/23,0,"[('midterm', 'pl', 4)]",['cao4vh4l'],midterm+pl(4),covid_political,nm,covid_political+nm(0),cao4vh4l|covid_political+nm(0),midterm+pl(4)|covid_political+nm(0),0.5012868787037037,0.3232418483154844,0.501286879
xrus3oh7,eval_midterm_lp_to_ukr_rus_suspended_pl_10shot_22_04_2026_23_46_20,finished,ukr_rus_suspended,pl,eval_midterm_lp_to_ukr_rus_suspended_pl_10shot,state/train1_midterm_lp_1p5m_13_04_2026_18_19_00/checkpoint/state_dict_28000.ckpt,10.0,2.0,12.0,False,0.5010666666666667,,0.499096446021016,0.5016076077777778,2026-04-23 06:46:21+00:00,1.0,"['new tasks apr 21', 'social_llm_v1', 'social_llm_v2', 'social_llm_v3']",384.0,emb_only,True,/scratch1/eibl/data/ukr_rus_suspended/graphs/retweet_graph.pt,10.0,ukr_rus_suspended,train1_midterm_lp_1p5m_13_04_2026_18_19_00,4/23,10,"[('midterm', 'lp', 1)]",['7bjy1aj6'],midterm+lp(1),ukr_rus_suspended,pl,ukr_rus_suspended+pl(10),7bjy1aj6|ukr_rus_suspended+pl(10),midterm+lp(1)|ukr_rus_suspended+pl(10),0.5016076077777778,0.499096446021016,0.501607608
fryv6zmg,eval_midterm_lp_to_covid_political_pl_10shot_22_04_2026_23_45_40,finished,covid_political,pl,eval_midterm_lp_to_covid_political_pl_10shot,state/train1_midterm_lp_1p5m_13_04_2026_18_19_00/checkpoint/state_dict_28000.ckpt,10.0,2.0,12.0,False,0.6373666666666666,,0.635519967837041,0.677707022777778,2026-04-23 06:45:41+00:00,1.0,"['new tasks apr 21', 'social_llm_v1', 'social_llm_v2', 'social_llm_v3']",384.0,emb_only,True,/scratch1/eibl/data/covid_political/graphs/retweet_graph.pt,10.0,covid_political,train1_midterm_lp_1p5m_13_04_2026_18_19_00,4/23,10,"[('midterm', 'lp', 1)]",['7bjy1aj6'],midterm+lp(1),covid_political,pl,covid_political+pl(10),7bjy1aj6|covid_political+pl(10),midterm+lp(1)|covid_political+pl(10),0.677707022777778,0.635519967837041,0.677707023
sdmgf3mf,eval_midterm_nm_to_election2020_nm_10shot_22_04_2026_23_42_36,finished,election2020,nm,eval_midterm_nm_to_election2020_nm_10shot,state/train1_midterm_nm_1p5m_13_04_2026_18_03_58/checkpoint/state_dict_40000.ckpt,10.0,3.0,12.0,False,0.5491111111111111,,0.5489879915693678,0.7331796038888889,2026-04-23 06:42:39+00:00,1.0,"['new tasks apr 21', 'social_llm_v1', 'social_llm_v2', 'social_llm_v3']",384.0,emb_only,True,/scratch1/eibl/data/election2020/graphs/retweet_graph.pt,10.0,election2020,train1_midterm_nm_1p5m_13_04_2026_18_03_58,4/23,10,"[('midterm', 'nm', 1)]",['z1ukveeg'],midterm+nm(1),election2020,nm,election2020+nm(10),z1ukveeg|election2020+nm(10),midterm+nm(1)|election2020+nm(10),0.7331796038888889,0.5489879915693678,0.733179604
atavlain,eval_midterm_lp_to_ukr_rus_suspended_nm_10shot_22_04_2026_23_41_19,finished,ukr_rus_suspended,nm,eval_midterm_lp_to_ukr_rus_suspended_nm_10shot,state/train1_midterm_lp_1p5m_13_04_2026_18_19_00/checkpoint/state_dict_28000.ckpt,10.0,3.0,12.0,False,0.4482333333333333,,0.4481424449776111,0.6388557560185185,2026-04-23 06:41:21+00:00,1.0,"['new tasks apr 21', 'social_llm_v1', 'social_llm_v2', 'social_llm_v3']",384.0,emb_only,True,/scratch1/eibl/data/ukr_rus_suspended/graphs/retweet_graph.pt,10.0,ukr_rus_suspended,train1_midterm_lp_1p5m_13_04_2026_18_19_00,4/23,10,"[('midterm', 'lp', 1)]",['7bjy1aj6'],midterm+lp(1),ukr_rus_suspended,nm,ukr_rus_suspended+nm(10),7bjy1aj6|ukr_rus_suspended+nm(10),midterm+lp(1)|ukr_rus_suspended+nm(10),0.6388557560185185,0.4481424449776111,0.638855756
7jfqxsyp,eval_midterm_lp_to_covid_political_nm_10shot_22_04_2026_23_41_05,finished,covid_political,nm,eval_midterm_lp_to_covid_political_nm_10shot,state/train1_midterm_lp_1p5m_13_04_2026_18_19_00/checkpoint/state_dict_28000.ckpt,10.0,3.0,12.0,False,0.5091111111111111,,0.5091062033346561,0.707588546111111,2026-04-23 06:41:07+00:00,1.0,"['new tasks apr 21', 'social_llm_v1', 'social_llm_v2', 'social_llm_v3']",384.0,emb_only,True,/scratch1/eibl/data/covid_political/graphs/retweet_graph.pt,10.0,covid_political,train1_midterm_lp_1p5m_13_04_2026_18_19_00,4/23,10,"[('midterm', 'lp', 1)]",['7bjy1aj6'],midterm+lp(1),covid_political,nm,covid_political+nm(10),7bjy1aj6|covid_political+nm(10),midterm+lp(1)|covid_political+nm(10),0.707588546111111,0.5091062033346561,0.707588546
na3yikgd,eval_midterm_lp_to_ukr_rus_suspended_pl_1shot_22_04_2026_23_40_27,finished,ukr_rus_suspended,pl,eval_midterm_lp_to_ukr_rus_suspended_pl_1shot,state/train1_midterm_lp_1p5m_13_04_2026_18_19_00/checkpoint/state_dict_28000.ckpt,1.0,2.0,12.0,False,0.5014666666666666,,0.5017324093816631,0.5006448644444444,2026-04-23 06:40:29+00:00,1.0,"['new tasks apr 21', 'social_llm_v1', 'social_llm_v2', 'social_llm_v3']",384.0,emb_only,True,/scratch1/eibl/data/ukr_rus_suspended/graphs/retweet_graph.pt,1.0,ukr_rus_suspended,train1_midterm_lp_1p5m_13_04_2026_18_19_00,4/23,1,"[('midterm', 'lp', 1)]",['7bjy1aj6'],midterm+lp(1),ukr_rus_suspended,pl,ukr_rus_suspended+pl(1),7bjy1aj6|ukr_rus_suspended+pl(1),midterm+lp(1)|ukr_rus_suspended+pl(1),0.5006448644444444,0.5017324093816631,0.500644864
kbt5oo7a,eval_midterm_lp_to_covid_political_pl_1shot_22_04_2026_23_40_20,finished,covid_political,pl,eval_midterm_lp_to_covid_political_pl_1shot,state/train1_midterm_lp_1p5m_13_04_2026_18_19_00/checkpoint/state_dict_28000.ckpt,1.0,2.0,12.0,False,0.5756333333333333,,0.5753502334889926,0.6056830772222223,2026-04-23 06:40:21+00:00,1.0,"['new tasks apr 21', 'social_llm_v1', 'social_llm_v2', 'social_llm_v3']",384.0,emb_only,True,/scratch1/eibl/data/covid_political/graphs/retweet_graph.pt,1.0,covid_political,train1_midterm_lp_1p5m_13_04_2026_18_19_00,4/23,1,"[('midterm', 'lp', 1)]",['7bjy1aj6'],midterm+lp(1),covid_political,pl,covid_political+pl(1),7bjy1aj6|covid_political+pl(1),midterm+lp(1)|covid_political+pl(1),0.6056830772222223,0.5753502334889926,0.605683077
mrhh4km0,eval_midterm_nm_to_election2020_pl_1shot_22_04_2026_23_39_21,finished,election2020,pl,eval_midterm_nm_to_election2020_pl_1shot,state/train1_midterm_nm_1p5m_13_04_2026_18_03_58/checkpoint/state_dict_40000.ckpt,1.0,2.0,12.0,False,0.7510666666666667,,0.7500418382033002,0.7487347561111111,2026-04-23 06:39:25+00:00,1.0,"['new tasks apr 21', 'social_llm_v1', 'social_llm_v2', 'social_llm_v3']",384.0,emb_only,True,/scratch1/eibl/data/election2020/graphs/retweet_graph.pt,1.0,election2020,train1_midterm_nm_1p5m_13_04_2026_18_03_58,4/23,1,"[('midterm', 'nm', 1)]",['z1ukveeg'],midterm+nm(1),election2020,pl,election2020+pl(1),z1ukveeg|election2020+pl(1),midterm+nm(1)|election2020+pl(1),0.7487347561111111,0.7500418382033002,0.748734756
q5c8lltq,eval_midterm_lp_to_ukr_rus_suspended_nm_1shot_22_04_2026_23_37_57,finished,ukr_rus_suspended,nm,eval_midterm_lp_to_ukr_rus_suspended_nm_1shot,state/train1_midterm_lp_1p5m_13_04_2026_18_19_00/checkpoint/state_dict_28000.ckpt,1.0,3.0,12.0,False,0.3917555555555556,,0.3898232725844736,0.5703472866666667,2026-04-23 06:37:59+00:00,1.0,"['new tasks apr 21', 'social_llm_v1', 'social_llm_v2', 'social_llm_v3']",384.0,emb_only,True,/scratch1/eibl/data/ukr_rus_suspended/graphs/retweet_graph.pt,1.0,ukr_rus_suspended,train1_midterm_lp_1p5m_13_04_2026_18_19_00,4/23,1,"[('midterm', 'lp', 1)]",['7bjy1aj6'],midterm+lp(1),ukr_rus_suspended,nm,ukr_rus_suspended+nm(1),7bjy1aj6|ukr_rus_suspended+nm(1),midterm+lp(1)|ukr_rus_suspended+nm(1),0.5703472866666667,0.3898232725844736,0.570347287
tqhha6r2,eval_midterm_lp_to_covid_political_nm_1shot_22_04_2026_23_37_32,finished,covid_political,nm,eval_midterm_lp_to_covid_political_nm_1shot,state/train1_midterm_lp_1p5m_13_04_2026_18_19_00/checkpoint/state_dict_28000.ckpt,1.0,3.0,12.0,False,0.4452444444444445,,0.4437641708373199,0.6297055343518518,2026-04-23 06:37:34+00:00,1.0,"['new tasks apr 21', 'social_llm_v1', 'social_llm_v2', 'social_llm_v3']",384.0,emb_only,True,/scratch1/eibl/data/covid_political/graphs/retweet_graph.pt,1.0,covid_political,train1_midterm_lp_1p5m_13_04_2026_18_19_00,4/23,1,"[('midterm', 'lp', 1)]",['7bjy1aj6'],midterm+lp(1),covid_political,nm,covid_political+nm(1),7bjy1aj6|covid_political+nm(1),midterm+lp(1)|covid_political+nm(1),0.6297055343518518,0.4437641708373199,0.629705534
cbyssewa,eval_midterm_lp_to_ukr_rus_suspended_pl_0shot_22_04_2026_23_37_07,finished,ukr_rus_suspended,pl,eval_midterm_lp_to_ukr_rus_suspended_pl_0shot,state/train1_midterm_lp_1p5m_13_04_2026_18_19_00/checkpoint/state_dict_28000.ckpt,0.0,2.0,12.0,True,0.5011833333333333,,0.5069763610905197,0.5027572644444445,2026-04-23 06:37:08+00:00,1.0,"['new tasks apr 21', 'social_llm_v1', 'social_llm_v2', 'social_llm_v3']",384.0,emb_only,True,/scratch1/eibl/data/ukr_rus_suspended/graphs/retweet_graph.pt,0.0,ukr_rus_suspended,train1_midterm_lp_1p5m_13_04_2026_18_19_00,4/23,0,"[('midterm', 'lp', 1)]",['7bjy1aj6'],midterm+lp(1),ukr_rus_suspended,pl,ukr_rus_suspended+pl(0),7bjy1aj6|ukr_rus_suspended+pl(0),midterm+lp(1)|ukr_rus_suspended+pl(0),0.5027572644444445,0.5069763610905197,0.502757264
jjr9z1l9,eval_midterm_lp_to_covid_political_pl_0shot_22_04_2026_23_36_45,finished,covid_political,pl,eval_midterm_lp_to_covid_political_pl_0shot,state/train1_midterm_lp_1p5m_13_04_2026_18_19_00/checkpoint/state_dict_28000.ckpt,0.0,2.0,12.0,True,0.5251833333333333,,0.5203468305412914,0.562220005,2026-04-23 06:36:47+00:00,1.0,"['new tasks apr 21', 'social_llm_v1', 'social_llm_v2', 'social_llm_v3']",384.0,emb_only,True,/scratch1/eibl/data/covid_political/graphs/retweet_graph.pt,0.0,covid_political,train1_midterm_lp_1p5m_13_04_2026_18_19_00,4/23,0,"[('midterm', 'lp', 1)]",['7bjy1aj6'],midterm+lp(1),covid_political,pl,covid_political+pl(0),7bjy1aj6|covid_political+pl(0),midterm+lp(1)|covid_political+pl(0),0.562220005,0.5203468305412914,0.562220005
0voqt5dz,eval_midterm_lp_to_ukr_rus_suspended_nm_0shot_22_04_2026_23_34_44,finished,ukr_rus_suspended,nm,eval_midterm_lp_to_ukr_rus_suspended_nm_0shot,state/train1_midterm_lp_1p5m_13_04_2026_18_19_00/checkpoint/state_dict_28000.ckpt,0.0,3.0,12.0,True,0.3348444444444444,,0.3306866172741207,0.5004048401851852,2026-04-23 06:34:46+00:00,1.0,"['new tasks apr 21', 'social_llm_v1', 'social_llm_v2', 'social_llm_v3']",384.0,emb_only,True,/scratch1/eibl/data/ukr_rus_suspended/graphs/retweet_graph.pt,0.0,ukr_rus_suspended,train1_midterm_lp_1p5m_13_04_2026_18_19_00,4/23,0,"[('midterm', 'lp', 1)]",['7bjy1aj6'],midterm+lp(1),ukr_rus_suspended,nm,ukr_rus_suspended+nm(0),7bjy1aj6|ukr_rus_suspended+nm(0),midterm+lp(1)|ukr_rus_suspended+nm(0),0.5004048401851852,0.3306866172741207,0.50040484
uy5ubrt4,eval_midterm_lp_to_covid_political_nm_0shot_22_04_2026_23_34_09,finished,covid_political,nm,eval_midterm_lp_to_covid_political_nm_0shot,state/train1_midterm_lp_1p5m_13_04_2026_18_19_00/checkpoint/state_dict_28000.ckpt,0.0,3.0,12.0,True,0.3332777777777778,,0.3205334601914848,0.4992093799074074,2026-04-23 06:34:11+00:00,1.0,"['new tasks apr 21', 'social_llm_v1', 'social_llm_v2', 'social_llm_v3']",384.0,emb_only,True,/scratch1/eibl/data/covid_political/graphs/retweet_graph.pt,0.0,covid_political,train1_midterm_lp_1p5m_13_04_2026_18_19_00,4/23,0,"[('midterm', 'lp', 1)]",['7bjy1aj6'],midterm+lp(1),covid_political,nm,covid_political+nm(0),7bjy1aj6|covid_political+nm(0),midterm+lp(1)|covid_political+nm(0),0.4992093799074074,0.3205334601914848,0.49920938
tgtul7p3,eval_midterm_nm_to_ukr_rus_suspended_pl_10shot_22_04_2026_23_33_19,finished,ukr_rus_suspended,pl,eval_midterm_nm_to_ukr_rus_suspended_pl_10shot,state/train1_midterm_nm_1p5m_13_04_2026_18_03_58/checkpoint/state_dict_40000.ckpt,10.0,2.0,12.0,False,0.5050833333333333,,0.5055530579283014,0.5054503227777778,2026-04-23 06:33:22+00:00,1.0,"['new tasks apr 21', 'social_llm_v1', 'social_llm_v2', 'social_llm_v3']",384.0,emb_only,True,/scratch1/eibl/data/ukr_rus_suspended/graphs/retweet_graph.pt,10.0,ukr_rus_suspended,train1_midterm_nm_1p5m_13_04_2026_18_03_58,4/23,10,"[('midterm', 'nm', 1)]",['z1ukveeg'],midterm+nm(1),ukr_rus_suspended,pl,ukr_rus_suspended+pl(10),z1ukveeg|ukr_rus_suspended+pl(10),midterm+nm(1)|ukr_rus_suspended+pl(10),0.5054503227777778,0.5055530579283014,0.505450323
6lin271z,eval_midterm_nm_to_covid_political_pl_10shot_22_04_2026_23_32_58,finished,covid_political,pl,eval_midterm_nm_to_covid_political_pl_10shot,state/train1_midterm_nm_1p5m_13_04_2026_18_03_58/checkpoint/state_dict_40000.ckpt,10.0,2.0,12.0,False,0.6126666666666667,,0.6120847938574528,0.6489771933333333,2026-04-23 06:33:00+00:00,1.0,"['new tasks apr 21', 'social_llm_v1', 'social_llm_v2', 'social_llm_v3']",384.0,emb_only,True,/scratch1/eibl/data/covid_political/graphs/retweet_graph.pt,10.0,covid_political,train1_midterm_nm_1p5m_13_04_2026_18_03_58,4/23,10,"[('midterm', 'nm', 1)]",['z1ukveeg'],midterm+nm(1),covid_political,pl,covid_political+pl(10),z1ukveeg|covid_political+pl(10),midterm+nm(1)|covid_political+pl(10),0.6489771933333333,0.6120847938574528,0.648977193
he7p66a1,eval_midterm_nm_to_election2020_nm_1shot_22_04_2026_23_31_43,finished,election2020,nm,eval_midterm_nm_to_election2020_nm_1shot,state/train1_midterm_nm_1p5m_13_04_2026_18_03_58/checkpoint/state_dict_40000.ckpt,1.0,3.0,12.0,False,0.529,,0.528766971337477,0.6971672787037037,2026-04-23 06:31:46+00:00,1.0,"['new tasks apr 21', 'social_llm_v1', 'social_llm_v2', 'social_llm_v3']",384.0,emb_only,True,/scratch1/eibl/data/election2020/graphs/retweet_graph.pt,1.0,election2020,train1_midterm_nm_1p5m_13_04_2026_18_03_58,4/23,1,"[('midterm', 'nm', 1)]",['z1ukveeg'],midterm+nm(1),election2020,nm,election2020+nm(1),z1ukveeg|election2020+nm(1),midterm+nm(1)|election2020+nm(1),0.6971672787037037,0.528766971337477,0.697167279
3810zcbf,eval_midterm_nm_to_election2020_pl_0shot_22_04_2026_23_28_40,finished,election2020,pl,eval_midterm_nm_to_election2020_pl_0shot,state/train1_midterm_nm_1p5m_13_04_2026_18_03_58/checkpoint/state_dict_40000.ckpt,0.0,2.0,12.0,True,0.4771666666666667,,0.4804054725544109,0.4434490472222222,2026-04-23 06:28:43+00:00,1.0,"['new tasks apr 21', 'social_llm_v1', 'social_llm_v2', 'social_llm_v3']",384.0,emb_only,True,/scratch1/eibl/data/election2020/graphs/retweet_graph.pt,0.0,election2020,train1_midterm_nm_1p5m_13_04_2026_18_03_58,4/23,0,"[('midterm', 'nm', 1)]",['z1ukveeg'],midterm+nm(1),election2020,pl,election2020+pl(0),z1ukveeg|election2020+pl(0),midterm+nm(1)|election2020+pl(0),0.4434490472222222,0.4804054725544109,0.443449047
xclshkm5,eval_midterm_nm_to_covid_political_nm_10shot_22_04_2026_23_28_23,finished,covid_political,nm,eval_midterm_nm_to_covid_political_nm_10shot,state/train1_midterm_nm_1p5m_13_04_2026_18_03_58/checkpoint/state_dict_40000.ckpt,10.0,3.0,12.0,False,0.5664888888888889,,0.5662332070224178,0.7463321787962963,2026-04-23 06:28:25+00:00,1.0,"['new tasks apr 21', 'social_llm_v1', 'social_llm_v2', 'social_llm_v3']",384.0,emb_only,True,/scratch1/eibl/data/covid_political/graphs/retweet_graph.pt,10.0,covid_political,train1_midterm_nm_1p5m_13_04_2026_18_03_58,4/23,10,"[('midterm', 'nm', 1)]",['z1ukveeg'],midterm+nm(1),covid_political,nm,covid_political+nm(10),z1ukveeg|covid_political+nm(10),midterm+nm(1)|covid_political+nm(10),0.7463321787962963,0.5662332070224178,0.746332179
tnir4kxb,eval_midterm_nm_to_ukr_rus_suspended_nm_10shot_22_04_2026_23_28_06,finished,ukr_rus_suspended,nm,eval_midterm_nm_to_ukr_rus_suspended_nm_10shot,state/train1_midterm_nm_1p5m_13_04_2026_18_03_58/checkpoint/state_dict_40000.ckpt,10.0,3.0,12.0,False,0.5295333333333333,,0.5287602724580455,0.7294079699074074,2026-04-23 06:28:08+00:00,1.0,"['new tasks apr 21', 'social_llm_v1', 'social_llm_v2', 'social_llm_v3']",384.0,emb_only,True,/scratch1/eibl/data/ukr_rus_suspended/graphs/retweet_graph.pt,10.0,ukr_rus_suspended,train1_midterm_nm_1p5m_13_04_2026_18_03_58,4/23,10,"[('midterm', 'nm', 1)]",['z1ukveeg'],midterm+nm(1),ukr_rus_suspended,nm,ukr_rus_suspended+nm(10),z1ukveeg|ukr_rus_suspended+nm(10),midterm+nm(1)|ukr_rus_suspended+nm(10),0.7294079699074074,0.5287602724580455,0.72940797
j6luabig,eval_midterm_nm_to_covid_political_pl_1shot_22_04_2026_23_27_37,finished,covid_political,pl,eval_midterm_nm_to_covid_political_pl_1shot,state/train1_midterm_nm_1p5m_13_04_2026_18_03_58/checkpoint/state_dict_40000.ckpt,1.0,2.0,12.0,False,0.6033333333333334,,0.6050316970360782,0.5965085122222222,2026-04-23 06:27:39+00:00,1.0,"['new tasks apr 21', 'social_llm_v1', 'social_llm_v2', 'social_llm_v3']",384.0,emb_only,True,/scratch1/eibl/data/covid_political/graphs/retweet_graph.pt,1.0,covid_political,train1_midterm_nm_1p5m_13_04_2026_18_03_58,4/23,1,"[('midterm', 'nm', 1)]",['z1ukveeg'],midterm+nm(1),covid_political,pl,covid_political+pl(1),z1ukveeg|covid_political+pl(1),midterm+nm(1)|covid_political+pl(1),0.5965085122222222,0.6050316970360782,0.596508512
cz9r4qrb,eval_midterm_nm_to_ukr_rus_suspended_pl_1shot_22_04_2026_23_27_12,finished,ukr_rus_suspended,pl,eval_midterm_nm_to_ukr_rus_suspended_pl_1shot,state/train1_midterm_nm_1p5m_13_04_2026_18_03_58/checkpoint/state_dict_40000.ckpt,1.0,2.0,12.0,False,0.4995833333333333,,0.5013204006045607,0.49922329,2026-04-23 06:27:14+00:00,1.0,"['new tasks apr 21', 'social_llm_v1', 'social_llm_v2', 'social_llm_v3']",384.0,emb_only,True,/scratch1/eibl/data/ukr_rus_suspended/graphs/retweet_graph.pt,1.0,ukr_rus_suspended,train1_midterm_nm_1p5m_13_04_2026_18_03_58,4/23,1,"[('midterm', 'nm', 1)]",['z1ukveeg'],midterm+nm(1),ukr_rus_suspended,pl,ukr_rus_suspended+pl(1),z1ukveeg|ukr_rus_suspended+pl(1),midterm+nm(1)|ukr_rus_suspended+pl(1),0.49922329,0.5013204006045607,0.49922329
8pvkehe9,eval_midterm_nm_to_covid_political_nm_1shot_22_04_2026_23_24_50,finished,covid_political,nm,eval_midterm_nm_to_covid_political_nm_1shot,state/train1_midterm_nm_1p5m_13_04_2026_18_03_58/checkpoint/state_dict_40000.ckpt,1.0,3.0,12.0,False,0.5361777777777778,,0.5357316835383328,0.7003043207407408,2026-04-23 06:24:51+00:00,1.0,"['new tasks apr 21', 'social_llm_v1', 'social_llm_v2', 'social_llm_v3']",384.0,emb_only,True,/scratch1/eibl/data/covid_political/graphs/retweet_graph.pt,1.0,covid_political,train1_midterm_nm_1p5m_13_04_2026_18_03_58,4/23,1,"[('midterm', 'nm', 1)]",['z1ukveeg'],midterm+nm(1),covid_political,nm,covid_political+nm(1),z1ukveeg|covid_political+nm(1),midterm+nm(1)|covid_political+nm(1),0.7003043207407408,0.5357316835383328,0.700304321
jnkdz57w,eval_midterm_nm_to_ukr_rus_suspended_nm_1shot_22_04_2026_23_24_42,finished,ukr_rus_suspended,nm,eval_midterm_nm_to_ukr_rus_suspended_nm_1shot,state/train1_midterm_nm_1p5m_13_04_2026_18_03_58/checkpoint/state_dict_40000.ckpt,1.0,3.0,12.0,False,0.4751222222222222,,0.474469087870895,0.6636976344444444,2026-04-23 06:24:44+00:00,1.0,"['new tasks apr 21', 'social_llm_v1', 'social_llm_v2', 'social_llm_v3']",384.0,emb_only,True,/scratch1/eibl/data/ukr_rus_suspended/graphs/retweet_graph.pt,1.0,ukr_rus_suspended,train1_midterm_nm_1p5m_13_04_2026_18_03_58,4/23,1,"[('midterm', 'nm', 1)]",['z1ukveeg'],midterm+nm(1),ukr_rus_suspended,nm,ukr_rus_suspended+nm(1),z1ukveeg|ukr_rus_suspended+nm(1),midterm+nm(1)|ukr_rus_suspended+nm(1),0.6636976344444444,0.474469087870895,0.663697634
z8vixz53,eval_midterm_nm_to_covid_political_pl_0shot_22_04_2026_23_24_05,finished,covid_political,pl,eval_midterm_nm_to_covid_political_pl_0shot,state/train1_midterm_nm_1p5m_13_04_2026_18_03_58/checkpoint/state_dict_40000.ckpt,0.0,2.0,12.0,True,0.5852166666666667,,0.5855413259613302,0.6147202311111111,2026-04-23 06:24:07+00:00,1.0,"['new tasks apr 21', 'social_llm_v1', 'social_llm_v2', 'social_llm_v3']",384.0,emb_only,True,/scratch1/eibl/data/covid_political/graphs/retweet_graph.pt,0.0,covid_political,train1_midterm_nm_1p5m_13_04_2026_18_03_58,4/23,0,"[('midterm', 'nm', 1)]",['z1ukveeg'],midterm+nm(1),covid_political,pl,covid_political+pl(0),z1ukveeg|covid_political+pl(0),midterm+nm(1)|covid_political+pl(0),0.6147202311111111,0.5855413259613302,0.614720231
rtrim4rx,eval_midterm_nm_to_ukr_rus_suspended_pl_0shot_22_04_2026_23_23_50,finished,ukr_rus_suspended,pl,eval_midterm_nm_to_ukr_rus_suspended_pl_0shot,state/train1_midterm_nm_1p5m_13_04_2026_18_03_58/checkpoint/state_dict_40000.ckpt,0.0,2.0,12.0,True,0.497,,0.503144447005367,0.49734899,2026-04-23 06:23:53+00:00,1.0,"['new tasks apr 21', 'social_llm_v1', 'social_llm_v2', 'social_llm_v3']",384.0,emb_only,True,/scratch1/eibl/data/ukr_rus_suspended/graphs/retweet_graph.pt,0.0,ukr_rus_suspended,train1_midterm_nm_1p5m_13_04_2026_18_03_58,4/23,0,"[('midterm', 'nm', 1)]",['z1ukveeg'],midterm+nm(1),ukr_rus_suspended,pl,ukr_rus_suspended+pl(0),z1ukveeg|ukr_rus_suspended+pl(0),midterm+nm(1)|ukr_rus_suspended+pl(0),0.49734899,0.503144447005367,0.49734899
9tb1lksb,eval_midterm_nm_to_covid_political_nm_0shot_22_04_2026_23_20_26,finished,covid_political,nm,eval_midterm_nm_to_covid_political_nm_0shot,state/train1_midterm_nm_1p5m_13_04_2026_18_03_58/checkpoint/state_dict_40000.ckpt,0.0,3.0,12.0,True,0.3316111111111111,,0.3200455546765474,0.4988488304629629,2026-04-23 06:21:12+00:00,1.0,"['new tasks apr 21', 'social_llm_v1', 'social_llm_v2', 'social_llm_v3']",384.0,emb_only,True,/scratch1/eibl/data/covid_political/graphs/retweet_graph.pt,0.0,covid_political,train1_midterm_nm_1p5m_13_04_2026_18_03_58,4/23,0,"[('midterm', 'nm', 1)]",['z1ukveeg'],midterm+nm(1),covid_political,nm,covid_political+nm(0),z1ukveeg|covid_political+nm(0),midterm+nm(1)|covid_political+nm(0),0.4988488304629629,0.3200455546765474,0.49884883
gsgausl0,eval_midterm_nm_to_election2020_nm_0shot_22_04_2026_23_20_51,finished,election2020,nm,eval_midterm_nm_to_election2020_nm_0shot,state/train1_midterm_nm_1p5m_13_04_2026_18_03_58/checkpoint/state_dict_40000.ckpt,0.0,3.0,12.0,True,0.3349888888888889,,0.3254765901791743,0.4990646724074074,2026-04-23 06:21:03+00:00,1.0,"['new tasks apr 21', 'social_llm_v1', 'social_llm_v2', 'social_llm_v3']",384.0,emb_only,True,/scratch1/eibl/data/election2020/graphs/retweet_graph.pt,0.0,election2020,train1_midterm_nm_1p5m_13_04_2026_18_03_58,4/23,0,"[('midterm', 'nm', 1)]",['z1ukveeg'],midterm+nm(1),election2020,nm,election2020+nm(0),z1ukveeg|election2020+nm(0),midterm+nm(1)|election2020+nm(0),0.4990646724074074,0.3254765901791743,0.499064672
v9dfi1q3,eval_midterm_nm_to_ukr_rus_suspended_nm_0shot_22_04_2026_23_20_46,finished,ukr_rus_suspended,nm,eval_midterm_nm_to_ukr_rus_suspended_nm_0shot,state/train1_midterm_nm_1p5m_13_04_2026_18_03_58/checkpoint/state_dict_40000.ckpt,0.0,3.0,12.0,True,0.3340777777777777,,0.3234740514217305,0.4988991249074074,2026-04-23 06:20:58+00:00,1.0,"['new tasks apr 21', 'social_llm_v1', 'social_llm_v2', 'social_llm_v3']",384.0,emb_only,True,/scratch1/eibl/data/ukr_rus_suspended/graphs/retweet_graph.pt,0.0,ukr_rus_suspended,train1_midterm_nm_1p5m_13_04_2026_18_03_58,4/23,0,"[('midterm', 'nm', 1)]",['z1ukveeg'],midterm+nm(1),ukr_rus_suspended,nm,ukr_rus_suspended+nm(0),z1ukveeg|ukr_rus_suspended+nm(0),midterm+nm(1)|ukr_rus_suspended+nm(0),0.4988991249074074,0.3234740514217305,0.498899125
z99z7b3o,eval_midterm_nm_to_ukr_rus_suspended_pl_3shot_21_04_2026_08_52_16,finished,ukr_rus_suspended,pl,eval_midterm_nm_to_ukr_rus_suspended_pl_3shot,state/train1_midterm_nm_1p5m_13_04_2026_18_03_58/checkpoint/state_dict_40000.ckpt,3.0,2.0,12.0,False,0.5021083333333334,,0.4995602609955691,0.5025425073611112,2026-04-21 15:52:20+00:00,1.0,['new tasks apr 21'],384.0,emb_only,True,/scratch1/eibl/data/ukr_rus_suspended/graphs/retweet_graph.pt,3.0,ukr_rus_suspended,train1_midterm_nm_1p5m_13_04_2026_18_03_58,4/21,3,"[('midterm', 'nm', 1)]",['z1ukveeg'],midterm+nm(1),ukr_rus_suspended,pl,ukr_rus_suspended+pl(3),z1ukveeg|ukr_rus_suspended+pl(3),midterm+nm(1)|ukr_rus_suspended+pl(3),0.5025425073611112,0.4995602609955691,0.502542507
60rprpso,eval_covid19_twitter_nm_to_election2020_pl_3shot_21_04_2026_08_47_09,finished,election2020,pl,eval_covid19_twitter_nm_to_election2020_pl_3shot,state/train1_covid19_twitter_nm_1p5m_13_04_2026_12_14_58/checkpoint/state_dict_40000.ckpt,3.0,2.0,12.0,False,0.7757083333333333,,0.7760013981707267,0.8262378163888889,2026-04-21 15:47:13+00:00,1.0,['new tasks apr 21'],384.0,emb_only,True,/scratch1/eibl/data/election2020/graphs/retweet_graph.pt,3.0,election2020,train1_covid19_twitter_nm_1p5m_13_04_2026_12_14_58,4/21,3,"[('covid19_twitter', 'nm', 1)]",['7byj23i0'],covid19_twitter+nm(1),election2020,pl,election2020+pl(3),7byj23i0|election2020+pl(3),covid19_twitter+nm(1)|election2020+pl(3),0.8262378163888889,0.7760013981707267,0.826237816
q2ar8vh7,eval_midterm_nm_to_ukr_rus_suspended_nm_3shot_21_04_2026_08_45_42,finished,ukr_rus_suspended,nm,eval_midterm_nm_to_ukr_rus_suspended_nm_3shot,state/train1_midterm_nm_1p5m_13_04_2026_18_03_58/checkpoint/state_dict_40000.ckpt,3.0,3.0,12.0,False,0.5161277777777777,,0.5154711459606424,0.7126471052314814,2026-04-21 15:46:31+00:00,1.0,['new tasks apr 21'],384.0,emb_only,True,/scratch1/eibl/data/ukr_rus_suspended/graphs/retweet_graph.pt,3.0,ukr_rus_suspended,train1_midterm_nm_1p5m_13_04_2026_18_03_58,4/21,3,"[('midterm', 'nm', 1)]",['z1ukveeg'],midterm+nm(1),ukr_rus_suspended,nm,ukr_rus_suspended+nm(3),z1ukveeg|ukr_rus_suspended+nm(3),midterm+nm(1)|ukr_rus_suspended+nm(3),0.7126471052314814,0.5154711459606424,0.712647105
62049chm,eval_covid19_twitter_nm_to_election2020_nm_3shot_21_04_2026_08_31_40,finished,election2020,nm,eval_covid19_twitter_nm_to_election2020_nm_3shot,state/train1_covid19_twitter_nm_1p5m_13_04_2026_12_14_58/checkpoint/state_dict_40000.ckpt,3.0,3.0,12.0,False,0.56565,,0.5655893955377062,0.7356008558564815,2026-04-21 15:31:44+00:00,1.0,['new tasks apr 21'],384.0,emb_only,True,/scratch1/eibl/data/election2020/graphs/retweet_graph.pt,3.0,election2020,train1_covid19_twitter_nm_1p5m_13_04_2026_12_14_58,4/21,3,"[('covid19_twitter', 'nm', 1)]",['7byj23i0'],covid19_twitter+nm(1),election2020,nm,election2020+nm(3),7byj23i0|election2020+nm(3),covid19_twitter+nm(1)|election2020+nm(3),0.7356008558564815,0.5655893955377062,0.735600856
j1117y6d,eval_ukr_rus_twitter_nm_to_covid_political_pl_3shot_21_04_2026_08_30_47,finished,covid_political,pl,eval_ukr_rus_twitter_nm_to_covid_political_pl_3shot,state/train1_ukr_rus_twitter_nm_1p5m_13_04_2026_12_40_49/checkpoint/state_dict_40000.ckpt,3.0,2.0,12.0,False,0.5991416666666667,,0.5994187353746991,0.6246695690277777,2026-04-21 15:30:54+00:00,1.0,['new tasks apr 21'],384.0,emb_only,True,/scratch1/eibl/data/covid_political/graphs/retweet_graph.pt,3.0,covid_political,train1_ukr_rus_twitter_nm_1p5m_13_04_2026_12_40_49,4/21,3,"[('ukr_rus_twitter', 'nm', 1)]",['smipugdw'],ukr_rus_twitter+nm(1),covid_political,pl,covid_political+pl(3),smipugdw|covid_political+pl(3),ukr_rus_twitter+nm(1)|covid_political+pl(3),0.6246695690277777,0.5994187353746991,0.624669569
95ixy086,eval_ukr_rus_twitter_nm_to_covid_political_nm_3shot_21_04_2026_08_26_47,finished,covid_political,nm,eval_ukr_rus_twitter_nm_to_covid_political_nm_3shot,state/train1_ukr_rus_twitter_nm_1p5m_13_04_2026_12_40_49/checkpoint/state_dict_40000.ckpt,3.0,3.0,12.0,False,0.5386388888888889,,0.5385067475021897,0.7257710074074074,2026-04-21 15:26:51+00:00,1.0,['new tasks apr 21'],384.0,emb_only,True,/scratch1/eibl/data/covid_political/graphs/retweet_graph.pt,3.0,covid_political,train1_ukr_rus_twitter_nm_1p5m_13_04_2026_12_40_49,4/21,3,"[('ukr_rus_twitter', 'nm', 1)]",['smipugdw'],ukr_rus_twitter+nm(1),covid_political,nm,covid_political+nm(3),smipugdw|covid_political+nm(3),ukr_rus_twitter+nm(1)|covid_political+nm(3),0.7257710074074074,0.5385067475021897,0.725771007
u58faxvx,eval_covid19_twitter_nm_to_ukr_rus_suspended_pl_3shot_21_04_2026_08_20_53,finished,ukr_rus_suspended,pl,eval_covid19_twitter_nm_to_ukr_rus_suspended_pl_3shot,state/train1_covid19_twitter_nm_1p5m_13_04_2026_12_14_58/checkpoint/state_dict_40000.ckpt,3.0,2.0,12.0,False,0.5021166666666667,,0.5011272356841068,0.5022995145833333,2026-04-21 15:20:56+00:00,1.0,['new tasks apr 21'],384.0,emb_only,True,/scratch1/eibl/data/ukr_rus_suspended/graphs/retweet_graph.pt,3.0,ukr_rus_suspended,train1_covid19_twitter_nm_1p5m_13_04_2026_12_14_58,4/21,3,"[('covid19_twitter', 'nm', 1)]",['7byj23i0'],covid19_twitter+nm(1),ukr_rus_suspended,pl,ukr_rus_suspended+pl(3),7byj23i0|ukr_rus_suspended+pl(3),covid19_twitter+nm(1)|ukr_rus_suspended+pl(3),0.5022995145833333,0.5011272356841068,0.502299515
31eeot8n,eval_covid19_twitter_nm_to_ukr_rus_suspended_nm_3shot_21_04_2026_08_15_14,finished,ukr_rus_suspended,nm,eval_covid19_twitter_nm_to_ukr_rus_suspended_nm_3shot,state/train1_covid19_twitter_nm_1p5m_13_04_2026_12_14_58/checkpoint/state_dict_40000.ckpt,3.0,3.0,12.0,False,0.5863944444444444,,0.5863554656215433,0.7665437864814814,2026-04-21 15:15:16+00:00,1.0,['new tasks apr 21'],384.0,emb_only,True,/scratch1/eibl/data/ukr_rus_suspended/graphs/retweet_graph.pt,3.0,ukr_rus_suspended,train1_covid19_twitter_nm_1p5m_13_04_2026_12_14_58,4/21,3,"[('covid19_twitter', 'nm', 1)]",['7byj23i0'],covid19_twitter+nm(1),ukr_rus_suspended,nm,ukr_rus_suspended+nm(3),7byj23i0|ukr_rus_suspended+nm(3),covid19_twitter+nm(1)|ukr_rus_suspended+nm(3),0.7665437864814814,0.5863554656215433,0.766543786
tdya4v7x,eval_midterm_nm_to_covid_political_pl_3shot_21_04_2026_08_10_29,finished,covid_political,pl,eval_midterm_nm_to_covid_political_pl_3shot,state/train1_midterm_nm_1p5m_13_04_2026_18_03_58/checkpoint/state_dict_40000.ckpt,3.0,2.0,12.0,False,0.5816,,0.5809154953090047,0.5954943972222222,2026-04-21 15:10:32+00:00,1.0,['new tasks apr 21'],384.0,emb_only,True,/scratch1/eibl/data/covid_political/graphs/retweet_graph.pt,3.0,covid_political,train1_midterm_nm_1p5m_13_04_2026_18_03_58,4/21,3,"[('midterm', 'nm', 1)]",['z1ukveeg'],midterm+nm(1),covid_political,pl,covid_political+pl(3),z1ukveeg|covid_political+pl(3),midterm+nm(1)|covid_political+pl(3),0.5954943972222222,0.5809154953090047,0.595494397
d3tdehdx,eval_midterm_nm_to_covid_political_nm_3shot_21_04_2026_08_06_35,finished,covid_political,nm,eval_midterm_nm_to_covid_political_nm_3shot,state/train1_midterm_nm_1p5m_13_04_2026_18_03_58/checkpoint/state_dict_40000.ckpt,3.0,3.0,12.0,False,0.5529055555555555,,0.5528097829566201,0.7179963811342592,2026-04-21 15:06:39+00:00,1.0,['new tasks apr 21'],384.0,emb_only,True,/scratch1/eibl/data/covid_political/graphs/retweet_graph.pt,3.0,covid_political,train1_midterm_nm_1p5m_13_04_2026_18_03_58,4/21,3,"[('midterm', 'nm', 1)]",['z1ukveeg'],midterm+nm(1),covid_political,nm,covid_political+nm(3),z1ukveeg|covid_political+nm(3),midterm+nm(1)|covid_political+nm(3),0.7179963811342592,0.5528097829566201,0.717996381
bcyqmipn,eval_covid19_twitter_nm_to_covid_political_pl_3shot_21_04_2026_07_49_39,finished,covid_political,pl,eval_covid19_twitter_nm_to_covid_political_pl_3shot,state/train1_covid19_twitter_nm_1p5m_13_04_2026_12_14_58/checkpoint/state_dict_40000.ckpt,3.0,2.0,12.0,False,0.5988,,0.5984519917261627,0.6149200391666667,2026-04-21 14:49:42+00:00,1.0,['new tasks apr 21'],384.0,emb_only,True,/scratch1/eibl/data/covid_political/graphs/retweet_graph.pt,3.0,covid_political,train1_covid19_twitter_nm_1p5m_13_04_2026_12_14_58,4/21,3,"[('covid19_twitter', 'nm', 1)]",['7byj23i0'],covid19_twitter+nm(1),covid_political,pl,covid_political+pl(3),7byj23i0|covid_political+pl(3),covid19_twitter+nm(1)|covid_political+pl(3),0.6149200391666667,0.5984519917261627,0.614920039
iea186ce,eval_covid19_twitter_nm_to_covid_political_nm_3shot_21_04_2026_07_45_34,finished,covid_political,nm,eval_covid19_twitter_nm_to_covid_political_nm_3shot,state/train1_covid19_twitter_nm_1p5m_13_04_2026_12_14_58/checkpoint/state_dict_40000.ckpt,3.0,3.0,12.0,False,0.5421277777777778,,0.5421088053200603,0.7048976745833334,2026-04-21 14:45:37+00:00,1.0,['new tasks apr 21'],384.0,emb_only,True,/scratch1/eibl/data/covid_political/graphs/retweet_graph.pt,3.0,covid_political,train1_covid19_twitter_nm_1p5m_13_04_2026_12_14_58,4/21,3,"[('covid19_twitter', 'nm', 1)]",['7byj23i0'],covid19_twitter+nm(1),covid_political,nm,covid_political+nm(3),7byj23i0|covid_political+nm(3),covid19_twitter+nm(1)|covid_political+nm(3),0.7048976745833334,0.5421088053200603,0.704897675
hn8bsxfa,eval_midterm_pl_to_ukr_rus_twitter_pl_10shot_14_04_2026_00_54_21,finished,ukr_rus_twitter,pl,eval_midterm_pl_to_ukr_rus_twitter_pl_10shot,state/train1_midterm_pl_1p5m_13_04_2026_17_14_38/checkpoint/state_dict_22000.ckpt,10.0,2.0,12.0,False,0.6959166666666666,,0.6960027992068913,0.7492795669444444,2026-04-14 07:54:26+00:00,1.0,[],384.0,emb_only,True,/scratch1/eibl/data/ukr_rus_twitter/graphs/retweet_graph_1p5m_hf03_political_labels.pt,10.0,ukr_rus_twitter,train1_midterm_pl_1p5m_13_04_2026_17_14_38,4/14,10,"[('midterm', 'pl', 4)]",['cao4vh4l'],midterm+pl(4),ukr_rus_twitter,pl,ukr_rus_twitter+pl(10),cao4vh4l|ukr_rus_twitter+pl(10),midterm+pl(4)|ukr_rus_twitter+pl(10),0.7492795669444444,0.6960027992068913,0.749279567
ni1fh4og,eval_midterm_pl_to_ukr_rus_twitter_lp_10shot_14_04_2026_00_52_27,finished,ukr_rus_twitter,lp,eval_midterm_pl_to_ukr_rus_twitter_lp_10shot,state/train1_midterm_pl_1p5m_13_04_2026_17_14_38/checkpoint/state_dict_22000.ckpt,10.0,1.0,12.0,False,0.5416583333333334,,0.5373051459144788,0.5670727000000001,2026-04-14 07:52:32+00:00,1.0,[],384.0,emb_only,True,/scratch1/eibl/data/ukr_rus_twitter/graphs/retweet_graph_1p5m_hf03_political_labels.pt,10.0,ukr_rus_twitter,train1_midterm_pl_1p5m_13_04_2026_17_14_38,4/14,10,"[('midterm', 'pl', 4)]",['cao4vh4l'],midterm+pl(4),ukr_rus_twitter,lp,ukr_rus_twitter+lp(10),cao4vh4l|ukr_rus_twitter+lp(10),midterm+pl(4)|ukr_rus_twitter+lp(10),0.5670727000000001,0.5373051459144788,0.5670727
ondim1nx,eval_midterm_pl_to_ukr_rus_twitter_nm_10shot_14_04_2026_00_47_43,finished,ukr_rus_twitter,nm,eval_midterm_pl_to_ukr_rus_twitter_nm_10shot,state/train1_midterm_pl_1p5m_13_04_2026_17_14_38/checkpoint/state_dict_22000.ckpt,10.0,3.0,12.0,False,0.4900333333333333,,0.4899957250695033,0.6737738194907408,2026-04-14 07:47:48+00:00,1.0,[],384.0,emb_only,True,/scratch1/eibl/data/ukr_rus_twitter/graphs/retweet_graph_1p5m_hf03_political_labels.pt,10.0,ukr_rus_twitter,train1_midterm_pl_1p5m_13_04_2026_17_14_38,4/14,10,"[('midterm', 'pl', 4)]",['cao4vh4l'],midterm+pl(4),ukr_rus_twitter,nm,ukr_rus_twitter+nm(10),cao4vh4l|ukr_rus_twitter+nm(10),midterm+pl(4)|ukr_rus_twitter+nm(10),0.6737738194907408,0.4899957250695033,0.673773819
dv7odx2z,eval_midterm_pl_to_ukr_rus_twitter_pl_3shot_14_04_2026_00_46_13,finished,ukr_rus_twitter,pl,eval_midterm_pl_to_ukr_rus_twitter_pl_3shot,state/train1_midterm_pl_1p5m_13_04_2026_17_14_38/checkpoint/state_dict_22000.ckpt,3.0,2.0,12.0,False,0.6478083333333333,,0.6491969288234073,0.700935293888889,2026-04-14 07:46:18+00:00,1.0,[],384.0,emb_only,True,/scratch1/eibl/data/ukr_rus_twitter/graphs/retweet_graph_1p5m_hf03_political_labels.pt,3.0,ukr_rus_twitter,train1_midterm_pl_1p5m_13_04_2026_17_14_38,4/14,3,"[('midterm', 'pl', 4)]",['cao4vh4l'],midterm+pl(4),ukr_rus_twitter,pl,ukr_rus_twitter+pl(3),cao4vh4l|ukr_rus_twitter+pl(3),midterm+pl(4)|ukr_rus_twitter+pl(3),0.700935293888889,0.6491969288234073,0.700935294
3im0i73j,eval_midterm_pl_to_ukr_rus_twitter_lp_3shot_14_04_2026_00_44_50,finished,ukr_rus_twitter,lp,eval_midterm_pl_to_ukr_rus_twitter_lp_3shot,state/train1_midterm_pl_1p5m_13_04_2026_17_14_38/checkpoint/state_dict_22000.ckpt,3.0,1.0,12.0,False,0.5575583333333334,,0.565726297880694,0.5764418394444445,2026-04-14 07:44:55+00:00,1.0,[],384.0,emb_only,True,/scratch1/eibl/data/ukr_rus_twitter/graphs/retweet_graph_1p5m_hf03_political_labels.pt,3.0,ukr_rus_twitter,train1_midterm_pl_1p5m_13_04_2026_17_14_38,4/14,3,"[('midterm', 'pl', 4)]",['cao4vh4l'],midterm+pl(4),ukr_rus_twitter,lp,ukr_rus_twitter+lp(3),cao4vh4l|ukr_rus_twitter+lp(3),midterm+pl(4)|ukr_rus_twitter+lp(3),0.5764418394444445,0.565726297880694,0.576441839
hihxmqks,eval_midterm_pl_to_ukr_rus_twitter_nm_3shot_14_04_2026_00_41_26,finished,ukr_rus_twitter,nm,eval_midterm_pl_to_ukr_rus_twitter_nm_3shot,state/train1_midterm_pl_1p5m_13_04_2026_17_14_38/checkpoint/state_dict_22000.ckpt,3.0,3.0,12.0,False,0.4675166666666667,,0.467510675758994,0.6488501595601851,2026-04-14 07:41:31+00:00,1.0,[],384.0,emb_only,True,/scratch1/eibl/data/ukr_rus_twitter/graphs/retweet_graph_1p5m_hf03_political_labels.pt,3.0,ukr_rus_twitter,train1_midterm_pl_1p5m_13_04_2026_17_14_38,4/14,3,"[('midterm', 'pl', 4)]",['cao4vh4l'],midterm+pl(4),ukr_rus_twitter,nm,ukr_rus_twitter+nm(3),cao4vh4l|ukr_rus_twitter+nm(3),midterm+pl(4)|ukr_rus_twitter+nm(3),0.6488501595601851,0.467510675758994,0.64885016
gg0auw1b,eval_midterm_pl_to_ukr_rus_twitter_pl_1shot_14_04_2026_00_40_04,finished,ukr_rus_twitter,pl,eval_midterm_pl_to_ukr_rus_twitter_pl_1shot,state/train1_midterm_pl_1p5m_13_04_2026_17_14_38/checkpoint/state_dict_22000.ckpt,1.0,2.0,12.0,False,0.5701416666666667,,0.5699588991988261,0.6044852222222222,2026-04-14 07:40:09+00:00,1.0,[],384.0,emb_only,True,/scratch1/eibl/data/ukr_rus_twitter/graphs/retweet_graph_1p5m_hf03_political_labels.pt,1.0,ukr_rus_twitter,train1_midterm_pl_1p5m_13_04_2026_17_14_38,4/14,1,"[('midterm', 'pl', 4)]",['cao4vh4l'],midterm+pl(4),ukr_rus_twitter,pl,ukr_rus_twitter+pl(1),cao4vh4l|ukr_rus_twitter+pl(1),midterm+pl(4)|ukr_rus_twitter+pl(1),0.6044852222222222,0.5699588991988261,0.604485222
oj3tyrn8,eval_midterm_pl_to_ukr_rus_twitter_lp_1shot_14_04_2026_00_38_44,finished,ukr_rus_twitter,lp,eval_midterm_pl_to_ukr_rus_twitter_lp_1shot,state/train1_midterm_pl_1p5m_13_04_2026_17_14_38/checkpoint/state_dict_22000.ckpt,1.0,1.0,12.0,False,0.5505083333333334,,0.5790718182031013,0.5707843063888889,2026-04-14 07:38:49+00:00,1.0,[],384.0,emb_only,True,/scratch1/eibl/data/ukr_rus_twitter/graphs/retweet_graph_1p5m_hf03_political_labels.pt,1.0,ukr_rus_twitter,train1_midterm_pl_1p5m_13_04_2026_17_14_38,4/14,1,"[('midterm', 'pl', 4)]",['cao4vh4l'],midterm+pl(4),ukr_rus_twitter,lp,ukr_rus_twitter+lp(1),cao4vh4l|ukr_rus_twitter+lp(1),midterm+pl(4)|ukr_rus_twitter+lp(1),0.5707843063888889,0.5790718182031013,0.570784306
ti9km10n,eval_midterm_pl_to_ukr_rus_twitter_nm_1shot_14_04_2026_00_35_47,finished,ukr_rus_twitter,nm,eval_midterm_pl_to_ukr_rus_twitter_nm_1shot,state/train1_midterm_pl_1p5m_13_04_2026_17_14_38/checkpoint/state_dict_22000.ckpt,1.0,3.0,12.0,False,0.4399944444444444,,0.4397937110550666,0.6204286697685185,2026-04-14 07:35:52+00:00,1.0,[],384.0,emb_only,True,/scratch1/eibl/data/ukr_rus_twitter/graphs/retweet_graph_1p5m_hf03_political_labels.pt,1.0,ukr_rus_twitter,train1_midterm_pl_1p5m_13_04_2026_17_14_38,4/14,1,"[('midterm', 'pl', 4)]",['cao4vh4l'],midterm+pl(4),ukr_rus_twitter,nm,ukr_rus_twitter+nm(1),cao4vh4l|ukr_rus_twitter+nm(1),midterm+pl(4)|ukr_rus_twitter+nm(1),0.6204286697685185,0.4397937110550666,0.62042867
0f07p3sc,eval_midterm_pl_to_ukr_rus_twitter_pl_0shot_14_04_2026_00_34_15,finished,ukr_rus_twitter,pl,eval_midterm_pl_to_ukr_rus_twitter_pl_0shot,state/train1_midterm_pl_1p5m_13_04_2026_17_14_38/checkpoint/state_dict_22000.ckpt,0.0,2.0,12.0,True,0.2876083333333333,,0.2876380150827048,0.2169225955555555,2026-04-14 07:34:20+00:00,1.0,[],384.0,emb_only,True,/scratch1/eibl/data/ukr_rus_twitter/graphs/retweet_graph_1p5m_hf03_political_labels.pt,0.0,ukr_rus_twitter,train1_midterm_pl_1p5m_13_04_2026_17_14_38,4/14,0,"[('midterm', 'pl', 4)]",['cao4vh4l'],midterm+pl(4),ukr_rus_twitter,pl,ukr_rus_twitter+pl(0),cao4vh4l|ukr_rus_twitter+pl(0),midterm+pl(4)|ukr_rus_twitter+pl(0),0.2169225955555555,0.2876380150827048,0.216922596
ftayr6zn,eval_midterm_pl_to_ukr_rus_twitter_lp_0shot_14_04_2026_00_32_53,finished,ukr_rus_twitter,lp,eval_midterm_pl_to_ukr_rus_twitter_lp_0shot,state/train1_midterm_pl_1p5m_13_04_2026_17_14_38/checkpoint/state_dict_22000.ckpt,0.0,1.0,12.0,True,0.498075,,0.4999377319484919,0.4971264438888889,2026-04-14 07:32:58+00:00,1.0,[],384.0,emb_only,True,/scratch1/eibl/data/ukr_rus_twitter/graphs/retweet_graph_1p5m_hf03_political_labels.pt,0.0,ukr_rus_twitter,train1_midterm_pl_1p5m_13_04_2026_17_14_38,4/14,0,"[('midterm', 'pl', 4)]",['cao4vh4l'],midterm+pl(4),ukr_rus_twitter,lp,ukr_rus_twitter+lp(0),cao4vh4l|ukr_rus_twitter+lp(0),midterm+pl(4)|ukr_rus_twitter+lp(0),0.4971264438888889,0.4999377319484919,0.497126444
qutlngbx,eval_midterm_pl_to_ukr_rus_twitter_nm_0shot_14_04_2026_00_30_00,finished,ukr_rus_twitter,nm,eval_midterm_pl_to_ukr_rus_twitter_nm_0shot,state/train1_midterm_pl_1p5m_13_04_2026_17_14_38/checkpoint/state_dict_22000.ckpt,0.0,3.0,12.0,True,0.3321944444444444,,0.314338507883128,0.4980264525,2026-04-14 07:30:05+00:00,1.0,[],384.0,emb_only,True,/scratch1/eibl/data/ukr_rus_twitter/graphs/retweet_graph_1p5m_hf03_political_labels.pt,0.0,ukr_rus_twitter,train1_midterm_pl_1p5m_13_04_2026_17_14_38,4/14,0,"[('midterm', 'pl', 4)]",['cao4vh4l'],midterm+pl(4),ukr_rus_twitter,nm,ukr_rus_twitter+nm(0),cao4vh4l|ukr_rus_twitter+nm(0),midterm+pl(4)|ukr_rus_twitter+nm(0),0.4980264525,0.314338507883128,0.498026452
4skbwqy2,eval_midterm_lp_to_ukr_rus_twitter_pl_10shot_14_04_2026_00_27_57,finished,ukr_rus_twitter,pl,eval_midterm_lp_to_ukr_rus_twitter_pl_10shot,state/train1_midterm_lp_1p5m_13_04_2026_18_19_00/checkpoint/state_dict_28000.ckpt,10.0,2.0,12.0,False,0.6489,,0.648407770879231,0.6880452490277777,2026-04-14 07:28:02+00:00,1.0,[],384.0,emb_only,True,/scratch1/eibl/data/ukr_rus_twitter/graphs/retweet_graph_1p5m_hf03_political_labels.pt,10.0,ukr_rus_twitter,train1_midterm_lp_1p5m_13_04_2026_18_19_00,4/14,10,"[('midterm', 'lp', 1)]",['7bjy1aj6'],midterm+lp(1),ukr_rus_twitter,pl,ukr_rus_twitter+pl(10),7bjy1aj6|ukr_rus_twitter+pl(10),midterm+lp(1)|ukr_rus_twitter+pl(10),0.6880452490277777,0.648407770879231,0.688045249
nuq698o5,eval_midterm_lp_to_ukr_rus_twitter_lp_10shot_14_04_2026_00_25_59,finished,ukr_rus_twitter,lp,eval_midterm_lp_to_ukr_rus_twitter_lp_10shot,state/train1_midterm_lp_1p5m_13_04_2026_18_19_00/checkpoint/state_dict_28000.ckpt,10.0,1.0,12.0,False,0.554325,,0.2553985381134702,0.6214430245833333,2026-04-14 07:26:04+00:00,1.0,[],384.0,emb_only,True,/scratch1/eibl/data/ukr_rus_twitter/graphs/retweet_graph_1p5m_hf03_political_labels.pt,10.0,ukr_rus_twitter,train1_midterm_lp_1p5m_13_04_2026_18_19_00,4/14,10,"[('midterm', 'lp', 1)]",['7bjy1aj6'],midterm+lp(1),ukr_rus_twitter,lp,ukr_rus_twitter+lp(10),7bjy1aj6|ukr_rus_twitter+lp(10),midterm+lp(1)|ukr_rus_twitter+lp(10),0.6214430245833333,0.2553985381134702,0.621443025
jq87so94,eval_midterm_lp_to_ukr_rus_twitter_nm_10shot_14_04_2026_00_21_15,finished,ukr_rus_twitter,nm,eval_midterm_lp_to_ukr_rus_twitter_nm_10shot,state/train1_midterm_lp_1p5m_13_04_2026_18_19_00/checkpoint/state_dict_28000.ckpt,10.0,3.0,12.0,False,0.6323333333333333,,0.6319826464543721,0.8103932409722222,2026-04-14 07:21:20+00:00,1.0,[],384.0,emb_only,True,/scratch1/eibl/data/ukr_rus_twitter/graphs/retweet_graph_1p5m_hf03_political_labels.pt,10.0,ukr_rus_twitter,train1_midterm_lp_1p5m_13_04_2026_18_19_00,4/14,10,"[('midterm', 'lp', 1)]",['7bjy1aj6'],midterm+lp(1),ukr_rus_twitter,nm,ukr_rus_twitter+nm(10),7bjy1aj6|ukr_rus_twitter+nm(10),midterm+lp(1)|ukr_rus_twitter+nm(10),0.8103932409722222,0.6319826464543721,0.810393241
0cb664r8,eval_midterm_lp_to_ukr_rus_twitter_pl_3shot_14_04_2026_00_19_47,finished,ukr_rus_twitter,pl,eval_midterm_lp_to_ukr_rus_twitter_pl_3shot,state/train1_midterm_lp_1p5m_13_04_2026_18_19_00/checkpoint/state_dict_28000.ckpt,3.0,2.0,12.0,False,0.599425,,0.5991811685441977,0.6322713218055556,2026-04-14 07:19:51+00:00,1.0,[],384.0,emb_only,True,/scratch1/eibl/data/ukr_rus_twitter/graphs/retweet_graph_1p5m_hf03_political_labels.pt,3.0,ukr_rus_twitter,train1_midterm_lp_1p5m_13_04_2026_18_19_00,4/14,3,"[('midterm', 'lp', 1)]",['7bjy1aj6'],midterm+lp(1),ukr_rus_twitter,pl,ukr_rus_twitter+pl(3),7bjy1aj6|ukr_rus_twitter+pl(3),midterm+lp(1)|ukr_rus_twitter+pl(3),0.6322713218055556,0.5991811685441977,0.632271322
qvxhlmxl,eval_midterm_lp_to_ukr_rus_twitter_lp_3shot_14_04_2026_00_18_20,finished,ukr_rus_twitter,lp,eval_midterm_lp_to_ukr_rus_twitter_lp_3shot,state/train1_midterm_lp_1p5m_13_04_2026_18_19_00/checkpoint/state_dict_28000.ckpt,3.0,1.0,12.0,False,0.5922833333333334,,0.455591409814176,0.6505778540277778,2026-04-14 07:18:25+00:00,1.0,[],384.0,emb_only,True,/scratch1/eibl/data/ukr_rus_twitter/graphs/retweet_graph_1p5m_hf03_political_labels.pt,3.0,ukr_rus_twitter,train1_midterm_lp_1p5m_13_04_2026_18_19_00,4/14,3,"[('midterm', 'lp', 1)]",['7bjy1aj6'],midterm+lp(1),ukr_rus_twitter,lp,ukr_rus_twitter+lp(3),7bjy1aj6|ukr_rus_twitter+lp(3),midterm+lp(1)|ukr_rus_twitter+lp(3),0.6505778540277778,0.455591409814176,0.650577854
81ct12vb,eval_midterm_lp_to_ukr_rus_twitter_nm_3shot_14_04_2026_00_14_56,finished,ukr_rus_twitter,nm,eval_midterm_lp_to_ukr_rus_twitter_nm_3shot,state/train1_midterm_lp_1p5m_13_04_2026_18_19_00/checkpoint/state_dict_28000.ckpt,3.0,3.0,12.0,False,0.6237555555555555,,0.6231959578528548,0.8071736865740741,2026-04-14 07:15:01+00:00,1.0,[],384.0,emb_only,True,/scratch1/eibl/data/ukr_rus_twitter/graphs/retweet_graph_1p5m_hf03_political_labels.pt,3.0,ukr_rus_twitter,train1_midterm_lp_1p5m_13_04_2026_18_19_00,4/14,3,"[('midterm', 'lp', 1)]",['7bjy1aj6'],midterm+lp(1),ukr_rus_twitter,nm,ukr_rus_twitter+nm(3),7bjy1aj6|ukr_rus_twitter+nm(3),midterm+lp(1)|ukr_rus_twitter+nm(3),0.8071736865740741,0.6231959578528548,0.807173687
lzxjdmu5,eval_midterm_lp_to_ukr_rus_twitter_pl_1shot_14_04_2026_00_13_38,finished,ukr_rus_twitter,pl,eval_midterm_lp_to_ukr_rus_twitter_pl_1shot,state/train1_midterm_lp_1p5m_13_04_2026_18_19_00/checkpoint/state_dict_28000.ckpt,1.0,2.0,12.0,False,0.5565583333333334,,0.5563549960398516,0.582585340138889,2026-04-14 07:13:42+00:00,1.0,[],384.0,emb_only,True,/scratch1/eibl/data/ukr_rus_twitter/graphs/retweet_graph_1p5m_hf03_political_labels.pt,1.0,ukr_rus_twitter,train1_midterm_lp_1p5m_13_04_2026_18_19_00,4/14,1,"[('midterm', 'lp', 1)]",['7bjy1aj6'],midterm+lp(1),ukr_rus_twitter,pl,ukr_rus_twitter+pl(1),7bjy1aj6|ukr_rus_twitter+pl(1),midterm+lp(1)|ukr_rus_twitter+pl(1),0.582585340138889,0.5563549960398516,0.58258534
b1odrt35,eval_midterm_lp_to_ukr_rus_twitter_lp_1shot_14_04_2026_00_12_20,finished,ukr_rus_twitter,lp,eval_midterm_lp_to_ukr_rus_twitter_lp_1shot,state/train1_midterm_lp_1p5m_13_04_2026_18_19_00/checkpoint/state_dict_28000.ckpt,1.0,1.0,12.0,False,0.6062333333333333,,0.5350127927573313,0.6635852787500001,2026-04-14 07:12:26+00:00,1.0,[],384.0,emb_only,True,/scratch1/eibl/data/ukr_rus_twitter/graphs/retweet_graph_1p5m_hf03_political_labels.pt,1.0,ukr_rus_twitter,train1_midterm_lp_1p5m_13_04_2026_18_19_00,4/14,1,"[('midterm', 'lp', 1)]",['7bjy1aj6'],midterm+lp(1),ukr_rus_twitter,lp,ukr_rus_twitter+lp(1),7bjy1aj6|ukr_rus_twitter+lp(1),midterm+lp(1)|ukr_rus_twitter+lp(1),0.6635852787500001,0.5350127927573313,0.663585279
647838x7,eval_midterm_lp_to_ukr_rus_twitter_nm_1shot_14_04_2026_00_09_22,finished,ukr_rus_twitter,nm,eval_midterm_lp_to_ukr_rus_twitter_nm_1shot,state/train1_midterm_lp_1p5m_13_04_2026_18_19_00/checkpoint/state_dict_28000.ckpt,1.0,3.0,12.0,False,0.5775777777777777,,0.5760558703475858,0.7713544122916667,2026-04-14 07:09:27+00:00,1.0,[],384.0,emb_only,True,/scratch1/eibl/data/ukr_rus_twitter/graphs/retweet_graph_1p5m_hf03_political_labels.pt,1.0,ukr_rus_twitter,train1_midterm_lp_1p5m_13_04_2026_18_19_00,4/14,1,"[('midterm', 'lp', 1)]",['7bjy1aj6'],midterm+lp(1),ukr_rus_twitter,nm,ukr_rus_twitter+nm(1),7bjy1aj6|ukr_rus_twitter+nm(1),midterm+lp(1)|ukr_rus_twitter+nm(1),0.7713544122916667,0.5760558703475858,0.771354412
qipsdjyc,eval_midterm_lp_to_ukr_rus_twitter_pl_0shot_14_04_2026_00_08_08,finished,ukr_rus_twitter,pl,eval_midterm_lp_to_ukr_rus_twitter_pl_0shot,state/train1_midterm_lp_1p5m_13_04_2026_18_19_00/checkpoint/state_dict_28000.ckpt,0.0,2.0,12.0,True,0.4783166666666666,,0.4764055469128988,0.4405400995833333,2026-04-14 07:08:12+00:00,1.0,[],384.0,emb_only,True,/scratch1/eibl/data/ukr_rus_twitter/graphs/retweet_graph_1p5m_hf03_political_labels.pt,0.0,ukr_rus_twitter,train1_midterm_lp_1p5m_13_04_2026_18_19_00,4/14,0,"[('midterm', 'lp', 1)]",['7bjy1aj6'],midterm+lp(1),ukr_rus_twitter,pl,ukr_rus_twitter+pl(0),7bjy1aj6|ukr_rus_twitter+pl(0),midterm+lp(1)|ukr_rus_twitter+pl(0),0.4405400995833333,0.4764055469128988,0.4405401
jmxc5tb9,eval_midterm_lp_to_ukr_rus_twitter_lp_0shot_14_04_2026_00_06_57,finished,ukr_rus_twitter,lp,eval_midterm_lp_to_ukr_rus_twitter_lp_0shot,state/train1_midterm_lp_1p5m_13_04_2026_18_19_00/checkpoint/state_dict_28000.ckpt,0.0,1.0,12.0,True,0.512825,,0.3408908982265465,0.5134657277777778,2026-04-14 07:07:03+00:00,1.0,[],384.0,emb_only,True,/scratch1/eibl/data/ukr_rus_twitter/graphs/retweet_graph_1p5m_hf03_political_labels.pt,0.0,ukr_rus_twitter,train1_midterm_lp_1p5m_13_04_2026_18_19_00,4/14,0,"[('midterm', 'lp', 1)]",['7bjy1aj6'],midterm+lp(1),ukr_rus_twitter,lp,ukr_rus_twitter+lp(0),7bjy1aj6|ukr_rus_twitter+lp(0),midterm+lp(1)|ukr_rus_twitter+lp(0),0.5134657277777778,0.3408908982265465,0.513465728
xt3ha322,eval_midterm_lp_to_ukr_rus_twitter_nm_0shot_14_04_2026_00_04_09,finished,ukr_rus_twitter,nm,eval_midterm_lp_to_ukr_rus_twitter_nm_0shot,state/train1_midterm_lp_1p5m_13_04_2026_18_19_00/checkpoint/state_dict_28000.ckpt,0.0,3.0,12.0,True,0.3313333333333333,,0.2956002142464573,0.4983605282407407,2026-04-14 07:04:14+00:00,1.0,[],384.0,emb_only,True,/scratch1/eibl/data/ukr_rus_twitter/graphs/retweet_graph_1p5m_hf03_political_labels.pt,0.0,ukr_rus_twitter,train1_midterm_lp_1p5m_13_04_2026_18_19_00,4/14,0,"[('midterm', 'lp', 1)]",['7bjy1aj6'],midterm+lp(1),ukr_rus_twitter,nm,ukr_rus_twitter+nm(0),7bjy1aj6|ukr_rus_twitter+nm(0),midterm+lp(1)|ukr_rus_twitter+nm(0),0.4983605282407407,0.2956002142464573,0.498360528
gi6cpw6h,eval_midterm_nm_to_ukr_rus_twitter_pl_10shot_14_04_2026_00_02_08,finished,ukr_rus_twitter,pl,eval_midterm_nm_to_ukr_rus_twitter_pl_10shot,state/train1_midterm_nm_1p5m_13_04_2026_18_03_58/checkpoint/state_dict_40000.ckpt,10.0,2.0,12.0,False,0.6462083333333334,,0.6464175362910278,0.6984336834722222,2026-04-14 07:02:12+00:00,1.0,[],384.0,emb_only,True,/scratch1/eibl/data/ukr_rus_twitter/graphs/retweet_graph_1p5m_hf03_political_labels.pt,10.0,ukr_rus_twitter,train1_midterm_nm_1p5m_13_04_2026_18_03_58,4/14,10,"[('midterm', 'nm', 1)]",['z1ukveeg'],midterm+nm(1),ukr_rus_twitter,pl,ukr_rus_twitter+pl(10),z1ukveeg|ukr_rus_twitter+pl(10),midterm+nm(1)|ukr_rus_twitter+pl(10),0.6984336834722222,0.6464175362910278,0.698433683
pyo5d2rf,eval_midterm_nm_to_ukr_rus_twitter_lp_10shot_14_04_2026_00_00_12,finished,ukr_rus_twitter,lp,eval_midterm_nm_to_ukr_rus_twitter_lp_10shot,state/train1_midterm_nm_1p5m_13_04_2026_18_03_58/checkpoint/state_dict_40000.ckpt,10.0,1.0,12.0,False,0.5223666666666666,,0.6750830489450232,0.6945035366666666,2026-04-14 07:00:18+00:00,1.0,[],384.0,emb_only,True,/scratch1/eibl/data/ukr_rus_twitter/graphs/retweet_graph_1p5m_hf03_political_labels.pt,10.0,ukr_rus_twitter,train1_midterm_nm_1p5m_13_04_2026_18_03_58,4/14,10,"[('midterm', 'nm', 1)]",['z1ukveeg'],midterm+nm(1),ukr_rus_twitter,lp,ukr_rus_twitter+lp(10),z1ukveeg|ukr_rus_twitter+lp(10),midterm+nm(1)|ukr_rus_twitter+lp(10),0.6945035366666666,0.6750830489450232,0.694503537
k6ry9j05,eval_midterm_nm_to_ukr_rus_twitter_nm_10shot_13_04_2026_23_55_29,finished,ukr_rus_twitter,nm,eval_midterm_nm_to_ukr_rus_twitter_nm_10shot,state/train1_midterm_nm_1p5m_13_04_2026_18_03_58/checkpoint/state_dict_40000.ckpt,10.0,3.0,12.0,False,0.89405,,0.8940483700737422,0.9794402097685184,2026-04-14 06:55:34+00:00,1.0,[],384.0,emb_only,True,/scratch1/eibl/data/ukr_rus_twitter/graphs/retweet_graph_1p5m_hf03_political_labels.pt,10.0,ukr_rus_twitter,train1_midterm_nm_1p5m_13_04_2026_18_03_58,4/14,10,"[('midterm', 'nm', 1)]",['z1ukveeg'],midterm+nm(1),ukr_rus_twitter,nm,ukr_rus_twitter+nm(10),z1ukveeg|ukr_rus_twitter+nm(10),midterm+nm(1)|ukr_rus_twitter+nm(10),0.9794402097685184,0.8940483700737422,0.97944021
c25tgenl,eval_midterm_nm_to_ukr_rus_twitter_pl_3shot_13_04_2026_23_54_00,finished,ukr_rus_twitter,pl,eval_midterm_nm_to_ukr_rus_twitter_pl_3shot,state/train1_midterm_nm_1p5m_13_04_2026_18_03_58/checkpoint/state_dict_40000.ckpt,3.0,2.0,12.0,False,0.5887,,0.5884599349620612,0.6207104194444444,2026-04-14 06:54:04+00:00,1.0,[],384.0,emb_only,True,/scratch1/eibl/data/ukr_rus_twitter/graphs/retweet_graph_1p5m_hf03_political_labels.pt,3.0,ukr_rus_twitter,train1_midterm_nm_1p5m_13_04_2026_18_03_58,4/14,3,"[('midterm', 'nm', 1)]",['z1ukveeg'],midterm+nm(1),ukr_rus_twitter,pl,ukr_rus_twitter+pl(3),z1ukveeg|ukr_rus_twitter+pl(3),midterm+nm(1)|ukr_rus_twitter+pl(3),0.6207104194444444,0.5884599349620612,0.620710419
7pp40i6i,eval_midterm_nm_to_ukr_rus_twitter_lp_3shot_13_04_2026_23_52_36,finished,ukr_rus_twitter,lp,eval_midterm_nm_to_ukr_rus_twitter_lp_3shot,state/train1_midterm_nm_1p5m_13_04_2026_18_03_58/checkpoint/state_dict_40000.ckpt,3.0,1.0,12.0,False,0.5372,,0.678279709422901,0.6983721475,2026-04-14 06:52:42+00:00,1.0,[],384.0,emb_only,True,/scratch1/eibl/data/ukr_rus_twitter/graphs/retweet_graph_1p5m_hf03_political_labels.pt,3.0,ukr_rus_twitter,train1_midterm_nm_1p5m_13_04_2026_18_03_58,4/14,3,"[('midterm', 'nm', 1)]",['z1ukveeg'],midterm+nm(1),ukr_rus_twitter,lp,ukr_rus_twitter+lp(3),z1ukveeg|ukr_rus_twitter+lp(3),midterm+nm(1)|ukr_rus_twitter+lp(3),0.6983721475,0.678279709422901,0.698372148
d8jqr3p0,eval_midterm_nm_to_ukr_rus_twitter_nm_3shot_13_04_2026_23_49_19,finished,ukr_rus_twitter,nm,eval_midterm_nm_to_ukr_rus_twitter_nm_3shot,state/train1_midterm_nm_1p5m_13_04_2026_18_03_58/checkpoint/state_dict_40000.ckpt,3.0,3.0,12.0,False,0.8759166666666667,,0.8759149652949749,0.9720437437037036,2026-04-14 06:49:23+00:00,1.0,[],384.0,emb_only,True,/scratch1/eibl/data/ukr_rus_twitter/graphs/retweet_graph_1p5m_hf03_political_labels.pt,3.0,ukr_rus_twitter,train1_midterm_nm_1p5m_13_04_2026_18_03_58,4/14,3,"[('midterm', 'nm', 1)]",['z1ukveeg'],midterm+nm(1),ukr_rus_twitter,nm,ukr_rus_twitter+nm(3),z1ukveeg|ukr_rus_twitter+nm(3),midterm+nm(1)|ukr_rus_twitter+nm(3),0.9720437437037036,0.8759149652949749,0.972043744
0ofphj5i,eval_midterm_nm_to_ukr_rus_twitter_pl_1shot_13_04_2026_23_47_58,finished,ukr_rus_twitter,pl,eval_midterm_nm_to_ukr_rus_twitter_pl_1shot,state/train1_midterm_nm_1p5m_13_04_2026_18_03_58/checkpoint/state_dict_40000.ckpt,1.0,2.0,12.0,False,0.5529,,0.5532425140725444,0.5657314576388889,2026-04-14 06:48:03+00:00,1.0,[],384.0,emb_only,True,/scratch1/eibl/data/ukr_rus_twitter/graphs/retweet_graph_1p5m_hf03_political_labels.pt,1.0,ukr_rus_twitter,train1_midterm_nm_1p5m_13_04_2026_18_03_58,4/14,1,"[('midterm', 'nm', 1)]",['z1ukveeg'],midterm+nm(1),ukr_rus_twitter,pl,ukr_rus_twitter+pl(1),z1ukveeg|ukr_rus_twitter+pl(1),midterm+nm(1)|ukr_rus_twitter+pl(1),0.5657314576388889,0.5532425140725444,0.565731458
g6o0x7et,eval_midterm_nm_to_ukr_rus_twitter_lp_1shot_13_04_2026_23_46_40,finished,ukr_rus_twitter,lp,eval_midterm_nm_to_ukr_rus_twitter_lp_1shot,state/train1_midterm_nm_1p5m_13_04_2026_18_03_58/checkpoint/state_dict_40000.ckpt,1.0,1.0,12.0,False,0.5450333333333334,,0.672556287259947,0.6810279808333333,2026-04-14 06:46:45+00:00,1.0,[],384.0,emb_only,True,/scratch1/eibl/data/ukr_rus_twitter/graphs/retweet_graph_1p5m_hf03_political_labels.pt,1.0,ukr_rus_twitter,train1_midterm_nm_1p5m_13_04_2026_18_03_58,4/14,1,"[('midterm', 'nm', 1)]",['z1ukveeg'],midterm+nm(1),ukr_rus_twitter,lp,ukr_rus_twitter+lp(1),z1ukveeg|ukr_rus_twitter+lp(1),midterm+nm(1)|ukr_rus_twitter+lp(1),0.6810279808333333,0.672556287259947,0.681027981
fhjfc5v8,eval_midterm_nm_to_ukr_rus_twitter_nm_1shot_13_04_2026_23_43_40,finished,ukr_rus_twitter,nm,eval_midterm_nm_to_ukr_rus_twitter_nm_1shot,state/train1_midterm_nm_1p5m_13_04_2026_18_03_58/checkpoint/state_dict_40000.ckpt,1.0,3.0,12.0,False,0.8277333333333333,,0.8277351085464092,0.9493924710416668,2026-04-14 06:43:45+00:00,1.0,[],384.0,emb_only,True,/scratch1/eibl/data/ukr_rus_twitter/graphs/retweet_graph_1p5m_hf03_political_labels.pt,1.0,ukr_rus_twitter,train1_midterm_nm_1p5m_13_04_2026_18_03_58,4/14,1,"[('midterm', 'nm', 1)]",['z1ukveeg'],midterm+nm(1),ukr_rus_twitter,nm,ukr_rus_twitter+nm(1),z1ukveeg|ukr_rus_twitter+nm(1),midterm+nm(1)|ukr_rus_twitter+nm(1),0.9493924710416668,0.8277351085464092,0.949392471
sl37t9uo,eval_midterm_nm_to_ukr_rus_twitter_pl_0shot_13_04_2026_23_42_25,finished,ukr_rus_twitter,pl,eval_midterm_nm_to_ukr_rus_twitter_pl_0shot,state/train1_midterm_nm_1p5m_13_04_2026_18_03_58/checkpoint/state_dict_40000.ckpt,0.0,2.0,12.0,True,0.6549416666666666,,0.6545011556401078,0.6618441605555555,2026-04-14 06:42:30+00:00,1.0,[],384.0,emb_only,True,/scratch1/eibl/data/ukr_rus_twitter/graphs/retweet_graph_1p5m_hf03_political_labels.pt,0.0,ukr_rus_twitter,train1_midterm_nm_1p5m_13_04_2026_18_03_58,4/14,0,"[('midterm', 'nm', 1)]",['z1ukveeg'],midterm+nm(1),ukr_rus_twitter,pl,ukr_rus_twitter+pl(0),z1ukveeg|ukr_rus_twitter+pl(0),midterm+nm(1)|ukr_rus_twitter+pl(0),0.6618441605555555,0.6545011556401078,0.661844161
ibdjayi6,eval_midterm_nm_to_ukr_rus_twitter_lp_0shot_13_04_2026_23_41_14,finished,ukr_rus_twitter,lp,eval_midterm_nm_to_ukr_rus_twitter_lp_0shot,state/train1_midterm_nm_1p5m_13_04_2026_18_03_58/checkpoint/state_dict_40000.ckpt,0.0,1.0,12.0,True,0.476525,,0.3995296951621691,0.4603333718055555,2026-04-14 06:41:19+00:00,1.0,[],384.0,emb_only,True,/scratch1/eibl/data/ukr_rus_twitter/graphs/retweet_graph_1p5m_hf03_political_labels.pt,0.0,ukr_rus_twitter,train1_midterm_nm_1p5m_13_04_2026_18_03_58,4/14,0,"[('midterm', 'nm', 1)]",['z1ukveeg'],midterm+nm(1),ukr_rus_twitter,lp,ukr_rus_twitter+lp(0),z1ukveeg|ukr_rus_twitter+lp(0),midterm+nm(1)|ukr_rus_twitter+lp(0),0.4603333718055555,0.3995296951621691,0.460333372
qnk412q0,eval_midterm_nm_to_ukr_rus_twitter_nm_0shot_13_04_2026_23_38_08,finished,ukr_rus_twitter,nm,eval_midterm_nm_to_ukr_rus_twitter_nm_0shot,state/train1_midterm_nm_1p5m_13_04_2026_18_03_58/checkpoint/state_dict_40000.ckpt,0.0,3.0,12.0,True,0.3333555555555555,,0.3162804231395988,0.4985388502546296,2026-04-14 06:38:17+00:00,1.0,[],384.0,emb_only,True,/scratch1/eibl/data/ukr_rus_twitter/graphs/retweet_graph_1p5m_hf03_political_labels.pt,0.0,ukr_rus_twitter,train1_midterm_nm_1p5m_13_04_2026_18_03_58,4/14,0,"[('midterm', 'nm', 1)]",['z1ukveeg'],midterm+nm(1),ukr_rus_twitter,nm,ukr_rus_twitter+nm(0),z1ukveeg|ukr_rus_twitter+nm(0),midterm+nm(1)|ukr_rus_twitter+nm(0),0.4985388502546296,0.3162804231395988,0.49853885
yvq4t7op,eval_covid19_twitter_pl_to_ukr_rus_twitter_pl_10shot_13_04_2026_23_02_20,finished,ukr_rus_twitter,pl,eval_covid19_twitter_pl_to_ukr_rus_twitter_pl_10shot,state/train1_covid19_twitter_pl_1p5m_13_04_2026_11_43_04/checkpoint/state_dict_22000.ckpt,10.0,2.0,12.0,False,0.5440666666666667,,0.5449994178600536,0.5771933211111111,2026-04-14 06:02:25+00:00,1.0,[],384.0,emb_only,True,/scratch1/eibl/data/ukr_rus_twitter/graphs/retweet_graph_1p5m_hf03_political_labels.pt,10.0,ukr_rus_twitter,train1_covid19_twitter_pl_1p5m_13_04_2026_11_43_04,4/14,10,"[('covid19_twitter', 'pl', 4)]",['1tykfbva'],covid19_twitter+pl(4),ukr_rus_twitter,pl,ukr_rus_twitter+pl(10),1tykfbva|ukr_rus_twitter+pl(10),covid19_twitter+pl(4)|ukr_rus_twitter+pl(10),0.5771933211111111,0.5449994178600536,0.577193321
e73gvn4a,eval_covid19_twitter_pl_to_ukr_rus_twitter_lp_10shot_13_04_2026_23_00_19,finished,ukr_rus_twitter,lp,eval_covid19_twitter_pl_to_ukr_rus_twitter_lp_10shot,state/train1_covid19_twitter_pl_1p5m_13_04_2026_11_43_04/checkpoint/state_dict_22000.ckpt,10.0,1.0,12.0,False,0.49705,,0.48837800722242,0.5071972338888889,2026-04-14 06:00:24+00:00,1.0,[],384.0,emb_only,True,/scratch1/eibl/data/ukr_rus_twitter/graphs/retweet_graph_1p5m_hf03_political_labels.pt,10.0,ukr_rus_twitter,train1_covid19_twitter_pl_1p5m_13_04_2026_11_43_04,4/14,10,"[('covid19_twitter', 'pl', 4)]",['1tykfbva'],covid19_twitter+pl(4),ukr_rus_twitter,lp,ukr_rus_twitter+lp(10),1tykfbva|ukr_rus_twitter+lp(10),covid19_twitter+pl(4)|ukr_rus_twitter+lp(10),0.5071972338888889,0.48837800722242,0.507197234
qqqpx5e2,eval_covid19_twitter_pl_to_ukr_rus_twitter_nm_10shot_13_04_2026_22_55_22,finished,ukr_rus_twitter,nm,eval_covid19_twitter_pl_to_ukr_rus_twitter_nm_10shot,state/train1_covid19_twitter_pl_1p5m_13_04_2026_11_43_04/checkpoint/state_dict_22000.ckpt,10.0,3.0,12.0,False,0.3460333333333333,,0.2917054092788889,0.5266261959953704,2026-04-14 05:55:27+00:00,1.0,[],384.0,emb_only,True,/scratch1/eibl/data/ukr_rus_twitter/graphs/retweet_graph_1p5m_hf03_political_labels.pt,10.0,ukr_rus_twitter,train1_covid19_twitter_pl_1p5m_13_04_2026_11_43_04,4/14,10,"[('covid19_twitter', 'pl', 4)]",['1tykfbva'],covid19_twitter+pl(4),ukr_rus_twitter,nm,ukr_rus_twitter+nm(10),1tykfbva|ukr_rus_twitter+nm(10),covid19_twitter+pl(4)|ukr_rus_twitter+nm(10),0.5266261959953704,0.2917054092788889,0.526626196
kg3wcvgn,eval_covid19_twitter_pl_to_ukr_rus_twitter_pl_3shot_13_04_2026_22_53_44,finished,ukr_rus_twitter,pl,eval_covid19_twitter_pl_to_ukr_rus_twitter_pl_3shot,state/train1_covid19_twitter_pl_1p5m_13_04_2026_11_43_04/checkpoint/state_dict_22000.ckpt,3.0,2.0,12.0,False,0.5270166666666667,,0.5262428633434609,0.5538927804166667,2026-04-14 05:53:49+00:00,1.0,[],384.0,emb_only,True,/scratch1/eibl/data/ukr_rus_twitter/graphs/retweet_graph_1p5m_hf03_political_labels.pt,3.0,ukr_rus_twitter,train1_covid19_twitter_pl_1p5m_13_04_2026_11_43_04,4/14,3,"[('covid19_twitter', 'pl', 4)]",['1tykfbva'],covid19_twitter+pl(4),ukr_rus_twitter,pl,ukr_rus_twitter+pl(3),1tykfbva|ukr_rus_twitter+pl(3),covid19_twitter+pl(4)|ukr_rus_twitter+pl(3),0.5538927804166667,0.5262428633434609,0.55389278
7liqpta8,eval_covid19_twitter_pl_to_ukr_rus_twitter_lp_3shot_13_04_2026_22_52_15,finished,ukr_rus_twitter,lp,eval_covid19_twitter_pl_to_ukr_rus_twitter_lp_3shot,state/train1_covid19_twitter_pl_1p5m_13_04_2026_11_43_04/checkpoint/state_dict_22000.ckpt,3.0,1.0,12.0,False,0.4981333333333333,,0.5326110576475336,0.5050697051388889,2026-04-14 05:52:21+00:00,1.0,[],384.0,emb_only,True,/scratch1/eibl/data/ukr_rus_twitter/graphs/retweet_graph_1p5m_hf03_political_labels.pt,3.0,ukr_rus_twitter,train1_covid19_twitter_pl_1p5m_13_04_2026_11_43_04,4/14,3,"[('covid19_twitter', 'pl', 4)]",['1tykfbva'],covid19_twitter+pl(4),ukr_rus_twitter,lp,ukr_rus_twitter+lp(3),1tykfbva|ukr_rus_twitter+lp(3),covid19_twitter+pl(4)|ukr_rus_twitter+lp(3),0.5050697051388889,0.5326110576475336,0.505069705
82ylnta1,eval_covid19_twitter_pl_to_ukr_rus_twitter_nm_3shot_13_04_2026_22_48_45,finished,ukr_rus_twitter,nm,eval_covid19_twitter_pl_to_ukr_rus_twitter_nm_3shot,state/train1_covid19_twitter_pl_1p5m_13_04_2026_11_43_04/checkpoint/state_dict_22000.ckpt,3.0,3.0,12.0,False,0.3374222222222222,,0.2768826916160175,0.5104424431944444,2026-04-14 05:48:50+00:00,1.0,[],384.0,emb_only,True,/scratch1/eibl/data/ukr_rus_twitter/graphs/retweet_graph_1p5m_hf03_political_labels.pt,3.0,ukr_rus_twitter,train1_covid19_twitter_pl_1p5m_13_04_2026_11_43_04,4/14,3,"[('covid19_twitter', 'pl', 4)]",['1tykfbva'],covid19_twitter+pl(4),ukr_rus_twitter,nm,ukr_rus_twitter+nm(3),1tykfbva|ukr_rus_twitter+nm(3),covid19_twitter+pl(4)|ukr_rus_twitter+nm(3),0.5104424431944444,0.2768826916160175,0.510442443
qufbyu1g,eval_covid19_twitter_pl_to_ukr_rus_twitter_pl_1shot_13_04_2026_22_47_19,finished,ukr_rus_twitter,pl,eval_covid19_twitter_pl_to_ukr_rus_twitter_pl_1shot,state/train1_covid19_twitter_pl_1p5m_13_04_2026_11_43_04/checkpoint/state_dict_22000.ckpt,1.0,2.0,12.0,False,0.5266416666666667,,0.5278024855563407,0.5567798622222222,2026-04-14 05:47:24+00:00,1.0,[],384.0,emb_only,True,/scratch1/eibl/data/ukr_rus_twitter/graphs/retweet_graph_1p5m_hf03_political_labels.pt,1.0,ukr_rus_twitter,train1_covid19_twitter_pl_1p5m_13_04_2026_11_43_04,4/14,1,"[('covid19_twitter', 'pl', 4)]",['1tykfbva'],covid19_twitter+pl(4),ukr_rus_twitter,pl,ukr_rus_twitter+pl(1),1tykfbva|ukr_rus_twitter+pl(1),covid19_twitter+pl(4)|ukr_rus_twitter+pl(1),0.5567798622222222,0.5278024855563407,0.556779862
wg60wybr,eval_covid19_twitter_pl_to_ukr_rus_twitter_lp_1shot_13_04_2026_22_46_02,finished,ukr_rus_twitter,lp,eval_covid19_twitter_pl_to_ukr_rus_twitter_lp_1shot,state/train1_covid19_twitter_pl_1p5m_13_04_2026_11_43_04/checkpoint/state_dict_22000.ckpt,1.0,1.0,12.0,False,0.5015916666666667,,0.6618687139941543,0.510866288611111,2026-04-14 05:46:08+00:00,1.0,[],384.0,emb_only,True,/scratch1/eibl/data/ukr_rus_twitter/graphs/retweet_graph_1p5m_hf03_political_labels.pt,1.0,ukr_rus_twitter,train1_covid19_twitter_pl_1p5m_13_04_2026_11_43_04,4/14,1,"[('covid19_twitter', 'pl', 4)]",['1tykfbva'],covid19_twitter+pl(4),ukr_rus_twitter,lp,ukr_rus_twitter+lp(1),1tykfbva|ukr_rus_twitter+lp(1),covid19_twitter+pl(4)|ukr_rus_twitter+lp(1),0.510866288611111,0.6618687139941543,0.510866289
rteiifqi,eval_covid19_twitter_pl_to_ukr_rus_twitter_nm_1shot_13_04_2026_22_42_57,finished,ukr_rus_twitter,nm,eval_covid19_twitter_pl_to_ukr_rus_twitter_nm_1shot,state/train1_covid19_twitter_pl_1p5m_13_04_2026_11_43_04/checkpoint/state_dict_22000.ckpt,1.0,3.0,12.0,False,0.3331611111111111,,0.2390988516347569,0.5033737771064816,2026-04-14 05:43:02+00:00,1.0,[],384.0,emb_only,True,/scratch1/eibl/data/ukr_rus_twitter/graphs/retweet_graph_1p5m_hf03_political_labels.pt,1.0,ukr_rus_twitter,train1_covid19_twitter_pl_1p5m_13_04_2026_11_43_04,4/14,1,"[('covid19_twitter', 'pl', 4)]",['1tykfbva'],covid19_twitter+pl(4),ukr_rus_twitter,nm,ukr_rus_twitter+nm(1),1tykfbva|ukr_rus_twitter+nm(1),covid19_twitter+pl(4)|ukr_rus_twitter+nm(1),0.5033737771064816,0.2390988516347569,0.503373777
ivxfmqro,eval_covid19_twitter_pl_to_ukr_rus_twitter_pl_0shot_13_04_2026_22_41_37,finished,ukr_rus_twitter,pl,eval_covid19_twitter_pl_to_ukr_rus_twitter_pl_0shot,state/train1_covid19_twitter_pl_1p5m_13_04_2026_11_43_04/checkpoint/state_dict_22000.ckpt,0.0,2.0,12.0,True,0.5959666666666666,,0.5952178196329877,0.6165113158333333,2026-04-14 05:41:42+00:00,1.0,[],384.0,emb_only,True,/scratch1/eibl/data/ukr_rus_twitter/graphs/retweet_graph_1p5m_hf03_political_labels.pt,0.0,ukr_rus_twitter,train1_covid19_twitter_pl_1p5m_13_04_2026_11_43_04,4/14,0,"[('covid19_twitter', 'pl', 4)]",['1tykfbva'],covid19_twitter+pl(4),ukr_rus_twitter,pl,ukr_rus_twitter+pl(0),1tykfbva|ukr_rus_twitter+pl(0),covid19_twitter+pl(4)|ukr_rus_twitter+pl(0),0.6165113158333333,0.5952178196329877,0.616511316
e2y9rh89,eval_covid19_twitter_pl_to_ukr_rus_twitter_lp_0shot_13_04_2026_22_40_24,finished,ukr_rus_twitter,lp,eval_covid19_twitter_pl_to_ukr_rus_twitter_lp_0shot,state/train1_covid19_twitter_pl_1p5m_13_04_2026_11_43_04/checkpoint/state_dict_22000.ckpt,0.0,1.0,12.0,True,0.4991916666666666,,0.5449437776852307,0.5005352706944444,2026-04-14 05:40:30+00:00,1.0,[],384.0,emb_only,True,/scratch1/eibl/data/ukr_rus_twitter/graphs/retweet_graph_1p5m_hf03_political_labels.pt,0.0,ukr_rus_twitter,train1_covid19_twitter_pl_1p5m_13_04_2026_11_43_04,4/14,0,"[('covid19_twitter', 'pl', 4)]",['1tykfbva'],covid19_twitter+pl(4),ukr_rus_twitter,lp,ukr_rus_twitter+lp(0),1tykfbva|ukr_rus_twitter+lp(0),covid19_twitter+pl(4)|ukr_rus_twitter+lp(0),0.5005352706944444,0.5449437776852307,0.500535271
bq0allf1,eval_covid19_twitter_pl_to_ukr_rus_twitter_nm_0shot_13_04_2026_22_37_29,finished,ukr_rus_twitter,nm,eval_covid19_twitter_pl_to_ukr_rus_twitter_nm_0shot,state/train1_covid19_twitter_pl_1p5m_13_04_2026_11_43_04/checkpoint/state_dict_22000.ckpt,0.0,3.0,12.0,True,0.3304555555555555,,0.3242981452830998,0.4951200449999999,2026-04-14 05:37:33+00:00,1.0,[],384.0,emb_only,True,/scratch1/eibl/data/ukr_rus_twitter/graphs/retweet_graph_1p5m_hf03_political_labels.pt,0.0,ukr_rus_twitter,train1_covid19_twitter_pl_1p5m_13_04_2026_11_43_04,4/14,0,"[('covid19_twitter', 'pl', 4)]",['1tykfbva'],covid19_twitter+pl(4),ukr_rus_twitter,nm,ukr_rus_twitter+nm(0),1tykfbva|ukr_rus_twitter+nm(0),covid19_twitter+pl(4)|ukr_rus_twitter+nm(0),0.4951200449999999,0.3242981452830998,0.495120045
ilno6l5d,eval_covid19_twitter_lp_to_ukr_rus_twitter_pl_10shot_13_04_2026_22_35_15,finished,ukr_rus_twitter,pl,eval_covid19_twitter_lp_to_ukr_rus_twitter_pl_10shot,state/train1_covid19_twitter_lp_1p5m_13_04_2026_15_42_52/checkpoint/state_dict_28000.ckpt,10.0,2.0,12.0,False,0.5201666666666667,,0.5193495609202311,0.5269886033333333,2026-04-14 05:35:20+00:00,1.0,[],384.0,emb_only,True,/scratch1/eibl/data/ukr_rus_twitter/graphs/retweet_graph_1p5m_hf03_political_labels.pt,10.0,ukr_rus_twitter,train1_covid19_twitter_lp_1p5m_13_04_2026_15_42_52,4/14,10,"[('covid19_twitter', 'lp', 1)]",['2l1wyfau'],covid19_twitter+lp(1),ukr_rus_twitter,pl,ukr_rus_twitter+pl(10),2l1wyfau|ukr_rus_twitter+pl(10),covid19_twitter+lp(1)|ukr_rus_twitter+pl(10),0.5269886033333333,0.5193495609202311,0.526988603
xres561j,eval_midterm_pl_to_midterm_pl_10shot_13_04_2026_22_34_11,finished,midterm,pl,eval_midterm_pl_to_midterm_pl_10shot,state/train1_midterm_pl_1p5m_13_04_2026_17_14_38/checkpoint/state_dict_22000.ckpt,10.0,2.0,12.0,False,0.9487833333333332,,0.9487952811010764,0.9880692583333331,2026-04-14 05:34:14+00:00,1.0,[],384.0,emb_only,True,/scratch1/eibl/data/midterm/graphs/retweet_graph_1p5m.pt,10.0,midterm,train1_midterm_pl_1p5m_13_04_2026_17_14_38,4/14,10,"[('midterm', 'pl', 4)]",['cao4vh4l'],midterm+pl(4),midterm,pl,midterm+pl(10),cao4vh4l|midterm+pl(10),midterm+pl(4)|midterm+pl(10),0.9880692583333331,0.9487952811010764,0.988069258
0ofhlq80,eval_covid19_twitter_lp_to_ukr_rus_twitter_lp_10shot_13_04_2026_22_33_15,finished,ukr_rus_twitter,lp,eval_covid19_twitter_lp_to_ukr_rus_twitter_lp_10shot,state/train1_covid19_twitter_lp_1p5m_13_04_2026_15_42_52/checkpoint/state_dict_28000.ckpt,10.0,1.0,12.0,False,0.6035166666666667,,0.3561840324763193,0.8442353031944445,2026-04-14 05:33:21+00:00,1.0,[],384.0,emb_only,True,/scratch1/eibl/data/ukr_rus_twitter/graphs/retweet_graph_1p5m_hf03_political_labels.pt,10.0,ukr_rus_twitter,train1_covid19_twitter_lp_1p5m_13_04_2026_15_42_52,4/14,10,"[('covid19_twitter', 'lp', 1)]",['2l1wyfau'],covid19_twitter+lp(1),ukr_rus_twitter,lp,ukr_rus_twitter+lp(10),2l1wyfau|ukr_rus_twitter+lp(10),covid19_twitter+lp(1)|ukr_rus_twitter+lp(10),0.8442353031944445,0.3561840324763193,0.844235303
vlcjp637,eval_midterm_pl_to_midterm_lp_10shot_13_04_2026_22_32_34,finished,midterm,lp,eval_midterm_pl_to_midterm_lp_10shot,state/train1_midterm_pl_1p5m_13_04_2026_17_14_38/checkpoint/state_dict_22000.ckpt,10.0,1.0,12.0,False,0.4690583333333333,,0.4669037359327281,0.52154290625,2026-04-14 05:32:36+00:00,1.0,[],384.0,emb_only,True,/scratch1/eibl/data/midterm/graphs/retweet_graph_1p5m.pt,10.0,midterm,train1_midterm_pl_1p5m_13_04_2026_17_14_38,4/14,10,"[('midterm', 'pl', 4)]",['cao4vh4l'],midterm+pl(4),midterm,lp,midterm+lp(10),cao4vh4l|midterm+lp(10),midterm+pl(4)|midterm+lp(10),0.52154290625,0.4669037359327281,0.521542906
6buaaxi4,eval_covid19_twitter_pl_to_midterm_pl_10shot_13_04_2026_22_31_26,finished,midterm,pl,eval_covid19_twitter_pl_to_midterm_pl_10shot,state/train1_covid19_twitter_pl_1p5m_13_04_2026_11_43_04/checkpoint/state_dict_22000.ckpt,10.0,2.0,12.0,False,0.5250666666666667,,0.5237808750292456,0.5402528183333334,2026-04-14 05:31:28+00:00,1.0,[],384.0,emb_only,True,/scratch1/eibl/data/midterm/graphs/retweet_graph_1p5m.pt,10.0,midterm,train1_covid19_twitter_pl_1p5m_13_04_2026_11_43_04,4/14,10,"[('covid19_twitter', 'pl', 4)]",['1tykfbva'],covid19_twitter+pl(4),midterm,pl,midterm+pl(10),1tykfbva|midterm+pl(10),covid19_twitter+pl(4)|midterm+pl(10),0.5402528183333334,0.5237808750292456,0.540252818
vq73xg7c,eval_ukr_rus_twitter_pl_to_midterm_pl_10shot_13_04_2026_22_31_23,finished,midterm,pl,eval_ukr_rus_twitter_pl_to_midterm_pl_10shot,state/train1_ukr_rus_twitter_pl_1p5m_13_04_2026_11_30_52/checkpoint/state_dict_22000.ckpt,10.0,2.0,12.0,False,0.573275,,0.5730579711353271,0.5991992829166667,2026-04-14 05:31:25+00:00,1.0,[],384.0,emb_only,True,/scratch1/eibl/data/midterm/graphs/retweet_graph_1p5m.pt,10.0,midterm,train1_ukr_rus_twitter_pl_1p5m_13_04_2026_11_30_52,4/14,10,"[('ukr_rus_twitter', 'pl', 4)]",['uk4yl0g5'],ukr_rus_twitter+pl(4),midterm,pl,midterm+pl(10),uk4yl0g5|midterm+pl(10),ukr_rus_twitter+pl(4)|midterm+pl(10),0.5991992829166667,0.5730579711353271,0.599199283
xhb4zns9,eval_midterm_pl_to_covid19_twitter_pl_10shot_13_04_2026_22_30_23,finished,covid19_twitter,pl,eval_midterm_pl_to_covid19_twitter_pl_10shot,state/train1_midterm_pl_1p5m_13_04_2026_17_14_38/checkpoint/state_dict_22000.ckpt,10.0,2.0,12.0,False,0.5232,,0.5230728194185116,0.5294988698611112,2026-04-14 05:30:28+00:00,1.0,[],384.0,emb_only,True,/scratch1/eibl/data/covid19_twitter/graphs/retweet_graph_1p5m_hf03_labeled.pt,10.0,covid19_twitter,train1_midterm_pl_1p5m_13_04_2026_17_14_38,4/14,10,"[('midterm', 'pl', 4)]",['cao4vh4l'],midterm+pl(4),covid19_twitter,pl,covid19_twitter+pl(10),cao4vh4l|covid19_twitter+pl(10),midterm+pl(4)|covid19_twitter+pl(10),0.5294988698611112,0.5230728194185116,0.52949887
dqnic6lx,eval_covid19_twitter_pl_to_midterm_lp_10shot_13_04_2026_22_29_40,finished,midterm,lp,eval_covid19_twitter_pl_to_midterm_lp_10shot,state/train1_covid19_twitter_pl_1p5m_13_04_2026_11_43_04/checkpoint/state_dict_22000.ckpt,10.0,1.0,12.0,False,0.4850416666666666,,0.4775311773409427,0.4906260695833334,2026-04-14 05:29:42+00:00,1.0,[],384.0,emb_only,True,/scratch1/eibl/data/midterm/graphs/retweet_graph_1p5m.pt,10.0,midterm,train1_covid19_twitter_pl_1p5m_13_04_2026_11_43_04,4/14,10,"[('covid19_twitter', 'pl', 4)]",['1tykfbva'],covid19_twitter+pl(4),midterm,lp,midterm+lp(10),1tykfbva|midterm+lp(10),covid19_twitter+pl(4)|midterm+lp(10),0.4906260695833334,0.4775311773409427,0.49062607
pm5unt8u,eval_ukr_rus_twitter_pl_to_midterm_lp_10shot_13_04_2026_22_29_40,finished,midterm,lp,eval_ukr_rus_twitter_pl_to_midterm_lp_10shot,state/train1_ukr_rus_twitter_pl_1p5m_13_04_2026_11_30_52/checkpoint/state_dict_22000.ckpt,10.0,1.0,12.0,False,0.4616416666666667,,0.4787684661497624,0.4580409988888889,2026-04-14 05:29:42+00:00,1.0,[],384.0,emb_only,True,/scratch1/eibl/data/midterm/graphs/retweet_graph_1p5m.pt,10.0,midterm,train1_ukr_rus_twitter_pl_1p5m_13_04_2026_11_30_52,4/14,10,"[('ukr_rus_twitter', 'pl', 4)]",['uk4yl0g5'],ukr_rus_twitter+pl(4),midterm,lp,midterm+lp(10),uk4yl0g5|midterm+lp(10),ukr_rus_twitter+pl(4)|midterm+lp(10),0.4580409988888889,0.4787684661497624,0.458040999
2vutamg4,eval_midterm_pl_to_midterm_nm_10shot_13_04_2026_22_29_27,finished,midterm,nm,eval_midterm_pl_to_midterm_nm_10shot,state/train1_midterm_pl_1p5m_13_04_2026_17_14_38/checkpoint/state_dict_22000.ckpt,10.0,3.0,12.0,False,0.5501555555555555,,0.5501299799937519,0.773121521226852,2026-04-14 05:29:29+00:00,1.0,[],384.0,emb_only,True,/scratch1/eibl/data/midterm/graphs/retweet_graph_1p5m.pt,10.0,midterm,train1_midterm_pl_1p5m_13_04_2026_17_14_38,4/14,10,"[('midterm', 'pl', 4)]",['cao4vh4l'],midterm+pl(4),midterm,nm,midterm+nm(10),cao4vh4l|midterm+nm(10),midterm+pl(4)|midterm+nm(10),0.773121521226852,0.5501299799937519,0.773121521
nvtr2nbi,eval_covid19_twitter_pl_to_covid19_twitter_pl_10shot_13_04_2026_22_29_13,finished,covid19_twitter,pl,eval_covid19_twitter_pl_to_covid19_twitter_pl_10shot,state/train1_covid19_twitter_pl_1p5m_13_04_2026_11_43_04/checkpoint/state_dict_22000.ckpt,10.0,2.0,12.0,False,0.7725083333333334,,0.7725784549763823,0.851801314861111,2026-04-14 05:29:18+00:00,1.0,[],384.0,emb_only,True,/scratch1/eibl/data/covid19_twitter/graphs/retweet_graph_1p5m_hf03_labeled.pt,10.0,covid19_twitter,train1_covid19_twitter_pl_1p5m_13_04_2026_11_43_04,4/14,10,"[('covid19_twitter', 'pl', 4)]",['1tykfbva'],covid19_twitter+pl(4),covid19_twitter,pl,covid19_twitter+pl(10),1tykfbva|covid19_twitter+pl(10),covid19_twitter+pl(4)|covid19_twitter+pl(10),0.851801314861111,0.7725784549763823,0.851801315
glsi5pfs,eval_midterm_pl_to_covid19_twitter_lp_10shot_13_04_2026_22_29_10,finished,covid19_twitter,lp,eval_midterm_pl_to_covid19_twitter_lp_10shot,state/train1_midterm_pl_1p5m_13_04_2026_17_14_38/checkpoint/state_dict_22000.ckpt,10.0,1.0,12.0,False,0.5553916666666666,,0.5568503675401802,0.582796757777778,2026-04-14 05:29:15+00:00,1.0,[],384.0,emb_only,True,/scratch1/eibl/data/covid19_twitter/graphs/retweet_graph_1p5m_hf03_labeled.pt,10.0,covid19_twitter,train1_midterm_pl_1p5m_13_04_2026_17_14_38,4/14,10,"[('midterm', 'pl', 4)]",['cao4vh4l'],midterm+pl(4),covid19_twitter,lp,covid19_twitter+lp(10),cao4vh4l|covid19_twitter+lp(10),midterm+pl(4)|covid19_twitter+lp(10),0.582796757777778,0.5568503675401802,0.582796758
nxaeou9q,eval_ukr_rus_twitter_pl_to_covid19_twitter_pl_10shot_13_04_2026_22_28_48,finished,covid19_twitter,pl,eval_ukr_rus_twitter_pl_to_covid19_twitter_pl_10shot,state/train1_ukr_rus_twitter_pl_1p5m_13_04_2026_11_30_52/checkpoint/state_dict_22000.ckpt,10.0,2.0,12.0,False,0.5083416666666667,,0.5092862905573438,0.5134647554166667,2026-04-14 05:28:53+00:00,1.0,[],384.0,emb_only,True,/scratch1/eibl/data/covid19_twitter/graphs/retweet_graph_1p5m_hf03_labeled.pt,10.0,covid19_twitter,train1_ukr_rus_twitter_pl_1p5m_13_04_2026_11_30_52,4/14,10,"[('ukr_rus_twitter', 'pl', 4)]",['uk4yl0g5'],ukr_rus_twitter+pl(4),covid19_twitter,pl,covid19_twitter+pl(10),uk4yl0g5|covid19_twitter+pl(10),ukr_rus_twitter+pl(4)|covid19_twitter+pl(10),0.5134647554166667,0.5092862905573438,0.513464755
z07q6vdd,eval_midterm_pl_to_midterm_pl_3shot_13_04_2026_22_28_31,finished,midterm,pl,eval_midterm_pl_to_midterm_pl_3shot,state/train1_midterm_pl_1p5m_13_04_2026_17_14_38/checkpoint/state_dict_22000.ckpt,3.0,2.0,12.0,False,0.9496583333333334,,0.9496134052863804,0.98778259625,2026-04-14 05:28:34+00:00,1.0,[],384.0,emb_only,True,/scratch1/eibl/data/midterm/graphs/retweet_graph_1p5m.pt,3.0,midterm,train1_midterm_pl_1p5m_13_04_2026_17_14_38,4/14,3,"[('midterm', 'pl', 4)]",['cao4vh4l'],midterm+pl(4),midterm,pl,midterm+pl(3),cao4vh4l|midterm+pl(3),midterm+pl(4)|midterm+pl(3),0.98778259625,0.9496134052863804,0.987782596
689kwaxe,eval_covid19_twitter_lp_to_ukr_rus_twitter_nm_10shot_13_04_2026_22_28_07,finished,ukr_rus_twitter,nm,eval_covid19_twitter_lp_to_ukr_rus_twitter_nm_10shot,state/train1_covid19_twitter_lp_1p5m_13_04_2026_15_42_52/checkpoint/state_dict_28000.ckpt,10.0,3.0,12.0,False,0.7178555555555556,,0.717831227610121,0.8875987067824074,2026-04-14 05:28:12+00:00,1.0,[],384.0,emb_only,True,/scratch1/eibl/data/ukr_rus_twitter/graphs/retweet_graph_1p5m_hf03_political_labels.pt,10.0,ukr_rus_twitter,train1_covid19_twitter_lp_1p5m_13_04_2026_15_42_52,4/14,10,"[('covid19_twitter', 'lp', 1)]",['2l1wyfau'],covid19_twitter+lp(1),ukr_rus_twitter,nm,ukr_rus_twitter+nm(10),2l1wyfau|ukr_rus_twitter+nm(10),covid19_twitter+lp(1)|ukr_rus_twitter+nm(10),0.8875987067824074,0.717831227610121,0.887598707
bf5y8xd6,eval_covid19_twitter_pl_to_covid19_twitter_lp_10shot_13_04_2026_22_28_02,finished,covid19_twitter,lp,eval_covid19_twitter_pl_to_covid19_twitter_lp_10shot,state/train1_covid19_twitter_pl_1p5m_13_04_2026_11_43_04/checkpoint/state_dict_22000.ckpt,10.0,1.0,12.0,False,0.5125083333333333,,0.5144142573731437,0.5220112834722223,2026-04-14 05:28:07+00:00,1.0,[],384.0,emb_only,True,/scratch1/eibl/data/covid19_twitter/graphs/retweet_graph_1p5m_hf03_labeled.pt,10.0,covid19_twitter,train1_covid19_twitter_pl_1p5m_13_04_2026_11_43_04,4/14,10,"[('covid19_twitter', 'pl', 4)]",['1tykfbva'],covid19_twitter+pl(4),covid19_twitter,lp,covid19_twitter+lp(10),1tykfbva|covid19_twitter+lp(10),covid19_twitter+pl(4)|covid19_twitter+lp(10),0.5220112834722223,0.5144142573731437,0.522011283
8w2fv3j0,eval_ukr_rus_twitter_pl_to_covid19_twitter_lp_10shot_13_04_2026_22_27_35,finished,covid19_twitter,lp,eval_ukr_rus_twitter_pl_to_covid19_twitter_lp_10shot,state/train1_ukr_rus_twitter_pl_1p5m_13_04_2026_11_30_52/checkpoint/state_dict_22000.ckpt,10.0,1.0,12.0,False,0.496325,,0.5347865241185028,0.4888475095833333,2026-04-14 05:27:41+00:00,1.0,[],384.0,emb_only,True,/scratch1/eibl/data/covid19_twitter/graphs/retweet_graph_1p5m_hf03_labeled.pt,10.0,covid19_twitter,train1_ukr_rus_twitter_pl_1p5m_13_04_2026_11_30_52,4/14,10,"[('ukr_rus_twitter', 'pl', 4)]",['uk4yl0g5'],ukr_rus_twitter+pl(4),covid19_twitter,lp,covid19_twitter+lp(10),uk4yl0g5|covid19_twitter+lp(10),ukr_rus_twitter+pl(4)|covid19_twitter+lp(10),0.4888475095833333,0.5347865241185028,0.48884751
l5xh0cwu,eval_midterm_pl_to_midterm_lp_3shot_13_04_2026_22_27_05,finished,midterm,lp,eval_midterm_pl_to_midterm_lp_3shot,state/train1_midterm_pl_1p5m_13_04_2026_17_14_38/checkpoint/state_dict_22000.ckpt,3.0,1.0,12.0,False,0.4891583333333333,,0.4921504138119579,0.5319334791666667,2026-04-14 05:27:07+00:00,1.0,[],384.0,emb_only,True,/scratch1/eibl/data/midterm/graphs/retweet_graph_1p5m.pt,3.0,midterm,train1_midterm_pl_1p5m_13_04_2026_17_14_38,4/14,3,"[('midterm', 'pl', 4)]",['cao4vh4l'],midterm+pl(4),midterm,lp,midterm+lp(3),cao4vh4l|midterm+lp(3),midterm+pl(4)|midterm+lp(3),0.5319334791666667,0.4921504138119579,0.531933479
jpqfb8ik,eval_covid19_twitter_lp_to_ukr_rus_twitter_pl_3shot_13_04_2026_22_26_30,finished,ukr_rus_twitter,pl,eval_covid19_twitter_lp_to_ukr_rus_twitter_pl_3shot,state/train1_covid19_twitter_lp_1p5m_13_04_2026_15_42_52/checkpoint/state_dict_28000.ckpt,3.0,2.0,12.0,False,0.511975,,0.512596439539587,0.5172996238888888,2026-04-14 05:26:35+00:00,1.0,[],384.0,emb_only,True,/scratch1/eibl/data/ukr_rus_twitter/graphs/retweet_graph_1p5m_hf03_political_labels.pt,3.0,ukr_rus_twitter,train1_covid19_twitter_lp_1p5m_13_04_2026_15_42_52,4/14,3,"[('covid19_twitter', 'lp', 1)]",['2l1wyfau'],covid19_twitter+lp(1),ukr_rus_twitter,pl,ukr_rus_twitter+pl(3),2l1wyfau|ukr_rus_twitter+pl(3),covid19_twitter+lp(1)|ukr_rus_twitter+pl(3),0.5172996238888888,0.512596439539587,0.517299624
ovi8qvoc,eval_covid19_twitter_pl_to_midterm_nm_10shot_13_04_2026_22_26_15,finished,midterm,nm,eval_covid19_twitter_pl_to_midterm_nm_10shot,state/train1_covid19_twitter_pl_1p5m_13_04_2026_11_43_04/checkpoint/state_dict_22000.ckpt,10.0,3.0,12.0,False,0.3388888888888889,,0.2830043653354461,0.5207695982638889,2026-04-14 05:26:17+00:00,1.0,[],384.0,emb_only,True,/scratch1/eibl/data/midterm/graphs/retweet_graph_1p5m.pt,10.0,midterm,train1_covid19_twitter_pl_1p5m_13_04_2026_11_43_04,4/14,10,"[('covid19_twitter', 'pl', 4)]",['1tykfbva'],covid19_twitter+pl(4),midterm,nm,midterm+nm(10),1tykfbva|midterm+nm(10),covid19_twitter+pl(4)|midterm+nm(10),0.5207695982638889,0.2830043653354461,0.520769598
elwucxoc,eval_ukr_rus_twitter_pl_to_midterm_nm_10shot_13_04_2026_22_26_15,finished,midterm,nm,eval_ukr_rus_twitter_pl_to_midterm_nm_10shot,state/train1_ukr_rus_twitter_pl_1p5m_13_04_2026_11_30_52/checkpoint/state_dict_22000.ckpt,10.0,3.0,12.0,False,0.4555777777777778,,0.4539755008374113,0.6504978436805556,2026-04-14 05:26:17+00:00,1.0,[],384.0,emb_only,True,/scratch1/eibl/data/midterm/graphs/retweet_graph_1p5m.pt,10.0,midterm,train1_ukr_rus_twitter_pl_1p5m_13_04_2026_11_30_52,4/14,10,"[('ukr_rus_twitter', 'pl', 4)]",['uk4yl0g5'],ukr_rus_twitter+pl(4),midterm,nm,midterm+nm(10),uk4yl0g5|midterm+nm(10),ukr_rus_twitter+pl(4)|midterm+nm(10),0.6504978436805556,0.4539755008374113,0.650497844
0zqr75bo,eval_midterm_pl_to_covid19_twitter_nm_10shot_13_04_2026_22_26_01,finished,covid19_twitter,nm,eval_midterm_pl_to_covid19_twitter_nm_10shot,state/train1_midterm_pl_1p5m_13_04_2026_17_14_38/checkpoint/state_dict_22000.ckpt,10.0,3.0,12.0,False,0.4860722222222222,,0.4860777680366059,0.670486208564815,2026-04-14 05:26:06+00:00,1.0,[],384.0,emb_only,True,/scratch1/eibl/data/covid19_twitter/graphs/retweet_graph_1p5m_hf03_labeled.pt,10.0,covid19_twitter,train1_midterm_pl_1p5m_13_04_2026_17_14_38,4/14,10,"[('midterm', 'pl', 4)]",['cao4vh4l'],midterm+pl(4),covid19_twitter,nm,covid19_twitter+nm(10),cao4vh4l|covid19_twitter+nm(10),midterm+pl(4)|covid19_twitter+nm(10),0.670486208564815,0.4860777680366059,0.670486209
xi350i4j,eval_ukr_rus_twitter_pl_to_ukr_rus_twitter_pl_10shot_13_04_2026_22_25_13,finished,ukr_rus_twitter,pl,eval_ukr_rus_twitter_pl_to_ukr_rus_twitter_pl_10shot,state/train1_ukr_rus_twitter_pl_1p5m_13_04_2026_11_30_52/checkpoint/state_dict_22000.ckpt,10.0,2.0,12.0,False,0.8506,,0.8507194244604317,0.93067705125,2026-04-14 05:25:16+00:00,1.0,[],384.0,emb_only,True,/scratch1/eibl/data/ukr_rus_twitter/graphs/retweet_graph_1p5m_hf03_political_labels.pt,10.0,ukr_rus_twitter,train1_ukr_rus_twitter_pl_1p5m_13_04_2026_11_30_52,4/14,10,"[('ukr_rus_twitter', 'pl', 4)]",['uk4yl0g5'],ukr_rus_twitter+pl(4),ukr_rus_twitter,pl,ukr_rus_twitter+pl(10),uk4yl0g5|ukr_rus_twitter+pl(10),ukr_rus_twitter+pl(4)|ukr_rus_twitter+pl(10),0.93067705125,0.8507194244604317,0.930677051
pfakoqi7,eval_covid19_twitter_pl_to_midterm_pl_3shot_13_04_2026_22_25_14,finished,midterm,pl,eval_covid19_twitter_pl_to_midterm_pl_3shot,state/train1_covid19_twitter_pl_1p5m_13_04_2026_11_43_04/checkpoint/state_dict_22000.ckpt,3.0,2.0,12.0,False,0.5244916666666667,,0.523287968787856,0.5431561119444445,2026-04-14 05:25:16+00:00,1.0,[],384.0,emb_only,True,/scratch1/eibl/data/midterm/graphs/retweet_graph_1p5m.pt,3.0,midterm,train1_covid19_twitter_pl_1p5m_13_04_2026_11_43_04,4/14,3,"[('covid19_twitter', 'pl', 4)]",['1tykfbva'],covid19_twitter+pl(4),midterm,pl,midterm+pl(3),1tykfbva|midterm+pl(3),covid19_twitter+pl(4)|midterm+pl(3),0.5431561119444445,0.523287968787856,0.543156112
dovwkvf9,eval_ukr_rus_twitter_pl_to_midterm_pl_3shot_13_04_2026_22_25_13,finished,midterm,pl,eval_ukr_rus_twitter_pl_to_midterm_pl_3shot,state/train1_ukr_rus_twitter_pl_1p5m_13_04_2026_11_30_52/checkpoint/state_dict_22000.ckpt,3.0,2.0,12.0,False,0.5679333333333333,,0.5667201497526407,0.5835729215277777,2026-04-14 05:25:15+00:00,1.0,[],384.0,emb_only,True,/scratch1/eibl/data/midterm/graphs/retweet_graph_1p5m.pt,3.0,midterm,train1_ukr_rus_twitter_pl_1p5m_13_04_2026_11_30_52,4/14,3,"[('ukr_rus_twitter', 'pl', 4)]",['uk4yl0g5'],ukr_rus_twitter+pl(4),midterm,pl,midterm+pl(3),uk4yl0g5|midterm+pl(3),ukr_rus_twitter+pl(4)|midterm+pl(3),0.5835729215277777,0.5667201497526407,0.583572922
zmxtoa1y,eval_covid19_twitter_pl_to_covid19_twitter_nm_10shot_13_04_2026_22_25_05,finished,covid19_twitter,nm,eval_covid19_twitter_pl_to_covid19_twitter_nm_10shot,state/train1_covid19_twitter_pl_1p5m_13_04_2026_11_43_04/checkpoint/state_dict_22000.ckpt,10.0,3.0,12.0,False,0.36235,,0.3181503062305051,0.5486487279629629,2026-04-14 05:25:09+00:00,1.0,[],384.0,emb_only,True,/scratch1/eibl/data/covid19_twitter/graphs/retweet_graph_1p5m_hf03_labeled.pt,10.0,covid19_twitter,train1_covid19_twitter_pl_1p5m_13_04_2026_11_43_04,4/14,10,"[('covid19_twitter', 'pl', 4)]",['1tykfbva'],covid19_twitter+pl(4),covid19_twitter,nm,covid19_twitter+nm(10),1tykfbva|covid19_twitter+nm(10),covid19_twitter+pl(4)|covid19_twitter+nm(10),0.5486487279629629,0.3181503062305051,0.548648728
hknpqptq,eval_covid19_twitter_lp_to_ukr_rus_twitter_lp_3shot_13_04_2026_22_25_04,finished,ukr_rus_twitter,lp,eval_covid19_twitter_lp_to_ukr_rus_twitter_lp_3shot,state/train1_covid19_twitter_lp_1p5m_13_04_2026_15_42_52/checkpoint/state_dict_28000.ckpt,3.0,1.0,12.0,False,0.737125,,0.6791696754574209,0.8554427791666668,2026-04-14 05:25:09+00:00,1.0,[],384.0,emb_only,True,/scratch1/eibl/data/ukr_rus_twitter/graphs/retweet_graph_1p5m_hf03_political_labels.pt,3.0,ukr_rus_twitter,train1_covid19_twitter_lp_1p5m_13_04_2026_15_42_52,4/14,3,"[('covid19_twitter', 'lp', 1)]",['2l1wyfau'],covid19_twitter+lp(1),ukr_rus_twitter,lp,ukr_rus_twitter+lp(3),2l1wyfau|ukr_rus_twitter+lp(3),covid19_twitter+lp(1)|ukr_rus_twitter+lp(3),0.8554427791666668,0.6791696754574209,0.855442779
5foznlbm,eval_midterm_pl_to_covid19_twitter_pl_3shot_13_04_2026_22_24_51,finished,covid19_twitter,pl,eval_midterm_pl_to_covid19_twitter_pl_3shot,state/train1_midterm_pl_1p5m_13_04_2026_17_14_38/checkpoint/state_dict_22000.ckpt,3.0,2.0,12.0,False,0.511425,,0.5100162968534537,0.5149829376388889,2026-04-14 05:25:01+00:00,1.0,[],384.0,emb_only,True,/scratch1/eibl/data/covid19_twitter/graphs/retweet_graph_1p5m_hf03_labeled.pt,3.0,covid19_twitter,train1_midterm_pl_1p5m_13_04_2026_17_14_38,4/14,3,"[('midterm', 'pl', 4)]",['cao4vh4l'],midterm+pl(4),covid19_twitter,pl,covid19_twitter+pl(3),cao4vh4l|covid19_twitter+pl(3),midterm+pl(4)|covid19_twitter+pl(3),0.5149829376388889,0.5100162968534537,0.514982938
1yqts5iu,eval_midterm_pl_to_midterm_nm_3shot_13_04_2026_22_24_50,finished,midterm,nm,eval_midterm_pl_to_midterm_nm_3shot,state/train1_midterm_pl_1p5m_13_04_2026_17_14_38/checkpoint/state_dict_22000.ckpt,3.0,3.0,12.0,False,0.5381388888888889,,0.5380848648718696,0.7543050107175926,2026-04-14 05:24:52+00:00,1.0,[],384.0,emb_only,True,/scratch1/eibl/data/midterm/graphs/retweet_graph_1p5m.pt,3.0,midterm,train1_midterm_pl_1p5m_13_04_2026_17_14_38,4/14,3,"[('midterm', 'pl', 4)]",['cao4vh4l'],midterm+pl(4),midterm,nm,midterm+nm(3),cao4vh4l|midterm+nm(3),midterm+pl(4)|midterm+nm(3),0.7543050107175926,0.5380848648718696,0.754305011
k5kqz668,eval_ukr_rus_twitter_pl_to_covid19_twitter_nm_10shot_13_04_2026_22_24_41,finished,covid19_twitter,nm,eval_ukr_rus_twitter_pl_to_covid19_twitter_nm_10shot,state/train1_ukr_rus_twitter_pl_1p5m_13_04_2026_11_30_52/checkpoint/state_dict_22000.ckpt,10.0,3.0,12.0,False,0.5032222222222222,,0.50143679417494,0.7024298892824073,2026-04-14 05:24:46+00:00,1.0,[],384.0,emb_only,True,/scratch1/eibl/data/covid19_twitter/graphs/retweet_graph_1p5m_hf03_labeled.pt,10.0,covid19_twitter,train1_ukr_rus_twitter_pl_1p5m_13_04_2026_11_30_52,4/14,10,"[('ukr_rus_twitter', 'pl', 4)]",['uk4yl0g5'],ukr_rus_twitter+pl(4),covid19_twitter,nm,covid19_twitter+nm(10),uk4yl0g5|covid19_twitter+nm(10),ukr_rus_twitter+pl(4)|covid19_twitter+nm(10),0.7024298892824073,0.50143679417494,0.702429889
ikfkhx0z,eval_covid19_twitter_pl_to_covid19_twitter_pl_3shot_13_04_2026_22_24_12,finished,covid19_twitter,pl,eval_covid19_twitter_pl_to_covid19_twitter_pl_3shot,state/train1_covid19_twitter_pl_1p5m_13_04_2026_11_43_04/checkpoint/state_dict_22000.ckpt,3.0,2.0,12.0,False,0.7707333333333334,,0.7706454140753956,0.8495540300000001,2026-04-14 05:24:17+00:00,1.0,[],384.0,emb_only,True,/scratch1/eibl/data/covid19_twitter/graphs/retweet_graph_1p5m_hf03_labeled.pt,3.0,covid19_twitter,train1_covid19_twitter_pl_1p5m_13_04_2026_11_43_04,4/14,3,"[('covid19_twitter', 'pl', 4)]",['1tykfbva'],covid19_twitter+pl(4),covid19_twitter,pl,covid19_twitter+pl(3),1tykfbva|covid19_twitter+pl(3),covid19_twitter+pl(4)|covid19_twitter+pl(3),0.8495540300000001,0.7706454140753956,0.84955403
n9rfgl7f,eval_ukr_rus_twitter_pl_to_ukr_rus_twitter_lp_10shot_13_04_2026_22_24_08,finished,ukr_rus_twitter,lp,eval_ukr_rus_twitter_pl_to_ukr_rus_twitter_lp_10shot,state/train1_ukr_rus_twitter_pl_1p5m_13_04_2026_11_30_52/checkpoint/state_dict_22000.ckpt,10.0,1.0,12.0,False,0.5046416666666667,,0.5180675028173467,0.5161358022222222,2026-04-14 05:24:11+00:00,1.0,[],384.0,emb_only,True,/scratch1/eibl/data/ukr_rus_twitter/graphs/retweet_graph_1p5m_hf03_political_labels.pt,10.0,ukr_rus_twitter,train1_ukr_rus_twitter_pl_1p5m_13_04_2026_11_30_52,4/14,10,"[('ukr_rus_twitter', 'pl', 4)]",['uk4yl0g5'],ukr_rus_twitter+pl(4),ukr_rus_twitter,lp,ukr_rus_twitter+lp(10),uk4yl0g5|ukr_rus_twitter+lp(10),ukr_rus_twitter+pl(4)|ukr_rus_twitter+lp(10),0.5161358022222222,0.5180675028173467,0.516135802
ilzdskk2,eval_midterm_pl_to_midterm_pl_1shot_13_04_2026_22_24_00,finished,midterm,pl,eval_midterm_pl_to_midterm_pl_1shot,state/train1_midterm_pl_1p5m_13_04_2026_17_14_38/checkpoint/state_dict_22000.ckpt,1.0,2.0,12.0,False,0.9472583333333332,,0.9472139050367392,0.9867903302777776,2026-04-14 05:24:02+00:00,1.0,[],384.0,emb_only,True,/scratch1/eibl/data/midterm/graphs/retweet_graph_1p5m.pt,1.0,midterm,train1_midterm_pl_1p5m_13_04_2026_17_14_38,4/14,1,"[('midterm', 'pl', 4)]",['cao4vh4l'],midterm+pl(4),midterm,pl,midterm+pl(1),cao4vh4l|midterm+pl(1),midterm+pl(4)|midterm+pl(1),0.9867903302777776,0.9472139050367392,0.98679033
bvoy1z4i,eval_covid19_twitter_pl_to_midterm_lp_3shot_13_04_2026_22_23_57,finished,midterm,lp,eval_covid19_twitter_pl_to_midterm_lp_3shot,state/train1_covid19_twitter_pl_1p5m_13_04_2026_11_43_04/checkpoint/state_dict_22000.ckpt,3.0,1.0,12.0,False,0.4795833333333333,,0.5114223126271319,0.4890484454166667,2026-04-14 05:23:59+00:00,1.0,[],384.0,emb_only,True,/scratch1/eibl/data/midterm/graphs/retweet_graph_1p5m.pt,3.0,midterm,train1_covid19_twitter_pl_1p5m_13_04_2026_11_43_04,4/14,3,"[('covid19_twitter', 'pl', 4)]",['1tykfbva'],covid19_twitter+pl(4),midterm,lp,midterm+lp(3),1tykfbva|midterm+lp(3),covid19_twitter+pl(4)|midterm+lp(3),0.4890484454166667,0.5114223126271319,0.489048445
eivavtcf,eval_ukr_rus_twitter_pl_to_midterm_lp_3shot_13_04_2026_22_23_56,finished,midterm,lp,eval_ukr_rus_twitter_pl_to_midterm_lp_3shot,state/train1_ukr_rus_twitter_pl_1p5m_13_04_2026_11_30_52/checkpoint/state_dict_22000.ckpt,3.0,1.0,12.0,False,0.4612916666666666,,0.4908359128249963,0.4606711304166667,2026-04-14 05:23:58+00:00,1.0,[],384.0,emb_only,True,/scratch1/eibl/data/midterm/graphs/retweet_graph_1p5m.pt,3.0,midterm,train1_ukr_rus_twitter_pl_1p5m_13_04_2026_11_30_52,4/14,3,"[('ukr_rus_twitter', 'pl', 4)]",['uk4yl0g5'],ukr_rus_twitter+pl(4),midterm,lp,midterm+lp(3),uk4yl0g5|midterm+lp(3),ukr_rus_twitter+pl(4)|midterm+lp(3),0.4606711304166667,0.4908359128249963,0.46067113
e4g1y74y,eval_ukr_rus_twitter_pl_to_covid19_twitter_pl_3shot_13_04_2026_22_23_48,finished,covid19_twitter,pl,eval_ukr_rus_twitter_pl_to_covid19_twitter_pl_3shot,state/train1_ukr_rus_twitter_pl_1p5m_13_04_2026_11_30_52/checkpoint/state_dict_22000.ckpt,3.0,2.0,12.0,False,0.501475,,0.4998118744826549,0.503826448888889,2026-04-14 05:23:53+00:00,1.0,[],384.0,emb_only,True,/scratch1/eibl/data/covid19_twitter/graphs/retweet_graph_1p5m_hf03_labeled.pt,3.0,covid19_twitter,train1_ukr_rus_twitter_pl_1p5m_13_04_2026_11_30_52,4/14,3,"[('ukr_rus_twitter', 'pl', 4)]",['uk4yl0g5'],ukr_rus_twitter+pl(4),covid19_twitter,pl,covid19_twitter+pl(3),uk4yl0g5|covid19_twitter+pl(3),ukr_rus_twitter+pl(4)|covid19_twitter+pl(3),0.503826448888889,0.4998118744826549,0.503826449
jezjydd6,eval_midterm_pl_to_covid19_twitter_lp_3shot_13_04_2026_22_23_20,finished,covid19_twitter,lp,eval_midterm_pl_to_covid19_twitter_lp_3shot,state/train1_midterm_pl_1p5m_13_04_2026_17_14_38/checkpoint/state_dict_22000.ckpt,3.0,1.0,12.0,False,0.5618583333333333,,0.5841973316883754,0.584672347638889,2026-04-14 05:23:25+00:00,1.0,[],384.0,emb_only,True,/scratch1/eibl/data/covid19_twitter/graphs/retweet_graph_1p5m_hf03_labeled.pt,3.0,covid19_twitter,train1_midterm_pl_1p5m_13_04_2026_17_14_38,4/14,3,"[('midterm', 'pl', 4)]",['cao4vh4l'],midterm+pl(4),covid19_twitter,lp,covid19_twitter+lp(3),cao4vh4l|covid19_twitter+lp(3),midterm+pl(4)|covid19_twitter+lp(3),0.584672347638889,0.5841973316883754,0.584672348
7i0yl5sm,eval_covid19_twitter_pl_to_covid19_twitter_lp_3shot_13_04_2026_22_23_18,finished,covid19_twitter,lp,eval_covid19_twitter_pl_to_covid19_twitter_lp_3shot,state/train1_covid19_twitter_pl_1p5m_13_04_2026_11_43_04/checkpoint/state_dict_22000.ckpt,3.0,1.0,12.0,False,0.52355,,0.5776402103894569,0.5273215961111111,2026-04-14 05:23:23+00:00,1.0,[],384.0,emb_only,True,/scratch1/eibl/data/covid19_twitter/graphs/retweet_graph_1p5m_hf03_labeled.pt,3.0,covid19_twitter,train1_covid19_twitter_pl_1p5m_13_04_2026_11_43_04,4/14,3,"[('covid19_twitter', 'pl', 4)]",['1tykfbva'],covid19_twitter+pl(4),covid19_twitter,lp,covid19_twitter+lp(3),1tykfbva|covid19_twitter+lp(3),covid19_twitter+pl(4)|covid19_twitter+lp(3),0.5273215961111111,0.5776402103894569,0.527321596
oa5cf1de,eval_ukr_rus_twitter_pl_to_covid19_twitter_lp_3shot_13_04_2026_22_22_55,finished,covid19_twitter,lp,eval_ukr_rus_twitter_pl_to_covid19_twitter_lp_3shot,state/train1_ukr_rus_twitter_pl_1p5m_13_04_2026_11_30_52/checkpoint/state_dict_22000.ckpt,3.0,1.0,12.0,False,0.5001666666666666,,0.5449855864057047,0.5078920243055556,2026-04-14 05:23:00+00:00,1.0,[],384.0,emb_only,True,/scratch1/eibl/data/covid19_twitter/graphs/retweet_graph_1p5m_hf03_labeled.pt,3.0,covid19_twitter,train1_ukr_rus_twitter_pl_1p5m_13_04_2026_11_30_52,4/14,3,"[('ukr_rus_twitter', 'pl', 4)]",['uk4yl0g5'],ukr_rus_twitter+pl(4),covid19_twitter,lp,covid19_twitter+lp(3),uk4yl0g5|covid19_twitter+lp(3),ukr_rus_twitter+pl(4)|covid19_twitter+lp(3),0.5078920243055556,0.5449855864057047,0.507892024
ov5el2ct,eval_midterm_pl_to_midterm_lp_1shot_13_04_2026_22_22_57,finished,midterm,lp,eval_midterm_pl_to_midterm_lp_1shot,state/train1_midterm_pl_1p5m_13_04_2026_17_14_38/checkpoint/state_dict_22000.ckpt,1.0,1.0,12.0,False,0.5270666666666667,,0.544211895851069,0.5575617733333333,2026-04-14 05:22:59+00:00,1.0,[],384.0,emb_only,True,/scratch1/eibl/data/midterm/graphs/retweet_graph_1p5m.pt,1.0,midterm,train1_midterm_pl_1p5m_13_04_2026_17_14_38,4/14,1,"[('midterm', 'pl', 4)]",['cao4vh4l'],midterm+pl(4),midterm,lp,midterm+lp(1),cao4vh4l|midterm+lp(1),midterm+pl(4)|midterm+lp(1),0.5575617733333333,0.544211895851069,0.557561773
4cee08vx,eval_covid19_twitter_lp_to_ukr_rus_twitter_nm_3shot_13_04_2026_22_21_33,finished,ukr_rus_twitter,nm,eval_covid19_twitter_lp_to_ukr_rus_twitter_nm_3shot,state/train1_covid19_twitter_lp_1p5m_13_04_2026_15_42_52/checkpoint/state_dict_28000.ckpt,3.0,3.0,12.0,False,0.7085388888888889,,0.7084018431988669,0.8836187473842592,2026-04-14 05:21:38+00:00,1.0,[],384.0,emb_only,True,/scratch1/eibl/data/ukr_rus_twitter/graphs/retweet_graph_1p5m_hf03_political_labels.pt,3.0,ukr_rus_twitter,train1_covid19_twitter_lp_1p5m_13_04_2026_15_42_52,4/14,3,"[('covid19_twitter', 'lp', 1)]",['2l1wyfau'],covid19_twitter+lp(1),ukr_rus_twitter,nm,ukr_rus_twitter+nm(3),2l1wyfau|ukr_rus_twitter+nm(3),covid19_twitter+lp(1)|ukr_rus_twitter+nm(3),0.8836187473842592,0.7084018431988669,0.883618747
sa9pgrzz,eval_covid19_twitter_pl_to_midterm_nm_3shot_13_04_2026_22_21_34,finished,midterm,nm,eval_covid19_twitter_pl_to_midterm_nm_3shot,state/train1_covid19_twitter_pl_1p5m_13_04_2026_11_43_04/checkpoint/state_dict_22000.ckpt,3.0,3.0,12.0,False,0.3374055555555555,,0.2771786161302949,0.5085511303240741,2026-04-14 05:21:36+00:00,1.0,[],384.0,emb_only,True,/scratch1/eibl/data/midterm/graphs/retweet_graph_1p5m.pt,3.0,midterm,train1_covid19_twitter_pl_1p5m_13_04_2026_11_43_04,4/14,3,"[('covid19_twitter', 'pl', 4)]",['1tykfbva'],covid19_twitter+pl(4),midterm,nm,midterm+nm(3),1tykfbva|midterm+nm(3),covid19_twitter+pl(4)|midterm+nm(3),0.5085511303240741,0.2771786161302949,0.50855113
fsc5e23w,eval_ukr_rus_twitter_pl_to_midterm_nm_3shot_13_04_2026_22_21_33,finished,midterm,nm,eval_ukr_rus_twitter_pl_to_midterm_nm_3shot,state/train1_ukr_rus_twitter_pl_1p5m_13_04_2026_11_30_52/checkpoint/state_dict_22000.ckpt,3.0,3.0,12.0,False,0.4368555555555555,,0.4340996544633016,0.6232796368055555,2026-04-14 05:21:35+00:00,1.0,[],384.0,emb_only,True,/scratch1/eibl/data/midterm/graphs/retweet_graph_1p5m.pt,3.0,midterm,train1_ukr_rus_twitter_pl_1p5m_13_04_2026_11_30_52,4/14,3,"[('ukr_rus_twitter', 'pl', 4)]",['uk4yl0g5'],ukr_rus_twitter+pl(4),midterm,nm,midterm+nm(3),uk4yl0g5|midterm+nm(3),ukr_rus_twitter+pl(4)|midterm+nm(3),0.6232796368055555,0.4340996544633016,0.623279637
thf79uis,eval_ukr_rus_twitter_pl_to_ukr_rus_twitter_nm_10shot_13_04_2026_22_21_26,finished,ukr_rus_twitter,nm,eval_ukr_rus_twitter_pl_to_ukr_rus_twitter_nm_10shot,state/train1_ukr_rus_twitter_pl_1p5m_13_04_2026_11_30_52/checkpoint/state_dict_22000.ckpt,10.0,3.0,12.0,False,0.5409166666666667,,0.5392901701137798,0.7524823348842592,2026-04-14 05:21:29+00:00,1.0,[],384.0,emb_only,True,/scratch1/eibl/data/ukr_rus_twitter/graphs/retweet_graph_1p5m_hf03_political_labels.pt,10.0,ukr_rus_twitter,train1_ukr_rus_twitter_pl_1p5m_13_04_2026_11_30_52,4/14,10,"[('ukr_rus_twitter', 'pl', 4)]",['uk4yl0g5'],ukr_rus_twitter+pl(4),ukr_rus_twitter,nm,ukr_rus_twitter+nm(10),uk4yl0g5|ukr_rus_twitter+nm(10),ukr_rus_twitter+pl(4)|ukr_rus_twitter+nm(10),0.7524823348842592,0.5392901701137798,0.752482335
ugtiqz52,eval_midterm_pl_to_covid19_twitter_nm_3shot_13_04_2026_22_21_15,finished,covid19_twitter,nm,eval_midterm_pl_to_covid19_twitter_nm_3shot,state/train1_midterm_pl_1p5m_13_04_2026_17_14_38/checkpoint/state_dict_22000.ckpt,3.0,3.0,12.0,False,0.4651,,0.4650720120622282,0.6482408445138889,2026-04-14 05:21:19+00:00,1.0,[],384.0,emb_only,True,/scratch1/eibl/data/covid19_twitter/graphs/retweet_graph_1p5m_hf03_labeled.pt,3.0,covid19_twitter,train1_midterm_pl_1p5m_13_04_2026_17_14_38,4/14,3,"[('midterm', 'pl', 4)]",['cao4vh4l'],midterm+pl(4),covid19_twitter,nm,covid19_twitter+nm(3),cao4vh4l|covid19_twitter+nm(3),midterm+pl(4)|covid19_twitter+nm(3),0.6482408445138889,0.4650720120622282,0.648240845
bv9r2zfl,eval_covid19_twitter_pl_to_covid19_twitter_nm_3shot_13_04_2026_22_21_14,finished,covid19_twitter,nm,eval_covid19_twitter_pl_to_covid19_twitter_nm_3shot,state/train1_covid19_twitter_pl_1p5m_13_04_2026_11_43_04/checkpoint/state_dict_22000.ckpt,3.0,3.0,12.0,False,0.3452111111111111,,0.286378882470239,0.5210758338194444,2026-04-14 05:21:18+00:00,1.0,[],384.0,emb_only,True,/scratch1/eibl/data/covid19_twitter/graphs/retweet_graph_1p5m_hf03_labeled.pt,3.0,covid19_twitter,train1_covid19_twitter_pl_1p5m_13_04_2026_11_43_04,4/14,3,"[('covid19_twitter', 'pl', 4)]",['1tykfbva'],covid19_twitter+pl(4),covid19_twitter,nm,covid19_twitter+nm(3),1tykfbva|covid19_twitter+nm(3),covid19_twitter+pl(4)|covid19_twitter+nm(3),0.5210758338194444,0.286378882470239,0.521075834
dxeepuq2,eval_midterm_pl_to_midterm_nm_1shot_13_04_2026_22_20_56,finished,midterm,nm,eval_midterm_pl_to_midterm_nm_1shot,state/train1_midterm_pl_1p5m_13_04_2026_17_14_38/checkpoint/state_dict_22000.ckpt,1.0,3.0,12.0,False,0.5239833333333334,,0.5238420639937346,0.7277066657638889,2026-04-14 05:20:58+00:00,1.0,[],384.0,emb_only,True,/scratch1/eibl/data/midterm/graphs/retweet_graph_1p5m.pt,1.0,midterm,train1_midterm_pl_1p5m_13_04_2026_17_14_38,4/14,1,"[('midterm', 'pl', 4)]",['cao4vh4l'],midterm+pl(4),midterm,nm,midterm+nm(1),cao4vh4l|midterm+nm(1),midterm+pl(4)|midterm+nm(1),0.7277066657638889,0.5238420639937346,0.727706666
dw9wlj8d,eval_ukr_rus_twitter_pl_to_covid19_twitter_nm_3shot_13_04_2026_22_20_50,finished,covid19_twitter,nm,eval_ukr_rus_twitter_pl_to_covid19_twitter_nm_3shot,state/train1_ukr_rus_twitter_pl_1p5m_13_04_2026_11_30_52/checkpoint/state_dict_22000.ckpt,3.0,3.0,12.0,False,0.4844777777777778,,0.4823435036133898,0.6748838268287036,2026-04-14 05:20:55+00:00,1.0,[],384.0,emb_only,True,/scratch1/eibl/data/covid19_twitter/graphs/retweet_graph_1p5m_hf03_labeled.pt,3.0,covid19_twitter,train1_ukr_rus_twitter_pl_1p5m_13_04_2026_11_30_52,4/14,3,"[('ukr_rus_twitter', 'pl', 4)]",['uk4yl0g5'],ukr_rus_twitter+pl(4),covid19_twitter,nm,covid19_twitter+nm(3),uk4yl0g5|covid19_twitter+nm(3),ukr_rus_twitter+pl(4)|covid19_twitter+nm(3),0.6748838268287036,0.4823435036133898,0.674883827
1rjao4rr,eval_covid19_twitter_pl_to_midterm_pl_1shot_13_04_2026_22_20_39,finished,midterm,pl,eval_covid19_twitter_pl_to_midterm_pl_1shot,state/train1_covid19_twitter_pl_1p5m_13_04_2026_11_43_04/checkpoint/state_dict_22000.ckpt,1.0,2.0,12.0,False,0.5227916666666667,,0.5226206057170486,0.5428104629166667,2026-04-14 05:20:41+00:00,1.0,[],384.0,emb_only,True,/scratch1/eibl/data/midterm/graphs/retweet_graph_1p5m.pt,1.0,midterm,train1_covid19_twitter_pl_1p5m_13_04_2026_11_43_04,4/14,1,"[('covid19_twitter', 'pl', 4)]",['1tykfbva'],covid19_twitter+pl(4),midterm,pl,midterm+pl(1),1tykfbva|midterm+pl(1),covid19_twitter+pl(4)|midterm+pl(1),0.5428104629166667,0.5226206057170486,0.542810463
el4pr7gt,eval_ukr_rus_twitter_pl_to_midterm_pl_1shot_13_04_2026_22_20_37,finished,midterm,pl,eval_ukr_rus_twitter_pl_to_midterm_pl_1shot,state/train1_ukr_rus_twitter_pl_1p5m_13_04_2026_11_30_52/checkpoint/state_dict_22000.ckpt,1.0,2.0,12.0,False,0.5669166666666666,,0.5677451551193545,0.57343744625,2026-04-14 05:20:39+00:00,1.0,[],384.0,emb_only,True,/scratch1/eibl/data/midterm/graphs/retweet_graph_1p5m.pt,1.0,midterm,train1_ukr_rus_twitter_pl_1p5m_13_04_2026_11_30_52,4/14,1,"[('ukr_rus_twitter', 'pl', 4)]",['uk4yl0g5'],ukr_rus_twitter+pl(4),midterm,pl,midterm+pl(1),uk4yl0g5|midterm+pl(1),ukr_rus_twitter+pl(4)|midterm+pl(1),0.57343744625,0.5677451551193545,0.573437446
gl1z4nks,eval_ukr_rus_twitter_pl_to_ukr_rus_twitter_pl_3shot_13_04_2026_22_20_34,finished,ukr_rus_twitter,pl,eval_ukr_rus_twitter_pl_to_ukr_rus_twitter_pl_3shot,state/train1_ukr_rus_twitter_pl_1p5m_13_04_2026_11_30_52/checkpoint/state_dict_22000.ckpt,3.0,2.0,12.0,False,0.8465416666666666,,0.8464405733774735,0.9261546493055556,2026-04-14 05:20:38+00:00,1.0,[],384.0,emb_only,True,/scratch1/eibl/data/ukr_rus_twitter/graphs/retweet_graph_1p5m_hf03_political_labels.pt,3.0,ukr_rus_twitter,train1_ukr_rus_twitter_pl_1p5m_13_04_2026_11_30_52,4/14,3,"[('ukr_rus_twitter', 'pl', 4)]",['uk4yl0g5'],ukr_rus_twitter+pl(4),ukr_rus_twitter,pl,ukr_rus_twitter+pl(3),uk4yl0g5|ukr_rus_twitter+pl(3),ukr_rus_twitter+pl(4)|ukr_rus_twitter+pl(3),0.9261546493055556,0.8464405733774735,0.926154649
da5s0d9l,eval_midterm_pl_to_covid19_twitter_pl_1shot_13_04_2026_22_20_26,finished,covid19_twitter,pl,eval_midterm_pl_to_covid19_twitter_pl_1shot,state/train1_midterm_pl_1p5m_13_04_2026_17_14_38/checkpoint/state_dict_22000.ckpt,1.0,2.0,12.0,False,0.5072416666666667,,0.5075658524804504,0.5077813761111111,2026-04-14 05:20:31+00:00,1.0,[],384.0,emb_only,True,/scratch1/eibl/data/covid19_twitter/graphs/retweet_graph_1p5m_hf03_labeled.pt,1.0,covid19_twitter,train1_midterm_pl_1p5m_13_04_2026_17_14_38,4/14,1,"[('midterm', 'pl', 4)]",['cao4vh4l'],midterm+pl(4),covid19_twitter,pl,covid19_twitter+pl(1),cao4vh4l|covid19_twitter+pl(1),midterm+pl(4)|covid19_twitter+pl(1),0.5077813761111111,0.5075658524804504,0.507781376
blvqu39f,eval_covid19_twitter_pl_to_covid19_twitter_pl_1shot_13_04_2026_22_20_25,finished,covid19_twitter,pl,eval_covid19_twitter_pl_to_covid19_twitter_pl_1shot,state/train1_covid19_twitter_pl_1p5m_13_04_2026_11_43_04/checkpoint/state_dict_22000.ckpt,1.0,2.0,12.0,False,0.76685,,0.7672263174534503,0.8488996679166667,2026-04-14 05:20:29+00:00,1.0,[],384.0,emb_only,True,/scratch1/eibl/data/covid19_twitter/graphs/retweet_graph_1p5m_hf03_labeled.pt,1.0,covid19_twitter,train1_covid19_twitter_pl_1p5m_13_04_2026_11_43_04,4/14,1,"[('covid19_twitter', 'pl', 4)]",['1tykfbva'],covid19_twitter+pl(4),covid19_twitter,pl,covid19_twitter+pl(1),1tykfbva|covid19_twitter+pl(1),covid19_twitter+pl(4)|covid19_twitter+pl(1),0.8488996679166667,0.7672263174534503,0.848899668
3xb6r5qb,eval_covid19_twitter_lp_to_ukr_rus_twitter_pl_1shot_13_04_2026_22_20_09,finished,ukr_rus_twitter,pl,eval_covid19_twitter_lp_to_ukr_rus_twitter_pl_1shot,state/train1_covid19_twitter_lp_1p5m_13_04_2026_15_42_52/checkpoint/state_dict_28000.ckpt,1.0,2.0,12.0,False,0.508675,,0.5086463377030327,0.5115094883333333,2026-04-14 05:20:14+00:00,1.0,[],384.0,emb_only,True,/scratch1/eibl/data/ukr_rus_twitter/graphs/retweet_graph_1p5m_hf03_political_labels.pt,1.0,ukr_rus_twitter,train1_covid19_twitter_lp_1p5m_13_04_2026_15_42_52,4/14,1,"[('covid19_twitter', 'lp', 1)]",['2l1wyfau'],covid19_twitter+lp(1),ukr_rus_twitter,pl,ukr_rus_twitter+pl(1),2l1wyfau|ukr_rus_twitter+pl(1),covid19_twitter+lp(1)|ukr_rus_twitter+pl(1),0.5115094883333333,0.5086463377030327,0.511509488
9f3qynut,eval_midterm_pl_to_midterm_pl_0shot_13_04_2026_22_20_10,finished,midterm,pl,eval_midterm_pl_to_midterm_pl_0shot,state/train1_midterm_pl_1p5m_13_04_2026_17_14_38/checkpoint/state_dict_22000.ckpt,0.0,2.0,12.0,True,0.9285,,0.9283961744529567,0.9551033509722222,2026-04-14 05:20:12+00:00,1.0,[],384.0,emb_only,True,/scratch1/eibl/data/midterm/graphs/retweet_graph_1p5m.pt,0.0,midterm,train1_midterm_pl_1p5m_13_04_2026_17_14_38,4/14,0,"[('midterm', 'pl', 4)]",['cao4vh4l'],midterm+pl(4),midterm,pl,midterm+pl(0),cao4vh4l|midterm+pl(0),midterm+pl(4)|midterm+pl(0),0.9551033509722222,0.9283961744529567,0.955103351
7vizbscr,eval_ukr_rus_twitter_pl_to_covid19_twitter_pl_1shot_13_04_2026_22_20_01,finished,covid19_twitter,pl,eval_ukr_rus_twitter_pl_to_covid19_twitter_pl_1shot,state/train1_ukr_rus_twitter_pl_1p5m_13_04_2026_11_30_52/checkpoint/state_dict_22000.ckpt,1.0,2.0,12.0,False,0.5050083333333333,,0.5047235493742235,0.5061255936111111,2026-04-14 05:20:06+00:00,1.0,[],384.0,emb_only,True,/scratch1/eibl/data/covid19_twitter/graphs/retweet_graph_1p5m_hf03_labeled.pt,1.0,covid19_twitter,train1_ukr_rus_twitter_pl_1p5m_13_04_2026_11_30_52,4/14,1,"[('ukr_rus_twitter', 'pl', 4)]",['uk4yl0g5'],ukr_rus_twitter+pl(4),covid19_twitter,pl,covid19_twitter+pl(1),uk4yl0g5|covid19_twitter+pl(1),ukr_rus_twitter+pl(4)|covid19_twitter+pl(1),0.5061255936111111,0.5047235493742235,0.506125594
5lvl877d,eval_ukr_rus_twitter_pl_to_ukr_rus_twitter_lp_3shot_13_04_2026_22_19_47,finished,ukr_rus_twitter,lp,eval_ukr_rus_twitter_pl_to_ukr_rus_twitter_lp_3shot,state/train1_ukr_rus_twitter_pl_1p5m_13_04_2026_11_30_52/checkpoint/state_dict_22000.ckpt,3.0,1.0,12.0,False,0.5094083333333334,,0.5449936236812614,0.5310399527777778,2026-04-14 05:19:50+00:00,1.0,[],384.0,emb_only,True,/scratch1/eibl/data/ukr_rus_twitter/graphs/retweet_graph_1p5m_hf03_political_labels.pt,3.0,ukr_rus_twitter,train1_ukr_rus_twitter_pl_1p5m_13_04_2026_11_30_52,4/14,3,"[('ukr_rus_twitter', 'pl', 4)]",['uk4yl0g5'],ukr_rus_twitter+pl(4),ukr_rus_twitter,lp,ukr_rus_twitter+lp(3),uk4yl0g5|ukr_rus_twitter+lp(3),ukr_rus_twitter+pl(4)|ukr_rus_twitter+lp(3),0.5310399527777778,0.5449936236812614,0.531039953
3m1gz9nd,eval_midterm_pl_to_covid19_twitter_lp_1shot_13_04_2026_22_19_37,finished,covid19_twitter,lp,eval_midterm_pl_to_covid19_twitter_lp_1shot,state/train1_midterm_pl_1p5m_13_04_2026_17_14_38/checkpoint/state_dict_22000.ckpt,1.0,1.0,12.0,False,0.546925,,0.597257716838152,0.5687570850000001,2026-04-14 05:19:42+00:00,1.0,[],384.0,emb_only,True,/scratch1/eibl/data/covid19_twitter/graphs/retweet_graph_1p5m_hf03_labeled.pt,1.0,covid19_twitter,train1_midterm_pl_1p5m_13_04_2026_17_14_38,4/14,1,"[('midterm', 'pl', 4)]",['cao4vh4l'],midterm+pl(4),covid19_twitter,lp,covid19_twitter+lp(1),cao4vh4l|covid19_twitter+lp(1),midterm+pl(4)|covid19_twitter+lp(1),0.5687570850000001,0.597257716838152,0.568757085
fdc7liin,eval_covid19_twitter_pl_to_covid19_twitter_lp_1shot_13_04_2026_22_19_35,finished,covid19_twitter,lp,eval_covid19_twitter_pl_to_covid19_twitter_lp_1shot,state/train1_covid19_twitter_pl_1p5m_13_04_2026_11_43_04/checkpoint/state_dict_22000.ckpt,1.0,1.0,12.0,False,0.5126916666666667,,0.6577991046610293,0.54323399125,2026-04-14 05:19:41+00:00,1.0,[],384.0,emb_only,True,/scratch1/eibl/data/covid19_twitter/graphs/retweet_graph_1p5m_hf03_labeled.pt,1.0,covid19_twitter,train1_covid19_twitter_pl_1p5m_13_04_2026_11_43_04,4/14,1,"[('covid19_twitter', 'pl', 4)]",['1tykfbva'],covid19_twitter+pl(4),covid19_twitter,lp,covid19_twitter+lp(1),1tykfbva|covid19_twitter+lp(1),covid19_twitter+pl(4)|covid19_twitter+lp(1),0.54323399125,0.6577991046610293,0.543233991
wv08ctin,eval_covid19_twitter_pl_to_midterm_lp_1shot_13_04_2026_22_19_28,finished,midterm,lp,eval_covid19_twitter_pl_to_midterm_lp_1shot,state/train1_covid19_twitter_pl_1p5m_13_04_2026_11_43_04/checkpoint/state_dict_22000.ckpt,1.0,1.0,12.0,False,0.5010666666666667,,0.6611504765354402,0.4882553738888888,2026-04-14 05:19:31+00:00,1.0,[],384.0,emb_only,True,/scratch1/eibl/data/midterm/graphs/retweet_graph_1p5m.pt,1.0,midterm,train1_covid19_twitter_pl_1p5m_13_04_2026_11_43_04,4/14,1,"[('covid19_twitter', 'pl', 4)]",['1tykfbva'],covid19_twitter+pl(4),midterm,lp,midterm+lp(1),1tykfbva|midterm+lp(1),covid19_twitter+pl(4)|midterm+lp(1),0.4882553738888888,0.6611504765354402,0.488255374
r9oyzl7a,eval_ukr_rus_twitter_pl_to_midterm_lp_1shot_13_04_2026_22_19_28,finished,midterm,lp,eval_ukr_rus_twitter_pl_to_midterm_lp_1shot,state/train1_ukr_rus_twitter_pl_1p5m_13_04_2026_11_30_52/checkpoint/state_dict_22000.ckpt,1.0,1.0,12.0,False,0.4818333333333333,,0.553420092504812,0.4836086756944444,2026-04-14 05:19:31+00:00,1.0,[],384.0,emb_only,True,/scratch1/eibl/data/midterm/graphs/retweet_graph_1p5m.pt,1.0,midterm,train1_ukr_rus_twitter_pl_1p5m_13_04_2026_11_30_52,4/14,1,"[('ukr_rus_twitter', 'pl', 4)]",['uk4yl0g5'],ukr_rus_twitter+pl(4),midterm,lp,midterm+lp(1),uk4yl0g5|midterm+lp(1),ukr_rus_twitter+pl(4)|midterm+lp(1),0.4836086756944444,0.553420092504812,0.483608676
z7dflk5g,eval_ukr_rus_twitter_pl_to_covid19_twitter_lp_1shot_13_04_2026_22_19_12,finished,covid19_twitter,lp,eval_ukr_rus_twitter_pl_to_covid19_twitter_lp_1shot,state/train1_ukr_rus_twitter_pl_1p5m_13_04_2026_11_30_52/checkpoint/state_dict_22000.ckpt,1.0,1.0,12.0,False,0.5107333333333334,,0.5859111618918652,0.5264255941666667,2026-04-14 05:19:17+00:00,1.0,[],384.0,emb_only,True,/scratch1/eibl/data/covid19_twitter/graphs/retweet_graph_1p5m_hf03_labeled.pt,1.0,covid19_twitter,train1_ukr_rus_twitter_pl_1p5m_13_04_2026_11_30_52,4/14,1,"[('ukr_rus_twitter', 'pl', 4)]",['uk4yl0g5'],ukr_rus_twitter+pl(4),covid19_twitter,lp,covid19_twitter+lp(1),uk4yl0g5|covid19_twitter+lp(1),ukr_rus_twitter+pl(4)|covid19_twitter+lp(1),0.5264255941666667,0.5859111618918652,0.526425594
3cs4gsm8,eval_midterm_pl_to_midterm_lp_0shot_13_04_2026_22_19_09,finished,midterm,lp,eval_midterm_pl_to_midterm_lp_0shot,state/train1_midterm_pl_1p5m_13_04_2026_17_14_38/checkpoint/state_dict_22000.ckpt,0.0,1.0,12.0,True,0.5138666666666667,,0.4986076253996631,0.5203931341666667,2026-04-14 05:19:11+00:00,1.0,[],384.0,emb_only,True,/scratch1/eibl/data/midterm/graphs/retweet_graph_1p5m.pt,0.0,midterm,train1_midterm_pl_1p5m_13_04_2026_17_14_38,4/14,0,"[('midterm', 'pl', 4)]",['cao4vh4l'],midterm+pl(4),midterm,lp,midterm+lp(0),cao4vh4l|midterm+lp(0),midterm+pl(4)|midterm+lp(0),0.5203931341666667,0.4986076253996631,0.520393134
q8mezi8q,eval_covid19_twitter_lp_to_ukr_rus_twitter_lp_1shot_13_04_2026_22_18_52,finished,ukr_rus_twitter,lp,eval_covid19_twitter_lp_to_ukr_rus_twitter_lp_1shot,state/train1_covid19_twitter_lp_1p5m_13_04_2026_15_42_52/checkpoint/state_dict_28000.ckpt,1.0,1.0,12.0,False,0.7514416666666667,,0.7435934907631074,0.8382727115277778,2026-04-14 05:18:58+00:00,1.0,[],384.0,emb_only,True,/scratch1/eibl/data/ukr_rus_twitter/graphs/retweet_graph_1p5m_hf03_political_labels.pt,1.0,ukr_rus_twitter,train1_covid19_twitter_lp_1p5m_13_04_2026_15_42_52,4/14,1,"[('covid19_twitter', 'lp', 1)]",['2l1wyfau'],covid19_twitter+lp(1),ukr_rus_twitter,lp,ukr_rus_twitter+lp(1),2l1wyfau|ukr_rus_twitter+lp(1),covid19_twitter+lp(1)|ukr_rus_twitter+lp(1),0.8382727115277778,0.7435934907631074,0.838272712
gjevrlf2,eval_ukr_rus_twitter_pl_to_ukr_rus_twitter_nm_3shot_13_04_2026_22_17_52,finished,ukr_rus_twitter,nm,eval_ukr_rus_twitter_pl_to_ukr_rus_twitter_nm_3shot,state/train1_ukr_rus_twitter_pl_1p5m_13_04_2026_11_30_52/checkpoint/state_dict_22000.ckpt,3.0,3.0,12.0,False,0.52455,,0.5220964530945055,0.7313035203935185,2026-04-14 05:17:55+00:00,1.0,[],384.0,emb_only,True,/scratch1/eibl/data/ukr_rus_twitter/graphs/retweet_graph_1p5m_hf03_political_labels.pt,3.0,ukr_rus_twitter,train1_ukr_rus_twitter_pl_1p5m_13_04_2026_11_30_52,4/14,3,"[('ukr_rus_twitter', 'pl', 4)]",['uk4yl0g5'],ukr_rus_twitter+pl(4),ukr_rus_twitter,nm,ukr_rus_twitter+nm(3),uk4yl0g5|ukr_rus_twitter+nm(3),ukr_rus_twitter+pl(4)|ukr_rus_twitter+nm(3),0.7313035203935185,0.5220964530945055,0.73130352
sxsczt1o,eval_midterm_pl_to_covid19_twitter_nm_1shot_13_04_2026_22_17_46,finished,covid19_twitter,nm,eval_midterm_pl_to_covid19_twitter_nm_1shot,state/train1_midterm_pl_1p5m_13_04_2026_17_14_38/checkpoint/state_dict_22000.ckpt,1.0,3.0,12.0,False,0.4430722222222222,,0.4428610824460038,0.6212683168055555,2026-04-14 05:17:50+00:00,1.0,[],384.0,emb_only,True,/scratch1/eibl/data/covid19_twitter/graphs/retweet_graph_1p5m_hf03_labeled.pt,1.0,covid19_twitter,train1_midterm_pl_1p5m_13_04_2026_17_14_38,4/14,1,"[('midterm', 'pl', 4)]",['cao4vh4l'],midterm+pl(4),covid19_twitter,nm,covid19_twitter+nm(1),cao4vh4l|covid19_twitter+nm(1),midterm+pl(4)|covid19_twitter+nm(1),0.6212683168055555,0.4428610824460038,0.621268317
gcebgty8,eval_covid19_twitter_pl_to_covid19_twitter_nm_1shot_13_04_2026_22_17_45,finished,covid19_twitter,nm,eval_covid19_twitter_pl_to_covid19_twitter_nm_1shot,state/train1_covid19_twitter_pl_1p5m_13_04_2026_11_43_04/checkpoint/state_dict_22000.ckpt,1.0,3.0,12.0,False,0.3379055555555555,,0.2452417994325507,0.5052072330555556,2026-04-14 05:17:49+00:00,1.0,[],384.0,emb_only,True,/scratch1/eibl/data/covid19_twitter/graphs/retweet_graph_1p5m_hf03_labeled.pt,1.0,covid19_twitter,train1_covid19_twitter_pl_1p5m_13_04_2026_11_43_04,4/14,1,"[('covid19_twitter', 'pl', 4)]",['1tykfbva'],covid19_twitter+pl(4),covid19_twitter,nm,covid19_twitter+nm(1),1tykfbva|covid19_twitter+nm(1),covid19_twitter+pl(4)|covid19_twitter+nm(1),0.5052072330555556,0.2452417994325507,0.505207233
1h62tibp,eval_ukr_rus_twitter_pl_to_covid19_twitter_nm_1shot_13_04_2026_22_17_24,finished,covid19_twitter,nm,eval_ukr_rus_twitter_pl_to_covid19_twitter_nm_1shot,state/train1_ukr_rus_twitter_pl_1p5m_13_04_2026_11_30_52/checkpoint/state_dict_22000.ckpt,1.0,3.0,12.0,False,0.4417388888888889,,0.4403280640976861,0.6180794698842593,2026-04-14 05:17:28+00:00,1.0,[],384.0,emb_only,True,/scratch1/eibl/data/covid19_twitter/graphs/retweet_graph_1p5m_hf03_labeled.pt,1.0,covid19_twitter,train1_ukr_rus_twitter_pl_1p5m_13_04_2026_11_30_52,4/14,1,"[('ukr_rus_twitter', 'pl', 4)]",['uk4yl0g5'],ukr_rus_twitter+pl(4),covid19_twitter,nm,covid19_twitter+nm(1),uk4yl0g5|covid19_twitter+nm(1),ukr_rus_twitter+pl(4)|covid19_twitter+nm(1),0.6180794698842593,0.4403280640976861,0.61807947
noutopks,eval_covid19_twitter_pl_to_midterm_nm_1shot_13_04_2026_22_17_22,finished,midterm,nm,eval_covid19_twitter_pl_to_midterm_nm_1shot,state/train1_covid19_twitter_pl_1p5m_13_04_2026_11_43_04/checkpoint/state_dict_22000.ckpt,1.0,3.0,12.0,False,0.3309055555555555,,0.240916946741456,0.5013215090046298,2026-04-14 05:17:25+00:00,1.0,[],384.0,emb_only,True,/scratch1/eibl/data/midterm/graphs/retweet_graph_1p5m.pt,1.0,midterm,train1_covid19_twitter_pl_1p5m_13_04_2026_11_43_04,4/14,1,"[('covid19_twitter', 'pl', 4)]",['1tykfbva'],covid19_twitter+pl(4),midterm,nm,midterm+nm(1),1tykfbva|midterm+nm(1),covid19_twitter+pl(4)|midterm+nm(1),0.5013215090046298,0.240916946741456,0.501321509
yuf156l4,eval_ukr_rus_twitter_pl_to_midterm_nm_1shot_13_04_2026_22_17_22,finished,midterm,nm,eval_ukr_rus_twitter_pl_to_midterm_nm_1shot,state/train1_ukr_rus_twitter_pl_1p5m_13_04_2026_11_30_52/checkpoint/state_dict_22000.ckpt,1.0,3.0,12.0,False,0.4137111111111111,,0.4128304554944209,0.5845874156944445,2026-04-14 05:17:24+00:00,1.0,[],384.0,emb_only,True,/scratch1/eibl/data/midterm/graphs/retweet_graph_1p5m.pt,1.0,midterm,train1_ukr_rus_twitter_pl_1p5m_13_04_2026_11_30_52,4/14,1,"[('ukr_rus_twitter', 'pl', 4)]",['uk4yl0g5'],ukr_rus_twitter+pl(4),midterm,nm,midterm+nm(1),uk4yl0g5|midterm+nm(1),ukr_rus_twitter+pl(4)|midterm+nm(1),0.5845874156944445,0.4128304554944209,0.584587416
zagak39y,eval_midterm_pl_to_midterm_nm_0shot_13_04_2026_22_17_14,finished,midterm,nm,eval_midterm_pl_to_midterm_nm_0shot,state/train1_midterm_pl_1p5m_13_04_2026_17_14_38/checkpoint/state_dict_22000.ckpt,0.0,3.0,12.0,True,0.3353277777777778,,0.3252993913441156,0.5040691753703704,2026-04-14 05:17:16+00:00,1.0,[],384.0,emb_only,True,/scratch1/eibl/data/midterm/graphs/retweet_graph_1p5m.pt,0.0,midterm,train1_midterm_pl_1p5m_13_04_2026_17_14_38,4/14,0,"[('midterm', 'pl', 4)]",['cao4vh4l'],midterm+pl(4),midterm,nm,midterm+nm(0),cao4vh4l|midterm+nm(0),midterm+pl(4)|midterm+nm(0),0.5040691753703704,0.3252993913441156,0.504069175
khsjbw1c,eval_ukr_rus_twitter_pl_to_ukr_rus_twitter_pl_1shot_13_04_2026_22_17_04,finished,ukr_rus_twitter,pl,eval_ukr_rus_twitter_pl_to_ukr_rus_twitter_pl_1shot,state/train1_ukr_rus_twitter_pl_1p5m_13_04_2026_11_30_52/checkpoint/state_dict_22000.ckpt,1.0,2.0,12.0,False,0.8393416666666667,,0.8393510378561251,0.9190517451388888,2026-04-14 05:17:07+00:00,1.0,[],384.0,emb_only,True,/scratch1/eibl/data/ukr_rus_twitter/graphs/retweet_graph_1p5m_hf03_political_labels.pt,1.0,ukr_rus_twitter,train1_ukr_rus_twitter_pl_1p5m_13_04_2026_11_30_52,4/14,1,"[('ukr_rus_twitter', 'pl', 4)]",['uk4yl0g5'],ukr_rus_twitter+pl(4),ukr_rus_twitter,pl,ukr_rus_twitter+pl(1),uk4yl0g5|ukr_rus_twitter+pl(1),ukr_rus_twitter+pl(4)|ukr_rus_twitter+pl(1),0.9190517451388888,0.8393510378561251,0.919051745
xuisrdh5,eval_midterm_pl_to_covid19_twitter_pl_0shot_13_04_2026_22_17_00,finished,covid19_twitter,pl,eval_midterm_pl_to_covid19_twitter_pl_0shot,state/train1_midterm_pl_1p5m_13_04_2026_17_14_38/checkpoint/state_dict_22000.ckpt,0.0,2.0,12.0,True,0.5004416666666667,,0.5003792140684252,0.5019962506944444,2026-04-14 05:17:05+00:00,1.0,[],384.0,emb_only,True,/scratch1/eibl/data/covid19_twitter/graphs/retweet_graph_1p5m_hf03_labeled.pt,0.0,covid19_twitter,train1_midterm_pl_1p5m_13_04_2026_17_14_38,4/14,0,"[('midterm', 'pl', 4)]",['cao4vh4l'],midterm+pl(4),covid19_twitter,pl,covid19_twitter+pl(0),cao4vh4l|covid19_twitter+pl(0),midterm+pl(4)|covid19_twitter+pl(0),0.5019962506944444,0.5003792140684252,0.501996251
3cbxilpw,eval_covid19_twitter_pl_to_covid19_twitter_pl_0shot_13_04_2026_22_16_59,finished,covid19_twitter,pl,eval_covid19_twitter_pl_to_covid19_twitter_pl_0shot,state/train1_covid19_twitter_pl_1p5m_13_04_2026_11_43_04/checkpoint/state_dict_22000.ckpt,0.0,2.0,12.0,True,0.76205,,0.761883318322826,0.8644458059722222,2026-04-14 05:17:03+00:00,1.0,[],384.0,emb_only,True,/scratch1/eibl/data/covid19_twitter/graphs/retweet_graph_1p5m_hf03_labeled.pt,0.0,covid19_twitter,train1_covid19_twitter_pl_1p5m_13_04_2026_11_43_04,4/14,0,"[('covid19_twitter', 'pl', 4)]",['1tykfbva'],covid19_twitter+pl(4),covid19_twitter,pl,covid19_twitter+pl(0),1tykfbva|covid19_twitter+pl(0),covid19_twitter+pl(4)|covid19_twitter+pl(0),0.8644458059722222,0.761883318322826,0.864445806
3r3cm7gg,eval_ukr_rus_twitter_pl_to_covid19_twitter_pl_0shot_13_04_2026_22_16_38,finished,covid19_twitter,pl,eval_ukr_rus_twitter_pl_to_covid19_twitter_pl_0shot,state/train1_ukr_rus_twitter_pl_1p5m_13_04_2026_11_30_52/checkpoint/state_dict_22000.ckpt,0.0,2.0,12.0,True,0.5279833333333334,,0.5273768002269579,0.5374843547222223,2026-04-14 05:16:42+00:00,1.0,[],384.0,emb_only,True,/scratch1/eibl/data/covid19_twitter/graphs/retweet_graph_1p5m_hf03_labeled.pt,0.0,covid19_twitter,train1_ukr_rus_twitter_pl_1p5m_13_04_2026_11_30_52,4/14,0,"[('ukr_rus_twitter', 'pl', 4)]",['uk4yl0g5'],ukr_rus_twitter+pl(4),covid19_twitter,pl,covid19_twitter+pl(0),uk4yl0g5|covid19_twitter+pl(0),ukr_rus_twitter+pl(4)|covid19_twitter+pl(0),0.5374843547222223,0.5273768002269579,0.537484355
fslv5yfc,eval_ukr_rus_twitter_pl_to_midterm_pl_0shot_13_04_2026_22_16_31,finished,midterm,pl,eval_ukr_rus_twitter_pl_to_midterm_pl_0shot,state/train1_ukr_rus_twitter_pl_1p5m_13_04_2026_11_30_52/checkpoint/state_dict_22000.ckpt,0.0,2.0,12.0,True,0.5534166666666667,,0.5588211080925332,0.5682100359722222,2026-04-14 05:16:33+00:00,1.0,[],384.0,emb_only,True,/scratch1/eibl/data/midterm/graphs/retweet_graph_1p5m.pt,0.0,midterm,train1_ukr_rus_twitter_pl_1p5m_13_04_2026_11_30_52,4/14,0,"[('ukr_rus_twitter', 'pl', 4)]",['uk4yl0g5'],ukr_rus_twitter+pl(4),midterm,pl,midterm+pl(0),uk4yl0g5|midterm+pl(0),ukr_rus_twitter+pl(4)|midterm+pl(0),0.5682100359722222,0.5588211080925332,0.568210036
5x8y6h73,eval_covid19_twitter_pl_to_midterm_pl_0shot_13_04_2026_22_16_31,finished,midterm,pl,eval_covid19_twitter_pl_to_midterm_pl_0shot,state/train1_covid19_twitter_pl_1p5m_13_04_2026_11_43_04/checkpoint/state_dict_22000.ckpt,0.0,2.0,12.0,True,0.507275,,0.5038474125416419,0.5352051154166667,2026-04-14 05:16:33+00:00,1.0,[],384.0,emb_only,True,/scratch1/eibl/data/midterm/graphs/retweet_graph_1p5m.pt,0.0,midterm,train1_covid19_twitter_pl_1p5m_13_04_2026_11_43_04,4/14,0,"[('covid19_twitter', 'pl', 4)]",['1tykfbva'],covid19_twitter+pl(4),midterm,pl,midterm+pl(0),1tykfbva|midterm+pl(0),covid19_twitter+pl(4)|midterm+pl(0),0.5352051154166667,0.5038474125416419,0.535205115
s21rj6gy,eval_ukr_rus_twitter_pl_to_ukr_rus_twitter_lp_1shot_13_04_2026_22_16_20,finished,ukr_rus_twitter,lp,eval_ukr_rus_twitter_pl_to_ukr_rus_twitter_lp_1shot,state/train1_ukr_rus_twitter_pl_1p5m_13_04_2026_11_30_52/checkpoint/state_dict_22000.ckpt,1.0,1.0,12.0,False,0.5198166666666667,,0.5800084549337454,0.5377352131944444,2026-04-14 05:16:24+00:00,1.0,[],384.0,emb_only,True,/scratch1/eibl/data/ukr_rus_twitter/graphs/retweet_graph_1p5m_hf03_political_labels.pt,1.0,ukr_rus_twitter,train1_ukr_rus_twitter_pl_1p5m_13_04_2026_11_30_52,4/14,1,"[('ukr_rus_twitter', 'pl', 4)]",['uk4yl0g5'],ukr_rus_twitter+pl(4),ukr_rus_twitter,lp,ukr_rus_twitter+lp(1),uk4yl0g5|ukr_rus_twitter+lp(1),ukr_rus_twitter+pl(4)|ukr_rus_twitter+lp(1),0.5377352131944444,0.5800084549337454,0.537735213
lecimjgg,eval_midterm_pl_to_covid19_twitter_lp_0shot_13_04_2026_22_16_14,finished,covid19_twitter,lp,eval_midterm_pl_to_covid19_twitter_lp_0shot,state/train1_midterm_pl_1p5m_13_04_2026_17_14_38/checkpoint/state_dict_22000.ckpt,0.0,1.0,12.0,True,0.4835833333333333,,0.5038510191990521,0.4870820922222222,2026-04-14 05:16:19+00:00,1.0,[],384.0,emb_only,True,/scratch1/eibl/data/covid19_twitter/graphs/retweet_graph_1p5m_hf03_labeled.pt,0.0,covid19_twitter,train1_midterm_pl_1p5m_13_04_2026_17_14_38,4/14,0,"[('midterm', 'pl', 4)]",['cao4vh4l'],midterm+pl(4),covid19_twitter,lp,covid19_twitter+lp(0),cao4vh4l|covid19_twitter+lp(0),midterm+pl(4)|covid19_twitter+lp(0),0.4870820922222222,0.5038510191990521,0.487082092
gc44cklk,eval_covid19_twitter_pl_to_covid19_twitter_lp_0shot_13_04_2026_22_16_14,finished,covid19_twitter,lp,eval_covid19_twitter_pl_to_covid19_twitter_lp_0shot,state/train1_covid19_twitter_pl_1p5m_13_04_2026_11_43_04/checkpoint/state_dict_22000.ckpt,0.0,1.0,12.0,True,0.5106833333333334,,0.5141731892571694,0.5185202283333333,2026-04-14 05:16:19+00:00,1.0,[],384.0,emb_only,True,/scratch1/eibl/data/covid19_twitter/graphs/retweet_graph_1p5m_hf03_labeled.pt,0.0,covid19_twitter,train1_covid19_twitter_pl_1p5m_13_04_2026_11_43_04,4/14,0,"[('covid19_twitter', 'pl', 4)]",['1tykfbva'],covid19_twitter+pl(4),covid19_twitter,lp,covid19_twitter+lp(0),1tykfbva|covid19_twitter+lp(0),covid19_twitter+pl(4)|covid19_twitter+lp(0),0.5185202283333333,0.5141731892571694,0.518520228
xs5fecl0,eval_ukr_rus_twitter_pl_to_covid19_twitter_lp_0shot_13_04_2026_22_15_53,finished,covid19_twitter,lp,eval_ukr_rus_twitter_pl_to_covid19_twitter_lp_0shot,state/train1_ukr_rus_twitter_pl_1p5m_13_04_2026_11_30_52/checkpoint/state_dict_22000.ckpt,0.0,1.0,12.0,True,0.4856083333333333,,0.4438958909539726,0.4706478758333333,2026-04-14 05:15:58+00:00,1.0,[],384.0,emb_only,True,/scratch1/eibl/data/covid19_twitter/graphs/retweet_graph_1p5m_hf03_labeled.pt,0.0,covid19_twitter,train1_ukr_rus_twitter_pl_1p5m_13_04_2026_11_30_52,4/14,0,"[('ukr_rus_twitter', 'pl', 4)]",['uk4yl0g5'],ukr_rus_twitter+pl(4),covid19_twitter,lp,covid19_twitter+lp(0),uk4yl0g5|covid19_twitter+lp(0),ukr_rus_twitter+pl(4)|covid19_twitter+lp(0),0.4706478758333333,0.4438958909539726,0.470647876
aney6hbn,eval_midterm_lp_to_midterm_pl_10shot_13_04_2026_22_15_56,finished,midterm,pl,eval_midterm_lp_to_midterm_pl_10shot,state/train1_midterm_lp_1p5m_13_04_2026_18_19_00/checkpoint/state_dict_28000.ckpt,10.0,2.0,12.0,False,0.9167416666666668,,0.9167492979810185,0.9813031419444448,2026-04-14 05:15:58+00:00,1.0,[],384.0,emb_only,True,/scratch1/eibl/data/midterm/graphs/retweet_graph_1p5m.pt,10.0,midterm,train1_midterm_lp_1p5m_13_04_2026_18_19_00,4/14,10,"[('midterm', 'lp', 1)]",['7bjy1aj6'],midterm+lp(1),midterm,pl,midterm+pl(10),7bjy1aj6|midterm+pl(10),midterm+lp(1)|midterm+pl(10),0.9813031419444448,0.9167492979810185,0.981303142
o9lmelqf,eval_covid19_twitter_lp_to_ukr_rus_twitter_nm_1shot_13_04_2026_22_15_46,finished,ukr_rus_twitter,nm,eval_covid19_twitter_lp_to_ukr_rus_twitter_nm_1shot,state/train1_covid19_twitter_lp_1p5m_13_04_2026_15_42_52/checkpoint/state_dict_28000.ckpt,1.0,3.0,12.0,False,0.6698944444444445,,0.6697166052596936,0.8530316401851851,2026-04-14 05:15:51+00:00,1.0,[],384.0,emb_only,True,/scratch1/eibl/data/ukr_rus_twitter/graphs/retweet_graph_1p5m_hf03_political_labels.pt,1.0,ukr_rus_twitter,train1_covid19_twitter_lp_1p5m_13_04_2026_15_42_52,4/14,1,"[('covid19_twitter', 'lp', 1)]",['2l1wyfau'],covid19_twitter+lp(1),ukr_rus_twitter,nm,ukr_rus_twitter+nm(1),2l1wyfau|ukr_rus_twitter+nm(1),covid19_twitter+lp(1)|ukr_rus_twitter+nm(1),0.8530316401851851,0.6697166052596936,0.85303164
he1ynijq,eval_ukr_rus_twitter_pl_to_midterm_lp_0shot_13_04_2026_22_15_28,finished,midterm,lp,eval_ukr_rus_twitter_pl_to_midterm_lp_0shot,state/train1_ukr_rus_twitter_pl_1p5m_13_04_2026_11_30_52/checkpoint/state_dict_22000.ckpt,0.0,1.0,12.0,True,0.4937083333333333,,0.4383222239684932,0.4861146951388889,2026-04-14 05:15:31+00:00,1.0,[],384.0,emb_only,True,/scratch1/eibl/data/midterm/graphs/retweet_graph_1p5m.pt,0.0,midterm,train1_ukr_rus_twitter_pl_1p5m_13_04_2026_11_30_52,4/14,0,"[('ukr_rus_twitter', 'pl', 4)]",['uk4yl0g5'],ukr_rus_twitter+pl(4),midterm,lp,midterm+lp(0),uk4yl0g5|midterm+lp(0),ukr_rus_twitter+pl(4)|midterm+lp(0),0.4861146951388889,0.4383222239684932,0.486114695
evhcqwuy,eval_covid19_twitter_pl_to_midterm_lp_0shot_13_04_2026_22_15_28,finished,midterm,lp,eval_covid19_twitter_pl_to_midterm_lp_0shot,state/train1_covid19_twitter_pl_1p5m_13_04_2026_11_43_04/checkpoint/state_dict_22000.ckpt,0.0,1.0,12.0,True,0.5125333333333333,,0.547496751036574,0.5158759916666666,2026-04-14 05:15:31+00:00,1.0,[],384.0,emb_only,True,/scratch1/eibl/data/midterm/graphs/retweet_graph_1p5m.pt,0.0,midterm,train1_covid19_twitter_pl_1p5m_13_04_2026_11_43_04,4/14,0,"[('covid19_twitter', 'pl', 4)]",['1tykfbva'],covid19_twitter+pl(4),midterm,lp,midterm+lp(0),1tykfbva|midterm+lp(0),covid19_twitter+pl(4)|midterm+lp(0),0.5158759916666666,0.547496751036574,0.515875992
e50x2pqp,eval_ukr_rus_twitter_pl_to_ukr_rus_twitter_nm_1shot_13_04_2026_22_14_39,finished,ukr_rus_twitter,nm,eval_ukr_rus_twitter_pl_to_ukr_rus_twitter_nm_1shot,state/train1_ukr_rus_twitter_pl_1p5m_13_04_2026_11_30_52/checkpoint/state_dict_22000.ckpt,1.0,3.0,12.0,False,0.4817611111111111,,0.480433434289168,0.6733180071759258,2026-04-14 05:14:43+00:00,1.0,[],384.0,emb_only,True,/scratch1/eibl/data/ukr_rus_twitter/graphs/retweet_graph_1p5m_hf03_political_labels.pt,1.0,ukr_rus_twitter,train1_ukr_rus_twitter_pl_1p5m_13_04_2026_11_30_52,4/14,1,"[('ukr_rus_twitter', 'pl', 4)]",['uk4yl0g5'],ukr_rus_twitter+pl(4),ukr_rus_twitter,nm,ukr_rus_twitter+nm(1),uk4yl0g5|ukr_rus_twitter+nm(1),ukr_rus_twitter+pl(4)|ukr_rus_twitter+nm(1),0.6733180071759258,0.480433434289168,0.673318007
ilvbaxc0,eval_covid19_twitter_pl_to_covid19_twitter_nm_0shot_13_04_2026_22_14_31,finished,covid19_twitter,nm,eval_covid19_twitter_pl_to_covid19_twitter_nm_0shot,state/train1_covid19_twitter_pl_1p5m_13_04_2026_11_43_04/checkpoint/state_dict_22000.ckpt,0.0,3.0,12.0,True,0.3356666666666666,,0.3242899569143708,0.5012183441898149,2026-04-14 05:14:35+00:00,1.0,[],384.0,emb_only,True,/scratch1/eibl/data/covid19_twitter/graphs/retweet_graph_1p5m_hf03_labeled.pt,0.0,covid19_twitter,train1_covid19_twitter_pl_1p5m_13_04_2026_11_43_04,4/14,0,"[('covid19_twitter', 'pl', 4)]",['1tykfbva'],covid19_twitter+pl(4),covid19_twitter,nm,covid19_twitter+nm(0),1tykfbva|covid19_twitter+nm(0),covid19_twitter+pl(4)|covid19_twitter+nm(0),0.5012183441898149,0.3242899569143708,0.501218344
3cfnkhyu,eval_midterm_pl_to_covid19_twitter_nm_0shot_13_04_2026_22_14_30,finished,covid19_twitter,nm,eval_midterm_pl_to_covid19_twitter_nm_0shot,state/train1_midterm_pl_1p5m_13_04_2026_17_14_38/checkpoint/state_dict_22000.ckpt,0.0,3.0,12.0,True,0.3333611111111111,,0.3055295490958069,0.4996936134027778,2026-04-14 05:14:34+00:00,1.0,[],384.0,emb_only,True,/scratch1/eibl/data/covid19_twitter/graphs/retweet_graph_1p5m_hf03_labeled.pt,0.0,covid19_twitter,train1_midterm_pl_1p5m_13_04_2026_17_14_38,4/14,0,"[('midterm', 'pl', 4)]",['cao4vh4l'],midterm+pl(4),covid19_twitter,nm,covid19_twitter+nm(0),cao4vh4l|covid19_twitter+nm(0),midterm+pl(4)|covid19_twitter+nm(0),0.4996936134027778,0.3055295490958069,0.499693613
cqr8kod1,eval_covid19_twitter_lp_to_ukr_rus_twitter_pl_0shot_13_04_2026_22_14_26,finished,ukr_rus_twitter,pl,eval_covid19_twitter_lp_to_ukr_rus_twitter_pl_0shot,state/train1_covid19_twitter_lp_1p5m_13_04_2026_15_42_52/checkpoint/state_dict_28000.ckpt,0.0,2.0,12.0,True,0.5236416666666667,,0.523677390862352,0.5465357370833334,2026-04-14 05:14:31+00:00,1.0,[],384.0,emb_only,True,/scratch1/eibl/data/ukr_rus_twitter/graphs/retweet_graph_1p5m_hf03_political_labels.pt,0.0,ukr_rus_twitter,train1_covid19_twitter_lp_1p5m_13_04_2026_15_42_52,4/14,0,"[('covid19_twitter', 'lp', 1)]",['2l1wyfau'],covid19_twitter+lp(1),ukr_rus_twitter,pl,ukr_rus_twitter+pl(0),2l1wyfau|ukr_rus_twitter+pl(0),covid19_twitter+lp(1)|ukr_rus_twitter+pl(0),0.5465357370833334,0.523677390862352,0.546535737
kn8txkvq,eval_midterm_lp_to_midterm_lp_10shot_13_04_2026_22_14_22,finished,midterm,lp,eval_midterm_lp_to_midterm_lp_10shot,state/train1_midterm_lp_1p5m_13_04_2026_18_19_00/checkpoint/state_dict_28000.ckpt,10.0,1.0,12.0,False,0.834375,,0.821433384544891,0.9342786066666666,2026-04-14 05:14:24+00:00,1.0,[],384.0,emb_only,True,/scratch1/eibl/data/midterm/graphs/retweet_graph_1p5m.pt,10.0,midterm,train1_midterm_lp_1p5m_13_04_2026_18_19_00,4/14,10,"[('midterm', 'lp', 1)]",['7bjy1aj6'],midterm+lp(1),midterm,lp,midterm+lp(10),7bjy1aj6|midterm+lp(10),midterm+lp(1)|midterm+lp(10),0.9342786066666666,0.821433384544891,0.934278607
3sp3lkwx,eval_ukr_rus_twitter_pl_to_covid19_twitter_nm_0shot_13_04_2026_22_14_05,finished,covid19_twitter,nm,eval_ukr_rus_twitter_pl_to_covid19_twitter_nm_0shot,state/train1_ukr_rus_twitter_pl_1p5m_13_04_2026_11_30_52/checkpoint/state_dict_22000.ckpt,0.0,3.0,12.0,True,0.33295,,0.3189617554981016,0.500815334699074,2026-04-14 05:14:10+00:00,1.0,[],384.0,emb_only,True,/scratch1/eibl/data/covid19_twitter/graphs/retweet_graph_1p5m_hf03_labeled.pt,0.0,covid19_twitter,train1_ukr_rus_twitter_pl_1p5m_13_04_2026_11_30_52,4/14,0,"[('ukr_rus_twitter', 'pl', 4)]",['uk4yl0g5'],ukr_rus_twitter+pl(4),covid19_twitter,nm,covid19_twitter+nm(0),uk4yl0g5|covid19_twitter+nm(0),ukr_rus_twitter+pl(4)|covid19_twitter+nm(0),0.500815334699074,0.3189617554981016,0.500815335
vwwfjool,eval_ukr_rus_twitter_pl_to_ukr_rus_twitter_pl_0shot_13_04_2026_22_13_55,finished,ukr_rus_twitter,pl,eval_ukr_rus_twitter_pl_to_ukr_rus_twitter_pl_0shot,state/train1_ukr_rus_twitter_pl_1p5m_13_04_2026_11_30_52/checkpoint/state_dict_22000.ckpt,0.0,2.0,12.0,True,0.8477416666666666,,0.8478671762462635,0.935225755,2026-04-14 05:13:59+00:00,1.0,[],384.0,emb_only,True,/scratch1/eibl/data/ukr_rus_twitter/graphs/retweet_graph_1p5m_hf03_political_labels.pt,0.0,ukr_rus_twitter,train1_ukr_rus_twitter_pl_1p5m_13_04_2026_11_30_52,4/14,0,"[('ukr_rus_twitter', 'pl', 4)]",['uk4yl0g5'],ukr_rus_twitter+pl(4),ukr_rus_twitter,pl,ukr_rus_twitter+pl(0),uk4yl0g5|ukr_rus_twitter+pl(0),ukr_rus_twitter+pl(4)|ukr_rus_twitter+pl(0),0.935225755,0.8478671762462635,0.935225755
um0okgpi,eval_covid19_twitter_pl_to_midterm_nm_0shot_13_04_2026_22_13_25,finished,midterm,nm,eval_covid19_twitter_pl_to_midterm_nm_0shot,state/train1_covid19_twitter_pl_1p5m_13_04_2026_11_43_04/checkpoint/state_dict_22000.ckpt,0.0,3.0,12.0,True,0.3350888888888889,,0.3277414858986787,0.5011639565277778,2026-04-14 05:13:28+00:00,1.0,[],384.0,emb_only,True,/scratch1/eibl/data/midterm/graphs/retweet_graph_1p5m.pt,0.0,midterm,train1_covid19_twitter_pl_1p5m_13_04_2026_11_43_04,4/14,0,"[('covid19_twitter', 'pl', 4)]",['1tykfbva'],covid19_twitter+pl(4),midterm,nm,midterm+nm(0),1tykfbva|midterm+nm(0),covid19_twitter+pl(4)|midterm+nm(0),0.5011639565277778,0.3277414858986787,0.501163957
p1tucd22,eval_ukr_rus_twitter_pl_to_midterm_nm_0shot_13_04_2026_22_13_25,finished,midterm,nm,eval_ukr_rus_twitter_pl_to_midterm_nm_0shot,state/train1_ukr_rus_twitter_pl_1p5m_13_04_2026_11_30_52/checkpoint/state_dict_22000.ckpt,0.0,3.0,12.0,True,0.3300277777777777,,0.3225454619985806,0.4995721011111111,2026-04-14 05:13:28+00:00,1.0,[],384.0,emb_only,True,/scratch1/eibl/data/midterm/graphs/retweet_graph_1p5m.pt,0.0,midterm,train1_ukr_rus_twitter_pl_1p5m_13_04_2026_11_30_52,4/14,0,"[('ukr_rus_twitter', 'pl', 4)]",['uk4yl0g5'],ukr_rus_twitter+pl(4),midterm,nm,midterm+nm(0),uk4yl0g5|midterm+nm(0),ukr_rus_twitter+pl(4)|midterm+nm(0),0.4995721011111111,0.3225454619985806,0.499572101
dq4qw4pu,eval_covid19_twitter_lp_to_covid19_twitter_pl_10shot_13_04_2026_22_13_21,finished,covid19_twitter,pl,eval_covid19_twitter_lp_to_covid19_twitter_pl_10shot,state/train1_covid19_twitter_lp_1p5m_13_04_2026_15_42_52/checkpoint/state_dict_28000.ckpt,10.0,2.0,12.0,False,0.62075,,0.6208005599253433,0.6650106708333333,2026-04-14 05:13:25+00:00,1.0,[],384.0,emb_only,True,/scratch1/eibl/data/covid19_twitter/graphs/retweet_graph_1p5m_hf03_labeled.pt,10.0,covid19_twitter,train1_covid19_twitter_lp_1p5m_13_04_2026_15_42_52,4/14,10,"[('covid19_twitter', 'lp', 1)]",['2l1wyfau'],covid19_twitter+lp(1),covid19_twitter,pl,covid19_twitter+pl(10),2l1wyfau|covid19_twitter+pl(10),covid19_twitter+lp(1)|covid19_twitter+pl(10),0.6650106708333333,0.6208005599253433,0.665010671
36ve1fqk,eval_midterm_lp_to_covid19_twitter_pl_10shot_13_04_2026_22_13_19,finished,covid19_twitter,pl,eval_midterm_lp_to_covid19_twitter_pl_10shot,state/train1_midterm_lp_1p5m_13_04_2026_18_19_00/checkpoint/state_dict_28000.ckpt,10.0,2.0,12.0,False,0.5293166666666667,,0.5292617472038404,0.540556671111111,2026-04-14 05:13:24+00:00,1.0,[],384.0,emb_only,True,/scratch1/eibl/data/covid19_twitter/graphs/retweet_graph_1p5m_hf03_labeled.pt,10.0,covid19_twitter,train1_midterm_lp_1p5m_13_04_2026_18_19_00,4/14,10,"[('midterm', 'lp', 1)]",['7bjy1aj6'],midterm+lp(1),covid19_twitter,pl,covid19_twitter+pl(10),7bjy1aj6|covid19_twitter+pl(10),midterm+lp(1)|covid19_twitter+pl(10),0.540556671111111,0.5292617472038404,0.540556671
4rx6sdso,eval_covid19_twitter_lp_to_ukr_rus_twitter_lp_0shot_13_04_2026_22_13_15,finished,ukr_rus_twitter,lp,eval_covid19_twitter_lp_to_ukr_rus_twitter_lp_0shot,state/train1_covid19_twitter_lp_1p5m_13_04_2026_15_42_52/checkpoint/state_dict_28000.ckpt,0.0,1.0,12.0,True,0.5280833333333333,,0.285046964953035,0.5701164579166667,2026-04-14 05:13:21+00:00,1.0,[],384.0,emb_only,True,/scratch1/eibl/data/ukr_rus_twitter/graphs/retweet_graph_1p5m_hf03_political_labels.pt,0.0,ukr_rus_twitter,train1_covid19_twitter_lp_1p5m_13_04_2026_15_42_52,4/14,0,"[('covid19_twitter', 'lp', 1)]",['2l1wyfau'],covid19_twitter+lp(1),ukr_rus_twitter,lp,ukr_rus_twitter+lp(0),2l1wyfau|ukr_rus_twitter+lp(0),covid19_twitter+lp(1)|ukr_rus_twitter+lp(0),0.5701164579166667,0.285046964953035,0.570116458
224ew95c,eval_ukr_rus_twitter_pl_to_ukr_rus_twitter_lp_0shot_13_04_2026_22_13_15,finished,ukr_rus_twitter,lp,eval_ukr_rus_twitter_pl_to_ukr_rus_twitter_lp_0shot,state/train1_ukr_rus_twitter_pl_1p5m_13_04_2026_11_30_52/checkpoint/state_dict_22000.ckpt,0.0,1.0,12.0,True,0.4880666666666666,,0.4755587426795745,0.4766298374999999,2026-04-14 05:13:18+00:00,1.0,[],384.0,emb_only,True,/scratch1/eibl/data/ukr_rus_twitter/graphs/retweet_graph_1p5m_hf03_political_labels.pt,0.0,ukr_rus_twitter,train1_ukr_rus_twitter_pl_1p5m_13_04_2026_11_30_52,4/14,0,"[('ukr_rus_twitter', 'pl', 4)]",['uk4yl0g5'],ukr_rus_twitter+pl(4),ukr_rus_twitter,lp,ukr_rus_twitter+lp(0),uk4yl0g5|ukr_rus_twitter+lp(0),ukr_rus_twitter+pl(4)|ukr_rus_twitter+lp(0),0.4766298374999999,0.4755587426795745,0.476629837
npy3lg5z,eval_ukr_rus_twitter_lp_to_covid19_twitter_pl_10shot_13_04_2026_22_12_56,finished,covid19_twitter,pl,eval_ukr_rus_twitter_lp_to_covid19_twitter_pl_10shot,state/train1_ukr_rus_twitter_lp_1p5m_13_04_2026_17_00_47/checkpoint/state_dict_28000.ckpt,10.0,2.0,12.0,False,0.536075,,0.5356996905832214,0.54779252125,2026-04-14 05:13:00+00:00,1.0,[],384.0,emb_only,True,/scratch1/eibl/data/covid19_twitter/graphs/retweet_graph_1p5m_hf03_labeled.pt,10.0,covid19_twitter,train1_ukr_rus_twitter_lp_1p5m_13_04_2026_17_00_47,4/14,10,"[('ukr_rus_twitter', 'lp', 1)]",['fy8ugmac'],ukr_rus_twitter+lp(1),covid19_twitter,pl,covid19_twitter+pl(10),fy8ugmac|covid19_twitter+pl(10),ukr_rus_twitter+lp(1)|covid19_twitter+pl(10),0.54779252125,0.5356996905832214,0.547792521
mhmb15t3,eval_midterm_lp_to_covid19_twitter_lp_10shot_13_04_2026_22_12_09,finished,covid19_twitter,lp,eval_midterm_lp_to_covid19_twitter_lp_10shot,state/train1_midterm_lp_1p5m_13_04_2026_18_19_00/checkpoint/state_dict_28000.ckpt,10.0,1.0,12.0,False,0.5228583333333333,,0.2451384952077098,0.5990589683333334,2026-04-14 05:12:14+00:00,1.0,[],384.0,emb_only,True,/scratch1/eibl/data/covid19_twitter/graphs/retweet_graph_1p5m_hf03_labeled.pt,10.0,covid19_twitter,train1_midterm_lp_1p5m_13_04_2026_18_19_00,4/14,10,"[('midterm', 'lp', 1)]",['7bjy1aj6'],midterm+lp(1),covid19_twitter,lp,covid19_twitter+lp(10),7bjy1aj6|covid19_twitter+lp(10),midterm+lp(1)|covid19_twitter+lp(10),0.5990589683333334,0.2451384952077098,0.599058968
1kn7o6xx,eval_covid19_twitter_lp_to_covid19_twitter_lp_10shot_13_04_2026_22_12_09,finished,covid19_twitter,lp,eval_covid19_twitter_lp_to_covid19_twitter_lp_10shot,state/train1_covid19_twitter_lp_1p5m_13_04_2026_15_42_52/checkpoint/state_dict_28000.ckpt,10.0,1.0,12.0,False,0.7911416666666666,,0.743288504675769,0.94956899,2026-04-14 05:12:14+00:00,1.0,[],384.0,emb_only,True,/scratch1/eibl/data/covid19_twitter/graphs/retweet_graph_1p5m_hf03_labeled.pt,10.0,covid19_twitter,train1_covid19_twitter_lp_1p5m_13_04_2026_15_42_52,4/14,10,"[('covid19_twitter', 'lp', 1)]",['2l1wyfau'],covid19_twitter+lp(1),covid19_twitter,lp,covid19_twitter+lp(10),2l1wyfau|covid19_twitter+lp(10),covid19_twitter+lp(1)|covid19_twitter+lp(10),0.94956899,0.743288504675769,0.94956899
mok5uvuj,eval_ukr_rus_twitter_lp_to_midterm_pl_10shot_13_04_2026_22_12_00,finished,midterm,pl,eval_ukr_rus_twitter_lp_to_midterm_pl_10shot,state/train1_ukr_rus_twitter_lp_1p5m_13_04_2026_17_00_47/checkpoint/state_dict_28000.ckpt,10.0,2.0,12.0,False,0.619775,,0.6187742824915403,0.6581649256944444,2026-04-14 05:12:03+00:00,1.0,[],384.0,emb_only,True,/scratch1/eibl/data/midterm/graphs/retweet_graph_1p5m.pt,10.0,midterm,train1_ukr_rus_twitter_lp_1p5m_13_04_2026_17_00_47,4/14,10,"[('ukr_rus_twitter', 'lp', 1)]",['fy8ugmac'],ukr_rus_twitter+lp(1),midterm,pl,midterm+pl(10),fy8ugmac|midterm+pl(10),ukr_rus_twitter+lp(1)|midterm+pl(10),0.6581649256944444,0.6187742824915403,0.658164926
1qfh0cf4,eval_covid19_twitter_lp_to_midterm_pl_10shot_13_04_2026_22_12_01,finished,midterm,pl,eval_covid19_twitter_lp_to_midterm_pl_10shot,state/train1_covid19_twitter_lp_1p5m_13_04_2026_15_42_52/checkpoint/state_dict_28000.ckpt,10.0,2.0,12.0,False,0.5423416666666667,,0.5423225967748656,0.5557664059722223,2026-04-14 05:12:03+00:00,1.0,[],384.0,emb_only,True,/scratch1/eibl/data/midterm/graphs/retweet_graph_1p5m.pt,10.0,midterm,train1_covid19_twitter_lp_1p5m_13_04_2026_15_42_52,4/14,10,"[('covid19_twitter', 'lp', 1)]",['2l1wyfau'],covid19_twitter+lp(1),midterm,pl,midterm+pl(10),2l1wyfau|midterm+pl(10),covid19_twitter+lp(1)|midterm+pl(10),0.5557664059722223,0.5423225967748656,0.555766406
gciq0s8m,eval_ukr_rus_twitter_lp_to_covid19_twitter_lp_10shot_13_04_2026_22_11_43,finished,covid19_twitter,lp,eval_ukr_rus_twitter_lp_to_covid19_twitter_lp_10shot,state/train1_ukr_rus_twitter_lp_1p5m_13_04_2026_17_00_47/checkpoint/state_dict_28000.ckpt,10.0,1.0,12.0,False,0.7084416666666666,,0.6278335053026838,0.8407015406944445,2026-04-14 05:11:48+00:00,1.0,[],384.0,emb_only,True,/scratch1/eibl/data/covid19_twitter/graphs/retweet_graph_1p5m_hf03_labeled.pt,10.0,covid19_twitter,train1_ukr_rus_twitter_lp_1p5m_13_04_2026_17_00_47,4/14,10,"[('ukr_rus_twitter', 'lp', 1)]",['fy8ugmac'],ukr_rus_twitter+lp(1),covid19_twitter,lp,covid19_twitter+lp(10),fy8ugmac|covid19_twitter+lp(10),ukr_rus_twitter+lp(1)|covid19_twitter+lp(10),0.8407015406944445,0.6278335053026838,0.840701541
aqjqctxx,eval_ukr_rus_twitter_pl_to_ukr_rus_twitter_nm_0shot_13_04_2026_22_11_39,finished,ukr_rus_twitter,nm,eval_ukr_rus_twitter_pl_to_ukr_rus_twitter_nm_0shot,state/train1_ukr_rus_twitter_pl_1p5m_13_04_2026_11_30_52/checkpoint/state_dict_22000.ckpt,0.0,3.0,12.0,True,0.3368,,0.3093206390525034,0.5024247853703704,2026-04-14 05:11:43+00:00,1.0,[],384.0,emb_only,True,/scratch1/eibl/data/ukr_rus_twitter/graphs/retweet_graph_1p5m_hf03_political_labels.pt,0.0,ukr_rus_twitter,train1_ukr_rus_twitter_pl_1p5m_13_04_2026_11_30_52,4/14,0,"[('ukr_rus_twitter', 'pl', 4)]",['uk4yl0g5'],ukr_rus_twitter+pl(4),ukr_rus_twitter,nm,ukr_rus_twitter+nm(0),uk4yl0g5|ukr_rus_twitter+nm(0),ukr_rus_twitter+pl(4)|ukr_rus_twitter+nm(0),0.5024247853703704,0.3093206390525034,0.502424785
zx5xqtd8,eval_midterm_lp_to_midterm_nm_10shot_13_04_2026_22_11_16,finished,midterm,nm,eval_midterm_lp_to_midterm_nm_10shot,state/train1_midterm_lp_1p5m_13_04_2026_18_19_00/checkpoint/state_dict_28000.ckpt,10.0,3.0,12.0,False,0.6955944444444444,,0.6955952882146751,0.8866962040046297,2026-04-14 05:11:19+00:00,1.0,[],384.0,emb_only,True,/scratch1/eibl/data/midterm/graphs/retweet_graph_1p5m.pt,10.0,midterm,train1_midterm_lp_1p5m_13_04_2026_18_19_00,4/14,10,"[('midterm', 'lp', 1)]",['7bjy1aj6'],midterm+lp(1),midterm,nm,midterm+nm(10),7bjy1aj6|midterm+nm(10),midterm+lp(1)|midterm+nm(10),0.8866962040046297,0.6955952882146751,0.886696204
q5s6zjjh,eval_ukr_rus_twitter_lp_to_ukr_rus_twitter_pl_10shot_13_04_2026_22_10_29,finished,ukr_rus_twitter,pl,eval_ukr_rus_twitter_lp_to_ukr_rus_twitter_pl_10shot,state/train1_ukr_rus_twitter_lp_1p5m_13_04_2026_17_00_47/checkpoint/state_dict_28000.ckpt,10.0,2.0,12.0,False,0.794575,,0.7946075204759246,0.880503288611111,2026-04-14 05:10:32+00:00,1.0,[],384.0,emb_only,True,/scratch1/eibl/data/ukr_rus_twitter/graphs/retweet_graph_1p5m_hf03_political_labels.pt,10.0,ukr_rus_twitter,train1_ukr_rus_twitter_lp_1p5m_13_04_2026_17_00_47,4/14,10,"[('ukr_rus_twitter', 'lp', 1)]",['fy8ugmac'],ukr_rus_twitter+lp(1),ukr_rus_twitter,pl,ukr_rus_twitter+pl(10),fy8ugmac|ukr_rus_twitter+pl(10),ukr_rus_twitter+lp(1)|ukr_rus_twitter+pl(10),0.880503288611111,0.7946075204759246,0.880503289
v6ivtttr,eval_covid19_twitter_lp_to_ukr_rus_twitter_nm_0shot_13_04_2026_22_10_22,finished,ukr_rus_twitter,nm,eval_covid19_twitter_lp_to_ukr_rus_twitter_nm_0shot,state/train1_covid19_twitter_lp_1p5m_13_04_2026_15_42_52/checkpoint/state_dict_28000.ckpt,0.0,3.0,12.0,True,0.331,,0.2971985837473646,0.4982809173148148,2026-04-14 05:10:27+00:00,1.0,[],384.0,emb_only,True,/scratch1/eibl/data/ukr_rus_twitter/graphs/retweet_graph_1p5m_hf03_political_labels.pt,0.0,ukr_rus_twitter,train1_covid19_twitter_lp_1p5m_13_04_2026_15_42_52,4/14,0,"[('covid19_twitter', 'lp', 1)]",['2l1wyfau'],covid19_twitter+lp(1),ukr_rus_twitter,nm,ukr_rus_twitter+nm(0),2l1wyfau|ukr_rus_twitter+nm(0),covid19_twitter+lp(1)|ukr_rus_twitter+nm(0),0.4982809173148148,0.2971985837473646,0.498280917
lyp2v01m,eval_midterm_lp_to_midterm_pl_3shot_13_04_2026_22_10_23,finished,midterm,pl,eval_midterm_lp_to_midterm_pl_3shot,state/train1_midterm_lp_1p5m_13_04_2026_18_19_00/checkpoint/state_dict_28000.ckpt,3.0,2.0,12.0,False,0.9224,,0.922337870296237,0.98002188125,2026-04-14 05:10:25+00:00,1.0,[],384.0,emb_only,True,/scratch1/eibl/data/midterm/graphs/retweet_graph_1p5m.pt,3.0,midterm,train1_midterm_lp_1p5m_13_04_2026_18_19_00,4/14,3,"[('midterm', 'lp', 1)]",['7bjy1aj6'],midterm+lp(1),midterm,pl,midterm+pl(3),7bjy1aj6|midterm+pl(3),midterm+lp(1)|midterm+pl(3),0.98002188125,0.922337870296237,0.980021881
w5dsfbyr,eval_ukr_rus_twitter_lp_to_midterm_lp_10shot_13_04_2026_22_10_16,finished,midterm,lp,eval_ukr_rus_twitter_lp_to_midterm_lp_10shot,state/train1_ukr_rus_twitter_lp_1p5m_13_04_2026_17_00_47/checkpoint/state_dict_28000.ckpt,10.0,1.0,12.0,False,0.68065,,0.6171016346269134,0.7480704315277777,2026-04-14 05:10:19+00:00,1.0,[],384.0,emb_only,True,/scratch1/eibl/data/midterm/graphs/retweet_graph_1p5m.pt,10.0,midterm,train1_ukr_rus_twitter_lp_1p5m_13_04_2026_17_00_47,4/14,10,"[('ukr_rus_twitter', 'lp', 1)]",['fy8ugmac'],ukr_rus_twitter+lp(1),midterm,lp,midterm+lp(10),fy8ugmac|midterm+lp(10),ukr_rus_twitter+lp(1)|midterm+lp(10),0.7480704315277777,0.6171016346269134,0.748070432
i81htlkq,eval_covid19_twitter_lp_to_midterm_lp_10shot_13_04_2026_22_10_16,finished,midterm,lp,eval_covid19_twitter_lp_to_midterm_lp_10shot,state/train1_covid19_twitter_lp_1p5m_13_04_2026_15_42_52/checkpoint/state_dict_28000.ckpt,10.0,1.0,12.0,False,0.57395,,0.2848110119463951,0.7742033612500001,2026-04-14 05:10:19+00:00,1.0,[],384.0,emb_only,True,/scratch1/eibl/data/midterm/graphs/retweet_graph_1p5m.pt,10.0,midterm,train1_covid19_twitter_lp_1p5m_13_04_2026_15_42_52,4/14,10,"[('covid19_twitter', 'lp', 1)]",['2l1wyfau'],covid19_twitter+lp(1),midterm,lp,midterm+lp(10),2l1wyfau|midterm+lp(10),covid19_twitter+lp(1)|midterm+lp(10),0.7742033612500001,0.2848110119463951,0.774203361
ktq4lwv5,eval_ukr_rus_twitter_lp_to_ukr_rus_twitter_lp_10shot_13_04_2026_22_09_25,finished,ukr_rus_twitter,lp,eval_ukr_rus_twitter_lp_to_ukr_rus_twitter_lp_10shot,state/train1_ukr_rus_twitter_lp_1p5m_13_04_2026_17_00_47/checkpoint/state_dict_28000.ckpt,10.0,1.0,12.0,False,0.781925,,0.7350752690349164,0.9132896072222224,2026-04-14 05:09:29+00:00,1.0,[],384.0,emb_only,True,/scratch1/eibl/data/ukr_rus_twitter/graphs/retweet_graph_1p5m_hf03_political_labels.pt,10.0,ukr_rus_twitter,train1_ukr_rus_twitter_lp_1p5m_13_04_2026_17_00_47,4/14,10,"[('ukr_rus_twitter', 'lp', 1)]",['fy8ugmac'],ukr_rus_twitter+lp(1),ukr_rus_twitter,lp,ukr_rus_twitter+lp(10),fy8ugmac|ukr_rus_twitter+lp(10),ukr_rus_twitter+lp(1)|ukr_rus_twitter+lp(10),0.9132896072222224,0.7350752690349164,0.913289607
3nopde3g,eval_covid19_twitter_lp_to_covid19_twitter_nm_10shot_13_04_2026_22_09_16,finished,covid19_twitter,nm,eval_covid19_twitter_lp_to_covid19_twitter_nm_10shot,state/train1_covid19_twitter_lp_1p5m_13_04_2026_15_42_52/checkpoint/state_dict_28000.ckpt,10.0,3.0,12.0,False,0.8102611111111111,,0.8102078933875646,0.945375824675926,2026-04-14 05:09:20+00:00,1.0,[],384.0,emb_only,True,/scratch1/eibl/data/covid19_twitter/graphs/retweet_graph_1p5m_hf03_labeled.pt,10.0,covid19_twitter,train1_covid19_twitter_lp_1p5m_13_04_2026_15_42_52,4/14,10,"[('covid19_twitter', 'lp', 1)]",['2l1wyfau'],covid19_twitter+lp(1),covid19_twitter,nm,covid19_twitter+nm(10),2l1wyfau|covid19_twitter+nm(10),covid19_twitter+lp(1)|covid19_twitter+nm(10),0.945375824675926,0.8102078933875646,0.945375825
mi9ftl7d,eval_midterm_lp_to_covid19_twitter_nm_10shot_13_04_2026_22_09_15,finished,covid19_twitter,nm,eval_midterm_lp_to_covid19_twitter_nm_10shot,state/train1_midterm_lp_1p5m_13_04_2026_18_19_00/checkpoint/state_dict_28000.ckpt,10.0,3.0,12.0,False,0.6641611111111111,,0.6639781383838914,0.8407913130092594,2026-04-14 05:09:19+00:00,1.0,[],384.0,emb_only,True,/scratch1/eibl/data/covid19_twitter/graphs/retweet_graph_1p5m_hf03_labeled.pt,10.0,covid19_twitter,train1_midterm_lp_1p5m_13_04_2026_18_19_00,4/14,10,"[('midterm', 'lp', 1)]",['7bjy1aj6'],midterm+lp(1),covid19_twitter,nm,covid19_twitter+nm(10),7bjy1aj6|covid19_twitter+nm(10),midterm+lp(1)|covid19_twitter+nm(10),0.8407913130092594,0.6639781383838914,0.840791313
e1rqm38g,eval_midterm_lp_to_midterm_lp_3shot_13_04_2026_22_09_12,finished,midterm,lp,eval_midterm_lp_to_midterm_lp_3shot,state/train1_midterm_lp_1p5m_13_04_2026_18_19_00/checkpoint/state_dict_28000.ckpt,3.0,1.0,12.0,False,0.8593333333333333,,0.8572781385281385,0.9387173352777778,2026-04-14 05:09:14+00:00,1.0,[],384.0,emb_only,True,/scratch1/eibl/data/midterm/graphs/retweet_graph_1p5m.pt,3.0,midterm,train1_midterm_lp_1p5m_13_04_2026_18_19_00,4/14,3,"[('midterm', 'lp', 1)]",['7bjy1aj6'],midterm+lp(1),midterm,lp,midterm+lp(3),7bjy1aj6|midterm+lp(3),midterm+lp(1)|midterm+lp(3),0.9387173352777778,0.8572781385281385,0.938717335
v93m142d,eval_ukr_rus_twitter_lp_to_covid19_twitter_nm_10shot_13_04_2026_22_08_49,finished,covid19_twitter,nm,eval_ukr_rus_twitter_lp_to_covid19_twitter_nm_10shot,state/train1_ukr_rus_twitter_lp_1p5m_13_04_2026_17_00_47/checkpoint/state_dict_28000.ckpt,10.0,3.0,12.0,False,0.76765,,0.7676050072505816,0.9203866155324072,2026-04-14 05:08:53+00:00,1.0,[],384.0,emb_only,True,/scratch1/eibl/data/covid19_twitter/graphs/retweet_graph_1p5m_hf03_labeled.pt,10.0,covid19_twitter,train1_ukr_rus_twitter_lp_1p5m_13_04_2026_17_00_47,4/14,10,"[('ukr_rus_twitter', 'lp', 1)]",['fy8ugmac'],ukr_rus_twitter+lp(1),covid19_twitter,nm,covid19_twitter+nm(10),fy8ugmac|covid19_twitter+nm(10),ukr_rus_twitter+lp(1)|covid19_twitter+nm(10),0.9203866155324072,0.7676050072505816,0.920386616
7lln2wfv,eval_covid19_twitter_lp_to_covid19_twitter_pl_3shot_13_04_2026_22_08_23,finished,covid19_twitter,pl,eval_covid19_twitter_lp_to_covid19_twitter_pl_3shot,state/train1_covid19_twitter_lp_1p5m_13_04_2026_15_42_52/checkpoint/state_dict_28000.ckpt,3.0,2.0,12.0,False,0.5853416666666666,,0.584312840948013,0.6203423829166668,2026-04-14 05:08:28+00:00,1.0,[],384.0,emb_only,True,/scratch1/eibl/data/covid19_twitter/graphs/retweet_graph_1p5m_hf03_labeled.pt,3.0,covid19_twitter,train1_covid19_twitter_lp_1p5m_13_04_2026_15_42_52,4/14,3,"[('covid19_twitter', 'lp', 1)]",['2l1wyfau'],covid19_twitter+lp(1),covid19_twitter,pl,covid19_twitter+pl(3),2l1wyfau|covid19_twitter+pl(3),covid19_twitter+lp(1)|covid19_twitter+pl(3),0.6203423829166668,0.584312840948013,0.620342383
wba41h1f,eval_midterm_lp_to_covid19_twitter_pl_3shot_13_04_2026_22_08_22,finished,covid19_twitter,pl,eval_midterm_lp_to_covid19_twitter_pl_3shot,state/train1_midterm_lp_1p5m_13_04_2026_18_19_00/checkpoint/state_dict_28000.ckpt,3.0,2.0,12.0,False,0.5210333333333333,,0.52183823896441,0.5296478051388889,2026-04-14 05:08:26+00:00,1.0,[],384.0,emb_only,True,/scratch1/eibl/data/covid19_twitter/graphs/retweet_graph_1p5m_hf03_labeled.pt,3.0,covid19_twitter,train1_midterm_lp_1p5m_13_04_2026_18_19_00,4/14,3,"[('midterm', 'lp', 1)]",['7bjy1aj6'],midterm+lp(1),covid19_twitter,pl,covid19_twitter+pl(3),7bjy1aj6|covid19_twitter+pl(3),midterm+lp(1)|covid19_twitter+pl(3),0.5296478051388889,0.52183823896441,0.529647805
3vgqa813,eval_covid19_twitter_nm_to_ukr_rus_twitter_pl_10shot_13_04_2026_22_08_10,finished,ukr_rus_twitter,pl,eval_covid19_twitter_nm_to_ukr_rus_twitter_pl_10shot,state/train1_covid19_twitter_nm_1p5m_13_04_2026_12_14_58/checkpoint/state_dict_40000.ckpt,10.0,2.0,12.0,False,0.6319333333333333,,0.6324784902394781,0.6772786904166666,2026-04-14 05:08:15+00:00,1.0,[],384.0,emb_only,True,/scratch1/eibl/data/ukr_rus_twitter/graphs/retweet_graph_1p5m_hf03_political_labels.pt,10.0,ukr_rus_twitter,train1_covid19_twitter_nm_1p5m_13_04_2026_12_14_58,4/14,10,"[('covid19_twitter', 'nm', 1)]",['7byj23i0'],covid19_twitter+nm(1),ukr_rus_twitter,pl,ukr_rus_twitter+pl(10),7byj23i0|ukr_rus_twitter+pl(10),covid19_twitter+nm(1)|ukr_rus_twitter+pl(10),0.6772786904166666,0.6324784902394781,0.67727869
9d2jshv2,eval_ukr_rus_twitter_lp_to_covid19_twitter_pl_3shot_13_04_2026_22_07_55,finished,covid19_twitter,pl,eval_ukr_rus_twitter_lp_to_covid19_twitter_pl_3shot,state/train1_ukr_rus_twitter_lp_1p5m_13_04_2026_17_00_47/checkpoint/state_dict_28000.ckpt,3.0,2.0,12.0,False,0.5257416666666667,,0.525800941548973,0.5359076833333333,2026-04-14 05:08:00+00:00,1.0,[],384.0,emb_only,True,/scratch1/eibl/data/covid19_twitter/graphs/retweet_graph_1p5m_hf03_labeled.pt,3.0,covid19_twitter,train1_ukr_rus_twitter_lp_1p5m_13_04_2026_17_00_47,4/14,3,"[('ukr_rus_twitter', 'lp', 1)]",['fy8ugmac'],ukr_rus_twitter+lp(1),covid19_twitter,pl,covid19_twitter+pl(3),fy8ugmac|covid19_twitter+pl(3),ukr_rus_twitter+lp(1)|covid19_twitter+pl(3),0.5359076833333333,0.525800941548973,0.535907683
9z4xdyq6,eval_covid19_twitter_lp_to_covid19_twitter_lp_3shot_13_04_2026_22_07_31,finished,covid19_twitter,lp,eval_covid19_twitter_lp_to_covid19_twitter_lp_3shot,state/train1_covid19_twitter_lp_1p5m_13_04_2026_15_42_52/checkpoint/state_dict_28000.ckpt,3.0,1.0,12.0,False,0.8833166666666666,,0.8801506462381238,0.9550696884722222,2026-04-14 05:07:36+00:00,1.0,[],384.0,emb_only,True,/scratch1/eibl/data/covid19_twitter/graphs/retweet_graph_1p5m_hf03_labeled.pt,3.0,covid19_twitter,train1_covid19_twitter_lp_1p5m_13_04_2026_15_42_52,4/14,3,"[('covid19_twitter', 'lp', 1)]",['2l1wyfau'],covid19_twitter+lp(1),covid19_twitter,lp,covid19_twitter+lp(3),2l1wyfau|covid19_twitter+lp(3),covid19_twitter+lp(1)|covid19_twitter+lp(3),0.9550696884722222,0.8801506462381238,0.955069688
q5d4tdei,eval_midterm_lp_to_covid19_twitter_lp_3shot_13_04_2026_22_07_29,finished,covid19_twitter,lp,eval_midterm_lp_to_covid19_twitter_lp_3shot,state/train1_midterm_lp_1p5m_13_04_2026_18_19_00/checkpoint/state_dict_28000.ckpt,3.0,1.0,12.0,False,0.5480916666666666,,0.4453694707236001,0.60459614625,2026-04-14 05:07:34+00:00,1.0,[],384.0,emb_only,True,/scratch1/eibl/data/covid19_twitter/graphs/retweet_graph_1p5m_hf03_labeled.pt,3.0,covid19_twitter,train1_midterm_lp_1p5m_13_04_2026_18_19_00,4/14,3,"[('midterm', 'lp', 1)]",['7bjy1aj6'],midterm+lp(1),covid19_twitter,lp,covid19_twitter+lp(3),7bjy1aj6|covid19_twitter+lp(3),midterm+lp(1)|covid19_twitter+lp(3),0.60459614625,0.4453694707236001,0.604596146
xa4vkht6,eval_ukr_rus_twitter_lp_to_covid19_twitter_lp_3shot_13_04_2026_22_07_03,finished,covid19_twitter,lp,eval_ukr_rus_twitter_lp_to_covid19_twitter_lp_3shot,state/train1_ukr_rus_twitter_lp_1p5m_13_04_2026_17_00_47/checkpoint/state_dict_28000.ckpt,3.0,1.0,12.0,False,0.7617,,0.7360288008861812,0.8573320965277778,2026-04-14 05:07:08+00:00,1.0,[],384.0,emb_only,True,/scratch1/eibl/data/covid19_twitter/graphs/retweet_graph_1p5m_hf03_labeled.pt,3.0,covid19_twitter,train1_ukr_rus_twitter_lp_1p5m_13_04_2026_17_00_47,4/14,3,"[('ukr_rus_twitter', 'lp', 1)]",['fy8ugmac'],ukr_rus_twitter+lp(1),covid19_twitter,lp,covid19_twitter+lp(3),fy8ugmac|covid19_twitter+lp(3),ukr_rus_twitter+lp(1)|covid19_twitter+lp(3),0.8573320965277778,0.7360288008861812,0.857332097
q4orhjxb,eval_midterm_lp_to_midterm_nm_3shot_13_04_2026_22_06_58,finished,midterm,nm,eval_midterm_lp_to_midterm_nm_3shot,state/train1_midterm_lp_1p5m_13_04_2026_18_19_00/checkpoint/state_dict_28000.ckpt,3.0,3.0,12.0,False,0.6909888888888889,,0.6909861153986125,0.8803799440277777,2026-04-14 05:07:00+00:00,1.0,[],384.0,emb_only,True,/scratch1/eibl/data/midterm/graphs/retweet_graph_1p5m.pt,3.0,midterm,train1_midterm_lp_1p5m_13_04_2026_18_19_00,4/14,3,"[('midterm', 'lp', 1)]",['7bjy1aj6'],midterm+lp(1),midterm,nm,midterm+nm(3),7bjy1aj6|midterm+nm(3),midterm+lp(1)|midterm+nm(3),0.8803799440277777,0.6909861153986125,0.880379944
z78crmf3,eval_ukr_rus_twitter_lp_to_ukr_rus_twitter_nm_10shot_13_04_2026_22_06_44,finished,ukr_rus_twitter,nm,eval_ukr_rus_twitter_lp_to_ukr_rus_twitter_nm_10shot,state/train1_ukr_rus_twitter_lp_1p5m_13_04_2026_17_00_47/checkpoint/state_dict_28000.ckpt,10.0,3.0,12.0,False,0.8238111111111112,,0.823783162511195,0.9534940656712964,2026-04-14 05:06:47+00:00,1.0,[],384.0,emb_only,True,/scratch1/eibl/data/ukr_rus_twitter/graphs/retweet_graph_1p5m_hf03_political_labels.pt,10.0,ukr_rus_twitter,train1_ukr_rus_twitter_lp_1p5m_13_04_2026_17_00_47,4/14,10,"[('ukr_rus_twitter', 'lp', 1)]",['fy8ugmac'],ukr_rus_twitter+lp(1),ukr_rus_twitter,nm,ukr_rus_twitter+nm(10),fy8ugmac|ukr_rus_twitter+nm(10),ukr_rus_twitter+lp(1)|ukr_rus_twitter+nm(10),0.9534940656712964,0.823783162511195,0.953494066
19sfv8hj,eval_covid19_twitter_nm_to_ukr_rus_twitter_lp_10shot_13_04_2026_22_06_10,finished,ukr_rus_twitter,lp,eval_covid19_twitter_nm_to_ukr_rus_twitter_lp_10shot,state/train1_covid19_twitter_nm_1p5m_13_04_2026_12_14_58/checkpoint/state_dict_40000.ckpt,10.0,1.0,12.0,False,0.581325,,0.7011936552495257,0.8417225647222222,2026-04-14 05:06:15+00:00,1.0,[],384.0,emb_only,True,/scratch1/eibl/data/ukr_rus_twitter/graphs/retweet_graph_1p5m_hf03_political_labels.pt,10.0,ukr_rus_twitter,train1_covid19_twitter_nm_1p5m_13_04_2026_12_14_58,4/14,10,"[('covid19_twitter', 'nm', 1)]",['7byj23i0'],covid19_twitter+nm(1),ukr_rus_twitter,lp,ukr_rus_twitter+lp(10),7byj23i0|ukr_rus_twitter+lp(10),covid19_twitter+nm(1)|ukr_rus_twitter+lp(10),0.8417225647222222,0.7011936552495257,0.841722565
drd3tv0v,eval_ukr_rus_twitter_lp_to_midterm_nm_10shot_13_04_2026_22_06_10,finished,midterm,nm,eval_ukr_rus_twitter_lp_to_midterm_nm_10shot,state/train1_ukr_rus_twitter_lp_1p5m_13_04_2026_17_00_47/checkpoint/state_dict_28000.ckpt,10.0,3.0,12.0,False,0.6711444444444444,,0.6707223533556291,0.8689009917592593,2026-04-14 05:06:13+00:00,1.0,[],384.0,emb_only,True,/scratch1/eibl/data/midterm/graphs/retweet_graph_1p5m.pt,10.0,midterm,train1_ukr_rus_twitter_lp_1p5m_13_04_2026_17_00_47,4/14,10,"[('ukr_rus_twitter', 'lp', 1)]",['fy8ugmac'],ukr_rus_twitter+lp(1),midterm,nm,midterm+nm(10),fy8ugmac|midterm+nm(10),ukr_rus_twitter+lp(1)|midterm+nm(10),0.8689009917592593,0.6707223533556291,0.868900992
rp8timtf,eval_covid19_twitter_lp_to_midterm_nm_10shot_13_04_2026_22_06_10,finished,midterm,nm,eval_covid19_twitter_lp_to_midterm_nm_10shot,state/train1_covid19_twitter_lp_1p5m_13_04_2026_15_42_52/checkpoint/state_dict_28000.ckpt,10.0,3.0,12.0,False,0.6376,,0.6375321351435176,0.8336612362962962,2026-04-14 05:06:12+00:00,1.0,[],384.0,emb_only,True,/scratch1/eibl/data/midterm/graphs/retweet_graph_1p5m.pt,10.0,midterm,train1_covid19_twitter_lp_1p5m_13_04_2026_15_42_52,4/14,10,"[('covid19_twitter', 'lp', 1)]",['2l1wyfau'],covid19_twitter+lp(1),midterm,nm,midterm+nm(10),2l1wyfau|midterm+nm(10),covid19_twitter+lp(1)|midterm+nm(10),0.8336612362962962,0.6375321351435176,0.833661236
r4nxsra4,eval_midterm_lp_to_midterm_pl_1shot_13_04_2026_22_06_08,finished,midterm,pl,eval_midterm_lp_to_midterm_pl_1shot,state/train1_midterm_lp_1p5m_13_04_2026_18_19_00/checkpoint/state_dict_28000.ckpt,1.0,2.0,12.0,False,0.8744833333333333,,0.8744163553895411,0.9440907051388888,2026-04-14 05:06:10+00:00,1.0,[],384.0,emb_only,True,/scratch1/eibl/data/midterm/graphs/retweet_graph_1p5m.pt,1.0,midterm,train1_midterm_lp_1p5m_13_04_2026_18_19_00,4/14,1,"[('midterm', 'lp', 1)]",['7bjy1aj6'],midterm+lp(1),midterm,pl,midterm+pl(1),7bjy1aj6|midterm+pl(1),midterm+lp(1)|midterm+pl(1),0.9440907051388888,0.8744163553895411,0.944090705
59zbsg6p,eval_ukr_rus_twitter_lp_to_ukr_rus_twitter_pl_3shot_13_04_2026_22_05_52,finished,ukr_rus_twitter,pl,eval_ukr_rus_twitter_lp_to_ukr_rus_twitter_pl_3shot,state/train1_ukr_rus_twitter_lp_1p5m_13_04_2026_17_00_47/checkpoint/state_dict_28000.ckpt,3.0,2.0,12.0,False,0.7261333333333333,,0.7259369214603799,0.7974483748611111,2026-04-14 05:05:56+00:00,1.0,[],384.0,emb_only,True,/scratch1/eibl/data/ukr_rus_twitter/graphs/retweet_graph_1p5m_hf03_political_labels.pt,3.0,ukr_rus_twitter,train1_ukr_rus_twitter_lp_1p5m_13_04_2026_17_00_47,4/14,3,"[('ukr_rus_twitter', 'lp', 1)]",['fy8ugmac'],ukr_rus_twitter+lp(1),ukr_rus_twitter,pl,ukr_rus_twitter+pl(3),fy8ugmac|ukr_rus_twitter+pl(3),ukr_rus_twitter+lp(1)|ukr_rus_twitter+pl(3),0.7974483748611111,0.7259369214603799,0.797448375
0d80fxre,eval_covid19_twitter_lp_to_covid19_twitter_nm_3shot_13_04_2026_22_05_27,finished,covid19_twitter,nm,eval_covid19_twitter_lp_to_covid19_twitter_nm_3shot,state/train1_covid19_twitter_lp_1p5m_13_04_2026_15_42_52/checkpoint/state_dict_28000.ckpt,3.0,3.0,12.0,False,0.8041333333333334,,0.8040928966984144,0.942608751712963,2026-04-14 05:05:32+00:00,1.0,[],384.0,emb_only,True,/scratch1/eibl/data/covid19_twitter/graphs/retweet_graph_1p5m_hf03_labeled.pt,3.0,covid19_twitter,train1_covid19_twitter_lp_1p5m_13_04_2026_15_42_52,4/14,3,"[('covid19_twitter', 'lp', 1)]",['2l1wyfau'],covid19_twitter+lp(1),covid19_twitter,nm,covid19_twitter+nm(3),2l1wyfau|covid19_twitter+nm(3),covid19_twitter+lp(1)|covid19_twitter+nm(3),0.942608751712963,0.8040928966984144,0.942608752
h36fjcwz,eval_midterm_lp_to_covid19_twitter_nm_3shot_13_04_2026_22_05_23,finished,covid19_twitter,nm,eval_midterm_lp_to_covid19_twitter_nm_3shot,state/train1_midterm_lp_1p5m_13_04_2026_18_19_00/checkpoint/state_dict_28000.ckpt,3.0,3.0,12.0,False,0.6577555555555555,,0.657502304558032,0.8327435556481482,2026-04-14 05:05:28+00:00,1.0,[],384.0,emb_only,True,/scratch1/eibl/data/covid19_twitter/graphs/retweet_graph_1p5m_hf03_labeled.pt,3.0,covid19_twitter,train1_midterm_lp_1p5m_13_04_2026_18_19_00,4/14,3,"[('midterm', 'lp', 1)]",['7bjy1aj6'],midterm+lp(1),covid19_twitter,nm,covid19_twitter+nm(3),7bjy1aj6|covid19_twitter+nm(3),midterm+lp(1)|covid19_twitter+nm(3),0.8327435556481482,0.657502304558032,0.832743556
fs7zzkmm,eval_covid19_twitter_lp_to_midterm_pl_3shot_13_04_2026_22_05_09,finished,midterm,pl,eval_covid19_twitter_lp_to_midterm_pl_3shot,state/train1_covid19_twitter_lp_1p5m_13_04_2026_15_42_52/checkpoint/state_dict_28000.ckpt,3.0,2.0,12.0,False,0.5321916666666666,,0.5316491602773212,0.5417647380555556,2026-04-14 05:05:12+00:00,1.0,[],384.0,emb_only,True,/scratch1/eibl/data/midterm/graphs/retweet_graph_1p5m.pt,3.0,midterm,train1_covid19_twitter_lp_1p5m_13_04_2026_15_42_52,4/14,3,"[('covid19_twitter', 'lp', 1)]",['2l1wyfau'],covid19_twitter+lp(1),midterm,pl,midterm+pl(3),2l1wyfau|midterm+pl(3),covid19_twitter+lp(1)|midterm+pl(3),0.5417647380555556,0.5316491602773212,0.541764738
2zwloo74,eval_ukr_rus_twitter_lp_to_midterm_pl_3shot_13_04_2026_22_05_09,finished,midterm,pl,eval_ukr_rus_twitter_lp_to_midterm_pl_3shot,state/train1_ukr_rus_twitter_lp_1p5m_13_04_2026_17_00_47/checkpoint/state_dict_28000.ckpt,3.0,2.0,12.0,False,0.5616416666666667,,0.5609061845257473,0.5812649966666666,2026-04-14 05:05:11+00:00,1.0,[],384.0,emb_only,True,/scratch1/eibl/data/midterm/graphs/retweet_graph_1p5m.pt,3.0,midterm,train1_ukr_rus_twitter_lp_1p5m_13_04_2026_17_00_47,4/14,3,"[('ukr_rus_twitter', 'lp', 1)]",['fy8ugmac'],ukr_rus_twitter+lp(1),midterm,pl,midterm+pl(3),fy8ugmac|midterm+pl(3),ukr_rus_twitter+lp(1)|midterm+pl(3),0.5812649966666666,0.5609061845257473,0.581264997
e8bx3imo,eval_ukr_rus_twitter_lp_to_ukr_rus_twitter_lp_3shot_13_04_2026_22_05_05,finished,ukr_rus_twitter,lp,eval_ukr_rus_twitter_lp_to_ukr_rus_twitter_lp_3shot,state/train1_ukr_rus_twitter_lp_1p5m_13_04_2026_17_00_47/checkpoint/state_dict_28000.ckpt,3.0,1.0,12.0,False,0.8356833333333333,,0.8275162266659669,0.9210111806944444,2026-04-14 05:05:09+00:00,1.0,[],384.0,emb_only,True,/scratch1/eibl/data/ukr_rus_twitter/graphs/retweet_graph_1p5m_hf03_political_labels.pt,3.0,ukr_rus_twitter,train1_ukr_rus_twitter_lp_1p5m_13_04_2026_17_00_47,4/14,3,"[('ukr_rus_twitter', 'lp', 1)]",['fy8ugmac'],ukr_rus_twitter+lp(1),ukr_rus_twitter,lp,ukr_rus_twitter+lp(3),fy8ugmac|ukr_rus_twitter+lp(3),ukr_rus_twitter+lp(1)|ukr_rus_twitter+lp(3),0.9210111806944444,0.8275162266659669,0.921011181
aifeu94b,eval_midterm_lp_to_midterm_lp_1shot_13_04_2026_22_05_03,finished,midterm,lp,eval_midterm_lp_to_midterm_lp_1shot,state/train1_midterm_lp_1p5m_13_04_2026_18_19_00/checkpoint/state_dict_28000.ckpt,1.0,1.0,12.0,False,0.85835,,0.8614985985268235,0.9353564768055556,2026-04-14 05:05:05+00:00,1.0,[],384.0,emb_only,True,/scratch1/eibl/data/midterm/graphs/retweet_graph_1p5m.pt,1.0,midterm,train1_midterm_lp_1p5m_13_04_2026_18_19_00,4/14,1,"[('midterm', 'lp', 1)]",['7bjy1aj6'],midterm+lp(1),midterm,lp,midterm+lp(1),7bjy1aj6|midterm+lp(1),midterm+lp(1)|midterm+lp(1),0.9353564768055556,0.8614985985268235,0.935356477
7mshyyjc,eval_ukr_rus_twitter_lp_to_covid19_twitter_nm_3shot_13_04_2026_22_04_57,finished,covid19_twitter,nm,eval_ukr_rus_twitter_lp_to_covid19_twitter_nm_3shot,state/train1_ukr_rus_twitter_lp_1p5m_13_04_2026_17_00_47/checkpoint/state_dict_28000.ckpt,3.0,3.0,12.0,False,0.7555444444444445,,0.7553193913065851,0.9180292546296296,2026-04-14 05:05:01+00:00,1.0,[],384.0,emb_only,True,/scratch1/eibl/data/covid19_twitter/graphs/retweet_graph_1p5m_hf03_labeled.pt,3.0,covid19_twitter,train1_ukr_rus_twitter_lp_1p5m_13_04_2026_17_00_47,4/14,3,"[('ukr_rus_twitter', 'lp', 1)]",['fy8ugmac'],ukr_rus_twitter+lp(1),covid19_twitter,nm,covid19_twitter+nm(3),fy8ugmac|covid19_twitter+nm(3),ukr_rus_twitter+lp(1)|covid19_twitter+nm(3),0.9180292546296296,0.7553193913065851,0.918029255
mbnpaij6,eval_covid19_twitter_lp_to_covid19_twitter_pl_1shot_13_04_2026_22_04_39,finished,covid19_twitter,pl,eval_covid19_twitter_lp_to_covid19_twitter_pl_1shot,state/train1_covid19_twitter_lp_1p5m_13_04_2026_15_42_52/checkpoint/state_dict_28000.ckpt,1.0,2.0,12.0,False,0.5526916666666667,,0.5518214533218666,0.5791663701388889,2026-04-14 05:04:43+00:00,1.0,[],384.0,emb_only,True,/scratch1/eibl/data/covid19_twitter/graphs/retweet_graph_1p5m_hf03_labeled.pt,1.0,covid19_twitter,train1_covid19_twitter_lp_1p5m_13_04_2026_15_42_52,4/14,1,"[('covid19_twitter', 'lp', 1)]",['2l1wyfau'],covid19_twitter+lp(1),covid19_twitter,pl,covid19_twitter+pl(1),2l1wyfau|covid19_twitter+pl(1),covid19_twitter+lp(1)|covid19_twitter+pl(1),0.5791663701388889,0.5518214533218666,0.57916637
guzw4ab5,eval_midterm_lp_to_covid19_twitter_pl_1shot_13_04_2026_22_04_35,finished,covid19_twitter,pl,eval_midterm_lp_to_covid19_twitter_pl_1shot,state/train1_midterm_lp_1p5m_13_04_2026_18_19_00/checkpoint/state_dict_28000.ckpt,1.0,2.0,12.0,False,0.509575,,0.5093419374202747,0.5138600565277778,2026-04-14 05:04:40+00:00,1.0,[],384.0,emb_only,True,/scratch1/eibl/data/covid19_twitter/graphs/retweet_graph_1p5m_hf03_labeled.pt,1.0,covid19_twitter,train1_midterm_lp_1p5m_13_04_2026_18_19_00,4/14,1,"[('midterm', 'lp', 1)]",['7bjy1aj6'],midterm+lp(1),covid19_twitter,pl,covid19_twitter+pl(1),7bjy1aj6|covid19_twitter+pl(1),midterm+lp(1)|covid19_twitter+pl(1),0.5138600565277778,0.5093419374202747,0.513860057
3tum5ejc,eval_ukr_rus_twitter_lp_to_covid19_twitter_pl_1shot_13_04_2026_22_04_07,finished,covid19_twitter,pl,eval_ukr_rus_twitter_lp_to_covid19_twitter_pl_1shot,state/train1_ukr_rus_twitter_lp_1p5m_13_04_2026_17_00_47/checkpoint/state_dict_28000.ckpt,1.0,2.0,12.0,False,0.519,,0.5190080165330578,0.5234040086111111,2026-04-14 05:04:12+00:00,1.0,[],384.0,emb_only,True,/scratch1/eibl/data/covid19_twitter/graphs/retweet_graph_1p5m_hf03_labeled.pt,1.0,covid19_twitter,train1_ukr_rus_twitter_lp_1p5m_13_04_2026_17_00_47,4/14,1,"[('ukr_rus_twitter', 'lp', 1)]",['fy8ugmac'],ukr_rus_twitter+lp(1),covid19_twitter,pl,covid19_twitter+pl(1),fy8ugmac|covid19_twitter+pl(1),ukr_rus_twitter+lp(1)|covid19_twitter+pl(1),0.5234040086111111,0.5190080165330578,0.523404009
pam0oedh,eval_covid19_twitter_lp_to_covid19_twitter_lp_1shot_13_04_2026_22_03_49,finished,covid19_twitter,lp,eval_covid19_twitter_lp_to_covid19_twitter_lp_1shot,state/train1_covid19_twitter_lp_1p5m_13_04_2026_15_42_52/checkpoint/state_dict_28000.ckpt,1.0,1.0,12.0,False,0.8624916666666667,,0.865935994410276,0.9427895295833332,2026-04-14 05:03:54+00:00,1.0,[],384.0,emb_only,True,/scratch1/eibl/data/covid19_twitter/graphs/retweet_graph_1p5m_hf03_labeled.pt,1.0,covid19_twitter,train1_covid19_twitter_lp_1p5m_13_04_2026_15_42_52,4/14,1,"[('covid19_twitter', 'lp', 1)]",['2l1wyfau'],covid19_twitter+lp(1),covid19_twitter,lp,covid19_twitter+lp(1),2l1wyfau|covid19_twitter+lp(1),covid19_twitter+lp(1)|covid19_twitter+lp(1),0.9427895295833332,0.865935994410276,0.94278953
odgf64mo,eval_covid19_twitter_lp_to_midterm_lp_3shot_13_04_2026_22_03_52,finished,midterm,lp,eval_covid19_twitter_lp_to_midterm_lp_3shot,state/train1_covid19_twitter_lp_1p5m_13_04_2026_15_42_52/checkpoint/state_dict_28000.ckpt,3.0,1.0,12.0,False,0.6896166666666667,,0.6162184441009789,0.7835197054166667,2026-04-14 05:03:54+00:00,1.0,[],384.0,emb_only,True,/scratch1/eibl/data/midterm/graphs/retweet_graph_1p5m.pt,3.0,midterm,train1_covid19_twitter_lp_1p5m_13_04_2026_15_42_52,4/14,3,"[('covid19_twitter', 'lp', 1)]",['2l1wyfau'],covid19_twitter+lp(1),midterm,lp,midterm+lp(3),2l1wyfau|midterm+lp(3),covid19_twitter+lp(1)|midterm+lp(3),0.7835197054166667,0.6162184441009789,0.783519705
80xpta0a,eval_ukr_rus_twitter_lp_to_midterm_lp_3shot_13_04_2026_22_03_52,finished,midterm,lp,eval_ukr_rus_twitter_lp_to_midterm_lp_3shot,state/train1_ukr_rus_twitter_lp_1p5m_13_04_2026_17_00_47/checkpoint/state_dict_28000.ckpt,3.0,1.0,12.0,False,0.7071,,0.6829514703229298,0.7662499675000001,2026-04-14 05:03:54+00:00,1.0,[],384.0,emb_only,True,/scratch1/eibl/data/midterm/graphs/retweet_graph_1p5m.pt,3.0,midterm,train1_ukr_rus_twitter_lp_1p5m_13_04_2026_17_00_47,4/14,3,"[('ukr_rus_twitter', 'lp', 1)]",['fy8ugmac'],ukr_rus_twitter+lp(1),midterm,lp,midterm+lp(3),fy8ugmac|midterm+lp(3),ukr_rus_twitter+lp(1)|midterm+lp(3),0.7662499675000001,0.6829514703229298,0.766249968
lojwmyqg,eval_midterm_lp_to_covid19_twitter_lp_1shot_13_04_2026_22_03_47,finished,covid19_twitter,lp,eval_midterm_lp_to_covid19_twitter_lp_1shot,state/train1_midterm_lp_1p5m_13_04_2026_18_19_00/checkpoint/state_dict_28000.ckpt,1.0,1.0,12.0,False,0.5438666666666667,,0.5049741345005969,0.5882033234722223,2026-04-14 05:03:52+00:00,1.0,[],384.0,emb_only,True,/scratch1/eibl/data/covid19_twitter/graphs/retweet_graph_1p5m_hf03_labeled.pt,1.0,covid19_twitter,train1_midterm_lp_1p5m_13_04_2026_18_19_00,4/14,1,"[('midterm', 'lp', 1)]",['7bjy1aj6'],midterm+lp(1),covid19_twitter,lp,covid19_twitter+lp(1),7bjy1aj6|covid19_twitter+lp(1),midterm+lp(1)|covid19_twitter+lp(1),0.5882033234722223,0.5049741345005969,0.588203323
p9qpsn0t,eval_ukr_rus_twitter_lp_to_covid19_twitter_lp_1shot_13_04_2026_22_03_16,finished,covid19_twitter,lp,eval_ukr_rus_twitter_lp_to_covid19_twitter_lp_1shot,state/train1_ukr_rus_twitter_lp_1p5m_13_04_2026_17_00_47/checkpoint/state_dict_28000.ckpt,1.0,1.0,12.0,False,0.7566166666666667,,0.7351362135887112,0.8491070202777777,2026-04-14 05:03:21+00:00,1.0,[],384.0,emb_only,True,/scratch1/eibl/data/covid19_twitter/graphs/retweet_graph_1p5m_hf03_labeled.pt,1.0,covid19_twitter,train1_ukr_rus_twitter_lp_1p5m_13_04_2026_17_00_47,4/14,1,"[('ukr_rus_twitter', 'lp', 1)]",['fy8ugmac'],ukr_rus_twitter+lp(1),covid19_twitter,lp,covid19_twitter+lp(1),fy8ugmac|covid19_twitter+lp(1),ukr_rus_twitter+lp(1)|covid19_twitter+lp(1),0.8491070202777777,0.7351362135887112,0.84910702
rj649jcg,eval_ukr_rus_twitter_lp_to_ukr_rus_twitter_nm_3shot_13_04_2026_22_03_11,finished,ukr_rus_twitter,nm,eval_ukr_rus_twitter_lp_to_ukr_rus_twitter_nm_3shot,state/train1_ukr_rus_twitter_lp_1p5m_13_04_2026_17_00_47/checkpoint/state_dict_28000.ckpt,3.0,3.0,12.0,False,0.8131777777777778,,0.813161599748978,0.9482938363657408,2026-04-14 05:03:14+00:00,1.0,[],384.0,emb_only,True,/scratch1/eibl/data/ukr_rus_twitter/graphs/retweet_graph_1p5m_hf03_political_labels.pt,3.0,ukr_rus_twitter,train1_ukr_rus_twitter_lp_1p5m_13_04_2026_17_00_47,4/14,3,"[('ukr_rus_twitter', 'lp', 1)]",['fy8ugmac'],ukr_rus_twitter+lp(1),ukr_rus_twitter,nm,ukr_rus_twitter+nm(3),fy8ugmac|ukr_rus_twitter+nm(3),ukr_rus_twitter+lp(1)|ukr_rus_twitter+nm(3),0.9482938363657408,0.813161599748978,0.948293836
gyk95om1,eval_midterm_lp_to_midterm_nm_1shot_13_04_2026_22_03_03,finished,midterm,nm,eval_midterm_lp_to_midterm_nm_1shot,state/train1_midterm_lp_1p5m_13_04_2026_18_19_00/checkpoint/state_dict_28000.ckpt,1.0,3.0,12.0,False,0.6678333333333333,,0.667756343208057,0.8603283962962963,2026-04-14 05:03:05+00:00,1.0,[],384.0,emb_only,True,/scratch1/eibl/data/midterm/graphs/retweet_graph_1p5m.pt,1.0,midterm,train1_midterm_lp_1p5m_13_04_2026_18_19_00,4/14,1,"[('midterm', 'lp', 1)]",['7bjy1aj6'],midterm+lp(1),midterm,nm,midterm+nm(1),7bjy1aj6|midterm+nm(1),midterm+lp(1)|midterm+nm(1),0.8603283962962963,0.667756343208057,0.860328396
owl1v7c9,eval_ukr_rus_twitter_lp_to_ukr_rus_twitter_pl_1shot_13_04_2026_22_02_24,finished,ukr_rus_twitter,pl,eval_ukr_rus_twitter_lp_to_ukr_rus_twitter_pl_1shot,state/train1_ukr_rus_twitter_lp_1p5m_13_04_2026_17_00_47/checkpoint/state_dict_28000.ckpt,1.0,2.0,12.0,False,0.6499166666666667,,0.6496772794743074,0.7027799961111112,2026-04-14 05:02:28+00:00,1.0,[],384.0,emb_only,True,/scratch1/eibl/data/ukr_rus_twitter/graphs/retweet_graph_1p5m_hf03_political_labels.pt,1.0,ukr_rus_twitter,train1_ukr_rus_twitter_lp_1p5m_13_04_2026_17_00_47,4/14,1,"[('ukr_rus_twitter', 'lp', 1)]",['fy8ugmac'],ukr_rus_twitter+lp(1),ukr_rus_twitter,pl,ukr_rus_twitter+pl(1),fy8ugmac|ukr_rus_twitter+pl(1),ukr_rus_twitter+lp(1)|ukr_rus_twitter+pl(1),0.7027799961111112,0.6496772794743074,0.702779996
oslk9n7c,eval_midterm_lp_to_midterm_pl_0shot_13_04_2026_22_02_16,finished,midterm,pl,eval_midterm_lp_to_midterm_pl_0shot,state/train1_midterm_lp_1p5m_13_04_2026_18_19_00/checkpoint/state_dict_28000.ckpt,0.0,2.0,12.0,True,0.1730166666666666,,0.1688052800857679,0.1789038061111111,2026-04-14 05:02:18+00:00,1.0,[],384.0,emb_only,True,/scratch1/eibl/data/midterm/graphs/retweet_graph_1p5m.pt,0.0,midterm,train1_midterm_lp_1p5m_13_04_2026_18_19_00,4/14,0,"[('midterm', 'lp', 1)]",['7bjy1aj6'],midterm+lp(1),midterm,pl,midterm+pl(0),7bjy1aj6|midterm+pl(0),midterm+lp(1)|midterm+pl(0),0.1789038061111111,0.1688052800857679,0.178903806
3toh6tus,eval_midterm_lp_to_covid19_twitter_nm_1shot_13_04_2026_22_01_59,finished,covid19_twitter,nm,eval_midterm_lp_to_covid19_twitter_nm_1shot,state/train1_midterm_lp_1p5m_13_04_2026_18_19_00/checkpoint/state_dict_28000.ckpt,1.0,3.0,12.0,False,0.6064888888888889,,0.6056042261414828,0.7917739033333334,2026-04-14 05:02:03+00:00,1.0,[],384.0,emb_only,True,/scratch1/eibl/data/covid19_twitter/graphs/retweet_graph_1p5m_hf03_labeled.pt,1.0,covid19_twitter,train1_midterm_lp_1p5m_13_04_2026_18_19_00,4/14,1,"[('midterm', 'lp', 1)]",['7bjy1aj6'],midterm+lp(1),covid19_twitter,nm,covid19_twitter+nm(1),7bjy1aj6|covid19_twitter+nm(1),midterm+lp(1)|covid19_twitter+nm(1),0.7917739033333334,0.6056042261414828,0.791773903
t2th0vy1,eval_covid19_twitter_lp_to_covid19_twitter_nm_1shot_13_04_2026_22_01_58,finished,covid19_twitter,nm,eval_covid19_twitter_lp_to_covid19_twitter_nm_1shot,state/train1_covid19_twitter_lp_1p5m_13_04_2026_15_42_52/checkpoint/state_dict_28000.ckpt,1.0,3.0,12.0,False,0.7557222222222222,,0.75559311418731,0.913687481527778,2026-04-14 05:02:02+00:00,1.0,[],384.0,emb_only,True,/scratch1/eibl/data/covid19_twitter/graphs/retweet_graph_1p5m_hf03_labeled.pt,1.0,covid19_twitter,train1_covid19_twitter_lp_1p5m_13_04_2026_15_42_52,4/14,1,"[('covid19_twitter', 'lp', 1)]",['2l1wyfau'],covid19_twitter+lp(1),covid19_twitter,nm,covid19_twitter+nm(1),2l1wyfau|covid19_twitter+nm(1),covid19_twitter+lp(1)|covid19_twitter+nm(1),0.913687481527778,0.75559311418731,0.913687482
0iyt5awd,eval_ukr_rus_twitter_lp_to_ukr_rus_twitter_lp_1shot_13_04_2026_22_01_40,finished,ukr_rus_twitter,lp,eval_ukr_rus_twitter_lp_to_ukr_rus_twitter_lp_1shot,state/train1_ukr_rus_twitter_lp_1p5m_13_04_2026_17_00_47/checkpoint/state_dict_28000.ckpt,1.0,1.0,12.0,False,0.8295666666666667,,0.8295098366122041,0.9144525515277778,2026-04-14 05:01:44+00:00,1.0,[],384.0,emb_only,True,/scratch1/eibl/data/ukr_rus_twitter/graphs/retweet_graph_1p5m_hf03_political_labels.pt,1.0,ukr_rus_twitter,train1_ukr_rus_twitter_lp_1p5m_13_04_2026_17_00_47,4/14,1,"[('ukr_rus_twitter', 'lp', 1)]",['fy8ugmac'],ukr_rus_twitter+lp(1),ukr_rus_twitter,lp,ukr_rus_twitter+lp(1),fy8ugmac|ukr_rus_twitter+lp(1),ukr_rus_twitter+lp(1)|ukr_rus_twitter+lp(1),0.9144525515277778,0.8295098366122041,0.914452552
uvzkx3k9,eval_covid19_twitter_lp_to_midterm_nm_3shot_13_04_2026_22_01_29,finished,midterm,nm,eval_covid19_twitter_lp_to_midterm_nm_3shot,state/train1_covid19_twitter_lp_1p5m_13_04_2026_15_42_52/checkpoint/state_dict_28000.ckpt,3.0,3.0,12.0,False,0.6190388888888889,,0.6188665191473572,0.8217829702314815,2026-04-14 05:01:32+00:00,1.0,[],384.0,emb_only,True,/scratch1/eibl/data/midterm/graphs/retweet_graph_1p5m.pt,3.0,midterm,train1_covid19_twitter_lp_1p5m_13_04_2026_15_42_52,4/14,3,"[('covid19_twitter', 'lp', 1)]",['2l1wyfau'],covid19_twitter+lp(1),midterm,nm,midterm+nm(3),2l1wyfau|midterm+nm(3),covid19_twitter+lp(1)|midterm+nm(3),0.8217829702314815,0.6188665191473572,0.82178297
71xr4i8x,eval_ukr_rus_twitter_lp_to_midterm_nm_3shot_13_04_2026_22_01_29,finished,midterm,nm,eval_ukr_rus_twitter_lp_to_midterm_nm_3shot,state/train1_ukr_rus_twitter_lp_1p5m_13_04_2026_17_00_47/checkpoint/state_dict_28000.ckpt,3.0,3.0,12.0,False,0.6574388888888889,,0.6564113797137209,0.8586490098148148,2026-04-14 05:01:32+00:00,1.0,[],384.0,emb_only,True,/scratch1/eibl/data/midterm/graphs/retweet_graph_1p5m.pt,3.0,midterm,train1_ukr_rus_twitter_lp_1p5m_13_04_2026_17_00_47,4/14,3,"[('ukr_rus_twitter', 'lp', 1)]",['fy8ugmac'],ukr_rus_twitter+lp(1),midterm,nm,midterm+nm(3),fy8ugmac|midterm+nm(3),ukr_rus_twitter+lp(1)|midterm+nm(3),0.8586490098148148,0.6564113797137209,0.85864901
fh0n91sx,eval_ukr_rus_twitter_lp_to_covid19_twitter_nm_1shot_13_04_2026_22_01_23,finished,covid19_twitter,nm,eval_ukr_rus_twitter_lp_to_covid19_twitter_nm_1shot,state/train1_ukr_rus_twitter_lp_1p5m_13_04_2026_17_00_47/checkpoint/state_dict_28000.ckpt,1.0,3.0,12.0,False,0.7080777777777778,,0.7074498388439964,0.8787924652314816,2026-04-14 05:01:27+00:00,1.0,[],384.0,emb_only,True,/scratch1/eibl/data/covid19_twitter/graphs/retweet_graph_1p5m_hf03_labeled.pt,1.0,covid19_twitter,train1_ukr_rus_twitter_lp_1p5m_13_04_2026_17_00_47,4/14,1,"[('ukr_rus_twitter', 'lp', 1)]",['fy8ugmac'],ukr_rus_twitter+lp(1),covid19_twitter,nm,covid19_twitter+nm(1),fy8ugmac|covid19_twitter+nm(1),ukr_rus_twitter+lp(1)|covid19_twitter+nm(1),0.8787924652314816,0.7074498388439964,0.878792465
3yyi8loa,eval_midterm_lp_to_midterm_lp_0shot_13_04_2026_22_01_19,finished,midterm,lp,eval_midterm_lp_to_midterm_lp_0shot,state/train1_midterm_lp_1p5m_13_04_2026_18_19_00/checkpoint/state_dict_28000.ckpt,0.0,1.0,12.0,True,0.6552666666666667,,0.6541541959971241,0.7185494570833333,2026-04-14 05:01:22+00:00,1.0,[],384.0,emb_only,True,/scratch1/eibl/data/midterm/graphs/retweet_graph_1p5m.pt,0.0,midterm,train1_midterm_lp_1p5m_13_04_2026_18_19_00,4/14,0,"[('midterm', 'lp', 1)]",['7bjy1aj6'],midterm+lp(1),midterm,lp,midterm+lp(0),7bjy1aj6|midterm+lp(0),midterm+lp(1)|midterm+lp(0),0.7185494570833333,0.6541541959971241,0.718549457
8zgiykmh,eval_covid19_twitter_nm_to_ukr_rus_twitter_nm_10shot_13_04_2026_22_01_15,finished,ukr_rus_twitter,nm,eval_covid19_twitter_nm_to_ukr_rus_twitter_nm_10shot,state/train1_covid19_twitter_nm_1p5m_13_04_2026_12_14_58/checkpoint/state_dict_40000.ckpt,10.0,3.0,12.0,False,0.9167611111111112,,0.9167568786444024,0.9864107173842592,2026-04-14 05:01:20+00:00,1.0,[],384.0,emb_only,True,/scratch1/eibl/data/ukr_rus_twitter/graphs/retweet_graph_1p5m_hf03_political_labels.pt,10.0,ukr_rus_twitter,train1_covid19_twitter_nm_1p5m_13_04_2026_12_14_58,4/14,10,"[('covid19_twitter', 'nm', 1)]",['7byj23i0'],covid19_twitter+nm(1),ukr_rus_twitter,nm,ukr_rus_twitter+nm(10),7byj23i0|ukr_rus_twitter+nm(10),covid19_twitter+nm(1)|ukr_rus_twitter+nm(10),0.9864107173842592,0.9167568786444024,0.986410717
k0ns3f7x,eval_covid19_twitter_lp_to_covid19_twitter_pl_0shot_13_04_2026_22_01_13,finished,covid19_twitter,pl,eval_covid19_twitter_lp_to_covid19_twitter_pl_0shot,state/train1_covid19_twitter_lp_1p5m_13_04_2026_15_42_52/checkpoint/state_dict_28000.ckpt,0.0,2.0,12.0,True,0.4545083333333333,,0.4543127954183582,0.4442071665277778,2026-04-14 05:01:18+00:00,1.0,[],384.0,emb_only,True,/scratch1/eibl/data/covid19_twitter/graphs/retweet_graph_1p5m_hf03_labeled.pt,0.0,covid19_twitter,train1_covid19_twitter_lp_1p5m_13_04_2026_15_42_52,4/14,0,"[('covid19_twitter', 'lp', 1)]",['2l1wyfau'],covid19_twitter+lp(1),covid19_twitter,pl,covid19_twitter+pl(0),2l1wyfau|covid19_twitter+pl(0),covid19_twitter+lp(1)|covid19_twitter+pl(0),0.4442071665277778,0.4543127954183582,0.444207167
8pup7832,eval_midterm_lp_to_covid19_twitter_pl_0shot_13_04_2026_22_01_13,finished,covid19_twitter,pl,eval_midterm_lp_to_covid19_twitter_pl_0shot,state/train1_midterm_lp_1p5m_13_04_2026_18_19_00/checkpoint/state_dict_28000.ckpt,0.0,2.0,12.0,True,0.4858083333333333,,0.4860096462218964,0.4737514436111111,2026-04-14 05:01:18+00:00,1.0,[],384.0,emb_only,True,/scratch1/eibl/data/covid19_twitter/graphs/retweet_graph_1p5m_hf03_labeled.pt,0.0,covid19_twitter,train1_midterm_lp_1p5m_13_04_2026_18_19_00,4/14,0,"[('midterm', 'lp', 1)]",['7bjy1aj6'],midterm+lp(1),covid19_twitter,pl,covid19_twitter+pl(0),7bjy1aj6|covid19_twitter+pl(0),midterm+lp(1)|covid19_twitter+pl(0),0.4737514436111111,0.4860096462218964,0.473751444
ropxhh0b,eval_ukr_rus_twitter_lp_to_covid19_twitter_pl_0shot_13_04_2026_22_00_37,finished,covid19_twitter,pl,eval_ukr_rus_twitter_lp_to_covid19_twitter_pl_0shot,state/train1_ukr_rus_twitter_lp_1p5m_13_04_2026_17_00_47/checkpoint/state_dict_28000.ckpt,0.0,2.0,12.0,True,0.5095,,0.5096552758293207,0.5241856040277778,2026-04-14 05:00:41+00:00,1.0,[],384.0,emb_only,True,/scratch1/eibl/data/covid19_twitter/graphs/retweet_graph_1p5m_hf03_labeled.pt,0.0,covid19_twitter,train1_ukr_rus_twitter_lp_1p5m_13_04_2026_17_00_47,4/14,0,"[('ukr_rus_twitter', 'lp', 1)]",['fy8ugmac'],ukr_rus_twitter+lp(1),covid19_twitter,pl,covid19_twitter+pl(0),fy8ugmac|covid19_twitter+pl(0),ukr_rus_twitter+lp(1)|covid19_twitter+pl(0),0.5241856040277778,0.5096552758293207,0.524185604
wk70asbg,eval_covid19_twitter_lp_to_midterm_pl_1shot_13_04_2026_22_00_35,finished,midterm,pl,eval_covid19_twitter_lp_to_midterm_pl_1shot,state/train1_covid19_twitter_lp_1p5m_13_04_2026_15_42_52/checkpoint/state_dict_28000.ckpt,1.0,2.0,12.0,False,0.5296,,0.5303514376996805,0.5386383004166666,2026-04-14 05:00:37+00:00,1.0,[],384.0,emb_only,True,/scratch1/eibl/data/midterm/graphs/retweet_graph_1p5m.pt,1.0,midterm,train1_covid19_twitter_lp_1p5m_13_04_2026_15_42_52,4/14,1,"[('covid19_twitter', 'lp', 1)]",['2l1wyfau'],covid19_twitter+lp(1),midterm,pl,midterm+pl(1),2l1wyfau|midterm+pl(1),covid19_twitter+lp(1)|midterm+pl(1),0.5386383004166666,0.5303514376996805,0.5386383
68w5s06j,eval_ukr_rus_twitter_lp_to_midterm_pl_1shot_13_04_2026_22_00_35,finished,midterm,pl,eval_ukr_rus_twitter_lp_to_midterm_pl_1shot,state/train1_ukr_rus_twitter_lp_1p5m_13_04_2026_17_00_47/checkpoint/state_dict_28000.ckpt,1.0,2.0,12.0,False,0.5249916666666666,,0.5236300425382552,0.5336479631944445,2026-04-14 05:00:37+00:00,1.0,[],384.0,emb_only,True,/scratch1/eibl/data/midterm/graphs/retweet_graph_1p5m.pt,1.0,midterm,train1_ukr_rus_twitter_lp_1p5m_13_04_2026_17_00_47,4/14,1,"[('ukr_rus_twitter', 'lp', 1)]",['fy8ugmac'],ukr_rus_twitter+lp(1),midterm,pl,midterm+pl(1),fy8ugmac|midterm+pl(1),ukr_rus_twitter+lp(1)|midterm+pl(1),0.5336479631944445,0.5236300425382552,0.533647963
8a5uefzq,eval_covid19_twitter_lp_to_covid19_twitter_lp_0shot_13_04_2026_22_00_28,finished,covid19_twitter,lp,eval_covid19_twitter_lp_to_covid19_twitter_lp_0shot,state/train1_covid19_twitter_lp_1p5m_13_04_2026_15_42_52/checkpoint/state_dict_28000.ckpt,0.0,1.0,12.0,True,0.593925,,0.4857369004274181,0.6774616833333333,2026-04-14 05:00:33+00:00,1.0,[],384.0,emb_only,True,/scratch1/eibl/data/covid19_twitter/graphs/retweet_graph_1p5m_hf03_labeled.pt,0.0,covid19_twitter,train1_covid19_twitter_lp_1p5m_13_04_2026_15_42_52,4/14,0,"[('covid19_twitter', 'lp', 1)]",['2l1wyfau'],covid19_twitter+lp(1),covid19_twitter,lp,covid19_twitter+lp(0),2l1wyfau|covid19_twitter+lp(0),covid19_twitter+lp(1)|covid19_twitter+lp(0),0.6774616833333333,0.4857369004274181,0.677461683
j98purej,eval_midterm_lp_to_covid19_twitter_lp_0shot_13_04_2026_22_00_27,finished,covid19_twitter,lp,eval_midterm_lp_to_covid19_twitter_lp_0shot,state/train1_midterm_lp_1p5m_13_04_2026_18_19_00/checkpoint/state_dict_28000.ckpt,0.0,1.0,12.0,True,0.5088666666666667,,0.4596200396097704,0.51674269375,2026-04-14 05:00:32+00:00,1.0,[],384.0,emb_only,True,/scratch1/eibl/data/covid19_twitter/graphs/retweet_graph_1p5m_hf03_labeled.pt,0.0,covid19_twitter,train1_midterm_lp_1p5m_13_04_2026_18_19_00,4/14,0,"[('midterm', 'lp', 1)]",['7bjy1aj6'],midterm+lp(1),covid19_twitter,lp,covid19_twitter+lp(0),7bjy1aj6|covid19_twitter+lp(0),midterm+lp(1)|covid19_twitter+lp(0),0.51674269375,0.4596200396097704,0.516742694
lwsusayd,eval_ukr_rus_twitter_lp_to_ukr_rus_twitter_nm_1shot_13_04_2026_22_00_00,finished,ukr_rus_twitter,nm,eval_ukr_rus_twitter_lp_to_ukr_rus_twitter_nm_1shot,state/train1_ukr_rus_twitter_lp_1p5m_13_04_2026_17_00_47/checkpoint/state_dict_28000.ckpt,1.0,3.0,12.0,False,0.7615888888888889,,0.7615668908146321,0.9155772946296296,2026-04-14 05:00:03+00:00,1.0,[],384.0,emb_only,True,/scratch1/eibl/data/ukr_rus_twitter/graphs/retweet_graph_1p5m_hf03_political_labels.pt,1.0,ukr_rus_twitter,train1_ukr_rus_twitter_lp_1p5m_13_04_2026_17_00_47,4/14,1,"[('ukr_rus_twitter', 'lp', 1)]",['fy8ugmac'],ukr_rus_twitter+lp(1),ukr_rus_twitter,nm,ukr_rus_twitter+nm(1),fy8ugmac|ukr_rus_twitter+nm(1),ukr_rus_twitter+lp(1)|ukr_rus_twitter+nm(1),0.9155772946296296,0.7615668908146321,0.915577295
abfankpz,eval_ukr_rus_twitter_lp_to_covid19_twitter_lp_0shot_13_04_2026_21_59_51,finished,covid19_twitter,lp,eval_ukr_rus_twitter_lp_to_covid19_twitter_lp_0shot,state/train1_ukr_rus_twitter_lp_1p5m_13_04_2026_17_00_47/checkpoint/state_dict_28000.ckpt,0.0,1.0,12.0,True,0.5636166666666667,,0.4348220260323354,0.6036695790277777,2026-04-14 04:59:56+00:00,1.0,[],384.0,emb_only,True,/scratch1/eibl/data/covid19_twitter/graphs/retweet_graph_1p5m_hf03_labeled.pt,0.0,covid19_twitter,train1_ukr_rus_twitter_lp_1p5m_13_04_2026_17_00_47,4/14,0,"[('ukr_rus_twitter', 'lp', 1)]",['fy8ugmac'],ukr_rus_twitter+lp(1),covid19_twitter,lp,covid19_twitter+lp(0),fy8ugmac|covid19_twitter+lp(0),ukr_rus_twitter+lp(1)|covid19_twitter+lp(0),0.6036695790277777,0.4348220260323354,0.603669579
yumr53fj,eval_covid19_twitter_nm_to_ukr_rus_twitter_pl_3shot_13_04_2026_21_59_40,finished,ukr_rus_twitter,pl,eval_covid19_twitter_nm_to_ukr_rus_twitter_pl_3shot,state/train1_covid19_twitter_nm_1p5m_13_04_2026_12_14_58/checkpoint/state_dict_40000.ckpt,3.0,2.0,12.0,False,0.594175,,0.592541771601168,0.62835520625,2026-04-14 04:59:45+00:00,1.0,[],384.0,emb_only,True,/scratch1/eibl/data/ukr_rus_twitter/graphs/retweet_graph_1p5m_hf03_political_labels.pt,3.0,ukr_rus_twitter,train1_covid19_twitter_nm_1p5m_13_04_2026_12_14_58,4/14,3,"[('covid19_twitter', 'nm', 1)]",['7byj23i0'],covid19_twitter+nm(1),ukr_rus_twitter,pl,ukr_rus_twitter+pl(3),7byj23i0|ukr_rus_twitter+pl(3),covid19_twitter+nm(1)|ukr_rus_twitter+pl(3),0.62835520625,0.592541771601168,0.628355206
oj4up51b,eval_midterm_lp_to_midterm_nm_0shot_13_04_2026_21_59_27,finished,midterm,nm,eval_midterm_lp_to_midterm_nm_0shot,state/train1_midterm_lp_1p5m_13_04_2026_18_19_00/checkpoint/state_dict_28000.ckpt,0.0,3.0,12.0,True,0.3330277777777777,,0.3242487537420056,0.5012073919675926,2026-04-14 04:59:29+00:00,1.0,[],384.0,emb_only,True,/scratch1/eibl/data/midterm/graphs/retweet_graph_1p5m.pt,0.0,midterm,train1_midterm_lp_1p5m_13_04_2026_18_19_00,4/14,0,"[('midterm', 'lp', 1)]",['7bjy1aj6'],midterm+lp(1),midterm,nm,midterm+nm(0),7bjy1aj6|midterm+nm(0),midterm+lp(1)|midterm+nm(0),0.5012073919675926,0.3242487537420056,0.501207392
r134dq4h,eval_covid19_twitter_lp_to_midterm_lp_1shot_13_04_2026_21_59_26,finished,midterm,lp,eval_covid19_twitter_lp_to_midterm_lp_1shot,state/train1_covid19_twitter_lp_1p5m_13_04_2026_15_42_52/checkpoint/state_dict_28000.ckpt,1.0,1.0,12.0,False,0.6960333333333333,,0.6784158834835047,0.7655375425,2026-04-14 04:59:28+00:00,1.0,[],384.0,emb_only,True,/scratch1/eibl/data/midterm/graphs/retweet_graph_1p5m.pt,1.0,midterm,train1_covid19_twitter_lp_1p5m_13_04_2026_15_42_52,4/14,1,"[('covid19_twitter', 'lp', 1)]",['2l1wyfau'],covid19_twitter+lp(1),midterm,lp,midterm+lp(1),2l1wyfau|midterm+lp(1),covid19_twitter+lp(1)|midterm+lp(1),0.7655375425,0.6784158834835047,0.765537542
4ndf25um,eval_ukr_rus_twitter_lp_to_midterm_lp_1shot_13_04_2026_21_59_25,finished,midterm,lp,eval_ukr_rus_twitter_lp_to_midterm_lp_1shot,state/train1_ukr_rus_twitter_lp_1p5m_13_04_2026_17_00_47/checkpoint/state_dict_28000.ckpt,1.0,1.0,12.0,False,0.7036166666666667,,0.6893256464011182,0.7654956706944445,2026-04-14 04:59:28+00:00,1.0,[],384.0,emb_only,True,/scratch1/eibl/data/midterm/graphs/retweet_graph_1p5m.pt,1.0,midterm,train1_ukr_rus_twitter_lp_1p5m_13_04_2026_17_00_47,4/14,1,"[('ukr_rus_twitter', 'lp', 1)]",['fy8ugmac'],ukr_rus_twitter+lp(1),midterm,lp,midterm+lp(1),fy8ugmac|midterm+lp(1),ukr_rus_twitter+lp(1)|midterm+lp(1),0.7654956706944445,0.6893256464011182,0.765495671
mc7idkai,eval_ukr_rus_twitter_lp_to_ukr_rus_twitter_pl_0shot_13_04_2026_21_59_16,finished,ukr_rus_twitter,pl,eval_ukr_rus_twitter_lp_to_ukr_rus_twitter_pl_0shot,state/train1_ukr_rus_twitter_lp_1p5m_13_04_2026_17_00_47/checkpoint/state_dict_28000.ckpt,0.0,2.0,12.0,True,0.67645,,0.6768324149756122,0.7248433756944443,2026-04-14 04:59:19+00:00,1.0,[],384.0,emb_only,True,/scratch1/eibl/data/ukr_rus_twitter/graphs/retweet_graph_1p5m_hf03_political_labels.pt,0.0,ukr_rus_twitter,train1_ukr_rus_twitter_lp_1p5m_13_04_2026_17_00_47,4/14,0,"[('ukr_rus_twitter', 'lp', 1)]",['fy8ugmac'],ukr_rus_twitter+lp(1),ukr_rus_twitter,pl,ukr_rus_twitter+pl(0),fy8ugmac|ukr_rus_twitter+pl(0),ukr_rus_twitter+lp(1)|ukr_rus_twitter+pl(0),0.7248433756944443,0.6768324149756122,0.724843376
lm00127a,eval_midterm_lp_to_covid19_twitter_nm_0shot_13_04_2026_21_58_43,finished,covid19_twitter,nm,eval_midterm_lp_to_covid19_twitter_nm_0shot,state/train1_midterm_lp_1p5m_13_04_2026_18_19_00/checkpoint/state_dict_28000.ckpt,0.0,3.0,12.0,True,0.3340333333333333,,0.2995901506731153,0.5026175830787037,2026-04-14 04:58:47+00:00,1.0,[],384.0,emb_only,True,/scratch1/eibl/data/covid19_twitter/graphs/retweet_graph_1p5m_hf03_labeled.pt,0.0,covid19_twitter,train1_midterm_lp_1p5m_13_04_2026_18_19_00,4/14,0,"[('midterm', 'lp', 1)]",['7bjy1aj6'],midterm+lp(1),covid19_twitter,nm,covid19_twitter+nm(0),7bjy1aj6|covid19_twitter+nm(0),midterm+lp(1)|covid19_twitter+nm(0),0.5026175830787037,0.2995901506731153,0.502617583
zqi14vwf,eval_covid19_twitter_lp_to_covid19_twitter_nm_0shot_13_04_2026_21_58_41,finished,covid19_twitter,nm,eval_covid19_twitter_lp_to_covid19_twitter_nm_0shot,state/train1_covid19_twitter_lp_1p5m_13_04_2026_15_42_52/checkpoint/state_dict_28000.ckpt,0.0,3.0,12.0,True,0.3351333333333333,,0.3031238583744333,0.5016384260185185,2026-04-14 04:58:46+00:00,1.0,[],384.0,emb_only,True,/scratch1/eibl/data/covid19_twitter/graphs/retweet_graph_1p5m_hf03_labeled.pt,0.0,covid19_twitter,train1_covid19_twitter_lp_1p5m_13_04_2026_15_42_52,4/14,0,"[('covid19_twitter', 'lp', 1)]",['2l1wyfau'],covid19_twitter+lp(1),covid19_twitter,nm,covid19_twitter+nm(0),2l1wyfau|covid19_twitter+nm(0),covid19_twitter+lp(1)|covid19_twitter+nm(0),0.5016384260185185,0.3031238583744333,0.501638426
p1udx626,eval_ukr_rus_twitter_lp_to_ukr_rus_twitter_lp_0shot_13_04_2026_21_58_36,finished,ukr_rus_twitter,lp,eval_ukr_rus_twitter_lp_to_ukr_rus_twitter_lp_0shot,state/train1_ukr_rus_twitter_lp_1p5m_13_04_2026_17_00_47/checkpoint/state_dict_28000.ckpt,0.0,1.0,12.0,True,0.6288166666666667,,0.4866303997049467,0.704237538888889,2026-04-14 04:58:40+00:00,1.0,[],384.0,emb_only,True,/scratch1/eibl/data/ukr_rus_twitter/graphs/retweet_graph_1p5m_hf03_political_labels.pt,0.0,ukr_rus_twitter,train1_ukr_rus_twitter_lp_1p5m_13_04_2026_17_00_47,4/14,0,"[('ukr_rus_twitter', 'lp', 1)]",['fy8ugmac'],ukr_rus_twitter+lp(1),ukr_rus_twitter,lp,ukr_rus_twitter+lp(0),fy8ugmac|ukr_rus_twitter+lp(0),ukr_rus_twitter+lp(1)|ukr_rus_twitter+lp(0),0.704237538888889,0.4866303997049467,0.704237539
ez3mle6n,eval_covid19_twitter_nm_to_ukr_rus_twitter_lp_3shot_13_04_2026_21_58_14,finished,ukr_rus_twitter,lp,eval_covid19_twitter_nm_to_ukr_rus_twitter_lp_3shot,state/train1_covid19_twitter_nm_1p5m_13_04_2026_12_14_58/checkpoint/state_dict_40000.ckpt,3.0,1.0,12.0,False,0.5827666666666667,,0.6993779571054591,0.8108332540277778,2026-04-14 04:58:19+00:00,1.0,[],384.0,emb_only,True,/scratch1/eibl/data/ukr_rus_twitter/graphs/retweet_graph_1p5m_hf03_political_labels.pt,3.0,ukr_rus_twitter,train1_covid19_twitter_nm_1p5m_13_04_2026_12_14_58,4/14,3,"[('covid19_twitter', 'nm', 1)]",['7byj23i0'],covid19_twitter+nm(1),ukr_rus_twitter,lp,ukr_rus_twitter+lp(3),7byj23i0|ukr_rus_twitter+lp(3),covid19_twitter+nm(1)|ukr_rus_twitter+lp(3),0.8108332540277778,0.6993779571054591,0.810833254
durgii2i,eval_midterm_nm_to_midterm_pl_10shot_13_04_2026_21_58_11,finished,midterm,pl,eval_midterm_nm_to_midterm_pl_10shot,state/train1_midterm_nm_1p5m_13_04_2026_18_03_58/checkpoint/state_dict_40000.ckpt,10.0,2.0,12.0,False,0.8977916666666667,,0.897765256024473,0.9623499869444444,2026-04-14 04:58:13+00:00,1.0,[],384.0,emb_only,True,/scratch1/eibl/data/midterm/graphs/retweet_graph_1p5m.pt,10.0,midterm,train1_midterm_nm_1p5m_13_04_2026_18_03_58,4/14,10,"[('midterm', 'nm', 1)]",['z1ukveeg'],midterm+nm(1),midterm,pl,midterm+pl(10),z1ukveeg|midterm+pl(10),midterm+nm(1)|midterm+pl(10),0.9623499869444444,0.897765256024473,0.962349987
w2iwnkx1,eval_ukr_rus_twitter_lp_to_covid19_twitter_nm_0shot_13_04_2026_21_58_04,finished,covid19_twitter,nm,eval_ukr_rus_twitter_lp_to_covid19_twitter_nm_0shot,state/train1_ukr_rus_twitter_lp_1p5m_13_04_2026_17_00_47/checkpoint/state_dict_28000.ckpt,0.0,3.0,12.0,True,0.3328111111111111,,0.3259355298607398,0.5012078806481481,2026-04-14 04:58:09+00:00,1.0,[],384.0,emb_only,True,/scratch1/eibl/data/covid19_twitter/graphs/retweet_graph_1p5m_hf03_labeled.pt,0.0,covid19_twitter,train1_ukr_rus_twitter_lp_1p5m_13_04_2026_17_00_47,4/14,0,"[('ukr_rus_twitter', 'lp', 1)]",['fy8ugmac'],ukr_rus_twitter+lp(1),covid19_twitter,nm,covid19_twitter+nm(0),fy8ugmac|covid19_twitter+nm(0),ukr_rus_twitter+lp(1)|covid19_twitter+nm(0),0.5012078806481481,0.3259355298607398,0.501207881
zi3etp5k,eval_midterm_nm_to_covid19_twitter_pl_10shot_13_04_2026_21_57_32,finished,covid19_twitter,pl,eval_midterm_nm_to_covid19_twitter_pl_10shot,state/train1_midterm_nm_1p5m_13_04_2026_18_03_58/checkpoint/state_dict_40000.ckpt,10.0,2.0,12.0,False,0.5203416666666667,,0.5223042002439976,0.5288265245833335,2026-04-14 04:57:37+00:00,1.0,[],384.0,emb_only,True,/scratch1/eibl/data/covid19_twitter/graphs/retweet_graph_1p5m_hf03_labeled.pt,10.0,covid19_twitter,train1_midterm_nm_1p5m_13_04_2026_18_03_58,4/14,10,"[('midterm', 'nm', 1)]",['z1ukveeg'],midterm+nm(1),covid19_twitter,pl,covid19_twitter+pl(10),z1ukveeg|covid19_twitter+pl(10),midterm+nm(1)|covid19_twitter+pl(10),0.5288265245833335,0.5223042002439976,0.528826525
oa8olm4n,eval_covid19_twitter_nm_to_covid19_twitter_pl_10shot_13_04_2026_21_57_32,finished,covid19_twitter,pl,eval_covid19_twitter_nm_to_covid19_twitter_pl_10shot,state/train1_covid19_twitter_nm_1p5m_13_04_2026_12_14_58/checkpoint/state_dict_40000.ckpt,10.0,2.0,12.0,False,0.6532833333333333,,0.6530115256951279,0.7091955040277776,2026-04-14 04:57:36+00:00,1.0,[],384.0,emb_only,True,/scratch1/eibl/data/covid19_twitter/graphs/retweet_graph_1p5m_hf03_labeled.pt,10.0,covid19_twitter,train1_covid19_twitter_nm_1p5m_13_04_2026_12_14_58,4/14,10,"[('covid19_twitter', 'nm', 1)]",['7byj23i0'],covid19_twitter+nm(1),covid19_twitter,pl,covid19_twitter+pl(10),7byj23i0|covid19_twitter+pl(10),covid19_twitter+nm(1)|covid19_twitter+pl(10),0.7091955040277776,0.6530115256951279,0.709195504
xcxwfahp,eval_covid19_twitter_lp_to_midterm_nm_1shot_13_04_2026_21_57_20,finished,midterm,nm,eval_covid19_twitter_lp_to_midterm_nm_1shot,state/train1_covid19_twitter_lp_1p5m_13_04_2026_15_42_52/checkpoint/state_dict_28000.ckpt,1.0,3.0,12.0,False,0.5841444444444445,,0.5836052471044898,0.7893115643518517,2026-04-14 04:57:22+00:00,1.0,[],384.0,emb_only,True,/scratch1/eibl/data/midterm/graphs/retweet_graph_1p5m.pt,1.0,midterm,train1_covid19_twitter_lp_1p5m_13_04_2026_15_42_52,4/14,1,"[('covid19_twitter', 'lp', 1)]",['2l1wyfau'],covid19_twitter+lp(1),midterm,nm,midterm+nm(1),2l1wyfau|midterm+nm(1),covid19_twitter+lp(1)|midterm+nm(1),0.7893115643518517,0.5836052471044898,0.789311564
s0rtv2z7,eval_ukr_rus_twitter_lp_to_midterm_nm_1shot_13_04_2026_21_57_19,finished,midterm,nm,eval_ukr_rus_twitter_lp_to_midterm_nm_1shot,state/train1_ukr_rus_twitter_lp_1p5m_13_04_2026_17_00_47/checkpoint/state_dict_28000.ckpt,1.0,3.0,12.0,False,0.6209833333333333,,0.6198173135291006,0.821713054050926,2026-04-14 04:57:21+00:00,1.0,[],384.0,emb_only,True,/scratch1/eibl/data/midterm/graphs/retweet_graph_1p5m.pt,1.0,midterm,train1_ukr_rus_twitter_lp_1p5m_13_04_2026_17_00_47,4/14,1,"[('ukr_rus_twitter', 'lp', 1)]",['fy8ugmac'],ukr_rus_twitter+lp(1),midterm,nm,midterm+nm(1),fy8ugmac|midterm+nm(1),ukr_rus_twitter+lp(1)|midterm+nm(1),0.821713054050926,0.6198173135291006,0.821713054
u9osl5xz,eval_ukr_rus_twitter_lp_to_ukr_rus_twitter_nm_0shot_13_04_2026_21_57_02,finished,ukr_rus_twitter,nm,eval_ukr_rus_twitter_lp_to_ukr_rus_twitter_nm_0shot,state/train1_ukr_rus_twitter_lp_1p5m_13_04_2026_17_00_47/checkpoint/state_dict_28000.ckpt,0.0,3.0,12.0,True,0.3302055555555555,,0.3272724323160492,0.4971638780555555,2026-04-14 04:57:05+00:00,1.0,[],384.0,emb_only,True,/scratch1/eibl/data/ukr_rus_twitter/graphs/retweet_graph_1p5m_hf03_political_labels.pt,0.0,ukr_rus_twitter,train1_ukr_rus_twitter_lp_1p5m_13_04_2026_17_00_47,4/14,0,"[('ukr_rus_twitter', 'lp', 1)]",['fy8ugmac'],ukr_rus_twitter+lp(1),ukr_rus_twitter,nm,ukr_rus_twitter+nm(0),fy8ugmac|ukr_rus_twitter+nm(0),ukr_rus_twitter+lp(1)|ukr_rus_twitter+nm(0),0.4971638780555555,0.3272724323160492,0.497163878
c58cm0vi,eval_ukr_rus_twitter_nm_to_covid19_twitter_pl_10shot_13_04_2026_21_56_53,finished,covid19_twitter,pl,eval_ukr_rus_twitter_nm_to_covid19_twitter_pl_10shot,state/train1_ukr_rus_twitter_nm_1p5m_13_04_2026_12_40_49/checkpoint/state_dict_40000.ckpt,10.0,2.0,12.0,False,0.5447,,0.5446316947542131,0.5622998113888888,2026-04-14 04:56:58+00:00,1.0,[],384.0,emb_only,True,/scratch1/eibl/data/covid19_twitter/graphs/retweet_graph_1p5m_hf03_labeled.pt,10.0,covid19_twitter,train1_ukr_rus_twitter_nm_1p5m_13_04_2026_12_40_49,4/14,10,"[('ukr_rus_twitter', 'nm', 1)]",['smipugdw'],ukr_rus_twitter+nm(1),covid19_twitter,pl,covid19_twitter+pl(10),smipugdw|covid19_twitter+pl(10),ukr_rus_twitter+nm(1)|covid19_twitter+pl(10),0.5622998113888888,0.5446316947542131,0.562299811
nf43e2h9,eval_midterm_nm_to_midterm_lp_10shot_13_04_2026_21_56_33,finished,midterm,lp,eval_midterm_nm_to_midterm_lp_10shot,state/train1_midterm_nm_1p5m_13_04_2026_18_03_58/checkpoint/state_dict_40000.ckpt,10.0,1.0,12.0,False,0.5720583333333333,,0.700105701454709,0.8362480386111111,2026-04-14 04:56:36+00:00,1.0,[],384.0,emb_only,True,/scratch1/eibl/data/midterm/graphs/retweet_graph_1p5m.pt,10.0,midterm,train1_midterm_nm_1p5m_13_04_2026_18_03_58,4/14,10,"[('midterm', 'nm', 1)]",['z1ukveeg'],midterm+nm(1),midterm,lp,midterm+lp(10),z1ukveeg|midterm+lp(10),midterm+nm(1)|midterm+lp(10),0.8362480386111111,0.700105701454709,0.836248039
arpzz6ks,eval_covid19_twitter_lp_to_midterm_pl_0shot_13_04_2026_21_56_29,finished,midterm,pl,eval_covid19_twitter_lp_to_midterm_pl_0shot,state/train1_covid19_twitter_lp_1p5m_13_04_2026_15_42_52/checkpoint/state_dict_28000.ckpt,0.0,2.0,12.0,True,0.479125,,0.4755895998858974,0.4963031738888889,2026-04-14 04:56:32+00:00,1.0,[],384.0,emb_only,True,/scratch1/eibl/data/midterm/graphs/retweet_graph_1p5m.pt,0.0,midterm,train1_covid19_twitter_lp_1p5m_13_04_2026_15_42_52,4/14,0,"[('covid19_twitter', 'lp', 1)]",['2l1wyfau'],covid19_twitter+lp(1),midterm,pl,midterm+pl(0),2l1wyfau|midterm+pl(0),covid19_twitter+lp(1)|midterm+pl(0),0.4963031738888889,0.4755895998858974,0.496303174
3bh74mty,eval_ukr_rus_twitter_lp_to_midterm_pl_0shot_13_04_2026_21_56_28,finished,midterm,pl,eval_ukr_rus_twitter_lp_to_midterm_pl_0shot,state/train1_ukr_rus_twitter_lp_1p5m_13_04_2026_17_00_47/checkpoint/state_dict_28000.ckpt,0.0,2.0,12.0,True,0.4990083333333334,,0.489950707989378,0.4099682127777777,2026-04-14 04:56:30+00:00,1.0,[],384.0,emb_only,True,/scratch1/eibl/data/midterm/graphs/retweet_graph_1p5m.pt,0.0,midterm,train1_ukr_rus_twitter_lp_1p5m_13_04_2026_17_00_47,4/14,0,"[('ukr_rus_twitter', 'lp', 1)]",['fy8ugmac'],ukr_rus_twitter+lp(1),midterm,pl,midterm+pl(0),fy8ugmac|midterm+pl(0),ukr_rus_twitter+lp(1)|midterm+pl(0),0.4099682127777777,0.489950707989378,0.409968213
zpz311rn,eval_midterm_nm_to_covid19_twitter_lp_10shot_13_04_2026_21_56_20,finished,covid19_twitter,lp,eval_midterm_nm_to_covid19_twitter_lp_10shot,state/train1_midterm_nm_1p5m_13_04_2026_18_03_58/checkpoint/state_dict_40000.ckpt,10.0,1.0,12.0,False,0.51995,,0.6743583945732052,0.7693436427777778,2026-04-14 04:56:25+00:00,1.0,[],384.0,emb_only,True,/scratch1/eibl/data/covid19_twitter/graphs/retweet_graph_1p5m_hf03_labeled.pt,10.0,covid19_twitter,train1_midterm_nm_1p5m_13_04_2026_18_03_58,4/14,10,"[('midterm', 'nm', 1)]",['z1ukveeg'],midterm+nm(1),covid19_twitter,lp,covid19_twitter+lp(10),z1ukveeg|covid19_twitter+lp(10),midterm+nm(1)|covid19_twitter+lp(10),0.7693436427777778,0.6743583945732052,0.769343643
c9lyc20y,eval_covid19_twitter_nm_to_covid19_twitter_lp_10shot_13_04_2026_21_56_19,finished,covid19_twitter,lp,eval_covid19_twitter_nm_to_covid19_twitter_lp_10shot,state/train1_covid19_twitter_nm_1p5m_13_04_2026_12_14_58/checkpoint/state_dict_40000.ckpt,10.0,1.0,12.0,False,0.593475,,0.7092806359914422,0.9078149020833334,2026-04-14 04:56:24+00:00,1.0,[],384.0,emb_only,True,/scratch1/eibl/data/covid19_twitter/graphs/retweet_graph_1p5m_hf03_labeled.pt,10.0,covid19_twitter,train1_covid19_twitter_nm_1p5m_13_04_2026_12_14_58,4/14,10,"[('covid19_twitter', 'nm', 1)]",['7byj23i0'],covid19_twitter+nm(1),covid19_twitter,lp,covid19_twitter+lp(10),7byj23i0|covid19_twitter+lp(10),covid19_twitter+nm(1)|covid19_twitter+lp(10),0.9078149020833334,0.7092806359914422,0.907814902
mr9sq55e,eval_ukr_rus_twitter_nm_to_ukr_rus_twitter_pl_10shot_13_04_2026_21_55_50,finished,ukr_rus_twitter,pl,eval_ukr_rus_twitter_nm_to_ukr_rus_twitter_pl_10shot,state/train1_ukr_rus_twitter_nm_1p5m_13_04_2026_12_40_49/checkpoint/state_dict_40000.ckpt,10.0,2.0,12.0,False,0.776825,,0.7772500810952433,0.8664570016666666,2026-04-14 04:55:54+00:00,1.0,[],384.0,emb_only,True,/scratch1/eibl/data/ukr_rus_twitter/graphs/retweet_graph_1p5m_hf03_political_labels.pt,10.0,ukr_rus_twitter,train1_ukr_rus_twitter_nm_1p5m_13_04_2026_12_40_49,4/14,10,"[('ukr_rus_twitter', 'nm', 1)]",['smipugdw'],ukr_rus_twitter+nm(1),ukr_rus_twitter,pl,ukr_rus_twitter+pl(10),smipugdw|ukr_rus_twitter+pl(10),ukr_rus_twitter+nm(1)|ukr_rus_twitter+pl(10),0.8664570016666666,0.7772500810952433,0.866457002
ljk34xzc,eval_ukr_rus_twitter_nm_to_covid19_twitter_lp_10shot_13_04_2026_21_55_42,finished,covid19_twitter,lp,eval_ukr_rus_twitter_nm_to_covid19_twitter_lp_10shot,state/train1_ukr_rus_twitter_nm_1p5m_13_04_2026_12_40_49/checkpoint/state_dict_40000.ckpt,10.0,1.0,12.0,False,0.5554583333333334,,0.6895821331517786,0.8427944644444445,2026-04-14 04:55:47+00:00,1.0,[],384.0,emb_only,True,/scratch1/eibl/data/covid19_twitter/graphs/retweet_graph_1p5m_hf03_labeled.pt,10.0,covid19_twitter,train1_ukr_rus_twitter_nm_1p5m_13_04_2026_12_40_49,4/14,10,"[('ukr_rus_twitter', 'nm', 1)]",['smipugdw'],ukr_rus_twitter+nm(1),covid19_twitter,lp,covid19_twitter+lp(10),smipugdw|covid19_twitter+lp(10),ukr_rus_twitter+nm(1)|covid19_twitter+lp(10),0.8427944644444445,0.6895821331517786,0.842794464
0wutbq2o,eval_covid19_twitter_lp_to_midterm_lp_0shot_13_04_2026_21_55_28,finished,midterm,lp,eval_covid19_twitter_lp_to_midterm_lp_0shot,state/train1_covid19_twitter_lp_1p5m_13_04_2026_15_42_52/checkpoint/state_dict_28000.ckpt,0.0,1.0,12.0,True,0.5466083333333334,,0.3222422921208346,0.5788858681944444,2026-04-14 04:55:30+00:00,1.0,[],384.0,emb_only,True,/scratch1/eibl/data/midterm/graphs/retweet_graph_1p5m.pt,0.0,midterm,train1_covid19_twitter_lp_1p5m_13_04_2026_15_42_52,4/14,0,"[('covid19_twitter', 'lp', 1)]",['2l1wyfau'],covid19_twitter+lp(1),midterm,lp,midterm+lp(0),2l1wyfau|midterm+lp(0),covid19_twitter+lp(1)|midterm+lp(0),0.5788858681944444,0.3222422921208346,0.578885868
o57up1kn,eval_ukr_rus_twitter_lp_to_midterm_lp_0shot_13_04_2026_21_55_27,finished,midterm,lp,eval_ukr_rus_twitter_lp_to_midterm_lp_0shot,state/train1_ukr_rus_twitter_lp_1p5m_13_04_2026_17_00_47/checkpoint/state_dict_28000.ckpt,0.0,1.0,12.0,True,0.6004916666666666,,0.5817433105626368,0.6306119552777778,2026-04-14 04:55:29+00:00,1.0,[],384.0,emb_only,True,/scratch1/eibl/data/midterm/graphs/retweet_graph_1p5m.pt,0.0,midterm,train1_ukr_rus_twitter_lp_1p5m_13_04_2026_17_00_47,4/14,0,"[('ukr_rus_twitter', 'lp', 1)]",['fy8ugmac'],ukr_rus_twitter+lp(1),midterm,lp,midterm+lp(0),fy8ugmac|midterm+lp(0),ukr_rus_twitter+lp(1)|midterm+lp(0),0.6306119552777778,0.5817433105626368,0.630611955
pb2dh8n4,eval_ukr_rus_twitter_nm_to_ukr_rus_twitter_lp_10shot_13_04_2026_21_54_44,finished,ukr_rus_twitter,lp,eval_ukr_rus_twitter_nm_to_ukr_rus_twitter_lp_10shot,state/train1_ukr_rus_twitter_nm_1p5m_13_04_2026_12_40_49/checkpoint/state_dict_40000.ckpt,10.0,1.0,12.0,False,0.5431916666666666,,0.6852293151267018,0.8259544934722222,2026-04-14 04:54:48+00:00,1.0,[],384.0,emb_only,True,/scratch1/eibl/data/ukr_rus_twitter/graphs/retweet_graph_1p5m_hf03_political_labels.pt,10.0,ukr_rus_twitter,train1_ukr_rus_twitter_nm_1p5m_13_04_2026_12_40_49,4/14,10,"[('ukr_rus_twitter', 'nm', 1)]",['smipugdw'],ukr_rus_twitter+nm(1),ukr_rus_twitter,lp,ukr_rus_twitter+lp(10),smipugdw|ukr_rus_twitter+lp(10),ukr_rus_twitter+nm(1)|ukr_rus_twitter+lp(10),0.8259544934722222,0.6852293151267018,0.825954493
url2r1uv,eval_covid19_twitter_nm_to_ukr_rus_twitter_nm_3shot_13_04_2026_21_54_42,finished,ukr_rus_twitter,nm,eval_covid19_twitter_nm_to_ukr_rus_twitter_nm_3shot,state/train1_covid19_twitter_nm_1p5m_13_04_2026_12_14_58/checkpoint/state_dict_40000.ckpt,3.0,3.0,12.0,False,0.9025666666666666,,0.9025697253670932,0.9823320908101852,2026-04-14 04:54:47+00:00,1.0,[],384.0,emb_only,True,/scratch1/eibl/data/ukr_rus_twitter/graphs/retweet_graph_1p5m_hf03_political_labels.pt,3.0,ukr_rus_twitter,train1_covid19_twitter_nm_1p5m_13_04_2026_12_14_58,4/14,3,"[('covid19_twitter', 'nm', 1)]",['7byj23i0'],covid19_twitter+nm(1),ukr_rus_twitter,nm,ukr_rus_twitter+nm(3),7byj23i0|ukr_rus_twitter+nm(3),covid19_twitter+nm(1)|ukr_rus_twitter+nm(3),0.9823320908101852,0.9025697253670932,0.982332091
l4huic9g,eval_covid19_twitter_nm_to_covid19_twitter_nm_10shot_13_04_2026_21_53_23,finished,covid19_twitter,nm,eval_covid19_twitter_nm_to_covid19_twitter_nm_10shot,state/train1_covid19_twitter_nm_1p5m_13_04_2026_12_14_58/checkpoint/state_dict_40000.ckpt,10.0,3.0,12.0,False,0.9699722222222222,,0.9699739163257431,0.9978740503935184,2026-04-14 04:53:27+00:00,1.0,[],384.0,emb_only,True,/scratch1/eibl/data/covid19_twitter/graphs/retweet_graph_1p5m_hf03_labeled.pt,10.0,covid19_twitter,train1_covid19_twitter_nm_1p5m_13_04_2026_12_14_58,4/14,10,"[('covid19_twitter', 'nm', 1)]",['7byj23i0'],covid19_twitter+nm(1),covid19_twitter,nm,covid19_twitter+nm(10),7byj23i0|covid19_twitter+nm(10),covid19_twitter+nm(1)|covid19_twitter+nm(10),0.9978740503935184,0.9699739163257431,0.99787405
bgfnu505,eval_midterm_nm_to_covid19_twitter_nm_10shot_13_04_2026_21_53_23,finished,covid19_twitter,nm,eval_midterm_nm_to_covid19_twitter_nm_10shot,state/train1_midterm_nm_1p5m_13_04_2026_18_03_58/checkpoint/state_dict_40000.ckpt,10.0,3.0,12.0,False,0.9250555555555556,,0.9250545616398383,0.9876621257638888,2026-04-14 04:53:27+00:00,1.0,[],384.0,emb_only,True,/scratch1/eibl/data/covid19_twitter/graphs/retweet_graph_1p5m_hf03_labeled.pt,10.0,covid19_twitter,train1_midterm_nm_1p5m_13_04_2026_18_03_58,4/14,10,"[('midterm', 'nm', 1)]",['z1ukveeg'],midterm+nm(1),covid19_twitter,nm,covid19_twitter+nm(10),z1ukveeg|covid19_twitter+nm(10),midterm+nm(1)|covid19_twitter+nm(10),0.9876621257638888,0.9250545616398383,0.987662126
8nd6jsp7,eval_ukr_rus_twitter_lp_to_midterm_nm_0shot_13_04_2026_21_53_25,finished,midterm,nm,eval_ukr_rus_twitter_lp_to_midterm_nm_0shot,state/train1_ukr_rus_twitter_lp_1p5m_13_04_2026_17_00_47/checkpoint/state_dict_28000.ckpt,0.0,3.0,12.0,True,0.3336277777777778,,0.3216159294639567,0.4995031612962963,2026-04-14 04:53:27+00:00,1.0,[],384.0,emb_only,True,/scratch1/eibl/data/midterm/graphs/retweet_graph_1p5m.pt,0.0,midterm,train1_ukr_rus_twitter_lp_1p5m_13_04_2026_17_00_47,4/14,0,"[('ukr_rus_twitter', 'lp', 1)]",['fy8ugmac'],ukr_rus_twitter+lp(1),midterm,nm,midterm+nm(0),fy8ugmac|midterm+nm(0),ukr_rus_twitter+lp(1)|midterm+nm(0),0.4995031612962963,0.3216159294639567,0.499503161
53g70kat,eval_covid19_twitter_lp_to_midterm_nm_0shot_13_04_2026_21_53_25,finished,midterm,nm,eval_covid19_twitter_lp_to_midterm_nm_0shot,state/train1_covid19_twitter_lp_1p5m_13_04_2026_15_42_52/checkpoint/state_dict_28000.ckpt,0.0,3.0,12.0,True,0.3379611111111111,,0.2949397943511804,0.5067785754166666,2026-04-14 04:53:27+00:00,1.0,[],384.0,emb_only,True,/scratch1/eibl/data/midterm/graphs/retweet_graph_1p5m.pt,0.0,midterm,train1_covid19_twitter_lp_1p5m_13_04_2026_15_42_52,4/14,0,"[('covid19_twitter', 'lp', 1)]",['2l1wyfau'],covid19_twitter+lp(1),midterm,nm,midterm+nm(0),2l1wyfau|midterm+nm(0),covid19_twitter+lp(1)|midterm+nm(0),0.5067785754166666,0.2949397943511804,0.506778575
pa10h6wr,eval_covid19_twitter_nm_to_ukr_rus_twitter_pl_1shot_13_04_2026_21_53_17,finished,ukr_rus_twitter,pl,eval_covid19_twitter_nm_to_ukr_rus_twitter_pl_1shot,state/train1_covid19_twitter_nm_1p5m_13_04_2026_12_14_58/checkpoint/state_dict_40000.ckpt,1.0,2.0,12.0,False,0.5613416666666666,,0.5610087649801099,0.5840959169444444,2026-04-14 04:53:22+00:00,1.0,[],384.0,emb_only,True,/scratch1/eibl/data/ukr_rus_twitter/graphs/retweet_graph_1p5m_hf03_political_labels.pt,1.0,ukr_rus_twitter,train1_covid19_twitter_nm_1p5m_13_04_2026_12_14_58,4/14,1,"[('covid19_twitter', 'nm', 1)]",['7byj23i0'],covid19_twitter+nm(1),ukr_rus_twitter,pl,ukr_rus_twitter+pl(1),7byj23i0|ukr_rus_twitter+pl(1),covid19_twitter+nm(1)|ukr_rus_twitter+pl(1),0.5840959169444444,0.5610087649801099,0.584095917
8dmk2l9u,eval_midterm_nm_to_midterm_nm_10shot_13_04_2026_21_52_52,finished,midterm,nm,eval_midterm_nm_to_midterm_nm_10shot,state/train1_midterm_nm_1p5m_13_04_2026_18_03_58/checkpoint/state_dict_40000.ckpt,10.0,3.0,12.0,False,0.8888111111111111,,0.8888051975936487,0.9817758050462962,2026-04-14 04:52:55+00:00,1.0,[],384.0,emb_only,True,/scratch1/eibl/data/midterm/graphs/retweet_graph_1p5m.pt,10.0,midterm,train1_midterm_nm_1p5m_13_04_2026_18_03_58,4/14,10,"[('midterm', 'nm', 1)]",['z1ukveeg'],midterm+nm(1),midterm,nm,midterm+nm(10),z1ukveeg|midterm+nm(10),midterm+nm(1)|midterm+nm(10),0.9817758050462962,0.8888051975936487,0.981775805
zbz2gcdx,eval_ukr_rus_twitter_nm_to_covid19_twitter_nm_10shot_13_04_2026_21_52_45,finished,covid19_twitter,nm,eval_ukr_rus_twitter_nm_to_covid19_twitter_nm_10shot,state/train1_ukr_rus_twitter_nm_1p5m_13_04_2026_12_40_49/checkpoint/state_dict_40000.ckpt,10.0,3.0,12.0,False,0.9339444444444444,,0.9339494791049034,0.9908892802777776,2026-04-14 04:52:50+00:00,1.0,[],384.0,emb_only,True,/scratch1/eibl/data/covid19_twitter/graphs/retweet_graph_1p5m_hf03_labeled.pt,10.0,covid19_twitter,train1_ukr_rus_twitter_nm_1p5m_13_04_2026_12_40_49,4/14,10,"[('ukr_rus_twitter', 'nm', 1)]",['smipugdw'],ukr_rus_twitter+nm(1),covid19_twitter,nm,covid19_twitter+nm(10),smipugdw|covid19_twitter+nm(10),ukr_rus_twitter+nm(1)|covid19_twitter+nm(10),0.9908892802777776,0.9339494791049034,0.99088928
9a1qxzap,eval_midterm_nm_to_covid19_twitter_pl_3shot_13_04_2026_21_52_31,finished,covid19_twitter,pl,eval_midterm_nm_to_covid19_twitter_pl_3shot,state/train1_midterm_nm_1p5m_13_04_2026_18_03_58/checkpoint/state_dict_40000.ckpt,3.0,2.0,12.0,False,0.5187,,0.517759631280998,0.5265459995833333,2026-04-14 04:52:35+00:00,1.0,[],384.0,emb_only,True,/scratch1/eibl/data/covid19_twitter/graphs/retweet_graph_1p5m_hf03_labeled.pt,3.0,covid19_twitter,train1_midterm_nm_1p5m_13_04_2026_18_03_58,4/14,3,"[('midterm', 'nm', 1)]",['z1ukveeg'],midterm+nm(1),covid19_twitter,pl,covid19_twitter+pl(3),z1ukveeg|covid19_twitter+pl(3),midterm+nm(1)|covid19_twitter+pl(3),0.5265459995833333,0.517759631280998,0.526546
0iip15kp,eval_covid19_twitter_nm_to_covid19_twitter_pl_3shot_13_04_2026_21_52_30,finished,covid19_twitter,pl,eval_covid19_twitter_nm_to_covid19_twitter_pl_3shot,state/train1_covid19_twitter_nm_1p5m_13_04_2026_12_14_58/checkpoint/state_dict_40000.ckpt,3.0,2.0,12.0,False,0.6028583333333334,,0.601693286195455,0.6429148979166668,2026-04-14 04:52:34+00:00,1.0,[],384.0,emb_only,True,/scratch1/eibl/data/covid19_twitter/graphs/retweet_graph_1p5m_hf03_labeled.pt,3.0,covid19_twitter,train1_covid19_twitter_nm_1p5m_13_04_2026_12_14_58,4/14,3,"[('covid19_twitter', 'nm', 1)]",['7byj23i0'],covid19_twitter+nm(1),covid19_twitter,pl,covid19_twitter+pl(3),7byj23i0|covid19_twitter+pl(3),covid19_twitter+nm(1)|covid19_twitter+pl(3),0.6429148979166668,0.601693286195455,0.642914898
fsmy2lny,eval_ukr_rus_twitter_nm_to_ukr_rus_twitter_nm_10shot_13_04_2026_21_52_03,finished,ukr_rus_twitter,nm,eval_ukr_rus_twitter_nm_to_ukr_rus_twitter_nm_10shot,state/train1_ukr_rus_twitter_nm_1p5m_13_04_2026_12_40_49/checkpoint/state_dict_40000.ckpt,10.0,3.0,12.0,False,0.93305,,0.9330545820723776,0.9922267845833334,2026-04-14 04:52:07+00:00,1.0,[],384.0,emb_only,True,/scratch1/eibl/data/ukr_rus_twitter/graphs/retweet_graph_1p5m_hf03_political_labels.pt,10.0,ukr_rus_twitter,train1_ukr_rus_twitter_nm_1p5m_13_04_2026_12_40_49,4/14,10,"[('ukr_rus_twitter', 'nm', 1)]",['smipugdw'],ukr_rus_twitter+nm(1),ukr_rus_twitter,nm,ukr_rus_twitter+nm(10),smipugdw|ukr_rus_twitter+nm(10),ukr_rus_twitter+nm(1)|ukr_rus_twitter+nm(10),0.9922267845833334,0.9330545820723776,0.992226785
trg3jbm3,eval_covid19_twitter_nm_to_midterm_pl_10shot_13_04_2026_21_52_00,finished,midterm,pl,eval_covid19_twitter_nm_to_midterm_pl_10shot,state/train1_covid19_twitter_nm_1p5m_13_04_2026_12_14_58/checkpoint/state_dict_40000.ckpt,10.0,2.0,12.0,False,0.7985833333333333,,0.7987007578912301,0.8496464336111111,2026-04-14 04:52:03+00:00,1.0,[],384.0,emb_only,True,/scratch1/eibl/data/midterm/graphs/retweet_graph_1p5m.pt,10.0,midterm,train1_covid19_twitter_nm_1p5m_13_04_2026_12_14_58,4/14,10,"[('covid19_twitter', 'nm', 1)]",['7byj23i0'],covid19_twitter+nm(1),midterm,pl,midterm+pl(10),7byj23i0|midterm+pl(10),covid19_twitter+nm(1)|midterm+pl(10),0.8496464336111111,0.7987007578912301,0.849646434
7w1ingw5,eval_ukr_rus_twitter_nm_to_midterm_pl_10shot_13_04_2026_21_52_00,finished,midterm,pl,eval_ukr_rus_twitter_nm_to_midterm_pl_10shot,state/train1_ukr_rus_twitter_nm_1p5m_13_04_2026_12_40_49/checkpoint/state_dict_40000.ckpt,10.0,2.0,12.0,False,0.6983416666666666,,0.6979313567595985,0.7650918708333333,2026-04-14 04:52:02+00:00,1.0,[],384.0,emb_only,True,/scratch1/eibl/data/midterm/graphs/retweet_graph_1p5m.pt,10.0,midterm,train1_ukr_rus_twitter_nm_1p5m_13_04_2026_12_40_49,4/14,10,"[('ukr_rus_twitter', 'nm', 1)]",['smipugdw'],ukr_rus_twitter+nm(1),midterm,pl,midterm+pl(10),smipugdw|midterm+pl(10),ukr_rus_twitter+nm(1)|midterm+pl(10),0.7650918708333333,0.6979313567595985,0.765091871
yhxdrev4,eval_covid19_twitter_nm_to_ukr_rus_twitter_lp_1shot_13_04_2026_21_51_56,finished,ukr_rus_twitter,lp,eval_covid19_twitter_nm_to_ukr_rus_twitter_lp_1shot,state/train1_covid19_twitter_nm_1p5m_13_04_2026_12_14_58/checkpoint/state_dict_40000.ckpt,1.0,1.0,12.0,False,0.5795416666666666,,0.6884205195976113,0.7480191983333334,2026-04-14 04:52:02+00:00,1.0,[],384.0,emb_only,True,/scratch1/eibl/data/ukr_rus_twitter/graphs/retweet_graph_1p5m_hf03_political_labels.pt,1.0,ukr_rus_twitter,train1_covid19_twitter_nm_1p5m_13_04_2026_12_14_58,4/14,1,"[('covid19_twitter', 'nm', 1)]",['7byj23i0'],covid19_twitter+nm(1),ukr_rus_twitter,lp,ukr_rus_twitter+lp(1),7byj23i0|ukr_rus_twitter+lp(1),covid19_twitter+nm(1)|ukr_rus_twitter+lp(1),0.7480191983333334,0.6884205195976113,0.748019198
a8jd4l8z,eval_midterm_nm_to_midterm_pl_3shot_13_04_2026_21_51_57,finished,midterm,pl,eval_midterm_nm_to_midterm_pl_3shot,state/train1_midterm_nm_1p5m_13_04_2026_18_03_58/checkpoint/state_dict_40000.ckpt,3.0,2.0,12.0,False,0.8579916666666667,,0.8580519945689749,0.9318535431944444,2026-04-14 04:52:00+00:00,1.0,[],384.0,emb_only,True,/scratch1/eibl/data/midterm/graphs/retweet_graph_1p5m.pt,3.0,midterm,train1_midterm_nm_1p5m_13_04_2026_18_03_58,4/14,3,"[('midterm', 'nm', 1)]",['z1ukveeg'],midterm+nm(1),midterm,pl,midterm+pl(3),z1ukveeg|midterm+pl(3),midterm+nm(1)|midterm+pl(3),0.9318535431944444,0.8580519945689749,0.931853543
3ei2yf9u,eval_ukr_rus_twitter_nm_to_covid19_twitter_pl_3shot_13_04_2026_21_51_52,finished,covid19_twitter,pl,eval_ukr_rus_twitter_nm_to_covid19_twitter_pl_3shot,state/train1_ukr_rus_twitter_nm_1p5m_13_04_2026_12_40_49/checkpoint/state_dict_40000.ckpt,3.0,2.0,12.0,False,0.5256333333333333,,0.5251664136400794,0.5343171027777778,2026-04-14 04:51:56+00:00,1.0,[],384.0,emb_only,True,/scratch1/eibl/data/covid19_twitter/graphs/retweet_graph_1p5m_hf03_labeled.pt,3.0,covid19_twitter,train1_ukr_rus_twitter_nm_1p5m_13_04_2026_12_40_49,4/14,3,"[('ukr_rus_twitter', 'nm', 1)]",['smipugdw'],ukr_rus_twitter+nm(1),covid19_twitter,pl,covid19_twitter+pl(3),smipugdw|covid19_twitter+pl(3),ukr_rus_twitter+nm(1)|covid19_twitter+pl(3),0.5343171027777778,0.5251664136400794,0.534317103
9wddsanj,eval_midterm_nm_to_covid19_twitter_lp_3shot_13_04_2026_21_51_38,finished,covid19_twitter,lp,eval_midterm_nm_to_covid19_twitter_lp_3shot,state/train1_midterm_nm_1p5m_13_04_2026_18_03_58/checkpoint/state_dict_40000.ckpt,3.0,1.0,12.0,False,0.5364583333333334,,0.6802664781316641,0.7642484544444446,2026-04-14 04:51:43+00:00,1.0,[],384.0,emb_only,True,/scratch1/eibl/data/covid19_twitter/graphs/retweet_graph_1p5m_hf03_labeled.pt,3.0,covid19_twitter,train1_midterm_nm_1p5m_13_04_2026_18_03_58,4/14,3,"[('midterm', 'nm', 1)]",['z1ukveeg'],midterm+nm(1),covid19_twitter,lp,covid19_twitter+lp(3),z1ukveeg|covid19_twitter+lp(3),midterm+nm(1)|covid19_twitter+lp(3),0.7642484544444446,0.6802664781316641,0.764248454
y1hltxis,eval_covid19_twitter_nm_to_covid19_twitter_lp_3shot_13_04_2026_21_51_37,finished,covid19_twitter,lp,eval_covid19_twitter_nm_to_covid19_twitter_lp_3shot,state/train1_covid19_twitter_nm_1p5m_13_04_2026_12_14_58/checkpoint/state_dict_40000.ckpt,3.0,1.0,12.0,False,0.591975,,0.7074652725914862,0.88704739375,2026-04-14 04:51:42+00:00,1.0,[],384.0,emb_only,True,/scratch1/eibl/data/covid19_twitter/graphs/retweet_graph_1p5m_hf03_labeled.pt,3.0,covid19_twitter,train1_covid19_twitter_nm_1p5m_13_04_2026_12_14_58,4/14,3,"[('covid19_twitter', 'nm', 1)]",['7byj23i0'],covid19_twitter+nm(1),covid19_twitter,lp,covid19_twitter+lp(3),7byj23i0|covid19_twitter+lp(3),covid19_twitter+nm(1)|covid19_twitter+lp(3),0.88704739375,0.7074652725914862,0.887047394
a5fw7oao,eval_ukr_rus_twitter_nm_to_ukr_rus_twitter_pl_3shot_13_04_2026_21_51_11,finished,ukr_rus_twitter,pl,eval_ukr_rus_twitter_nm_to_ukr_rus_twitter_pl_3shot,state/train1_ukr_rus_twitter_nm_1p5m_13_04_2026_12_40_49/checkpoint/state_dict_40000.ckpt,3.0,2.0,12.0,False,0.7397916666666666,,0.7396766905383211,0.8133539569444445,2026-04-14 04:51:15+00:00,1.0,[],384.0,emb_only,True,/scratch1/eibl/data/ukr_rus_twitter/graphs/retweet_graph_1p5m_hf03_political_labels.pt,3.0,ukr_rus_twitter,train1_ukr_rus_twitter_nm_1p5m_13_04_2026_12_40_49,4/14,3,"[('ukr_rus_twitter', 'nm', 1)]",['smipugdw'],ukr_rus_twitter+nm(1),ukr_rus_twitter,pl,ukr_rus_twitter+pl(3),smipugdw|ukr_rus_twitter+pl(3),ukr_rus_twitter+nm(1)|ukr_rus_twitter+pl(3),0.8133539569444445,0.7396766905383211,0.813353957
h7vmf5x5,eval_ukr_rus_twitter_nm_to_covid19_twitter_lp_3shot_13_04_2026_21_50_57,finished,covid19_twitter,lp,eval_ukr_rus_twitter_nm_to_covid19_twitter_lp_3shot,state/train1_ukr_rus_twitter_nm_1p5m_13_04_2026_12_40_49/checkpoint/state_dict_40000.ckpt,3.0,1.0,12.0,False,0.5456916666666667,,0.6849948285923948,0.8300241059722223,2026-04-14 04:51:02+00:00,1.0,[],384.0,emb_only,True,/scratch1/eibl/data/covid19_twitter/graphs/retweet_graph_1p5m_hf03_labeled.pt,3.0,covid19_twitter,train1_ukr_rus_twitter_nm_1p5m_13_04_2026_12_40_49,4/14,3,"[('ukr_rus_twitter', 'nm', 1)]",['smipugdw'],ukr_rus_twitter+nm(1),covid19_twitter,lp,covid19_twitter+lp(3),smipugdw|covid19_twitter+lp(3),ukr_rus_twitter+nm(1)|covid19_twitter+lp(3),0.8300241059722223,0.6849948285923948,0.830024106
7axg5r8b,eval_midterm_nm_to_midterm_lp_3shot_13_04_2026_21_50_36,finished,midterm,lp,eval_midterm_nm_to_midterm_lp_3shot,state/train1_midterm_nm_1p5m_13_04_2026_18_03_58/checkpoint/state_dict_40000.ckpt,3.0,1.0,12.0,False,0.5878333333333333,,0.7075518554433433,0.8144395879166667,2026-04-14 04:50:39+00:00,1.0,[],384.0,emb_only,True,/scratch1/eibl/data/midterm/graphs/retweet_graph_1p5m.pt,3.0,midterm,train1_midterm_nm_1p5m_13_04_2026_18_03_58,4/14,3,"[('midterm', 'nm', 1)]",['z1ukveeg'],midterm+nm(1),midterm,lp,midterm+lp(3),z1ukveeg|midterm+lp(3),midterm+nm(1)|midterm+lp(3),0.8144395879166667,0.7075518554433433,0.814439588
ps6gdafx,eval_ukr_rus_twitter_nm_to_ukr_rus_twitter_lp_3shot_13_04_2026_21_50_24,finished,ukr_rus_twitter,lp,eval_ukr_rus_twitter_nm_to_ukr_rus_twitter_lp_3shot,state/train1_ukr_rus_twitter_nm_1p5m_13_04_2026_12_40_49/checkpoint/state_dict_40000.ckpt,3.0,1.0,12.0,False,0.5429916666666667,,0.6840464818837031,0.8074498781944445,2026-04-14 04:50:27+00:00,1.0,[],384.0,emb_only,True,/scratch1/eibl/data/ukr_rus_twitter/graphs/retweet_graph_1p5m_hf03_political_labels.pt,3.0,ukr_rus_twitter,train1_ukr_rus_twitter_nm_1p5m_13_04_2026_12_40_49,4/14,3,"[('ukr_rus_twitter', 'nm', 1)]",['smipugdw'],ukr_rus_twitter+nm(1),ukr_rus_twitter,lp,ukr_rus_twitter+lp(3),smipugdw|ukr_rus_twitter+lp(3),ukr_rus_twitter+nm(1)|ukr_rus_twitter+lp(3),0.8074498781944445,0.6840464818837031,0.807449878
ix62tegi,eval_covid19_twitter_nm_to_midterm_lp_10shot_13_04_2026_21_50_14,finished,midterm,lp,eval_covid19_twitter_nm_to_midterm_lp_10shot,state/train1_covid19_twitter_nm_1p5m_13_04_2026_12_14_58/checkpoint/state_dict_40000.ckpt,10.0,1.0,12.0,False,0.5892916666666667,,0.7054464173654234,0.8492196372222222,2026-04-14 04:50:17+00:00,1.0,[],384.0,emb_only,True,/scratch1/eibl/data/midterm/graphs/retweet_graph_1p5m.pt,10.0,midterm,train1_covid19_twitter_nm_1p5m_13_04_2026_12_14_58,4/14,10,"[('covid19_twitter', 'nm', 1)]",['7byj23i0'],covid19_twitter+nm(1),midterm,lp,midterm+lp(10),7byj23i0|midterm+lp(10),covid19_twitter+nm(1)|midterm+lp(10),0.8492196372222222,0.7054464173654234,0.849219637
nu3iu3xi,eval_ukr_rus_twitter_nm_to_midterm_lp_10shot_13_04_2026_21_50_14,finished,midterm,lp,eval_ukr_rus_twitter_nm_to_midterm_lp_10shot,state/train1_ukr_rus_twitter_nm_1p5m_13_04_2026_12_40_49/checkpoint/state_dict_40000.ckpt,10.0,1.0,12.0,False,0.5360583333333333,,0.6777679382773929,0.7129710915277778,2026-04-14 04:50:16+00:00,1.0,[],384.0,emb_only,True,/scratch1/eibl/data/midterm/graphs/retweet_graph_1p5m.pt,10.0,midterm,train1_ukr_rus_twitter_nm_1p5m_13_04_2026_12_40_49,4/14,10,"[('ukr_rus_twitter', 'nm', 1)]",['smipugdw'],ukr_rus_twitter+nm(1),midterm,lp,midterm+lp(10),smipugdw|midterm+lp(10),ukr_rus_twitter+nm(1)|midterm+lp(10),0.7129710915277778,0.6777679382773929,0.712971092
y43jlot5,eval_midterm_nm_to_covid19_twitter_nm_3shot_13_04_2026_21_49_33,finished,covid19_twitter,nm,eval_midterm_nm_to_covid19_twitter_nm_3shot,state/train1_midterm_nm_1p5m_13_04_2026_18_03_58/checkpoint/state_dict_40000.ckpt,3.0,3.0,12.0,False,0.9108666666666668,,0.9108640565557544,0.9838010906481482,2026-04-14 04:49:38+00:00,1.0,[],384.0,emb_only,True,/scratch1/eibl/data/covid19_twitter/graphs/retweet_graph_1p5m_hf03_labeled.pt,3.0,covid19_twitter,train1_midterm_nm_1p5m_13_04_2026_18_03_58,4/14,3,"[('midterm', 'nm', 1)]",['z1ukveeg'],midterm+nm(1),covid19_twitter,nm,covid19_twitter+nm(3),z1ukveeg|covid19_twitter+nm(3),midterm+nm(1)|covid19_twitter+nm(3),0.9838010906481482,0.9108640565557544,0.983801091
h3lwwwmp,eval_covid19_twitter_nm_to_covid19_twitter_nm_3shot_13_04_2026_21_49_30,finished,covid19_twitter,nm,eval_covid19_twitter_nm_to_covid19_twitter_nm_3shot,state/train1_covid19_twitter_nm_1p5m_13_04_2026_12_14_58/checkpoint/state_dict_40000.ckpt,3.0,3.0,12.0,False,0.9654555555555556,,0.965455889563662,0.9972065871296296,2026-04-14 04:49:37+00:00,1.0,[],384.0,emb_only,True,/scratch1/eibl/data/covid19_twitter/graphs/retweet_graph_1p5m_hf03_labeled.pt,3.0,covid19_twitter,train1_covid19_twitter_nm_1p5m_13_04_2026_12_14_58,4/14,3,"[('covid19_twitter', 'nm', 1)]",['7byj23i0'],covid19_twitter+nm(1),covid19_twitter,nm,covid19_twitter+nm(3),7byj23i0|covid19_twitter+nm(3),covid19_twitter+nm(1)|covid19_twitter+nm(3),0.9972065871296296,0.965455889563662,0.997206587
f0hwwmgy,eval_ukr_rus_twitter_nm_to_covid19_twitter_nm_3shot_13_04_2026_21_48_53,finished,covid19_twitter,nm,eval_ukr_rus_twitter_nm_to_covid19_twitter_nm_3shot,state/train1_ukr_rus_twitter_nm_1p5m_13_04_2026_12_40_49/checkpoint/state_dict_40000.ckpt,3.0,3.0,12.0,False,0.9276222222222222,,0.927620770872214,0.9889270619675926,2026-04-14 04:48:58+00:00,1.0,[],384.0,emb_only,True,/scratch1/eibl/data/covid19_twitter/graphs/retweet_graph_1p5m_hf03_labeled.pt,3.0,covid19_twitter,train1_ukr_rus_twitter_nm_1p5m_13_04_2026_12_40_49,4/14,3,"[('ukr_rus_twitter', 'nm', 1)]",['smipugdw'],ukr_rus_twitter+nm(1),covid19_twitter,nm,covid19_twitter+nm(3),smipugdw|covid19_twitter+nm(3),ukr_rus_twitter+nm(1)|covid19_twitter+nm(3),0.9889270619675926,0.927620770872214,0.988927062
kaukvvqk,eval_covid19_twitter_nm_to_ukr_rus_twitter_nm_1shot_13_04_2026_21_48_50,finished,ukr_rus_twitter,nm,eval_covid19_twitter_nm_to_ukr_rus_twitter_nm_1shot,state/train1_covid19_twitter_nm_1p5m_13_04_2026_12_14_58/checkpoint/state_dict_40000.ckpt,1.0,3.0,12.0,False,0.8578,,0.8577957571277445,0.9652717609722222,2026-04-14 04:48:55+00:00,1.0,[],384.0,emb_only,True,/scratch1/eibl/data/ukr_rus_twitter/graphs/retweet_graph_1p5m_hf03_political_labels.pt,1.0,ukr_rus_twitter,train1_covid19_twitter_nm_1p5m_13_04_2026_12_14_58,4/14,1,"[('covid19_twitter', 'nm', 1)]",['7byj23i0'],covid19_twitter+nm(1),ukr_rus_twitter,nm,ukr_rus_twitter+nm(1),7byj23i0|ukr_rus_twitter+nm(1),covid19_twitter+nm(1)|ukr_rus_twitter+nm(1),0.9652717609722222,0.8577957571277445,0.965271761
p9zc9f1w,eval_midterm_nm_to_covid19_twitter_pl_1shot_13_04_2026_21_48_45,finished,covid19_twitter,pl,eval_midterm_nm_to_covid19_twitter_pl_1shot,state/train1_midterm_nm_1p5m_13_04_2026_18_03_58/checkpoint/state_dict_40000.ckpt,1.0,2.0,12.0,False,0.5099083333333333,,0.5095936559292212,0.5123793927777778,2026-04-14 04:48:50+00:00,1.0,[],384.0,emb_only,True,/scratch1/eibl/data/covid19_twitter/graphs/retweet_graph_1p5m_hf03_labeled.pt,1.0,covid19_twitter,train1_midterm_nm_1p5m_13_04_2026_18_03_58,4/14,1,"[('midterm', 'nm', 1)]",['z1ukveeg'],midterm+nm(1),covid19_twitter,pl,covid19_twitter+pl(1),z1ukveeg|covid19_twitter+pl(1),midterm+nm(1)|covid19_twitter+pl(1),0.5123793927777778,0.5095936559292212,0.512379393
8t3lqrr7,eval_covid19_twitter_nm_to_covid19_twitter_pl_1shot_13_04_2026_21_48_42,finished,covid19_twitter,pl,eval_covid19_twitter_nm_to_covid19_twitter_pl_1shot,state/train1_covid19_twitter_nm_1p5m_13_04_2026_12_14_58/checkpoint/state_dict_40000.ckpt,1.0,2.0,12.0,False,0.5581833333333334,,0.5576672784915735,0.5818635213888889,2026-04-14 04:48:46+00:00,1.0,[],384.0,emb_only,True,/scratch1/eibl/data/covid19_twitter/graphs/retweet_graph_1p5m_hf03_labeled.pt,1.0,covid19_twitter,train1_covid19_twitter_nm_1p5m_13_04_2026_12_14_58,4/14,1,"[('covid19_twitter', 'nm', 1)]",['7byj23i0'],covid19_twitter+nm(1),covid19_twitter,pl,covid19_twitter+pl(1),7byj23i0|covid19_twitter+pl(1),covid19_twitter+nm(1)|covid19_twitter+pl(1),0.5818635213888889,0.5576672784915735,0.581863521
ij8r2vdp,eval_ukr_rus_twitter_nm_to_ukr_rus_twitter_nm_3shot_13_04_2026_21_48_29,finished,ukr_rus_twitter,nm,eval_ukr_rus_twitter_nm_to_ukr_rus_twitter_nm_3shot,state/train1_ukr_rus_twitter_nm_1p5m_13_04_2026_12_40_49/checkpoint/state_dict_40000.ckpt,3.0,3.0,12.0,False,0.9279777777777778,,0.9279759627675924,0.991099165324074,2026-04-14 04:48:33+00:00,1.0,[],384.0,emb_only,True,/scratch1/eibl/data/ukr_rus_twitter/graphs/retweet_graph_1p5m_hf03_political_labels.pt,3.0,ukr_rus_twitter,train1_ukr_rus_twitter_nm_1p5m_13_04_2026_12_40_49,4/14,3,"[('ukr_rus_twitter', 'nm', 1)]",['smipugdw'],ukr_rus_twitter+nm(1),ukr_rus_twitter,nm,ukr_rus_twitter+nm(3),smipugdw|ukr_rus_twitter+nm(3),ukr_rus_twitter+nm(1)|ukr_rus_twitter+nm(3),0.991099165324074,0.9279759627675924,0.991099165
mx6f730t,eval_midterm_nm_to_midterm_nm_3shot_13_04_2026_21_48_22,finished,midterm,nm,eval_midterm_nm_to_midterm_nm_3shot,state/train1_midterm_nm_1p5m_13_04_2026_18_03_58/checkpoint/state_dict_40000.ckpt,3.0,3.0,12.0,False,0.8869,,0.8868943024033954,0.9809440744907408,2026-04-14 04:48:24+00:00,1.0,[],384.0,emb_only,True,/scratch1/eibl/data/midterm/graphs/retweet_graph_1p5m.pt,3.0,midterm,train1_midterm_nm_1p5m_13_04_2026_18_03_58,4/14,3,"[('midterm', 'nm', 1)]",['z1ukveeg'],midterm+nm(1),midterm,nm,midterm+nm(3),z1ukveeg|midterm+nm(3),midterm+nm(1)|midterm+nm(3),0.9809440744907408,0.8868943024033954,0.980944074
tvntx1cp,eval_ukr_rus_twitter_nm_to_covid19_twitter_pl_1shot_13_04_2026_21_48_04,finished,covid19_twitter,pl,eval_ukr_rus_twitter_nm_to_covid19_twitter_pl_1shot,state/train1_ukr_rus_twitter_nm_1p5m_13_04_2026_12_40_49/checkpoint/state_dict_40000.ckpt,1.0,2.0,12.0,False,0.5111,,0.5117509986684421,0.5182031231944444,2026-04-14 04:48:09+00:00,1.0,[],384.0,emb_only,True,/scratch1/eibl/data/covid19_twitter/graphs/retweet_graph_1p5m_hf03_labeled.pt,1.0,covid19_twitter,train1_ukr_rus_twitter_nm_1p5m_13_04_2026_12_40_49,4/14,1,"[('ukr_rus_twitter', 'nm', 1)]",['smipugdw'],ukr_rus_twitter+nm(1),covid19_twitter,pl,covid19_twitter+pl(1),smipugdw|covid19_twitter+pl(1),ukr_rus_twitter+nm(1)|covid19_twitter+pl(1),0.5182031231944444,0.5117509986684421,0.518203123
2rfrxcbp,eval_midterm_nm_to_covid19_twitter_lp_1shot_13_04_2026_21_47_56,finished,covid19_twitter,lp,eval_midterm_nm_to_covid19_twitter_lp_1shot,state/train1_midterm_nm_1p5m_13_04_2026_18_03_58/checkpoint/state_dict_40000.ckpt,1.0,1.0,12.0,False,0.5479916666666667,,0.6804710373307099,0.7261058488888888,2026-04-14 04:48:01+00:00,1.0,[],384.0,emb_only,True,/scratch1/eibl/data/covid19_twitter/graphs/retweet_graph_1p5m_hf03_labeled.pt,1.0,covid19_twitter,train1_midterm_nm_1p5m_13_04_2026_18_03_58,4/14,1,"[('midterm', 'nm', 1)]",['z1ukveeg'],midterm+nm(1),covid19_twitter,lp,covid19_twitter+lp(1),z1ukveeg|covid19_twitter+lp(1),midterm+nm(1)|covid19_twitter+lp(1),0.7261058488888888,0.6804710373307099,0.726105849
h9gcprn5,eval_covid19_twitter_nm_to_covid19_twitter_lp_1shot_13_04_2026_21_47_51,finished,covid19_twitter,lp,eval_covid19_twitter_nm_to_covid19_twitter_lp_1shot,state/train1_covid19_twitter_nm_1p5m_13_04_2026_12_14_58/checkpoint/state_dict_40000.ckpt,1.0,1.0,12.0,False,0.589425,,0.7013873315837642,0.8250460016666668,2026-04-14 04:47:57+00:00,1.0,[],384.0,emb_only,True,/scratch1/eibl/data/covid19_twitter/graphs/retweet_graph_1p5m_hf03_labeled.pt,1.0,covid19_twitter,train1_covid19_twitter_nm_1p5m_13_04_2026_12_14_58,4/14,1,"[('covid19_twitter', 'nm', 1)]",['7byj23i0'],covid19_twitter+nm(1),covid19_twitter,lp,covid19_twitter+lp(1),7byj23i0|covid19_twitter+lp(1),covid19_twitter+nm(1)|covid19_twitter+lp(1),0.8250460016666668,0.7013873315837642,0.825046002
mo6bc8xt,eval_ukr_rus_twitter_nm_to_ukr_rus_twitter_pl_1shot_13_04_2026_21_47_42,finished,ukr_rus_twitter,pl,eval_ukr_rus_twitter_nm_to_ukr_rus_twitter_pl_1shot,state/train1_ukr_rus_twitter_nm_1p5m_13_04_2026_12_40_49/checkpoint/state_dict_40000.ckpt,1.0,2.0,12.0,False,0.6564583333333334,,0.6564669216602919,0.7126227656944444,2026-04-14 04:47:46+00:00,1.0,[],384.0,emb_only,True,/scratch1/eibl/data/ukr_rus_twitter/graphs/retweet_graph_1p5m_hf03_political_labels.pt,1.0,ukr_rus_twitter,train1_ukr_rus_twitter_nm_1p5m_13_04_2026_12_40_49,4/14,1,"[('ukr_rus_twitter', 'nm', 1)]",['smipugdw'],ukr_rus_twitter+nm(1),ukr_rus_twitter,pl,ukr_rus_twitter+pl(1),smipugdw|ukr_rus_twitter+pl(1),ukr_rus_twitter+nm(1)|ukr_rus_twitter+pl(1),0.7126227656944444,0.6564669216602919,0.712622766
8loa31ew,eval_covid19_twitter_nm_to_ukr_rus_twitter_pl_0shot_13_04_2026_21_47_24,finished,ukr_rus_twitter,pl,eval_covid19_twitter_nm_to_ukr_rus_twitter_pl_0shot,state/train1_covid19_twitter_nm_1p5m_13_04_2026_12_14_58/checkpoint/state_dict_40000.ckpt,0.0,2.0,12.0,True,0.5473833333333333,,0.5493436882892749,0.5897635416666667,2026-04-14 04:47:36+00:00,1.0,[],384.0,emb_only,True,/scratch1/eibl/data/ukr_rus_twitter/graphs/retweet_graph_1p5m_hf03_political_labels.pt,0.0,ukr_rus_twitter,train1_covid19_twitter_nm_1p5m_13_04_2026_12_14_58,4/14,0,"[('covid19_twitter', 'nm', 1)]",['7byj23i0'],covid19_twitter+nm(1),ukr_rus_twitter,pl,ukr_rus_twitter+pl(0),7byj23i0|ukr_rus_twitter+pl(0),covid19_twitter+nm(1)|ukr_rus_twitter+pl(0),0.5897635416666667,0.5493436882892749,0.589763542
i8yv98e9,eval_midterm_nm_to_midterm_pl_1shot_13_04_2026_21_47_32,finished,midterm,pl,eval_midterm_nm_to_midterm_pl_1shot,state/train1_midterm_nm_1p5m_13_04_2026_18_03_58/checkpoint/state_dict_40000.ckpt,1.0,2.0,12.0,False,0.7681083333333333,,0.7678858906452016,0.8478487619444444,2026-04-14 04:47:34+00:00,1.0,[],384.0,emb_only,True,/scratch1/eibl/data/midterm/graphs/retweet_graph_1p5m.pt,1.0,midterm,train1_midterm_nm_1p5m_13_04_2026_18_03_58,4/14,1,"[('midterm', 'nm', 1)]",['z1ukveeg'],midterm+nm(1),midterm,pl,midterm+pl(1),z1ukveeg|midterm+pl(1),midterm+nm(1)|midterm+pl(1),0.8478487619444444,0.7678858906452016,0.847848762
kl5i7fhx,eval_ukr_rus_twitter_nm_to_covid19_twitter_lp_1shot_13_04_2026_21_47_15,finished,covid19_twitter,lp,eval_ukr_rus_twitter_nm_to_covid19_twitter_lp_1shot,state/train1_ukr_rus_twitter_nm_1p5m_13_04_2026_12_40_49/checkpoint/state_dict_40000.ckpt,1.0,1.0,12.0,False,0.5493666666666667,,0.6838954813818905,0.7845288073611111,2026-04-14 04:47:20+00:00,1.0,[],384.0,emb_only,True,/scratch1/eibl/data/covid19_twitter/graphs/retweet_graph_1p5m_hf03_labeled.pt,1.0,covid19_twitter,train1_ukr_rus_twitter_nm_1p5m_13_04_2026_12_40_49,4/14,1,"[('ukr_rus_twitter', 'nm', 1)]",['smipugdw'],ukr_rus_twitter+nm(1),covid19_twitter,lp,covid19_twitter+lp(1),smipugdw|covid19_twitter+lp(1),ukr_rus_twitter+nm(1)|covid19_twitter+lp(1),0.7845288073611111,0.6838954813818905,0.784528807
p3u5tuql,eval_ukr_rus_twitter_nm_to_ukr_rus_twitter_lp_1shot_13_04_2026_21_46_58,finished,ukr_rus_twitter,lp,eval_ukr_rus_twitter_nm_to_ukr_rus_twitter_lp_1shot,state/train1_ukr_rus_twitter_nm_1p5m_13_04_2026_12_40_49/checkpoint/state_dict_40000.ckpt,1.0,1.0,12.0,False,0.5446166666666666,,0.6791945520723259,0.7495152034722222,2026-04-14 04:47:02+00:00,1.0,[],384.0,emb_only,True,/scratch1/eibl/data/ukr_rus_twitter/graphs/retweet_graph_1p5m_hf03_political_labels.pt,1.0,ukr_rus_twitter,train1_ukr_rus_twitter_nm_1p5m_13_04_2026_12_40_49,4/14,1,"[('ukr_rus_twitter', 'nm', 1)]",['smipugdw'],ukr_rus_twitter+nm(1),ukr_rus_twitter,lp,ukr_rus_twitter+lp(1),smipugdw|ukr_rus_twitter+lp(1),ukr_rus_twitter+nm(1)|ukr_rus_twitter+lp(1),0.7495152034722222,0.6791945520723259,0.749515203
vawmbur1,eval_midterm_nm_to_midterm_lp_1shot_13_04_2026_21_46_28,finished,midterm,lp,eval_midterm_nm_to_midterm_lp_1shot,state/train1_midterm_nm_1p5m_13_04_2026_18_03_58/checkpoint/state_dict_40000.ckpt,1.0,1.0,12.0,False,0.5877166666666667,,0.7017482517482517,0.7617636998611111,2026-04-14 04:46:30+00:00,1.0,[],384.0,emb_only,True,/scratch1/eibl/data/midterm/graphs/retweet_graph_1p5m.pt,1.0,midterm,train1_midterm_nm_1p5m_13_04_2026_18_03_58,4/14,1,"[('midterm', 'nm', 1)]",['z1ukveeg'],midterm+nm(1),midterm,lp,midterm+lp(1),z1ukveeg|midterm+lp(1),midterm+nm(1)|midterm+lp(1),0.7617636998611111,0.7017482517482517,0.7617637
ycjzykf7,eval_ukr_rus_twitter_nm_to_midterm_nm_10shot_13_04_2026_21_46_15,finished,midterm,nm,eval_ukr_rus_twitter_nm_to_midterm_nm_10shot,state/train1_ukr_rus_twitter_nm_1p5m_13_04_2026_12_40_49/checkpoint/state_dict_40000.ckpt,10.0,3.0,12.0,False,0.8085888888888889,,0.808603481486046,0.9508055472453704,2026-04-14 04:46:17+00:00,1.0,[],384.0,emb_only,True,/scratch1/eibl/data/midterm/graphs/retweet_graph_1p5m.pt,10.0,midterm,train1_ukr_rus_twitter_nm_1p5m_13_04_2026_12_40_49,4/14,10,"[('ukr_rus_twitter', 'nm', 1)]",['smipugdw'],ukr_rus_twitter+nm(1),midterm,nm,midterm+nm(10),smipugdw|midterm+nm(10),ukr_rus_twitter+nm(1)|midterm+nm(10),0.9508055472453704,0.808603481486046,0.950805547
2vp1vjxt,eval_covid19_twitter_nm_to_midterm_nm_10shot_13_04_2026_21_46_15,finished,midterm,nm,eval_covid19_twitter_nm_to_midterm_nm_10shot,state/train1_covid19_twitter_nm_1p5m_13_04_2026_12_14_58/checkpoint/state_dict_40000.ckpt,10.0,3.0,12.0,False,0.8619111111111111,,0.8619050845916215,0.9710102873842592,2026-04-14 04:46:17+00:00,1.0,[],384.0,emb_only,True,/scratch1/eibl/data/midterm/graphs/retweet_graph_1p5m.pt,10.0,midterm,train1_covid19_twitter_nm_1p5m_13_04_2026_12_14_58,4/14,10,"[('covid19_twitter', 'nm', 1)]",['7byj23i0'],covid19_twitter+nm(1),midterm,nm,midterm+nm(10),7byj23i0|midterm+nm(10),covid19_twitter+nm(1)|midterm+nm(10),0.9710102873842592,0.8619050845916215,0.971010287
1vvmxfqa,eval_covid19_twitter_nm_to_ukr_rus_twitter_lp_0shot_13_04_2026_21_46_07,finished,ukr_rus_twitter,lp,eval_covid19_twitter_nm_to_ukr_rus_twitter_lp_0shot,state/train1_covid19_twitter_nm_1p5m_13_04_2026_12_14_58/checkpoint/state_dict_40000.ckpt,0.0,1.0,12.0,True,0.4897333333333333,,0.4182674951072602,0.4834607330555556,2026-04-14 04:46:15+00:00,1.0,[],384.0,emb_only,True,/scratch1/eibl/data/ukr_rus_twitter/graphs/retweet_graph_1p5m_hf03_political_labels.pt,0.0,ukr_rus_twitter,train1_covid19_twitter_nm_1p5m_13_04_2026_12_14_58,4/14,0,"[('covid19_twitter', 'nm', 1)]",['7byj23i0'],covid19_twitter+nm(1),ukr_rus_twitter,lp,ukr_rus_twitter+lp(0),7byj23i0|ukr_rus_twitter+lp(0),covid19_twitter+nm(1)|ukr_rus_twitter+lp(0),0.4834607330555556,0.4182674951072602,0.483460733
bf5485sm,eval_midterm_nm_to_covid19_twitter_nm_1shot_13_04_2026_21_46_07,finished,covid19_twitter,nm,eval_midterm_nm_to_covid19_twitter_nm_1shot,state/train1_midterm_nm_1p5m_13_04_2026_18_03_58/checkpoint/state_dict_40000.ckpt,1.0,3.0,12.0,False,0.8747611111111111,,0.8747601091379561,0.970741851851852,2026-04-14 04:46:12+00:00,1.0,[],384.0,emb_only,True,/scratch1/eibl/data/covid19_twitter/graphs/retweet_graph_1p5m_hf03_labeled.pt,1.0,covid19_twitter,train1_midterm_nm_1p5m_13_04_2026_18_03_58,4/14,1,"[('midterm', 'nm', 1)]",['z1ukveeg'],midterm+nm(1),covid19_twitter,nm,covid19_twitter+nm(1),z1ukveeg|covid19_twitter+nm(1),midterm+nm(1)|covid19_twitter+nm(1),0.970741851851852,0.8747601091379561,0.970741852
ayx1dyqv,eval_covid19_twitter_nm_to_covid19_twitter_nm_1shot_13_04_2026_21_46_02,finished,covid19_twitter,nm,eval_covid19_twitter_nm_to_covid19_twitter_nm_1shot,state/train1_covid19_twitter_nm_1p5m_13_04_2026_12_14_58/checkpoint/state_dict_40000.ckpt,1.0,3.0,12.0,False,0.9474833333333332,,0.9474835876641068,0.9940100351620372,2026-04-14 04:46:07+00:00,1.0,[],384.0,emb_only,True,/scratch1/eibl/data/covid19_twitter/graphs/retweet_graph_1p5m_hf03_labeled.pt,1.0,covid19_twitter,train1_covid19_twitter_nm_1p5m_13_04_2026_12_14_58,4/14,1,"[('covid19_twitter', 'nm', 1)]",['7byj23i0'],covid19_twitter+nm(1),covid19_twitter,nm,covid19_twitter+nm(1),7byj23i0|covid19_twitter+nm(1),covid19_twitter+nm(1)|covid19_twitter+nm(1),0.9940100351620372,0.9474835876641068,0.994010035
d8ff90k7,eval_ukr_rus_twitter_nm_to_covid19_twitter_nm_1shot_13_04_2026_21_45_25,finished,covid19_twitter,nm,eval_ukr_rus_twitter_nm_to_covid19_twitter_nm_1shot,state/train1_ukr_rus_twitter_nm_1p5m_13_04_2026_12_40_49/checkpoint/state_dict_40000.ckpt,1.0,3.0,12.0,False,0.8919722222222223,,0.8919689517463079,0.977828079513889,2026-04-14 04:45:30+00:00,1.0,[],384.0,emb_only,True,/scratch1/eibl/data/covid19_twitter/graphs/retweet_graph_1p5m_hf03_labeled.pt,1.0,covid19_twitter,train1_ukr_rus_twitter_nm_1p5m_13_04_2026_12_40_49,4/14,1,"[('ukr_rus_twitter', 'nm', 1)]",['smipugdw'],ukr_rus_twitter+nm(1),covid19_twitter,nm,covid19_twitter+nm(1),smipugdw|covid19_twitter+nm(1),ukr_rus_twitter+nm(1)|covid19_twitter+nm(1),0.977828079513889,0.8919689517463079,0.97782808
6eelswyp,eval_midterm_nm_to_covid19_twitter_pl_0shot_13_04_2026_21_45_21,finished,covid19_twitter,pl,eval_midterm_nm_to_covid19_twitter_pl_0shot,state/train1_midterm_nm_1p5m_13_04_2026_18_03_58/checkpoint/state_dict_40000.ckpt,0.0,2.0,12.0,True,0.484625,,0.4840875912408759,0.4989059755555555,2026-04-14 04:45:25+00:00,1.0,[],384.0,emb_only,True,/scratch1/eibl/data/covid19_twitter/graphs/retweet_graph_1p5m_hf03_labeled.pt,0.0,covid19_twitter,train1_midterm_nm_1p5m_13_04_2026_18_03_58,4/14,0,"[('midterm', 'nm', 1)]",['z1ukveeg'],midterm+nm(1),covid19_twitter,pl,covid19_twitter+pl(0),z1ukveeg|covid19_twitter+pl(0),midterm+nm(1)|covid19_twitter+pl(0),0.4989059755555555,0.4840875912408759,0.498905976
z5ktp4no,eval_covid19_twitter_nm_to_covid19_twitter_pl_0shot_13_04_2026_21_45_17,finished,covid19_twitter,pl,eval_covid19_twitter_nm_to_covid19_twitter_pl_0shot,state/train1_covid19_twitter_nm_1p5m_13_04_2026_12_14_58/checkpoint/state_dict_40000.ckpt,0.0,2.0,12.0,True,0.4907083333333333,,0.4912382934443288,0.4723622095833333,2026-04-14 04:45:21+00:00,1.0,[],384.0,emb_only,True,/scratch1/eibl/data/covid19_twitter/graphs/retweet_graph_1p5m_hf03_labeled.pt,0.0,covid19_twitter,train1_covid19_twitter_nm_1p5m_13_04_2026_12_14_58,4/14,0,"[('covid19_twitter', 'nm', 1)]",['7byj23i0'],covid19_twitter+nm(1),covid19_twitter,pl,covid19_twitter+pl(0),7byj23i0|covid19_twitter+pl(0),covid19_twitter+nm(1)|covid19_twitter+pl(0),0.4723622095833333,0.4912382934443288,0.47236221
yghj4lck,eval_ukr_rus_twitter_nm_to_ukr_rus_twitter_nm_1shot_13_04_2026_21_45_18,finished,ukr_rus_twitter,nm,eval_ukr_rus_twitter_nm_to_ukr_rus_twitter_nm_1shot,state/train1_ukr_rus_twitter_nm_1p5m_13_04_2026_12_40_49/checkpoint/state_dict_40000.ckpt,1.0,3.0,12.0,False,0.9003555555555556,,0.9003554354239509,0.9832679778009258,2026-04-14 04:45:21+00:00,1.0,[],384.0,emb_only,True,/scratch1/eibl/data/ukr_rus_twitter/graphs/retweet_graph_1p5m_hf03_political_labels.pt,1.0,ukr_rus_twitter,train1_ukr_rus_twitter_nm_1p5m_13_04_2026_12_40_49,4/14,1,"[('ukr_rus_twitter', 'nm', 1)]",['smipugdw'],ukr_rus_twitter+nm(1),ukr_rus_twitter,nm,ukr_rus_twitter+nm(1),smipugdw|ukr_rus_twitter+nm(1),ukr_rus_twitter+nm(1)|ukr_rus_twitter+nm(1),0.9832679778009258,0.9003554354239509,0.983267978
dag3bgaw,eval_covid19_twitter_nm_to_midterm_pl_3shot_13_04_2026_21_45_13,finished,midterm,pl,eval_covid19_twitter_nm_to_midterm_pl_3shot,state/train1_covid19_twitter_nm_1p5m_13_04_2026_12_14_58/checkpoint/state_dict_40000.ckpt,3.0,2.0,12.0,False,0.74765,,0.747380539241858,0.8130646706944444,2026-04-14 04:45:16+00:00,1.0,[],384.0,emb_only,True,/scratch1/eibl/data/midterm/graphs/retweet_graph_1p5m.pt,3.0,midterm,train1_covid19_twitter_nm_1p5m_13_04_2026_12_14_58,4/14,3,"[('covid19_twitter', 'nm', 1)]",['7byj23i0'],covid19_twitter+nm(1),midterm,pl,midterm+pl(3),7byj23i0|midterm+pl(3),covid19_twitter+nm(1)|midterm+pl(3),0.8130646706944444,0.747380539241858,0.813064671
ox06rcwh,eval_ukr_rus_twitter_nm_to_midterm_pl_3shot_13_04_2026_21_45_13,finished,midterm,pl,eval_ukr_rus_twitter_nm_to_midterm_pl_3shot,state/train1_ukr_rus_twitter_nm_1p5m_13_04_2026_12_40_49/checkpoint/state_dict_40000.ckpt,3.0,2.0,12.0,False,0.6660583333333333,,0.6663391645365151,0.7231028470833334,2026-04-14 04:45:15+00:00,1.0,[],384.0,emb_only,True,/scratch1/eibl/data/midterm/graphs/retweet_graph_1p5m.pt,3.0,midterm,train1_ukr_rus_twitter_nm_1p5m_13_04_2026_12_40_49,4/14,3,"[('ukr_rus_twitter', 'nm', 1)]",['smipugdw'],ukr_rus_twitter+nm(1),midterm,pl,midterm+pl(3),smipugdw|midterm+pl(3),ukr_rus_twitter+nm(1)|midterm+pl(3),0.7231028470833334,0.6663391645365151,0.723102847
75daae0g,eval_ukr_rus_twitter_nm_to_covid19_twitter_pl_0shot_13_04_2026_21_44_40,finished,covid19_twitter,pl,eval_ukr_rus_twitter_nm_to_covid19_twitter_pl_0shot,state/train1_ukr_rus_twitter_nm_1p5m_13_04_2026_12_40_49/checkpoint/state_dict_40000.ckpt,0.0,2.0,12.0,True,0.550375,,0.5504386878525542,0.565657415,2026-04-14 04:44:44+00:00,1.0,[],384.0,emb_only,True,/scratch1/eibl/data/covid19_twitter/graphs/retweet_graph_1p5m_hf03_labeled.pt,0.0,covid19_twitter,train1_ukr_rus_twitter_nm_1p5m_13_04_2026_12_40_49,4/14,0,"[('ukr_rus_twitter', 'nm', 1)]",['smipugdw'],ukr_rus_twitter+nm(1),covid19_twitter,pl,covid19_twitter+pl(0),smipugdw|covid19_twitter+pl(0),ukr_rus_twitter+nm(1)|covid19_twitter+pl(0),0.565657415,0.5504386878525542,0.565657415
9j35odng,eval_midterm_nm_to_covid19_twitter_lp_0shot_13_04_2026_21_44_34,finished,covid19_twitter,lp,eval_midterm_nm_to_covid19_twitter_lp_0shot,state/train1_midterm_nm_1p5m_13_04_2026_18_03_58/checkpoint/state_dict_40000.ckpt,0.0,1.0,12.0,True,0.5002833333333333,,0.4339519341501633,0.4894535677777778,2026-04-14 04:44:39+00:00,1.0,[],384.0,emb_only,True,/scratch1/eibl/data/covid19_twitter/graphs/retweet_graph_1p5m_hf03_labeled.pt,0.0,covid19_twitter,train1_midterm_nm_1p5m_13_04_2026_18_03_58,4/14,0,"[('midterm', 'nm', 1)]",['z1ukveeg'],midterm+nm(1),covid19_twitter,lp,covid19_twitter+lp(0),z1ukveeg|covid19_twitter+lp(0),midterm+nm(1)|covid19_twitter+lp(0),0.4894535677777778,0.4339519341501633,0.489453568
ahp3e6dt,eval_ukr_rus_twitter_nm_to_ukr_rus_twitter_pl_0shot_13_04_2026_21_44_34,finished,ukr_rus_twitter,pl,eval_ukr_rus_twitter_nm_to_ukr_rus_twitter_pl_0shot,state/train1_ukr_rus_twitter_nm_1p5m_13_04_2026_12_40_49/checkpoint/state_dict_40000.ckpt,0.0,2.0,12.0,True,0.5002666666666666,,0.4985114567653453,0.5853845676388888,2026-04-14 04:44:37+00:00,1.0,[],384.0,emb_only,True,/scratch1/eibl/data/ukr_rus_twitter/graphs/retweet_graph_1p5m_hf03_political_labels.pt,0.0,ukr_rus_twitter,train1_ukr_rus_twitter_nm_1p5m_13_04_2026_12_40_49,4/14,0,"[('ukr_rus_twitter', 'nm', 1)]",['smipugdw'],ukr_rus_twitter+nm(1),ukr_rus_twitter,pl,ukr_rus_twitter+pl(0),smipugdw|ukr_rus_twitter+pl(0),ukr_rus_twitter+nm(1)|ukr_rus_twitter+pl(0),0.5853845676388888,0.4985114567653453,0.585384568
vv833ehy,eval_covid19_twitter_nm_to_covid19_twitter_lp_0shot_13_04_2026_21_44_29,finished,covid19_twitter,lp,eval_covid19_twitter_nm_to_covid19_twitter_lp_0shot,state/train1_covid19_twitter_nm_1p5m_13_04_2026_12_14_58/checkpoint/state_dict_40000.ckpt,0.0,1.0,12.0,True,0.4958333333333333,,0.333362716794852,0.4922176138888889,2026-04-14 04:44:34+00:00,1.0,[],384.0,emb_only,True,/scratch1/eibl/data/covid19_twitter/graphs/retweet_graph_1p5m_hf03_labeled.pt,0.0,covid19_twitter,train1_covid19_twitter_nm_1p5m_13_04_2026_12_14_58,4/14,0,"[('covid19_twitter', 'nm', 1)]",['7byj23i0'],covid19_twitter+nm(1),covid19_twitter,lp,covid19_twitter+lp(0),7byj23i0|covid19_twitter+lp(0),covid19_twitter+nm(1)|covid19_twitter+lp(0),0.4922176138888889,0.333362716794852,0.492217614
16shec5a,eval_midterm_nm_to_midterm_nm_1shot_13_04_2026_21_44_27,finished,midterm,nm,eval_midterm_nm_to_midterm_nm_1shot,state/train1_midterm_nm_1p5m_13_04_2026_18_03_58/checkpoint/state_dict_40000.ckpt,1.0,3.0,12.0,False,0.8619777777777777,,0.8619760956748913,0.9728189994444444,2026-04-14 04:44:29+00:00,1.0,[],384.0,emb_only,True,/scratch1/eibl/data/midterm/graphs/retweet_graph_1p5m.pt,1.0,midterm,train1_midterm_nm_1p5m_13_04_2026_18_03_58,4/14,1,"[('midterm', 'nm', 1)]",['z1ukveeg'],midterm+nm(1),midterm,nm,midterm+nm(1),z1ukveeg|midterm+nm(1),midterm+nm(1)|midterm+nm(1),0.9728189994444444,0.8619760956748913,0.972818999
sg7lep0z,eval_covid19_twitter_nm_to_midterm_lp_3shot_13_04_2026_21_43_56,finished,midterm,lp,eval_covid19_twitter_nm_to_midterm_lp_3shot,state/train1_covid19_twitter_nm_1p5m_13_04_2026_12_14_58/checkpoint/state_dict_40000.ckpt,3.0,1.0,12.0,False,0.587175,,0.7029519520779992,0.8188088969444445,2026-04-14 04:43:59+00:00,1.0,[],384.0,emb_only,True,/scratch1/eibl/data/midterm/graphs/retweet_graph_1p5m.pt,3.0,midterm,train1_covid19_twitter_nm_1p5m_13_04_2026_12_14_58,4/14,3,"[('covid19_twitter', 'nm', 1)]",['7byj23i0'],covid19_twitter+nm(1),midterm,lp,midterm+lp(3),7byj23i0|midterm+lp(3),covid19_twitter+nm(1)|midterm+lp(3),0.8188088969444445,0.7029519520779992,0.818808897
gfeimxt9,eval_ukr_rus_twitter_nm_to_midterm_lp_3shot_13_04_2026_21_43_56,finished,midterm,lp,eval_ukr_rus_twitter_nm_to_midterm_lp_3shot,state/train1_ukr_rus_twitter_nm_1p5m_13_04_2026_12_40_49/checkpoint/state_dict_40000.ckpt,3.0,1.0,12.0,False,0.52285,,0.6741891430522362,0.7018214184722221,2026-04-14 04:43:58+00:00,1.0,[],384.0,emb_only,True,/scratch1/eibl/data/midterm/graphs/retweet_graph_1p5m.pt,3.0,midterm,train1_ukr_rus_twitter_nm_1p5m_13_04_2026_12_40_49,4/14,3,"[('ukr_rus_twitter', 'nm', 1)]",['smipugdw'],ukr_rus_twitter+nm(1),midterm,lp,midterm+lp(3),smipugdw|midterm+lp(3),ukr_rus_twitter+nm(1)|midterm+lp(3),0.7018214184722221,0.6741891430522362,0.701821418
nsztx88a,eval_ukr_rus_twitter_nm_to_covid19_twitter_lp_0shot_13_04_2026_21_43_52,finished,covid19_twitter,lp,eval_ukr_rus_twitter_nm_to_covid19_twitter_lp_0shot,state/train1_ukr_rus_twitter_nm_1p5m_13_04_2026_12_40_49/checkpoint/state_dict_40000.ckpt,0.0,1.0,12.0,True,0.5003583333333333,,0.2336294497347734,0.5124910440277778,2026-04-14 04:43:57+00:00,1.0,[],384.0,emb_only,True,/scratch1/eibl/data/covid19_twitter/graphs/retweet_graph_1p5m_hf03_labeled.pt,0.0,covid19_twitter,train1_ukr_rus_twitter_nm_1p5m_13_04_2026_12_40_49,4/14,0,"[('ukr_rus_twitter', 'nm', 1)]",['smipugdw'],ukr_rus_twitter+nm(1),covid19_twitter,lp,covid19_twitter+lp(0),smipugdw|covid19_twitter+lp(0),ukr_rus_twitter+nm(1)|covid19_twitter+lp(0),0.5124910440277778,0.2336294497347734,0.512491044
kmlzs2lu,eval_ukr_rus_twitter_nm_to_ukr_rus_twitter_lp_0shot_13_04_2026_21_43_48,finished,ukr_rus_twitter,lp,eval_ukr_rus_twitter_nm_to_ukr_rus_twitter_lp_0shot,state/train1_ukr_rus_twitter_nm_1p5m_13_04_2026_12_40_49/checkpoint/state_dict_40000.ckpt,0.0,1.0,12.0,True,0.5117833333333334,,0.1936744749373778,0.5094109069444445,2026-04-14 04:43:56+00:00,1.0,[],384.0,emb_only,True,/scratch1/eibl/data/ukr_rus_twitter/graphs/retweet_graph_1p5m_hf03_political_labels.pt,0.0,ukr_rus_twitter,train1_ukr_rus_twitter_nm_1p5m_13_04_2026_12_40_49,4/14,0,"[('ukr_rus_twitter', 'nm', 1)]",['smipugdw'],ukr_rus_twitter+nm(1),ukr_rus_twitter,lp,ukr_rus_twitter+lp(0),smipugdw|ukr_rus_twitter+lp(0),ukr_rus_twitter+nm(1)|ukr_rus_twitter+lp(0),0.5094109069444445,0.1936744749373778,0.509410907
49qt5h08,eval_midterm_nm_to_midterm_pl_0shot_13_04_2026_21_43_39,finished,midterm,pl,eval_midterm_nm_to_midterm_pl_0shot,state/train1_midterm_nm_1p5m_13_04_2026_18_03_58/checkpoint/state_dict_40000.ckpt,0.0,2.0,12.0,True,0.4827833333333333,,0.473347475604582,0.3298645748611111,2026-04-14 04:43:42+00:00,1.0,[],384.0,emb_only,True,/scratch1/eibl/data/midterm/graphs/retweet_graph_1p5m.pt,0.0,midterm,train1_midterm_nm_1p5m_13_04_2026_18_03_58,4/14,0,"[('midterm', 'nm', 1)]",['z1ukveeg'],midterm+nm(1),midterm,pl,midterm+pl(0),z1ukveeg|midterm+pl(0),midterm+nm(1)|midterm+pl(0),0.3298645748611111,0.473347475604582,0.329864575
gguvmyqq,eval_covid19_twitter_nm_to_ukr_rus_twitter_nm_0shot_13_04_2026_21_42_39,finished,ukr_rus_twitter,nm,eval_covid19_twitter_nm_to_ukr_rus_twitter_nm_0shot,state/train1_covid19_twitter_nm_1p5m_13_04_2026_12_14_58/checkpoint/state_dict_40000.ckpt,0.0,3.0,12.0,True,0.3343777777777778,,0.2756910642644498,0.5027687570601852,2026-04-14 04:42:48+00:00,1.0,[],384.0,emb_only,True,/scratch1/eibl/data/ukr_rus_twitter/graphs/retweet_graph_1p5m_hf03_political_labels.pt,0.0,ukr_rus_twitter,train1_covid19_twitter_nm_1p5m_13_04_2026_12_14_58,4/14,0,"[('covid19_twitter', 'nm', 1)]",['7byj23i0'],covid19_twitter+nm(1),ukr_rus_twitter,nm,ukr_rus_twitter+nm(0),7byj23i0|ukr_rus_twitter+nm(0),covid19_twitter+nm(1)|ukr_rus_twitter+nm(0),0.5027687570601852,0.2756910642644498,0.502768757
3fdi2yee,eval_midterm_nm_to_midterm_lp_0shot_13_04_2026_21_42_36,finished,midterm,lp,eval_midterm_nm_to_midterm_lp_0shot,state/train1_midterm_nm_1p5m_13_04_2026_18_03_58/checkpoint/state_dict_40000.ckpt,0.0,1.0,12.0,True,0.473975,,0.3527240286707478,0.4649208419444445,2026-04-14 04:42:39+00:00,1.0,[],384.0,emb_only,True,/scratch1/eibl/data/midterm/graphs/retweet_graph_1p5m.pt,0.0,midterm,train1_midterm_nm_1p5m_13_04_2026_18_03_58,4/14,0,"[('midterm', 'nm', 1)]",['z1ukveeg'],midterm+nm(1),midterm,lp,midterm+lp(0),z1ukveeg|midterm+lp(0),midterm+nm(1)|midterm+lp(0),0.4649208419444445,0.3527240286707478,0.464920842
qa22mund,eval_midterm_nm_to_covid19_twitter_nm_0shot_13_04_2026_21_42_29,finished,covid19_twitter,nm,eval_midterm_nm_to_covid19_twitter_nm_0shot,state/train1_midterm_nm_1p5m_13_04_2026_18_03_58/checkpoint/state_dict_40000.ckpt,0.0,3.0,12.0,True,0.3352555555555555,,0.3223773183298995,0.5010563554629629,2026-04-14 04:42:36+00:00,1.0,[],384.0,emb_only,True,/scratch1/eibl/data/covid19_twitter/graphs/retweet_graph_1p5m_hf03_labeled.pt,0.0,covid19_twitter,train1_midterm_nm_1p5m_13_04_2026_18_03_58,4/14,0,"[('midterm', 'nm', 1)]",['z1ukveeg'],midterm+nm(1),covid19_twitter,nm,covid19_twitter+nm(0),z1ukveeg|covid19_twitter+nm(0),midterm+nm(1)|covid19_twitter+nm(0),0.5010563554629629,0.3223773183298995,0.501056355
old48syb,eval_covid19_twitter_nm_to_covid19_twitter_nm_0shot_13_04_2026_21_42_22,finished,covid19_twitter,nm,eval_covid19_twitter_nm_to_covid19_twitter_nm_0shot,state/train1_covid19_twitter_nm_1p5m_13_04_2026_12_14_58/checkpoint/state_dict_40000.ckpt,0.0,3.0,12.0,True,0.3358666666666666,,0.2885479079124318,0.4999141055787037,2026-04-14 04:42:31+00:00,1.0,[],384.0,emb_only,True,/scratch1/eibl/data/covid19_twitter/graphs/retweet_graph_1p5m_hf03_labeled.pt,0.0,covid19_twitter,train1_covid19_twitter_nm_1p5m_13_04_2026_12_14_58,4/14,0,"[('covid19_twitter', 'nm', 1)]",['7byj23i0'],covid19_twitter+nm(1),covid19_twitter,nm,covid19_twitter+nm(0),7byj23i0|covid19_twitter+nm(0),covid19_twitter+nm(1)|covid19_twitter+nm(0),0.4999141055787037,0.2885479079124318,0.499914106
zd0veb9w,eval_ukr_rus_twitter_nm_to_ukr_rus_twitter_nm_0shot_13_04_2026_21_42_00,finished,ukr_rus_twitter,nm,eval_ukr_rus_twitter_nm_to_ukr_rus_twitter_nm_0shot,state/train1_ukr_rus_twitter_nm_1p5m_13_04_2026_12_40_49/checkpoint/state_dict_40000.ckpt,0.0,3.0,12.0,True,0.3344333333333333,,0.325289259741979,0.4980322716203705,2026-04-14 04:42:09+00:00,1.0,[],384.0,emb_only,True,/scratch1/eibl/data/ukr_rus_twitter/graphs/retweet_graph_1p5m_hf03_political_labels.pt,0.0,ukr_rus_twitter,train1_ukr_rus_twitter_nm_1p5m_13_04_2026_12_40_49,4/14,0,"[('ukr_rus_twitter', 'nm', 1)]",['smipugdw'],ukr_rus_twitter+nm(1),ukr_rus_twitter,nm,ukr_rus_twitter+nm(0),smipugdw|ukr_rus_twitter+nm(0),ukr_rus_twitter+nm(1)|ukr_rus_twitter+nm(0),0.4980322716203705,0.325289259741979,0.498032272
bgbkvo2o,eval_ukr_rus_twitter_nm_to_covid19_twitter_nm_0shot_13_04_2026_21_41_59,finished,covid19_twitter,nm,eval_ukr_rus_twitter_nm_to_covid19_twitter_nm_0shot,state/train1_ukr_rus_twitter_nm_1p5m_13_04_2026_12_40_49/checkpoint/state_dict_40000.ckpt,0.0,3.0,12.0,True,0.3307888888888889,,0.317374322780187,0.497919095625,2026-04-14 04:42:08+00:00,1.0,[],384.0,emb_only,True,/scratch1/eibl/data/covid19_twitter/graphs/retweet_graph_1p5m_hf03_labeled.pt,0.0,covid19_twitter,train1_ukr_rus_twitter_nm_1p5m_13_04_2026_12_40_49,4/14,0,"[('ukr_rus_twitter', 'nm', 1)]",['smipugdw'],ukr_rus_twitter+nm(1),covid19_twitter,nm,covid19_twitter+nm(0),smipugdw|covid19_twitter+nm(0),ukr_rus_twitter+nm(1)|covid19_twitter+nm(0),0.497919095625,0.317374322780187,0.497919096
7w2f9nv3,eval_covid19_twitter_nm_to_midterm_nm_3shot_13_04_2026_21_41_35,finished,midterm,nm,eval_covid19_twitter_nm_to_midterm_nm_3shot,state/train1_covid19_twitter_nm_1p5m_13_04_2026_12_14_58/checkpoint/state_dict_40000.ckpt,3.0,3.0,12.0,False,0.8559444444444444,,0.8559466584021568,0.9682387122453704,2026-04-14 04:41:37+00:00,1.0,[],384.0,emb_only,True,/scratch1/eibl/data/midterm/graphs/retweet_graph_1p5m.pt,3.0,midterm,train1_covid19_twitter_nm_1p5m_13_04_2026_12_14_58,4/14,3,"[('covid19_twitter', 'nm', 1)]",['7byj23i0'],covid19_twitter+nm(1),midterm,nm,midterm+nm(3),7byj23i0|midterm+nm(3),covid19_twitter+nm(1)|midterm+nm(3),0.9682387122453704,0.8559466584021568,0.968238712
rq9sxc63,eval_ukr_rus_twitter_nm_to_midterm_nm_3shot_13_04_2026_21_41_33,finished,midterm,nm,eval_ukr_rus_twitter_nm_to_midterm_nm_3shot,state/train1_ukr_rus_twitter_nm_1p5m_13_04_2026_12_40_49/checkpoint/state_dict_40000.ckpt,3.0,3.0,12.0,False,0.8212222222222222,,0.8212398694327768,0.9557896249768518,2026-04-14 04:41:35+00:00,1.0,[],384.0,emb_only,True,/scratch1/eibl/data/midterm/graphs/retweet_graph_1p5m.pt,3.0,midterm,train1_ukr_rus_twitter_nm_1p5m_13_04_2026_12_40_49,4/14,3,"[('ukr_rus_twitter', 'nm', 1)]",['smipugdw'],ukr_rus_twitter+nm(1),midterm,nm,midterm+nm(3),smipugdw|midterm+nm(3),ukr_rus_twitter+nm(1)|midterm+nm(3),0.9557896249768518,0.8212398694327768,0.955789625
sc7nv0zt,eval_covid19_twitter_nm_to_midterm_pl_1shot_13_04_2026_21_40_40,finished,midterm,pl,eval_covid19_twitter_nm_to_midterm_pl_1shot,state/train1_covid19_twitter_nm_1p5m_13_04_2026_12_14_58/checkpoint/state_dict_40000.ckpt,1.0,2.0,12.0,False,0.6739666666666667,,0.6744766532432522,0.7382023552777778,2026-04-14 04:40:42+00:00,1.0,[],384.0,emb_only,True,/scratch1/eibl/data/midterm/graphs/retweet_graph_1p5m.pt,1.0,midterm,train1_covid19_twitter_nm_1p5m_13_04_2026_12_14_58,4/14,1,"[('covid19_twitter', 'nm', 1)]",['7byj23i0'],covid19_twitter+nm(1),midterm,pl,midterm+pl(1),7byj23i0|midterm+pl(1),covid19_twitter+nm(1)|midterm+pl(1),0.7382023552777778,0.6744766532432522,0.738202355
e0yzobij,eval_ukr_rus_twitter_nm_to_midterm_pl_1shot_13_04_2026_21_40_37,finished,midterm,pl,eval_ukr_rus_twitter_nm_to_midterm_pl_1shot,state/train1_ukr_rus_twitter_nm_1p5m_13_04_2026_12_40_49/checkpoint/state_dict_40000.ckpt,1.0,2.0,12.0,False,0.6110583333333334,,0.6104512865882668,0.6530997525,2026-04-14 04:40:39+00:00,1.0,[],384.0,emb_only,True,/scratch1/eibl/data/midterm/graphs/retweet_graph_1p5m.pt,1.0,midterm,train1_ukr_rus_twitter_nm_1p5m_13_04_2026_12_40_49,4/14,1,"[('ukr_rus_twitter', 'nm', 1)]",['smipugdw'],ukr_rus_twitter+nm(1),midterm,pl,midterm+pl(1),smipugdw|midterm+pl(1),ukr_rus_twitter+nm(1)|midterm+pl(1),0.6530997525,0.6104512865882668,0.653099752
cnlygcx0,eval_midterm_nm_to_midterm_nm_0shot_13_04_2026_21_39_55,finished,midterm,nm,eval_midterm_nm_to_midterm_nm_0shot,state/train1_midterm_nm_1p5m_13_04_2026_18_03_58/checkpoint/state_dict_40000.ckpt,0.0,3.0,12.0,True,0.3317944444444444,,0.3184212970530479,0.4985509106018519,2026-04-14 04:40:00+00:00,1.0,[],384.0,emb_only,True,/scratch1/eibl/data/midterm/graphs/retweet_graph_1p5m.pt,0.0,midterm,train1_midterm_nm_1p5m_13_04_2026_18_03_58,4/14,0,"[('midterm', 'nm', 1)]",['z1ukveeg'],midterm+nm(1),midterm,nm,midterm+nm(0),z1ukveeg|midterm+nm(0),midterm+nm(1)|midterm+nm(0),0.4985509106018519,0.3184212970530479,0.498550911
crtkad48,eval_covid19_twitter_nm_to_midterm_lp_1shot_13_04_2026_21_39_30,finished,midterm,lp,eval_covid19_twitter_nm_to_midterm_lp_1shot,state/train1_covid19_twitter_nm_1p5m_13_04_2026_12_14_58/checkpoint/state_dict_40000.ckpt,1.0,1.0,12.0,False,0.5846583333333333,,0.6931860853078234,0.7496562099999999,2026-04-14 04:39:32+00:00,1.0,[],384.0,emb_only,True,/scratch1/eibl/data/midterm/graphs/retweet_graph_1p5m.pt,1.0,midterm,train1_covid19_twitter_nm_1p5m_13_04_2026_12_14_58,4/14,1,"[('covid19_twitter', 'nm', 1)]",['7byj23i0'],covid19_twitter+nm(1),midterm,lp,midterm+lp(1),7byj23i0|midterm+lp(1),covid19_twitter+nm(1)|midterm+lp(1),0.7496562099999999,0.6931860853078234,0.74965621
yubg5qod,eval_ukr_rus_twitter_nm_to_midterm_lp_1shot_13_04_2026_21_39_28,finished,midterm,lp,eval_ukr_rus_twitter_nm_to_midterm_lp_1shot,state/train1_ukr_rus_twitter_nm_1p5m_13_04_2026_12_40_49/checkpoint/state_dict_40000.ckpt,1.0,1.0,12.0,False,0.51875,,0.6684197834250083,0.6701478829166667,2026-04-14 04:39:30+00:00,1.0,[],384.0,emb_only,True,/scratch1/eibl/data/midterm/graphs/retweet_graph_1p5m.pt,1.0,midterm,train1_ukr_rus_twitter_nm_1p5m_13_04_2026_12_40_49,4/14,1,"[('ukr_rus_twitter', 'nm', 1)]",['smipugdw'],ukr_rus_twitter+nm(1),midterm,lp,midterm+lp(1),smipugdw|midterm+lp(1),ukr_rus_twitter+nm(1)|midterm+lp(1),0.6701478829166667,0.6684197834250083,0.670147883
o8uzoiwt,eval_covid19_twitter_nm_to_midterm_nm_1shot_13_04_2026_21_37_23,finished,midterm,nm,eval_covid19_twitter_nm_to_midterm_nm_1shot,state/train1_covid19_twitter_nm_1p5m_13_04_2026_12_14_58/checkpoint/state_dict_40000.ckpt,1.0,3.0,12.0,False,0.8165555555555556,,0.8165539925568187,0.950395029050926,2026-04-14 04:37:25+00:00,1.0,[],384.0,emb_only,True,/scratch1/eibl/data/midterm/graphs/retweet_graph_1p5m.pt,1.0,midterm,train1_covid19_twitter_nm_1p5m_13_04_2026_12_14_58,4/14,1,"[('covid19_twitter', 'nm', 1)]",['7byj23i0'],covid19_twitter+nm(1),midterm,nm,midterm+nm(1),7byj23i0|midterm+nm(1),covid19_twitter+nm(1)|midterm+nm(1),0.950395029050926,0.8165539925568187,0.950395029
204vgy3x,eval_ukr_rus_twitter_nm_to_midterm_nm_1shot_13_04_2026_21_37_21,finished,midterm,nm,eval_ukr_rus_twitter_nm_to_midterm_nm_1shot,state/train1_ukr_rus_twitter_nm_1p5m_13_04_2026_12_40_49/checkpoint/state_dict_40000.ckpt,1.0,3.0,12.0,False,0.7964777777777777,,0.7964536384329314,0.9419192523611112,2026-04-14 04:37:23+00:00,1.0,[],384.0,emb_only,True,/scratch1/eibl/data/midterm/graphs/retweet_graph_1p5m.pt,1.0,midterm,train1_ukr_rus_twitter_nm_1p5m_13_04_2026_12_40_49,4/14,1,"[('ukr_rus_twitter', 'nm', 1)]",['smipugdw'],ukr_rus_twitter+nm(1),midterm,nm,midterm+nm(1),smipugdw|midterm+nm(1),ukr_rus_twitter+nm(1)|midterm+nm(1),0.9419192523611112,0.7964536384329314,0.941919252
kt7r9azp,eval_covid19_twitter_nm_to_midterm_pl_0shot_13_04_2026_21_36_32,finished,midterm,pl,eval_covid19_twitter_nm_to_midterm_pl_0shot,state/train1_covid19_twitter_nm_1p5m_13_04_2026_12_14_58/checkpoint/state_dict_40000.ckpt,0.0,2.0,12.0,True,0.5,,0.4909387090205661,0.5601281666666666,2026-04-14 04:36:34+00:00,1.0,[],384.0,emb_only,True,/scratch1/eibl/data/midterm/graphs/retweet_graph_1p5m.pt,0.0,midterm,train1_covid19_twitter_nm_1p5m_13_04_2026_12_14_58,4/14,0,"[('covid19_twitter', 'nm', 1)]",['7byj23i0'],covid19_twitter+nm(1),midterm,pl,midterm+pl(0),7byj23i0|midterm+pl(0),covid19_twitter+nm(1)|midterm+pl(0),0.5601281666666666,0.4909387090205661,0.560128167
pu8u8wpl,eval_ukr_rus_twitter_nm_to_midterm_pl_0shot_13_04_2026_21_36_30,finished,midterm,pl,eval_ukr_rus_twitter_nm_to_midterm_pl_0shot,state/train1_ukr_rus_twitter_nm_1p5m_13_04_2026_12_40_49/checkpoint/state_dict_40000.ckpt,0.0,2.0,12.0,True,0.5008083333333333,,0.4919039500581016,0.4569358918055555,2026-04-14 04:36:32+00:00,1.0,[],384.0,emb_only,True,/scratch1/eibl/data/midterm/graphs/retweet_graph_1p5m.pt,0.0,midterm,train1_ukr_rus_twitter_nm_1p5m_13_04_2026_12_40_49,4/14,0,"[('ukr_rus_twitter', 'nm', 1)]",['smipugdw'],ukr_rus_twitter+nm(1),midterm,pl,midterm+pl(0),smipugdw|midterm+pl(0),ukr_rus_twitter+nm(1)|midterm+pl(0),0.4569358918055555,0.4919039500581016,0.456935892
p8wklb9v,eval_ukr_rus_twitter_nm_to_midterm_lp_0shot_13_04_2026_21_35_27,finished,midterm,lp,eval_ukr_rus_twitter_nm_to_midterm_lp_0shot,state/train1_ukr_rus_twitter_nm_1p5m_13_04_2026_12_40_49/checkpoint/state_dict_40000.ckpt,0.0,1.0,12.0,True,0.50815,,0.2207493860737768,0.5097746934722223,2026-04-14 04:35:30+00:00,1.0,[],384.0,emb_only,True,/scratch1/eibl/data/midterm/graphs/retweet_graph_1p5m.pt,0.0,midterm,train1_ukr_rus_twitter_nm_1p5m_13_04_2026_12_40_49,4/14,0,"[('ukr_rus_twitter', 'nm', 1)]",['smipugdw'],ukr_rus_twitter+nm(1),midterm,lp,midterm+lp(0),smipugdw|midterm+lp(0),ukr_rus_twitter+nm(1)|midterm+lp(0),0.5097746934722223,0.2207493860737768,0.509774693
6spfr3jn,eval_covid19_twitter_nm_to_midterm_lp_0shot_13_04_2026_21_35_27,finished,midterm,lp,eval_covid19_twitter_nm_to_midterm_lp_0shot,state/train1_covid19_twitter_nm_1p5m_13_04_2026_12_14_58/checkpoint/state_dict_40000.ckpt,0.0,1.0,12.0,True,0.501875,,0.3629096722621902,0.5273218619444445,2026-04-14 04:35:30+00:00,1.0,[],384.0,emb_only,True,/scratch1/eibl/data/midterm/graphs/retweet_graph_1p5m.pt,0.0,midterm,train1_covid19_twitter_nm_1p5m_13_04_2026_12_14_58,4/14,0,"[('covid19_twitter', 'nm', 1)]",['7byj23i0'],covid19_twitter+nm(1),midterm,lp,midterm+lp(0),7byj23i0|midterm+lp(0),covid19_twitter+nm(1)|midterm+lp(0),0.5273218619444445,0.3629096722621902,0.527321862
zqdk7cco,eval_covid19_twitter_nm_to_midterm_nm_0shot_13_04_2026_21_32_44,finished,midterm,nm,eval_covid19_twitter_nm_to_midterm_nm_0shot,state/train1_covid19_twitter_nm_1p5m_13_04_2026_12_14_58/checkpoint/state_dict_40000.ckpt,0.0,3.0,12.0,True,0.3327333333333333,,0.2735637128669644,0.5003682391666667,2026-04-14 04:33:29+00:00,1.0,[],384.0,emb_only,True,/scratch1/eibl/data/midterm/graphs/retweet_graph_1p5m.pt,0.0,midterm,train1_covid19_twitter_nm_1p5m_13_04_2026_12_14_58,4/14,0,"[('covid19_twitter', 'nm', 1)]",['7byj23i0'],covid19_twitter+nm(1),midterm,nm,midterm+nm(0),7byj23i0|midterm+nm(0),covid19_twitter+nm(1)|midterm+nm(0),0.5003682391666667,0.2735637128669644,0.500368239
rcvfj6mn,eval_ukr_rus_twitter_nm_to_midterm_nm_0shot_13_04_2026_21_32_44,finished,midterm,nm,eval_ukr_rus_twitter_nm_to_midterm_nm_0shot,state/train1_ukr_rus_twitter_nm_1p5m_13_04_2026_12_40_49/checkpoint/state_dict_40000.ckpt,0.0,3.0,12.0,True,0.3328722222222222,,0.3072532313175571,0.5022441209490741,2026-04-14 04:33:29+00:00,1.0,[],384.0,emb_only,True,/scratch1/eibl/data/midterm/graphs/retweet_graph_1p5m.pt,0.0,midterm,train1_ukr_rus_twitter_nm_1p5m_13_04_2026_12_40_49,4/14,0,"[('ukr_rus_twitter', 'nm', 1)]",['smipugdw'],ukr_rus_twitter+nm(1),midterm,nm,midterm+nm(0),smipugdw|midterm+nm(0),ukr_rus_twitter+nm(1)|midterm+nm(0),0.5022441209490741,0.3072532313175571,0.502244121
